{
"type": "FeatureCollection",
"name": "oslr_lines_shoreline_50_shiftedqtl_2100_8.5",
"crs": { "type": "name", "properties": { "name": "urn:ogc:def:crs:OGC:1.3:CRS84" } },
"features": [
{ "type": "Feature", "properties": { "group_id": "nzd0001" }, "geometry": { "type": "LineString", "coordinates": [ [ 172.986678406337802, -34.417195082295017 ], [ 172.987297906302302, -34.416656496631816 ], [ 172.98788461914171, -34.416094458050019 ], [ 172.988478171048058, -34.415537704363977 ] ] } },
{ "type": "Feature", "properties": { "group_id": "nzd0002" }, "geometry": { "type": "LineString", "coordinates": [ [ 172.936560037430951, -34.427078881773575 ], [ 172.937459768583949, -34.427136679562295 ], [ 172.938358121140737, -34.427131512315952 ], [ 172.939254270594375, -34.427025820486911 ], [ 172.940151004346546, -34.426946837418448 ] ] } },
{ "type": "Feature", "properties": { "group_id": "nzd0003" }, "geometry": { "type": "LineString", "coordinates": [ [ 173.012343104395768, -34.422955476111554 ], [ 173.011796504259365, -34.423555552471001 ], [ 173.011417428702401, -34.424228339729105 ], [ 173.01106677797722, -34.424913459851901 ], [ 173.010606114185777, -34.425550822526475 ], [ 173.010183135946363, -34.426204537847973 ], [ 173.009859692496917, -34.426901451893215 ], [ 173.00956847757891, -34.427612349525269 ], [ 173.009162807508034, -34.428308406535564 ], [ 173.008869577131662, -34.429044998487811 ], [ 173.008573239332719, -34.429749329529464 ], [ 173.008231333089299, -34.43043667889539 ], [ 173.007977217609238, -34.431147682639732 ], [ 173.007632793601971, -34.431834341659922 ], [ 173.007351341010377, -34.432542260241462 ], [ 173.00716649712183, -34.433289530177412 ], [ 173.006891858430947, -34.434011921096314 ], [ 173.006592494706837, -34.434714702612887 ], [ 173.00637424993468, -34.435433451884158 ], [ 173.006290950014431, -34.436178768100049 ], [ 173.006071869150446, -34.436897340256522 ], [ 173.005770107210623, -34.437599624859807 ], [ 173.005605963575249, -34.438344709564198 ], [ 173.005453840910974, -34.43910433240282 ], [ 173.005311105479194, -34.439851502290715 ], [ 173.005112651363959, -34.440578236182226 ], [ 173.005208498132305, -34.441333442622927 ], [ 173.00506129378897, -34.442065122974995 ], [ 173.004863891872731, -34.442791939359466 ], [ 173.004761563818562, -34.443538629723761 ], [ 173.004582010754064, -34.444284524614908 ], [ 173.004505398834112, -34.44502677271646 ] ] } },
{ "type": "Feature", "properties": { "group_id": "nzd0004" }, "geometry": { "type": "LineString", "coordinates": [ [ 172.798679321846748, -34.454148656523465 ], [ 172.799587546672598, -34.454176629520418 ], [ 172.800480734226937, -34.45409737981791 ], [ 172.801364991246629, -34.45395446031678 ], [ 172.802257784500625, -34.453872401197557 ], [ 172.8031550465777, -34.453822198345755 ], [ 172.804053867438483, -34.453783103364835 ], [ 172.804941714727562, -34.453665784412976 ], [ 172.805836007647144, -34.453594410415214 ], [ 172.806734671648371, -34.453554188756648 ], [ 172.807624303997869, -34.453449594624203 ], [ 172.808515237780284, -34.453354276941802 ], [ 172.809396881353081, -34.453192755777657 ], [ 172.810286331247994, -34.453086868836955 ], [ 172.811167688038694, -34.452923315765638 ], [ 172.812055624383731, -34.452806650829579 ], [ 172.812935855081832, -34.452635086834178 ], [ 172.813818178505358, -34.452478440622016 ], [ 172.814726631343774, -34.45231457956119 ], [ 172.815626759048797, -34.452107522730856 ], [ 172.816511376970681, -34.451889514068739 ], [ 172.817369534154011, -34.451658369242615 ], [ 172.81822739046163, -34.45142665897788 ], [ 172.819072933923593, -34.451171915833974 ], [ 172.819921545785348, -34.450922909730998 ], [ 172.820782638412425, -34.450697245145548 ], [ 172.821636092440258, -34.450457290868101 ], [ 172.822480935027471, -34.450201227881927 ], [ 172.82333639235884, -34.449965015697302 ], [ 172.824191996803705, -34.449729076114942 ], [ 172.82501937522585, -34.449440343825941 ], [ 172.825847006734534, -34.449152083542351 ], [ 172.826686603125438, -34.448886198949054 ], [ 172.827499041096871, -34.448569520708041 ], [ 172.828309474968137, -34.448249093682115 ], [ 172.829114057356549, -34.447917722728306 ], [ 172.829901923285604, -34.447555089009185 ], [ 172.830715041195219, -34.447239680026279 ], [ 172.83150937311251, -34.446889138302907 ], [ 172.832308281290494, -34.446547154552071 ], [ 172.833079299400282, -34.446153013837602 ], [ 172.83387639158326, -34.445807634056351 ], [ 172.834667179247305, -34.445450464335636 ], [ 172.835427175713477, -34.445035714082358 ], [ 172.836192152617798, -34.444630278340931 ], [ 172.836951217891425, -34.444213788663284 ], [ 172.83772029797646, -34.443816027616165 ], [ 172.838460690677664, -34.443364622531881 ], [ 172.839212430791861, -34.442940472359311 ], [ 172.839881834253447, -34.442526083412744 ], [ 172.840519386156672, -34.442091535831224 ], [ 172.841193138353958, -34.441600870497204 ], [ 172.841905031294885, -34.44114343480144 ], [ 172.842543805321895, -34.440622285775817 ], [ 172.843186417212365, -34.44010447767176 ], [ 172.84378453727237, -34.439547899994658 ], [ 172.844428800185142, -34.439031524346298 ], [ 172.845072478990772, -34.438514636660955 ] ] } },
{ "type": "Feature", "properties": { "group_id": "nzd0005" }, "geometry": { "type": "LineString", "coordinates": [ [ 172.664521061841356, -34.468184943275659 ], [ 172.665263778574371, -34.467742598876846 ], [ 172.665915228659287, -34.467230572090166 ], [ 172.666607423552534, -34.466749648467633 ], [ 172.667213702240872, -34.466207015428559 ], [ 172.667811229623851, -34.465668808811856 ], [ 172.668102194968952, -34.464867395773695 ], [ 172.668921625945273, -34.464498430815617 ], [ 172.669858100044564, -34.464227797781902 ], [ 172.670572185299932, -34.463770314735207 ], [ 172.670780387947218, -34.462887799785783 ], [ 172.671032977149224, -34.462075196744344 ], [ 172.671318373397582, -34.461448720912585 ], [ 172.671668837476233, -34.460816579477871 ], [ 172.672044666939087, -34.46014123126816 ], [ 172.672487064953714, -34.459485923918962 ], [ 172.672886144264226, -34.458817565674941 ], [ 172.67330572117416, -34.458155374332655 ], [ 172.673602351665494, -34.457456152916585 ], [ 172.67391583317206, -34.456762000240964 ], [ 172.674195606444613, -34.456057690747805 ], [ 172.674506903092208, -34.455362868494142 ], [ 172.674816352856766, -34.454667484258152 ], [ 172.675103290368469, -34.453965314749553 ], [ 172.675380795891812, -34.453260298990813 ], [ 172.675682301902043, -34.452562505065167 ], [ 172.675916333632273, -34.45184969883627 ], [ 172.676135037312179, -34.451140158409132 ], [ 172.67632903498199, -34.450418512932949 ], [ 172.676595522306656, -34.449706720936071 ], [ 172.676862889397228, -34.448995064769846 ], [ 172.677045347656559, -34.448269681963765 ], [ 172.677281234101571, -34.447552926251326 ], [ 172.677544157607031, -34.446840533109466 ], [ 172.677554993025296, -34.446087398896395 ], [ 172.677898938503887, -34.445388085511958 ], [ 172.678149058747493, -34.444673604587088 ], [ 172.678104868606255, -34.443911559690456 ], [ 172.678072196908317, -34.443152124408513 ], [ 172.67802327099372, -34.442400253796798 ], [ 172.678009861573088, -34.441652718632227 ], [ 172.678058185722165, -34.440910852510086 ] ] } },
{ "type": "Feature", "properties": { "group_id": "nzd0006" }, "geometry": { "type": "LineString", "coordinates": [ [ 173.003180964992367, -34.454908572580869 ], [ 173.003085789094115, -34.455647745831989 ], [ 173.002809703458951, -34.456383626727281 ], [ 173.002760057320927, -34.457123613646061 ], [ 173.002732309521178, -34.45786399174181 ], [ 173.002690878839729, -34.458604114743189 ], [ 173.0026840339508, -34.459333252410964 ], [ 173.002665689386248, -34.460051514980982 ], [ 173.002601625917663, -34.460779705035129 ], [ 173.002740200172468, -34.461533567634234 ], [ 173.002728537056413, -34.462283045966991 ], [ 173.002624583520088, -34.463033700428561 ], [ 173.002626118593753, -34.463781896686179 ], [ 173.002405422462232, -34.464518587072043 ] ] } },
{ "type": "Feature", "properties": { "group_id": "nzd0007" }, "geometry": { "type": "LineString", "coordinates": [ [ 173.002383891407106, -34.48218865251706 ], [ 173.00198675016145, -34.482853014921993 ], [ 173.001603291922549, -34.483523223094004 ], [ 173.001297765771398, -34.484226750363497 ], [ 173.001246042281167, -34.485074135702106 ], [ 173.001208730316051, -34.485891324874146 ], [ 173.001100464035829, -34.486655817603385 ], [ 173.000969295835176, -34.487392807618626 ], [ 173.001186021533329, -34.488144950884305 ], [ 173.001112500365792, -34.488901528968533 ], [ 173.001263646837799, -34.489642998484683 ], [ 173.001087132183613, -34.49041300495611 ], [ 173.001393834887267, -34.491124066461765 ], [ 173.001470913610802, -34.491863128896149 ], [ 173.00157765549892, -34.492598566832378 ], [ 173.001668782460513, -34.493335902847654 ], [ 173.001670734573025, -34.494084108843396 ], [ 173.001759094367003, -34.494825803383591 ], [ 173.001920417775835, -34.495560583134441 ], [ 173.001959345950155, -34.496308573980407 ], [ 173.002005286442227, -34.497053250094794 ], [ 173.00208956267673, -34.497792499059294 ], [ 173.002120822657105, -34.498541384347668 ], [ 173.002191409413712, -34.499300087357582 ], [ 173.002453353220687, -34.500026483947643 ], [ 173.002631455103113, -34.500752125433266 ], [ 173.00263273541799, -34.501508210781083 ], [ 173.002880227587895, -34.502221890035251 ], [ 173.003054126290834, -34.502948236361561 ], [ 173.003225006294656, -34.503664947310789 ], [ 173.00334078082048, -34.504326802432431 ], [ 173.003555831181131, -34.504995261227734 ], [ 173.003795757879288, -34.505723801177943 ], [ 173.003906783541936, -34.506459559587732 ], [ 173.004150978593628, -34.507273474034761 ], [ 173.004485225407507, -34.508049753888002 ] ] } },
{ "type": "Feature", "properties": { "group_id": "nzd0008" }, "geometry": { "type": "LineString", "coordinates": [ [ 172.70280742482413, -34.506590620566712 ], [ 172.702721094549531, -34.505845806199808 ], [ 172.702556273461568, -34.505116882309025 ], [ 172.702355257755102, -34.50439528276101 ], [ 172.702199793179602, -34.503656110030235 ], [ 172.701743014042137, -34.502898379545556 ], [ 172.701135306209949, -34.502242313913889 ], [ 172.700715633117028, -34.50157911362988 ], [ 172.700115537982725, -34.501022935962332 ], [ 172.699496857819753, -34.500477778564409 ], [ 172.698978713456825, -34.4998729787876 ], [ 172.698451008214761, -34.499273846212873 ], [ 172.697821186824342, -34.498735284724788 ], [ 172.697336119125481, -34.498110850885112 ], [ 172.696769490846179, -34.497528890102423 ], [ 172.696205353512454, -34.4969432903317 ], [ 172.695597561239367, -34.496392540208731 ], [ 172.694990085244143, -34.495845120600308 ], [ 172.694393896275045, -34.495290211127234 ], [ 172.69383195987507, -34.494712580538028 ], [ 172.693344613861541, -34.494085475836698 ], [ 172.692708870591503, -34.493556787755303 ], [ 172.692121765657248, -34.49298382799082 ], [ 172.69152096530479, -34.492413749929881 ], [ 172.69091161770865, -34.491859472653793 ], [ 172.690262477168488, -34.491346949505292 ], [ 172.689667834101414, -34.490783943402704 ], [ 172.689039521357643, -34.490252122295011 ], [ 172.688326212351797, -34.489795632620485 ], [ 172.687606687715856, -34.489232898745634 ], [ 172.686748750353104, -34.488807170199145 ], [ 172.685974653625124, -34.488411438606789 ], [ 172.685192919147056, -34.488031078596762 ], [ 172.684422494546538, -34.487627959983527 ] ] } },
{ "type": "Feature", "properties": { "group_id": "nzd0009" }, "geometry": { "type": "LineString", "coordinates": [ [ 172.893634084269735, -34.679015705709666 ], [ 172.893226958416136, -34.678350670382194 ], [ 172.892879163894321, -34.67765285102093 ], [ 172.892531510053232, -34.676954948939411 ], [ 172.892100686724604, -34.676302991662858 ], [ 172.891653089183791, -34.675660297217782 ], [ 172.891220890359222, -34.675009090584922 ], [ 172.890767458509828, -34.674369610263334 ], [ 172.890273389548355, -34.673752576829528 ], [ 172.889877700504428, -34.673081185095086 ], [ 172.889385578436816, -34.672463066886849 ], [ 172.888920358925247, -34.671830080732256 ], [ 172.888406188283028, -34.671224135041058 ], [ 172.887907056793665, -34.670609875820162 ], [ 172.887507439925287, -34.669940631043886 ], [ 172.887515313004855, -34.669046244287998 ], [ 172.886681885903556, -34.668616669061137 ], [ 172.885935745167302, -34.668138862764643 ], [ 172.88534738859542, -34.667573876948929 ], [ 172.884738700430177, -34.667020119521332 ], [ 172.884233570236375, -34.666409142763115 ], [ 172.883625144481698, -34.665855231172962 ], [ 172.883133159305316, -34.665236982876159 ], [ 172.882734533768627, -34.664567149739568 ], [ 172.882170384355021, -34.663988762382083 ], [ 172.881536070339592, -34.663449135625697 ], [ 172.880967103260275, -34.662873400779262 ], [ 172.880405326954417, -34.662293688546747 ], [ 172.879942477231339, -34.661659316084013 ], [ 172.879451592757732, -34.661040427912354 ], [ 172.878925552026345, -34.660440958617897 ], [ 172.878479928008431, -34.65979705545525 ], [ 172.877807254468223, -34.659248802943587 ], [ 172.877154246005659, -34.658658839627343 ], [ 172.876641862547956, -34.658013539391384 ], [ 172.876024973703238, -34.657472077199998 ], [ 172.875505724922021, -34.656868179073498 ], [ 172.874993010780202, -34.65626009852329 ], [ 172.874446912933422, -34.655673359673514 ], [ 172.873927641444681, -34.655069463712067 ], [ 172.873378022334236, -34.654484968169776 ], [ 172.872851880076837, -34.653885457211494 ], [ 172.872440852676505, -34.653212336507444 ], [ 172.871970689931089, -34.652577023296566 ], [ 172.871322533336439, -34.652055517360218 ], [ 172.87069586044953, -34.651520270238592 ], [ 172.87034967874132, -34.650805669910653 ], [ 172.869770040064196, -34.650240340510628 ], [ 172.869219046210873, -34.649656691136883 ], [ 172.868650053237985, -34.649084546503317 ], [ 172.868159458269503, -34.64846226912664 ], [ 172.867558542629382, -34.647910528021178 ], [ 172.866987348991017, -34.647339778176189 ], [ 172.866482034320512, -34.646726900454269 ], [ 172.865896776967503, -34.646165134893195 ], [ 172.865357646557186, -34.645573871127255 ], [ 172.864852816585994, -34.644960671152454 ], [ 172.86427672217431, -34.6443930343776 ], [ 172.863720671952734, -34.643812577000297 ], [ 172.863158257351671, -34.643236184964429 ], [ 172.862606431927617, -34.642653017981509 ], [ 172.862025258712464, -34.642088612166688 ], [ 172.861466004863388, -34.641510186766681 ], [ 172.860815627512835, -34.640990022404807 ], [ 172.860276563216615, -34.64039867939772 ], [ 172.859727226591446, -34.639813900489031 ], [ 172.8592112113121, -34.639207811535798 ], [ 172.858575644440009, -34.638678160670828 ], [ 172.857950937042688, -34.638141561942213 ], [ 172.857384445344536, -34.637567735621602 ], [ 172.856834315304582, -34.636983443464715 ], [ 172.856246839909403, -34.636423025976171 ], [ 172.855679828086778, -34.63584951986919 ], [ 172.855104618176512, -34.63528125152564 ], [ 172.854571562014286, -34.634686025834 ], [ 172.854033599989521, -34.634093932855905 ], [ 172.853546500881635, -34.633469313825657 ], [ 172.852947451976036, -34.632916271807908 ], [ 172.852331586663269, -34.632373978073581 ], [ 172.851781007257159, -34.631789936246015 ], [ 172.85116277862187, -34.63124914530281 ], [ 172.850663864633901, -34.630632060335287 ], [ 172.849994037652834, -34.630124253094735 ], [ 172.849473745041649, -34.629520829460937 ], [ 172.848989605831747, -34.62889428521386 ], [ 172.848325342401523, -34.628382908228069 ], [ 172.847733523277242, -34.627808413175629 ], [ 172.847037970884401, -34.627256891296504 ], [ 172.846495896591051, -34.626613231105601 ], [ 172.84582764724567, -34.626114448369286 ], [ 172.845228658138552, -34.625563499898533 ], [ 172.844602557197476, -34.625032966577479 ], [ 172.84402477294401, -34.624466040949883 ], [ 172.843474287824904, -34.623878551994714 ], [ 172.842876717683652, -34.623326520589295 ], [ 172.842335137367513, -34.622732318069062 ], [ 172.841708202364885, -34.622202395062374 ], [ 172.841057123837658, -34.621690651547652 ], [ 172.840504391993676, -34.621104836948618 ], [ 172.839977507403717, -34.620499552530056 ], [ 172.83938866642373, -34.619940925581979 ], [ 172.83882726229578, -34.619361631649419 ], [ 172.838151730077726, -34.618868286963284 ], [ 172.83755022872873, -34.618319184123017 ], [ 172.836918063920308, -34.617793171047552 ], [ 172.836348673587366, -34.617219877519162 ], [ 172.835747283504105, -34.616670680147053 ], [ 172.835173642264806, -34.616100580960982 ], [ 172.834568189459276, -34.615554436172253 ], [ 172.833969832697022, -34.615002943629023 ], [ 172.833382267756406, -34.614443319984865 ], [ 172.832803639892347, -34.613876962098374 ], [ 172.832219797381839, -34.613314527904329 ], [ 172.831660212655919, -34.612733821167048 ], [ 172.831089083299133, -34.612161805355079 ], [ 172.830520651145804, -34.611587754677146 ], [ 172.8298557332798, -34.611086365522787 ], [ 172.829227769492718, -34.610557141945833 ], [ 172.828629291198723, -34.610005708795846 ], [ 172.828049331860086, -34.609440325190121 ], [ 172.827507525643881, -34.608846204371609 ], [ 172.826878822776138, -34.608317523088793 ], [ 172.826224075411687, -34.60780845258143 ], [ 172.825604672575423, -34.607272760043173 ], [ 172.825041954841652, -34.606694373797836 ], [ 172.824389250656111, -34.606183753634845 ], [ 172.823782077260603, -34.60563884020408 ], [ 172.823106226581842, -34.605145644444278 ], [ 172.822493965513615, -34.604604555323895 ], [ 172.821890098268113, -34.604057141192222 ], [ 172.821256424147606, -34.603532171097264 ], [ 172.820680495772336, -34.602963708980475 ], [ 172.820039354868129, -34.60244435490452 ], [ 172.819550045915832, -34.601810652526936 ], [ 172.818989276927994, -34.601230763197186 ], [ 172.818232484918099, -34.600798495188634 ], [ 172.817486445907576, -34.60035812482095 ], [ 172.816926200815573, -34.599777830340962 ], [ 172.816172555906434, -34.599343180112449 ], [ 172.8155201057196, -34.598832317173553 ], [ 172.814780176844664, -34.598387329399266 ], [ 172.814036370502578, -34.597945257457567 ], [ 172.813294214337475, -34.597501938566531 ], [ 172.812561608728316, -34.597051423187551 ], [ 172.811830362572238, -34.596599879890931 ], [ 172.811159011451792, -34.596103227535195 ], [ 172.810485618600097, -34.595608108942599 ], [ 172.809848342815798, -34.595085931834411 ], [ 172.809339433722243, -34.594467277036429 ], [ 172.808861551482579, -34.593825204243053 ], [ 172.808289040069127, -34.59325414998667 ], [ 172.807844942068186, -34.592586575528493 ], [ 172.807333362463879, -34.591969717173697 ], [ 172.807003485456875, -34.591216284883245 ], [ 172.806575056631658, -34.590536921389308 ], [ 172.806066219853449, -34.589917990281258 ], [ 172.805526637093266, -34.589322164890653 ], [ 172.805061443805641, -34.588670423104325 ], [ 172.804481187373227, -34.588105161820167 ], [ 172.803879306397135, -34.587556150472977 ], [ 172.803242847618691, -34.587033124955035 ], [ 172.802646117716932, -34.586480234758291 ], [ 172.802029980743157, -34.585941927716121 ], [ 172.801419223447624, -34.585399573597982 ], [ 172.800802400684518, -34.584861774788848 ], [ 172.800201519396893, -34.584311990494726 ], [ 172.799523310054184, -34.583820323527476 ], [ 172.798996354992909, -34.583214968020215 ], [ 172.798359195803897, -34.582692439938839 ], [ 172.797601181830714, -34.582260743903085 ], [ 172.797034030033473, -34.581685590163886 ], [ 172.796412876881902, -34.581151020741579 ], [ 172.795971923368711, -34.580481008090942 ], [ 172.795237557835691, -34.5800315229897 ], [ 172.794570681910443, -34.579531308254644 ], [ 172.794597990175816, -34.578509333866101 ], [ 172.793353432610843, -34.578443303943807 ], [ 172.792567376420408, -34.578032653945833 ], [ 172.791904686141265, -34.577529278177906 ], [ 172.791230860793661, -34.577034267698025 ], [ 172.790647213512898, -34.576471476269809 ], [ 172.789953700160169, -34.575991255704317 ], [ 172.789265812485866, -34.575506803037392 ], [ 172.788657716376861, -34.5749623762634 ], [ 172.788043441734004, -34.574422589593361 ], [ 172.787553695758902, -34.573789205288399 ], [ 172.787017599192012, -34.573190653879593 ], [ 172.786073912700346, -34.572898437134846 ], [ 172.785367618217833, -34.57242779598355 ], [ 172.784713334158027, -34.571918061144125 ], [ 172.784099929984308, -34.571376647794345 ], [ 172.783403467292061, -34.570873103475762 ], [ 172.782786834391544, -34.570307438402942 ], [ 172.78212405651206, -34.569807805722334 ], [ 172.781457271025516, -34.569311603790027 ], [ 172.780837677818738, -34.568774961415514 ], [ 172.780204695041306, -34.568249788947121 ], [ 172.779582478184722, -34.567715388493106 ], [ 172.778889297240369, -34.567241791007433 ], [ 172.778245866458548, -34.566725561546917 ], [ 172.777601845579994, -34.566209834566841 ], [ 172.776890789155402, -34.565751543843589 ], [ 172.776236098954541, -34.565244952437027 ], [ 172.775518920022847, -34.564791900962689 ], [ 172.77491853347496, -34.564238773394521 ], [ 172.774306158221549, -34.563695915205678 ], [ 172.773668758487361, -34.563174495950776 ], [ 172.773028948406278, -34.562655138849223 ], [ 172.772414465379029, -34.562114077433883 ], [ 172.771840124304532, -34.561538617801453 ], [ 172.771207088753016, -34.561013446773124 ], [ 172.770564119462733, -34.560496784211232 ], [ 172.769804444290685, -34.560080115866853 ], [ 172.769093223814963, -34.559621926366738 ], [ 172.768421018103396, -34.559130304576705 ], [ 172.767739217020818, -34.55864690105404 ], [ 172.767059581004332, -34.558161639150462 ], [ 172.766378900404163, -34.557677268965705 ], [ 172.765776675073937, -34.557125673788143 ], [ 172.765135508502595, -34.556607441012595 ], [ 172.764502970531652, -34.556081811998773 ], [ 172.763796145788803, -34.555619829611707 ], [ 172.763171626534614, -34.555087323763736 ], [ 172.762501886653695, -34.554593560189097 ], [ 172.761860429985688, -34.55407556017245 ], [ 172.761207963845976, -34.553566989970427 ], [ 172.760550682933456, -34.553062541895599 ], [ 172.759894468229874, -34.552557177098265 ], [ 172.759302166708324, -34.551997048413526 ], [ 172.758671835146629, -34.551469500753264 ], [ 172.75800456623611, -34.5509735977557 ], [ 172.757437480631324, -34.550391855019875 ], [ 172.756759805951759, -34.549904861366983 ], [ 172.755968404529398, -34.549515304271907 ], [ 172.755373236415664, -34.5489576132628 ], [ 172.754699848972791, -34.548466936428042 ], [ 172.754089998350054, -34.547921819039267 ], [ 172.753463798326862, -34.547390706478041 ], [ 172.752849409309874, -34.54684947136473 ], [ 172.752159442558167, -34.546372986685988 ], [ 172.751436428405384, -34.545924812871036 ], [ 172.750842271116937, -34.545366234344471 ], [ 172.750164457361564, -34.544879327431275 ], [ 172.749536367402897, -34.544349815337604 ], [ 172.74886385743207, -34.543858357856642 ], [ 172.748295795763113, -34.54327740916068 ], [ 172.747586007542793, -34.542817884157245 ], [ 172.746966041643077, -34.542281399173433 ], [ 172.746327006393187, -34.541761249032831 ], [ 172.745586735072834, -34.54132783082752 ], [ 172.745004956997946, -34.5407586187061 ], [ 172.74443609443631, -34.540177548286422 ], [ 172.743825683248048, -34.539631581714971 ], [ 172.743142236011977, -34.539149321199929 ], [ 172.742573255301153, -34.538568691179613 ], [ 172.742095961474433, -34.537908995989874 ], [ 172.741249579833777, -34.537567563812402 ], [ 172.740690888833257, -34.536978051974756 ], [ 172.740046366085465, -34.536462549852999 ], [ 172.739507752172017, -34.535855719540756 ], [ 172.738937628848078, -34.535276056764239 ], [ 172.738113948990502, -34.534915032142244 ], [ 172.737405428799946, -34.53445470200797 ], [ 172.736726708835221, -34.533968672059174 ], [ 172.736047400119276, -34.533483146518009 ], [ 172.735356322412514, -34.53300776591027 ], [ 172.734682459033792, -34.532517538397492 ], [ 172.73403934631753, -34.532000792014337 ], [ 172.733373469897685, -34.531487632134038 ], [ 172.73270980676989, -34.530948472070897 ], [ 172.731989679712228, -34.530479163848739 ], [ 172.731254230988895, -34.530053264215212 ], [ 172.73056805627877, -34.529574066192708 ], [ 172.729859885712642, -34.529118657082371 ], [ 172.729172642115486, -34.528640610721602 ], [ 172.728452803784961, -34.528197816949536 ], [ 172.727748054395107, -34.527738700443507 ], [ 172.726998948611481, -34.527327557513729 ], [ 172.726268912983613, -34.526895785652698 ] ] } },
{ "type": "Feature", "properties": { "group_id": "nzd0010" }, "geometry": { "type": "LineString", "coordinates": [ [ 172.988102994368063, -34.530593715363914 ], [ 172.988635885349112, -34.531205355574571 ], [ 172.9892112530774, -34.531800615323526 ], [ 172.989663346608893, -34.532443392431176 ], [ 172.989985552067537, -34.5330547322055 ], [ 172.990272327152582, -34.53347131066316 ], [ 172.991565184499251, -34.535450203884317 ], [ 172.991544541648665, -34.536192550933926 ], [ 172.991552725240979, -34.536933470843159 ], [ 172.991591694172001, -34.537672867127007 ], [ 172.991848814168094, -34.540659247069385 ], [ 172.991930426376683, -34.541403213955022 ], [ 172.991876217869162, -34.542157113923054 ], [ 172.991872770010673, -34.542905018697233 ], [ 172.991985707947975, -34.543639186605098 ], [ 172.992029424785017, -34.544381514136688 ], [ 172.992108086576195, -34.545119712653864 ], [ 172.99208345687498, -34.54587008983458 ], [ 172.992177701372015, -34.546606437014994 ], [ 172.992323521095784, -34.547336693529566 ], [ 172.99242941811292, -34.54807165317245 ], [ 172.99243674716115, -34.548818234012607 ], [ 172.992514507139816, -34.549556499852024 ], [ 172.992609099119875, -34.550292773617358 ], [ 172.9927026924247, -34.551029158710357 ], [ 172.992707884101463, -34.551775965394413 ], [ 172.992764571683523, -34.552516690914338 ], [ 172.992969009349196, -34.553239981179566 ], [ 172.993027206484356, -34.55398051569324 ], [ 172.993082725682029, -34.554721359557682 ], [ 172.993273541244633, -34.555446237442247 ], [ 172.99337748996669, -34.556181355658445 ], [ 172.99350755285235, -34.556913387013658 ], [ 172.993685097222254, -34.557639811071127 ], [ 172.993748686041926, -34.558379670714594 ], [ 172.993787453475932, -34.559122451685191 ], [ 172.993798916811784, -34.559868446749761 ], [ 172.994101338019391, -34.560580115118071 ], [ 172.994307212436723, -34.561303165306619 ], [ 172.994517458875777, -34.562025693338818 ], [ 172.994663099325777, -34.562755835676455 ], [ 172.994835659863639, -34.563500397722976 ], [ 172.994895369049033, -34.564282885522346 ], [ 172.995009149737172, -34.565041999961309 ], [ 172.995286529964346, -34.565750320141021 ], [ 172.99543975347575, -34.566479571758585 ], [ 172.995627835171888, -34.567202938594519 ], [ 172.995812050717831, -34.56792695110191 ], [ 172.995951956432833, -34.568658429599438 ], [ 172.996062805927295, -34.569394801663947 ], [ 172.996206368714013, -34.570125650685199 ], [ 172.996433760756844, -34.570842356792411 ], [ 172.996611652289772, -34.571567404133653 ], [ 172.996825300642001, -34.5722864153202 ], [ 172.996980622381443, -34.573015256078634 ], [ 172.997205701898935, -34.573732326983738 ], [ 172.997253483048553, -34.574479289963953 ], [ 172.997617084275902, -34.575172988966585 ], [ 172.997778566337985, -34.57590076562694 ], [ 172.997883641403803, -34.576638047966256 ], [ 172.998052849863711, -34.577364509003026 ], [ 172.998199602510255, -34.578094750442681 ], [ 172.998385624358065, -34.578794952064683 ], [ 172.998562114606415, -34.57949081335606 ], [ 172.998778494662616, -34.580204876347779 ], [ 172.998943313078769, -34.580932115831835 ], [ 172.999138882813241, -34.581655203452328 ], [ 172.999339753493842, -34.582377570079984 ], [ 172.999566392765985, -34.583096456540993 ], [ 172.999729552423844, -34.583823894074037 ], [ 172.999970633613543, -34.58454082088123 ], [ 173.0001424491021, -34.585267078772333 ], [ 173.000336217840385, -34.585996312370028 ], [ 173.000537282303696, -34.586752530963224 ], [ 173.000755455527155, -34.587499031956632 ], [ 173.000972558919386, -34.588216741177796 ], [ 173.001129641863741, -34.588945957640178 ], [ 173.001389730425842, -34.589655408727104 ], [ 173.001615840662879, -34.590371371505618 ], [ 173.001761561341169, -34.591102748747687 ], [ 173.002004266166637, -34.591815515810019 ], [ 173.00222120696202, -34.592533218806381 ], [ 173.002356432841992, -34.593266590352719 ], [ 173.002565335939806, -34.593985822657295 ], [ 173.002776901357777, -34.594704538031998 ], [ 173.002891761825737, -34.595441797167027 ], [ 173.003173149560098, -34.596147106707264 ], [ 173.003334478889371, -34.596876797755094 ], [ 173.003548887487995, -34.597596925125728 ], [ 173.0037670480271, -34.598314948901013 ], [ 173.003945603796183, -34.599040044378462 ], [ 173.00412213653334, -34.599765528077903 ], [ 173.004149399335518, -34.600520113174419 ], [ 173.004521014914616, -34.601207543117283 ], [ 173.004810355721048, -34.601911010427649 ], [ 173.005139288537123, -34.602606751043744 ], [ 173.005359231209695, -34.603323738649152 ], [ 173.00552872111308, -34.604050558333562 ], [ 173.005772882234709, -34.604762810882335 ], [ 173.006040663225576, -34.605470451355814 ], [ 173.006209209991226, -34.606197436238141 ], [ 173.006536813837897, -34.606895750216289 ], [ 173.006769585582077, -34.607633170323858 ], [ 173.006948780077948, -34.608381840899888 ], [ 173.007179678193779, -34.609096697103908 ], [ 173.007453409787672, -34.609801043292023 ], [ 173.007711916268335, -34.610509117054441 ], [ 173.008020556392751, -34.611204890681279 ], [ 173.008265552698106, -34.611916265424767 ], [ 173.008525147156945, -34.612624054268714 ], [ 173.008766612455872, -34.613336282781887 ], [ 173.008965319968638, -34.614058990437869 ], [ 173.009250308612366, -34.614760533864029 ], [ 173.009352578814912, -34.615506877795227 ], [ 173.009624003865525, -34.616211735183427 ], [ 173.009928474247062, -34.616908483161502 ], [ 173.010188652534254, -34.617616742524206 ], [ 173.01041187383791, -34.618342088143834 ], [ 173.010773225908224, -34.619031396729305 ], [ 173.011032599575344, -34.6197392496912 ], [ 173.011251299920673, -34.620457700251428 ], [ 173.011482306402939, -34.62117293651599 ], [ 173.011704944889715, -34.621890348256805 ], [ 173.012040848187041, -34.622578225933701 ], [ 173.012242616489942, -34.623301066472322 ], [ 173.012186574223136, -34.624091110905738 ], [ 173.012766394232671, -34.6247153828077 ], [ 173.013161369250042, -34.625387836895712 ], [ 173.013356709969599, -34.626112328997628 ], [ 173.01368831744395, -34.626801290903181 ], [ 173.014002846556139, -34.627494699115026 ], [ 173.014288294226787, -34.628195682764336 ], [ 173.01456506792735, -34.628903291867985 ], [ 173.014855308640051, -34.629612462329071 ], [ 173.015175463746829, -34.630308878563845 ], [ 173.01549243842652, -34.631000925768618 ], [ 173.015818070916509, -34.631690546902192 ], [ 173.016060562352067, -34.632403403250166 ], [ 173.016237313708018, -34.633134630336556 ], [ 173.016538294788603, -34.633831124727038 ], [ 173.016827909472624, -34.634530790526547 ], [ 173.017163746544213, -34.635217529680851 ], [ 173.017475624329393, -34.635910960405752 ], [ 173.017783781667163, -34.636605425237853 ], [ 173.018123435543629, -34.637291079854492 ], [ 173.01842215670996, -34.637988170649294 ], [ 173.018605249816176, -34.638722881766149 ], [ 173.019021700963293, -34.639406896088659 ], [ 173.019336045822399, -34.64011561365696 ], [ 173.019546174281999, -34.640842105219143 ], [ 173.019874076374691, -34.641530184570129 ], [ 173.020166127161474, -34.642229949385602 ], [ 173.020448954409744, -34.64293271623265 ], [ 173.020737034361275, -34.643633764391438 ], [ 173.021182247079594, -34.644283565988943 ], [ 173.021343051109795, -34.64502610716135 ], [ 173.021839534331235, -34.645659178353235 ], [ 173.022237632711551, -34.646324326945503 ], [ 173.022497357215173, -34.64703459325019 ], [ 173.022760675274554, -34.647743681864618 ], [ 173.023143700447093, -34.648413728808478 ], [ 173.02351498333357, -34.649087599197927 ], [ 173.023898266383071, -34.649757550738393 ], [ 173.024292821121492, -34.650423820985779 ], [ 173.024634948016086, -34.651107182011152 ], [ 173.024921862576946, -34.651805367727206 ], [ 173.025198414411676, -34.652504389543836 ], [ 173.025493158245837, -34.653200653284436 ], [ 173.025692784471914, -34.653929038440431 ], [ 173.025850828374047, -34.654670509704623 ], [ 173.026740104954087, -34.655972966340016 ], [ 173.027101973374272, -34.656648981750649 ], [ 173.027637077330638, -34.657267095178462 ], [ 173.028126456462786, -34.657902511143377 ], [ 173.028440353815228, -34.658594857125848 ], [ 173.028860601790967, -34.659255038147315 ], [ 173.029283686924089, -34.659914355457978 ], [ 173.029669925858315, -34.660584808881524 ], [ 173.030055954840066, -34.661255320027166 ], [ 173.030534295403442, -34.661899482539617 ], [ 173.030933299366069, -34.662562370877879 ], [ 173.031255804615995, -34.663258205399401 ], [ 173.031648380968704, -34.663923217456613 ], [ 173.031993040596973, -34.664608970277705 ], [ 173.032366452720453, -34.665282269176657 ], [ 173.032731492089539, -34.665959187865475 ], [ 173.033090594789059, -34.666638671597774 ], [ 173.033455383498278, -34.667315688271202 ], [ 173.033888559591048, -34.667963091183246 ], [ 173.034337904642712, -34.668600821634257 ], [ 173.034728014401253, -34.669262742713357 ], [ 173.035145650547804, -34.669915895970185 ], [ 173.035594587494046, -34.670557230382634 ], [ 173.036002683398834, -34.671215413136309 ], [ 173.036414457520607, -34.671872072765673 ], [ 173.036823806795184, -34.672529727776279 ], [ 173.037263411646961, -34.673174892223493 ], [ 173.037699819533344, -34.673830109887852 ], [ 173.038139004007348, -34.6744848892532 ], [ 173.038615519271758, -34.675112316770353 ], [ 173.039058975772463, -34.675755219987643 ], [ 173.039425907573104, -34.676436522423174 ], [ 173.039815500944201, -34.677106447116813 ], [ 173.040272697053524, -34.677735936371519 ], [ 173.04068304561244, -34.678384981598647 ], [ 173.041095098280493, -34.679039405537353 ], [ 173.041582384397742, -34.679661597978964 ], [ 173.042035071641806, -34.680299775520396 ], [ 173.042499970447352, -34.680932304411549 ], [ 173.042981461881567, -34.681558583466497 ], [ 173.043389074960942, -34.6822203073312 ], [ 173.043830511316571, -34.682864755720807 ], [ 173.044228509741345, -34.683528773646621 ], [ 173.044749854626701, -34.684134220352028 ], [ 173.045250718461148, -34.68474938674958 ], [ 173.045728483510914, -34.685382621715277 ], [ 173.046191516323432, -34.686027924521426 ], [ 173.046650673866225, -34.686669570707203 ], [ 173.047135712847847, -34.6872915114213 ], [ 173.047587168462968, -34.687932021766407 ], [ 173.04805560574826, -34.688563135347025 ], [ 173.048572723662346, -34.68916732027489 ], [ 173.04902543005241, -34.689807125098376 ], [ 173.049462636701236, -34.69044380771782 ], [ 173.049977189431615, -34.691029367511369 ], [ 173.050445883745653, -34.691650694385132 ], [ 173.050927229497603, -34.692275015343924 ], [ 173.05140757739963, -34.692899806912806 ], [ 173.051954273257877, -34.693492974857371 ], [ 173.052451693466168, -34.694123463342535 ], [ 173.052905014216748, -34.694785688643343 ], [ 173.053421633980292, -34.695399212404212 ], [ 173.053854835591608, -34.696056095386126 ], [ 173.054368453748765, -34.696662800110559 ], [ 173.054918095087913, -34.697247024856594 ], [ 173.055427541561016, -34.697856324005727 ], [ 173.055850397051273, -34.698508739338763 ], [ 173.056424370837107, -34.699050484870035 ], [ 173.056895597003063, -34.699662720897507 ], [ 173.057428233620669, -34.700258939373107 ], [ 173.057914297560387, -34.700880036016692 ], [ 173.058432992973763, -34.701483693712454 ], [ 173.058833885922382, -34.702150286055989 ], [ 173.059520926464415, -34.702716137801247 ], [ 173.060117744081879, -34.703349679548971 ], [ 173.060800376683432, -34.703858228647583 ], [ 173.061560645150905, -34.704267741584168 ], [ 173.062180210776035, -34.704799333243848 ], [ 173.062724111680211, -34.705393560515041 ], [ 173.063409175445514, -34.705870090467798 ], [ 173.064115508211898, -34.706330808929621 ], [ 173.064777942150926, -34.706829733305355 ] ] } },
{ "type": "Feature", "properties": { "group_id": "nzd0011" }, "geometry": { "type": "LineString", "coordinates": [ [ 172.948093935423373, -34.740916316993918 ], [ 172.947625728294099, -34.740283687021908 ], [ 172.947146461082525, -34.739657602523913 ], [ 172.946718269465208, -34.739001266117697 ], [ 172.946175465489432, -34.738412799996937 ], [ 172.945601153796616, -34.737842988729319 ], [ 172.945083553546027, -34.737239587999291 ], [ 172.944579015845989, -34.736628447135956 ], [ 172.944012878312918, -34.736053782004838 ], [ 172.943487126920303, -34.735455195426312 ], [ 172.94318628823072, -34.734723408407781 ], [ 172.942565592143751, -34.734180820044983 ], [ 172.942058418919004, -34.733568096110005 ], [ 172.941853608267621, -34.732762511199468 ], [ 172.941090391170462, -34.732314039262796 ], [ 172.940473055241, -34.731773035688896 ], [ 172.940037019135161, -34.73111703632155 ], [ 172.939437480156357, -34.730564736578067 ], [ 172.938910715908378, -34.72996627438836 ], [ 172.938539759273283, -34.729268984839329 ], [ 172.937993174668406, -34.728683085695664 ], [ 172.937245863082126, -34.728224496271693 ], [ 172.936646791557422, -34.727671879264278 ], [ 172.936261627870465, -34.726983584472819 ], [ 172.935589145482595, -34.726477521020371 ], [ 172.935200328163859, -34.725791535243552 ], [ 172.934497291922469, -34.725304842704666 ], [ 172.933835315976722, -34.724792102708435 ], [ 172.933329287790457, -34.724180447134898 ], [ 172.932910581353667, -34.723513402595479 ], [ 172.93230868243964, -34.722962545785428 ], [ 172.931925503282855, -34.722272959168833 ], [ 172.93135914431744, -34.721699552510842 ], [ 172.930774111776572, -34.721137985658558 ], [ 172.930386102529184, -34.720451449922066 ], [ 172.929698180027714, -34.719955134248707 ], [ 172.929205815843147, -34.71933477885792 ], [ 172.928837367982055, -34.718635823408555 ], [ 172.928158880976639, -34.718133510927082 ], [ 172.927566252142924, -34.717576737337986 ], [ 172.927147179070914, -34.716909879370512 ], [ 172.926634978458736, -34.716302084723949 ], [ 172.925976977497413, -34.715786762049504 ], [ 172.925415614574149, -34.715210141069775 ], [ 172.924988227216431, -34.71454853997642 ], [ 172.924475533726138, -34.713941041387848 ], [ 172.9236336317515, -34.713542343732883 ], [ 172.92325828838753, -34.712847720936374 ], [ 172.922781789991518, -34.71221725271095 ], [ 172.922247438006252, -34.711623474827633 ], [ 172.92153754769771, -34.711141030432529 ], [ 172.920972180214335, -34.710566916255267 ], [ 172.920514818278832, -34.709924294061807 ], [ 172.919788237018452, -34.709452423344466 ], [ 172.919430778836642, -34.708746427813544 ], [ 172.918650217161314, -34.708308460097342 ], [ 172.918034917702954, -34.707765737131545 ], [ 172.917533902740615, -34.707150582353542 ], [ 172.916963207441569, -34.706579875103394 ], [ 172.916371464597034, -34.70602256954259 ], [ 172.915801360594543, -34.705451477391108 ], [ 172.915258573184786, -34.704862982351081 ], [ 172.914738488668206, -34.704260023027885 ], [ 172.914144515365706, -34.70370412156835 ], [ 172.913632461673586, -34.703096038935136 ], [ 172.913109323618727, -34.702495012129241 ], [ 172.912451988146273, -34.70197945549716 ], [ 172.911930250578649, -34.701377528466338 ], [ 172.911386244808028, -34.700789780566105 ], [ 172.910866913111647, -34.700186312909551 ], [ 172.910283523423089, -34.699623641513107 ], [ 172.909763239989559, -34.69902077180425 ], [ 172.909224549958793, -34.698429621659542 ], [ 172.908634149999045, -34.697871402920718 ], [ 172.908099228419047, -34.697277844298881 ], [ 172.907508691916661, -34.696719704246703 ], [ 172.90703287346264, -34.69608849294319 ], [ 172.906425034653694, -34.695541364976698 ], [ 172.905843757954386, -34.694977314699315 ], [ 172.90535312432857, -34.69435552726241 ], [ 172.904768788382796, -34.69379341726399 ], [ 172.904354521558332, -34.693122981369669 ], [ 172.903769018426118, -34.692561606603292 ], [ 172.903308773943536, -34.691920446829251 ], [ 172.902901880472172, -34.691245301841477 ], [ 172.902125544209127, -34.690805462182809 ], [ 172.901478776417633, -34.69028309199161 ], [ 172.900942487122393, -34.689690350909054 ], [ 172.900280841992156, -34.689177448032098 ], [ 172.899747175554296, -34.688583028154326 ], [ 172.899238321981301, -34.687972800218525 ], [ 172.898669377532627, -34.687372650680658 ], [ 172.898176205611463, -34.686604790303477 ], [ 172.89737497268402, -34.68625805549334 ], [ 172.896599685410536, -34.685883455629806 ], [ 172.895762773927032, -34.685586831752111 ] ] } },
{ "type": "Feature", "properties": { "group_id": "nzd0016" }, "geometry": { "type": "LineString", "coordinates": [ [ 173.117425588823039, -34.738810925386851 ], [ 173.117046528104368, -34.73951620009494 ], [ 173.117078451944934, -34.74028841166929 ], [ 173.117140017481461, -34.741027917651621 ], [ 173.117289036210906, -34.741763603688369 ], [ 173.117645502803299, -34.742483719049162 ], [ 173.117931396026137, -34.743195130327784 ], [ 173.11826531987947, -34.743851507647967 ], [ 173.118579667019731, -34.744533240374466 ], [ 173.118926118636978, -34.745232114520263 ], [ 173.119223997658594, -34.745935015031108 ], [ 173.119547232348424, -34.7466008286777 ], [ 173.119972155468503, -34.747273605339835 ], [ 173.120378112515652, -34.747938511979392 ], [ 173.120782808028792, -34.748581832854995 ], [ 173.121230130118789, -34.749248526372384 ], [ 173.121652305057353, -34.749882449999845 ], [ 173.122099637485633, -34.750481203179504 ], [ 173.122549426538626, -34.751117587475427 ], [ 173.123038315061137, -34.751748803548757 ], [ 173.123440934808968, -34.752399580856149 ], [ 173.123993498570741, -34.753030204814792 ], [ 173.124553996581596, -34.753638545300255 ], [ 173.125072146977317, -34.75418823433975 ], [ 173.125629291665007, -34.754762910922722 ], [ 173.126158322123985, -34.755358054425614 ], [ 173.12665224140369, -34.755973473293423 ], [ 173.127111873360377, -34.756574209635247 ], [ 173.127612189390078, -34.757152234183309 ], [ 173.128209419156718, -34.757763109756375 ], [ 173.128780880973466, -34.758353362107272 ], [ 173.129313411695051, -34.758918413061082 ], [ 173.129824532215395, -34.759505507041339 ], [ 173.13038382889718, -34.760084573134378 ], [ 173.130987672342684, -34.760644657337011 ], [ 173.13162181933393, -34.761198375482969 ], [ 173.132210908371917, -34.761774755856038 ], [ 173.13296883795627, -34.762189902477118 ], [ 173.133696594347157, -34.762618467070148 ], [ 173.134340448129507, -34.763114007850817 ], [ 173.134969577096939, -34.763664352093642 ], [ 173.135632189176988, -34.764161002407697 ], [ 173.136286786868368, -34.764647475865914 ], [ 173.136995919291934, -34.765135818349556 ], [ 173.137683031746178, -34.765624185642039 ], [ 173.138368262164136, -34.766090362660265 ], [ 173.139035452640599, -34.766598943822387 ], [ 173.139744660150939, -34.767054764449782 ], [ 173.140456629329947, -34.767556395732591 ], [ 173.141196744997302, -34.767996044845617 ], [ 173.141919800424432, -34.768350080392558 ], [ 173.142657570340475, -34.768712188178064 ], [ 173.143500200496703, -34.769058783952552 ], [ 173.144368160769659, -34.769350835059377 ], [ 173.145227486787661, -34.769596569924289 ], [ 173.146097620146605, -34.769803252887328 ], [ 173.146995881444411, -34.769892282476363 ], [ 173.147897543338559, -34.769941578331036 ] ] } },
{ "type": "Feature", "properties": { "group_id": "nzd0017" }, "geometry": { "type": "LineString", "coordinates": [ [ 172.998212230771713, -34.798023736888354 ], [ 172.997615170357875, -34.797467686469773 ], [ 172.99720712228978, -34.796800073210733 ], [ 172.996594433282525, -34.796253238409342 ], [ 172.996207939282812, -34.795572894709416 ], [ 172.995548662223655, -34.795053548397043 ], [ 172.995057576092847, -34.794434928260664 ], [ 172.9945173382539, -34.793845314005637 ], [ 172.993963317832169, -34.793263830120196 ], [ 172.993506782387527, -34.792624804430318 ], [ 172.992891667202116, -34.792079371098417 ], [ 172.992339357464346, -34.791496864444568 ], [ 172.991801765962379, -34.790905666466216 ], [ 172.991272750532033, -34.790309402381439 ], [ 172.990852449501602, -34.78964896870697 ], [ 172.990368614966457, -34.789026029250842 ], [ 172.989729959602016, -34.788494463668428 ], [ 172.989433116925511, -34.78776114911085 ], [ 172.988976768814751, -34.78712197332338 ], [ 172.988292809798878, -34.786617511989697 ], [ 172.987831329545656, -34.78598284613129 ], [ 172.987181532955105, -34.785456277888152 ], [ 172.986677771383711, -34.784845325596145 ], [ 172.986263279069789, -34.784183145178652 ], [ 172.985570241685139, -34.783680792407296 ], [ 172.985233667012096, -34.782973893183005 ], [ 172.984700392122335, -34.782379858176817 ], [ 172.984015037042013, -34.781873083941662 ], [ 172.983498652412408, -34.781269348244756 ], [ 172.983035407194819, -34.780635116180768 ], [ 172.982598785320192, -34.779985602830351 ], [ 172.982051544543737, -34.779399559410393 ], [ 172.981367405306685, -34.778892065252869 ], [ 172.981026666472729, -34.778187519958777 ], [ 172.980496875843272, -34.777591450121626 ], [ 172.980032126395656, -34.776958054414656 ], [ 172.979413457692232, -34.776412975009386 ], [ 172.978902760815032, -34.775805935637443 ], [ 172.978449200297973, -34.775166106279841 ], [ 172.977967002310208, -34.774542704970266 ], [ 172.977322139909575, -34.774012638108957 ], [ 172.977096430506521, -34.773242051173447 ], [ 172.976373312391729, -34.772756879985415 ], [ 172.975800595300939, -34.772185401943801 ], [ 172.97538946423137, -34.771521199287484 ], [ 172.974869476622445, -34.770919455511802 ], [ 172.974464373730484, -34.770251551838797 ], [ 172.973658263412347, -34.769816905154229 ], [ 172.973232422418562, -34.769160317572265 ], [ 172.972777876191032, -34.76851893129173 ], [ 172.972261209994826, -34.767915058260343 ], [ 172.971738165022259, -34.767315033423714 ], [ 172.971217936499869, -34.766713303286814 ], [ 172.970650211916904, -34.766140254312752 ], [ 172.970148518483342, -34.765527321251376 ], [ 172.969600700981289, -34.764942240731727 ], [ 172.969123088639719, -34.764314755181353 ], [ 172.968517843930726, -34.76376434951667 ], [ 172.967980700657534, -34.763172809377565 ], [ 172.967364465192361, -34.762629032940168 ], [ 172.967040317647275, -34.76190884450746 ], [ 172.966595762424532, -34.761261372306819 ], [ 172.965860971613637, -34.760789185439165 ], [ 172.965346731513307, -34.760183791377507 ], [ 172.964985194325067, -34.759486167131101 ], [ 172.964319308961478, -34.758972351591851 ], [ 172.963645628195621, -34.758463239523586 ], [ 172.963108359201357, -34.757871736702306 ], [ 172.962625826176719, -34.757247171619078 ], [ 172.962130688312527, -34.756630214951393 ], [ 172.961643701483553, -34.7560083311078 ], [ 172.961005862438668, -34.75547755085757 ], [ 172.960534629200623, -34.754846144028924 ], [ 172.960058163964618, -34.754217892737685 ], [ 172.959575146138604, -34.753593594579499 ], [ 172.959054943863123, -34.752991749896061 ], [ 172.9584398683931, -34.752447200166451 ], [ 172.957922228425588, -34.751843799400085 ], [ 172.957371367884008, -34.751260458091203 ], [ 172.956928069809663, -34.750612149496888 ], [ 172.95636888063126, -34.750034117211968 ], [ 172.955958959070273, -34.749367252371641 ], [ 172.955319632471117, -34.748836498736331 ], [ 172.95480229881511, -34.748233020154004 ], [ 172.954395466287423, -34.747564097267542 ], [ 172.953848943446019, -34.746977896134922 ], [ 172.953168645983652, -34.746470913321176 ], [ 172.952535781750925, -34.745935835506309 ], [ 172.952041036740439, -34.745318958050341 ], [ 172.9514916883941, -34.744734412754624 ], [ 172.950997215143047, -34.744117365655804 ], [ 172.950542543536727, -34.74347674329411 ], [ 172.950201012420052, -34.742769113378444 ], [ 172.949681928690097, -34.742166627698865 ], [ 172.949081477807937, -34.741612324295019 ], [ 172.948491630298264, -34.741051737035079 ] ] } },
{ "type": "Feature", "properties": { "group_id": "nzd0018" }, "geometry": { "type": "LineString", "coordinates": [ [ 173.149155439900056, -34.77187464350245 ], [ 173.148555693753394, -34.772426123418136 ], [ 173.148003525617924, -34.773011495151572 ], [ 173.147594020591015, -34.773675525692553 ], [ 173.147256435374118, -34.774370232020573 ], [ 173.147078943483052, -34.77510294737727 ], [ 173.146932275658969, -34.77584027312556 ], [ 173.146877346504112, -34.77658786668605 ], [ 173.146984660572201, -34.777332743109383 ], [ 173.147045644159988, -34.778080073606745 ], [ 173.147319458976398, -34.778790212145715 ], [ 173.147630026519607, -34.779490260430315 ], [ 173.147924625820679, -34.780181485436472 ], [ 173.148292481865212, -34.780854494763858 ], [ 173.148678653183481, -34.781519508372718 ], [ 173.149098410868447, -34.782164953419091 ], [ 173.149527157421346, -34.782812893011155 ], [ 173.149929923810561, -34.783477339036949 ], [ 173.150444199553732, -34.78408290238675 ], [ 173.150951911707097, -34.784693492317942 ], [ 173.151457376225608, -34.785307315874398 ], [ 173.151977354858019, -34.785912293184047 ], [ 173.152618506725702, -34.786433093447712 ], [ 173.153280021403958, -34.786943966421354 ], [ 173.153800494276965, -34.787546349722646 ] ] } },
{ "type": "Feature", "properties": { "group_id": "nzd0019" }, "geometry": { "type": "LineString", "coordinates": [ [ 173.388822897097612, -34.801574957979504 ], [ 173.389708128347962, -34.801595604467828 ], [ 173.390577836871415, -34.801527071235867 ], [ 173.391455277968447, -34.801412744358039 ], [ 173.392296023888946, -34.801192943301693 ], [ 173.393026065468149, -34.801003340695267 ], [ 173.393813972022627, -34.800773962454443 ], [ 173.394583528644517, -34.800417180368036 ], [ 173.395272958790002, -34.800008507128673 ], [ 173.395902199712651, -34.799563011757499 ], [ 173.396550036831371, -34.799105689200829 ], [ 173.397134909977979, -34.798573347378777 ] ] } },
{ "type": "Feature", "properties": { "group_id": "nzd0020" }, "geometry": { "type": "LineString", "coordinates": [ [ 173.165519810652881, -34.803983790249994 ], [ 173.164964172695534, -34.804606402379193 ], [ 173.164545900939942, -34.805291458241889 ] ] } },
{ "type": "Feature", "properties": { "group_id": "nzd0021" }, "geometry": { "type": "LineString", "coordinates": [ [ 173.163563486386067, -34.807569169878832 ], [ 173.163388736988765, -34.808295809765767 ], [ 173.163431274871499, -34.809043079260462 ] ] } },
{ "type": "Feature", "properties": { "group_id": "nzd0022" }, "geometry": { "type": "LineString", "coordinates": [ [ 173.386599211331912, -34.811681530876285 ], [ 173.387241711283821, -34.811166585487726 ], [ 173.387763247988801, -34.810578471847322 ], [ 173.388227590107363, -34.809966834643099 ], [ 173.388629203021196, -34.80931620641676 ], [ 173.388905233141145, -34.808646856762209 ], [ 173.389174904110519, -34.807964574623739 ] ] } },
{ "type": "Feature", "properties": { "group_id": "nzd0023" }, "geometry": { "type": "LineString", "coordinates": [ [ 173.163275602466598, -34.810086639451832 ], [ 173.163399331282307, -34.810818145086941 ], [ 173.163564159068329, -34.811545508816913 ], [ 173.163782582089567, -34.812263611440756 ], [ 173.164081243987482, -34.812963034067351 ], [ 173.16443697383346, -34.813641621652003 ], [ 173.164754281318238, -34.814332263074157 ] ] } },
{ "type": "Feature", "properties": { "group_id": "nzd0024" }, "geometry": { "type": "LineString", "coordinates": [ [ 173.407994560596052, -34.821901344086442 ], [ 173.407554351237422, -34.822560686331641 ] ] } },
{ "type": "Feature", "properties": { "group_id": "nzd0025" }, "geometry": { "type": "LineString", "coordinates": [ [ 173.047652473560703, -34.855292976083128 ], [ 173.047103054876345, -34.854709688938769 ], [ 173.046580544557116, -34.85410977764667 ], [ 173.046051231689688, -34.85351406371192 ], [ 173.045500182682247, -34.852931770855555 ], [ 173.044974436670998, -34.852333845402171 ], [ 173.044514069753376, -34.851695534332279 ], [ 173.04396668335886, -34.851110966599109 ], [ 173.043500213191976, -34.850476416666915 ], [ 173.042962510435359, -34.84988585937829 ], [ 173.042447632747724, -34.849281199920974 ], [ 173.041962653139251, -34.84865806960439 ], [ 173.041442569084666, -34.848056617392963 ], [ 173.040914022642312, -34.84746463395426 ], [ 173.040386047875415, -34.84687313398787 ], [ 173.039875027120729, -34.846267537305678 ], [ 173.039319830013483, -34.845686741740536 ], [ 173.038833558822745, -34.845066046499511 ], [ 173.038350471316363, -34.84444350405019 ], [ 173.037913030934988, -34.84379453587718 ], [ 173.037257557064208, -34.843271764379494 ], [ 173.036829967914628, -34.842617085381413 ], [ 173.036271783587409, -34.842037992403249 ], [ 173.035694106237116, -34.841470177831916 ], [ 173.035203043135994, -34.840852225249016 ], [ 173.034730246658057, -34.84022369522166 ], [ 173.034233012130301, -34.839609305871925 ], [ 173.033725358645853, -34.83900094275419 ], [ 173.033318008103294, -34.838334518104446 ], [ 173.032788439691018, -34.837738830873938 ], [ 173.03231594142639, -34.837110105951652 ], [ 173.031737192593056, -34.836542876438237 ], [ 173.031235794885646, -34.835930870224914 ], [ 173.030719067179518, -34.835327732878554 ], [ 173.03009053915838, -34.834789303167888 ], [ 173.029545218198365, -34.834202707265945 ], [ 173.029078588379264, -34.833570559146366 ], [ 173.028487562337375, -34.833010409310113 ], [ 173.027968482808433, -34.832408611164723 ], [ 173.027462774380894, -34.83179906917637 ], [ 173.026955912734707, -34.831190190266071 ], [ 173.026413644369143, -34.830601800966448 ], [ 173.025907409736192, -34.829992707484926 ], [ 173.025359558920115, -34.829407730438447 ], [ 173.024825445707563, -34.828814645736799 ], [ 173.024254014585239, -34.828243006041617 ], [ 173.023844730978027, -34.827577843906802 ], [ 173.023248314756785, -34.827020605479895 ], [ 173.022789675662381, -34.826383900077843 ], [ 173.022297817718567, -34.825766349091474 ], [ 173.021718729599286, -34.825199103482298 ], [ 173.021134889994727, -34.824634593800127 ], [ 173.020653350430308, -34.824011078478534 ], [ 173.020169702024305, -34.82338877496656 ], [ 173.019672190038335, -34.822774462793269 ], [ 173.019148825933684, -34.822175056346993 ], [ 173.018567585134804, -34.821609025726048 ], [ 173.018107338511129, -34.820973207555319 ], [ 173.017867483203304, -34.820210273927252 ], [ 173.017385288515186, -34.819587105157112 ], [ 173.016606430556806, -34.819135033067042 ], [ 173.016207827435494, -34.81846364407135 ], [ 173.015600719719572, -34.817912505835118 ], [ 173.015049866570905, -34.81732891827108 ], [ 173.014529725133769, -34.816727196232719 ], [ 173.013971007614828, -34.816147837027053 ], [ 173.013474417111013, -34.81553277341925 ], [ 173.012941035454872, -34.814939170128888 ], [ 173.01237031853708, -34.814367285205016 ], [ 173.011904630197932, -34.813734287102683 ], [ 173.011292745359526, -34.813186346097901 ], [ 173.010733093209495, -34.812608010122197 ], [ 173.01026895640922, -34.811974096137703 ], [ 173.00974814299002, -34.811373153856223 ], [ 173.009282410277677, -34.810740159545581 ], [ 173.008725572344076, -34.810160168617429 ], [ 173.008305593238561, -34.809500544571179 ], [ 173.007881631394923, -34.808843233224756 ], [ 173.007132246498429, -34.808375259106498 ], [ 173.006802644848761, -34.807663037320737 ], [ 173.006102810159263, -34.807166224506588 ], [ 173.005599339390187, -34.806555156515287 ], [ 173.005022649743836, -34.805986685105168 ], [ 173.004573235594137, -34.805344156505271 ], [ 173.004022397489052, -34.804760584194511 ], [ 173.003433633977778, -34.804199216451828 ], [ 173.00307336628893, -34.803504333094779 ], [ 173.002288600759726, -34.803057701955666 ], [ 173.001905162099519, -34.80237635251823 ], [ 173.001278593778068, -34.801837191694233 ], [ 173.000709073342136, -34.80126466229153 ], [ 173.000178887359198, -34.800669124006617 ], [ 172.999665005470263, -34.800064045997807 ], [ 172.999111910299746, -34.799481949130168 ], [ 172.998678079823179, -34.798830263188002 ], [ 172.998173219566553, -34.798220017295108 ] ] } },
{ "type": "Feature", "properties": { "group_id": "nzd0027" }, "geometry": { "type": "LineString", "coordinates": [ [ 173.33703573703815, -34.857076352990539 ], [ 173.337888200886198, -34.856859212885695 ], [ 173.338753780278836, -34.856677891881517 ], [ 173.33963776295252, -34.856541829193993 ], [ 173.340449566976076, -34.856279988804914 ], [ 173.341238539284603, -34.856062088893054 ], [ 173.342064605216052, -34.85599015345813 ], [ 173.34276261250514, -34.855831960699092 ], [ 173.343641005510875, -34.855582447545473 ], [ 173.344513050427537, -34.855378843245973 ], [ 173.345340771679275, -34.855169364489939 ], [ 173.346125165408978, -34.854925529132757 ], [ 173.346955158795708, -34.854680423709851 ], [ 173.347881003924158, -34.854448766788714 ], [ 173.348752869530017, -34.854191644825683 ], [ 173.349509176769857, -34.853957240001321 ], [ 173.350321765472785, -34.853718155271125 ], [ 173.351199616070772, -34.853420485576969 ], [ 173.352033981307613, -34.853157355952582 ], [ 173.352793247916509, -34.852890981682421 ], [ 173.353669506780619, -34.852628846070793 ], [ 173.354564910527671, -34.852321033878695 ], [ 173.355327288817818, -34.852065763743461 ], [ 173.356066373898699, -34.851815074289206 ], [ 173.356900020111141, -34.851537456212746 ], [ 173.397180473952574, -34.820455470812867 ], [ 173.397225176964326, -34.819725447111715 ], [ 173.397221700368107, -34.818990321689775 ], [ 173.397130912254227, -34.818255268255385 ], [ 173.396970782725504, -34.817528451284687 ], [ 173.396799907903329, -34.816799992197552 ], [ 173.396591176811228, -34.816028885350811 ], [ 173.396048631484177, -34.815367355482138 ] ] } },
{ "type": "Feature", "properties": { "group_id": "nzd0028" }, "geometry": { "type": "LineString", "coordinates": [ [ 173.295640352605943, -34.861404765556514 ], [ 173.296471374192294, -34.861585493820549 ], [ 173.29731308102015, -34.861733083811423 ], [ 173.298186149644124, -34.861784071320393 ], [ 173.299046604064756, -34.86178535185455 ], [ 173.299953139681037, -34.861768762377231 ], [ 173.300842982166586, -34.861741872278252 ], [ 173.30171277466772, -34.861702154781376 ], [ 173.30259698335621, -34.86162625690077 ], [ 173.303492866223962, -34.861537516735872 ], [ 173.304394338027038, -34.861466654128684 ], [ 173.305289391370451, -34.861432112699369 ], [ 173.306179851340119, -34.86137171463217 ], [ 173.307081997579587, -34.861356828192186 ], [ 173.30799305962131, -34.86135176272353 ], [ 173.308891932624761, -34.861349514946625 ], [ 173.309776460716051, -34.861299668896024 ], [ 173.310665558586379, -34.861169252214921 ], [ 173.311567457824481, -34.861096620526709 ], [ 173.312461210302075, -34.861032133277888 ], [ 173.3133504812198, -34.860978549714211 ], [ 173.314232900958359, -34.860911144683534 ], [ 173.31511523497511, -34.860811386215126 ], [ 173.316003982971324, -34.860676403617234 ], [ 173.316886759678624, -34.860579877835697 ], [ 173.317777025180817, -34.86052586836815 ], [ 173.318671804615548, -34.860434656107081 ], [ 173.319569276343088, -34.860324808817467 ], [ 173.320469002087918, -34.860236179311521 ], [ 173.32134713923557, -34.860114602095734 ], [ 173.322232693682395, -34.860029112119989 ], [ 173.323134936033568, -34.85994896969747 ], [ 173.324018939044606, -34.85977832647793 ], [ 173.324855049789733, -34.859660598115418 ], [ 173.325712041972423, -34.859559535625863 ], [ 173.326615483138937, -34.859409993393633 ], [ 173.327531618501268, -34.859311260653605 ], [ 173.328427453284348, -34.859195665680495 ] ] } },
{ "type": "Feature", "properties": { "group_id": "nzd0029" }, "geometry": { "type": "LineString", "coordinates": [ [ 173.154864649025171, -34.82612390252357 ], [ 173.155169978690708, -34.826825827618698 ], [ 173.15533289491853, -34.827534101852741 ], [ 173.155325081617491, -34.828239179303189 ], [ 173.155368500032921, -34.828966749722333 ], [ 173.155200505665164, -34.829683868208846 ], [ 173.1551753052496, -34.830420775296105 ], [ 173.155030356620529, -34.831148530023526 ], [ 173.15507427518898, -34.831890688173573 ], [ 173.155074172707032, -34.832626014000795 ], [ 173.155163787822204, -34.833356181363897 ], [ 173.155323754425439, -34.834078318127453 ], [ 173.155450068253572, -34.834792170375621 ], [ 173.155656470296549, -34.835506650751313 ], [ 173.155851924866511, -34.836217172524535 ], [ 173.155990852766564, -34.836948443604932 ], [ 173.156288347311119, -34.837640512546066 ], [ 173.156556945119007, -34.838342058135211 ], [ 173.156862892488391, -34.839036496972319 ], [ 173.15715924238188, -34.839728773905662 ], [ 173.157507313463327, -34.840403530447844 ], [ 173.157960677767676, -34.841036449504557 ], [ 173.158313548736572, -34.841711871605384 ], [ 173.158704394789766, -34.842389823463556 ], [ 173.159172419296453, -34.843012214695953 ], [ 173.159686872119096, -34.843609700472726 ], [ 173.160284187788449, -34.844164054017192 ], [ 173.160834621188457, -34.844744745030582 ], [ 173.161443189925137, -34.845281990887564 ], [ 173.162004188705254, -34.845850009640806 ], [ 173.162569821881846, -34.846417558957114 ], [ 173.163150913003079, -34.84698372782929 ], [ 173.163862503812425, -34.847441553039133 ], [ 173.164493423818499, -34.847966425158539 ], [ 173.165116784411651, -34.848497554599142 ], [ 173.165756177240922, -34.849018007496767 ], [ 173.166467246494051, -34.849479398444295 ], [ 173.167088192304391, -34.849994365251675 ], [ 173.167711528430999, -34.850517214165265 ], [ 173.168355172113706, -34.851007462356449 ], [ 173.168971040510911, -34.851556403917648 ], [ 173.16965360765974, -34.852037154169722 ], [ 173.170281461338732, -34.852562685367388 ], [ 173.17089395993861, -34.853101952082277 ], [ 173.171501911854079, -34.853640378269176 ], [ 173.172161519524678, -34.854142397928797 ], [ 173.172778900733306, -34.8546743575153 ], [ 173.17336540067879, -34.855233812164371 ], [ 173.174010697047663, -34.855732892596208 ], [ 173.174686190012096, -34.856184035509315 ], [ 173.175377455245325, -34.856653174648763 ], [ 173.176136981289403, -34.857067012673681 ], [ 173.176930221671967, -34.857449065854667 ], [ 173.177632622060912, -34.857882010397759 ], [ 173.178299000185433, -34.858389823831175 ], [ 173.178860051850791, -34.858986301232818 ], [ 173.179535008105574, -34.859470610987927 ], [ 173.180278430785933, -34.859909886798121 ], [ 173.180915836543903, -34.860421286502635 ], [ 173.181541410526421, -34.860922609674219 ], [ 173.182161072097415, -34.861468925140677 ], [ 173.182909940202109, -34.861879497742173 ], [ 173.183599729696169, -34.862315438742598 ], [ 173.184297779120897, -34.862773742969942 ], [ 173.185052200066679, -34.86314164199657 ], [ 173.185845863962783, -34.863467006194995 ], [ 173.1866325901224, -34.863852776290052 ], [ 173.187446716047617, -34.864191118499576 ], [ 173.188136292298623, -34.86462998625133 ], [ 173.188917683339298, -34.864993937169118 ], [ 173.189651290048999, -34.86544245582369 ], [ 173.190362898815778, -34.86588789656777 ], [ 173.191084615229357, -34.866304072146512 ], [ 173.191859640722413, -34.866666278957844 ], [ 173.192667899832202, -34.867000242726668 ], [ 173.193427348452275, -34.867387971663717 ], [ 173.19423327112807, -34.867697463067415 ], [ 173.195064798630852, -34.868017483462957 ], [ 173.195890286615281, -34.868344924821407 ], [ 173.196653175230182, -34.868673754583114 ], [ 173.197396005664189, -34.869103323119504 ], [ 173.198209697690771, -34.869462334151144 ], [ 173.198981887350868, -34.869841204683475 ], [ 173.199745653993489, -34.870223527033353 ], [ 173.200491596965662, -34.870560894536069 ], [ 173.20120824762256, -34.870900537587659 ], [ 173.201998764181866, -34.871176267611567 ], [ 173.202795742343397, -34.871492256453863 ], [ 173.203643145827414, -34.871761031867926 ], [ 173.204493142832064, -34.872022839744481 ], [ 173.205326764185344, -34.872274190069341 ], [ 173.206141668525447, -34.872531186495124 ], [ 173.206979215603468, -34.872798224813053 ], [ 173.207817506803622, -34.873057458828377 ], [ 173.208667395921964, -34.873303220600107 ], [ 173.209504715831685, -34.873561146210022 ], [ 173.210327684814843, -34.873866292179898 ], [ 173.211156819429419, -34.874157915470946 ], [ 173.211964302546278, -34.874447594992091 ], [ 173.212777521462783, -34.874760389126386 ], [ 173.213605410942705, -34.875082252458114 ], [ 173.214416479823228, -34.875417038356225 ], [ 173.215215519214752, -34.875738396129066 ], [ 173.216003383051259, -34.87607231703241 ], [ 173.216767908093772, -34.87634808159703 ], [ 173.217562604169018, -34.876601838444927 ], [ 173.218435447169696, -34.876803201392001 ], [ 173.219282280572571, -34.877009285500044 ], [ 173.220102179592885, -34.877042983736551 ], [ 173.220999048489432, -34.8772106784904 ], [ 173.221902206358692, -34.877490588161095 ], [ 173.222747692483267, -34.877776306130997 ], [ 173.223547370519185, -34.87806049729879 ], [ 173.22433197257115, -34.878385554608023 ], [ 173.225201637258863, -34.878560021304246 ], [ 173.226059402192078, -34.878707398427991 ], [ 173.226908775067699, -34.878935111434629 ], [ 173.227781034035644, -34.87910965579136 ], [ 173.228659214872323, -34.879279488592381 ], [ 173.229524639165845, -34.879448087348614 ], [ 173.230394001188131, -34.879562361625879 ], [ 173.231280098588655, -34.879623674682975 ], [ 173.23214920201147, -34.879648207158375 ], [ 173.233027768873711, -34.879794978393498 ], [ 173.23392854470589, -34.879854281761112 ], [ 173.23481789299268, -34.879908388282743 ], [ 173.235714046042204, -34.880031907031309 ], [ 173.236578839513214, -34.88029368553363 ], [ 173.237468846222725, -34.880353079027081 ], [ 173.238349082830581, -34.880474486405689 ], [ 173.239215117278945, -34.880689779524232 ], [ 173.240112860211411, -34.880750074037401 ], [ 173.241007986115818, -34.880823614224575 ], [ 173.241896774058631, -34.880922785153444 ], [ 173.242786215857734, -34.881030218699514 ], [ 173.243658904023647, -34.88121756886035 ], [ 173.244540618835998, -34.881369814152031 ], [ 173.245428372826439, -34.881465328906827 ], [ 173.246324789042603, -34.881534203500848 ], [ 173.247208853357222, -34.881663317891302 ], [ 173.248085609636348, -34.88184013360361 ], [ 173.248992541749004, -34.881818666473471 ], [ 173.249891168637561, -34.881864916864309 ], [ 173.250785749419748, -34.881937280230844 ], [ 173.251681827101123, -34.881985412406756 ], [ 173.252571388360224, -34.882093806895625 ], [ 173.253473412506622, -34.882127914069834 ], [ 173.254346646487079, -34.882325835222488 ], [ 173.25524358450852, -34.882387682221569 ], [ 173.256141152746068, -34.882435409490228 ], [ 173.257024938623886, -34.882560010294299 ], [ 173.257912454088995, -34.882572830611423 ], [ 173.258792875500887, -34.882642869439294 ], [ 173.259693976070963, -34.88272215903762 ], [ 173.260607809664918, -34.882704028396738 ], [ 173.26153248092163, -34.882706948673956 ], [ 173.262406204646652, -34.882796022466771 ], [ 173.26324314934908, -34.882810458888009 ], [ 173.264169839935647, -34.882898882140182 ], [ 173.265098340551873, -34.883023773406421 ], [ 173.265995833632701, -34.883035039179937 ], [ 173.26686235394024, -34.883189016847382 ], [ 173.267745059196017, -34.883384600329585 ], [ 173.268645456686215, -34.883587233269324 ], [ 173.269528287077463, -34.883852919211584 ], [ 173.270406363563353, -34.884114258093412 ], [ 173.271247804662096, -34.884437203472906 ], [ 173.272012447144164, -34.88486091212134 ], [ 173.272878368883511, -34.885168655003305 ], [ 173.273797134526433, -34.885479446228814 ], [ 173.274661009791743, -34.885881956192968 ], [ 173.275289435649739, -34.886261506579594 ], [ 173.275910328588566, -34.886617193692452 ], [ 173.27663354965739, -34.887121953185108 ], [ 173.277386370029802, -34.887649569012396 ], [ 173.278063556926242, -34.888217863121895 ], [ 173.278778634079401, -34.88876521648254 ], [ 173.279514665435528, -34.8892537054153 ], [ 173.280231561362683, -34.889691139193438 ] ] } },
{ "type": "Feature", "properties": { "group_id": "nzd0030" }, "geometry": { "type": "LineString", "coordinates": [ [ 173.095248879004942, -34.913605115699518 ], [ 173.094789882344031, -34.912971245420522 ], [ 173.094318169999866, -34.912344812036331 ], [ 173.093922558958496, -34.911679678723452 ], [ 173.093467280615215, -34.911044381602125 ], [ 173.092925169737327, -34.910453330553075 ], [ 173.092523041594575, -34.909790937908951 ], [ 173.092034817827823, -34.909172415826852 ], [ 173.091519542745743, -34.908567674666863 ], [ 173.091088253225564, -34.907920128614499 ], [ 173.09057553042561, -34.907314077253844 ], [ 173.090118306491121, -34.906679738150572 ], [ 173.089653383892852, -34.906049317602367 ], [ 173.089153229559798, -34.905436846879013 ], [ 173.088606603396727, -34.904848054091332 ], [ 173.088162297886583, -34.904207112477664 ], [ 173.087718090303412, -34.903566116144184 ], [ 173.087103083535908, -34.903012156836496 ], [ 173.086686725156937, -34.902356958646777 ], [ 173.086290872486956, -34.901691305537689 ], [ 173.085708135112071, -34.901121181291913 ], [ 173.085191422522087, -34.900518568388691 ], [ 173.084727254343221, -34.899887795259339 ], [ 173.084327794715506, -34.899221631349413 ], [ 173.083742519887863, -34.89865532140481 ], [ 173.083264552103316, -34.898031339148432 ], [ 173.082834640150821, -34.89738152660324 ], [ 173.082291015065863, -34.89679281988802 ], [ 173.081849437874183, -34.896149267041409 ], [ 173.081412448571399, -34.895503243908024 ], [ 173.080834761552751, -34.894932828604006 ], [ 173.080340122660743, -34.894317777723664 ], [ 173.079855971401628, -34.893697086042962 ], [ 173.079287307471134, -34.893121807736961 ], [ 173.078860989170266, -34.892470026748846 ], [ 173.078290357473264, -34.891895796710592 ], [ 173.077740520514823, -34.8913103866971 ], [ 173.077335785029135, -34.890646992988913 ], [ 173.076821901172821, -34.890042252158942 ], [ 173.076326964253809, -34.889428163612799 ], [ 173.075815929964534, -34.888824471371713 ], [ 173.075338683847065, -34.888200387867691 ], [ 173.074803372933559, -34.88760834909511 ], [ 173.074326067911755, -34.886982856415237 ], [ 173.073735626115308, -34.886422600357648 ], [ 173.073304123698193, -34.885770686432146 ], [ 173.072762983099693, -34.885181991671651 ], [ 173.072343802998944, -34.884522962990715 ], [ 173.071879127773485, -34.883890164924161 ], [ 173.071359428014802, -34.883289092836257 ], [ 173.070921802397748, -34.882640687381084 ], [ 173.07028278910002, -34.88210840982827 ], [ 173.069832600345592, -34.881467240216395 ], [ 173.069281557629807, -34.88088422464444 ], [ 173.068704814032515, -34.880315878735878 ], [ 173.068311348029141, -34.879645331675135 ], [ 173.067828253773769, -34.879025309063799 ], [ 173.067415599614549, -34.878366528316135 ], [ 173.066843443810512, -34.877792540408642 ], [ 173.066361762893195, -34.877170447745577 ], [ 173.065952419936735, -34.876509892562908 ], [ 173.065295041768223, -34.875981198396552 ], [ 173.064878638287894, -34.875324387638514 ], [ 173.06429270919736, -34.874757698896111 ], [ 173.06385331359175, -34.874113102362564 ], [ 173.063346296900363, -34.873504451278521 ], [ 173.062726587289973, -34.872955707631448 ], [ 173.062221920396809, -34.872345797996068 ], [ 173.061684321095697, -34.871753972494098 ], [ 173.061217994458303, -34.87112924300542 ], [ 173.060661301179749, -34.870555266642128 ], [ 173.060181945837712, -34.869929999686448 ], [ 173.059822403398755, -34.869233318668854 ], [ 173.059136346007818, -34.86873123935321 ], [ 173.058604257732327, -34.868137388623104 ], [ 173.058261039455715, -34.867430965168666 ], [ 173.05756483553759, -34.866934920350936 ], [ 173.057160005024116, -34.866265209747084 ], [ 173.056752831163237, -34.86559689120444 ], [ 173.056158824049049, -34.865039923198843 ], [ 173.055641133394687, -34.864437744895717 ], [ 173.05508228821293, -34.863859688129061 ], [ 173.054461731429939, -34.863315995386763 ], [ 173.053976777473054, -34.862694916473295 ], [ 173.053452637879445, -34.862096190794375 ], [ 173.052967558642052, -34.861475174415119 ], [ 173.052419751538622, -34.860889943528875 ], [ 173.051946887250239, -34.8602619488614 ], [ 173.051419643271458, -34.859664976576369 ], [ 173.050910797412655, -34.859057502602411 ], [ 173.050404050536144, -34.858448881038143 ], [ 173.049916750475802, -34.857830192124368 ], [ 173.049356677488333, -34.857254582543838 ], [ 173.048856951467428, -34.856640616611202 ], [ 173.048330249796265, -34.856043307913581 ], [ 173.047778679434543, -34.85546135510512 ] ] } },
{ "type": "Feature", "properties": { "group_id": "nzd0031" }, "geometry": { "type": "LineString", "coordinates": [ [ 173.3825840019841, -34.874677783469153 ], [ 173.381673965341008, -34.87474312151636 ], [ 173.38073354707609, -34.874908315484184 ], [ 173.379910671261626, -34.875320254868861 ], [ 173.379192175414403, -34.875775841811603 ], [ 173.378527006275959, -34.876262166170591 ], [ 173.377876005085056, -34.876772523273978 ], [ 173.377123107371887, -34.877197296352598 ], [ 173.376539971025494, -34.877810493849388 ], [ 173.375939254532085, -34.878375027446801 ], [ 173.375381849088626, -34.878946626991997 ], [ 173.374940137589448, -34.879565574903722 ], [ 173.374511842768044, -34.880220276199921 ], [ 173.374135605168618, -34.880902945985859 ], [ 173.373736824019971, -34.881561328891451 ], [ 173.373312636915244, -34.882203917191148 ], [ 173.372914527114062, -34.882861849807043 ], [ 173.372616788913092, -34.883559715988788 ], [ 173.372232895932569, -34.884227437790109 ], [ 173.371912765805121, -34.884916279350776 ], [ 173.371542094301191, -34.885594828880372 ], [ 173.371394730533069, -34.886328736096523 ], [ 173.371143252275317, -34.887029256555536 ], [ 173.370719336598597, -34.887667337992823 ], [ 173.370347127482063, -34.888328593722456 ], [ 173.370233773721907, -34.888978545560221 ], [ 173.370179536593866, -34.889699146140096 ], [ 173.369932308636123, -34.890405243913591 ], [ 173.369836868609042, -34.891140595445734 ], [ 173.369612322915316, -34.89185553643734 ], [ 173.369484576968887, -34.892585358854092 ], [ 173.369351399599054, -34.89331390110263 ], [ 173.369222044679134, -34.894041932950522 ], [ 173.369152265809817, -34.894776370469643 ], [ 173.369120441155275, -34.895515590232179 ], [ 173.369022205090857, -34.896243738354137 ], [ 173.368923341016369, -34.896955574234362 ], [ 173.368855629448063, -34.897682797283053 ], [ 173.368862304554568, -34.898410725931768 ], [ 173.368896322444442, -34.899145965555185 ], [ 173.368937736752116, -34.89987887496018 ], [ 173.368991464303235, -34.900600932018364 ], [ 173.369052834637728, -34.901335250061031 ], [ 173.369137565400194, -34.902068991287784 ], [ 173.369255416313223, -34.90279978370102 ], [ 173.369407743398199, -34.903528305888244 ], [ 173.369533589260186, -34.904259293687275 ], [ 173.369633851163655, -34.904987669454215 ], [ 173.369742388455677, -34.905713631731409 ], [ 173.369838154925617, -34.906444259891842 ], [ 173.369928481627312, -34.907183845391344 ], [ 173.370023538836165, -34.907916869567721 ], [ 173.370154659225136, -34.908634866234756 ], [ 173.37024965125994, -34.90936586321088 ], [ 173.370434765122496, -34.910087481143016 ], [ 173.370573396018528, -34.910812750092823 ], [ 173.370703757331796, -34.91153958130684 ], [ 173.370927804734634, -34.912252907491485 ], [ 173.371056567646434, -34.912984224258786 ], [ 173.371227490987309, -34.913702489431813 ], [ 173.371406970399221, -34.91441845522062 ], [ 173.371569036752305, -34.915146623544508 ], [ 173.371728275495599, -34.915867588730428 ], [ 173.371815550651974, -34.916609530136462 ], [ 173.371974709263384, -34.917328080681123 ], [ 173.372027382219869, -34.918021767758788 ], [ 173.371999649631277, -34.918808483906247 ], [ 173.372513738308584, -34.919476524600888 ], [ 173.372866324382699, -34.920117328998771 ], [ 173.373165371857795, -34.920792152297714 ], [ 173.373436229471821, -34.921504522230279 ], [ 173.373617293122038, -34.922210308449912 ], [ 173.373840758494367, -34.922896040133345 ], [ 173.374128190558764, -34.9236070466089 ], [ 173.374373119993948, -34.924319344940905 ], [ 173.374587778911632, -34.925021915679174 ], [ 173.374831537761992, -34.925727100883407 ], [ 173.37509788279533, -34.926436702666891 ], [ 173.375375645229639, -34.927148337174124 ], [ 173.375636861245027, -34.927864390255998 ], [ 173.375883270899692, -34.928578688896941 ], [ 173.376137324892653, -34.929279924026915 ], [ 173.376440633844936, -34.929951964074135 ], [ 173.37679880288178, -34.930648307947131 ], [ 173.377102299161123, -34.931331813480838 ], [ 173.377390319723844, -34.931998926377055 ], [ 173.377692803785919, -34.932715851937644 ], [ 173.377984558938465, -34.933404970205871 ], [ 173.378303192210439, -34.934076759089798 ], [ 173.378586527961005, -34.93478092837983 ], [ 173.37893875945187, -34.935499476006548 ], [ 173.37925331793798, -34.936207319599525 ], [ 173.379637759996911, -34.936804045739414 ], [ 173.379949969929896, -34.93748134932892 ], [ 173.380319180528744, -34.938173011993491 ], [ 173.380729125565466, -34.938856316985799 ], [ 173.381146318502545, -34.939534727063297 ], [ 173.381556723342044, -34.940179932043911 ], [ 173.381920993977559, -34.940833020537042 ], [ 173.382325972069083, -34.94148829003494 ], [ 173.382724734773518, -34.942146377859004 ], [ 173.38317292689581, -34.942795285489801 ], [ 173.38362562801791, -34.943437583662991 ], [ 173.384103510543611, -34.944060561607323 ], [ 173.384516189550595, -34.944714007618408 ], [ 173.384984658051593, -34.945338084223174 ], [ 173.385425403103341, -34.945977396614431 ], [ 173.385855661034071, -34.946631351964648 ], [ 173.386329693274433, -34.947274771134964 ], [ 173.386781241895932, -34.947920938834351 ], [ 173.387232149251219, -34.948537892996136 ], [ 173.387707692621376, -34.949156712170883 ], [ 173.388166643784388, -34.949785315056786 ], [ 173.388648772361933, -34.950385567598843 ], [ 173.38918090148718, -34.950989395494815 ], [ 173.389698550388772, -34.951605006607089 ], [ 173.390207390870984, -34.952217062201413 ], [ 173.390726705787841, -34.952824233153429 ], [ 173.391261491036744, -34.953424641723643 ], [ 173.391797483401717, -34.95401387143864 ], [ 173.392315116155146, -34.954603561028996 ], [ 173.392828634327913, -34.95520296306109 ], [ 173.393373617030477, -34.95577832712646 ], [ 173.393892347893484, -34.956384624038456 ], [ 173.394444334966408, -34.956975824984255 ], [ 173.395002457593392, -34.957553643535505 ], [ 173.395589991723938, -34.958112817943743 ], [ 173.396117347555702, -34.958709940786022 ], [ 173.396717338100018, -34.959259734511321 ], [ 173.397257107099875, -34.959848485159391 ], [ 173.397850637057303, -34.960402458752434 ], [ 173.3984252306727, -34.960970417549667 ], [ 173.399005269352301, -34.961534403090447 ], [ 173.399580730282111, -34.962099712604044 ] ] } },
{ "type": "Feature", "properties": { "group_id": "nzd0032" }, "geometry": { "type": "LineString", "coordinates": [ [ 173.573573686076003, -34.939673847154431 ], [ 173.57275184058085, -34.940232067028852 ], [ 173.572633832610734, -34.941036574568187 ], [ 173.572679005664014, -34.941800137804933 ] ] } },
{ "type": "Feature", "properties": { "group_id": "nzd0033" }, "geometry": { "type": "LineString", "coordinates": [ [ 173.137400490038772, -34.974553979060261 ], [ 173.136958999688403, -34.973911553736841 ], [ 173.136597912681765, -34.973236810280831 ], [ 173.136179872335219, -34.972584950134078 ], [ 173.135780956491573, -34.971925398810114 ], [ 173.135414946679759, -34.971252617666288 ], [ 173.135022088187867, -34.970590621277744 ], [ 173.134634965504858, -34.969926314393 ], [ 173.134271796514639, -34.969252375436319 ], [ 173.13390228759431, -34.968580979039253 ], [ 173.133488835237785, -34.967927237710789 ], [ 173.133041824454295, -34.967286977871559 ], [ 173.132682595781006, -34.966610490721543 ], [ 173.132289377529958, -34.965945747517992 ], [ 173.131871242524539, -34.965292258329086 ], [ 173.13157665637172, -34.964587865189841 ], [ 173.131119638807803, -34.963952922070874 ], [ 173.130732759973057, -34.963287982536357 ], [ 173.130215617585037, -34.962678738359472 ], [ 173.129771670391108, -34.962038190824096 ], [ 173.129335322878234, -34.961394388487818 ], [ 173.128894903853819, -34.960752321938394 ], [ 173.128443876955316, -34.96011478612477 ], [ 173.128045735725209, -34.959454631219394 ], [ 173.127613210392298, -34.958809173754773 ], [ 173.127213226452795, -34.958149796358143 ], [ 173.12677890161919, -34.957505097968422 ], [ 173.126360779682926, -34.956853465992992 ], [ 173.125992389660752, -34.956180563285216 ], [ 173.125549287189301, -34.955539602648443 ], [ 173.125178973306788, -34.954867512098794 ], [ 173.124807617424665, -34.954195861827657 ], [ 173.124332275517219, -34.95356743118343 ], [ 173.123872181745554, -34.952932252953197 ], [ 173.12338919530211, -34.952309344410715 ], [ 173.122963154448655, -34.951660883051453 ], [ 173.122516826495314, -34.951021899396395 ], [ 173.122138923855488, -34.950350926879302 ], [ 173.121722256744732, -34.949698068869282 ], [ 173.121304425988853, -34.94904574974143 ], [ 173.120828382166394, -34.948420636113383 ], [ 173.12038437449695, -34.947780542845415 ], [ 173.119946139739596, -34.947137746139596 ], [ 173.119484429458339, -34.946505917619447 ], [ 173.119074810813657, -34.945849734829281 ], [ 173.118603831239113, -34.945222884811407 ], [ 173.118178225703872, -34.944576679684545 ], [ 173.117722860127458, -34.943942916357614 ], [ 173.117263606611033, -34.943309210695347 ], [ 173.116802738593833, -34.942676208520773 ], [ 173.116260105023912, -34.942079723302697 ], [ 173.115854896559, -34.941422976970344 ], [ 173.115449845169991, -34.940764211414198 ], [ 173.114923463378403, -34.940163881128122 ], [ 173.114532714642223, -34.939497766714744 ], [ 173.114083107085037, -34.938860192689383 ], [ 173.113576904236083, -34.938250061385908 ], [ 173.11317414999138, -34.937589754573118 ], [ 173.112698271552915, -34.936964906713712 ], [ 173.112255497321485, -34.936323999000173 ], [ 173.111854066984478, -34.935663035250691 ], [ 173.11141620697714, -34.935019734337267 ], [ 173.110985941146907, -34.93437274542714 ], [ 173.110541094361309, -34.93373282313614 ], [ 173.110134862636073, -34.933074168119667 ], [ 173.109613112504206, -34.932471533115375 ], [ 173.109097460285398, -34.931865935799991 ], [ 173.108651894472729, -34.931226342611218 ], [ 173.108150487238134, -34.930613928938456 ], [ 173.107740661138649, -34.929957823407825 ], [ 173.107275505986991, -34.929327547522291 ], [ 173.106823123035639, -34.928691213997091 ], [ 173.106438692008055, -34.928023162138132 ], [ 173.106006874221464, -34.927377220758245 ], [ 173.105513740972725, -34.926759020089456 ], [ 173.104980211233084, -34.926163127773783 ], [ 173.104548692308668, -34.925515573926113 ], [ 173.104085985505492, -34.924884084409662 ], [ 173.103531298870621, -34.924300028686282 ], [ 173.103043896774693, -34.92368126627953 ], [ 173.102613667780332, -34.923033012117443 ], [ 173.102084616126234, -34.922435720977823 ], [ 173.101616673850828, -34.921806907935839 ], [ 173.101158234713267, -34.921173213767446 ], [ 173.100628440994257, -34.920577056133503 ], [ 173.100210849249976, -34.919921718080211 ], [ 173.09978938765687, -34.919267793805112 ], [ 173.099275046438805, -34.918663426343699 ], [ 173.09873942561552, -34.918070409243811 ], [ 173.098223304588885, -34.917466982207181 ], [ 173.09775413304186, -34.916838497808754 ], [ 173.097295607170253, -34.916204328085627 ], [ 173.096811274933117, -34.915583924253404 ], [ 173.096273879152761, -34.914991831082716 ], [ 173.09585710882854, -34.914335366102172 ], [ 173.095396791366454, -34.913702133688261 ] ] } },
{ "type": "Feature", "properties": { "group_id": "nzd0034" }, "geometry": { "type": "LineString", "coordinates": [ [ 173.573213020731515, -34.943538953807654 ], [ 173.57372982264522, -34.944080619374361 ], [ 173.574462613600673, -34.944478347895959 ], [ 173.575284693197119, -34.944759107620285 ], [ 173.576139931350667, -34.944943657844661 ], [ 173.576999916935677, -34.945029652073792 ], [ 173.577865484803226, -34.945069138720179 ] ] } },
{ "type": "Feature", "properties": { "group_id": "nzd0035" }, "geometry": { "type": "LineString", "coordinates": [ [ 173.619449461356481, -34.950487556040777 ], [ 173.619571488557256, -34.951250880380449 ], [ 173.619991589242403, -34.951947136278456 ], [ 173.620656443092287, -34.952448069683349 ] ] } },
{ "type": "Feature", "properties": { "group_id": "nzd0036" }, "geometry": { "type": "LineString", "coordinates": [ [ 173.67018208103886, -34.961726507350178 ], [ 173.67108912783246, -34.961752744028153 ], [ 173.671999240813562, -34.961682006343437 ], [ 173.672881595067878, -34.961475854151374 ], [ 173.673728665045815, -34.961199586962252 ], [ 173.674571894741916, -34.960908614380422 ], [ 173.675374195128313, -34.960566177343502 ], [ 173.676139879075265, -34.960159382287316 ], [ 173.676870739947958, -34.959703657106409 ], [ 173.677576137853379, -34.959194146551532 ], [ 173.678234087596394, -34.958601932476569 ], [ 173.678712772851469, -34.957931779039534 ] ] } },
{ "type": "Feature", "properties": { "group_id": "nzd0037" }, "geometry": { "type": "LineString", "coordinates": [ [ 173.641511929361712, -34.964203424711691 ], [ 173.642228723747223, -34.964656888487617 ], [ 173.642964912577241, -34.965106056880138 ], [ 173.643797839560932, -34.965477226872885 ], [ 173.644627432809017, -34.965867562457184 ], [ 173.645558848427726, -34.966206627698071 ], [ 173.646592130135701, -34.96611854553155 ], [ 173.647500568705567, -34.965939007015706 ], [ 173.648382493230486, -34.965651666919584 ], [ 173.649268403964868, -34.965919608748834 ], [ 173.650246760558616, -34.965853186212755 ], [ 173.651166871288808, -34.965586662223942 ] ] } },
{ "type": "Feature", "properties": { "group_id": "nzd0038" }, "geometry": { "type": "LineString", "coordinates": [ [ 173.652973772422911, -34.96667025218575 ], [ 173.653848910649458, -34.96687969208331 ], [ 173.654721715076789, -34.967106064965741 ] ] } },
{ "type": "Feature", "properties": { "group_id": "nzd0040" }, "geometry": { "type": "LineString", "coordinates": [ [ 173.50444464443882, -34.989372771134718 ], [ 173.505233834865948, -34.989726156853003 ], [ 173.506071212095293, -34.990094184168676 ], [ 173.507009798757309, -34.990307084060859 ], [ 173.507912057371669, -34.990374748530108 ], [ 173.50882885107211, -34.990287696099351 ], [ 173.509742759774866, -34.990176945277319 ], [ 173.510667296350704, -34.990218904136775 ], [ 173.511563802623925, -34.990155721562829 ], [ 173.512468144618367, -34.990053397753172 ], [ 173.513360999106737, -34.989855009068258 ], [ 173.514249773835445, -34.989694022902533 ], [ 173.515113049109175, -34.989489095268183 ], [ 173.515997468822064, -34.989266634317886 ], [ 173.516900176364089, -34.989048122930598 ], [ 173.517741483203537, -34.98875050174491 ], [ 173.518543297274135, -34.988360505330164 ], [ 173.519310396095563, -34.987907609249866 ], [ 173.520045646711793, -34.987387532002543 ], [ 173.520636180973213, -34.98678808882223 ] ] } },
{ "type": "Feature", "properties": { "group_id": "nzd0041" }, "geometry": { "type": "LineString", "coordinates": [ [ 173.479735958490437, -34.989167618448398 ], [ 173.48044601277212, -34.989618971156261 ], [ 173.481322183010604, -34.989796824883022 ], [ 173.482180074125949, -34.989958897995677 ], [ 173.483041725803758, -34.990152027876036 ], [ 173.483930280475704, -34.990283407832052 ], [ 173.484814664911539, -34.990402693232717 ], [ 173.485699449002766, -34.990607961484081 ], [ 173.486570629625589, -34.990643027565973 ] ] } },
{ "type": "Feature", "properties": { "group_id": "nzd0044" }, "geometry": { "type": "LineString", "coordinates": [ [ 173.791311448045121, -35.001846244476738 ], [ 173.792191993841442, -35.002007315582901 ], [ 173.793088875502605, -35.00206784319009 ], [ 173.793986608553041, -35.002045191832977 ], [ 173.794859870762508, -35.001894269521038 ], [ 173.795664762285526, -35.001619312085488 ] ] } },
{ "type": "Feature", "properties": { "group_id": "nzd0045" }, "geometry": { "type": "LineString", "coordinates": [ [ 173.77986051659795, -35.006994883652411 ], [ 173.780656635903426, -35.00680764323382 ], [ 173.781468156053961, -35.006576995972743 ], [ 173.782294200256956, -35.006281135393415 ], [ 173.783116474805439, -35.005989104534613 ], [ 173.783923445174196, -35.005683780537773 ], [ 173.784685355327184, -35.005330171077539 ], [ 173.78542769671418, -35.00494251106587 ], [ 173.786098617923045, -35.004493646782244 ], [ 173.786756159151849, -35.004002839193426 ], [ 173.787419332237448, -35.00351094259188 ], [ 173.788136842871467, -35.003088240726399 ], [ 173.788830663965228, -35.002632651491012 ] ] } },
{ "type": "Feature", "properties": { "group_id": "nzd0046" }, "geometry": { "type": "LineString", "coordinates": [ [ 173.168136826848695, -35.039582230835641 ], [ 173.167967598639592, -35.038857413161509 ], [ 173.167592473875175, -35.038177990887959 ], [ 173.167388385743834, -35.037461246024797 ], [ 173.167102553607521, -35.036762589674893 ], [ 173.166874382453187, -35.036051163437882 ], [ 173.166603652730544, -35.035349151748846 ], [ 173.166374128199777, -35.034638012758883 ], [ 173.166160107457586, -35.033923435666658 ], [ 173.165885953329223, -35.033222163549226 ], [ 173.16563101948833, -35.032516630669953 ], [ 173.165307383338558, -35.031826299645438 ], [ 173.16515659063748, -35.031097701644541 ], [ 173.164908610226917, -35.030388906484909 ], [ 173.164588704071065, -35.029695901764548 ], [ 173.164294937333352, -35.028998599023666 ], [ 173.163993024804427, -35.028305772982641 ], [ 173.163726222353347, -35.027602894613707 ], [ 173.163478908758435, -35.026894433709494 ], [ 173.163226775825592, -35.026187345833513 ], [ 173.16296958330912, -35.025482404586882 ], [ 173.162717725457185, -35.0247762733553 ], [ 173.162465691322382, -35.024069508312444 ], [ 173.162103225164429, -35.023393522358425 ], [ 173.161837861451374, -35.022690370968455 ], [ 173.161568551399114, -35.02198831740256 ], [ 173.161310905509509, -35.021282995380382 ], [ 173.160969198740986, -35.020601179430848 ], [ 173.160736450342171, -35.019888881604622 ], [ 173.160440461463196, -35.019194266381469 ], [ 173.160095554841973, -35.018513327743172 ], [ 173.159845429110277, -35.017803836925069 ], [ 173.159487145723062, -35.017123126694059 ], [ 173.159175088019282, -35.016430749289583 ], [ 173.15886022456931, -35.015741688553106 ], [ 173.158580169183836, -35.015041707466899 ], [ 173.15822991220557, -35.014363733297067 ], [ 173.157888242107646, -35.013683060831646 ], [ 173.157593284174823, -35.012987735270478 ], [ 173.157296702392784, -35.012292322282036 ], [ 173.156968433375681, -35.011606838990367 ], [ 173.15665990474136, -35.010915667782243 ], [ 173.156413673354081, -35.010204711937568 ], [ 173.156048107179174, -35.009531679207676 ], [ 173.155743639818894, -35.008839221279239 ], [ 173.155386131166495, -35.008163616105264 ], [ 173.155085614249771, -35.007469891038902 ], [ 173.154756630361504, -35.006785208104269 ], [ 173.154468375071673, -35.006087574229319 ], [ 173.154168072832732, -35.005398635793625 ], [ 173.153834135248303, -35.004721064687701 ], [ 173.153539273004526, -35.004027166485329 ], [ 173.153391670033045, -35.003289896998133 ], [ 173.152983323541662, -35.00262736662777 ], [ 173.152774772482189, -35.001907556638024 ], [ 173.152235531747493, -35.001282536970301 ], [ 173.15184919740193, -35.000611885018131 ], [ 173.15148399524611, -34.999933666327856 ], [ 173.151189449061519, -34.999229561105864 ], [ 173.150842468392511, -34.998549842721062 ], [ 173.150547866661299, -34.997849647816231 ], [ 173.150297022403805, -34.997132345633126 ], [ 173.149938843007106, -34.996456987471944 ], [ 173.149561674225254, -34.995789045495293 ], [ 173.149127477818837, -34.995146447615696 ], [ 173.148708688303799, -34.994503795985018 ], [ 173.148308054928918, -34.993849733405199 ], [ 173.147998303002566, -34.993158100351963 ], [ 173.147622151056083, -34.992489347421234 ], [ 173.147261121815973, -34.991815376608379 ], [ 173.146883965565593, -34.99114695862086 ], [ 173.146502553233034, -34.990480001963327 ], [ 173.14608208609306, -34.989826500601346 ], [ 173.145688306737696, -34.98916379526279 ], [ 173.145318973632669, -34.988492658518147 ], [ 173.1449097417443, -34.987835267974134 ], [ 173.144570128348306, -34.987153371629233 ], [ 173.144155846195503, -34.986498134488627 ], [ 173.143744119259708, -34.985843452595908 ], [ 173.143418891622957, -34.985155076695641 ], [ 173.143042266269589, -34.984486821626838 ], [ 173.142687388755775, -34.983810045102821 ], [ 173.142266439061785, -34.983159135806744 ], [ 173.141901217261534, -34.982486399096246 ], [ 173.14153020037412, -34.981815926217315 ], [ 173.141183366896172, -34.981135978076487 ], [ 173.140802332766981, -34.980469416945098 ], [ 173.140422675722476, -34.979802311164271 ], [ 173.140078557358038, -34.979120449637037 ], [ 173.139632673231432, -34.978478897016629 ], [ 173.139301851440223, -34.977791975096764 ], [ 173.138883891297809, -34.977140119383009 ], [ 173.138463038271425, -34.976489420944148 ], [ 173.138077960048008, -34.975824339965691 ], [ 173.137697016444179, -34.975157592001345 ] ] } },
{ "type": "Feature", "properties": { "group_id": "nzd0047" }, "geometry": { "type": "LineString", "coordinates": [ [ 173.776975112731492, -35.007560233245101 ], [ 173.777866757723928, -35.007462857278888 ] ] } },
{ "type": "Feature", "properties": { "group_id": "nzd0050" }, "geometry": { "type": "LineString", "coordinates": [ [ 173.859019568217093, -35.018368389259948 ], [ 173.859518114258691, -35.019005439139491 ], [ 173.860696072108453, -35.018889381643419 ] ] } },
{ "type": "Feature", "properties": { "group_id": "nzd0051" }, "geometry": { "type": "LineString", "coordinates": [ [ 173.865951988165136, -35.02122107916199 ], [ 173.866838065721311, -35.021080030517965 ], [ 173.867720729989088, -35.020951161327801 ], [ 173.868579426891017, -35.02084096730276 ], [ 173.86942602390755, -35.020672024193715 ], [ 173.870227312498173, -35.020388418312457 ], [ 173.870974089076725, -35.02002496880489 ], [ 173.871548753468687, -35.019500808566718 ] ] } },
{ "type": "Feature", "properties": { "group_id": "nzd0052" }, "geometry": { "type": "LineString", "coordinates": [ [ 173.86240392529524, -35.020612742764683 ], [ 173.863160843903103, -35.021007995852514 ], [ 173.863995331511063, -35.021266213787797 ] ] } },
{ "type": "Feature", "properties": { "group_id": "nzd0054" }, "geometry": { "type": "LineString", "coordinates": [ [ 173.17512520864139, -35.108898419382051 ], [ 173.175218570158336, -35.108167473261467 ], [ 173.175349458355242, -35.107439379835938 ], [ 173.175403007835541, -35.106705387198701 ], [ 173.175436114336691, -35.105969830344357 ], [ 173.175572545451871, -35.105241573100109 ], [ 173.175619479171132, -35.104504337596083 ], [ 173.175638842382114, -35.103766440797521 ], [ 173.175646961752193, -35.103030193915451 ], [ 173.175723306308527, -35.102297832770354 ], [ 173.175840329644842, -35.101567785822994 ], [ 173.175926342494648, -35.100835963092578 ], [ 173.175969087144921, -35.100101665255195 ], [ 173.17595879287083, -35.099364334818731 ], [ 173.175997036413918, -35.098629766951511 ], [ 173.17612118821404, -35.097900093801073 ], [ 173.176189567713436, -35.09716495396146 ], [ 173.176221929752046, -35.09642513192496 ], [ 173.176174805870943, -35.095686452862296 ], [ 173.176215274685887, -35.094951714538844 ], [ 173.176357924005401, -35.094217695429812 ], [ 173.176345582917378, -35.093482568706648 ], [ 173.176337535456895, -35.092747465853513 ], [ 173.176377511907958, -35.092012697510171 ], [ 173.176412852781368, -35.091277889609685 ], [ 173.176349686209136, -35.090542375348157 ], [ 173.176358356546643, -35.089807364750001 ], [ 173.176489091491646, -35.089073214592503 ], [ 173.17647340314727, -35.088336652145067 ], [ 173.176438084656382, -35.08760010129209 ], [ 173.17637093635031, -35.086864962900421 ], [ 173.176346964518842, -35.086129907358888 ], [ 173.176377898329747, -35.08539479349745 ], [ 173.176322169537286, -35.08465975460097 ], [ 173.176302317240612, -35.083921940311519 ], [ 173.176314003940803, -35.083183047416163 ], [ 173.176259123354868, -35.082448761243811 ], [ 173.176207702416917, -35.081714704482685 ], [ 173.176112468261522, -35.080981984020219 ], [ 173.176090545256841, -35.080247009891146 ], [ 173.176064475258158, -35.079510917758796 ], [ 173.176091037165634, -35.078771309772947 ], [ 173.175949711536475, -35.078041307564781 ], [ 173.175885540671942, -35.077308016474426 ], [ 173.175803165631208, -35.076575699907089 ], [ 173.175758588813977, -35.075841339601745 ], [ 173.1756771111435, -35.075107894570401 ], [ 173.175590146192235, -35.074374441960359 ], [ 173.175562339111877, -35.073636562301878 ], [ 173.175457455285368, -35.072906368866896 ], [ 173.175319444966448, -35.072179130288127 ], [ 173.175254183102737, -35.071445381690211 ], [ 173.175157135810963, -35.070714468058149 ], [ 173.17503410247204, -35.06998418343742 ], [ 173.17494111676433, -35.069250631251698 ], [ 173.174894704986144, -35.068513267963517 ], [ 173.174729367403444, -35.067789915844358 ], [ 173.174599738221275, -35.067062360160939 ], [ 173.174441013237072, -35.066338217853563 ], [ 173.174324662986777, -35.065609088415599 ], [ 173.174292030992547, -35.064870112299381 ], [ 173.174205786111457, -35.06413743123656 ], [ 173.173970807140847, -35.063421674703115 ], [ 173.173883733369223, -35.062684993390789 ], [ 173.173774565762017, -35.061950372404858 ], [ 173.17359052987598, -35.061230458679319 ], [ 173.173421064544129, -35.060508334489434 ], [ 173.173406701020326, -35.059762741647262 ], [ 173.173150830796146, -35.059053675123486 ], [ 173.173013663990645, -35.058326645880044 ], [ 173.172909250126509, -35.057594655607993 ], [ 173.172639122634337, -35.05688772669675 ], [ 173.17258804205531, -35.056147655746521 ], [ 173.17238449432682, -35.055430642425598 ], [ 173.172179333841001, -35.0547138666848 ], [ 173.172071136810274, -35.053980442521095 ], [ 173.17182764762984, -35.053268226620439 ], [ 173.171654898750944, -35.052546523046004 ], [ 173.17155782570785, -35.051812579147871 ], [ 173.171328810150584, -35.051100041497953 ], [ 173.171208582454966, -35.05036984249827 ], [ 173.171041009049503, -35.049645763869059 ], [ 173.170765655370559, -35.048938238947592 ], [ 173.170623686488085, -35.048208869157726 ], [ 173.170439745865565, -35.047488955207967 ], [ 173.17017262348034, -35.046784258664914 ], [ 173.170034140428896, -35.046056012562921 ], [ 173.169833452337514, -35.045339144769329 ], [ 173.169671742841786, -35.044611632095638 ], [ 173.169417219943227, -35.043901125224188 ], [ 173.169240323425811, -35.04317808395119 ], [ 173.168929405701505, -35.042483991405533 ], [ 173.168757726370615, -35.041760820447557 ], [ 173.168543958955127, -35.041046431014152 ], [ 173.168351322178182, -35.040327623346762 ] ] } },
{ "type": "Feature", "properties": { "group_id": "nzd0057" }, "geometry": { "type": "LineString", "coordinates": [ [ 174.01213890246774, -35.121838876845075 ], [ 174.013003490719967, -35.121637382671146 ] ] } },
{ "type": "Feature", "properties": { "group_id": "nzd0059" }, "geometry": { "type": "LineString", "coordinates": [ [ 173.161041117398383, -35.14964410047812 ], [ 173.16155738676494, -35.149030198857787 ], [ 173.161883927559813, -35.148344367987512 ], [ 173.16226307275042, -35.147678473345493 ], [ 173.162607928373006, -35.14699957440488 ], [ 173.163071482625213, -35.14636246326652 ], [ 173.163427351589092, -35.145684481961808 ], [ 173.163743896810047, -35.144995768744209 ], [ 173.164114887501, -35.144326647680835 ], [ 173.164491792620453, -35.143659607449777 ], [ 173.164791157805666, -35.142965208219827 ], [ 173.165174559533455, -35.142300448610328 ], [ 173.165561608517095, -35.141636970073485 ], [ 173.165863084207842, -35.140943298479009 ], [ 173.166201318041288, -35.140262588332838 ], [ 173.166490569548415, -35.139564593056022 ], [ 173.166929706612791, -35.138919467362491 ], [ 173.167216342444533, -35.138215688538025 ], [ 173.167574357073988, -35.137531875080377 ], [ 173.167917512628435, -35.136844290941724 ], [ 173.168147646583776, -35.136133864994925 ], [ 173.168405371789675, -35.135430111038154 ], [ 173.16870503787834, -35.134736502276475 ], [ 173.168999747949755, -35.134041687914525 ], [ 173.169270635722256, -35.133341101583753 ], [ 173.169459726427647, -35.132620711064618 ], [ 173.169834441870307, -35.131945242968186 ], [ 173.170054016013012, -35.131230187233712 ], [ 173.170212753915251, -35.130497447363489 ], [ 173.170436545116019, -35.129781897632057 ], [ 173.17064417790516, -35.12906704454398 ], [ 173.170910039188811, -35.128364116768658 ], [ 173.17119486130261, -35.127665068039207 ], [ 173.171358567639942, -35.126941195329934 ], [ 173.171542789643638, -35.126221520181595 ], [ 173.171739347342537, -35.125498380128811 ], [ 173.171963860969299, -35.124779910041568 ], [ 173.172155110933801, -35.124061858746039 ], [ 173.172277006560449, -35.123332453089773 ], [ 173.172546699691395, -35.122627359892846 ], [ 173.172708482005817, -35.121904504525702 ], [ 173.172864078796977, -35.121180841682275 ], [ 173.172992331871285, -35.120452850474152 ], [ 173.173197930087497, -35.11973749690906 ], [ 173.173419945134356, -35.119024647096715 ], [ 173.173544593164905, -35.1182955003719 ], [ 173.173675048749061, -35.117567318879523 ], [ 173.17379759983325, -35.116837808425743 ], [ 173.173991400296302, -35.116120212554748 ], [ 173.17410298120501, -35.115385186743794 ], [ 173.174302559643024, -35.114659976593572 ], [ 173.174349360835492, -35.113921484095968 ], [ 173.174472407362799, -35.113193206903539 ], [ 173.174630779475024, -35.112467991194478 ], [ 173.174718167084507, -35.111736603941161 ], [ 173.174810351106913, -35.111005626701704 ], [ 173.174998666423392, -35.110282991949795 ], [ 173.175082409657961, -35.109551268547925 ] ] } },
{ "type": "Feature", "properties": { "group_id": "nzd0060" }, "geometry": { "type": "LineString", "coordinates": [ [ 173.095058615918532, -35.171967596647399 ], [ 173.095800655915497, -35.172394177430668 ], [ 173.09660712348483, -35.17275388124321 ], [ 173.097420814836823, -35.173114907544246 ], [ 173.098298956441965, -35.173390171682236 ], [ 173.099239886100406, -35.173450029833141 ], [ 173.100160125715973, -35.17334554757506 ], [ 173.10106130144672, -35.173207084149091 ] ] } },
{ "type": "Feature", "properties": { "group_id": "nzd0061" }, "geometry": { "type": "LineString", "coordinates": [ [ 173.117599218788513, -35.177628523988133 ], [ 173.118186242821338, -35.178202142429406 ], [ 173.118984184584662, -35.178622516380784 ], [ 173.119880773717881, -35.178915017160854 ], [ 173.120760224173779, -35.179167145496891 ], [ 173.121694463908284, -35.17920711887313 ], [ 173.122608440187435, -35.179124997473714 ], [ 173.123516000020629, -35.179165309647175 ] ] } },
{ "type": "Feature", "properties": { "group_id": "nzd0062" }, "geometry": { "type": "LineString", "coordinates": [ [ 173.108733315141308, -35.238422996886172 ], [ 173.108227284587571, -35.237813236803362 ], [ 173.107718868493095, -35.237205063895018 ], [ 173.107268045176369, -35.236558471477174 ], [ 173.106633376919461, -35.236034503116315 ], [ 173.106076399521015, -35.235458709484696 ], [ 173.105735598516958, -35.234738717912577 ], [ 173.104979539826189, -35.234295707513077 ], [ 173.104303805563291, -35.233799114719531 ], [ 173.103807593304253, -35.2331827737938 ], [ 173.103265493495172, -35.232597036606123 ], [ 173.102770576060436, -35.231980204356056 ], [ 173.102157144673299, -35.231442254574382 ], [ 173.101658738416432, -35.230827678494173 ], [ 173.101069542951848, -35.230273243615947 ], [ 173.100460689073884, -35.229731832451314 ], [ 173.099854761473637, -35.22918847794589 ], [ 173.099260274298331, -35.228637537748703 ], [ 173.098666620284348, -35.228086041360768 ], [ 173.098122281246447, -35.22750137223867 ], [ 173.097524491306928, -35.226952463026812 ], [ 173.097031592463082, -35.226331886799549 ], [ 173.09652471255842, -35.225721108124596 ], [ 173.095940785638817, -35.225163445276593 ], [ 173.095409969421382, -35.224569161623641 ], [ 173.094896108431527, -35.223963184367101 ], [ 173.094295504315056, -35.223417007927232 ], [ 173.09374327899269, -35.222837473051385 ], [ 173.093190905998199, -35.222259751778616 ], [ 173.092660627043642, -35.221675844573866 ], [ 173.092144401616679, -35.221082442155385 ], [ 173.091493107696408, -35.220566355133307 ], [ 173.090911273548954, -35.220006275366849 ], [ 173.090283433910344, -35.219475326330922 ], [ 173.08969225191251, -35.218921158065541 ], [ 173.089163785275389, -35.218327268555754 ], [ 173.088529654679917, -35.217800290850676 ], [ 173.087993692514004, -35.217209527364361 ], [ 173.087507049649872, -35.21657768232344 ], [ 173.086822259472115, -35.216087687906196 ], [ 173.086270937898462, -35.215503973041521 ], [ 173.08578924254374, -35.214866936795701 ], [ 173.085259850103853, -35.214266422136639 ], [ 173.084673795022184, -35.213709294776812 ], [ 173.083997410575193, -35.213221335676558 ], [ 173.083221864146651, -35.212809307884342 ], [ 173.0826648023845, -35.21222996776239 ], [ 173.081979566103058, -35.211748775819785 ], [ 173.081331821736853, -35.211238870169431 ], [ 173.080798467347137, -35.210641365370059 ], [ 173.080248724114426, -35.210055065502452 ], [ 173.079628457322798, -35.209521652690171 ], [ 173.078943861356152, -35.209040028519595 ], [ 173.078295349081998, -35.208531260811796 ], [ 173.077681664356788, -35.20799516665209 ], [ 173.077093199205763, -35.207439283797235 ], [ 173.07649071897373, -35.206894392630744 ], [ 173.075854615083784, -35.206375876393537 ], [ 173.075323169603053, -35.205775250343905 ], [ 173.074721111286692, -35.20523001792229 ], [ 173.074067646568182, -35.204725111223659 ], [ 173.07345829651436, -35.204185592382132 ], [ 173.072719676075138, -35.20374748428145 ], [ 173.071848521884391, -35.203413345502149 ], [ 173.071257656367862, -35.202859314799802 ], [ 173.070679453146255, -35.202295554675331 ], [ 173.07010818992714, -35.20173048187128 ], [ 173.069584195852514, -35.201134094292051 ], [ 173.06903870114175, -35.200550454881579 ], [ 173.068384793154252, -35.200038836175708 ], [ 173.067793626124995, -35.199489900083897 ], [ 173.06718079480234, -35.198866257175744 ] ] } },
{ "type": "Feature", "properties": { "group_id": "nzd0063" }, "geometry": { "type": "LineString", "coordinates": [ [ 174.058829087160944, -35.22103959678914 ], [ 174.058359920849114, -35.221671056479849 ], [ 174.058102916110442, -35.222440835332705 ], [ 174.058029573904889, -35.223237019951249 ], [ 174.058084061244983, -35.223990587649361 ], [ 174.058105588087074, -35.224730656001114 ], [ 174.058103365542934, -35.225465179320864 ], [ 174.058079931300284, -35.226201058648861 ], [ 174.058087701117529, -35.226935889162533 ], [ 174.058080144493402, -35.227670752287217 ], [ 174.058200118484137, -35.228417406911859 ], [ 174.058344605183038, -35.229172189514038 ], [ 174.058645677176827, -35.229887034795063 ], [ 174.059096094076978, -35.230548325460141 ], [ 174.059613039439256, -35.231163825354663 ] ] } },
{ "type": "Feature", "properties": { "group_id": "nzd0064" }, "geometry": { "type": "LineString", "coordinates": [ [ 174.131167217453509, -35.257220188809619 ], [ 174.131590596180871, -35.257840834339532 ], [ 174.132189019502363, -35.258375278321445 ], [ 174.132807892557622, -35.258898890811551 ], [ 174.133549309493191, -35.259308075091106 ], [ 174.134301504895433, -35.259696108303281 ], [ 174.135119391521016, -35.259989811951215 ], [ 174.135945288389053, -35.260277235293657 ], [ 174.136815549550306, -35.260447054896858 ], [ 174.137666532252581, -35.260673712713839 ], [ 174.138535389504568, -35.260840099213723 ], [ 174.139376337827372, -35.261078667228666 ] ] } },
{ "type": "Feature", "properties": { "group_id": "nzd0066" }, "geometry": { "type": "LineString", "coordinates": [ [ 174.079961373850807, -35.273030968811874 ], [ 174.080246518184879, -35.273717945345169 ], [ 174.080438369390038, -35.274433726956815 ], [ 174.080758133353157, -35.275132830046381 ], [ 174.081353630133719, -35.27570211488591 ], [ 174.081969534259713, -35.276190494501741 ], [ 174.082668184876468, -35.276630778952466 ], [ 174.083430512611272, -35.276984303843577 ], [ 174.084201100158907, -35.277288670672775 ], [ 174.084969866462529, -35.277608057977048 ], [ 174.085786764579893, -35.277881873529765 ], [ 174.086626131585888, -35.278110303725093 ], [ 174.087480948330125, -35.278299780957703 ], [ 174.088360063117307, -35.278431675087951 ] ] } },
{ "type": "Feature", "properties": { "group_id": "nzd0067" }, "geometry": { "type": "LineString", "coordinates": [ [ 173.160063052022792, -35.291147929045614 ], [ 173.159365965002848, -35.29066431874147 ], [ 173.158719939275727, -35.290147287546269 ], [ 173.158137046943324, -35.289588935323309 ], [ 173.157554540736356, -35.28903032632514 ], [ 173.157029911913895, -35.288433836202721 ], [ 173.156487854058867, -35.287848748217726 ], [ 173.15594554535943, -35.287263820340087 ], [ 173.155381742292747, -35.286692955106879 ], [ 173.154906385714952, -35.286064203175279 ], [ 173.154380650382819, -35.285468416892719 ], [ 173.153930472898907, -35.284823178538929 ], [ 173.15335276265651, -35.284261439005775 ], [ 173.152842398128257, -35.283655164638446 ], [ 173.152398006603875, -35.283003140729107 ], [ 173.151877850794506, -35.2824026403446 ], [ 173.151261153463395, -35.281867439127012 ], [ 173.150823300462463, -35.281211259135922 ], [ 173.150166876309612, -35.280702922299952 ], [ 173.149505791296747, -35.280197734009178 ], [ 173.148888739461739, -35.279662756586085 ], [ 173.148348203028405, -35.279076018549084 ], [ 173.147705486758497, -35.278558393091032 ], [ 173.147196257884758, -35.277950470125674 ], [ 173.146622314095396, -35.277386317670022 ], [ 173.146112770534046, -35.276773917330921 ], [ 173.14555412804097, -35.276190378014618 ], [ 173.14500048075152, -35.275606031192972 ], [ 173.144506795567906, -35.274978681223047 ], [ 173.143954901281234, -35.274395851244947 ], [ 173.143378959062318, -35.273831411789352 ], [ 173.142854237232569, -35.273227790850115 ] ] } },
{ "type": "Feature", "properties": { "group_id": "nzd0068" }, "geometry": { "type": "LineString", "coordinates": [ [ 173.187030292192844, -35.333026060924652 ], [ 173.186416602684091, -35.332486364972091 ], [ 173.185846445683836, -35.331919495671606 ], [ 173.18513931787524, -35.331438106687024 ], [ 173.184538088011976, -35.330890621604453 ] ] } },
{ "type": "Feature", "properties": { "group_id": "nzd0069" }, "geometry": { "type": "LineString", "coordinates": [ [ 173.240105192492877, -35.396572898555405 ], [ 173.239541978850554, -35.396001040092372 ], [ 173.238950239441095, -35.395450022317767 ], [ 173.238461492045332, -35.394823742450889 ], [ 173.237938892480173, -35.394222195357088 ], [ 173.237333221364139, -35.39368134680732 ], [ 173.236699620770224, -35.393160903171946 ], [ 173.236040893444596, -35.392658816301171 ], [ 173.235537239767496, -35.39204341053027 ], [ 173.234979310084583, -35.391467661561904 ], [ 173.234415328580155, -35.39089633109888 ], [ 173.233810422781858, -35.390354901096785 ], [ 173.233295093177247, -35.389748012435987 ], [ 173.232583105309999, -35.389284821753392 ], [ 173.231898665202039, -35.388801497397544 ], [ 173.23133181361186, -35.388232245736674 ], [ 173.230751492715939, -35.387672832589729 ], [ 173.230137957783086, -35.387137685640347 ] ] } },
{ "type": "Feature", "properties": { "group_id": "nzd0070" }, "geometry": { "type": "LineString", "coordinates": [ [ 173.263606944836482, -35.419821765935772 ], [ 173.262789243749552, -35.419429217439301 ], [ 173.26215069183425, -35.418914773747979 ], [ 173.261556582360015, -35.418364762186421 ], [ 173.261083790779878, -35.417737809885729 ], [ 173.260518795594948, -35.417168313296301 ], [ 173.260109683791399, -35.416501668114016 ], [ 173.259506929215547, -35.415955694291448 ], [ 173.259077304987585, -35.415301823639709 ], [ 173.258562282892058, -35.414701167613956 ], [ 173.257962172396731, -35.414153533458872 ], [ 173.257397441612028, -35.413583846849995 ], [ 173.256929712619211, -35.412953705713925 ], [ 173.256386685938025, -35.412367798260455 ], [ 173.255640840074193, -35.4118995392719 ], [ 173.254988345902319, -35.411380299275379 ], [ 173.254335390305044, -35.410873032448009 ], [ 173.25380748235446, -35.410276732584855 ], [ 173.253258506200041, -35.409695428712887 ], [ 173.252771111467865, -35.409070277349052 ], [ 173.252411094136164, -35.408354433633036 ], [ 173.25178356894412, -35.407829042768924 ], [ 173.251054246425269, -35.407376124072307 ], [ 173.250419059841931, -35.4068561799196 ], [ 173.249922781868236, -35.406237334323848 ], [ 173.249406814694481, -35.405632502878696 ], [ 173.248621833365917, -35.405219195360402 ] ] } },
{ "type": "Feature", "properties": { "group_id": "nzd0071" }, "geometry": { "type": "LineString", "coordinates": [ [ 174.431363213460116, -35.429032984744744 ], [ 174.431145309575754, -35.429739551213785 ], [ 174.431031164635385, -35.430459226870724 ], [ 174.431158332609812, -35.431164083573151 ] ] } },
{ "type": "Feature", "properties": { "group_id": "nzd0074" }, "geometry": { "type": "LineString", "coordinates": [ [ 174.416757395512718, -35.439766234175259 ], [ 174.417611469226188, -35.439422835393913 ], [ 174.418428009971365, -35.439073184391347 ], [ 174.419182541701616, -35.438650725554304 ], [ 174.419968890413173, -35.438214357108997 ], [ 174.420672677848756, -35.437689394320707 ], [ 174.421355528818793, -35.437178860716507 ], [ 174.421871237086862, -35.436544224487292 ], [ 174.422437831445762, -35.435913980534444 ], [ 174.422886418656475, -35.435222398838249 ], [ 174.42323495502211, -35.43454552929024 ] ] } },
{ "type": "Feature", "properties": { "group_id": "nzd0075" }, "geometry": { "type": "LineString", "coordinates": [ [ 174.430467123407368, -35.433380901493187 ], [ 174.429993997922764, -35.43398232733157 ], [ 174.42959113100585, -35.434632139355465 ], [ 174.429165354021393, -35.435272813028924 ], [ 174.428996814579108, -35.435997563862671 ], [ 174.428607215418111, -35.436652302883999 ], [ 174.428301393046922, -35.437331898915389 ], [ 174.427960568167606, -35.4380092448299 ], [ 174.427597766972184, -35.438675115716478 ], [ 174.427327527329624, -35.439365867674645 ], [ 174.42709518348903, -35.440050550892899 ], [ 174.426861951644838, -35.440749423577152 ], [ 174.426682211719935, -35.441449518611265 ], [ 174.426571459817097, -35.442171848915514 ], [ 174.426454635231863, -35.44288463252883 ], [ 174.426433919636651, -35.44360603540192 ], [ 174.426554501178686, -35.444319090488221 ], [ 174.426826955928988, -35.445015546118192 ], [ 174.427296244500354, -35.445626678259579 ] ] } },
{ "type": "Feature", "properties": { "group_id": "nzd0077" }, "geometry": { "type": "LineString", "coordinates": [ [ 174.426977359932891, -35.447031897758741 ], [ 174.426636741935681, -35.447808422632107 ], [ 174.426502577089423, -35.448638629689555 ], [ 174.426557177821479, -35.449400863566545 ], [ 174.426568553060065, -35.450146232915642 ], [ 174.426625013557981, -35.450900614721974 ], [ 174.426819321925421, -35.451639351006925 ], [ 174.427078863245185, -35.452370939500128 ], [ 174.427343170052382, -35.453094434963312 ] ] } },
{ "type": "Feature", "properties": { "group_id": "nzd0078" }, "geometry": { "type": "LineString", "coordinates": [ [ 174.427791190111066, -35.454387705320599 ], [ 174.427977831111775, -35.455146604214697 ], [ 174.428495965381529, -35.455809001550712 ], [ 174.429134846958391, -35.456383157043582 ], [ 174.429891742518208, -35.456846282075503 ], [ 174.430746105668874, -35.457204210847678 ], [ 174.431665592974923, -35.45743519653255 ] ] } },
{ "type": "Feature", "properties": { "group_id": "nzd0079" }, "geometry": { "type": "LineString", "coordinates": [ [ 173.41723349654626, -35.468027306828169 ], [ 173.417240308920839, -35.467327394170233 ], [ 173.417169798180595, -35.46658971295922 ], [ 173.416912103110775, -35.46586670120336 ], [ 173.416876868742889, -35.465162988754962 ], [ 173.416822998222187, -35.464425173068584 ], [ 173.416827365582662, -35.463676348530917 ], [ 173.416586486161094, -35.462963502658532 ], [ 173.416361391568699, -35.462252952968484 ], [ 173.416101502260204, -35.461543735778925 ], [ 173.415563011503394, -35.460918221670262 ], [ 173.415472934282519, -35.460171952977682 ], [ 173.415370795695623, -35.459441210859858 ], [ 173.414905497409563, -35.458793242832975 ], [ 173.414634560380193, -35.458133171540148 ], [ 173.414963683550639, -35.457470861946071 ], [ 173.415099777692205, -35.456748093737978 ], [ 173.414994400657775, -35.456001973632674 ], [ 173.414887131172605, -35.455303938802778 ], [ 173.414805951171871, -35.454567496682976 ], [ 173.414457863661227, -35.453841593241563 ], [ 173.413923016393767, -35.453313898968929 ], [ 173.414144411903294, -35.452653257356694 ], [ 173.414580724852385, -35.45198600927079 ], [ 173.415438372724282, -35.45173252000108 ], [ 173.416260188339066, -35.451479102015313 ], [ 173.417026631613766, -35.451100344987722 ], [ 173.417893767025646, -35.450892564628177 ], [ 173.418799635574743, -35.450894637954782 ], [ 173.419687976998063, -35.450992221722629 ], [ 173.420574442172892, -35.45113702300138 ], [ 173.421373615313144, -35.450821818199501 ] ] } },
{ "type": "Feature", "properties": { "group_id": "nzd0080" }, "geometry": { "type": "LineString", "coordinates": [ [ 174.432922525360567, -35.459568939804242 ], [ 174.43327876626509, -35.460242965223266 ], [ 174.433706417498172, -35.46088644407768 ], [ 174.434232579125819, -35.461487786069128 ] ] } },
{ "type": "Feature", "properties": { "group_id": "nzd0081" }, "geometry": { "type": "LineString", "coordinates": [ [ 174.435930724161068, -35.463012898901276 ], [ 174.436645652060179, -35.463510796855914 ], [ 174.437464549159785, -35.463811764393746 ] ] } },
{ "type": "Feature", "properties": { "group_id": "nzd0082" }, "geometry": { "type": "LineString", "coordinates": [ [ 173.345279346128535, -35.512031895532346 ], [ 173.34457370688736, -35.511543015310792 ], [ 173.343991446797162, -35.510982766773459 ], [ 173.343438171020637, -35.510405749004285 ], [ 173.342889631828228, -35.509825987101522 ], [ 173.342441773316835, -35.509187986310998 ], [ 173.341973709957045, -35.508561667646177 ], [ 173.341572948667647, -35.507896416262348 ], [ 173.341042705055997, -35.507306054305005 ], [ 173.340430175796627, -35.50676328275047 ], [ 173.339979711363611, -35.506126543957336 ], [ 173.339510222062387, -35.505498862837506 ], [ 173.338789293908917, -35.505024847690855 ], [ 173.338175165952805, -35.504486284579379 ], [ 173.337639473119879, -35.503899194741244 ], [ 173.337146830593525, -35.503285468373406 ], [ 173.336686913559959, -35.502651492654273 ], [ 173.336200899089135, -35.502033657367392 ], [ 173.335712131110228, -35.50141752121074 ], [ 173.335108924105896, -35.500873137405875 ], [ 173.334605840381812, -35.500268356148489 ], [ 173.334058944058427, -35.499686132592515 ], [ 173.333501843454343, -35.49910935292359 ], [ 173.33300608644717, -35.498499468656014 ], [ 173.332430747109072, -35.497932520971638 ], [ 173.331977614850928, -35.497299627865054 ], [ 173.331485619094565, -35.49668770015947 ], [ 173.330897674139095, -35.496127540322917 ], [ 173.330371888092714, -35.495533835977149 ], [ 173.329792183717018, -35.494988029614717 ], [ 173.329345108448621, -35.494365276593676 ], [ 173.328837067880727, -35.493760663809212 ], [ 173.328312897277613, -35.49316480617955 ], [ 173.327734089542474, -35.492605381346131 ], [ 173.327223646149207, -35.492000361218665 ], [ 173.32672961787307, -35.491384390016528 ], [ 173.326215797419792, -35.490781613950979 ], [ 173.325709672325075, -35.490173701908397 ], [ 173.325210540951275, -35.489561121786402 ], [ 173.324690238933982, -35.488962656142519 ], [ 173.324161914033311, -35.48836953687951 ], [ 173.323636337904645, -35.487774580475808 ], [ 173.323107342307566, -35.487181900481048 ], [ 173.322559239485855, -35.486615038986649 ], [ 173.322062364142113, -35.486031659932351 ], [ 173.321528978609962, -35.485453613527611 ], [ 173.321038801756202, -35.484840631556075 ], [ 173.320575030156846, -35.484213810090196 ], [ 173.320093736952401, -35.48359616415889 ], [ 173.319612487693661, -35.482978490472419 ], [ 173.319097677974014, -35.482378395759213 ], [ 173.318678117704849, -35.481728391194466 ], [ 173.3182077047924, -35.481105025684315 ], [ 173.317750284481235, -35.480474848048495 ], [ 173.317102616356209, -35.479944344599957 ], [ 173.316510769444193, -35.479384589187632 ] ] } },
{ "type": "Feature", "properties": { "group_id": "nzd0083" }, "geometry": { "type": "LineString", "coordinates": [ [ 174.469141646726058, -35.503316283533209 ], [ 174.469254828936727, -35.504060537806176 ], [ 174.469726735782274, -35.50471224398769 ], [ 174.470171490808411, -35.505386984756974 ], [ 174.470698342348157, -35.505988875980925 ] ] } },
{ "type": "Feature", "properties": { "group_id": "nzd0084" }, "geometry": { "type": "LineString", "coordinates": [ [ 174.472553672023679, -35.50800398701017 ], [ 174.473005529841174, -35.508638987570954 ], [ 174.473557858397669, -35.509216859308083 ], [ 174.474107945402181, -35.509796000944775 ] ] } },
{ "type": "Feature", "properties": { "group_id": "nzd0085" }, "geometry": { "type": "LineString", "coordinates": [ [ 174.477497790762982, -35.511627187232683 ], [ 174.478365217642903, -35.511831820363739 ] ] } },
{ "type": "Feature", "properties": { "group_id": "nzd0088" }, "geometry": { "type": "LineString", "coordinates": [ [ 174.470931814571571, -35.550413640574 ], [ 174.471075651919165, -35.551164529021349 ], [ 174.47141964414044, -35.551884821584864 ], [ 174.471936320012418, -35.552508428070929 ] ] } },
{ "type": "Feature", "properties": { "group_id": "nzd0089" }, "geometry": { "type": "LineString", "coordinates": [ [ 174.474094921832062, -35.555685663629284 ], [ 174.474657918905365, -35.556279171727816 ], [ 174.475306019946657, -35.556794345682405 ], [ 174.476107225884817, -35.557293785433984 ], [ 174.477020307942666, -35.557640500789951 ] ] } },
{ "type": "Feature", "properties": { "group_id": "nzd0090" }, "geometry": { "type": "LineString", "coordinates": [ [ 174.486083999450699, -35.559868510725522 ], [ 174.486868526483732, -35.560234794894043 ], [ 174.487678525085727, -35.560552482891296 ], [ 174.488504759712697, -35.560839193633662 ], [ 174.489358849133367, -35.561078385999267 ], [ 174.490249075746732, -35.561322931254416 ], [ 174.491137519691989, -35.561560165702623 ], [ 174.491995502452227, -35.561776584591279 ], [ 174.492961208297146, -35.561895498517401 ], [ 174.493936853012855, -35.561895957195823 ], [ 174.494845584114728, -35.562042261112218 ] ] } },
{ "type": "Feature", "properties": { "group_id": "nzd0091" }, "geometry": { "type": "LineString", "coordinates": [ [ 174.508609167146005, -35.560129291116226 ], [ 174.507730037240691, -35.560628773900447 ], [ 174.507387838428599, -35.561444118871073 ], [ 174.507113789270363, -35.562267788996934 ], [ 174.507089502745004, -35.563121278311606 ], [ 174.507360142505149, -35.564043637705197 ], [ 174.507945587349326, -35.564876293571189 ], [ 174.508740061392984, -35.565546333716718 ], [ 174.509576525489081, -35.566030451155825 ] ] } },
{ "type": "Feature", "properties": { "group_id": "nzd0093" }, "geometry": { "type": "LineString", "coordinates": [ [ 174.530625493441619, -35.63639969713681 ], [ 174.53078684380651, -35.635552968100598 ], [ 174.530150355020851, -35.634983265746918 ], [ 174.52931275292363, -35.634628600149618 ], [ 174.528395178561794, -35.634410369739356 ], [ 174.527460244511133, -35.634433283771457 ], [ 174.526564951220109, -35.634557844042753 ], [ 174.525669145732905, -35.634641177238755 ] ] } },
{ "type": "Feature", "properties": { "group_id": "nzd0094" }, "geometry": { "type": "LineString", "coordinates": [ [ 174.514531190715473, -35.631755959326433 ], [ 174.513949035959314, -35.632336220517679 ], [ 174.513685565053436, -35.633044993743368 ], [ 174.513344150872825, -35.633676462589349 ], [ 174.512800265842912, -35.634176092898699 ], [ 174.512228900304848, -35.634719625961644 ], [ 174.511550658891082, -35.635203466141434 ], [ 174.510998045302387, -35.63578512078989 ], [ 174.51037621869429, -35.636314600708836 ], [ 174.509834530280074, -35.636902244586025 ], [ 174.509279114065322, -35.637479009176296 ], [ 174.508700814551617, -35.638044198081154 ], [ 174.508201341061522, -35.638667677494809 ], [ 174.507682730534896, -35.639279778547028 ], [ 174.507261568953112, -35.639924600439485 ], [ 174.506827826303521, -35.640561617273313 ], [ 174.506382113939395, -35.641190648114403 ], [ 174.505959179207281, -35.641833419327078 ], [ 174.505562002090215, -35.642490749346102 ], [ 174.505145834123795, -35.643139430254656 ], [ 174.504761171139307, -35.643798803890277 ], [ 174.504366670993193, -35.644454863231708 ], [ 174.503994284343918, -35.64511927621183 ], [ 174.503608957492162, -35.645784418875429 ], [ 174.503365691370789, -35.646488132586413 ], [ 174.502971916456545, -35.647152177827202 ], [ 174.502718145952429, -35.647860060550698 ], [ 174.50257213140091, -35.648583876755964 ] ] } },
{ "type": "Feature", "properties": { "group_id": "nzd0095" }, "geometry": { "type": "LineString", "coordinates": [ [ 174.50813063504026, -35.673519910781671 ], [ 174.508195425532676, -35.674247882006199 ], [ 174.50831734759052, -35.67497079814779 ], [ 174.508432847821524, -35.675694235832779 ], [ 174.508499510551047, -35.67642549428804 ], [ 174.508622704926353, -35.677148799788952 ], [ 174.508809500026928, -35.677863141387022 ], [ 174.508947044708606, -35.678585638825062 ], [ 174.509149596340961, -35.679308013858311 ], [ 174.509592008954826, -35.679932918096718 ], [ 174.509932467227912, -35.680518966764573 ], [ 174.509789272604081, -35.681243731916126 ], [ 174.509942085916208, -35.681981078004284 ], [ 174.510052172897588, -35.682712135777599 ], [ 174.510313496434776, -35.683412059045303 ], [ 174.510478558773087, -35.684126703686921 ], [ 174.510682820602455, -35.684844048934131 ], [ 174.510940981892645, -35.685547196039352 ], [ 174.511493095183766, -35.686141020152199 ] ] } },
{ "type": "Feature", "properties": { "group_id": "nzd0096" }, "geometry": { "type": "LineString", "coordinates": [ [ 173.539814362179726, -35.73403661306277 ], [ 173.539372776509651, -35.73338750143084 ], [ 173.538820131041916, -35.732812348264169 ], [ 173.538283331063354, -35.732226638451046 ], [ 173.53771397022939, -35.731662609196491 ], [ 173.537179602213428, -35.73107527174183 ], [ 173.536717483549864, -35.730439814265203 ], [ 173.53613308466646, -35.729885787912956 ], [ 173.535548065791886, -35.729332170412128 ], [ 173.535023183568626, -35.728738499635746 ], [ 173.534519235774724, -35.728130883102473 ], [ 173.5339527181265, -35.727564932291422 ], [ 173.533273961059621, -35.72707372552663 ], [ 173.532703283568537, -35.726510536945653 ], [ 173.532169631095258, -35.725922686855789 ], [ 173.531602127203428, -35.725357376723672 ], [ 173.531147217325781, -35.724717078478051 ], [ 173.530594211046008, -35.724142105379876 ], [ 173.530252778185485, -35.723426226393663 ], [ 173.529580595885619, -35.722930613221749 ], [ 173.528950089773446, -35.722407240671188 ], [ 173.528380527689137, -35.721843277169 ], [ 173.527828992320082, -35.721267304413452 ], [ 173.52733698499128, -35.72065274979041 ], [ 173.526790331195826, -35.720093228890988 ], [ 173.526414025578902, -35.71942913400801 ], [ 173.525826744715545, -35.718874930653122 ], [ 173.525271454160389, -35.718301344739352 ], [ 173.524869027472619, -35.717635156771479 ], [ 173.524149678639787, -35.717160940946208 ], [ 173.52350431337041, -35.716641904765247 ], [ 173.523364123036544, -35.715816853669175 ], [ 173.522390551635112, -35.715496620534921 ], [ 173.522004085652924, -35.714820743279404 ], [ 173.521303934585148, -35.714334876159654 ], [ 173.520847259796994, -35.713701519273044 ], [ 173.520297802022128, -35.713124361198723 ], [ 173.519605724890084, -35.71263359002954 ], [ 173.51909286002055, -35.712034257264598 ], [ 173.518602200204185, -35.711421469543396 ], [ 173.517983827464803, -35.710886039095094 ], [ 173.517458636394736, -35.710294159920558 ], [ 173.516940508693551, -35.709697997823767 ], [ 173.516478468561047, -35.709067856579161 ], [ 173.515819385746966, -35.708557068763945 ], [ 173.51527828837834, -35.707967562601119 ], [ 173.51473700473278, -35.707373218064447 ], [ 173.514100531682544, -35.70684957731757 ], [ 173.513652310799728, -35.706203406352508 ], [ 173.459278733666423, -35.652765684240379 ], [ 173.458594950974543, -35.652279949061082 ], [ 173.457869848868484, -35.651820972649517 ], [ 173.457290552041201, -35.651257459521212 ], [ 173.456671864152128, -35.650723277143939 ], [ 173.456103777374096, -35.650157461592478 ], [ 173.455482655034018, -35.649628846033806 ], [ 173.454837879539326, -35.649116818908027 ], [ 173.454223521353725, -35.648583450510984 ], [ 173.453657589003882, -35.648016108261722 ], [ 173.453050068387569, -35.647477935667581 ], [ 173.452445094961291, -35.646937972372186 ], [ 173.451845235729138, -35.646394417678771 ], [ 173.451196666511578, -35.645885028175854 ], [ 173.450554105373612, -35.645371420121435 ], [ 173.449896422755472, -35.644868415416106 ], [ 173.449137098078012, -35.644436705714632 ] ] } },
{ "type": "Feature", "properties": { "group_id": "nzd0097" }, "geometry": { "type": "LineString", "coordinates": [ [ 174.514392856158452, -35.694572765547278 ], [ 174.514694759235994, -35.695279298231569 ], [ 174.514624675792106, -35.696017353088678 ], [ 174.514655922915892, -35.696766511834824 ], [ 174.514924982954625, -35.69746364988309 ], [ 174.515204916582007, -35.6981570143464 ], [ 174.515507284796143, -35.698845320979999 ], [ 174.515858420741154, -35.699520105019651 ], [ 174.516132360581622, -35.700214941907873 ], [ 174.516451018370049, -35.700897125139541 ], [ 174.516776792353227, -35.701577246811546 ], [ 174.517118134538833, -35.702250244343212 ], [ 174.517443009365365, -35.702927353371102 ], [ 174.517760655371802, -35.703609912665243 ], [ 174.518103743147691, -35.704283051018514 ], [ 174.518476843015748, -35.704942377691395 ], [ 174.518847191420463, -35.705605104168988 ], [ 174.519280571568999, -35.706241397215258 ], [ 174.51970303628778, -35.706885481049284 ], [ 174.520138518138992, -35.707524525645788 ], [ 174.520585184371214, -35.708158047391962 ], [ 174.52103978412714, -35.708787784758854 ], [ 174.521552710036332, -35.709387487758441 ], [ 174.522048413649458, -35.709995337975535 ], [ 174.522511224379912, -35.71062782215342 ], [ 174.52309706739257, -35.711181565682551 ], [ 174.523658678895657, -35.711751012554892 ], [ 174.52431757799971, -35.712256476721862 ], [ 174.524852579504085, -35.712842924052651 ] ] } },
{ "type": "Feature", "properties": { "group_id": "nzd0098" }, "geometry": { "type": "LineString", "coordinates": [ [ 174.537771968772319, -35.714681227688544 ], [ 174.538681758153956, -35.714758025746576 ], [ 174.539565269039002, -35.714655943479329 ] ] } },
{ "type": "Feature", "properties": { "group_id": "nzd0099" }, "geometry": { "type": "LineString", "coordinates": [ [ 174.531499880578963, -35.714241738447576 ], [ 174.532257318265692, -35.714643773605424 ], [ 174.533071667361611, -35.714943799952884 ], [ 174.533901922088489, -35.71520857875089 ], [ 174.534761101375835, -35.715409960357782 ] ] } },
{ "type": "Feature", "properties": { "group_id": "nzd0100" }, "geometry": { "type": "LineString", "coordinates": [ [ 174.556731813938256, -35.809338483291526 ], [ 174.55700537652524, -35.81002491427035 ], [ 174.557300064011088, -35.810711715117861 ], [ 174.557559556036637, -35.811401237168802 ], [ 174.557901455904755, -35.812066731107493 ], [ 174.558220938823041, -35.812750310830957 ], [ 174.558513878509302, -35.813433555802241 ], [ 174.558868334930878, -35.814088933327412 ], [ 174.559231682599801, -35.814749715295889 ], [ 174.559572450923326, -35.815428238372959 ], [ 174.559910029144021, -35.816100906050458 ], [ 174.560279572289176, -35.816765360632992 ], [ 174.56059327665929, -35.817449383211276 ], [ 174.560958403017963, -35.818109611398576 ], [ 174.561279401941107, -35.81876515715394 ], [ 174.561703408361979, -35.819396409061198 ], [ 174.562077530207091, -35.820056499145871 ], [ 174.562472538202172, -35.820706140503034 ], [ 174.562869552960279, -35.821351281556282 ], [ 174.56325780289805, -35.822006753914785 ], [ 174.563645641767124, -35.82266072415613 ], [ 174.564053627467416, -35.823308316465898 ], [ 174.564506031365028, -35.823939292994815 ], [ 174.564968506136267, -35.824563284209439 ], [ 174.565512333986646, -35.825150421802491 ], [ 174.566082302972205, -35.825725513556918 ], [ 174.566886226435173, -35.826192839509808 ], [ 174.56696643970443, -35.826993504087248 ], [ 174.567256951652894, -35.82769729853819 ], [ 174.567555756308877, -35.828400667952224 ], [ 174.567890121047668, -35.829070461723482 ], [ 174.568219033633682, -35.829731175730529 ], [ 174.568623291484073, -35.830376506493472 ], [ 174.569019212307751, -35.831035264792895 ], [ 174.569406800262726, -35.831680131361338 ], [ 174.569855594483101, -35.832284014053947 ], [ 174.57030865529822, -35.832915945760462 ], [ 174.570783710522335, -35.833534556235399 ], [ 174.571275313111357, -35.834134284892372 ] ] } },
{ "type": "Feature", "properties": { "group_id": "nzd0101" }, "geometry": { "type": "LineString", "coordinates": [ [ 173.670580238675655, -35.873782236859753 ], [ 173.670100754229992, -35.873163768639422 ], [ 173.669655307297717, -35.872524617664141 ], [ 173.669085925573455, -35.871960754914674 ], [ 173.668481781012048, -35.871418006810373 ], [ 173.667905334971124, -35.870858427025112 ], [ 173.667383467216155, -35.870265685763755 ], [ 173.666879027976051, -35.869662352088177 ], [ 173.666517512355341, -35.8689721854875 ], [ 173.666216173619404, -35.868245455279684 ], [ 173.665393054685069, -35.867835712871496 ], [ 173.664717953046619, -35.867336042095047 ], [ 173.664106518662834, -35.866797687942309 ], [ 173.663492696792957, -35.866260779781229 ], [ 173.66298883430045, -35.865657065579576 ], [ 173.662470131587099, -35.865062362674017 ], [ 173.661941183860677, -35.864473879425852 ], [ 173.661336820897361, -35.863931207531195 ], [ 173.660810854015779, -35.863340904750892 ], [ 173.660300490779719, -35.862741118254839 ], [ 173.659795574901466, -35.862138018097866 ], [ 173.659280256030172, -35.86154123356237 ], [ 173.65901770523152, -35.860790884302702 ], [ 173.658438145095772, -35.860233118716963 ], [ 173.657630806992131, -35.859813726960525 ], [ 173.657130728997288, -35.859207666152642 ], [ 173.656631843420939, -35.858600876602573 ], [ 173.656524206887951, -35.857756392456025 ], [ 173.655565945254153, -35.857428672550071 ], [ 173.655256579979152, -35.856706733674585 ], [ 173.654315447299638, -35.856368597576818 ], [ 173.653713126308929, -35.855824624447536 ], [ 173.653140550377429, -35.855262576582334 ], [ 173.652692153069353, -35.854625084933055 ], [ 173.652314372204728, -35.85394468861621 ], [ 173.651620008979819, -35.853456614861578 ], [ 173.651087068859312, -35.852870470679292 ], [ 173.650634917379676, -35.852235242362916 ], [ 173.650445689375232, -35.851439668473667 ], [ 173.649889644254614, -35.850862420575467 ], [ 173.649160341570166, -35.850394487503408 ], [ 173.64836790085289, -35.84997072214734 ], [ 173.647784987069628, -35.849415653809338 ], [ 173.647242837690897, -35.84883503662401 ], [ 173.646916338395698, -35.848119279886582 ], [ 173.646432622625014, -35.847502037217268 ], [ 173.64578687101374, -35.846986329072031 ], [ 173.645315386430298, -35.846361413424177 ], [ 173.644742013153774, -35.845800341414936 ], [ 173.644159340065556, -35.845245092814089 ], [ 173.643808521456208, -35.844544549880567 ], [ 173.643540275129624, -35.843792258230316 ], [ 173.642967701151832, -35.843230668717943 ], [ 173.642387959562626, -35.842673566536057 ], [ 173.641779425549032, -35.84213450280572 ], [ 173.641288891849285, -35.841521490191447 ], [ 173.640455464029685, -35.841123346539597 ], [ 173.639854627361075, -35.840579446237406 ], [ 173.639298620003188, -35.84000744975878 ], [ 173.638765959674203, -35.839420818844822 ], [ 173.638586675364678, -35.838612742550374 ], [ 173.638108170531098, -35.837992166735113 ], [ 173.637236465892386, -35.837617983824686 ], [ 173.636560276583282, -35.837121277236093 ], [ 173.635951163894646, -35.836582533295996 ], [ 173.635409046122078, -35.836001803474218 ], [ 173.634921557695549, -35.835386836553198 ], [ 173.634632297742485, -35.834647647053472 ], [ 173.633942075065789, -35.83415971343765 ], [ 173.633376445648537, -35.833593700113369 ], [ 173.632987643393847, -35.832916875291438 ], [ 173.632646542337028, -35.832210154084301 ], [ 173.631933036435157, -35.83173679431308 ], [ 173.631210815775233, -35.831268890763248 ], [ 173.630654339523289, -35.830697120577526 ], [ 173.630361907063701, -35.829959885306444 ], [ 173.629735873540909, -35.829431694353424 ], [ 173.629288037722574, -35.828791832788397 ], [ 173.628846855588961, -35.828147797364444 ], [ 173.628095623288573, -35.827698048836623 ], [ 173.627448124985705, -35.827183291490108 ], [ 173.627097199268945, -35.826482685320684 ], [ 173.626436998447559, -35.82597587960138 ], [ 173.625830789663581, -35.825435235859139 ], [ 173.62537332838599, -35.82480137672561 ], [ 173.625061429690675, -35.824076297391045 ], [ 173.624342862943138, -35.823606049587355 ], [ 173.623754553052379, -35.823054172858342 ], [ 173.623145342751371, -35.822515388883367 ], [ 173.622765726447113, -35.821832727783296 ], [ 173.62200266395655, -35.821390345332418 ], [ 173.62141911446335, -35.820835468495076 ], [ 173.620854932878473, -35.820268450759038 ], [ 173.620376914549695, -35.819647435713513 ], [ 173.619926715396673, -35.819008983811493 ], [ 173.619264924350716, -35.818503119259034 ], [ 173.618804424486257, -35.81787111380617 ], [ 173.618372774900166, -35.817221025299588 ], [ 173.617795923748048, -35.816661921592598 ], [ 173.617281425134678, -35.81606374109132 ], [ 173.616673399333848, -35.815524164174228 ], [ 173.616047497600391, -35.814995731579081 ], [ 173.615457211867493, -35.814443263946721 ], [ 173.614900862827653, -35.813869600693607 ], [ 173.614399315649337, -35.813262905860093 ], [ 173.613944832580984, -35.812626357883182 ], [ 173.61336251190491, -35.812070882709207 ], [ 173.612825537149178, -35.811486644122162 ], [ 173.612126434137764, -35.811005225829895 ], [ 173.611611232962815, -35.810407169740365 ], [ 173.611053026467175, -35.809836384116025 ], [ 173.610550737798746, -35.80923013035099 ], [ 173.610098303837447, -35.808592253676146 ], [ 173.609471217088242, -35.808065140549729 ], [ 173.608913037532488, -35.80749432112647 ], [ 173.608419463936428, -35.806882523399636 ], [ 173.607979524574944, -35.806236705682728 ], [ 173.607308705096472, -35.805737311887555 ], [ 173.606723547680275, -35.805183585506995 ], [ 173.606250960044662, -35.804558461470506 ], [ 173.605615832375349, -35.804036418611169 ], [ 173.605205093497091, -35.80337206079129 ], [ 173.604952378663313, -35.802607476453325 ], [ 173.604214773124653, -35.80215041502597 ], [ 173.603561617866035, -35.801639789039001 ], [ 173.60302833468694, -35.801053133973603 ], [ 173.602465872361108, -35.800484980603521 ], [ 173.601924829297644, -35.799903238620836 ], [ 173.60148640926792, -35.799256407261254 ], [ 173.600728888364245, -35.79881195045521 ], [ 173.600213840621677, -35.798213709348211 ] ] } },
{ "type": "Feature", "properties": { "group_id": "nzd0102" }, "geometry": { "type": "LineString", "coordinates": [ [ 174.57268355525278, -35.835805841097461 ], [ 174.573139146066325, -35.836444669834222 ], [ 174.573695706162994, -35.837030648840084 ], [ 174.574362422068219, -35.83754820485418 ], [ 174.575065085059123, -35.838033951413458 ], [ 174.575796850431885, -35.838505923042185 ], [ 174.576633172605767, -35.838835447594036 ] ] } },
{ "type": "Feature", "properties": { "group_id": "nzd0103" }, "geometry": { "type": "LineString", "coordinates": [ [ 174.57925555930575, -35.839233310098862 ], [ 174.579398965591707, -35.839980057987631 ], [ 174.580366999417777, -35.840538133832652 ] ] } },
{ "type": "Feature", "properties": { "group_id": "nzd0104" }, "geometry": { "type": "LineString", "coordinates": [ [ 174.501171933680524, -35.840923555480579 ], [ 174.500553722326742, -35.841484648334784 ], [ 174.500160498955182, -35.842139549200922 ], [ 174.499760736110517, -35.842747274357137 ], [ 174.499341978130985, -35.843332343792873 ], [ 174.498853186319536, -35.843932763446958 ], [ 174.498309243169388, -35.844512758239574 ], [ 174.497767032161136, -35.845068875239434 ], [ 174.497187868324289, -35.845591476913562 ], [ 174.496494557031923, -35.846045876785709 ], [ 174.495865567905071, -35.846568837566622 ], [ 174.495183094304423, -35.847042361724839 ], [ 174.494531577182073, -35.847544495180713 ], [ 174.493857261026932, -35.848025553401826 ], [ 174.493163443442768, -35.84849241934166 ], [ 174.492503782704347, -35.848994248481524 ], [ 174.491778572398403, -35.849439229918517 ], [ 174.491180068816078, -35.849984293775023 ], [ 174.490564716841362, -35.850515490137866 ], [ 174.48988136617703, -35.850990727882085 ], [ 174.489242206346546, -35.851502326562652 ], [ 174.488646877325237, -35.852063725330524 ], [ 174.487987505660385, -35.852582927661636 ], [ 174.487392213873392, -35.853132029302131 ], [ 174.486843274006759, -35.853701413729354 ], [ 174.486230030457108, -35.854223993417293 ], [ 174.485647625161903, -35.854774750006932 ], [ 174.485088398521555, -35.855345248635615 ], [ 174.484533519367744, -35.855918778651763 ], [ 174.483934417306074, -35.856461431045553 ], [ 174.483385828430528, -35.857039345029548 ], [ 174.482826913637098, -35.857610046284968 ], [ 174.482240226835302, -35.858161354977724 ], [ 174.48165544180813, -35.858713987601355 ], [ 174.48106678486522, -35.859263913299628 ], [ 174.480473829040449, -35.85981083398417 ], [ 174.479874444770218, -35.860358308034776 ], [ 174.479236006047842, -35.860883455850782 ], [ 174.478699595313685, -35.861468316138989 ], [ 174.478116554816154, -35.862023219364858 ], [ 174.477574418859064, -35.862603726200184 ], [ 174.477018707602952, -35.863175730265759 ], [ 174.476537720607126, -35.86380490370145 ], [ 174.476086980693026, -35.864445344041485 ], [ 174.475612730371267, -35.865066897324382 ], [ 174.475212496793347, -35.865724261242732 ], [ 174.474814079488425, -35.86638204311236 ], [ 174.474465098970256, -35.867054210127705 ], [ 174.474065223660261, -35.867707118761437 ], [ 174.473663403563961, -35.868359337860774 ], [ 174.463250939504661, -35.898984906528085 ], [ 174.46278440034223, -35.899578614286703 ] ] } },
{ "type": "Feature", "properties": { "group_id": "nzd0105" }, "geometry": { "type": "LineString", "coordinates": [ [ 173.766308304104456, -35.97917049194259 ], [ 173.765785669118998, -35.978579247741202 ], [ 173.765270235218765, -35.977983784966824 ], [ 173.764639926563461, -35.977455543331693 ], [ 173.764089604167026, -35.976880488666687 ], [ 173.76354120829879, -35.976304302135787 ], [ 173.763020356333442, -35.97571199231259 ], [ 173.762469206483416, -35.975137408540782 ], [ 173.761920901256019, -35.97456115563083 ], [ 173.761429433033584, -35.973951636980928 ], [ 173.761063460601434, -35.973268672872145 ], [ 173.76062737896504, -35.972626732521832 ], [ 173.760052412473186, -35.972066064376655 ], [ 173.759437576884267, -35.97152790359592 ], [ 173.758849738687587, -35.970971207565015 ], [ 173.758287753392779, -35.970400429085963 ], [ 173.757852304505576, -35.969756855071857 ], [ 173.757375733484196, -35.969137880392495 ], [ 173.75672529204391, -35.968622929805463 ], [ 173.756172189778738, -35.968049735800427 ], [ 173.755639292938554, -35.967464448339761 ], [ 173.755107173666744, -35.966878691282751 ], [ 173.754731412026899, -35.966199379579905 ], [ 173.754158244449314, -35.96563817343057 ], [ 173.753615362027915, -35.965058842973313 ], [ 173.753029911370959, -35.964504977109605 ], [ 173.752482497684326, -35.96392834898586 ], [ 173.751934060011138, -35.963352329144193 ], [ 173.751389347937732, -35.962774075869135 ], [ 173.750967290627074, -35.962122432826597 ], [ 173.750375466113667, -35.961572358630377 ], [ 173.749699464840432, -35.961072643502398 ], [ 173.749202329853603, -35.960465907052537 ], [ 173.74864549178892, -35.959894886950643 ], [ 173.748214092125664, -35.959248811862082 ], [ 173.747702384380574, -35.958650781252246 ], [ 173.747141311488804, -35.958082281810981 ], [ 173.746583209308682, -35.957512000583101 ], [ 173.746139091973305, -35.956873517032065 ], [ 173.745799562249914, -35.956172453142457 ], [ 173.745234524750771, -35.955606308411646 ], [ 173.74500734992111, -35.954838011708425 ], [ 173.744225204955598, -35.954401756681719 ], [ 173.743688464823293, -35.953818668222276 ], [ 173.743190492977561, -35.953212379886558 ], [ 173.742663565138486, -35.95262341188316 ], [ 173.742088444220229, -35.952063273971326 ], [ 173.74160251200027, -35.95144976909242 ], [ 173.741145379614551, -35.950819028516065 ], [ 173.740495873213575, -35.950303383218106 ], [ 173.739933416093862, -35.94973565090212 ], [ 173.739421291956972, -35.949137799478613 ], [ 173.738888456860394, -35.948552335262733 ], [ 173.738287614119713, -35.948007556290683 ], [ 173.73797616289599, -35.947289627003968 ], [ 173.737647935101705, -35.946581730241789 ], [ 173.736731237503733, -35.946225918334768 ], [ 173.736190980462993, -35.945644872884017 ], [ 173.735567659339949, -35.945113520968953 ], [ 173.735020823454818, -35.944536402923134 ], [ 173.734607045676796, -35.943879670802929 ], [ 173.734056528343132, -35.943304746694018 ], [ 173.733509154053792, -35.942727937697462 ], [ 173.732853298904701, -35.942216029165195 ], [ 173.732419595836518, -35.941571201143709 ], [ 173.731910362680168, -35.940971558895342 ], [ 173.731328569383521, -35.940415325547868 ], [ 173.730857019080076, -35.939793128640886 ], [ 173.730379968525227, -35.939174218161405 ], [ 173.729727017042364, -35.938660546202449 ], [ 173.729248470157899, -35.938042522316486 ], [ 173.728624735776435, -35.93751136070069 ], [ 173.728083682420191, -35.93693072611044 ], [ 173.727512305845835, -35.936368229677129 ], [ 173.726995971648535, -35.935772796749589 ], [ 173.726509265553887, -35.935159632803476 ], [ 173.725969135594283, -35.934578428264388 ], [ 173.725559294859579, -35.93391926651222 ], [ 173.725015897577435, -35.933340008122514 ], [ 173.724557802063316, -35.932709377399178 ], [ 173.72401430558412, -35.932128875717972 ], [ 173.723410437431397, -35.931585081428146 ], [ 173.722988264835294, -35.930932831904471 ], [ 173.72270240590845, -35.930198483173697 ], [ 173.721942986451836, -35.929749330668983 ], [ 173.721351506095658, -35.929199032766746 ], [ 173.720909697133948, -35.928558591677067 ], [ 173.720388146239657, -35.927966170416198 ], [ 173.719764627054587, -35.927435154709777 ], [ 173.719346642936557, -35.926780352167164 ], [ 173.718772507746991, -35.926219586529918 ], [ 173.718205892008456, -35.925654287958864 ], [ 173.717743681728535, -35.925026107362157 ], [ 173.717001138353453, -35.924566751401684 ], [ 173.716692136584498, -35.923846293294481 ], [ 173.716019680430605, -35.923344719134832 ], [ 173.715519508358028, -35.922739383500073 ], [ 173.715048028931591, -35.922116763514992 ], [ 173.714561012952885, -35.921503495947945 ], [ 173.713966097219355, -35.920955206121299 ], [ 173.713379339323865, -35.920401998865991 ], [ 173.712789753237814, -35.91985049045865 ], [ 173.712512521292155, -35.919110864269989 ], [ 173.711834311944841, -35.91861272026383 ], [ 173.711347812405222, -35.917999115622308 ], [ 173.710820152730179, -35.917410295091656 ], [ 173.710304284747451, -35.916814368728154 ], [ 173.70959670303759, -35.916333896350395 ], [ 173.709059075087055, -35.9157510660893 ], [ 173.708396569962161, -35.915243437552768 ], [ 173.707974805396987, -35.914590820995379 ], [ 173.707363781348448, -35.914052179774366 ], [ 173.70701151113451, -35.913357702055208 ], [ 173.706415273453672, -35.912810147310672 ], [ 173.705839313626853, -35.912250375992471 ], [ 173.705562685658265, -35.91151032993249 ], [ 173.704821154516793, -35.911050264219718 ], [ 173.704355074513984, -35.910424305665231 ], [ 173.703824663541667, -35.909837085569244 ], [ 173.703296016018015, -35.909248799102663 ], [ 173.702764035690507, -35.908662515444682 ], [ 173.702382795758808, -35.907985445011057 ], [ 173.701640607488343, -35.907525748919774 ], [ 173.701032021215724, -35.906985587409451 ], [ 173.700780376925536, -35.906230456194741 ], [ 173.700036865083007, -35.905771544102308 ], [ 173.699383658035458, -35.905258241893449 ], [ 173.698823487443633, -35.904688905048275 ], [ 173.698624643402269, -35.903901958316041 ], [ 173.697930703404865, -35.903413174501942 ], [ 173.697510142355441, -35.902759746027222 ], [ 173.697190933951049, -35.902045273833224 ], [ 173.696245243498481, -35.901708091930232 ], [ 173.695756843204975, -35.901095506137182 ], [ 173.695235804864012, -35.900502571914352 ], [ 173.694645375966559, -35.899951423072828 ], [ 173.694098517825864, -35.899374029846605 ], [ 173.69361565543096, -35.898758091551755 ], [ 173.693158535922777, -35.898126645471734 ], [ 173.692690864603179, -35.897501549698262 ], [ 173.692398196290782, -35.896771054982388 ], [ 173.691621627007294, -35.896331982154457 ], [ 173.69098241997736, -35.895810179110057 ], [ 173.690402183926295, -35.895252856941759 ], [ 173.689819442987357, -35.894697038917322 ], [ 173.689238148589766, -35.894140345334336 ], [ 173.688754858023685, -35.893524625868373 ], [ 173.688261355822192, -35.892915051857074 ], [ 173.687738630448592, -35.892323072793232 ], [ 173.687242598113585, -35.891715013809907 ], [ 173.686914652719338, -35.891005721674944 ], [ 173.68629905240536, -35.890469662684332 ], [ 173.685774005268058, -35.889879064482813 ], [ 173.685088610470189, -35.8893850295973 ], [ 173.684538533265538, -35.888809410193538 ], [ 173.683975598739664, -35.888240317310242 ], [ 173.683347508558455, -35.887711011839372 ], [ 173.682899751776603, -35.887073371266034 ], [ 173.682375148836712, -35.886482411864556 ], [ 173.681900156143939, -35.885861308914656 ], [ 173.681370313313664, -35.885273524212231 ], [ 173.680757556304087, -35.8847361072078 ], [ 173.680197080995754, -35.884166923677746 ], [ 173.679696768509643, -35.883561185775648 ], [ 173.679240642820986, -35.882928599173376 ], [ 173.678683026943673, -35.882357665564584 ], [ 173.678362209157086, -35.881642867678956 ], [ 173.677837285414768, -35.881052064284056 ], [ 173.677388932638621, -35.880414737834784 ], [ 173.676760712091976, -35.8798866811157 ], [ 173.676342191281094, -35.87923122238665 ], [ 173.675465702200881, -35.87885398551056 ], [ 173.675235502830077, -35.878084109022389 ], [ 173.674652114551492, -35.877528798326075 ], [ 173.673654643321129, -35.877225046521971 ], [ 173.673726994251638, -35.876271351896214 ], [ 173.673243877867719, -35.875655110551087 ], [ 173.672714837611863, -35.875066764848867 ], [ 173.671595039482753, -35.874837312985299 ], [ 173.671216435530965, -35.87415756593024 ] ] } },
{ "type": "Feature", "properties": { "group_id": "nzd0106" }, "geometry": { "type": "LineString", "coordinates": [ [ 174.461581908910063, -35.901920452945653 ], [ 174.461948020546686, -35.902567454183277 ], [ 174.462240524208056, -35.903242438054484 ], [ 174.462136870641132, -35.903979976571762 ], [ 174.461972987193803, -35.904691450165885 ], [ 174.461894493081104, -35.905405443822801 ], [ 174.461736045890461, -35.906124823480972 ], [ 174.461575228250865, -35.906837501875621 ], [ 174.461462096617936, -35.907549625753141 ], [ 174.46132440639559, -35.908265812614665 ], [ 174.46120582729327, -35.908987046171362 ], [ 174.461143358241884, -35.909714800405872 ], [ 174.46104275124793, -35.910448888539158 ], [ 174.461064936378961, -35.911188641958702 ], [ 174.461015815019095, -35.91191560727043 ], [ 174.46101267046501, -35.912643508751813 ], [ 174.46097298228031, -35.913371516399984 ], [ 174.461044238196052, -35.914102141953038 ], [ 174.460939166944001, -35.914833041649779 ], [ 174.460958410218808, -35.915560376352055 ], [ 174.460937628131063, -35.916288480366582 ], [ 174.460875113771664, -35.917015150395194 ], [ 174.460911221649667, -35.917740253513202 ], [ 174.460894041678614, -35.918467803143017 ], [ 174.460902127458382, -35.919195244690357 ], [ 174.460895953411949, -35.919923024145355 ], [ 174.460953425863721, -35.920650566267049 ], [ 174.460992311442652, -35.921377885599632 ], [ 174.461035788520064, -35.922105014883506 ], [ 174.461052134888746, -35.922832638587977 ], [ 174.461031897258778, -35.923562122522796 ], [ 174.461067429721083, -35.924290457179936 ], [ 174.461083261241527, -35.925018101659987 ], [ 174.46115275456367, -35.925743630438674 ], [ 174.461233757721061, -35.926469108174636 ], [ 174.461223587528281, -35.92719926667899 ], [ 174.461202096087618, -35.92792991885311 ], [ 174.461248776458717, -35.92865644676796 ], [ 174.461418115909339, -35.929376181047573 ], [ 174.461447490674232, -35.930104989980016 ], [ 174.461519276548501, -35.930830899206832 ], [ 174.461555739922289, -35.931558766512808 ], [ 174.461740554320016, -35.932275069633263 ], [ 174.461821931934139, -35.933000507957225 ], [ 174.461937038981318, -35.933723075158213 ], [ 174.462092728677533, -35.934439700152588 ], [ 174.462233797369692, -35.935158004578909 ], [ 174.462344583215639, -35.935880263300596 ], [ 174.462515834509702, -35.936594564008566 ], [ 174.462649827069157, -35.937314118956209 ], [ 174.462761803679257, -35.938036946333575 ], [ 174.462860148471037, -35.938761801407367 ], [ 174.46301440547802, -35.939478267168518 ], [ 174.463186143465578, -35.940192090804373 ], [ 174.463328193431607, -35.940910344682777 ], [ 174.463468705248459, -35.941628852499612 ], [ 174.46365023929809, -35.942341286921483 ], [ 174.463734264270613, -35.943064810004735 ], [ 174.463828378735741, -35.943784441576661 ], [ 174.463948926753631, -35.944504693523115 ], [ 174.463998892860076, -35.945232542082039 ], [ 174.46404421224986, -35.9459606841856 ], [ 174.464243564023064, -35.94667300320139 ], [ 174.464309780384895, -35.947398699672043 ], [ 174.464487870535379, -35.948113826429449 ], [ 174.464632719821395, -35.948832169104392 ], [ 174.464708717245031, -35.949560832447453 ], [ 174.464911414647929, -35.950272964305412 ], [ 174.465050999795494, -35.950994157608079 ], [ 174.465308665801672, -35.951692010971705 ], [ 174.465585511162345, -35.952386144474879 ], [ 174.465812541451186, -35.95308923160475 ], [ 174.466020906054467, -35.953796754766508 ], [ 174.46619909508766, -35.954511522868323 ], [ 174.466430402844765, -35.955214198572968 ], [ 174.46664133250448, -35.955921419428563 ], [ 174.466833856199514, -35.956632596167402 ], [ 174.467032866659679, -35.957342311036392 ], [ 174.467247263775391, -35.958048699451197 ], [ 174.46750831110765, -35.958744864264219 ], [ 174.467818133450152, -35.959431136522014 ] ] } },
{ "type": "Feature", "properties": { "group_id": "nzd0107" }, "geometry": { "type": "LineString", "coordinates": [ [ 174.486210025508399, -35.997466114875429 ], [ 174.486560538597018, -35.998122107010012 ], [ 174.486876097277275, -35.9987966692442 ], [ 174.487148416238824, -35.999491243036232 ], [ 174.487529004362557, -36.000150771314296 ], [ 174.487828768356991, -36.000836451264369 ], [ 174.4881963793392, -36.001500167801993 ], [ 174.488514543774983, -36.002179881100979 ], [ 174.488871376440414, -36.002847074264267 ], [ 174.489238692179498, -36.003513939678761 ], [ 174.489558428338256, -36.00419848477398 ], [ 174.489908163603957, -36.004869121370838 ], [ 174.490251277300757, -36.005541573694266 ], [ 174.490666535238375, -36.006186606709868 ], [ 174.491043215773118, -36.006846293042905 ], [ 174.491480096500112, -36.007483098687587 ], [ 174.491876414005958, -36.008135312225065 ], [ 174.492303000700531, -36.008776018411801 ], [ 174.492756105484659, -36.009406164385723 ], [ 174.493167021411978, -36.010049574884846 ], [ 174.49353756015978, -36.010713536131959 ], [ 174.493944151291942, -36.011362540019583 ], [ 174.494390041535183, -36.011993298132879 ], [ 174.494822247722823, -36.012630402582708 ], [ 174.495250417109077, -36.013269375596437 ], [ 174.495744230892086, -36.013877874792975 ], [ 174.49620699258702, -36.014500550346341 ], [ 174.49663654465931, -36.015138822213601 ], [ 174.497099716777171, -36.015761287659409 ], [ 174.497534586538421, -36.016397833115946 ], [ 174.49799376524129, -36.017022346083571 ], [ 174.498504016505109, -36.017621485779877 ], [ 174.498970196400791, -36.018241754037263 ], [ 174.499388311008516, -36.018888272290781 ], [ 174.49989863601229, -36.019486378851141 ], [ 174.500364488921008, -36.020108140453942 ], [ 174.500841979892954, -36.020723705691644 ], [ 174.501316372008688, -36.021340796179175 ], [ 174.501785905717469, -36.021959138337103 ], [ 174.502240438174425, -36.022584703152162 ], [ 174.502671219681787, -36.023222814537313 ], [ 174.50313562567726, -36.023844684882832 ], [ 174.503618442977029, -36.024457660093226 ], [ 174.50403291840172, -36.025106453107298 ], [ 174.504537470204724, -36.025710877976266 ], [ 174.505016847045283, -36.026329588792173 ], [ 174.505516727052594, -36.02693458561081 ], [ 174.506055831104476, -36.027515658748108 ], [ 174.506577725992884, -36.028122943640668 ], [ 174.507213475358753, -36.028654248916844 ], [ 174.507887962076467, -36.029136021405428 ], [ 174.508740955925646, -36.029469492881169 ] ] } },
{ "type": "Feature", "properties": { "group_id": "nzd0108" }, "geometry": { "type": "LineString", "coordinates": [ [ 173.859494226072258, -36.085823586226084 ], [ 173.859025262437683, -36.085201909684578 ], [ 173.858620196662883, -36.084543034925957 ], [ 173.858057147823729, -36.083976114563136 ], [ 173.85752906961568, -36.083388834001489 ], [ 173.857063435903825, -36.082765201235361 ], [ 173.856663225736582, -36.082103482036267 ], [ 173.856028864867199, -36.081578053382827 ], [ 173.855483584414884, -36.081000768095741 ], [ 173.854953489631782, -36.080414639053565 ], [ 173.854369098954976, -36.079860110121388 ], [ 173.853834378548811, -36.079276664631422 ], [ 173.853316238600883, -36.07868356353444 ], [ 173.852819517566331, -36.078077990460095 ], [ 173.852339857362637, -36.077462482138408 ], [ 173.851820123743806, -36.076870295307749 ], [ 173.851315899173301, -36.076269076497177 ], [ 173.850801322736743, -36.075673878850587 ], [ 173.850377907790943, -36.075025613278896 ], [ 173.84979888822491, -36.074467917913481 ], [ 173.849269352823057, -36.073881414228154 ], [ 173.848737238615627, -36.073296407158132 ], [ 173.848260374034993, -36.072679041438747 ], [ 173.847734396598355, -36.072089894254468 ], [ 173.847265688386443, -36.071467421571846 ], [ 173.846732671135072, -36.070882944640942 ], [ 173.846140525159569, -36.070333065463963 ], [ 173.845576658227372, -36.069766632873026 ], [ 173.845069272214459, -36.069167143191819 ], [ 173.844602799709833, -36.068543706447606 ], [ 173.844111933869868, -36.06793454023471 ], [ 173.843590430160617, -36.067343298903587 ], [ 173.843028620796645, -36.066775640053152 ], [ 173.842476730247256, -36.066202172239436 ], [ 173.841965783447449, -36.065604739673155 ], [ 173.841407455766642, -36.065035029975753 ], [ 173.840893690865556, -36.064439237683708 ], [ 173.840390979580178, -36.063836972368058 ], [ 173.83989417453148, -36.063231246269432 ], [ 173.839468738118853, -36.062583750652315 ], [ 173.838943162836244, -36.061994852038346 ], [ 173.838412023329028, -36.061409205179928 ], [ 173.837934005026767, -36.060792467208792 ], [ 173.837403579178897, -36.060206393836765 ], [ 173.836908470382269, -36.059599648373798 ], [ 173.836402135775501, -36.0589994678433 ], [ 173.835853915660351, -36.0584237944162 ], [ 173.835301701499077, -36.057850453862486 ], [ 173.83476646814367, -36.057267171644426 ], [ 173.834283451788593, -36.056653327452331 ], [ 173.833783108241931, -36.056049618728842 ], [ 173.833315749048865, -36.055426602975324 ], [ 173.832856544698274, -36.054798810471929 ], [ 173.832395790035093, -36.054171920713543 ], [ 173.831944413449378, -36.053539538327854 ], [ 173.831438953652537, -36.052938801368889 ], [ 173.830835445914602, -36.052395438349244 ], [ 173.830213384929721, -36.05186292823015 ], [ 173.829606153418297, -36.051321735242574 ], [ 173.829061178887514, -36.050744104745959 ], [ 173.828481823076089, -36.050186589807495 ], [ 173.827976196755714, -36.049585923743059 ], [ 173.827459421784198, -36.048991777452379 ], [ 173.826978713791249, -36.048376520220344 ], [ 173.8264886714, -36.047766721043743 ], [ 173.82595983145859, -36.047179621887928 ], [ 173.825486086089654, -36.046560276728258 ], [ 173.82490954844468, -36.046001081577565 ], [ 173.824399669936696, -36.045402872799009 ], [ 173.82384346030554, -36.044831772713458 ], [ 173.823323173431277, -36.044239646067226 ], [ 173.822818440931144, -36.043638412508635 ], [ 173.822278883476486, -36.043057554187619 ], [ 173.821793876779253, -36.042444768136242 ], [ 173.821389512327983, -36.041784785368002 ], [ 173.82088246343082, -36.041184889570403 ], [ 173.82044337055072, -36.040545221001253 ], [ 173.820069741193436, -36.039867238007048 ], [ 173.81935866076023, -36.039386729807056 ], [ 173.818811412830115, -36.038810340973562 ], [ 173.81827615610365, -36.038226930364488 ], [ 173.817740257847248, -36.037643890738849 ], [ 173.817247679070846, -36.037035495850212 ], [ 173.816771837159649, -36.036417301975689 ], [ 173.816303495847166, -36.035794714214198 ], [ 173.815718624562805, -36.035240316231771 ], [ 173.815240850615709, -36.034623239648965 ], [ 173.814720820680179, -36.034030887140325 ], [ 173.814108208463693, -36.033492709992125 ], [ 173.813543886452919, -36.03292626858947 ], [ 173.813029770632568, -36.032330441790876 ], [ 173.812590408593593, -36.031690864157582 ], [ 173.812079810363315, -36.031092969946897 ], [ 173.811613378063015, -36.030469225046104 ], [ 173.811089774914819, -36.02987893252746 ], [ 173.810632824807811, -36.029249629628488 ], [ 173.810014175734011, -36.028714949909201 ], [ 173.809486658869673, -36.028126934405542 ], [ 173.808958777314245, -36.027539127881269 ], [ 173.808465283907395, -36.026931192708751 ], [ 173.808062431622602, -36.026270209065139 ], [ 173.807457006183284, -36.025727768628585 ], [ 173.80695830445228, -36.025122868062773 ], [ 173.806399237954935, -36.024553289041755 ], [ 173.805848542720497, -36.023978806629714 ], [ 173.805359318607373, -36.023368346379961 ], [ 173.804945702870754, -36.022713634925132 ], [ 173.804289262874335, -36.022201022018479 ], [ 173.803763945088633, -36.021611670758524 ], [ 173.803308615227678, -36.020981357534225 ], [ 173.802810394824604, -36.020376139760224 ], [ 173.802223311947898, -36.01982292066424 ], [ 173.80169642705178, -36.019234468732442 ], [ 173.801137936958924, -36.018664507971927 ], [ 173.8006025683421, -36.018081011894409 ], [ 173.800136911520269, -36.017456715488848 ], [ 173.799567546953824, -36.016893105239127 ], [ 173.799106979719539, -36.016265821475002 ], [ 173.798544708473145, -36.015698051290968 ], [ 173.798008887312335, -36.015114797851851 ], [ 173.797515801712422, -36.014506530784459 ], [ 173.797051566033417, -36.013881376031378 ], [ 173.796473295095154, -36.01332295126582 ], [ 173.795987135095459, -36.012710617942609 ], [ 173.795494677281681, -36.012101965698101 ], [ 173.794960143968837, -36.011517931981388 ], [ 173.794412704491208, -36.010941446624415 ], [ 173.793844412997544, -36.010377159586554 ], [ 173.793337065561616, -36.009777203142846 ], [ 173.79286286453609, -36.009157844687444 ], [ 173.792334529924545, -36.008570161235298 ], [ 173.791786908103006, -36.007993760385347 ], [ 173.791214886205523, -36.007431634201275 ], [ 173.790707636172982, -36.006831598565178 ], [ 173.790188826163842, -36.006238323477483 ], [ 173.789735040877815, -36.005606990926069 ], [ 173.789219369380902, -36.005011870269954 ], [ 173.78877859262073, -36.004372916027663 ], [ 173.78847885983987, -36.003651416440107 ], [ 173.787814154142353, -36.003143499215739 ], [ 173.787184947465533, -36.002614802833378 ], [ 173.786621089988785, -36.002047858885909 ], [ 173.786052813032853, -36.001483496788119 ], [ 173.785556742325866, -36.000876874505117 ], [ 173.785103473076987, -36.0002451999339 ], [ 173.784535646701869, -35.99968056087399 ], [ 173.784048595116303, -35.999068647172358 ], [ 173.783581957772213, -35.99844478237484 ], [ 173.783071049374342, -35.997846821021113 ], [ 173.78261013632067, -35.99721959735831 ], [ 173.78192717202262, -35.996722316121968 ], [ 173.781379009793511, -35.99614614276328 ], [ 173.780814148203802, -35.995579737563425 ], [ 173.780280643298681, -35.994994977713219 ], [ 173.779700021066873, -35.9944377868418 ], [ 173.779159660235536, -35.993857030237635 ], [ 173.778638265254585, -35.993265170245188 ], [ 173.778146553866378, -35.992655934761594 ], [ 173.777636228007651, -35.992057588157664 ], [ 173.777117049561753, -35.991464417715996 ], [ 173.776673163291861, -35.990827181220872 ], [ 173.776078523568088, -35.990278162477225 ], [ 173.775455892879762, -35.989745519697991 ], [ 173.775008074531286, -35.989110571094471 ], [ 173.774550003272907, -35.988481618049484 ], [ 173.774021057232403, -35.987894137054973 ], [ 173.773475955907514, -35.987316105825407 ], [ 173.772941162218842, -35.986732038040977 ], [ 173.772371531114572, -35.986168352925134 ], [ 173.77182679572482, -35.985590094202237 ], [ 173.771296290467802, -35.98500350346891 ], [ 173.770763800963266, -35.984418069490715 ], [ 173.77029791637014, -35.983793653432812 ], [ 173.76972210093993, -35.983233565209616 ], [ 173.769259045264278, -35.982607484769623 ], [ 173.768679042995132, -35.98204983784133 ], [ 173.768197325731165, -35.981434669420288 ], [ 173.767752394746168, -35.980797968905968 ], [ 173.767229926246472, -35.980206639506996 ], [ 173.766672498308992, -35.979635764216077 ] ] } },
{ "type": "Feature", "properties": { "group_id": "nzd0109" }, "geometry": { "type": "LineString", "coordinates": [ [ 174.53207997828622, -36.043237088019382 ], [ 174.532673880704579, -36.043775429439144 ], [ 174.533271361832703, -36.044307377849499 ], [ 174.533905280911966, -36.04477624224532 ], [ 174.534604958287531, -36.045210176003145 ], [ 174.535326874053283, -36.045655575119056 ], [ 174.536046225237243, -36.046092905316868 ], [ 174.536755061882872, -36.046516510460222 ], [ 174.537486959148112, -36.046916666050684 ], [ 174.538293614785573, -36.047239454817046 ], [ 174.539112409447426, -36.047527802002875 ], [ 174.53989407547752, -36.047798003606552 ], [ 174.540706911272821, -36.04792654928697 ], [ 174.54150415127549, -36.047997778187423 ], [ 174.542354116551735, -36.048051385587172 ], [ 174.543208411424814, -36.047798911815889 ], [ 174.54403168766018, -36.047488083994978 ] ] } },
{ "type": "Feature", "properties": { "group_id": "nzd0110" }, "geometry": { "type": "LineString", "coordinates": [ [ 174.546272365248853, -36.046765365559345 ], [ 174.547036222718248, -36.047159201843272 ], [ 174.547866712858337, -36.047432819981914 ], [ 174.548728186860956, -36.047637677411181 ], [ 174.549581850037384, -36.047875426680037 ], [ 174.550466195086813, -36.048013287753953 ], [ 174.551354891351139, -36.048128451859554 ], [ 174.55225215197953, -36.048184738310901 ], [ 174.553150887181374, -36.048142866262005 ] ] } },
{ "type": "Feature", "properties": { "group_id": "nzd0111" }, "geometry": { "type": "LineString", "coordinates": [ [ 174.564728067684342, -36.048114669514341 ], [ 174.565584516657879, -36.048367155726645 ], [ 174.566471370144995, -36.048485871050616 ], [ 174.567365597182942, -36.048564983438169 ], [ 174.568264957047148, -36.048593833084993 ], [ 174.569154623011912, -36.048500227212436 ] ] } },
{ "type": "Feature", "properties": { "group_id": "nzd0112" }, "geometry": { "type": "LineString", "coordinates": [ [ 174.592645506162, -36.068748804232662 ], [ 174.592743454495547, -36.069479171682062 ], [ 174.592857162440765, -36.070206130983614 ], [ 174.593199725156779, -36.070883687286035 ], [ 174.593406469893495, -36.071617235997664 ], [ 174.593697155341118, -36.072352594927089 ], [ 174.594089410722688, -36.073029871006241 ], [ 174.594372896263394, -36.073723436769463 ], [ 174.594736080657242, -36.074387107025004 ], [ 174.59520286486989, -36.075007841800058 ], [ 174.595611415218457, -36.075651147713643 ], [ 174.595984932602079, -36.076311518715052 ], [ 174.596343995786924, -36.076976988768116 ], [ 174.596757362126226, -36.077627162870364 ], [ 174.597132670009159, -36.078299401525108 ], [ 174.597492661278579, -36.078975090393683 ], [ 174.59789196302836, -36.079625425065622 ], [ 174.598305697498489, -36.08028480521839 ], [ 174.598690812294194, -36.080967464111659 ], [ 174.598977487458427, -36.081688434234508 ] ] } },
{ "type": "Feature", "properties": { "group_id": "nzd0113" }, "geometry": { "type": "LineString", "coordinates": [ [ 174.598204035817304, -36.084036982665189 ], [ 174.598489589789978, -36.084752264491932 ], [ 174.598921753669885, -36.085390897982847 ], [ 174.599306439590066, -36.086054346546376 ], [ 174.599726318650511, -36.086699187374784 ], [ 174.600116837650774, -36.087327399500587 ], [ 174.600436510898163, -36.087982387379796 ], [ 174.600829473786064, -36.088635857372807 ], [ 174.601164449016977, -36.089309068837096 ], [ 174.601488001885883, -36.089930337382405 ], [ 174.601808916231334, -36.090555764618962 ], [ 174.602143183423863, -36.091229515922358 ], [ 174.602470217246264, -36.091905559914068 ], [ 174.602848831157075, -36.092565207572925 ], [ 174.603238041767327, -36.093221482109492 ], [ 174.603580705722891, -36.093892541852277 ], [ 174.604016197878565, -36.09453409792777 ], [ 174.604349670923455, -36.095208066600939 ], [ 174.604719045269292, -36.095879920745325 ], [ 174.604988866571944, -36.096590029825606 ], [ 174.605357644408031, -36.097256499091088 ], [ 174.605750138065957, -36.097909804313538 ], [ 174.606049801174123, -36.098596444360716 ], [ 174.606422194416865, -36.099256957436111 ], [ 174.606755210074624, -36.099931607426072 ], [ 174.607048237884072, -36.100620613410705 ], [ 174.607442408616805, -36.101273288119373 ], [ 174.607796325803463, -36.101940414277486 ], [ 174.608101240177405, -36.102625242420935 ], [ 174.608515644988472, -36.103271477550926 ], [ 174.608915762098718, -36.103922666682024 ], [ 174.609279243246078, -36.104586340610268 ], [ 174.609600938938399, -36.105265110513066 ], [ 174.60998133865985, -36.105922658638832 ], [ 174.61037767876536, -36.106574440161623 ], [ 174.610685240916126, -36.107258301050074 ], [ 174.611028245903981, -36.107929346965868 ], [ 174.611344438618431, -36.108610077307667 ], [ 174.611736537208685, -36.109263369230838 ], [ 174.612153294349753, -36.109907743816947 ], [ 174.612451124027501, -36.110621835885198 ], [ 174.612769271406535, -36.111345475511008 ], [ 174.613233232715913, -36.111978140485292 ], [ 174.613629486148625, -36.112630950523744 ], [ 174.613975503980527, -36.113291361499044 ], [ 174.614400089256804, -36.113880900751028 ], [ 174.61478377491062, -36.114504715776249 ], [ 174.615254565392661, -36.11513004045721 ], [ 174.61571873743236, -36.115757718812631 ], [ 174.616150522095182, -36.116396937095416 ], [ 174.616577001690075, -36.117038040902216 ], [ 174.616998566500172, -36.117680891107227 ], [ 174.617419237443499, -36.118324054314556 ], [ 174.617878123770993, -36.118953588623782 ], [ 174.618290971596224, -36.119608327741361 ], [ 174.618675932469444, -36.120275926884602 ], [ 174.619157011224189, -36.120891817646879 ], [ 174.619588680610832, -36.121528202147942 ], [ 174.620017967379511, -36.122165671460863 ], [ 174.620470628114191, -36.122792442901527 ], [ 174.620921147435723, -36.123420188823225 ], [ 174.621315079117721, -36.124073816319878 ], [ 174.621689074620946, -36.124736558637196 ], [ 174.622133562376177, -36.125366076635636 ], [ 174.622546740527611, -36.126007199492825 ], [ 174.622976478041522, -36.126641898021553 ], [ 174.623370646148942, -36.127294392566604 ], [ 174.623793116898071, -36.12793466000111 ], [ 174.624220133336678, -36.128574110734029 ], [ 174.624654521082505, -36.129212377216838 ], [ 174.625070414088015, -36.129858091905177 ], [ 174.62548950227125, -36.130500189504275 ], [ 174.625968238380239, -36.131114920778046 ], [ 174.626375883287949, -36.131762257256284 ], [ 174.626816761132091, -36.132394344273898 ], [ 174.627233505578658, -36.133037496386201 ], [ 174.627673988152395, -36.133669754438493 ], [ 174.628114958609729, -36.134301783557859 ], [ 174.628606549040455, -36.134910587693135 ], [ 174.629084735826808, -36.135529772887466 ], [ 174.629544027274335, -36.136159800675912 ], [ 174.629998111982502, -36.136789815050477 ], [ 174.63044555358826, -36.13742106675933 ], [ 174.630868453130432, -36.138065665590652 ], [ 174.631334250389557, -36.13868692162535 ], [ 174.631764617647065, -36.139319459755889 ], [ 174.63224383772797, -36.139911331952035 ], [ 174.632655223631559, -36.140543873708957 ], [ 174.633098425279996, -36.141174933748502 ], [ 174.633556934908796, -36.1417992393839 ], [ 174.634029532589494, -36.142417328471502 ], [ 174.634505682099132, -36.143033846356012 ], [ 174.634921840537118, -36.143676808689321 ], [ 174.635397076133131, -36.144293719076416 ], [ 174.635825554802011, -36.144931239056 ], [ 174.636223499287155, -36.145593091951049 ], [ 174.63666663730811, -36.146239840569081 ], [ 174.637082470470887, -36.146891900643588 ], [ 174.63770002560787, -36.147428295514366 ], [ 174.638233309249472, -36.148012191435093 ], [ 174.638746559290013, -36.148606790034023 ], [ 174.639219166529529, -36.149224127520284 ], [ 174.639766239048555, -36.149800515367211 ], [ 174.640240239598143, -36.150417663353423 ], [ 174.640742443319169, -36.151019072978627 ], [ 174.641193576079559, -36.151648968973632 ], [ 174.641620472615244, -36.152292380944864 ], [ 174.642087221599525, -36.15291355579317 ], [ 174.642579203230383, -36.153514104729382 ], [ 174.643063687089779, -36.15411718594585 ], [ 174.64357274209496, -36.154714029850744 ], [ 174.644041243217998, -36.155333024041546 ], [ 174.644511728271368, -36.155955537956956 ], [ 174.645031215105774, -36.156554692391836 ], [ 174.645526216222379, -36.157162901382691 ], [ 174.646048062896625, -36.157753274027897 ], [ 174.646587780361699, -36.158356391386462 ], [ 174.647130817779981, -36.158963412770611 ], [ 174.647633578083799, -36.159575038453433 ] ] } },
{ "type": "Feature", "properties": { "group_id": "nzd0114" }, "geometry": { "type": "LineString", "coordinates": [ [ 175.424590453975668, -36.116092672010026 ], [ 175.424220660111899, -36.116754483025716 ], [ 175.423883296459337, -36.11742694543134 ], [ 175.423582486636292, -36.118111414200975 ], [ 175.423268185184753, -36.118861559436361 ], [ 175.42290279210053, -36.119661390987382 ], [ 175.422665732520414, -36.120432339231996 ], [ 175.422617162059652, -36.121158124320893 ], [ 175.422555136441133, -36.121882660453672 ], [ 175.422387122993115, -36.122597404558597 ], [ 175.422295367999197, -36.123319182685854 ], [ 175.422229415471321, -36.124043336382783 ], [ 175.422478909485704, -36.124875121000436 ], [ 175.4225930552862, -36.125699713611965 ], [ 175.422678594952174, -36.126463975036877 ], [ 175.422867743067854, -36.127173359845948 ], [ 175.423062107720028, -36.127881734680571 ], [ 175.423249422487714, -36.128591459397711 ], [ 175.423471922114146, -36.129294408754198 ], [ 175.423695356907672, -36.129997171817237 ], [ 175.424091967122621, -36.13066661239656 ], [ 175.424389759494318, -36.131355057454236 ], [ 175.4246332264091, -36.13205394750856 ], [ 175.424955761059834, -36.132782780765467 ], [ 175.425357706320142, -36.133484014123184 ], [ 175.425749605691749, -36.134141199166542 ], [ 175.426132457256301, -36.134800581760864 ], [ 175.426508995119008, -36.135462929453105 ], [ 175.426918766347768, -36.136109637319223 ], [ 175.427357324666616, -36.136742797178634 ], [ 175.427722932777755, -36.137419094366777 ], [ 175.428017867563369, -36.138154078604387 ], [ 175.428149585892442, -36.138981398851897 ], [ 175.428222612720617, -36.139819175301682 ], [ 175.428343188949469, -36.140630754772815 ], [ 175.428832190416358, -36.141239405280416 ], [ 175.430353312194086, -36.141279566322488 ], [ 175.43070913975032, -36.141961559758293 ] ] } },
{ "type": "Feature", "properties": { "group_id": "nzd0115" }, "geometry": { "type": "LineString", "coordinates": [ [ 173.948393136858698, -36.194624057165449 ], [ 173.947962617434769, -36.193987552587018 ], [ 173.947536543240204, -36.193348968422654 ], [ 173.947034897567164, -36.192745646844337 ], [ 173.946516265795168, -36.192150247248783 ], [ 173.94604502023239, -36.191532728448259 ], [ 173.945562070089096, -36.190920666866134 ], [ 173.945112961642764, -36.190292807022686 ], [ 173.944719844925828, -36.189638811903905 ], [ 173.944246417227077, -36.18902229121764 ], [ 173.943722123962885, -36.188429503405793 ], [ 173.94330855056495, -36.187785039800445 ], [ 173.942778215690652, -36.187195061375277 ], [ 173.942300436081752, -36.186580551399871 ], [ 173.941797839987032, -36.185977617707088 ], [ 173.941332586668466, -36.18535725185216 ], [ 173.940763706601189, -36.184785241340968 ], [ 173.940331180624128, -36.184149592234995 ], [ 173.939832979940206, -36.183544587037673 ], [ 173.939357582200586, -36.182928935137227 ], [ 173.938952146048564, -36.182280628584465 ], [ 173.938501207330006, -36.181653552041382 ], [ 173.93801397820576, -36.18104340642877 ], [ 173.937480925288838, -36.18045464075913 ], [ 173.937023206849915, -36.179830713007213 ], [ 173.936585830234947, -36.179197287082175 ], [ 173.936084238378839, -36.178593824020773 ], [ 173.935630161608117, -36.177968181592668 ], [ 173.935164685821661, -36.177347853788191 ], [ 173.934664906881864, -36.176743529502076 ], [ 173.934217861674057, -36.17611459040797 ], [ 173.933744558259548, -36.175497900420517 ], [ 173.933241432110435, -36.174895123034212 ], [ 173.932774508043366, -36.174275445820207 ], [ 173.932241732600801, -36.17368649500861 ], [ 173.931761140294384, -36.173073186359538 ], [ 173.931301592594536, -36.172450051582373 ], [ 173.930853926707755, -36.171821366748745 ], [ 173.930385870471042, -36.171202192603332 ], [ 173.929894292464041, -36.170593990521276 ], [ 173.929406058774305, -36.169984222655167 ], [ 173.928921468065568, -36.169372749626611 ], [ 173.928402099862836, -36.168777501446179 ], [ 173.927971660197358, -36.168140747168565 ], [ 173.927500164350221, -36.167523147869936 ], [ 173.927018675714748, -36.166910206936407 ], [ 173.926520962300827, -36.166304832701996 ], [ 173.926030441328834, -36.165696096846474 ], [ 173.925519649815783, -36.165096815745407 ], [ 173.925071757885632, -36.164468175730306 ], [ 173.924577863332246, -36.163860999072824 ], [ 173.924086320447941, -36.163252719881328 ], [ 173.923579642246835, -36.162651498939788 ], [ 173.923136450323398, -36.1620206453184 ], [ 173.922606089953348, -36.161430466190758 ], [ 173.922172622301559, -36.160795064364173 ], [ 173.921681261783135, -36.160186674772227 ], [ 173.921207858729531, -36.159569899777402 ], [ 173.920684532831814, -36.158976417575758 ], [ 173.920174365175598, -36.158376789646866 ], [ 173.919699808662841, -36.157760537774273 ], [ 173.919259090542937, -36.157128489257524 ], [ 173.918797262261734, -36.156506287296892 ], [ 173.918422116359153, -36.155843627530885 ], [ 173.918042102101282, -36.155183234530064 ], [ 173.91740113287176, -36.154644618624587 ], [ 173.916787146309531, -36.154093405139328 ], [ 173.916302009423219, -36.153482055467549 ], [ 173.915683567719356, -36.15293291068437 ], [ 173.915208360312306, -36.152380660768124 ], [ 173.91478791054908, -36.151834170323816 ], [ 173.91434289871259, -36.151231488482146 ], [ 173.913866403808555, -36.150614682496276 ], [ 173.913396782678575, -36.149993871138477 ], [ 173.912924627096714, -36.149374530454132 ], [ 173.912375455637715, -36.148800012409907 ], [ 173.911919380006026, -36.148171303435539 ], [ 173.911422123004712, -36.147566559620671 ], [ 173.910908104600935, -36.146971567338156 ], [ 173.910407711889775, -36.146368639733971 ], [ 173.909873547763539, -36.14578536437989 ], [ 173.909343239683324, -36.145199840143427 ], [ 173.908890399674959, -36.144569220996921 ], [ 173.908319389317342, -36.144007378694454 ], [ 173.90788203191579, -36.143367738906299 ], [ 173.907421445554036, -36.142741615058789 ], [ 173.906962228343474, -36.142114689767737 ], [ 173.906351373075722, -36.141576021640581 ], [ 173.905846233906118, -36.140975816533022 ], [ 173.905354650149576, -36.140367716972662 ], [ 173.904865898733789, -36.139757964358594 ], [ 173.904382233771884, -36.139145246667361 ], [ 173.903889920889071, -36.138537558067355 ], [ 173.903353862147469, -36.137955327540645 ], [ 173.902880995476835, -36.137336311218256 ], [ 173.902380290034216, -36.136733494153816 ], [ 173.901829166376558, -36.136160018889719 ], [ 173.901351705283219, -36.13554366337052 ], [ 173.900804059040013, -36.134968155137571 ], [ 173.900275476148778, -36.134381546484754 ], [ 173.899880699863729, -36.133717050222288 ], [ 173.899386580819538, -36.13311037267583 ], [ 173.898897357014931, -36.132500841335208 ], [ 173.898383409832434, -36.131905696005688 ], [ 173.897850323494197, -36.131321686345863 ], [ 173.897368123960661, -36.130708053060062 ], [ 173.896896758926601, -36.130088108949472 ], [ 173.896401991808119, -36.129481781793288 ], [ 173.895866626868326, -36.128899080595907 ], [ 173.895307151838637, -36.128330408470958 ], [ 173.89479543959996, -36.127733931034818 ], [ 173.894344406209086, -36.127102130323344 ], [ 173.893866489745477, -36.12648597270671 ], [ 173.893345884087751, -36.125894658396874 ], [ 173.892890846057782, -36.125265175126614 ], [ 173.892460286672559, -36.124621439160784 ], [ 173.891952212452082, -36.124022817353541 ], [ 173.891334276173041, -36.123488137909483 ], [ 173.890743691431993, -36.12293753354389 ], [ 173.890263663472808, -36.122322573694404 ], [ 173.889715558199697, -36.121747234668824 ], [ 173.889233396629237, -36.121133507786304 ], [ 173.888808513497139, -36.120486436667171 ], [ 173.888292291106978, -36.119892526402467 ], [ 173.887797371340156, -36.119286212156766 ], [ 173.887234091749207, -36.118719683330283 ], [ 173.886700856298489, -36.118135662388276 ], [ 173.886232695685777, -36.117513759198452 ], [ 173.885701211634199, -36.116928709915058 ], [ 173.885221302828342, -36.116313635992888 ], [ 173.884753827144181, -36.115691320674749 ], [ 173.884242411981774, -36.115094576588781 ], [ 173.883695494515194, -36.114518492758556 ], [ 173.88320865069764, -36.113907437585439 ], [ 173.882707619316534, -36.113304636054707 ], [ 173.882262087332776, -36.112669525615438 ], [ 173.881777942466613, -36.112056886011366 ], [ 173.881238532237177, -36.111476410210614 ], [ 173.880731002973306, -36.11087737302028 ], [ 173.880230993548594, -36.11027395429705 ], [ 173.87971514473611, -36.10967975073703 ], [ 173.879235594529575, -36.109064414382054 ], [ 173.878693761061299, -36.108485326794479 ], [ 173.87823016402362, -36.107860695629981 ], [ 173.877738485385379, -36.107252405457523 ], [ 173.877261105518045, -36.106635787894767 ], [ 173.87675730721989, -36.106034543289475 ], [ 173.876260846557869, -36.10542902318042 ], [ 173.875695848865831, -36.104863392141219 ], [ 173.875152681699745, -36.104285049678914 ], [ 173.874717135652418, -36.103644059470383 ], [ 173.874196857833283, -36.103052384839508 ], [ 173.873697144724815, -36.102448735576829 ], [ 173.87332282106297, -36.101772095781413 ], [ 173.873014738458636, -36.101056893630108 ], [ 173.872394138239912, -36.100523596701834 ], [ 173.871773598203447, -36.099990260115156 ], [ 173.871202744881884, -36.099427997504485 ], [ 173.870698522492972, -36.098826946180324 ], [ 173.870122547474296, -36.098267655833013 ], [ 173.869554599952437, -36.097703688377955 ], [ 173.869020138777387, -36.097120224910945 ], [ 173.86846143949694, -36.09655086533612 ], [ 173.867978048575679, -36.095937666305218 ], [ 173.867486443224351, -36.095329244200137 ], [ 173.867043205982924, -36.09469266374645 ], [ 173.866570320425808, -36.09407333632344 ], [ 173.866051215782363, -36.093480907459444 ], [ 173.865578723652789, -36.092861342072553 ], [ 173.865093800463114, -36.09224900803266 ], [ 173.864555802172788, -36.091667563358286 ], [ 173.864029017739028, -36.091079586888064 ], [ 173.863474692586607, -36.09050763677913 ], [ 173.862911564724726, -36.089940806039756 ], [ 173.862378342394351, -36.089356563528497 ], [ 173.861888877074819, -36.088746846645897 ], [ 173.861374690524855, -36.088151514941629 ], [ 173.860876480790211, -36.087546879043913 ], [ 173.860401463097617, -36.086928739112153 ], [ 173.859849572327931, -36.086355340800708 ] ] } },
{ "type": "Feature", "properties": { "group_id": "nzd0116" }, "geometry": { "type": "LineString", "coordinates": [ [ 175.44029213598921, -36.148196689311334 ], [ 175.440890429622726, -36.148800236570445 ], [ 175.441630478751279, -36.149213772270457 ] ] } },
{ "type": "Feature", "properties": { "group_id": "nzd0117" }, "geometry": { "type": "LineString", "coordinates": [ [ 175.446719712860414, -36.152105782957157 ], [ 175.447438374010972, -36.152686541705357 ], [ 175.448319511417168, -36.152840221798996 ] ] } },
{ "type": "Feature", "properties": { "group_id": "nzd0118" }, "geometry": { "type": "LineString", "coordinates": [ [ 175.484308465721654, -36.168648194432798 ], [ 175.485190401164516, -36.168800707994642 ], [ 175.486082704363838, -36.168829211230005 ], [ 175.486967261444391, -36.168830674934426 ], [ 175.487852959280389, -36.16873881645845 ], [ 175.488713114412292, -36.168560981215869 ], [ 175.489555489663417, -36.168315416244965 ] ] } },
{ "type": "Feature", "properties": { "group_id": "nzd0119" }, "geometry": { "type": "LineString", "coordinates": [ [ 174.650775599510837, -36.165400679591798 ], [ 174.650979724025916, -36.166106906339024 ], [ 174.651258775480272, -36.16683236084458 ], [ 174.651660092628191, -36.167522848694325 ], [ 174.652146271808959, -36.168146737536652 ], [ 174.652541720483697, -36.168798015137313 ], [ 174.652997150697274, -36.169426835017674 ], [ 174.653379956907656, -36.170083936647714 ], [ 174.653865345899362, -36.170702973811679 ], [ 174.654286000765978, -36.171346260136005 ], [ 174.65470115587712, -36.171989910468341 ], [ 174.655133074309674, -36.172625818110156 ], [ 174.655574679904873, -36.17325724926549 ], [ 174.65596683578994, -36.173912488066662 ], [ 174.65644119814209, -36.174531251076864 ], [ 174.65688061192057, -36.17516695729114 ], [ 174.657370231733836, -36.175774895208185 ], [ 174.657832801193479, -36.176396695134436 ], [ 174.658291436430545, -36.177023741196265 ], [ 174.658760087264199, -36.177649844131103 ], [ 174.659263016331238, -36.178254634805981 ], [ 174.659739562612032, -36.178865906511817 ], [ 174.660239904797862, -36.179462651189787 ], [ 174.660716751907614, -36.180077704356734 ], [ 174.661227560354234, -36.180674112752101 ], [ 174.661704164975106, -36.181289289673508 ], [ 174.662184437413657, -36.181902448793863 ], [ 174.662719647892914, -36.182485449846361 ], [ 174.663236290351705, -36.183069880171004 ], [ 174.663724200892602, -36.183670449517315 ], [ 174.66425746106961, -36.184258621971018 ], [ 174.664779799194122, -36.184852403083177 ], [ 174.665312309025637, -36.185436213660552 ], [ 174.665802018661452, -36.186047894483821 ], [ 174.696643808838814, -36.217151861640914 ], [ 174.697258424508959, -36.217681738419387 ], [ 174.697874167974163, -36.218211511127969 ], [ 174.698449583300288, -36.218769956590926 ], [ 174.699042951684618, -36.219314146604958 ], [ 174.699656522065482, -36.219843480634431 ], [ 174.700237365933162, -36.220396871004525 ], [ 174.700852223511987, -36.220925251155059 ], [ 174.70144929453312, -36.221466704009799 ], [ 174.702012852901674, -36.222032791302517 ], [ 174.702622142728814, -36.222565253519726 ], [ 174.703214835343545, -36.223109914105244 ], [ 174.703802785539523, -36.223658057540796 ], [ 174.70441720460289, -36.224186737467043 ], [ 174.70500539572015, -36.224734696280642 ], [ 174.705596088014829, -36.225280812498866 ], [ 174.706193100696794, -36.225822278239804 ], [ 174.706745394605662, -36.226398127393693 ], [ 174.707366878048617, -36.226923617879791 ], [ 174.707985018265475, -36.227450136319312 ], [ 174.708633376947091, -36.227952689759739 ], [ 174.709237304515938, -36.228489308714643 ], [ 174.709873607525168, -36.229001517790337 ], [ 174.710474462024706, -36.22954359569853 ], [ 174.711079092375826, -36.230084505257537 ], [ 174.711733943351788, -36.230580510665867 ], [ 174.712357254891117, -36.231103021312272 ], [ 174.71298082059235, -36.231625315091556 ], [ 174.713629023135383, -36.232126898506401 ], [ 174.714246252199217, -36.232654511670042 ], [ 174.714862648945797, -36.233181393007186 ], [ 174.715458292438313, -36.233721560098729 ], [ 174.716096826712857, -36.234227998829894 ], [ 174.716703602936207, -36.234762882672698 ], [ 174.717322064190085, -36.235288481347915 ], [ 174.717914521679432, -36.235834732016578 ], [ 174.718541253174749, -36.236348048895508 ], [ 174.719124555346781, -36.236889033230852 ], [ 174.719768071171842, -36.237392521737455 ], [ 174.720383764619896, -36.237920558253919 ], [ 174.721017173723936, -36.238435993695219 ], [ 174.721662512743563, -36.23894791211648 ], [ 174.722281049155526, -36.239481774117351 ], [ 174.722893763941158, -36.240018919729536 ], [ 174.723497952495848, -36.240561769624506 ], [ 174.724149908501346, -36.241060858039511 ], [ 174.724791548004447, -36.241569394260893 ], [ 174.725359600116093, -36.242145339644232 ], [ 174.725693899636127, -36.242935417685878 ], [ 174.726592323712168, -36.243208710921429 ], [ 174.727367999251612, -36.243594447097912 ], [ 174.728054552603282, -36.24405271017077 ], [ 174.728692405896055, -36.24450938654185 ], [ 174.729349260967723, -36.244979261172112 ], [ 174.730008456636114, -36.245484151392077 ], [ 174.730661784752868, -36.245991342258819 ], [ 174.731279602364424, -36.246503078068976 ], [ 174.731907997014702, -36.247024023267052 ], [ 174.732539267127322, -36.247548724817655 ], [ 174.733186834084023, -36.248056666967713 ], [ 174.73390464755866, -36.248492375793226 ], [ 174.734585778859014, -36.248963348186855 ], [ 174.735254578127126, -36.249443119408092 ], [ 174.735945446326554, -36.249903437934826 ], [ 174.736642187528531, -36.250360719284338 ], [ 174.737278591862207, -36.250876157964342 ], [ 174.737957470529807, -36.251350609857106 ], [ 174.73867986507085, -36.251783130277303 ], [ 174.739346838794717, -36.25226908739775 ], [ 174.740030999950875, -36.252738479930116 ], [ 174.740713371122212, -36.253209594427339 ], [ 174.741362394848665, -36.253712839914812 ], [ 174.742073229546492, -36.254156878680476 ], [ 174.742788968212864, -36.254606036253904 ], [ 174.743467606325567, -36.25509715866319 ], [ 174.744214986999538, -36.255499583491869 ], [ 174.744887128174469, -36.255986976168131 ], [ 174.74558146882822, -36.256449296307913 ], [ 174.746363612797722, -36.256810898161071 ], [ 174.747047240017025, -36.257278967386299 ], [ 174.74774252886894, -36.257734757075085 ], [ 174.748579029613211, -36.258044049302647 ], [ 174.749382909996513, -36.258389284060584 ], [ 174.750193192122339, -36.258708227376893 ], [ 174.750954824720907, -36.259103396230223 ] ] } },
{ "type": "Feature", "properties": { "group_id": "nzd0120" }, "geometry": { "type": "LineString", "coordinates": [ [ 175.481146040679306, -36.249723766321019 ], [ 175.481625151738058, -36.250340182697755 ], [ 175.482147799448171, -36.250929690824897 ], [ 175.482616102483632, -36.251552691033687 ], [ 175.483108805290584, -36.252164074556674 ], [ 175.483655245236264, -36.252760698095287 ], [ 175.484336909857859, -36.253255944433171 ], [ 175.485138293510119, -36.253620633465076 ], [ 175.485897832271519, -36.253951755511068 ], [ 175.48671904073089, -36.254265551422094 ] ] } },
{ "type": "Feature", "properties": { "group_id": "nzd0121" }, "geometry": { "type": "LineString", "coordinates": [ [ 174.01216765901313, -36.313714839258502 ], [ 174.012109097868148, -36.312961187111391 ], [ 174.012007738688339, -36.312220171963027 ], [ 174.011857263075171, -36.311493660830109 ], [ 174.011738032223832, -36.310757912491148 ], [ 174.011622850613037, -36.310020961315189 ], [ 174.01148972918719, -36.309289303739284 ], [ 174.011300294816436, -36.308574276960549 ], [ 174.011159275632622, -36.307844939939237 ], [ 174.010994220293981, -36.307122697902294 ], [ 174.010950238147359, -36.306364678496585 ], [ 174.010795137876727, -36.305639482311705 ], [ 174.010590892844732, -36.304928799799136 ], [ 174.010441787366744, -36.304201819787934 ], [ 174.010286355151749, -36.303476702672953 ], [ 174.01016471763009, -36.302741594181654 ], [ 174.009974820410349, -36.302026647400503 ], [ 174.009764405358823, -36.301317756683723 ], [ 174.009505564447778, -36.300623167993677 ], [ 174.009416524009424, -36.299878402748526 ], [ 174.009236200410072, -36.299160602313421 ], [ 174.009027391778744, -36.298451212145821 ], [ 174.008768106411168, -36.297756730339223 ], [ 174.008629746068607, -36.297026512219915 ], [ 174.008362687845988, -36.296334314920387 ], [ 174.00811812210523, -36.29563546558721 ], [ 174.007946499495944, -36.294915057018024 ], [ 174.007664666484487, -36.294227207223038 ], [ 174.00746711887993, -36.293514446653376 ], [ 174.007216523037869, -36.292817354761389 ], [ 174.006973950282401, -36.292117886123911 ], [ 174.006701202563079, -36.291427327684289 ], [ 174.006476289811019, -36.290722628652439 ], [ 174.006213659774517, -36.290029068512396 ], [ 174.005968189831975, -36.289330431731862 ], [ 174.005772580310463, -36.288617055608832 ], [ 174.005442800854269, -36.287943319396938 ], [ 174.005173787059903, -36.287251621501625 ], [ 174.004914337092202, -36.286557091552766 ], [ 174.004596924849295, -36.28587968307437 ], [ 174.004353724817577, -36.285180339359492 ], [ 174.004059636922051, -36.284496026729066 ], [ 174.003813279978601, -36.283797603802974 ], [ 174.003391271408958, -36.283151079349686 ], [ 174.003230991872641, -36.282427208839344 ], [ 174.002995455571948, -36.281725570353217 ], [ 174.002624450104918, -36.281063956936386 ], [ 174.002286846909016, -36.280392467244553 ], [ 174.002088997699644, -36.279679674236931 ], [ 174.001593480617885, -36.279054836333529 ], [ 174.001345084856069, -36.278356968013959 ], [ 174.00106679904718, -36.277667926214455 ], [ 174.000661672784986, -36.277016360053729 ], [ 174.000371226363455, -36.276330899870246 ], [ 174.000125953405757, -36.275632084810653 ], [ 173.999675136172584, -36.274994002763179 ], [ 173.999356178690078, -36.274316949856015 ], [ 173.999048480020946, -36.273636563992497 ], [ 173.998619311418423, -36.272992066960519 ], [ 173.998275969284464, -36.272322202022018 ], [ 173.997894614425775, -36.271663564032522 ], [ 173.99757914938948, -36.270985449486943 ], [ 173.997273091608548, -36.270304549121093 ], [ 173.997009685785258, -36.269611038954999 ], [ 173.996690626140833, -36.268933968782392 ], [ 173.996246513347018, -36.268293846506616 ], [ 173.995758619787239, -36.267666655596507 ], [ 173.995407050058873, -36.266999174576043 ], [ 173.99514175871596, -36.266306192055623 ], [ 173.994729139722381, -36.265656739482175 ], [ 173.994369623607923, -36.264991588884307 ], [ 173.993960503172872, -36.264341090609278 ], [ 173.993582102444776, -36.263681508632942 ], [ 173.993201018902738, -36.263022713512676 ], [ 173.992863367525871, -36.262351078147447 ], [ 173.992474729735591, -36.261694503489693 ], [ 173.992120473933966, -36.261027762940948 ], [ 173.991857418853954, -36.260334066364983 ], [ 173.991467458664914, -36.259677864745733 ], [ 173.990971958720593, -36.259052844463504 ], [ 173.990570750474092, -36.258399954774518 ], [ 173.99021621537014, -36.257733267171851 ], [ 173.98994143156122, -36.257043006975117 ], [ 173.989580765631985, -36.256378119203497 ], [ 173.989139013304481, -36.25573718671307 ], [ 173.988752978867893, -36.255079783536544 ], [ 173.988372046709998, -36.254420866705367 ], [ 173.987961256649015, -36.25377076698566 ], [ 173.987656924315019, -36.253089202990125 ], [ 173.987252638938998, -36.252456723749539 ], [ 173.986957143026075, -36.251812967687151 ], [ 173.986564437056359, -36.251181023961067 ], [ 173.986226502925973, -36.250501769121279 ], [ 173.98585460667303, -36.249838356548466 ], [ 173.985602268995763, -36.249119149444503 ], [ 173.985298287451457, -36.248424035221362 ], [ 173.984818857235126, -36.247810785468324 ], [ 173.984436235237837, -36.247152356910718 ], [ 173.983941388005746, -36.246546291105645 ], [ 173.983455033213033, -36.245936257393076 ], [ 173.98305002193888, -36.245288261133403 ], [ 173.982712886008727, -36.244608586803594 ], [ 173.98226221148866, -36.243981888285873 ], [ 173.981852044722586, -36.243336282346199 ], [ 173.981446203093952, -36.24268865301736 ], [ 173.98101051714255, -36.242054945034724 ], [ 173.980765068695661, -36.241332459724063 ], [ 173.980420566530967, -36.240656191326629 ], [ 173.980059248005148, -36.239987764880603 ], [ 173.979589352996186, -36.239369999816361 ], [ 173.979229323322045, -36.238700961619195 ], [ 173.978849713007037, -36.238041055419636 ], [ 173.978419172718475, -36.237404910385465 ], [ 173.977952472014209, -36.236785634436394 ], [ 173.977567298860009, -36.236128308742742 ], [ 173.977228007409707, -36.235449567163471 ], [ 173.976744442306796, -36.234838145780159 ], [ 173.976326709844159, -36.234195998476892 ], [ 173.975914700965632, -36.233551175142374 ], [ 173.975537862039886, -36.232889934515519 ], [ 173.975127404019219, -36.232244377199216 ], [ 173.974709094334003, -36.231602478782818 ], [ 173.974322375036138, -36.230945833407681 ], [ 173.973868603525887, -36.2303204732602 ], [ 173.973427854326275, -36.229689031089762 ], [ 173.97292790741011, -36.229085208887476 ], [ 173.972461616181221, -36.228465675959768 ], [ 173.972096342341445, -36.227798997410844 ], [ 173.971663670664611, -36.227163765480228 ], [ 173.97128197578968, -36.226504739623238 ], [ 173.970844938902957, -36.225871534560852 ], [ 173.970445118747762, -36.225220956790494 ], [ 173.970080926077088, -36.224553747838762 ], [ 173.969541554432737, -36.223968283355362 ], [ 173.969093596719944, -36.223340154306477 ], [ 173.968659505305425, -36.222705549289422 ], [ 173.968277151862168, -36.222046794908827 ], [ 173.967858689071448, -36.221404886349916 ], [ 173.967462376710216, -36.220752635817348 ], [ 173.967075248483553, -36.220096094194872 ], [ 173.966581880443016, -36.219489126179688 ], [ 173.966186916531143, -36.218836231018699 ], [ 173.965706715403542, -36.218223108309196 ], [ 173.965247573928792, -36.217600152652444 ], [ 173.9647737362626, -36.216984050190398 ], [ 173.964284309008036, -36.216375217844842 ], [ 173.963895624132931, -36.215719367048663 ], [ 173.963463433252599, -36.21508381407795 ], [ 173.962958747586043, -36.214482087220105 ], [ 173.962570913970268, -36.21382582385997 ], [ 173.962133215722901, -36.213192825778719 ], [ 173.961655482053942, -36.212578506038348 ], [ 173.961198736470863, -36.211954386682073 ], [ 173.960816174081714, -36.21129564296254 ], [ 173.960386679978853, -36.210658795897452 ], [ 173.959926265962253, -36.210036373281 ], [ 173.9594748050813, -36.209409767398668 ], [ 173.959071699470769, -36.208760590231527 ], [ 173.9585815232507, -36.20815204170755 ], [ 173.958096902392072, -36.207540895569402 ], [ 173.957623728968912, -36.206924402133133 ], [ 173.957201151120046, -36.206284291903806 ], [ 173.956717206051309, -36.20567281521425 ], [ 173.956305321059261, -36.205027704721424 ], [ 173.955843219882865, -36.204406023874924 ], [ 173.955310844206394, -36.203817133447792 ], [ 173.954803375390554, -36.203216614487758 ], [ 173.954371514931893, -36.202580805846736 ], [ 173.953881945281751, -36.20197192365611 ], [ 173.953498308314664, -36.201313600068104 ], [ 173.95301508097532, -36.200701747958149 ], [ 173.952523982323754, -36.200093564150237 ], [ 173.952071182617885, -36.199467502028263 ], [ 173.951566071115849, -36.198865847580791 ], [ 173.951062694810759, -36.198263378284985 ], [ 173.950608841641383, -36.197637792620554 ], [ 173.950191298488903, -36.196995256814766 ], [ 173.949791373136634, -36.196344494047104 ], [ 173.949348052050482, -36.195713978049369 ], [ 173.948868098427226, -36.195100552635814 ] ] } },
{ "type": "Feature", "properties": { "group_id": "nzd0123" }, "geometry": { "type": "LineString", "coordinates": [ [ 174.794714880862188, -36.309755911444356 ], [ 174.794725467978623, -36.310481684341013 ], [ 174.794876789327105, -36.311205976990522 ], [ 174.795038451853799, -36.311928812344874 ], [ 174.795364562740531, -36.312605225189515 ], [ 174.795406890424488, -36.313359424575182 ] ] } },
{ "type": "Feature", "properties": { "group_id": "nzd0124" }, "geometry": { "type": "LineString", "coordinates": [ [ 174.780270013256683, -36.3253444580211 ], [ 174.78012726992543, -36.326058977522486 ], [ 174.780019300956809, -36.326758916687112 ], [ 174.779904727266569, -36.327455096609526 ], [ 174.779852043513159, -36.328174276649591 ], [ 174.779842808268882, -36.328887299243796 ], [ 174.779790551278893, -36.32959241691664 ], [ 174.779772132123213, -36.330299593944602 ], [ 174.779791657126225, -36.331008884994645 ], [ 174.779760212849453, -36.331730896828233 ], [ 174.779731083661318, -36.33244776692618 ], [ 174.779793156031019, -36.333140040787811 ], [ 174.77983124338283, -36.333833355701714 ], [ 174.779916528398957, -36.334538731059133 ], [ 174.780098817300058, -36.335242047616596 ], [ 174.780270277323211, -36.335959179550919 ], [ 174.780430386890657, -36.336681820832709 ], [ 174.780632853554977, -36.337378690222664 ], [ 174.780861955736469, -36.338056375556249 ], [ 174.781087692450114, -36.338734858376547 ], [ 174.781363344959686, -36.339395898579895 ], [ 174.781572406652202, -36.340112336290744 ], [ 174.781923784536303, -36.340787311420208 ], [ 174.78225765015992, -36.341454902048902 ], [ 174.782579463917415, -36.342120510370066 ], [ 174.78294553495644, -36.342775651505235 ], [ 174.783342077257061, -36.343423749128632 ], [ 174.783721868180066, -36.344078540216032 ], [ 174.784120249774929, -36.344717156516197 ], [ 174.784541459116866, -36.34532790041726 ], [ 174.785019821506154, -36.345922953779585 ], [ 174.785530916198894, -36.346523099863902 ], [ 174.786038716804939, -36.347101264153743 ], [ 174.786527763498754, -36.347684785145873 ], [ 174.787075606643725, -36.348235946025142 ], [ 174.787653569504045, -36.348758676991942 ], [ 174.788270594657746, -36.349259945441936 ], [ 174.788881549271565, -36.349763179466215 ], [ 174.789519219235274, -36.350224527464341 ], [ 174.790249290959309, -36.350618228747223 ], [ 174.79111914727892, -36.350784841150592 ] ] } },
{ "type": "Feature", "properties": { "group_id": "nzd0125" }, "geometry": { "type": "LineString", "coordinates": [ [ 174.816230114637079, -36.358228524840619 ], [ 174.816560022594416, -36.35889955953445 ], [ 174.817027635505866, -36.359513131399702 ], [ 174.817624419060479, -36.360055736716347 ], [ 174.818302806014486, -36.360533920660046 ], [ 174.818978385093004, -36.360983458598689 ], [ 174.819699762577898, -36.3614190926505 ], [ 174.820416845564267, -36.361856146286151 ], [ 174.821150869142798, -36.362272639298155 ], [ 174.821884672421987, -36.362692772153302 ], [ 174.822643655817728, -36.36307405977022 ], [ 174.823401510389886, -36.363464100344153 ], [ 174.824228668464286, -36.363751548244586 ], [ 174.825098533279771, -36.363937207026098 ], [ 174.825939665978325, -36.364159404130426 ], [ 174.82645950859461, -36.364671039525255 ], [ 174.827091993428667, -36.36512351888193 ], [ 174.82776519914961, -36.365634453116819 ], [ 174.828502075058083, -36.366061857588107 ], [ 174.829290368368987, -36.366448841234259 ], [ 174.830113353184629, -36.366776235313871 ], [ 174.830970731202825, -36.367023449592978 ], [ 174.831780065012538, -36.367346019846373 ], [ 174.832686453079901, -36.367446647897346 ], [ 174.833473090119782, -36.367793983908697 ], [ 174.834200319115183, -36.368242875630834 ], [ 174.834927400265826, -36.368689650940951 ] ] } },
{ "type": "Feature", "properties": { "group_id": "nzd0126" }, "geometry": { "type": "LineString", "coordinates": [ [ 174.102863239690464, -36.391117348417815 ], [ 174.101967984647786, -36.391183740270606 ], [ 174.101025158851883, -36.390964245877342 ], [ 174.100176572786467, -36.391311096218267 ], [ 174.099240161014308, -36.391130114450341 ], [ 174.098298020691743, -36.390914667723642 ], [ 174.097448801228921, -36.391257737831623 ], [ 174.096552129628776, -36.391315583519734 ], [ 174.095637222980514, -36.391263801778969 ], [ 174.094738727657983, -36.391310669621056 ], [ 174.093828276347807, -36.391285648322224 ], [ 174.092955238061933, -36.39148556876377 ], [ 174.09205067387856, -36.391495933990136 ], [ 174.091141348460866, -36.391477658810558 ], [ 174.090235715547692, -36.391481577097089 ], [ 174.089341946562655, -36.391556836585124 ], [ 174.088455860682672, -36.39167830395624 ], [ 174.087550950301448, -36.391686549545206 ], [ 174.086647963662813, -36.391706357361983 ], [ 174.085775544700766, -36.3919100359076 ], [ 174.084856708102024, -36.391834488067303 ], [ 174.083959922366574, -36.391891582534072 ], [ 174.083080543331931, -36.392053400324656 ], [ 174.082206968683124, -36.392250149661237 ], [ 174.081307585386924, -36.392291616802844 ], [ 174.080410544959676, -36.39234717656425 ], [ 174.079521550021383, -36.392451148596621 ], [ 174.078619803739826, -36.392478382714771 ], [ 174.077735152255912, -36.392608494453825 ], [ 174.076838336924482, -36.392665398650415 ], [ 174.075948552792084, -36.392764620928887 ], [ 174.075061168161966, -36.392878287919856 ], [ 174.074172398661233, -36.392983620797729 ], [ 174.073295047931566, -36.393157697886402 ], [ 174.072418483328278, -36.393336516894855 ], [ 174.071530258672965, -36.393445142906245 ], [ 174.070645084581884, -36.39357213870629 ], [ 174.069751575832498, -36.393648951823373 ], [ 174.068856099638595, -36.393713915865867 ], [ 174.067949616725258, -36.393712593100517 ], [ 174.067035252911609, -36.393663797200482 ], [ 174.06612340472978, -36.393630136533304 ], [ 174.065213068633653, -36.393605569216923 ], [ 174.064301105248973, -36.393571186639129 ], [ 174.063353023804638, -36.393319216746661 ], [ 174.062449685677564, -36.393336753828983 ], [ 174.061524835550614, -36.393224680087719 ], [ 174.060628126510409, -36.393282133496704 ], [ 174.059700173836347, -36.39315132869713 ], [ 174.058734203675272, -36.392791412915827 ], [ 174.058069312093181, -36.392691244580313 ], [ 174.059249632568111, -36.393053752010125 ], [ 174.060293418899846, -36.393100450379052 ], [ 174.059057497132926, -36.393072492130877 ], [ 174.058137870240103, -36.392790064169844 ], [ 174.057054953790015, -36.392638990611665 ], [ 174.055635731237572, -36.392758447350197 ], [ 174.054576883841321, -36.392587983812646 ], [ 174.053412573382076, -36.392502345762544 ], [ 174.052438003553817, -36.392264065802465 ], [ 174.051262846343207, -36.392187127683862 ], [ 174.050218351702654, -36.392005073707779 ], [ 174.049249546209893, -36.391762127806118 ], [ 174.04835249779893, -36.391461455412639 ], [ 174.047400528672028, -36.391204951040848 ], [ 174.046548387596033, -36.39086814368607 ], [ 174.045699356740556, -36.390528828544454 ], [ 174.044825727265646, -36.390209292319874 ], [ 174.043939207798786, -36.389900117020517 ], [ 174.043050050111503, -36.389593056826911 ], [ 174.042334165779948, -36.389146628264562 ], [ 174.036837739968348, -36.379114194010839 ], [ 174.034930645509576, -36.377466628042448 ], [ 174.034596082001116, -36.376791594774396 ], [ 174.034741445922464, -36.374286304405615 ], [ 174.033661023113837, -36.373922925222367 ], [ 174.034308577520221, -36.372837459182911 ], [ 174.033544907728441, -36.372341708425914 ], [ 174.021469833058973, -36.356137138072647 ], [ 174.020708287496291, -36.355324840714239 ], [ 174.017714693548953, -36.351098247291475 ], [ 174.017766782342989, -36.350358831817772 ], [ 174.01781281513675, -36.349620190442501 ], [ 174.017473354934623, -36.348931257949381 ], [ 174.017240861730272, -36.348228523685762 ], [ 174.017260590455976, -36.347493255060769 ], [ 174.017137458978368, -36.346776403819305 ], [ 174.017104319395656, -36.346047940047285 ], [ 174.01685360919916, -36.345347529037696 ], [ 174.016818164467907, -36.344619349397391 ], [ 174.016787908103851, -36.343890493939433 ], [ 174.016787323342328, -36.343157805060713 ], [ 174.016630759182164, -36.342445226093936 ], [ 174.016509370170382, -36.341728104034438 ], [ 174.016453194832536, -36.341002564779508 ], [ 174.016329255672701, -36.340285758442938 ], [ 174.016217364915889, -36.339567391636081 ], [ 174.016012350233552, -36.338861028520967 ], [ 174.015961369407393, -36.338134792959657 ], [ 174.015887650217962, -36.337411483357705 ], [ 174.015697004735728, -36.336703247367744 ], [ 174.015519453563655, -36.335993316000732 ], [ 174.015454996992929, -36.335268792064127 ], [ 174.015403543604151, -36.334542584436917 ], [ 174.015139522283647, -36.333843785649485 ], [ 174.015104744115405, -36.333115414245441 ], [ 174.015075665466043, -36.332386301068105 ], [ 174.014903643625104, -36.331675617205022 ], [ 174.014773584729568, -36.330959514648349 ], [ 174.014649098577536, -36.330242686778483 ], [ 174.014495345696702, -36.329529626985909 ], [ 174.014343431383622, -36.328816323494728 ], [ 174.014407989455549, -36.328075093914691 ], [ 174.014130105611969, -36.327378024250592 ], [ 174.013991448260668, -36.326662991236127 ], [ 174.013797167119435, -36.325955125711815 ], [ 174.0138368218837, -36.32521708169633 ], [ 174.013692030522321, -36.324502820098559 ], [ 174.013577166280754, -36.323784692041116 ], [ 174.013418651286003, -36.323072187326318 ], [ 174.013346878869385, -36.322348488274734 ], [ 174.013286972447418, -36.32162325215242 ], [ 174.01323869792887, -36.320896509124502 ], [ 174.013085462357338, -36.320183297219138 ], [ 174.013054057721064, -36.319454365097556 ], [ 174.012939350673548, -36.318736170656564 ], [ 174.012805213991925, -36.318020475672732 ], [ 174.01263657790949, -36.317309223851417 ], [ 174.012535703125593, -36.316589225603863 ], [ 174.012437522750758, -36.315868873239886 ], [ 174.012357862833426, -36.315146125491999 ], [ 174.012264808951414, -36.314617856598687 ], [ 174.01220199540947, -36.314075651782346 ] ] } },
{ "type": "Feature", "properties": { "group_id": "nzd0127" }, "geometry": { "type": "LineString", "coordinates": [ [ 174.837237318917744, -36.369046301892162 ], [ 174.838018659558969, -36.369386567894111 ], [ 174.838906854618045, -36.369521203078882 ], [ 174.839797091695488, -36.369666989596801 ], [ 174.84070440339238, -36.369558029128804 ] ] } },
{ "type": "Feature", "properties": { "group_id": "nzd0128" }, "geometry": { "type": "LineString", "coordinates": [ [ 174.766460423872104, -36.445721295997593 ], [ 174.765953439949072, -36.446340988208036 ], [ 174.76547511553926, -36.446982042579471 ], [ 174.765125672931049, -36.447657363598282 ], [ 174.764812100847621, -36.448336037405198 ], [ 174.764502485358577, -36.44902383617584 ], [ 174.76426423205001, -36.449732263340749 ], [ 174.763950688204432, -36.450422130710329 ], [ 174.763749524278126, -36.451124941967556 ], [ 174.763521982607671, -36.451846549904722 ], [ 174.763371491482019, -36.452533374452493 ], [ 174.763313259449461, -36.453237864025652 ], [ 174.763158904484612, -36.453969406215862 ], [ 174.763084144920498, -36.454701056367362 ], [ 174.763226162131929, -36.455434365802688 ], [ 174.763442220496131, -36.456144112529266 ], [ 174.763557210654824, -36.456864556395502 ], [ 174.763853116560568, -36.457550491973656 ] ] } },
{ "type": "Feature", "properties": { "group_id": "nzd0129" }, "geometry": { "type": "LineString", "coordinates": [ [ 174.742672125872446, -36.494308246379667 ], [ 174.742043858299439, -36.494825899515746 ], [ 174.741411806268076, -36.495372876877731 ], [ 174.740820922394732, -36.49595217384072 ], [ 174.740423566678004, -36.496652110122703 ], [ 174.740116676142833, -36.497356304923755 ], [ 174.739914115288258, -36.498066886807791 ], [ 174.73981707030083, -36.498788254681415 ] ] } },
{ "type": "Feature", "properties": { "group_id": "nzd0130" }, "geometry": { "type": "LineString", "coordinates": [ [ 174.721502003135953, -36.518452283730539 ], [ 174.720802776873938, -36.519028778480525 ], [ 174.72054390252859, -36.519721010869127 ], [ 174.720282035453238, -36.520412989291827 ], [ 174.720150628443889, -36.521129379146835 ], [ 174.719969665935878, -36.521834364705029 ], [ 174.719716751994724, -36.522544056962928 ], [ 174.719676732353946, -36.523278620080056 ], [ 174.719953643786937, -36.523977764716832 ] ] } },
{ "type": "Feature", "properties": { "group_id": "nzd0131" }, "geometry": { "type": "LineString", "coordinates": [ [ 174.714257481452393, -36.528150801120738 ], [ 174.714090566830237, -36.528866302843781 ], [ 174.714114050770206, -36.529586302604592 ], [ 174.713885168625296, -36.53027725377973 ], [ 174.713583565592614, -36.530967111866474 ], [ 174.71351416599245, -36.531692305082601 ], [ 174.713390185985986, -36.532404300287602 ], [ 174.713306314197126, -36.533123969269539 ], [ 174.713273736599575, -36.533835666051104 ] ] } },
{ "type": "Feature", "properties": { "group_id": "nzd0132" }, "geometry": { "type": "LineString", "coordinates": [ [ 174.292250279416095, -36.635170103996536 ], [ 174.291709374453774, -36.634590902002543 ], [ 174.291233420935754, -36.633979496449307 ], [ 174.290814745641654, -36.633337314567804 ], [ 174.2903033621036, -36.632744525054086 ], [ 174.289907749879347, -36.632090045015737 ], [ 174.28942508950459, -36.631481941605898 ], [ 174.288956093204462, -36.630866552876185 ], [ 174.288447115301238, -36.630271693129629 ], [ 174.287977305454348, -36.629654614473651 ], [ 174.287451124351293, -36.629069095703578 ], [ 174.286982252571676, -36.628452843350289 ], [ 174.286473578366525, -36.627858677521758 ], [ 174.286024368800611, -36.627231502946003 ], [ 174.285574135203234, -36.626604892048583 ], [ 174.285099144207919, -36.625992017400613 ], [ 174.284550301993221, -36.625420127229177 ], [ 174.284097725347067, -36.624794802855384 ], [ 174.283616952024886, -36.624185123635598 ], [ 174.283209428101372, -36.623538612487962 ], [ 174.282684850068051, -36.622964789898525 ], [ 174.282202825363669, -36.622364120663676 ], [ 174.281716042168568, -36.62175811566555 ], [ 174.281262347568656, -36.62113555354707 ], [ 174.280783731984741, -36.62052545296644 ], [ 174.280330389096207, -36.619902705065037 ], [ 174.279879327279019, -36.619277432841393 ], [ 174.279440296119958, -36.618643441996177 ], [ 174.278994702936672, -36.618013698629312 ], [ 174.278377054790184, -36.617475543970869 ], [ 174.277800702491987, -36.616915994320003 ], [ 174.27732762585137, -36.616302946229169 ], [ 174.276907712127382, -36.615662356523259 ], [ 174.276495442479529, -36.615017802499715 ], [ 174.275980833785155, -36.614426252318893 ], [ 174.275446607951324, -36.613844858421267 ], [ 174.274951356863625, -36.613243271919288 ], [ 174.274501013653321, -36.612618419620787 ], [ 174.273995711830963, -36.612022029476364 ], [ 174.273483838838558, -36.611427317628568 ], [ 174.273090423066719, -36.610759616227746 ], [ 174.272561523730445, -36.610165882259565 ], [ 174.272054084925259, -36.609570265034634 ], [ 174.271514290439171, -36.608993897244602 ], [ 174.270963545461996, -36.608424041320951 ], [ 174.27047699622446, -36.607815980140309 ], [ 174.269951526020549, -36.607231075176017 ], [ 174.26946197947737, -36.606624788751439 ], [ 174.269005607550241, -36.605998756681302 ], [ 174.26851435579141, -36.605393476097944 ], [ 174.267944702090233, -36.604834845766838 ], [ 174.267458793416466, -36.604226376852409 ], [ 174.266936435197522, -36.60363959355913 ], [ 174.266497457432791, -36.60300318855095 ], [ 174.266003625741746, -36.602409757540897 ], [ 174.265519732393017, -36.601815862733325 ], [ 174.26505781154512, -36.601199919801921 ], [ 174.264482041518477, -36.600642490231522 ], [ 174.264003142454243, -36.600031720708074 ], [ 174.263473098824647, -36.599449105751475 ], [ 174.262926680460481, -36.598875501743429 ], [ 174.262476098986298, -36.598249127178931 ], [ 174.261987576262953, -36.597643637665783 ], [ 174.261444690753478, -36.597068074621028 ], [ 174.26092379406586, -36.59648040029942 ], [ 174.260448963241686, -36.595867358359733 ], [ 174.259934523933339, -36.59527611944123 ], [ 174.259430569598692, -36.594679103050666 ], [ 174.258933469888859, -36.594076066505636 ], [ 174.258454238045772, -36.593456310132382 ], [ 174.257928604930953, -36.592864700982183 ], [ 174.257408788962806, -36.592276479234968 ], [ 174.256926747961188, -36.591666341070152 ], [ 174.256426325374605, -36.591066860915241 ], [ 174.255897650380291, -36.590483764506764 ], [ 174.255474024001273, -36.589839728493104 ], [ 174.254929643106266, -36.589265733581477 ], [ 174.254335158500425, -36.58872079759243 ], [ 174.253799001031865, -36.588142023530487 ], [ 174.253233480781574, -36.587580277264507 ], [ 174.252685926776451, -36.587008104910623 ], [ 174.252195113313405, -36.586403014946136 ], [ 174.251707172859483, -36.585796253948331 ], [ 174.251057316851018, -36.585280135017321 ], [ 174.250703784918187, -36.584587117865183 ], [ 174.250102649153717, -36.584044871535021 ], [ 174.249596000847077, -36.583448389148501 ], [ 174.249183505347872, -36.582795253933753 ], [ 174.248660788350008, -36.582208430735264 ], [ 174.248093990346661, -36.581648125174262 ], [ 174.247589001046805, -36.581050627079449 ], [ 174.247084021852459, -36.58045311851938 ], [ 174.246531117092218, -36.5798844407378 ], [ 174.246033828677469, -36.579282296146225 ], [ 174.245493826891362, -36.57870584633438 ], [ 174.244946583465889, -36.578133749179599 ], [ 174.244403659101835, -36.577568794275955 ], [ 174.243914746025865, -36.576982369526775 ], [ 174.24335845612822, -36.576423699882071 ], [ 174.242832410660384, -36.575838682518516 ], [ 174.242322067457081, -36.575245030586053 ], [ 174.24180021426659, -36.574657699854313 ], [ 174.241293927322062, -36.574061809314671 ], [ 174.240738343199297, -36.573493007669406 ], [ 174.240236282681565, -36.572894785003534 ], [ 174.239712156997399, -36.572308684611073 ], [ 174.239277492034347, -36.571673412298502 ], [ 174.238781680279999, -36.571071741375825 ], [ 174.238317922138322, -36.570452449216695 ], [ 174.237737145205273, -36.569888985289431 ], [ 174.237191474999406, -36.569300248039454 ], [ 174.236581954851061, -36.568758695080462 ], [ 174.236065360126531, -36.568168033392887 ], [ 174.235510132044311, -36.567600693901589 ], [ 174.234992296485331, -36.567010772689862 ], [ 174.23452693006513, -36.566389166574886 ], [ 174.234029957229666, -36.565786639824644 ], [ 174.233535145985257, -36.56518280353594 ], [ 174.232946875446174, -36.564635393105675 ], [ 174.23240422127094, -36.564060435381016 ], [ 174.231953108398471, -36.563430201177233 ], [ 174.231436406102972, -36.562839565123667 ], [ 174.230829532467368, -36.562303369657435 ], [ 174.230389035805416, -36.561666712339772 ], [ 174.229861754524478, -36.561082450724285 ], [ 174.229328460915667, -36.560501814954911 ], [ 174.228801018501116, -36.559917641896362 ], [ 174.22839024326521, -36.559263021313939 ], [ 174.227911511065088, -36.558649428434826 ], [ 174.227344809820806, -36.558095249809689 ], [ 174.22686216389036, -36.5574918757804 ], [ 174.226356196917123, -36.556896016742641 ], [ 174.225851453870689, -36.556298620834852 ], [ 174.22538304553288, -36.55567989626369 ], [ 174.224778880805985, -36.555140840245187 ], [ 174.224188635578145, -36.554593610572894 ], [ 174.223681468290067, -36.553997619607955 ], [ 174.223222086976364, -36.55337357950625 ], [ 174.222756006146852, -36.552753466715643 ], [ 174.222215349439836, -36.552177116704506 ], [ 174.221630034735341, -36.551626971169469 ], [ 174.221107214755392, -36.551033521068973 ], [ 174.220699006129195, -36.550367509033713 ], [ 174.220139011305179, -36.549799659388597 ], [ 174.219772156742437, -36.549117562610839 ], [ 174.219244448628103, -36.54853339860388 ], [ 174.218661290271911, -36.547982991673997 ], [ 174.218082325092325, -36.547430027295121 ], [ 174.217579772609923, -36.546830534044815 ], [ 174.217035684150318, -36.54625632598632 ], [ 174.216555559316333, -36.545643168779343 ], [ 174.216069358615499, -36.545033706547294 ], [ 174.215602658121213, -36.544412367037623 ], [ 174.214974169222415, -36.543889529696209 ], [ 174.214484725271689, -36.543282029131461 ], [ 174.21390188600833, -36.542731388829367 ], [ 174.213330463098714, -36.542173793193541 ], [ 174.212799198953178, -36.54159174221877 ], [ 174.212379935153564, -36.540941494520204 ], [ 174.211910249723871, -36.540321942050788 ], [ 174.211286390795095, -36.539796255308836 ], [ 174.210826436989208, -36.539170769005089 ], [ 174.210286420217045, -36.53859402546707 ], [ 174.209826221207663, -36.537974864753004 ], [ 174.209296358586784, -36.537402370002255 ], [ 174.208709393210995, -36.536857630201069 ], [ 174.208179248238338, -36.536274980270157 ], [ 174.207734807944263, -36.535641435158638 ], [ 174.207165116771762, -36.535082258632791 ], [ 174.206645565784044, -36.534493304827762 ], [ 174.206175883650019, -36.533874734852787 ], [ 174.20561556522722, -36.533309979612078 ], [ 174.205227022052213, -36.532643220972638 ], [ 174.204592650364447, -36.532122429289124 ], [ 174.204075047503295, -36.531532296609804 ], [ 174.203608146976336, -36.530912052811097 ], [ 174.203073459591508, -36.53033205597216 ], [ 174.202553062639112, -36.52974356914914 ], [ 174.202075398513045, -36.529129703419983 ], [ 174.201559295805254, -36.528538657862839 ], [ 174.201106448950725, -36.527910046882511 ], [ 174.200517219393078, -36.52736241483592 ], [ 174.199979420895659, -36.526784238859051 ], [ 174.199604960002802, -36.526115442884205 ], [ 174.19912757860223, -36.525508768896437 ], [ 174.198685348726315, -36.524875197375835 ], [ 174.198092034950747, -36.52432945903378 ], [ 174.197519085784108, -36.523771791359607 ], [ 174.197034437144538, -36.523162413581019 ], [ 174.196535777798061, -36.522561235501904 ], [ 174.196022993712006, -36.521968323910706 ], [ 174.195470482772464, -36.521398670506059 ], [ 174.194867327163934, -36.520858668290721 ], [ 174.194465289165379, -36.520200894397938 ], [ 174.193901234964102, -36.519637986935408 ], [ 174.193384703611031, -36.519047247313168 ], [ 174.192876237565514, -36.518451780473228 ], [ 174.192436065991274, -36.517816318300291 ], [ 174.192013881555113, -36.517170318879714 ], [ 174.191487899864995, -36.516585095218062 ], [ 174.190987801859592, -36.515984710450937 ], [ 174.190397399405441, -36.515437200548178 ], [ 174.18996495358067, -36.514797191965229 ], [ 174.189527697838116, -36.514159995334573 ], [ 174.188917196200521, -36.513624241609307 ], [ 174.188478250076059, -36.512988025907241 ], [ 174.187988576753497, -36.512381509967618 ], [ 174.187411435641621, -36.511826208020651 ], [ 174.18702332434836, -36.511160211488445 ], [ 174.18663503823214, -36.510494312574359 ], [ 174.185939008252205, -36.510023238340679 ], [ 174.185459597331317, -36.509461085306107 ], [ 174.185000020581697, -36.508873938605561 ], [ 174.184496367462941, -36.508276098838401 ], [ 174.184031172702703, -36.507657499683276 ], [ 174.183530919720312, -36.507057815577475 ], [ 174.183075612857806, -36.506433870820246 ], [ 174.182525725259609, -36.505860963495984 ], [ 174.181959973849985, -36.505296612602287 ], [ 174.181496551066829, -36.50467703368664 ], [ 174.180949021927574, -36.504102839439646 ], [ 174.180474633597981, -36.503489168866849 ], [ 174.179939954852983, -36.502908030295259 ], [ 174.179445138927377, -36.502305374410419 ], [ 174.178992914635415, -36.501679728543905 ], [ 174.178334228971153, -36.501165498145625 ], [ 174.1778178233765, -36.500574479357638 ], [ 174.177260784890677, -36.500005383969707 ], [ 174.176794055122741, -36.499387547533267 ], [ 174.176247509777625, -36.498812779973356 ], [ 174.175743522148252, -36.4982150408593 ], [ 174.17523860607696, -36.49761779809328 ], [ 174.174774485699885, -36.496998534672969 ], [ 174.174310173239917, -36.496379370189466 ], [ 174.17387923708057, -36.495742188942671 ], [ 174.173302243622317, -36.495183825047299 ], [ 174.172849787121066, -36.494573627627986 ], [ 174.172260094156655, -36.494052042495269 ], [ 174.171783939236263, -36.493455659992392 ], [ 174.171453875366467, -36.492769453329338 ], [ 174.170964080297807, -36.492163998769712 ], [ 174.170495520405638, -36.491547803213948 ], [ 174.169995182552697, -36.490947669145669 ], [ 174.169537929498404, -36.490325747297334 ], [ 174.169066970432993, -36.489710750080761 ], [ 174.16865170624942, -36.489067589572187 ], [ 174.168204772352198, -36.488440435827485 ], [ 174.167773990227687, -36.487805111079552 ], [ 174.167352682532197, -36.48716499125986 ], [ 174.166882871360627, -36.486549389226361 ], [ 174.166515035124633, -36.485997545128903 ], [ 174.166253914699979, -36.485515097328509 ], [ 174.165868611977771, -36.484962431106446 ], [ 174.165549895904974, -36.48428717395403 ], [ 174.165133140087391, -36.483642431077342 ], [ 174.164791330881798, -36.482974351179827 ], [ 174.16438783449513, -36.482325468867494 ], [ 174.164058256807408, -36.481653569527616 ], [ 174.163752142848637, -36.480974359939928 ], [ 174.163328754075508, -36.480331652654378 ], [ 174.163030553509287, -36.479649967854456 ], [ 174.162737138431993, -36.479090579820507 ], [ 174.162565931958227, -36.478628614037703 ], [ 174.16225621441103, -36.478040954533853 ], [ 174.162039717439427, -36.477330657742684 ], [ 174.161793314946379, -36.476622358087049 ], [ 174.161632579602326, -36.475908311018415 ], [ 174.161414673633175, -36.475198088134313 ], [ 174.161218322371838, -36.474486414076289 ], [ 174.161005490485678, -36.473775837523498 ], [ 174.160860787908007, -36.473060689089998 ], [ 174.160664589000731, -36.472348984448239 ], [ 174.16060597802084, -36.471628053991452 ], [ 174.16058930580806, -36.470904306710189 ], [ 174.160596504850446, -36.470178953174972 ], [ 174.160485347363249, -36.469461523556326 ], [ 174.160489149131138, -36.468751333305647 ], [ 174.160478613274734, -36.468061683430832 ], [ 174.160430226173958, -36.46735606600064 ], [ 174.160398909883668, -36.466633361094999 ], [ 174.160577839044635, -36.465912415187887 ], [ 174.160447441586115, -36.465188864726869 ], [ 174.160412013995625, -36.464466105065533 ], [ 174.160350730374773, -36.463743121443109 ], [ 174.1603436007168, -36.463020585963584 ], [ 174.160397494140227, -36.462298556382088 ], [ 174.160370297750006, -36.461575838864576 ], [ 174.160362815667014, -36.460853280218224 ], [ 174.160303573622684, -36.460130425367517 ], [ 174.160336258170418, -36.459409343864451 ], [ 174.16040777252843, -36.458688683498579 ], [ 174.16049000020675, -36.457967159908463 ], [ 174.160505665649936, -36.457244778832838 ], [ 174.160605073724923, -36.45652346136503 ], [ 174.160712736579285, -36.455802242638221 ], [ 174.16081799111484, -36.45508098636639 ], [ 174.160953526996224, -36.454360110297046 ], [ 174.16102379904865, -36.453638393455449 ], [ 174.161165895126828, -36.452917587651584 ], [ 174.161403600590177, -36.45219799658161 ], [ 174.16160586441697, -36.451507906318128 ], [ 174.16183606606873, -36.450933490253689 ], [ 174.162131837864621, -36.450352642436663 ], [ 174.162426198802848, -36.449664613637601 ], [ 174.162762548401929, -36.448983896367444 ], [ 174.163221811846256, -36.448324594287151 ], [ 174.163625393552621, -36.447699572427801 ], [ 174.16361988957712, -36.447702019464629 ], [ 174.163645498715965, -36.447634923514265 ], [ 174.164134263429787, -36.446978586633826 ] ] } },
{ "type": "Feature", "properties": { "group_id": "nzd0133" }, "geometry": { "type": "LineString", "coordinates": [ [ 174.710119447450666, -36.543368678135607 ], [ 174.709163691962573, -36.543933885637848 ], [ 174.708930195765447, -36.544597397639492 ], [ 174.708652124604669, -36.545251097070356 ], [ 174.708340242638968, -36.545935275462419 ], [ 174.708028361186365, -36.546648145061837 ], [ 174.708168474055839, -36.547409104787974 ] ] } },
{ "type": "Feature", "properties": { "group_id": "nzd0134" }, "geometry": { "type": "LineString", "coordinates": [ [ 174.70942654253875, -36.55173494512001 ], [ 174.709652714702145, -36.552451046018383 ], [ 174.709766408358973, -36.553171899320894 ], [ 174.70977814689482, -36.553914925876036 ] ] } },
{ "type": "Feature", "properties": { "group_id": "nzd0135" }, "geometry": { "type": "LineString", "coordinates": [ [ 174.707300160060498, -36.55616666098134 ], [ 174.707032789567137, -36.556872882731 ], [ 174.707071767464441, -36.557619207518805 ], [ 174.707283333414949, -36.55833105247256 ], [ 174.707497870404893, -36.559035036177406 ], [ 174.707720134828321, -36.559734677963831 ], [ 174.707997022029105, -36.560418743316212 ] ] } },
{ "type": "Feature", "properties": { "group_id": "nzd0137" }, "geometry": { "type": "LineString", "coordinates": [ [ 174.697570456023783, -36.561952178663987 ], [ 174.697135503820846, -36.56259799932181 ], [ 174.696048918936299, -36.563077606607621 ], [ 174.695837064569076, -36.563765088512618 ], [ 174.695313215984697, -36.564335421692391 ], [ 174.695014320752506, -36.56504272390854 ], [ 174.69478962928568, -36.565765892174007 ], [ 174.69457902369416, -36.566475575400489 ], [ 174.694474121621681, -36.567204174889092 ], [ 174.694516868502717, -36.567935024999613 ], [ 174.694551069664442, -36.568656213607817 ], [ 174.694657686807005, -36.569362303670076 ], [ 174.694798916813056, -36.57005663672625 ] ] } },
{ "type": "Feature", "properties": { "group_id": "nzd0138" }, "geometry": { "type": "LineString", "coordinates": [ [ 174.692165661865403, -36.574709459027886 ], [ 174.692331573178933, -36.575426340894793 ], [ 174.692617380606663, -36.576110221585758 ], [ 174.69295561052229, -36.576770137567529 ], [ 174.693178388142115, -36.577453926924811 ], [ 174.693329210531687, -36.578163019609633 ], [ 174.693765449271098, -36.578814289319702 ], [ 174.694014070743378, -36.579533526211414 ], [ 174.694177187098461, -36.580288331274382 ], [ 174.694521565053208, -36.58095481009569 ], [ 174.694801142877907, -36.581642924706109 ], [ 174.695005047254654, -36.582341424057198 ], [ 174.695326157098208, -36.582997265058893 ], [ 174.69567619196269, -36.583659709819479 ], [ 174.695832868185477, -36.584381928178175 ], [ 174.696197197858083, -36.585057291531598 ], [ 174.696604797843662, -36.585725977270556 ], [ 174.696999139354091, -36.586383809569206 ], [ 174.697296342931509, -36.587066815745978 ], [ 174.697608677194836, -36.587744464097433 ], [ 174.697929149527056, -36.588419262061983 ], [ 174.698287376675978, -36.589081467248427 ], [ 174.698668890549442, -36.589735360735851 ], [ 174.698973239805269, -36.590415922341755 ], [ 174.699348389914292, -36.591071299644689 ], [ 174.699680954115564, -36.591741815858072 ], [ 174.699882815150914, -36.592476072590891 ], [ 174.700129845271164, -36.593211125716671 ], [ 174.700612765674265, -36.593835273520575 ], [ 174.700964901028811, -36.594500769527393 ], [ 174.701305441941258, -36.595341821499218 ], [ 174.701444817128333, -36.596417070054876 ] ] } },
{ "type": "Feature", "properties": { "group_id": "nzd0139" }, "geometry": { "type": "LineString", "coordinates": [ [ 175.524687869499331, -36.588614980212839 ], [ 175.523911145050391, -36.589010939998616 ], [ 175.52322704528828, -36.589521784613261 ], [ 175.522685891335328, -36.590154692887722 ], [ 175.522470112598711, -36.590901877814872 ] ] } },
{ "type": "Feature", "properties": { "group_id": "nzd0141" }, "geometry": { "type": "LineString", "coordinates": [ [ 174.707929935426222, -36.601910671546406 ], [ 174.708333656418176, -36.602556520263946 ], [ 174.70877200719579, -36.603207957664608 ], [ 174.70928598884143, -36.603850045777747 ], [ 174.709721600349496, -36.604507032608645 ], [ 174.710133255858722, -36.605150445506929 ], [ 174.710645959760257, -36.605746176276291 ], [ 174.711239951021128, -36.606329030124307 ], [ 174.711720693410228, -36.606974368598181 ], [ 174.712264590133969, -36.607551162403183 ] ] } },
{ "type": "Feature", "properties": { "group_id": "nzd0142" }, "geometry": { "type": "LineString", "coordinates": [ [ 175.564797359712799, -36.613611200339513 ], [ 175.565448160903514, -36.614123701751836 ], [ 175.566205980943721, -36.614497008915954 ], [ 175.567024520647522, -36.614778251555926 ], [ 175.567907621989121, -36.614879759810648 ] ] } },
{ "type": "Feature", "properties": { "group_id": "nzd0143" }, "geometry": { "type": "LineString", "coordinates": [ [ 174.830094044914318, -36.616034370172578 ], [ 174.829342168527575, -36.615595775365868 ], [ 174.828612323685405, -36.615122244306136 ], [ 174.827806821036404, -36.614715562396405 ], [ 174.826944496581234, -36.614471686109219 ], [ 174.82608093613652, -36.614263691683703 ], [ 174.825160804402913, -36.614092700223829 ], [ 174.824220149773396, -36.614071482278469 ], [ 174.823300258411734, -36.614055160500456 ], [ 174.822387300866581, -36.614112380169345 ], [ 174.821481086296728, -36.61427352327766 ], [ 174.820573022395109, -36.614459261860318 ], [ 174.819734681700453, -36.614754539548336 ] ] } },
{ "type": "Feature", "properties": { "group_id": "nzd0144" }, "geometry": { "type": "LineString", "coordinates": [ [ 174.76602434053018, -36.622284745361696 ], [ 174.766819467656774, -36.621946438839316 ], [ 174.767625469551319, -36.621598797059313 ], [ 174.768360907271273, -36.6211615498406 ], [ 174.769047624333268, -36.620687581439093 ], [ 174.769691252680587, -36.620174186453603 ], [ 174.770322636755253, -36.619638432264026 ], [ 174.770816476397243, -36.619020585553201 ], [ 174.771395709167336, -36.61845531452407 ] ] } },
{ "type": "Feature", "properties": { "group_id": "nzd0145" }, "geometry": { "type": "LineString", "coordinates": [ [ 174.725550640105183, -36.616140170704334 ], [ 174.726092845523937, -36.616721228382971 ], [ 174.726719501136046, -36.617237666295715 ], [ 174.727311080690754, -36.617782780481534 ], [ 174.727992303209618, -36.618254243105525 ], [ 174.728629118083688, -36.618765288189209 ], [ 174.729259936367896, -36.619284267770375 ], [ 174.729913524349882, -36.619782799208942 ], [ 174.730597693334516, -36.620250054395477 ], [ 174.731231099618469, -36.620768003270939 ], [ 174.731962892503304, -36.621193431037938 ], [ 174.732691163097343, -36.621619870965482 ], [ 174.733422834503557, -36.622046007812777 ], [ 174.734171311678551, -36.622456157575407 ], [ 174.73489066347264, -36.622906180627858 ], [ 174.73570687906377, -36.623228393939442 ], [ 174.7365381114397, -36.623525037878004 ], [ 174.737396775285504, -36.623770399257729 ], [ 174.73826128820474, -36.624004549598553 ], [ 174.739140604564994, -36.62418889582591 ], [ 174.740039761414465, -36.624311120365675 ], [ 174.74096094280975, -36.62432189043966 ], [ 174.741859858663247, -36.624225432392208 ] ] } },
{ "type": "Feature", "properties": { "group_id": "nzd0146" }, "geometry": { "type": "LineString", "coordinates": [ [ 174.775994170940407, -36.623425786964049 ], [ 174.775091828293625, -36.623624609584859 ], [ 174.774173461813746, -36.623773137166985 ], [ 174.773327988864537, -36.624082375756849 ], [ 174.772536171478805, -36.624464276134873 ], [ 174.771753237918972, -36.624882383540047 ], [ 174.771111040133832, -36.625414872015881 ] ] } },
{ "type": "Feature", "properties": { "group_id": "nzd0147" }, "geometry": { "type": "LineString", "coordinates": [ [ 174.753538199740746, -36.62740775733765 ], [ 174.754421704884493, -36.627539379795401 ], [ 174.755305514888761, -36.627648646357564 ], [ 174.75618186298243, -36.627746109435542 ], [ 174.757071863917986, -36.627823178840117 ], [ 174.757966172714532, -36.627906529718352 ], [ 174.758864718560659, -36.627872149379286 ], [ 174.759744799020154, -36.627790562580635 ], [ 174.760595366563592, -36.627687444335393 ], [ 174.761451311491498, -36.627561005363539 ], [ 174.762266194241278, -36.627298193144149 ], [ 174.763072103774874, -36.626987145964257 ], [ 174.763865707794849, -36.626643366728338 ], [ 174.764632128483697, -36.626263473010674 ], [ 174.765425971964675, -36.62590970486449 ] ] } },
{ "type": "Feature", "properties": { "group_id": "nzd0148" }, "geometry": { "type": "LineString", "coordinates": [ [ 174.75064397206603, -36.638965681039025 ], [ 174.749944264910198, -36.639449600481832 ], [ 174.749134531497447, -36.639832611959626 ], [ 174.748377542269509, -36.640276346615849 ], [ 174.74777499061878, -36.640816660762553 ], [ 174.747103791722907, -36.641310513284417 ], [ 174.746421141584335, -36.641805222545088 ] ] } },
{ "type": "Feature", "properties": { "group_id": "nzd0149" }, "geometry": { "type": "LineString", "coordinates": [ [ 174.747293316314511, -36.671352169207381 ], [ 174.747116106091397, -36.672061237364083 ], [ 174.747054822062893, -36.67279873080647 ], [ 174.747170782713425, -36.67352730689899 ], [ 174.747394644470035, -36.674231142196334 ], [ 174.747653871172616, -36.674924328998429 ] ] } },
{ "type": "Feature", "properties": { "group_id": "nzd0151" }, "geometry": { "type": "LineString", "coordinates": [ [ 174.748517784516821, -36.680238844698899 ], [ 174.748806896904739, -36.680913357568102 ], [ 174.749174412595352, -36.681549584523601 ], [ 174.74951027385913, -36.682187327200793 ], [ 174.749684087291371, -36.682874836727706 ], [ 174.750057034028913, -36.683551742517885 ], [ 174.750354980933906, -36.684236022823505 ], [ 174.750663758990555, -36.6849125111533 ], [ 174.750939504077138, -36.685598333005863 ], [ 174.751241617232296, -36.686282614513416 ], [ 174.751560475265535, -36.686965872972912 ], [ 174.751844132365534, -36.687659047322029 ], [ 174.752223028373976, -36.688312241668193 ] ] } },
{ "type": "Feature", "properties": { "group_id": "nzd0152" }, "geometry": { "type": "LineString", "coordinates": [ [ 175.604101099819218, -36.693633699888231 ], [ 175.604197023112704, -36.694359828069054 ], [ 175.604494938170831, -36.695073405407172 ], [ 175.604882479032625, -36.695755042360496 ], [ 175.605345559816271, -36.696383146367729 ], [ 175.60584791834367, -36.696991314522457 ], [ 175.606385334146324, -36.697577242936347 ], [ 175.606944383790136, -36.698151169629554 ], [ 175.60752811956155, -36.698717844211245 ], [ 175.608152081491284, -36.699242207377786 ], [ 175.608840507616833, -36.699716667271488 ], [ 175.609579245222307, -36.700171443770337 ], [ 175.610402727877897, -36.700508057979853 ] ] } },
{ "type": "Feature", "properties": { "group_id": "nzd0153" }, "geometry": { "type": "LineString", "coordinates": [ [ 175.744868725158568, -36.70697691617147 ], [ 175.745708384611248, -36.707236906027489 ], [ 175.74658709513173, -36.707431873426337 ], [ 175.747463607733692, -36.707520363359272 ], [ 175.748331681657078, -36.707592846604463 ], [ 175.749225627408379, -36.707668089131012 ], [ 175.750111961711269, -36.707611709675248 ], [ 175.750968963978295, -36.707580300930232 ], [ 175.75185098795086, -36.707521000683975 ], [ 175.752755043467147, -36.70748954814141 ], [ 175.753642911780219, -36.707373386434007 ], [ 175.754536400170934, -36.707287523537751 ], [ 175.755436625815975, -36.707245524775104 ], [ 175.756328194684215, -36.707151527608232 ], [ 175.75722198292209, -36.707061124586652 ], [ 175.758122948226969, -36.707034935660779 ], [ 175.759020113465169, -36.70699359753992 ], [ 175.759893034484691, -36.706863659049048 ], [ 175.760742242655766, -36.706686407765069 ], [ 175.761605289197547, -36.706497066733355 ], [ 175.76249647731197, -36.706372207743229 ], [ 175.76338875278995, -36.70624072637019 ], [ 175.764239278875266, -36.706009318920081 ], [ 175.765088978989013, -36.705774370185047 ], [ 175.765932591869245, -36.705524500038976 ], [ 175.76672780758696, -36.705184501102494 ], [ 175.767542545137047, -36.704880991466936 ] ] } },
{ "type": "Feature", "properties": { "group_id": "nzd0154" }, "geometry": { "type": "LineString", "coordinates": [ [ 175.608624851878147, -36.707058863203365 ], [ 175.609286223018813, -36.707563081093049 ], [ 175.609832552282768, -36.708134810610943 ], [ 175.610460108768137, -36.708658864378087 ], [ 175.61101438959227, -36.709248683607477 ], [ 175.611576100719333, -36.709850470628695 ], [ 175.612158633879943, -36.710416752201283 ], [ 175.612805294623513, -36.710918535765856 ], [ 175.613482865604681, -36.71141659238635 ], [ 175.614175589785475, -36.711923256492902 ], [ 175.614895403477021, -36.712385019163428 ], [ 175.615597932431342, -36.712839246747983 ], [ 175.616344158740361, -36.713267430002439 ], [ 175.617080513562939, -36.713699955780356 ], [ 175.617815037224631, -36.71411431304881 ], [ 175.618588741500901, -36.714506711796226 ], [ 175.619357616843473, -36.714907641882846 ], [ 175.620118545033876, -36.715293763724361 ], [ 175.6209045026784, -36.715664682134459 ], [ 175.62170936514147, -36.716011213532752 ], [ 175.622522948027949, -36.716318117181054 ] ] } },
{ "type": "Feature", "properties": { "group_id": "nzd0155" }, "geometry": { "type": "LineString", "coordinates": [ [ 174.750481210750053, -36.711341019428069 ], [ 174.75013949464855, -36.71202906495099 ], [ 174.749866180196051, -36.712773000602247 ], [ 174.749827044662766, -36.713568587109265 ], [ 174.749812708104173, -36.714331679608989 ], [ 174.749832129481575, -36.715067576893162 ], [ 174.749844908072873, -36.7158159722552 ], [ 174.749720600657014, -36.716610709240328 ], [ 174.749621542209439, -36.717386894231929 ] ] } },
{ "type": "Feature", "properties": { "group_id": "nzd0156" }, "geometry": { "type": "LineString", "coordinates": [ [ 175.78890381624376, -36.701149765908937 ], [ 175.788765169815207, -36.701863412006951 ], [ 175.788781873432725, -36.702586714571993 ], [ 175.788901258091244, -36.703375612580707 ], [ 175.789166816764634, -36.704131860131291 ], [ 175.789392077382132, -36.704845655156525 ], [ 175.789604494372952, -36.70555587261947 ], [ 175.789966507319832, -36.706240799687414 ], [ 175.790354681531255, -36.7069081484658 ], [ 175.790729695095678, -36.707562479941842 ], [ 175.791116282006925, -36.708212393399585 ], [ 175.791474186559839, -36.708873236590989 ], [ 175.791880382900047, -36.709515662637855 ], [ 175.792258925197643, -36.710170405087744 ], [ 175.792671681028082, -36.710812686812019 ], [ 175.793062028907769, -36.711462010950356 ], [ 175.793440720318159, -36.712115116139302 ], [ 175.79388003684312, -36.712766864292121 ], [ 175.794449478646641, -36.713350377414841 ], [ 175.794950483305627, -36.713950238681157 ], [ 175.795440253684177, -36.71455582706691 ], [ 175.795925132078338, -36.715168444726125 ], [ 175.796451390518797, -36.715761444398019 ], [ 175.797026639134231, -36.716319350088618 ], [ 175.797634248186057, -36.716853632977823 ], [ 175.798210312593369, -36.717422958164597 ], [ 175.798860594397127, -36.717935583481641 ], [ 175.799536201761185, -36.718411592689392 ], [ 175.800243996790869, -36.718871113503141 ], [ 175.800964117971404, -36.719312887788362 ], [ 175.801673457980257, -36.719767144706438 ], [ 175.802360385079709, -36.720247102258497 ], [ 175.803188405662866, -36.720589416150624 ], [ 175.804073491621807, -36.720814394334433 ], [ 175.804927309365894, -36.721039068801922 ], [ 175.805786119063839, -36.721250003692894 ], [ 175.80663223928002, -36.721516267631799 ], [ 175.807533244005242, -36.721666121770724 ], [ 175.808439759402432, -36.72177400416858 ], [ 175.809336314647709, -36.721822670900316 ], [ 175.810235277103061, -36.721917895646968 ], [ 175.811156209155428, -36.721904090461422 ], [ 175.812069293556533, -36.721811340051616 ], [ 175.812980444967479, -36.721794176129457 ], [ 175.813888495952057, -36.721679659763929 ], [ 175.814756292051499, -36.721422462910205 ], [ 175.81562692386612, -36.721216293679241 ], [ 175.816458196539372, -36.720887865406937 ], [ 175.817260250149417, -36.720536012451731 ] ] } },
{ "type": "Feature", "properties": { "group_id": "nzd0157" }, "geometry": { "type": "LineString", "coordinates": [ [ 175.717152770973087, -36.723954780123599 ], [ 175.718050436164333, -36.723892372668999 ], [ 175.718943130578936, -36.723794643751908 ], [ 175.719822922425067, -36.723639390975528 ], [ 175.72069854081019, -36.723462073791303 ], [ 175.721556729694896, -36.723251406605378 ], [ 175.722429027151549, -36.723078559546231 ], [ 175.723275848343633, -36.722838133583529 ], [ 175.724127790627136, -36.722594371787871 ], [ 175.724963303977006, -36.722313071760816 ], [ 175.725777616735883, -36.721988391640295 ], [ 175.726524000073454, -36.721572667230262 ], [ 175.727267512985833, -36.721144235198203 ], [ 175.728131235643474, -36.72073325448401 ], [ 175.728692188456364, -36.720069936267961 ] ] } },
{ "type": "Feature", "properties": { "group_id": "nzd0158" }, "geometry": { "type": "LineString", "coordinates": [ [ 175.70211549200539, -36.726801278760696 ], [ 175.703011042915165, -36.726743001538516 ], [ 175.703905709156061, -36.726682828038811 ], [ 175.704808436035364, -36.726673572204 ], [ 175.7057158768894, -36.72666781260962 ], [ 175.706629709693885, -36.726679312032296 ], [ 175.707517660348117, -36.726543174231921 ], [ 175.708390426989638, -36.726350389158846 ], [ 175.709274525852891, -36.726232626545688 ], [ 175.710138347174279, -36.72605093250511 ] ] } },
{ "type": "Feature", "properties": { "group_id": "nzd0159" }, "geometry": { "type": "LineString", "coordinates": [ [ 175.63506322070748, -36.726170515566139 ], [ 175.635837593377232, -36.725779917289728 ], [ 175.636592010635752, -36.725348081342027 ], [ 175.637313476751928, -36.725217631735212 ], [ 175.63788997708906, -36.725122514797114 ], [ 175.638713308787999, -36.724919256447627 ], [ 175.639631052348562, -36.72483575412469 ], [ 175.640526801071275, -36.724895594774452 ], [ 175.641437468299017, -36.724858187952961 ], [ 175.642332086004075, -36.724910752103483 ], [ 175.643181473847307, -36.725107292283901 ], [ 175.644051143612188, -36.725228908384814 ], [ 175.644934011023366, -36.725369872644507 ], [ 175.645765724572271, -36.725662351717205 ], [ 175.646613358642725, -36.725907676424228 ], [ 175.647494919969603, -36.726052505804731 ], [ 175.648365651603228, -36.726229411818913 ], [ 175.649249119166342, -36.726368589232017 ], [ 175.650133322397608, -36.726513504083272 ], [ 175.650991371184062, -36.726772747053644 ], [ 175.651881549006447, -36.726876784357735 ], [ 175.652769447341257, -36.726985663414808 ], [ 175.653646829895365, -36.727145345941267 ], [ 175.6545402381428, -36.727227602003104 ], [ 175.655423284834058, -36.727359918114054 ], [ 175.656315897993409, -36.727446010248663 ], [ 175.657196211378334, -36.727591531888379 ], [ 175.658072521263335, -36.727756400081304 ], [ 175.658972047657102, -36.727812644355964 ], [ 175.659856277195104, -36.727953212422378 ], [ 175.660746420038436, -36.728050193998897 ], [ 175.661631254012633, -36.728182283665568 ], [ 175.662526429144037, -36.728245227359956 ], [ 175.663415963306704, -36.72834588920832 ], [ 175.664301686607189, -36.728472036122078 ], [ 175.665200728951334, -36.728509110501349 ], [ 175.666092734925513, -36.728593238764532 ], [ 175.666981736056215, -36.728697463261298 ], [ 175.667882014627565, -36.728726255367988 ], [ 175.668773833927418, -36.728800179890655 ], [ 175.669659808285786, -36.728917743427075 ], [ 175.670554295763765, -36.728986875099643 ], [ 175.67145037024801, -36.729040638912501 ], [ 175.672346485761864, -36.729093660222276 ], [ 175.673242435777354, -36.729149688894132 ], [ 175.674140182757299, -36.72917311539014 ], [ 175.675036979225126, -36.729216094454351 ], [ 175.675937873973993, -36.729322676240713 ], [ 175.676837505440119, -36.729380887628217 ] ] } },
{ "type": "Feature", "properties": { "group_id": "nzd0160" }, "geometry": { "type": "LineString", "coordinates": [ [ 175.686023601474574, -36.7276597931372 ], [ 175.686919353798743, -36.727713154238877 ], [ 175.687804236011061, -36.727744386823353 ], [ 175.688686123897469, -36.727744583380826 ], [ 175.68958809407826, -36.727772838397577 ], [ 175.690488388462143, -36.727805549842493 ], [ 175.691379556336415, -36.727798806267209 ], [ 175.69227388105304, -36.727771987915268 ] ] } },
{ "type": "Feature", "properties": { "group_id": "nzd0161" }, "geometry": { "type": "LineString", "coordinates": [ [ 174.426289279120368, -36.830155693311333 ], [ 174.426213580490355, -36.829438558225391 ], [ 174.426106539775503, -36.828724653406717 ], [ 174.425879549912992, -36.828016127534887 ], [ 174.425693609390123, -36.827291658473328 ], [ 174.425494930870883, -36.826574239744183 ], [ 174.425189721214196, -36.825895898919576 ], [ 174.424863734124557, -36.825218146244232 ], [ 174.42458812876626, -36.824522490668514 ], [ 174.42419320414902, -36.823866705935082 ], [ 174.423785199274619, -36.823224214615415 ], [ 174.423393774574237, -36.822574687719801 ], [ 174.423062256945855, -36.821901819128897 ], [ 174.422684265719084, -36.821248333837055 ], [ 174.422253418009433, -36.820617068067001 ], [ 174.421817051658081, -36.819988055726355 ], [ 174.421385625363882, -36.819357015985119 ], [ 174.421030690311625, -36.818694662292174 ], [ 174.420662155918961, -36.8180378685324 ], [ 174.420285766040621, -36.817384284121943 ], [ 174.419937780986061, -36.816719068256944 ], [ 174.419507174585277, -36.816087852956855 ], [ 174.419193815178488, -36.815409080635426 ], [ 174.418768509861536, -36.814775634959531 ], [ 174.418411334659879, -36.814114367833049 ], [ 174.418013357921694, -36.813469626527656 ], [ 174.417649246908638, -36.812811158592154 ], [ 174.417271313696403, -36.812162993199664 ], [ 174.416990377726535, -36.811499372802736 ], [ 174.416630835652654, -36.810856466652332 ], [ 174.416250598725867, -36.810200936873095 ], [ 174.415843905761932, -36.809552773349374 ], [ 174.415477011778393, -36.808892933889965 ], [ 174.415102054452944, -36.808244477334668 ], [ 174.414749439706441, -36.807569778072128 ], [ 174.414491445546872, -36.80684121836051 ], [ 174.413765923621355, -36.806365864398749 ], [ 174.41332639886366, -36.805743274954459 ], [ 174.412932488048057, -36.805110598091666 ], [ 174.412582241023102, -36.804452915800432 ], [ 174.412184374062264, -36.803808067622498 ], [ 174.411796923073553, -36.803159023924159 ], [ 174.411398516364216, -36.802514381970425 ], [ 174.410956511650312, -36.801886841767285 ], [ 174.41051848998265, -36.801256017412896 ], [ 174.410100865758324, -36.800617353414708 ], [ 174.409662217849558, -36.799989501251815 ], [ 174.409200064305566, -36.799371665485381 ], [ 174.408732723275904, -36.798756036112088 ], [ 174.408425144686134, -36.798072286123585 ], [ 174.407970440061575, -36.797450492500495 ], [ 174.407524880296478, -36.796824082474828 ], [ 174.407147681966478, -36.796166823336684 ], [ 174.406769358333605, -36.795511153516713 ], [ 174.406380798847238, -36.794860210056228 ], [ 174.405918420005065, -36.794243384932088 ], [ 174.405489415759888, -36.793611127039632 ], [ 174.405119240852855, -36.792953957474211 ], [ 174.40470514037932, -36.792322843870622 ], [ 174.404287132723709, -36.79169126232555 ], [ 174.403863213600914, -36.791057021896194 ], [ 174.403478099479145, -36.790406519729714 ], [ 174.403061353996293, -36.789769263367376 ], [ 174.402628575801259, -36.789138718170108 ], [ 174.402252660081814, -36.7884843464334 ], [ 174.40181132199595, -36.787857376503524 ], [ 174.40140049531729, -36.78721761917393 ], [ 174.4010426357884, -36.786556554531145 ], [ 174.400592439373128, -36.785935400311537 ], [ 174.400054472842157, -36.785348508347809 ], [ 174.399700986065227, -36.784685507473995 ], [ 174.399249624005023, -36.784062140509903 ], [ 174.398885501788698, -36.783403436078167 ], [ 174.398557108034197, -36.782729558711836 ], [ 174.39814713817205, -36.782086087875101 ], [ 174.397685862943945, -36.78146522297569 ], [ 174.397420892137916, -36.780762275264941 ], [ 174.396980151779616, -36.780135242615223 ], [ 174.396536434277692, -36.779509490614053 ], [ 174.396087715760672, -36.778885893439373 ], [ 174.395685899779124, -36.778242032225833 ], [ 174.395300977484339, -36.777590868737668 ], [ 174.394774049227209, -36.776999633734476 ], [ 174.394304207331686, -36.77638306292986 ], [ 174.393896202518732, -36.77573987040207 ], [ 174.393392454477151, -36.775141799139817 ], [ 174.392929568717193, -36.774524988767006 ], [ 174.392528303271718, -36.773879922405456 ], [ 174.392068832702421, -36.773261536002018 ], [ 174.391651685218363, -36.772623740702464 ], [ 174.391259300469898, -36.771974587292405 ], [ 174.39087951771549, -36.77131965103117 ], [ 174.390430284471392, -36.770696550546234 ], [ 174.390036797580194, -36.770047886836608 ], [ 174.389604949374586, -36.76941680550614 ], [ 174.38914972830861, -36.768796434827316 ], [ 174.388703572342052, -36.76817190291348 ], [ 174.388217876063663, -36.767565531738555 ], [ 174.38777133046375, -36.766941482890729 ], [ 174.387346845509114, -36.766307336932883 ], [ 174.386959883277456, -36.765655816323061 ], [ 174.386542193306099, -36.765018288176648 ], [ 174.386067542250174, -36.764406702879498 ], [ 174.385758949299372, -36.76371946626999 ], [ 174.385259863530905, -36.763119001703963 ], [ 174.384807816422438, -36.762497103939822 ], [ 174.384320637999963, -36.761891204781556 ], [ 174.383848175353137, -36.761278596831076 ], [ 174.383379732725473, -36.760664152446459 ], [ 174.382958129147767, -36.760028365796906 ], [ 174.382597220250375, -36.759364924962597 ], [ 174.38223067584579, -36.758704046046958 ], [ 174.381753840997561, -36.75809340409122 ], [ 174.381323869811297, -36.757461408508007 ], [ 174.380875069260838, -36.756837985378489 ], [ 174.380451412053105, -36.756203103161745 ], [ 174.380011568320413, -36.755575589474795 ], [ 174.379577894940525, -36.754945259745973 ], [ 174.37904150205847, -36.754361718316453 ], [ 174.378600857782317, -36.753734553865137 ], [ 174.378191307205469, -36.753093219634231 ], [ 174.3777545026729, -36.752464295668403 ], [ 174.377319127212786, -36.75183471552954 ], [ 174.376868806065431, -36.751211938699726 ], [ 174.37642123785065, -36.750587902623259 ], [ 174.376041904483685, -36.749932777103282 ], [ 174.375568632046253, -36.749320440234072 ], [ 174.375196200131199, -36.748662160358101 ], [ 174.374728681952092, -36.748046943060849 ], [ 174.374282790025319, -36.747421586961998 ], [ 174.373821201576476, -36.746803692868625 ], [ 174.373374705563549, -36.746179136293392 ], [ 174.372919440419849, -36.745558608989285 ], [ 174.372433433985918, -36.7449522196668 ], [ 174.372004105162631, -36.744319749612309 ], [ 174.37153297073516, -36.74370650789178 ], [ 174.371193998497347, -36.743032457176604 ], [ 174.370684283731009, -36.742436954889811 ], [ 174.370298481237029, -36.741784439045432 ], [ 174.369898108484222, -36.741138621356008 ], [ 174.369455910202589, -36.740512041279196 ], [ 174.368966500139521, -36.739907176929464 ], [ 174.368555921466708, -36.739266039262645 ], [ 174.368039688496225, -36.738673505165863 ], [ 174.367627949600717, -36.738032891025028 ], [ 174.367178742435925, -36.737409509893141 ], [ 174.36679531059545, -36.736755862074666 ], [ 174.366318815540865, -36.736145025140701 ], [ 174.365889672168294, -36.735512397747129 ], [ 174.365430687922327, -36.734893494270253 ], [ 174.36500111558243, -36.734261053954526 ], [ 174.364540362973941, -36.733642953800448 ], [ 174.364076432050354, -36.733026310787267 ], [ 174.363625757719916, -36.732403563600407 ], [ 174.363180492954655, -36.731778322466859 ], [ 174.362742947266526, -36.73114952482706 ], [ 174.362288479249031, -36.730527876007365 ], [ 174.361844659634926, -36.729900737792939 ], [ 174.361318985828376, -36.729313648820543 ], [ 174.360874137791683, -36.728687918807587 ], [ 174.360389890030319, -36.728081271500095 ], [ 174.359902800585445, -36.727475995884767 ], [ 174.35947210597044, -36.726843394046355 ], [ 174.359075904934883, -36.726194076253712 ], [ 174.358625027326553, -36.725571242285639 ], [ 174.358240815067603, -36.724916106195458 ], [ 174.357818901999536, -36.724279229802647 ], [ 174.357390487477375, -36.723645498110855 ], [ 174.356886369783382, -36.723048437185838 ], [ 174.356465751530266, -36.722410918427222 ], [ 174.356031173950441, -36.721780157488269 ], [ 174.355590919063218, -36.721152142006652 ], [ 174.355168494201422, -36.720515483376779 ], [ 174.354694980665244, -36.719903570702044 ], [ 174.35425179876475, -36.719276958219922 ], [ 174.353869018855789, -36.718621077612532 ], [ 174.353489737810889, -36.717963496759204 ], [ 174.352988365463631, -36.717365060947415 ], [ 174.352500436954813, -36.716760106942431 ], [ 174.352054050806288, -36.716135021735347 ], [ 174.351595098393034, -36.715516019554144 ], [ 174.351134279175596, -36.714897916788864 ], [ 174.350713729882983, -36.714260299219163 ], [ 174.350332272226268, -36.713603737594966 ], [ 174.349883989194552, -36.712979546281623 ], [ 174.349462962263232, -36.712343424977846 ], [ 174.34902862205854, -36.711719205335058 ], [ 174.348524033559727, -36.711126256638735 ], [ 174.348048956303558, -36.710514532359895 ], [ 174.347594921039729, -36.709893141647612 ], [ 174.347151269511755, -36.709266978168898 ], [ 174.346742011657454, -36.708625017867611 ], [ 174.346238748979147, -36.70802621427449 ], [ 174.345757056031033, -36.707417501913525 ], [ 174.345310319439278, -36.706792734395705 ], [ 174.344850795693588, -36.706173832901506 ], [ 174.344386410159728, -36.7055571585434 ], [ 174.343935922209681, -36.704934098045811 ], [ 174.343523803586436, -36.704293415295425 ], [ 174.3430654690452, -36.70367394725416 ], [ 174.342672068461354, -36.703024659857007 ], [ 174.342226301421988, -36.702399411206969 ], [ 174.34178663344187, -36.701771357049459 ], [ 174.341254549104377, -36.701185730522013 ], [ 174.340803861459705, -36.700562725772073 ], [ 174.3403444988827, -36.699943698963459 ], [ 174.339880847417845, -36.699326636257702 ], [ 174.339457367826668, -36.698691123586698 ], [ 174.339015637560976, -36.698063985533558 ], [ 174.338576243880482, -36.697435769500565 ], [ 174.338158659773939, -36.696797534468963 ], [ 174.337630210304837, -36.696210198073274 ], [ 174.33718966798304, -36.695582494043421 ], [ 174.336717466433186, -36.694969321193589 ], [ 174.33626299288855, -36.694347897140844 ], [ 174.335762891750932, -36.693748301438568 ], [ 174.335318402655901, -36.693122273712994 ], [ 174.334873118273464, -36.692496225801719 ], [ 174.334477579189496, -36.691845556623775 ], [ 174.334120260743674, -36.691175968950766 ], [ 174.333747641635938, -36.690513947640028 ], [ 174.333313167773468, -36.689882530141908 ], [ 174.332846567592185, -36.68926700543448 ], [ 174.332431632283772, -36.688625909296285 ], [ 174.331932476284038, -36.688026485017048 ], [ 174.331476542731991, -36.687405667050783 ], [ 174.331009715779942, -36.686790234764949 ], [ 174.330563321658531, -36.686164686271219 ], [ 174.330127889672269, -36.68553370815183 ], [ 174.329672829150752, -36.684912438335381 ], [ 174.329281187723183, -36.684259780251203 ], [ 174.328856280435559, -36.683623578956301 ], [ 174.328417748308681, -36.682995425239412 ], [ 174.327969490579761, -36.682374841941005 ], [ 174.32756949363781, -36.681729929570814 ], [ 174.327110569632566, -36.68111065547059 ], [ 174.326611955286268, -36.680510415021288 ], [ 174.326100012301936, -36.679916563022999 ], [ 174.325658834884877, -36.679288761186015 ], [ 174.325166598962852, -36.678685446068499 ], [ 174.324728228533417, -36.678056287719862 ], [ 174.324303900970989, -36.677420388227688 ], [ 174.323827766679017, -36.676809334414067 ], [ 174.323327838390981, -36.676209689113037 ], [ 174.322845744063102, -36.675601484175459 ], [ 174.322363921886222, -36.674993143671671 ], [ 174.321929754828346, -36.674361938879322 ], [ 174.321509851248777, -36.673723887099321 ], [ 174.321045034798487, -36.673107374188646 ], [ 174.320624926632433, -36.672469410443298 ], [ 174.320127569874927, -36.671866567288212 ], [ 174.319709530558072, -36.671225002970573 ], [ 174.319243419606408, -36.670608910357743 ], [ 174.318719060677893, -36.670021585394288 ], [ 174.318195246979911, -36.669433987933317 ], [ 174.317747516231691, -36.66880905629337 ], [ 174.317327510848429, -36.668170516516263 ], [ 174.316915681958392, -36.667527959998147 ], [ 174.316409087245574, -36.666931894436779 ], [ 174.315961396793227, -36.666306923096677 ], [ 174.315592672780838, -36.665643202530724 ], [ 174.31512891390733, -36.665026105042259 ], [ 174.314671315063975, -36.664405980208997 ], [ 174.31423637046052, -36.663774735243294 ], [ 174.313837193814862, -36.663125935916867 ], [ 174.313282123003233, -36.662553620245184 ], [ 174.312782357605812, -36.661954164300028 ], [ 174.312258905354781, -36.661365958908405 ], [ 174.31179593949085, -36.660747632831814 ], [ 174.311339135291746, -36.660126595617989 ], [ 174.310937882248595, -36.659478473253884 ], [ 174.310473428396705, -36.658861640896028 ], [ 174.310049652687326, -36.658224661052067 ], [ 174.30959094822154, -36.657604971871294 ], [ 174.309079840709614, -36.65701122612365 ], [ 174.308584204363768, -36.656409156388392 ], [ 174.308120880519027, -36.655790392202348 ], [ 174.30763253100514, -36.655184798645273 ], [ 174.307112868633595, -36.654595578308793 ], [ 174.306699852963789, -36.653952821107673 ], [ 174.306207095908093, -36.653350085687862 ], [ 174.305789364005363, -36.652709685950263 ], [ 174.305322575080055, -36.65209390582109 ], [ 174.304856889840295, -36.6514775667777 ], [ 174.304371425766163, -36.650871150979611 ], [ 174.303888939969568, -36.650263235306795 ], [ 174.303420628182153, -36.649648199962741 ], [ 174.302946680789972, -36.649035988552946 ], [ 174.302440364537233, -36.648440020079754 ], [ 174.302016219770394, -36.64780082828878 ], [ 174.301526339631835, -36.647194513591501 ], [ 174.301083848358132, -36.646565843363256 ], [ 174.300586034737989, -36.645965789881508 ], [ 174.300113359416457, -36.645352821724259 ], [ 174.299615369264814, -36.644752849217852 ], [ 174.299110669525703, -36.644156317593982 ], [ 174.298677296131757, -36.643523151288356 ], [ 174.298191448045401, -36.642916928661947 ], [ 174.297796043251623, -36.642271428719383 ], [ 174.297338635529144, -36.641661815306207 ], [ 174.296880400209375, -36.641045318465181 ], [ 174.296397327890105, -36.640436932336812 ], [ 174.295887409888394, -36.639841054358691 ], [ 174.295348283257908, -36.639258785897276 ], [ 174.294902169099174, -36.638633157678555 ], [ 174.294434247167061, -36.638017689333196 ], [ 174.293989815376136, -36.637391266744118 ], [ 174.293533802122283, -36.636770237377256 ], [ 174.293118039543373, -36.636130441356777 ], [ 174.29260370821757, -36.63553658489927 ] ] } },
{ "type": "Feature", "properties": { "group_id": "nzd0162" }, "geometry": { "type": "LineString", "coordinates": [ [ 175.811321484235208, -36.737346009059209 ], [ 175.810289712482017, -36.737322778798273 ], [ 175.809316994139635, -36.737353554923423 ], [ 175.808404319513301, -36.737489909107985 ], [ 175.807467648994219, -36.737616242384199 ], [ 175.806492584026188, -36.737756635182208 ], [ 175.805707544887269, -36.738134955334338 ] ] } },
{ "type": "Feature", "properties": { "group_id": "nzd0163" }, "geometry": { "type": "LineString", "coordinates": [ [ 175.168410730913109, -36.74564824300667 ], [ 175.168550139175437, -36.746348128883177 ], [ 175.168837587400503, -36.747034965683056 ], [ 175.16895466631874, -36.747726516130164 ], [ 175.16923886168189, -36.748399012044786 ], [ 175.16970290968905, -36.749010525667479 ], [ 175.170263325967767, -36.749567569139209 ], [ 175.170883630038531, -36.750081168465464 ], [ 175.171559935908931, -36.750554607334095 ] ] } },
{ "type": "Feature", "properties": { "group_id": "nzd0164" }, "geometry": { "type": "LineString", "coordinates": [ [ 175.757401354991003, -36.757612832101074 ], [ 175.756436927194869, -36.75769717225981 ], [ 175.755617853554469, -36.758092455810072 ] ] } },
{ "type": "Feature", "properties": { "group_id": "nzd0165" }, "geometry": { "type": "LineString", "coordinates": [ [ 175.144653518395529, -36.76467806954863 ], [ 175.145483466899208, -36.764917314595074 ], [ 175.146272019040026, -36.764676803569778 ], [ 175.147029034962117, -36.764359507770131 ], [ 175.147765665177417, -36.763976409611899 ], [ 175.148451287528303, -36.763517592110865 ] ] } },
{ "type": "Feature", "properties": { "group_id": "nzd0166" }, "geometry": { "type": "LineString", "coordinates": [ [ 175.750316171448844, -36.763982576873516 ], [ 175.749903405809221, -36.764657383251873 ], [ 175.749701002330681, -36.765451428033366 ], [ 175.749980492116407, -36.766231024150031 ] ] } },
{ "type": "Feature", "properties": { "group_id": "nzd0168" }, "geometry": { "type": "LineString", "coordinates": [ [ 175.749432402497888, -36.768283231815637 ], [ 175.749204160216721, -36.768993284243372 ], [ 175.74902239491135, -36.769718052521455 ], [ 175.748855984112339, -36.770459079329818 ], [ 175.748924305196653, -36.771183180468803 ] ] } },
{ "type": "Feature", "properties": { "group_id": "nzd0170" }, "geometry": { "type": "LineString", "coordinates": [ [ 175.748558672304455, -36.772388703798526 ], [ 175.748417029967499, -36.773099971537995 ], [ 175.748275660105378, -36.77381268393308 ], [ 175.748120600832038, -36.774536542944801 ], [ 175.747963534636568, -36.775263014795463 ], [ 175.747947993734357, -36.775985818382843 ] ] } },
{ "type": "Feature", "properties": { "group_id": "nzd0171" }, "geometry": { "type": "LineString", "coordinates": [ [ 175.009005205803959, -36.778142238698415 ], [ 175.009054503735854, -36.778902056553783 ], [ 175.00927129270417, -36.779655819496803 ], [ 175.009729095070071, -36.780336089406937 ], [ 175.010260204314193, -36.780963308893675 ], [ 175.010860672881876, -36.78152085907552 ], [ 175.011542825880952, -36.781997431949648 ], [ 175.012251317952234, -36.782498074825625 ], [ 175.01302914831146, -36.782946943757558 ], [ 175.013807299463224, -36.783313103276392 ] ] } },
{ "type": "Feature", "properties": { "group_id": "nzd0172" }, "geometry": { "type": "LineString", "coordinates": [ [ 175.097871608773914, -36.785681305012361 ], [ 175.098781033185418, -36.785821537626425 ], [ 175.099634777792005, -36.78560465824517 ], [ 175.100476819939558, -36.785358726597174 ], [ 175.101285686899587, -36.785043964981725 ] ] } },
{ "type": "Feature", "properties": { "group_id": "nzd0173" }, "geometry": { "type": "LineString", "coordinates": [ [ 175.066815429989333, -36.785325181826508 ], [ 175.06768102986851, -36.78551746205904 ], [ 175.068535040532481, -36.785744834576441 ], [ 175.069352924081358, -36.78608602741182 ], [ 175.070245185763213, -36.786199566789875 ], [ 175.07113775321622, -36.78630750475758 ], [ 175.072018782542926, -36.786451433481425 ], [ 175.072889822005521, -36.786631672998745 ], [ 175.073785056317917, -36.786694323540196 ], [ 175.074670072806555, -36.786825057943204 ], [ 175.075558497148137, -36.78692355830723 ], [ 175.07644169045858, -36.787054649545169 ], [ 175.077338152917633, -36.787115624043565 ], [ 175.07822134247661, -36.787225887076119 ], [ 175.079113935569296, -36.78729316637255 ], [ 175.080009447674456, -36.787349080274346 ], [ 175.080903958661736, -36.787411479960113 ], [ 175.081796851948781, -36.787496304522151 ], [ 175.082694931173677, -36.787518085208191 ], [ 175.083589560099085, -36.787588570207035 ], [ 175.084487285341083, -36.787620759675683 ], [ 175.085383672861894, -36.787688779342467 ], [ 175.086278851078902, -36.787763917213191 ] ] } },
{ "type": "Feature", "properties": { "group_id": "nzd0174" }, "geometry": { "type": "LineString", "coordinates": [ [ 174.77536711650626, -36.7875596229796 ], [ 174.775768749097551, -36.788216012517395 ], [ 174.776253596389466, -36.788841607608575 ], [ 174.776849401715197, -36.78939055519497 ], [ 174.77740368573842, -36.789956835583617 ], [ 174.77798519026021, -36.790506230271923 ], [ 174.77865666623876, -36.790994191806831 ], [ 174.779278582501917, -36.791513303383056 ], [ 174.779903110877001, -36.792030443813466 ], [ 174.780548430602551, -36.792531046768069 ], [ 174.781141753791985, -36.793068525326014 ], [ 174.781715201354842, -36.793628174499993 ] ] } },
{ "type": "Feature", "properties": { "group_id": "nzd0176" }, "geometry": { "type": "LineString", "coordinates": [ [ 175.706142705919518, -36.804685186777427 ], [ 175.705358162512653, -36.805035347695259 ], [ 175.70456323677098, -36.805388901865548 ], [ 175.703749363620801, -36.805754964460014 ], [ 175.702924621563596, -36.806196535858497 ], [ 175.702121187004366, -36.806696105887774 ], [ 175.701162684947775, -36.807157414634155 ], [ 175.701071771790737, -36.808094890812136 ], [ 175.700895384224566, -36.808866074078715 ], [ 175.700716154441466, -36.809585325129795 ], [ 175.700471264219686, -36.8103035876291 ], [ 175.700399423446214, -36.811045932237448 ], [ 175.700254531808298, -36.811773713748437 ], [ 175.700213712024691, -36.812514143257488 ], [ 175.700198631710947, -36.813247922085054 ], [ 175.700272587802317, -36.813974052949199 ], [ 175.700261329519321, -36.814697779582147 ], [ 175.700232154495325, -36.815426334617797 ], [ 175.700254987290634, -36.816150471490097 ], [ 175.700439936653538, -36.81686401208659 ], [ 175.700698312338261, -36.817576972849885 ], [ 175.700812471112897, -36.818303730292463 ], [ 175.700861677052444, -36.819030235377653 ], [ 175.701094267307127, -36.819722030923536 ], [ 175.701479077257716, -36.820390895086334 ], [ 175.701656873753421, -36.8210960108565 ], [ 175.701919814188216, -36.821787719617895 ], [ 175.70204318892786, -36.822502867900937 ], [ 175.702248890279975, -36.823202818188669 ], [ 175.702489450709834, -36.823898397004633 ], [ 175.702639213980831, -36.824613427598145 ], [ 175.702797653498919, -36.825324649395284 ], [ 175.703053634398572, -36.826017898049614 ], [ 175.703358754710194, -36.826702516235763 ], [ 175.703824705121946, -36.827327960201117 ], [ 175.70433593131898, -36.827919778449044 ], [ 175.704876704970758, -36.828492171804534 ], [ 175.705409500713984, -36.829071113002264 ], [ 175.706012284676405, -36.829596853319686 ], [ 175.706738252097153, -36.830013881038759 ], [ 175.707512568182835, -36.830357436848089 ], [ 175.708195913419132, -36.83081452685618 ] ] } },
{ "type": "Feature", "properties": { "group_id": "nzd0177" }, "geometry": { "type": "LineString", "coordinates": [ [ 175.714758931210184, -36.827225734678287 ], [ 175.715162121239842, -36.827866949909385 ], [ 175.715589323552479, -36.82849823138389 ], [ 175.716036356435211, -36.829120072196972 ], [ 175.716526461002985, -36.829720006825461 ], [ 175.717065251633471, -36.830292709857304 ], [ 175.717714154502033, -36.830798766559397 ], [ 175.718479940880457, -36.831178523240808 ] ] } },
{ "type": "Feature", "properties": { "group_id": "nzd0178" }, "geometry": { "type": "LineString", "coordinates": [ [ 174.427889973005477, -36.836279103187685 ], [ 174.427838798232557, -36.835525697382543 ], [ 174.427170736238651, -36.834959630739981 ], [ 174.426739567966848, -36.834321614779782 ], [ 174.426515395483591, -36.83362072982402 ] ] } },
{ "type": "Feature", "properties": { "group_id": "nzd0179" }, "geometry": { "type": "LineString", "coordinates": [ [ 175.732577878529156, -36.831275152224215 ], [ 175.733216704644292, -36.831780671369344 ], [ 175.733861455897539, -36.83228118545604 ], [ 175.734533748773799, -36.832759766052142 ], [ 175.735231037990957, -36.833216061857406 ], [ 175.735914938405699, -36.833683348102525 ], [ 175.736640618401424, -36.83410229379669 ], [ 175.737366911295169, -36.834526556032998 ], [ 175.738139643083684, -36.834893350009644 ], [ 175.738916214085094, -36.835248172947573 ], [ 175.739675311525588, -36.835627909124049 ], [ 175.740507949036214, -36.835900790267168 ], [ 175.741333672501725, -36.836191431133123 ], [ 175.742179091347793, -36.836437850318966 ], [ 175.74302937100876, -36.83666966063246 ], [ 175.743909808914736, -36.836826667174591 ], [ 175.744777284403909, -36.83700990555397 ], [ 175.745662490064774, -36.837128631768515 ], [ 175.746546568334708, -36.83724228966522 ], [ 175.747447706491386, -36.837324065323656 ], [ 175.748345903353737, -36.837319123859672 ], [ 175.749255965957929, -36.837332549577113 ], [ 175.750181683013551, -36.837325682782144 ], [ 175.751071908826674, -36.837222316978313 ], [ 175.75195788472459, -36.837082246494781 ], [ 175.752816218871345, -36.836831139256603 ], [ 175.75371287788704, -36.836708455644377 ], [ 175.754610001600469, -36.836601206910217 ], [ 175.755487487513619, -36.836443975258547 ], [ 175.756338012154345, -36.83621354129518 ] ] } },
{ "type": "Feature", "properties": { "group_id": "nzd0180" }, "geometry": { "type": "LineString", "coordinates": [ [ 175.802232545427728, -36.835748334940376 ], [ 175.803026994174246, -36.836086742180122 ], [ 175.803837337172723, -36.836404533960803 ], [ 175.8045906718813, -36.836796255216655 ], [ 175.805341377938845, -36.83719422434902 ], [ 175.80609125481493, -36.837593397519555 ], [ 175.806806036294034, -36.838032018614015 ], [ 175.807549486852082, -36.838432741577328 ], [ 175.808293490216897, -36.838830860796044 ], [ 175.809041856968093, -36.83922774892379 ], [ 175.809768265394609, -36.839656592092972 ], [ 175.810488328309589, -36.84009195623662 ], [ 175.811200832957354, -36.840529673443001 ], [ 175.811910793863063, -36.840958499047858 ], [ 175.81260053461645, -36.841419464649455 ], [ 175.81331582596826, -36.841858106784308 ] ] } },
{ "type": "Feature", "properties": { "group_id": "nzd0185" }, "geometry": { "type": "LineString", "coordinates": [ [ 175.841405477315135, -36.95325231757112 ], [ 175.841474739739425, -36.953983306700778 ], [ 175.841582959317577, -36.954728718374952 ], [ 175.841876274353041, -36.955455567581915 ], [ 175.842219205118852, -36.956169731841555 ], [ 175.84265151316427, -36.956893345388842 ], [ 175.843196943007172, -36.957561539721013 ] ] } },
{ "type": "Feature", "properties": { "group_id": "nzd0186" }, "geometry": { "type": "LineString", "coordinates": [ [ 175.84278155441794, -36.961763143200912 ], [ 175.842993737971454, -36.962460951059995 ], [ 175.843255145011398, -36.963173672253554 ], [ 175.843530359156375, -36.963906187466719 ], [ 175.843931556758719, -36.96459010414469 ], [ 175.844331506087059, -36.965235677631533 ], [ 175.844716982314281, -36.965884012014513 ], [ 175.845014687165616, -36.96657349106782 ] ] } },
{ "type": "Feature", "properties": { "group_id": "nzd0187" }, "geometry": { "type": "LineString", "coordinates": [ [ 174.469317015304711, -36.980128455224346 ], [ 174.469126356626759, -36.97942696947657 ], [ 174.468799481240609, -36.978752148800254 ], [ 174.468539042260005, -36.97806431336393 ], [ 174.468267741650862, -36.977378598250887 ] ] } },
{ "type": "Feature", "properties": { "group_id": "nzd0189" }, "geometry": { "type": "LineString", "coordinates": [ [ 175.864061719277032, -37.00662861090057 ], [ 175.86433449276106, -37.007311951324986 ], [ 175.864485411734421, -37.008026833969971 ], [ 175.864654673652467, -37.008736961202011 ], [ 175.864975638758921, -37.009407806146577 ], [ 175.865321288621658, -37.010072253998615 ], [ 175.865653480428023, -37.010741356805731 ], [ 175.865841446127632, -37.011455192601737 ], [ 175.866078045580082, -37.012157162463701 ], [ 175.866394903038696, -37.012828207816483 ], [ 175.866751507013987, -37.013487378923273 ], [ 175.866991948882287, -37.014183846356012 ], [ 175.867199657024798, -37.014893666059137 ], [ 175.867509671700162, -37.015569342896228 ], [ 175.867786949366547, -37.016253093386553 ], [ 175.868077028505695, -37.016932762153019 ], [ 175.868367798532063, -37.017610638244186 ], [ 175.868716702071595, -37.018266391417555 ], [ 175.869031912863392, -37.018934220689204 ], [ 175.869348396864012, -37.019605315998639 ], [ 175.869686579362565, -37.020269859658896 ], [ 175.869990232884675, -37.020951118163303 ], [ 175.8703183071664, -37.021629770007117 ], [ 175.870726112144524, -37.022275239703696 ], [ 175.871027457901675, -37.022952331469931 ], [ 175.871348542481513, -37.023629779877901 ], [ 175.871703528244069, -37.024308138703319 ], [ 175.87209606082078, -37.024966480483272 ], [ 175.872532507253908, -37.025610877360783 ], [ 175.872941233846831, -37.026270641574378 ], [ 175.873390210335344, -37.026888161673185 ], [ 175.873738705903435, -37.027552875389311 ] ] } },
{ "type": "Feature", "properties": { "group_id": "nzd0190" }, "geometry": { "type": "LineString", "coordinates": [ [ 174.502207576588972, -37.049771280757675 ], [ 174.501370689165157, -37.05010338376082 ], [ 174.500543970161488, -37.050479705135324 ], [ 174.499719335858259, -37.050865104113925 ], [ 174.498873619662106, -37.051158861636054 ], [ 174.498027118235029, -37.051517044549321 ], [ 174.497019736383862, -37.051815510442452 ], [ 174.495245881808927, -37.052985436882018 ], [ 174.494387547233003, -37.052759487444234 ], [ 174.49361286159737, -37.052387755976753 ], [ 174.492809082988231, -37.052066725869892 ], [ 174.49189579791215, -37.051936532725485 ], [ 174.491111080012445, -37.051582281963341 ], [ 174.49048788397036, -37.050946550412078 ], [ 174.490899258325555, -37.04850784872302 ], [ 174.488939154064212, -37.049967510413531 ], [ 174.487776294822623, -37.049702762001672 ], [ 174.487160719106612, -37.048986499986945 ], [ 174.486685941375896, -37.048318262083498 ], [ 174.486208720080725, -37.047652396393786 ], [ 174.485629316800811, -37.047085840259768 ], [ 174.485165932591599, -37.046406520983119 ], [ 174.484636219916695, -37.045791664876347 ], [ 174.484133849549721, -37.045150231747826 ], [ 174.483597373749177, -37.044541943917565 ], [ 174.483098500917151, -37.043897106397814 ], [ 174.482698579579591, -37.043156092440469 ], [ 174.482334989146722, -37.04260613168745 ], [ 174.481996505394221, -37.042113746611449 ], [ 174.481508337293405, -37.04152070553625 ], [ 174.481148240481303, -37.040859141778249 ], [ 174.481034711657912, -37.040085063629263 ], [ 174.480635075761597, -37.039441530694546 ], [ 174.480207714427735, -37.038810643761636 ], [ 174.47994239633266, -37.038105810470057 ], [ 174.47946102761864, -37.037499557010818 ], [ 174.479151527236269, -37.036814873643792 ], [ 174.479012280884291, -37.036052495878813 ], [ 174.478592805555081, -37.035417984280407 ], [ 174.478286518370936, -37.034731818054581 ], [ 174.478194193873264, -37.034399478700436 ], [ 174.478105725179518, -37.034159080703027 ], [ 174.477551588849991, -37.033526173006258 ], [ 174.477377867774862, -37.032815339570796 ], [ 174.477196739567887, -37.032104806629746 ], [ 174.476867144203311, -37.031400428045274 ], [ 174.476668292464524, -37.030690616553677 ], [ 174.47649311511887, -37.029979815695235 ], [ 174.476332122349078, -37.029268419332986 ], [ 174.475761615611646, -37.028574007814292 ], [ 174.47541395013846, -37.027870342110269 ], [ 174.475172507169162, -37.027162262107872 ], [ 174.47508278603425, -37.026447880774214 ], [ 174.474761591193101, -37.02574734664384 ], [ 174.474741790061529, -37.025042287978593 ], [ 174.474230841592572, -37.024375162999448 ], [ 174.474385353571478, -37.023639364512448 ], [ 174.474464182322606, -37.022910426217997 ], [ 174.474648772349155, -37.022171883929346 ], [ 174.474923344296172, -37.021425168742127 ], [ 174.474997372602502, -37.02069664453596 ], [ 174.475025522116113, -37.01997227677483 ], [ 174.474965338246051, -37.019255918345891 ], [ 174.47501456509741, -37.01852962418203 ], [ 174.474995127418708, -37.017809554504723 ], [ 174.474606056593501, -37.017123022420229 ], [ 174.474897866900619, -37.016374693439971 ], [ 174.474904484173834, -37.015652238925036 ], [ 174.475008229000366, -37.014920962799209 ], [ 174.475100048702473, -37.014190761861677 ], [ 174.475155151828659, -37.013493961383269 ], [ 174.475010281356901, -37.012817421679152 ], [ 174.475164647751598, -37.012098068831889 ], [ 174.475135502011995, -37.01138105966151 ], [ 174.475017683810762, -37.010667579779536 ], [ 174.474973629761678, -37.009951151598443 ], [ 174.475007688121451, -37.009231601730626 ], [ 174.475140465590641, -37.008508108255008 ], [ 174.475268237627205, -37.007784807393513 ], [ 174.474813512537509, -37.007084729298001 ], [ 174.474693831960479, -37.006371283061917 ], [ 174.474648337390192, -37.005654871763362 ], [ 174.474513781620601, -37.004940364073981 ], [ 174.474215117394266, -37.004209661554249 ], [ 174.474036145254587, -37.003480525904436 ], [ 174.474026977519316, -37.002759113145288 ], [ 174.474150744731759, -37.002025246737666 ], [ 174.473699458474186, -37.001345216183843 ], [ 174.473530004199517, -37.000638790832305 ], [ 174.47375712633692, -36.999895227438259 ], [ 174.473564851423077, -36.999190925556384 ], [ 174.473341740846962, -36.998489504079409 ], [ 174.473261625873477, -36.997774687202572 ], [ 174.473168850315773, -36.997061049040987 ], [ 174.472950025643627, -36.996359206169934 ], [ 174.472797108996531, -36.995646055888294 ], [ 174.47259692335291, -36.994928880848022 ], [ 174.472325044641593, -36.994229022475281 ], [ 174.472246403913744, -36.993511208313301 ], [ 174.472267778034791, -36.992778829356475 ], [ 174.472399709481749, -36.99203035044664 ], [ 174.471984863982243, -36.991361454737842 ], [ 174.47181519923484, -36.990656863503176 ], [ 174.47126213149096, -36.990008073666893 ], [ 174.471073216224426, -36.989306271431381 ], [ 174.47105593101557, -36.988579480401825 ], [ 174.470926694529282, -36.987868978218295 ], [ 174.470956507797183, -36.987135317974477 ], [ 174.470600840689514, -36.986457762070401 ], [ 174.470230384160885, -36.985782352086119 ], [ 174.46990488436856, -36.985100391462474 ] ] } },
{ "type": "Feature", "properties": { "group_id": "nzd0191" }, "geometry": { "type": "LineString", "coordinates": [ [ 175.886133054823603, -37.093034066256799 ], [ 175.886142289309504, -37.093750863984432 ], [ 175.886149155314826, -37.094474164573128 ], [ 175.88602145052559, -37.095218403446111 ], [ 175.886129405982928, -37.095952200531833 ], [ 175.886194328618473, -37.096666700518391 ], [ 175.886242765107482, -37.097382174389033 ], [ 175.886323669332825, -37.098095710227824 ], [ 175.886347418857156, -37.098812639040254 ], [ 175.886388101823485, -37.099528553844664 ], [ 175.886496832262708, -37.100240414220451 ], [ 175.886552441711103, -37.100957807064688 ], [ 175.886622888948722, -37.10167439134414 ], [ 175.886790438315529, -37.102382028087078 ], [ 175.886878281261346, -37.103094969607426 ], [ 175.886926106279731, -37.1038106088075 ], [ 175.887002250851992, -37.104533008199006 ], [ 175.887138069858395, -37.105252730227413 ], [ 175.887250860550694, -37.105966733354734 ], [ 175.88735381152469, -37.106678779122198 ], [ 175.887494823550611, -37.107386175918379 ], [ 175.887612831235856, -37.108096371897943 ], [ 175.887730590095714, -37.108806591566626 ], [ 175.887877505921665, -37.109511250104667 ], [ 175.887996277345167, -37.110218854700392 ], [ 175.888123457189124, -37.110927529894148 ], [ 175.888164884275255, -37.11164593827111 ] ] } },
{ "type": "Feature", "properties": { "group_id": "nzd0192" }, "geometry": { "type": "LineString", "coordinates": [ [ 175.880048787108279, -37.149644900783166 ], [ 175.880172731536049, -37.150359293058678 ], [ 175.880302493624015, -37.151084671552248 ], [ 175.880512806503788, -37.151794382151813 ], [ 175.880871791452307, -37.152459294107999 ] ] } },
{ "type": "Feature", "properties": { "group_id": "nzd0193" }, "geometry": { "type": "LineString", "coordinates": [ [ 175.881424554914787, -37.165907320025049 ], [ 175.881499448575056, -37.166620638784913 ], [ 175.881743571111002, -37.167320370773794 ] ] } },
{ "type": "Feature", "properties": { "group_id": "nzd0194" }, "geometry": { "type": "LineString", "coordinates": [ [ 175.882023499066889, -37.169413203995951 ], [ 175.882398193485727, -37.170085897522348 ], [ 175.882861563341464, -37.170726162319994 ], [ 175.883265358986421, -37.171152553618015 ], [ 175.88311450515485, -37.171762177304359 ], [ 175.882971946549446, -37.172495940604058 ], [ 175.883035523873161, -37.173233495458348 ], [ 175.883194840601618, -37.17395502870896 ], [ 175.883324092401466, -37.174657107498142 ], [ 175.883495683302243, -37.175349715592738 ], [ 175.883755674145306, -37.176042150724832 ], [ 175.883938302984404, -37.176743443289993 ], [ 175.884124714118116, -37.177443504952194 ] ] } },
{ "type": "Feature", "properties": { "group_id": "nzd0195" }, "geometry": { "type": "LineString", "coordinates": [ [ 175.884981705957074, -37.181076316501567 ], [ 175.885199811929795, -37.181774016987461 ], [ 175.885429565048753, -37.182474576750174 ], [ 175.885688331831574, -37.18316171426175 ], [ 175.885917580373444, -37.18386453919576 ], [ 175.886149818332797, -37.184569879815896 ] ] } },
{ "type": "Feature", "properties": { "group_id": "nzd0196" }, "geometry": { "type": "LineString", "coordinates": [ [ 174.613899162412736, -37.208092807496463 ], [ 174.6138562886199, -37.207325084837954 ], [ 174.613257635168253, -37.206754114454327 ], [ 174.612837370714573, -37.206119984692997 ], [ 174.612557708473389, -37.205436073031329 ], [ 174.61212633277998, -37.204805865520022 ], [ 174.611902053473898, -37.204105405943395 ], [ 174.611426893984856, -37.203492293769585 ], [ 174.611137958895313, -37.202813136837939 ], [ 174.610707469209331, -37.202181320809629 ], [ 174.610773227281157, -37.201382436754031 ], [ 174.610500008350414, -37.200697663504826 ], [ 174.61040254754468, -37.199953714060783 ] ] } },
{ "type": "Feature", "properties": { "group_id": "nzd0199" }, "geometry": { "type": "LineString", "coordinates": [ [ 175.91493550488542, -37.301979534395798 ], [ 175.91532765278194, -37.302622264656719 ], [ 175.915753293350832, -37.303255166398394 ], [ 175.916159346251504, -37.303902546546574 ], [ 175.916649122598329, -37.304510162548787 ], [ 175.917125283712437, -37.305121914631599 ], [ 175.917608173045181, -37.30573328711808 ], [ 175.918125896782357, -37.306320072533531 ], [ 175.918680469956485, -37.306883374535332 ], [ 175.919302251478967, -37.307413674715406 ], [ 175.920049586656489, -37.307805226172235 ], [ 175.921090083399577, -37.307418998304804 ] ] } },
{ "type": "Feature", "properties": { "group_id": "nzd0200" }, "geometry": { "type": "LineString", "coordinates": [ [ 174.68616328116002, -37.349668242997282 ], [ 174.685729089139954, -37.348902579159748 ], [ 174.685408083758375, -37.348145172826491 ], [ 174.68499296282377, -37.347500602266827 ], [ 174.684630078455285, -37.346883615302538 ], [ 174.684428863232029, -37.346207326888674 ], [ 174.684105267878124, -37.345534017572369 ], [ 174.683753828649401, -37.344873982051269 ], [ 174.683479833755939, -37.344197541957449 ], [ 174.683182479791839, -37.343521234149087 ], [ 174.682945532161028, -37.342830511193121 ], [ 174.682544057949173, -37.342194027211072 ], [ 174.682186309130628, -37.341548488248677 ], [ 174.681845124506424, -37.340887852965935 ], [ 174.6815188455667, -37.340219580046451 ], [ 174.681213656828277, -37.339545422376752 ], [ 174.680860853435576, -37.338892077451462 ], [ 174.680511084311888, -37.338237493713827 ], [ 174.680159493690979, -37.337564246514987 ], [ 174.679853323269356, -37.336881645598517 ], [ 174.679609631463137, -37.336205417352225 ], [ 174.679253542315934, -37.335563038162547 ], [ 174.6790295103321, -37.334869830285733 ], [ 174.678780674007982, -37.334176249898675 ], [ 174.678488441380125, -37.333496428118536 ], [ 174.678073004481803, -37.33285899094885 ], [ 174.677730003943566, -37.332209336926667 ], [ 174.677438876754678, -37.331542492828589 ], [ 174.677152878349801, -37.330850079895988 ], [ 174.676763909994492, -37.330198939476034 ], [ 174.676479710536086, -37.329512262026931 ], [ 174.676330680599477, -37.328836628512477 ], [ 174.676009550346208, -37.328196057464595 ], [ 174.675611485082555, -37.327517524892144 ], [ 174.675293666516467, -37.326862305123633 ], [ 174.674868279098291, -37.326241362717163 ], [ 174.674669327810221, -37.325578579722283 ], [ 174.674507227667107, -37.324861932992327 ], [ 174.674220146879179, -37.324243818658992 ], [ 174.673873606902646, -37.323628341685883 ], [ 174.673678611166196, -37.322887322632418 ], [ 174.673257428609844, -37.322252881594949 ], [ 174.672923570609669, -37.321581378108817 ], [ 174.672507590080187, -37.320890773479363 ], [ 174.672320869606665, -37.320177014985383 ], [ 174.672130723593398, -37.319557897469451 ], [ 174.671756050154329, -37.318957678009461 ], [ 174.671422660099637, -37.318318861317501 ], [ 174.671111513247467, -37.317632503672215 ], [ 174.670699155667421, -37.31685692002727 ], [ 174.670532218904725, -37.316296383422696 ], [ 174.670280464575569, -37.315763596472273 ], [ 174.66977661248464, -37.315070165313728 ], [ 174.6695260569455, -37.31441879771738 ], [ 174.669149173831812, -37.313761396454936 ], [ 174.668809134440579, -37.313053570408378 ], [ 174.668547433659029, -37.31236950627089 ], [ 174.66822427293252, -37.311736827890755 ], [ 174.667901951395947, -37.311117074814241 ], [ 174.667520481478903, -37.310443571917105 ], [ 174.66722004219983, -37.309733237760426 ], [ 174.666980677127185, -37.309041915498071 ], [ 174.666576554881431, -37.308421899752744 ], [ 174.666296783471523, -37.307766288593392 ], [ 174.666033561919818, -37.307058728827251 ], [ 174.665683592341111, -37.306378718740682 ], [ 174.665275574452295, -37.305736530819992 ], [ 174.664921962724065, -37.305081029165912 ], [ 174.664691996348722, -37.304404532789214 ], [ 174.664329654914496, -37.303778651975414 ], [ 174.664111989929097, -37.303082999955649 ], [ 174.663827526761168, -37.302381295457344 ], [ 174.663552720966294, -37.301662276777527 ], [ 174.66316420563075, -37.301053258352567 ], [ 174.662832539296772, -37.300465150587684 ], [ 174.662424747457351, -37.299825539785694 ], [ 174.662084921533364, -37.299169295707351 ], [ 174.661688411287344, -37.298528120250332 ], [ 174.661430073240524, -37.297890945589913 ], [ 174.660970040651733, -37.297214020672826 ], [ 174.66058023336646, -37.296561313880858 ], [ 174.660233298902114, -37.295991307565764 ], [ 174.659936306800034, -37.29530644946604 ], [ 174.659723879274509, -37.294558230781448 ], [ 174.659291148443344, -37.293873276935415 ], [ 174.65894591458553, -37.293327789343408 ], [ 174.658758105637531, -37.292683463763318 ], [ 174.658428924844173, -37.292018942007097 ], [ 174.658194792197037, -37.291244337366926 ], [ 174.657875165398309, -37.290620779121824 ], [ 174.657561946571548, -37.290065074087259 ], [ 174.65716781707539, -37.289394849918331 ], [ 174.656774548909709, -37.288751976791588 ], [ 174.656435020593108, -37.288089876773029 ], [ 174.656088172930907, -37.287430388947982 ], [ 174.655619182812416, -37.286814582381709 ], [ 174.655258376520266, -37.286146996938456 ], [ 174.65489513460156, -37.285518839313198 ], [ 174.654534952397228, -37.284923085457855 ], [ 174.654302441418082, -37.284165040216422 ], [ 174.653977672473047, -37.283461483402185 ], [ 174.653579372973127, -37.282841123348582 ], [ 174.653141964052082, -37.282225446351937 ], [ 174.652812612539009, -37.281610843357001 ], [ 174.652524432573102, -37.28097655805739 ], [ 174.65252726358267, -37.280144163193377 ], [ 174.651939088965719, -37.279568672536861 ], [ 174.651685053442009, -37.278864755001941 ], [ 174.651235063085608, -37.278248357988844 ], [ 174.651213257940924, -37.277460819347731 ], [ 174.651068679403949, -37.276728402445059 ], [ 174.650823232124935, -37.276047950210639 ], [ 174.650595882968474, -37.275328137293002 ], [ 174.65017142889829, -37.27467893976619 ] ] } },
{ "type": "Feature", "properties": { "group_id": "nzd0201" }, "geometry": { "type": "LineString", "coordinates": [ [ 175.937677367499361, -37.359561949072742 ], [ 175.937648846192474, -37.360279376949613 ], [ 175.937514964403135, -37.360993389652123 ], [ 175.937527602904936, -37.361716629994568 ], [ 175.937606964977505, -37.362435016753565 ] ] } },
{ "type": "Feature", "properties": { "group_id": "nzd0203" }, "geometry": { "type": "LineString", "coordinates": [ [ 175.937295624145804, -37.381337201487149 ], [ 175.937508916987412, -37.382033258571852 ], [ 175.937867190107994, -37.382693138529021 ], [ 175.93818608808985, -37.383359933728414 ], [ 175.938516763698601, -37.384025974778112 ], [ 175.938912215317316, -37.384668739410863 ], [ 175.939296079283508, -37.385312079667983 ], [ 175.93969286829676, -37.385951075639461 ], [ 175.940326938349727, -37.386474543787237 ] ] } },
{ "type": "Feature", "properties": { "group_id": "nzd0204" }, "geometry": { "type": "LineString", "coordinates": [ [ 175.938197680594897, -37.395001789937773 ], [ 175.938298591014473, -37.395719484481319 ], [ 175.938589709093463, -37.396395989852067 ], [ 175.938853075095409, -37.397104670076011 ], [ 175.939045901777376, -37.397857108558824 ], [ 175.939569658968139, -37.398468162499604 ], [ 175.939966273312962, -37.399106969444638 ], [ 175.940348885432968, -37.399751984323451 ], [ 175.940871505986962, -37.40034402607553 ], [ 175.941267648837567, -37.400984363836159 ], [ 175.941587436279804, -37.401653855973109 ], [ 175.941928069581365, -37.402314827300643 ], [ 175.942327064927667, -37.402950674320401 ], [ 175.942668399385582, -37.403608301580853 ], [ 175.943046895354541, -37.404255307636532 ], [ 175.943423040314627, -37.404903158004004 ], [ 175.943823989208653, -37.405544046134764 ], [ 175.944257682712191, -37.406174608849561 ], [ 175.944578289881321, -37.406848244630325 ], [ 175.944936220358414, -37.407502264906242 ], [ 175.945331802137844, -37.408138177006236 ], [ 175.945645265920888, -37.408806857991017 ], [ 175.946041517802257, -37.40944716114727 ], [ 175.94639981964238, -37.41010165743463 ], [ 175.946730403620478, -37.41076651849378 ], [ 175.946927456886186, -37.411484479894845 ], [ 175.947238059872916, -37.412172753189019 ], [ 175.94777424615134, -37.412765722435182 ], [ 175.948266446303904, -37.413365286343655 ], [ 175.948723503472337, -37.413979934952494 ], [ 175.949195794935434, -37.414592836275027 ], [ 175.9496719058765, -37.415209594677997 ], [ 175.950154303672377, -37.415819771524333 ], [ 175.950586907815591, -37.41644888506913 ], [ 175.951084935455299, -37.417042523940246 ], [ 175.951540922848096, -37.417658950492111 ], [ 175.951982079726321, -37.418276150529628 ], [ 175.952295403205397, -37.418947843019538 ], [ 175.952863181556069, -37.419502335998516 ], [ 175.953396889098002, -37.420080094986048 ], [ 175.953927405489196, -37.420668995841631 ], [ 175.954473597829235, -37.42124621737868 ], [ 175.954963952462549, -37.421845850811749 ], [ 175.955476829656675, -37.422431623186597 ], [ 175.95596570935632, -37.423031349503127 ], [ 175.956398146632893, -37.423659684517752 ], [ 175.95685423177801, -37.424262023533927 ], [ 175.957309429176178, -37.424867552808436 ], [ 175.957750245467622, -37.425489804078119 ], [ 175.958231710300225, -37.426093220805434 ], [ 175.958650467552388, -37.426728463045343 ], [ 175.959115687241678, -37.427339006033712 ], [ 175.959578171833328, -37.427950647072997 ], [ 175.959955140835774, -37.428605467983509 ], [ 175.960430580405102, -37.429210386715333 ], [ 175.96084915922907, -37.429841886354595 ], [ 175.961361282827085, -37.430426663565527 ], [ 175.961755851489414, -37.431071830050357 ], [ 175.962159318952786, -37.431712576412245 ], [ 175.962618539307016, -37.43232565668518 ], [ 175.963083387322456, -37.432935939851596 ], [ 175.963504687055348, -37.433569750216101 ], [ 175.963989884943089, -37.434172640070699 ], [ 175.964467878037141, -37.434777228151873 ], [ 175.964924411187695, -37.435391821949047 ], [ 175.965440797220225, -37.435984442009214 ], [ 175.965961410549397, -37.436588944228099 ], [ 175.966482268304077, -37.437186141246862 ], [ 175.966998524645504, -37.437770168471175 ], [ 175.967515954971901, -37.43835348804194 ], [ 175.96799862822391, -37.438957621599485 ], [ 175.968492727060408, -37.439545396168967 ], [ 175.968959519929513, -37.440144391229275 ], [ 175.969404758346712, -37.440764323791178 ], [ 175.969909943782909, -37.441353286693605 ], [ 175.970381535087881, -37.441950067232902 ], [ 175.970839519567164, -37.442553877793273 ], [ 175.971373471876944, -37.443128392772536 ], [ 175.971891955483613, -37.443711026913768 ], [ 175.972406906782624, -37.444295511318252 ], [ 175.972817515142282, -37.444934791111812 ], [ 175.973290198584664, -37.445541464597852 ], [ 175.973750197355429, -37.446129373515532 ], [ 175.974149983782297, -37.446706300598038 ], [ 175.974600050732874, -37.447320336007657 ], [ 175.975058397984299, -37.447978224372015 ], [ 175.975518425800175, -37.448610025843443 ], [ 175.975991669173311, -37.449216102404208 ], [ 175.976490269710524, -37.449814689923656 ], [ 175.977002506857758, -37.450419443308085 ], [ 175.977485204897334, -37.451036768629315 ], [ 175.977979846834955, -37.451632923217552 ], [ 175.978491694877619, -37.45221906442562 ], [ 175.9789811549376, -37.452818224193564 ], [ 175.979458736856628, -37.453424288922598 ], [ 175.979908257061254, -37.454016262771425 ], [ 175.980366079695671, -37.454600538229357 ], [ 175.980857785106934, -37.455196948498845 ], [ 175.981351938164664, -37.455793875630015 ], [ 175.981863227886691, -37.456383077398584 ], [ 175.98242758880437, -37.456944010893999 ], [ 175.982922153830401, -37.457539215282914 ], [ 175.983419261504366, -37.458133131606182 ], [ 175.984030813792259, -37.458669291154216 ], [ 175.984588417921174, -37.459239242509895 ], [ 175.985009517072029, -37.459902748856962 ], [ 175.985515647584037, -37.460526204872572 ], [ 175.98612539697703, -37.46104959999397 ], [ 175.986757796850071, -37.461556387132816 ], [ 175.987417033224148, -37.462050359551874 ], [ 175.988076004372431, -37.462543943987853 ], [ 175.988724547926239, -37.463038623517939 ] ] } },
{ "type": "Feature", "properties": { "group_id": "nzd0205" }, "geometry": { "type": "LineString", "coordinates": [ [ 174.734533682833444, -37.487574448219455 ], [ 174.734095722241875, -37.486947800591075 ], [ 174.733768453630574, -37.486283691848435 ], [ 174.73352511429718, -37.485589052229862 ], [ 174.733113771205382, -37.484940321759474 ], [ 174.732956486653478, -37.484200421075343 ], [ 174.732401259166323, -37.483622271975875 ], [ 174.731849962190466, -37.483058949774062 ], [ 174.731620421595295, -37.482381465494321 ], [ 174.73137238859735, -37.481692900060203 ], [ 174.731071424708063, -37.481020872484464 ], [ 174.730791604939441, -37.480342230176092 ], [ 174.730127827506237, -37.479783590491209 ], [ 174.729861653262077, -37.47910067155977 ], [ 174.729480307381806, -37.478426940716723 ], [ 174.729156223547733, -37.477726928883882 ], [ 174.728970309604875, -37.476995513383272 ], [ 174.728544904537216, -37.47636768515477 ] ] } },
{ "type": "Feature", "properties": { "group_id": "nzd0206" }, "geometry": { "type": "LineString", "coordinates": [ [ 174.763814008412737, -37.549240473540216 ], [ 174.763351301883148, -37.548625608005182 ], [ 174.763036900688235, -37.547956187771256 ], [ 174.76294215378087, -37.54720596874968 ], [ 174.762387960722066, -37.546624737004947 ], [ 174.762013698760512, -37.545977317473223 ], [ 174.761606405678464, -37.545342041766318 ], [ 174.761316901672615, -37.544663435243812 ], [ 174.760967505458325, -37.544006852554276 ], [ 174.7606169995058, -37.54336027520489 ], [ 174.760335770772315, -37.542692786384656 ], [ 174.759875144209133, -37.54207545063295 ], [ 174.759519469275972, -37.541421388214403 ], [ 174.759181886468753, -37.540761338844185 ], [ 174.758895271129887, -37.540084434138087 ], [ 174.7586136045648, -37.539405887455423 ], [ 174.758208446962442, -37.538768160307214 ], [ 174.757882383223887, -37.53810427934593 ], [ 174.757591040462074, -37.537428913913544 ], [ 174.757232895689441, -37.536775627056926 ], [ 174.756856892436247, -37.536128238307256 ], [ 174.756407664630331, -37.535490971400627 ], [ 174.756042150469028, -37.534811639053011 ], [ 174.755653449097821, -37.53415091520943 ], [ 174.755315320783041, -37.533482226243365 ], [ 174.754895270343752, -37.532851763007493 ], [ 174.754659737204719, -37.532152232577417 ], [ 174.75445380408533, -37.531517412375329 ], [ 174.75435195439988, -37.530849280118304 ], [ 174.753746571621235, -37.530270100087307 ], [ 174.753335884334746, -37.5296319623287 ], [ 174.752843864278589, -37.529018445025905 ], [ 174.75255756099844, -37.528347432283404 ], [ 174.75224150607022, -37.5276987609899 ], [ 174.751974860529288, -37.527031426193481 ], [ 174.751718493971651, -37.526347186908609 ], [ 174.751370314000582, -37.525686348855288 ], [ 174.751036423611453, -37.525023214950089 ], [ 174.750538714599941, -37.52438247063894 ], [ 174.750174156980705, -37.523709575912648 ] ] } },
{ "type": "Feature", "properties": { "group_id": "nzd0207" }, "geometry": { "type": "LineString", "coordinates": [ [ 175.997030387407619, -37.4751300458923 ], [ 175.997828702080056, -37.475464605022722 ], [ 175.998626916967055, -37.475799360457714 ], [ 175.999462343606183, -37.47606100863937 ], [ 176.00033890097157, -37.47624184707999 ], [ 176.001214753082394, -37.476424067155378 ], [ 176.002068512065421, -37.476649690316812 ], [ 176.002901840216452, -37.476915452470145 ], [ 176.003773204123036, -37.477106481112365 ], [ 176.004618670374782, -37.47740828162992 ], [ 176.00543556155128, -37.477777746076747 ], [ 176.006203395578524, -37.478173651738352 ], [ 176.006977729662793, -37.478554095510283 ], [ 176.007666799500385, -37.479012652214756 ], [ 176.008355327376165, -37.479480324852588 ], [ 176.008980482666146, -37.480002191556302 ], [ 176.009548562740918, -37.480564981364836 ], [ 176.00999835770736, -37.48123001431604 ], [ 176.010490429452858, -37.481858499877234 ], [ 176.01102236224898, -37.48244907908191 ], [ 176.011513160158188, -37.483032908005327 ], [ 176.011986633270652, -37.483620035599571 ], [ 176.012426215481042, -37.484244557270856 ], [ 176.012907069571781, -37.484846865222757 ], [ 176.013379152420669, -37.485453888285804 ], [ 176.01388151716867, -37.486044611498144 ], [ 176.014366101476838, -37.486644897780302 ], [ 176.014846497792718, -37.487247432873019 ], [ 176.015319733820803, -37.487853816201877 ], [ 176.015799102554723, -37.488456894649602 ], [ 176.016262276317576, -37.489068682995274 ], [ 176.01674234108151, -37.489671377300979 ], [ 176.017200772501781, -37.490287029981538 ], [ 176.017746482880369, -37.490860210098177 ], [ 176.018183449278126, -37.491494358937267 ], [ 176.018653082300631, -37.492104606185386 ], [ 176.019086814632516, -37.492735651243038 ], [ 176.019529702865469, -37.493361386335266 ], [ 176.0199327543979, -37.494006342535215 ], [ 176.020341449962075, -37.494597465967175 ], [ 176.020754427961435, -37.495185174130846 ], [ 176.021191616274479, -37.495807602674567 ], [ 176.021647705646416, -37.49642160051188 ], [ 176.022069459240527, -37.497050898720566 ], [ 176.02250707036734, -37.497673122917647 ], [ 176.022958417224743, -37.498289218931589 ], [ 176.0234677552275, -37.498879459265673 ], [ 176.023922839788696, -37.499493878558368 ], [ 176.024395789200724, -37.500100329031874 ], [ 176.024913476078268, -37.500686831766643 ], [ 176.02536971301339, -37.501300721487752 ], [ 176.025853122943545, -37.501910176768419 ], [ 176.026272111044563, -37.502558371893876 ], [ 176.026720591100087, -37.503187201903849 ], [ 176.027185067278907, -37.503798311504745 ], [ 176.027620015273413, -37.50442540682166 ], [ 176.028045579450691, -37.505057578954037 ], [ 176.028467972503933, -37.505691463505599 ], [ 176.028919267787472, -37.506309691766063 ], [ 176.029383401803756, -37.50692096266112 ], [ 176.029871194761995, -37.507519416734752 ], [ 176.030333676419502, -37.508123081014908 ], [ 176.030874569025997, -37.508684509322649 ], [ 176.03137410123631, -37.509275777469199 ], [ 176.031894902553375, -37.509856941451986 ], [ 176.032378866088891, -37.510457080583727 ], [ 176.032876973943644, -37.511049927153195 ], [ 176.033367350724859, -37.51164675211362 ], [ 176.033861869334174, -37.512241438135916 ], [ 176.034354463097827, -37.512837110981174 ], [ 176.034816926503481, -37.513448303122189 ], [ 176.035301664476862, -37.514048013703821 ], [ 176.035797387991437, -37.514640559964946 ], [ 176.036255720544233, -37.515252135229495 ], [ 176.036760651222494, -37.515841506116566 ], [ 176.037243431695885, -37.51644217720272 ], [ 176.037726817902637, -37.517042535402943 ], [ 176.038191977384542, -37.517652154266941 ], [ 176.03861455146486, -37.518283416591075 ], [ 176.039098931937787, -37.518883254484408 ], [ 176.039573973214743, -37.519492673818277 ], [ 176.04007124273059, -37.52009150806547 ], [ 176.040532862347163, -37.520704590936212 ], [ 176.04100973193502, -37.521308694876815 ], [ 176.041510807812642, -37.52189981989941 ], [ 176.041995885981379, -37.522499514576538 ], [ 176.042499883115795, -37.523088547038952 ], [ 176.042987456085342, -37.523681275768183 ], [ 176.043466225705743, -37.524278948401495 ], [ 176.044000869125597, -37.524853192647178 ], [ 176.044517480691837, -37.525436596009698 ], [ 176.045014885642644, -37.526029755558667 ], [ 176.045563778893126, -37.526596742768014 ], [ 176.046110169632271, -37.527164996766651 ], [ 176.046606119535653, -37.527758880869101 ], [ 176.047143498778325, -37.528331704697329 ], [ 176.047667643188532, -37.528907072007634 ], [ 176.048137755614647, -37.529509848138368 ], [ 176.048678521948972, -37.530086903746614 ], [ 176.049192791209009, -37.530685560377059 ], [ 176.049698877967444, -37.531290652798944 ], [ 176.050204504707125, -37.531896103745119 ], [ 176.050709064968487, -37.532502390469801 ], [ 176.051226134530481, -37.533098829471008 ], [ 176.051688478421056, -37.533643017176558 ], [ 176.052147352725626, -37.534167823602701 ], [ 176.052654753883758, -37.534749436312588 ], [ 176.053131545629014, -37.535353584948652 ], [ 176.053638940647375, -37.535941198650349 ], [ 176.054133180573501, -37.53653591319334 ], [ 176.054645967420953, -37.537120604946196 ], [ 176.055130923415589, -37.537720324564816 ], [ 176.055642765690607, -37.538305516935559 ], [ 176.056146364761048, -37.53889515702825 ], [ 176.056635320113486, -37.539492702050126 ], [ 176.057088345398512, -37.540109649693939 ], [ 176.057643752783804, -37.540694701640597 ], [ 176.058172208108317, -37.541318397219563 ], [ 176.058759742838106, -37.541882649982611 ], [ 176.059275049614484, -37.54247051440796 ], [ 176.059831770665539, -37.54303011155254 ], [ 176.06037712670701, -37.543597460739626 ], [ 176.060941392578968, -37.544151900820076 ], [ 176.061509152596898, -37.54470395225448 ], [ 176.062036095391846, -37.545283855539267 ], [ 176.062603088352915, -37.545836422375764 ], [ 176.063120911115305, -37.546422541625439 ], [ 176.06368944041958, -37.546974051904392 ], [ 176.06421532293021, -37.547554662692072 ], [ 176.064714249198943, -37.548153665888989 ], [ 176.065231859680864, -37.548716954473953 ], [ 176.065765178973123, -37.54925214090985 ], [ 176.066255264788595, -37.549836008035676 ], [ 176.066806518390081, -37.550398130504647 ], [ 176.067342866735487, -37.550969333895772 ], [ 176.067893119851959, -37.5515320573178 ], [ 176.068446704675807, -37.552092745475655 ], [ 176.069005227798243, -37.552650419074197 ], [ 176.069586526327413, -37.553194205585925 ], [ 176.070163903891142, -37.553740377598437 ], [ 176.070739681227906, -37.554287520526266 ], [ 176.071281175548847, -37.55485555610661 ], [ 176.071841580604456, -37.555412060241146 ], [ 176.072384048974357, -37.555979493209428 ], [ 176.072926663208619, -37.556546832829689 ], [ 176.073504927597497, -37.55709243743425 ], [ 176.074077163114367, -37.557641712450383 ], [ 176.074640055507388, -37.558196678110846 ], [ 176.075201913724499, -37.558752269689776 ], [ 176.075775266946607, -37.559309487638593 ], [ 176.076316159359919, -37.559890383864463 ], [ 176.076854141745713, -37.560464763224786 ], [ 176.077405731350893, -37.561026863053605 ], [ 176.077954697005168, -37.561590661867896 ], [ 176.07849292259499, -37.562161427852601 ], [ 176.079018905005768, -37.562740136692661 ], [ 176.079564736073991, -37.563305957529558 ], [ 176.080088755983041, -37.563885931820401 ], [ 176.080640752297768, -37.564447742355931 ], [ 176.081170153371545, -37.565024215305868 ], [ 176.081740015650439, -37.565568041896285 ], [ 176.082315742707692, -37.566107866980104 ], [ 176.082867223896955, -37.566669309367761 ], [ 176.083425123203654, -37.567227152232221 ], [ 176.083953525565164, -37.567803583621917 ], [ 176.084493207122335, -37.568372901064926 ], [ 176.085040669209349, -37.56893730986954 ], [ 176.085567117017774, -37.569514960343056 ], [ 176.086096253041262, -37.570090912037223 ], [ 176.086629579004835, -37.570664218362509 ], [ 176.087189884455796, -37.571220514287077 ], [ 176.087763952617593, -37.57176813074652 ], [ 176.088314489347567, -37.572330575549699 ], [ 176.08887835503478, -37.572884614291716 ], [ 176.089441733812265, -37.573438955601496 ], [ 176.090011870934319, -37.573989032515783 ], [ 176.090574810337699, -37.57454364207635 ], [ 176.091100208663704, -37.575121910939778 ], [ 176.091654227197267, -37.575682135023932 ], [ 176.092155543916761, -37.576275574878679 ], [ 176.092671819143447, -37.576858589511886 ], [ 176.09320527570847, -37.577429352099735 ], [ 176.093763477378644, -37.577985592178827 ], [ 176.094342184145717, -37.578530385668678 ], [ 176.094911807694331, -37.579080835954443 ], [ 176.095506320211086, -37.579615769478295 ], [ 176.09610421720933, -37.580148589110976 ], [ 176.096650466659185, -37.580713594393771 ], [ 176.097255407534561, -37.58124201494352 ], [ 176.097865515921228, -37.581767210249602 ], [ 176.098462913170096, -37.58230032350987 ], [ 176.099077384430728, -37.582824608982044 ], [ 176.099662938493083, -37.583373791199691 ], [ 176.100256412219437, -37.583917318796786 ], [ 176.100845854092626, -37.584455386153728 ], [ 176.101441630264162, -37.584988643423557 ], [ 176.102030447140237, -37.585527177690942 ], [ 176.102607078449154, -37.586074954650179 ], [ 176.103202918041148, -37.586608152794149 ], [ 176.1038423509452, -37.587108268721877 ], [ 176.104438792410377, -37.587641002751049 ], [ 176.105034097330105, -37.58817459551225 ], [ 176.105642327353991, -37.588698376989171 ], [ 176.106264398087745, -37.589211652355161 ], [ 176.106877758055418, -37.589731533747269 ], [ 176.107474200545795, -37.590264248527767 ], [ 176.108070887086228, -37.590796774440292 ], [ 176.108695759763577, -37.591307908725533 ], [ 176.109305545454134, -37.591830487438898 ], [ 176.109932112215546, -37.592340328712361 ], [ 176.110565957046731, -37.592844643484675 ], [ 176.111207534403206, -37.593343086859186 ], [ 176.111809272034861, -37.593871757613968 ], [ 176.112394798396053, -37.594412726140654 ], [ 176.113040473516861, -37.59490986676721 ], [ 176.113681506125261, -37.595410297643518 ], [ 176.114298144270577, -37.59592841183408 ], [ 176.114966990236354, -37.596404517221529 ], [ 176.115587519819513, -37.596919292786161 ], [ 176.116190245493129, -37.59744831565397 ], [ 176.116816257463995, -37.597958695933571 ], [ 176.117440839200071, -37.598470217487957 ], [ 176.118056725907934, -37.598988728657105 ], [ 176.118685639909955, -37.599497758261784 ], [ 176.119316846069381, -37.600005303514948 ], [ 176.119929692898694, -37.600527118445513 ], [ 176.120542204156664, -37.601049208522639 ], [ 176.121189369847485, -37.601542538178499 ], [ 176.121807322017077, -37.60206010655066 ], [ 176.12245462804924, -37.602553312898614 ], [ 176.12308471474563, -37.603060804936504 ], [ 176.123703933155099, -37.60357731246058 ], [ 176.124358617710811, -37.604064385573245 ], [ 176.125005879933127, -37.604557614524623 ], [ 176.12565735235782, -37.605047346214818 ], [ 176.126289160651481, -37.605556176060915 ], [ 176.126945829153755, -37.606045848550679 ], [ 176.127621247794877, -37.60651629198528 ], [ 176.128281828430062, -37.606999075837535 ], [ 176.128909278298124, -37.607512617880516 ], [ 176.129557919417067, -37.60800648149786 ], [ 176.130235980999487, -37.608475855206237 ], [ 176.130891983276797, -37.608976438976967 ], [ 176.131581535176366, -37.609445697606574 ], [ 176.132307758290182, -37.609864235595914 ], [ 176.132959178754419, -37.610364265050478 ], [ 176.13355912604942, -37.61092037029092 ], [ 176.134078242291338, -37.611457696925022 ], [ 176.134569863148698, -37.611965999761765 ], [ 176.135106215741615, -37.612527697092951 ], [ 176.135690543786666, -37.613068080381439 ], [ 176.136298327803161, -37.613591958675329 ], [ 176.136916615590053, -37.614108443623543 ], [ 176.137525904369909, -37.614631255238784 ], [ 176.138087274571461, -37.615187773250859 ], [ 176.138625450934228, -37.61576060405811 ], [ 176.139223617561697, -37.6162970592991 ], [ 176.139860754159287, -37.616826817225686 ], [ 176.140486005699103, -37.617360204755784 ], [ 176.141110083205547, -37.617871920576896 ], [ 176.141760366979611, -37.618362813937573 ], [ 176.142332355298777, -37.618915903580145 ], [ 176.142962519538059, -37.619422773291454 ], [ 176.143593809184438, -37.619928745357385 ], [ 176.144244172175945, -37.62041956135738 ], [ 176.144896945227487, -37.620909861894376 ], [ 176.145524459273986, -37.621435844966058 ], [ 176.146145962577435, -37.621967536918064 ], [ 176.146761361893113, -37.622488254258343 ], [ 176.147393339882541, -37.622994723250564 ], [ 176.148003547804478, -37.623519894954413 ], [ 176.148604912386986, -37.624052662169248 ], [ 176.149215394756993, -37.624556313747611 ], [ 176.149813137824935, -37.624983790199288 ], [ 176.150396436578518, -37.625454277600468 ], [ 176.151011993029329, -37.625977732676439 ], [ 176.15164010523867, -37.626530064111172 ], [ 176.152292006439581, -37.627068679833407 ], [ 176.152875577006796, -37.627622410856688 ], [ 176.15343523002457, -37.628185376907005 ], [ 176.153994596380215, -37.62874856781292 ], [ 176.154520925581835, -37.629333641284816 ], [ 176.154951349775189, -37.629792673250883 ], [ 176.155370722655334, -37.63026551459037 ], [ 176.155813350239953, -37.630886200484674 ], [ 176.156236508985245, -37.631523749992269 ], [ 176.156702220987484, -37.63217982183248 ], [ 176.157117386338001, -37.632855750500376 ], [ 176.157462205353767, -37.633528836574754 ], [ 176.15785826806146, -37.634174743196027 ], [ 176.158353466689704, -37.634869916100833 ], [ 176.158905047924776, -37.635589669285494 ], [ 176.159502518360682, -37.636165322630205 ] ] } },
{ "type": "Feature", "properties": { "group_id": "nzd0208" }, "geometry": { "type": "LineString", "coordinates": [ [ 177.976829723768361, -37.588920370693273 ], [ 177.977537472386928, -37.58847811620759 ], [ 177.978246181912425, -37.588036665974052 ], [ 177.978863133042125, -37.587518113938337 ], [ 177.979521627860919, -37.587034465542473 ], [ 177.980181319174193, -37.586551819552184 ], [ 177.980796961482838, -37.586034178929914 ], [ 177.981394259145986, -37.585503509209055 ] ] } },
{ "type": "Feature", "properties": { "group_id": "nzd0210" }, "geometry": { "type": "LineString", "coordinates": [ [ 177.944220048565086, -37.61850376954942 ], [ 177.94514046314606, -37.618451260850051 ], [ 177.946012052013316, -37.618275983264226 ], [ 177.946832680255397, -37.617972575795775 ], [ 177.947640856930093, -37.617637865191455 ], [ 177.94844084142153, -37.617318383047341 ], [ 177.949207439891808, -37.617044443549496 ], [ 177.94997793809074, -37.616720323077253 ], [ 177.950778509696534, -37.616384415005925 ], [ 177.951586178811851, -37.616056358404634 ], [ 177.952421541120572, -37.615758944576775 ], [ 177.953317142967563, -37.615495326497566 ], [ 177.953987315296217, -37.614985637769095 ], [ 177.954651301650415, -37.614488890127006 ], [ 177.955229313684754, -37.613936122597558 ], [ 177.955870809834352, -37.613414178305426 ], [ 177.956541409429377, -37.612907045220624 ], [ 177.957078219289485, -37.612332278527148 ], [ 177.957564481339773, -37.611687859708468 ], [ 177.958007962370118, -37.611022676063797 ], [ 177.958306817897835, -37.610351629165869 ] ] } },
{ "type": "Feature", "properties": { "group_id": "nzd0214" }, "geometry": { "type": "LineString", "coordinates": [ [ 176.123335345556455, -37.661776271243781 ], [ 176.123872357951825, -37.661206525696102 ], [ 176.124264362278893, -37.660563474863359 ], [ 176.124436282326343, -37.659910858295255 ], [ 176.124911411373944, -37.659686528477913 ], [ 176.125770207622992, -37.659542710902116 ], [ 176.126650832180133, -37.659451587885165 ], [ 176.12753000598363, -37.659415707744088 ], [ 176.128407532720701, -37.659475610592288 ], [ 176.129259330769656, -37.659720863849316 ], [ 176.13012829742928, -37.659902585799294 ], [ 176.131015087792633, -37.660005357167385 ], [ 176.131836659538607, -37.660276668096401 ], [ 176.132673654504401, -37.660519410804923 ] ] } },
{ "type": "Feature", "properties": { "group_id": "nzd0215" }, "geometry": { "type": "LineString", "coordinates": [ [ 178.48443832582177, -37.64347235410245 ], [ 178.484593774921848, -37.644253464060483 ], [ 178.484975296380213, -37.644909454297611 ], [ 178.485333389306533, -37.645578405454607 ], [ 178.485693156121016, -37.646246425232718 ], [ 178.486234023421275, -37.64681421543218 ], [ 178.486836841217382, -37.647347715913426 ], [ 178.487446871325716, -37.6478969251244 ], [ 178.488038831598686, -37.648454218381225 ], [ 178.4886043176393, -37.649009894324692 ], [ 178.489249844862258, -37.649505658889261 ], [ 178.489840047349674, -37.650041330102454 ], [ 178.490479449116805, -37.650541505156845 ], [ 178.491103618013767, -37.651057177268768 ], [ 178.491743524962772, -37.651562335075553 ], [ 178.492461292433347, -37.651995713622455 ], [ 178.493211086360475, -37.652388917296847 ], [ 178.493959508815607, -37.652783553594126 ], [ 178.494668085859615, -37.653219908275226 ], [ 178.495335730965962, -37.653696808385611 ], [ 178.49585144733399, -37.654351537440725 ], [ 178.496607859083241, -37.654736825126101 ], [ 178.49729108868766, -37.655204777612568 ], [ 178.498018840137092, -37.655621171756664 ], [ 178.498708633223174, -37.656071582503053 ], [ 178.499331890186625, -37.656552217887821 ], [ 178.500049081743612, -37.656962270370222 ], [ 178.500636038065892, -37.657504535944859 ], [ 178.501214306176507, -37.658072497719523 ], [ 178.501825299339856, -37.658628319183137 ], [ 178.50240484180614, -37.659195770699064 ], [ 178.502993832013146, -37.659753610908737 ], [ 178.50366638191889, -37.660226461761681 ], [ 178.504374093674073, -37.660663547171396 ], [ 178.50505631657515, -37.661126554106502 ], [ 178.505826017771966, -37.661500584033952 ], [ 178.506557284957665, -37.661913701668759 ], [ 178.50725343144947, -37.662362537717065 ], [ 178.507999077909886, -37.662761023464107 ], [ 178.508586533828606, -37.663320405112991 ], [ 178.509346565125213, -37.663704253665074 ], [ 178.510038287415881, -37.664157577966435 ], [ 178.510803390471096, -37.66453626087759 ], [ 178.51150323727083, -37.664983670935399 ], [ 178.512255162019301, -37.6653788446988 ], [ 178.513039170215052, -37.665736673468295 ], [ 178.513726775013083, -37.66619548409605 ], [ 178.514330807714515, -37.666743366966699 ], [ 178.515063331132666, -37.667154296464496 ], [ 178.515731913069686, -37.667633375192011 ], [ 178.516317440522812, -37.668208224246015 ], [ 178.516975428671543, -37.668712482773884 ], [ 178.517738935592519, -37.669090744948804 ], [ 178.518407106627592, -37.669574560991016 ], [ 178.519187905904943, -37.669930326461284 ], [ 178.51994779351881, -37.670320946372158 ], [ 178.520755413408835, -37.670653260034207 ], [ 178.521513241395297, -37.67103588157233 ], [ 178.522244909846961, -37.671449759881448 ], [ 178.523041039662985, -37.671782061389329 ], [ 178.523875573210688, -37.672065724360252 ], [ 178.52465847928292, -37.672380989750451 ], [ 178.525505019229485, -37.672569691628304 ], [ 178.526371357994378, -37.672765686716595 ], [ 178.527223307663377, -37.673020464615526 ], [ 178.528079506715187, -37.673257888071426 ], [ 178.528929018440209, -37.673553700608025 ], [ 178.529843623424256, -37.673596794259424 ], [ 178.530751297216824, -37.67360992137656 ], [ 178.531647905318067, -37.67368722518448 ], [ 178.532555604907969, -37.673720937377624 ], [ 178.533458781675705, -37.673643030556903 ], [ 178.534344126612581, -37.673523773950819 ] ] } },
{ "type": "Feature", "properties": { "group_id": "nzd0216" }, "geometry": { "type": "LineString", "coordinates": [ [ 174.812364649849059, -37.685314716023065 ], [ 174.811760406872708, -37.684740611948634 ], [ 174.811498090473435, -37.684057979452611 ], [ 174.811798638984243, -37.683196693240816 ], [ 174.811413237934261, -37.682553114251128 ], [ 174.810674545195241, -37.682021660910912 ], [ 174.810591469389294, -37.681283639761226 ], [ 174.810600453233064, -37.680520367048089 ], [ 174.810290973320463, -37.679855670434286 ], [ 174.809782305842731, -37.679249792403446 ], [ 174.809571947224896, -37.678551563354624 ], [ 174.808992449297421, -37.677967599801335 ], [ 174.808466227735323, -37.677367137659893 ], [ 174.808366588958989, -37.676648877154889 ], [ 174.808036284771418, -37.676013392350733 ], [ 174.80761771499408, -37.675384315226736 ], [ 174.807341180777001, -37.674707893349385 ], [ 174.807056646217148, -37.674033479534074 ], [ 174.806695317494132, -37.67336718132475 ], [ 174.80627025980408, -37.672701719247122 ], [ 174.80597765389868, -37.671999846048529 ] ] } },
{ "type": "Feature", "properties": { "group_id": "nzd0217" }, "geometry": { "type": "LineString", "coordinates": [ [ 176.177251595935303, -37.629894002631325 ], [ 176.177940294780797, -37.630356985891403 ], [ 176.178630933824792, -37.63081769951215 ], [ 176.179362721445784, -37.631230313225622 ], [ 176.180137603378228, -37.631592551806911 ], [ 176.180976175829528, -37.631883235233794 ], [ 176.18182964209484, -37.632104920073196 ], [ 176.182711462517375, -37.63224904227441 ], [ 176.184303070661684, -37.63038993696928 ], [ 176.184850217110721, -37.631478089745805 ], [ 176.186044592483313, -37.630739819257535 ], [ 176.185777570443008, -37.633756953401068 ], [ 176.186316273762884, -37.634048043131131 ], [ 176.186878439439056, -37.634512079810307 ], [ 176.187643408217838, -37.63490991271825 ], [ 176.188306795541791, -37.635389916495782 ], [ 176.188964229136587, -37.635874732941119 ], [ 176.189371654965839, -37.636527844857405 ], [ 176.189781807871839, -37.637110612259875 ], [ 176.190243831903899, -37.637682986584437 ], [ 176.190724755360748, -37.638286179873042 ], [ 176.19126553555077, -37.63885396217691 ], [ 176.191794582897359, -37.639428680161437 ], [ 176.19246091566589, -37.639922186185458 ], [ 176.19311718871009, -37.640421637825014 ], [ 176.19364669370654, -37.640996071389303 ], [ 176.194273809348317, -37.641512760975147 ], [ 176.194844270228032, -37.642062958806825 ], [ 176.19543845104107, -37.642599120952781 ], [ 176.196110521016266, -37.643108393250778 ], [ 176.196774040073421, -37.643610164851829 ], [ 176.197387610058939, -37.644131103619102 ], [ 176.198042293647688, -37.644617947112714 ], [ 176.198637364118071, -37.645153789684429 ], [ 176.199265232374444, -37.645662668777064 ], [ 176.199871512756459, -37.646189289979397 ], [ 176.200456980048898, -37.64673301650344 ], [ 176.20113922102118, -37.647197190147331 ], [ 176.201723114229566, -37.647742203915413 ], [ 176.202300416981615, -37.648292631876394 ], [ 176.202910997582848, -37.648815701471136 ], [ 176.203524029362342, -37.649336752781835 ], [ 176.204120373133662, -37.649871518674281 ], [ 176.204713941035322, -37.650408563082863 ], [ 176.205365757290139, -37.650898423630856 ], [ 176.205982466666569, -37.651430469099331 ], [ 176.20663531681862, -37.651932999320579 ], [ 176.207279737416854, -37.652429224259556 ], [ 176.207941214664231, -37.652910269649134 ], [ 176.208600874686823, -37.653392928751842 ], [ 176.209240834964049, -37.653893112968383 ], [ 176.209904143994009, -37.654372518954219 ], [ 176.210636334126633, -37.654790632705058 ], [ 176.211314815764865, -37.655256531707714 ], [ 176.212015343209941, -37.655702811297438 ], [ 176.212714536101828, -37.656150274881647 ], [ 176.213442391129377, -37.656572231504775 ], [ 176.214117670304205, -37.657040966491223 ], [ 176.214795626381601, -37.657507316268038 ], [ 176.215400379530536, -37.65803879922511 ], [ 176.216072774682203, -37.658510090808136 ], [ 176.216769063685092, -37.658972189398064 ], [ 176.217484777862637, -37.659416459400859 ], [ 176.218181477996211, -37.659869206430656 ], [ 176.218902873799522, -37.660292768242307 ], [ 176.219590174534119, -37.660753832965398 ], [ 176.220283824003303, -37.661201436976341 ], [ 176.221003190122872, -37.661610657605912 ], [ 176.221693807567846, -37.662056327645836 ], [ 176.222383237709977, -37.662511922948724 ], [ 176.22304699720047, -37.662991570752169 ], [ 176.223722105164512, -37.663460581075768 ], [ 176.224431501477085, -37.663897456972535 ], [ 176.225060897222448, -37.664409297941027 ], [ 176.225749822142205, -37.664865351372583 ], [ 176.226415052220233, -37.665343606221803 ], [ 176.227108262825453, -37.66579563735047 ], [ 176.227775680451686, -37.666276079112713 ], [ 176.228454342610775, -37.666748710552767 ], [ 176.229151616396962, -37.667198738547533 ], [ 176.22981584816992, -37.667680985127312 ], [ 176.230474560031553, -37.668168891497544 ], [ 176.231189985811625, -37.668598619234892 ], [ 176.231890025094543, -37.669044127415049 ], [ 176.232611034537882, -37.669476657766133 ], [ 176.233334305444373, -37.669908676469845 ], [ 176.234024393908356, -37.670370017156571 ], [ 176.234764530557754, -37.670772624656607 ], [ 176.235472226090906, -37.671212329746808 ], [ 176.236193170248328, -37.671636881310917 ], [ 176.236915196120634, -37.672060193504528 ], [ 176.237639258660209, -37.67248117419166 ], [ 176.238368770587613, -37.67288921545066 ], [ 176.239071078078183, -37.673326228109325 ], [ 176.239792053227831, -37.673749484035895 ], [ 176.240491605664971, -37.674196439226257 ], [ 176.241238320756423, -37.67459247530234 ], [ 176.241954283722635, -37.675021708554915 ], [ 176.242674739093502, -37.675446089173121 ], [ 176.243384440346802, -37.675882629542336 ], [ 176.244138267622475, -37.676273496136211 ], [ 176.244877791135082, -37.67667908050835 ], [ 176.245630279447823, -37.677068017134445 ], [ 176.246355150779493, -37.677487738270841 ], [ 176.24712005082759, -37.677862832662562 ], [ 176.247882514587928, -37.678241093347573 ], [ 176.248643461577586, -37.678621672916385 ], [ 176.24942027657471, -37.678980638069483 ], [ 176.250185324132246, -37.679356998999445 ], [ 176.250991864071807, -37.679669993841912 ], [ 176.251746192063081, -37.680062722840269 ], [ 176.252523041942709, -37.68042105622721 ], [ 176.253288229421059, -37.68079719904388 ], [ 176.254025691766117, -37.681209426237324 ], [ 176.254775081122261, -37.681587127425814 ], [ 176.255518554006386, -37.681976239887319 ], [ 176.256291861222053, -37.682337667088063 ], [ 176.257050837176706, -37.682717921331587 ], [ 176.257815312503141, -37.683090948128381 ], [ 176.258586296998374, -37.683455420559142 ], [ 176.259384189759913, -37.683786004740895 ], [ 176.260143089247862, -37.68417388741107 ], [ 176.260914579665354, -37.684544773248533 ], [ 176.261684039058338, -37.684912335279044 ], [ 176.262437803875002, -37.685302457224175 ], [ 176.263196447361906, -37.685685564664269 ], [ 176.263973507772477, -37.686042195442603 ], [ 176.264755580075331, -37.686391619539712 ], [ 176.265548599640056, -37.686725304187377 ], [ 176.266345342986455, -37.687053633394221 ], [ 176.267133983114405, -37.687393609608712 ], [ 176.267907547227566, -37.687755257382484 ], [ 176.268702596395968, -37.688086015870404 ], [ 176.269496622122858, -37.688418243502262 ], [ 176.270305744861332, -37.688731304207039 ], [ 176.27110332682264, -37.68906423444723 ], [ 176.271895171035169, -37.689409525036602 ], [ 176.272688940033163, -37.689745956989817 ], [ 176.273462449573145, -37.690118411678391 ], [ 176.274242941146014, -37.69047845172652 ], [ 176.275091040375088, -37.69071827623214 ], [ 176.275935764812942, -37.690964098790047 ], [ 176.276745721072388, -37.691271742821733 ], [ 176.277558935573495, -37.691573591864582 ], [ 176.27833022389359, -37.691949993624398 ], [ 176.27909877356754, -37.692310544735257 ], [ 176.279823872179179, -37.692708962544735 ], [ 176.280552837345169, -37.693113751120194 ], [ 176.281311375486723, -37.693495514761295 ], [ 176.282084252438324, -37.693857524290102 ], [ 176.282865528447559, -37.694207961623263 ], [ 176.283644173682461, -37.69456202091434 ], [ 176.284439710137832, -37.694892808965676 ], [ 176.285245803243157, -37.695209051666751 ], [ 176.286018849331896, -37.695570817680597 ], [ 176.286790366908434, -37.695934687463279 ], [ 176.287574703326158, -37.69628089562508 ], [ 176.288349636772438, -37.696640055569013 ], [ 176.289124208037208, -37.697006901721792 ], [ 176.28995813443882, -37.69729797233434 ], [ 176.290768318544963, -37.697619327358709 ], [ 176.291591123694843, -37.697904096112524 ], [ 176.292398194472071, -37.698216824908975 ], [ 176.293213154041212, -37.698515533203619 ], [ 176.29402413813753, -37.698821305137713 ], [ 176.294845958812829, -37.699107817343126 ], [ 176.295676905411398, -37.69937810929342 ], [ 176.296510270244625, -37.699644101423154 ], [ 176.297336047824388, -37.699925363757245 ], [ 176.29817943331031, -37.700170535765565 ], [ 176.299011442996203, -37.700440085731749 ], [ 176.299849448010775, -37.700696307526151 ], [ 176.30066974223638, -37.700992007187409 ], [ 176.301506063440684, -37.701251981410053 ], [ 176.302324408339501, -37.701552026670853 ], [ 176.303148446046748, -37.701839382207758 ], [ 176.303975854191918, -37.702119224500684 ], [ 176.304807528531057, -37.70238955635768 ], [ 176.305642889618525, -37.702651669087992 ], [ 176.306482375955994, -37.702904584755565 ], [ 176.307307880029299, -37.703188670790936 ], [ 176.308118439581534, -37.703506073812768 ], [ 176.308956326425459, -37.703762554222983 ], [ 176.309802551019743, -37.704000445310953 ] ] } },
{ "type": "Feature", "properties": { "group_id": "nzd0218" }, "geometry": { "type": "LineString", "coordinates": [ [ 178.530446116596238, -37.711538963506271 ], [ 178.529971337566849, -37.712162732129364 ], [ 178.52940741110146, -37.712775397165828 ], [ 178.528902972494137, -37.71340878738809 ], [ 178.528549324441116, -37.714063470561356 ], [ 178.528046992934549, -37.714657609514695 ], [ 178.527516812596474, -37.71524040424859 ], [ 178.52714223485188, -37.715899523402946 ], [ 178.526754426142787, -37.716558878604992 ], [ 178.526283705376102, -37.717177136893113 ], [ 178.525928580217339, -37.717829334339051 ], [ 178.52550809656563, -37.718458707227278 ], [ 178.525185857429449, -37.719113772628489 ], [ 178.524833080526776, -37.719756088934759 ], [ 178.524513752538127, -37.720420364264776 ], [ 178.524038501011518, -37.721027151260813 ], [ 178.523679766019484, -37.721718836235581 ], [ 178.523525713417826, -37.722460105800785 ], [ 178.523226967542598, -37.723134069027175 ] ] } },
{ "type": "Feature", "properties": { "group_id": "nzd0219" }, "geometry": { "type": "LineString", "coordinates": [ [ 177.697834879831674, -37.726947022935612 ], [ 177.698714178903515, -37.726754790194569 ], [ 177.699525231676915, -37.726450143397699 ], [ 177.700290962488452, -37.726092905835209 ], [ 177.70102506454441, -37.72570160163248 ], [ 177.701772341860277, -37.725307167173078 ], [ 177.702490531539496, -37.724880902849662 ] ] } },
{ "type": "Feature", "properties": { "group_id": "nzd0220" }, "geometry": { "type": "LineString", "coordinates": [ [ 176.470157109401583, -37.74440119342816 ], [ 176.470518857902448, -37.745051314073244 ], [ 176.470960894201426, -37.745672144048697 ], [ 176.471396959374829, -37.746289179520524 ], [ 176.47191106543201, -37.746869291991715 ], [ 176.472348333669203, -37.747493797782653 ], [ 176.472896110584458, -37.748056995648938 ], [ 176.473454764187494, -37.748613454292204 ], [ 176.473903012874587, -37.749232962013423 ], [ 176.474412253927653, -37.749818847694563 ], [ 176.474917819534539, -37.75040708256207 ], [ 176.475480694992939, -37.750960703869048 ], [ 176.476011185051533, -37.751533642955167 ], [ 176.476524786223905, -37.752114859671053 ], [ 176.476989422176189, -37.752728226422981 ], [ 176.477507403979274, -37.753301481174475 ] ] } },
{ "type": "Feature", "properties": { "group_id": "nzd0221" }, "geometry": { "type": "LineString", "coordinates": [ [ 174.830274086495251, -37.756952406451674 ], [ 174.830196451032037, -37.756239811575902 ], [ 174.830044531306271, -37.755539426509593 ], [ 174.829852618811344, -37.754833939731725 ], [ 174.829649709507606, -37.754122588920069 ], [ 174.829392476808749, -37.753434018734147 ], [ 174.829244372449494, -37.752727701662998 ], [ 174.828882403358136, -37.752069701120632 ], [ 174.828717969538673, -37.751366467481667 ], [ 174.82851130822624, -37.750672866541379 ], [ 174.828198868603153, -37.749998078099857 ], [ 174.827846162163411, -37.749335750075552 ], [ 174.827523563187526, -37.748671938090453 ], [ 174.82728000132326, -37.747986493589373 ], [ 174.827038857107823, -37.747298200318227 ], [ 174.826766189542354, -37.746619231982258 ], [ 174.826522000845529, -37.745934584503189 ], [ 174.826222740184193, -37.745295595888031 ], [ 174.826006133915655, -37.744643329868403 ], [ 174.82583650054849, -37.743950683540497 ], [ 174.825765649403735, -37.743233958630775 ], [ 174.825469581391985, -37.742552680430833 ] ] } },
{ "type": "Feature", "properties": { "group_id": "nzd0222" }, "geometry": { "type": "LineString", "coordinates": [ [ 176.444287380044784, -37.753997514075024 ], [ 176.445181184333279, -37.754067708244001 ], [ 176.446069684550736, -37.754192858045478 ], [ 176.446963876414856, -37.754278788671307 ], [ 176.44786042007641, -37.754328030659217 ], [ 176.448756738274056, -37.754376201793235 ], [ 176.449655182588771, -37.754396738439219 ], [ 176.45055399281199, -37.754429099673011 ], [ 176.451452386896108, -37.754443005645101 ], [ 176.45235180006344, -37.754482406866885 ], [ 176.453249980267003, -37.754453455671218 ] ] } },
{ "type": "Feature", "properties": { "group_id": "nzd0223" }, "geometry": { "type": "LineString", "coordinates": [ [ 174.833871334585098, -37.775664863916404 ], [ 174.83375791270268, -37.774959471125896 ], [ 174.833613735084583, -37.774258389174754 ], [ 174.833551872466728, -37.773545973813668 ], [ 174.833436792444161, -37.772841741538201 ], [ 174.833549115266806, -37.772116950218127 ], [ 174.833325932338454, -37.771421846903827 ], [ 174.833179792224399, -37.770720518611597 ], [ 174.833085987199297, -37.770013993551402 ], [ 174.832892520404812, -37.7693197056117 ], [ 174.832761577149029, -37.76861707271717 ], [ 174.832629049438083, -37.767915687400645 ], [ 174.832588315026499, -37.767202136043267 ], [ 174.83252313595068, -37.766490508524356 ], [ 174.832348195402631, -37.765793242766009 ], [ 174.832523010850224, -37.765044417294668 ] ] } },
{ "type": "Feature", "properties": { "group_id": "nzd0224" }, "geometry": { "type": "LineString", "coordinates": [ [ 178.459874043413237, -37.803459674363516 ], [ 178.459401784155801, -37.804063015712686 ], [ 178.458907030902395, -37.804655805956791 ], [ 178.458441505129144, -37.805262294612561 ], [ 178.458040876229404, -37.805899204997743 ], [ 178.457483077209702, -37.806462422076372 ], [ 178.456919301134775, -37.807024089050749 ], [ 178.45638750263447, -37.807603247788997 ], [ 178.455971936475777, -37.80823262574237 ], [ 178.455526093403705, -37.808848287149338 ], [ 178.455006676152635, -37.809431747890507 ], [ 178.454578667065704, -37.810055203340042 ], [ 178.454095370593024, -37.810654460376092 ], [ 178.453651410984605, -37.81127181092139 ], [ 178.453109082469808, -37.811854419131052 ], [ 178.452604300756633, -37.812459561459136 ], [ 178.452191456477323, -37.813090549242418 ], [ 178.451798017610599, -37.8137284018743 ], [ 178.451346103795174, -37.814345546552474 ], [ 178.450932401763794, -37.814976214305091 ], [ 178.450475986114782, -37.815591754325965 ], [ 178.450064345014852, -37.816223140852479 ], [ 178.449673070452548, -37.816861732432045 ], [ 178.449317593113733, -37.817525271447927 ], [ 178.448937469001578, -37.818213926585841 ], [ 178.448634655646515, -37.818926221128301 ], [ 178.448320934030306, -37.819602884717405 ], [ 178.448030238875845, -37.82028270478304 ], [ 178.447809102421303, -37.820972073045674 ], [ 178.447428142023512, -37.821639481260114 ], [ 178.447222408529939, -37.822364116610551 ], [ 178.447330805058073, -37.823196027226935 ], [ 178.447369505323508, -37.823996748647652 ], [ 178.447244129524961, -37.824734483740976 ], [ 178.4472932574011, -37.825447726136204 ], [ 178.447514680587375, -37.82613678606873 ], [ 178.447832586172495, -37.826812301048854 ], [ 178.448124279353664, -37.827491487124547 ] ] } },
{ "type": "Feature", "properties": { "group_id": "nzd0225" }, "geometry": { "type": "LineString", "coordinates": [ [ 174.836399044028326, -37.792747995786442 ], [ 174.836273342030381, -37.792021441058068 ], [ 174.83614277172785, -37.79128948962574 ], [ 174.836054569115817, -37.790565350822789 ], [ 174.836171120544577, -37.789844128734536 ], [ 174.836158884897344, -37.789131683410083 ], [ 174.836164110066306, -37.788419563949063 ], [ 174.836131733244997, -37.787710690606602 ], [ 174.83620145653083, -37.786992456559098 ], [ 174.836094682117277, -37.786285926560097 ], [ 174.835805379755641, -37.785601528880569 ], [ 174.835672024556544, -37.784899017216361 ], [ 174.835633514486574, -37.784186537543263 ], [ 174.835658222940708, -37.783467882046466 ], [ 174.835497949126818, -37.782767598718841 ], [ 174.835298505580653, -37.782074227862921 ], [ 174.835200110923466, -37.781365733264728 ] ] } },
{ "type": "Feature", "properties": { "group_id": "nzd0226" }, "geometry": { "type": "LineString", "coordinates": [ [ 176.481335439776643, -37.757566982861668 ], [ 176.482030406334957, -37.758017362108184 ], [ 176.482708156977395, -37.75848316424085 ], [ 176.483325175588163, -37.759005063523503 ], [ 176.483935348019799, -37.759529991876065 ], [ 176.484600614633166, -37.76000804449712 ], [ 176.485215114010373, -37.760527277893239 ], [ 176.485804590398516, -37.761065988514162 ], [ 176.486401902111737, -37.761596587532544 ], [ 176.487071186756481, -37.762068282335456 ], [ 176.487721105786221, -37.762557253551904 ], [ 176.488332152378433, -37.763081127502645 ], [ 176.488941614105329, -37.763604526683601 ], [ 176.489580576225933, -37.764102353091864 ], [ 176.490237246154152, -37.764581638366053 ], [ 176.490939303930531, -37.7650211577498 ], [ 176.491604320257011, -37.765503055232443 ], [ 176.492224654475933, -37.766022161406873 ], [ 176.492846651216468, -37.766534180197013 ], [ 176.493513490242862, -37.767008289492537 ], [ 176.494192880922213, -37.767472549764207 ], [ 176.494835081752882, -37.767971423944623 ], [ 176.495519391733723, -37.768431098044296 ], [ 176.496200633565081, -37.768893582002072 ], [ 176.496897980783586, -37.769341047571821 ], [ 176.497568564212287, -37.769810077574142 ], [ 176.498251269593737, -37.770268788494057 ], [ 176.498912673093713, -37.770753688992144 ], [ 176.499633258641268, -37.771177364782858 ], [ 176.500301727265224, -37.771655295006497 ], [ 176.50094240509037, -37.772158991485696 ], [ 176.50162113042623, -37.772623798869915 ], [ 176.502321748623729, -37.773067839788766 ], [ 176.503020717192555, -37.773513868930486 ], [ 176.503705370620054, -37.773974854107536 ], [ 176.504433866529524, -37.774390524247003 ], [ 176.505116313923764, -37.774853501235604 ], [ 176.505790289240252, -37.775325195790877 ], [ 176.5064859184005, -37.775774599931253 ], [ 176.507175064789124, -37.776227077175442 ], [ 176.507872231718835, -37.776670767042319 ], [ 176.50853276362426, -37.777150051523975 ], [ 176.509278692139304, -37.777541922735828 ], [ 176.510012520821789, -37.777948120522893 ], [ 176.510688191990539, -37.778420554743136 ], [ 176.51139073246901, -37.778863789706939 ], [ 176.512102792708134, -37.779296677702703 ], [ 176.512781822176976, -37.779765484442883 ], [ 176.513481897585677, -37.780211335324864 ], [ 176.514200676375481, -37.78063684189938 ], [ 176.514905722822959, -37.781076863367687 ], [ 176.515634376832679, -37.781491364436647 ], [ 176.516358126605297, -37.781911499495699 ], [ 176.517081760875016, -37.782330965732584 ], [ 176.517819582989858, -37.782731741747831 ], [ 176.518567986908891, -37.783122037360314 ], [ 176.519291388351093, -37.783546509761422 ], [ 176.520036213950021, -37.783943818284591 ], [ 176.520772646384188, -37.784351740123036 ], [ 176.521473554306482, -37.784796847830243 ], [ 176.522148212544664, -37.785266444415434 ], [ 176.522873747969243, -37.785685667873125 ], [ 176.523616143420469, -37.786086371731933 ], [ 176.524335294993051, -37.786511864423218 ], [ 176.525065627918679, -37.786924819723552 ], [ 176.525779963078463, -37.787355548298031 ], [ 176.526518942686607, -37.787758890677722 ], [ 176.527232008516251, -37.788191024709619 ], [ 176.527958806631148, -37.788607919606633 ], [ 176.528703925180878, -37.789004996616541 ], [ 176.529429340562444, -37.789423821076497 ], [ 176.530149931873268, -37.789845819740094 ], [ 176.530871401956432, -37.790265903570379 ], [ 176.531630846275789, -37.790643998966601 ], [ 176.532329283448945, -37.791094722274892 ], [ 176.533039329356171, -37.791531856658935 ], [ 176.533753274222306, -37.79196523749021 ], [ 176.534459525549465, -37.792405452405127 ], [ 176.53516656152172, -37.792843656222921 ], [ 176.535886106060929, -37.793268251954629 ], [ 176.536578923714785, -37.793721423668927 ], [ 176.53726905059483, -37.794178701994873 ], [ 176.538041159744921, -37.794543510205557 ], [ 176.538770958273631, -37.794958627731376 ], [ 176.539438497980996, -37.795439792593953 ], [ 176.540155026458507, -37.795867029350241 ], [ 176.54089553965045, -37.796269456231798 ], [ 176.541612463764551, -37.796696776621815 ], [ 176.542310104216796, -37.797144365653601 ], [ 176.543034934714626, -37.797562450451018 ], [ 176.54378232866145, -37.797953458252813 ], [ 176.544512122598604, -37.79836364444153 ], [ 176.545240063707638, -37.798779190472096 ], [ 176.545976815137749, -37.799185282240011 ], [ 176.546718642681981, -37.799585300057458 ], [ 176.547471740762006, -37.799971834404879 ], [ 176.548217724584106, -37.800365826819558 ], [ 176.548933418623733, -37.800796817517444 ], [ 176.549704392195565, -37.801161979459039 ], [ 176.550446183698654, -37.80156259677058 ], [ 176.551186193358461, -37.801964919791921 ], [ 176.551902267593562, -37.802396176701336 ], [ 176.552624438710353, -37.802821598245394 ], [ 176.553334714650106, -37.80326020450628 ], [ 176.554026580252753, -37.803717653402217 ], [ 176.554736465581612, -37.804153352145846 ], [ 176.555455392192613, -37.804578741292502 ], [ 176.556184396732249, -37.80499304759023 ], [ 176.556934948444962, -37.805383761297968 ], [ 176.557633466947237, -37.805830307284523 ], [ 176.558357604006034, -37.806246006789983 ], [ 176.559124263187698, -37.806614601423732 ], [ 176.559834262074105, -37.807055170487764 ], [ 176.56056774224561, -37.807465359966059 ], [ 176.56131802895024, -37.807855275736607 ], [ 176.562036897139279, -37.808282107358643 ], [ 176.562780809583813, -37.808679210002062 ], [ 176.563531131682197, -37.809064718295453 ], [ 176.564274358317959, -37.809460679838089 ], [ 176.56503716859666, -37.809835330301937 ], [ 176.565767729722353, -37.810251338344592 ], [ 176.566491694971376, -37.810675857169578 ], [ 176.567252945471495, -37.811052323827582 ], [ 176.568032916728072, -37.811406245024791 ], [ 176.568746016084503, -37.811843892319395 ], [ 176.56948363899491, -37.812249269280763 ], [ 176.570203897908272, -37.812674103171389 ], [ 176.570919146551148, -37.813104750239326 ], [ 176.571639534899532, -37.81352942950695 ], [ 176.572395754707543, -37.813911723566186 ], [ 176.573159353294187, -37.814283606049422 ], [ 176.573901832199766, -37.814682679327326 ], [ 176.574664584083166, -37.815057121752268 ], [ 176.575432909737543, -37.815424589372931 ], [ 176.576167438630165, -37.81583392018721 ], [ 176.576911941497542, -37.816230834476166 ], [ 176.577662414300534, -37.816620665723853 ], [ 176.57840209267178, -37.817024278127803 ], [ 176.579149389237244, -37.817418242919459 ], [ 176.622643520314767, -37.838671003155355 ], [ 176.623069241522217, -37.838841750926072 ] ] } },
{ "type": "Feature", "properties": { "group_id": "nzd0227" }, "geometry": { "type": "LineString", "coordinates": [ [ 177.633332247144267, -37.812554008934804 ], [ 177.634248926755305, -37.812489190366875 ], [ 177.635138463922772, -37.812357603090639 ], [ 177.636005450427092, -37.812170545381953 ] ] } },
{ "type": "Feature", "properties": { "group_id": "nzd0228" }, "geometry": { "type": "LineString", "coordinates": [ [ 174.824746808497963, -37.82168943852232 ], [ 174.825486215865226, -37.821276290768459 ], [ 174.826146562220373, -37.820788820978876 ], [ 174.826794433489653, -37.820276853802831 ], [ 174.827403944830252, -37.819740029043025 ] ] } },
{ "type": "Feature", "properties": { "group_id": "nzd0229" }, "geometry": { "type": "LineString", "coordinates": [ [ 176.623876196810329, -37.839153103184351 ], [ 176.624700517575945, -37.839435189427398 ], [ 176.625510265947469, -37.839741831340206 ], [ 176.626310479378702, -37.840068556687243 ], [ 176.627103283816695, -37.840412562244822 ], [ 176.627883721398177, -37.840770344788865 ], [ 176.628651757956476, -37.841140631164002 ], [ 176.629453438740143, -37.841460352493449 ], [ 176.630238638929569, -37.841804840586853 ], [ 176.631025723880299, -37.842145799867801 ], [ 176.631829317884637, -37.842457414612397 ], [ 176.632593955778617, -37.842831011904678 ], [ 176.633371092388785, -37.843189371810041 ], [ 176.634180929946297, -37.843495988238608 ], [ 176.634988231608702, -37.843806615173904 ], [ 176.635791804776318, -37.844119609591672 ], [ 176.636588642213582, -37.844440647246749 ], [ 176.63735462014975, -37.844817905836365 ], [ 176.63814344882735, -37.845159700805745 ], [ 176.638956579762123, -37.845460615733764 ], [ 176.6397579919782, -37.845781241344554 ], [ 176.640587309927525, -37.846054923940592 ], [ 176.641378605207706, -37.846386828649109 ], [ 176.642168074414627, -37.846723170615618 ], [ 176.642984363510323, -37.847017769924371 ], [ 176.719295375128894, -37.873772535738539 ], [ 176.720098078815766, -37.874109509184493 ], [ 176.720915517094141, -37.87440765604282 ], [ 176.72170943317019, -37.874745439612681 ], [ 176.722544209590637, -37.875006672055363 ], [ 176.723401268653504, -37.875223763635198 ], [ 176.724248661989634, -37.875459999282484 ], [ 176.72507848236944, -37.875731043589951 ], [ 176.72590840878371, -37.876001876528456 ], [ 176.726726128850544, -37.876296888836499 ], [ 176.727570522441113, -37.876539059682536 ], [ 176.728387961256686, -37.876834627125056 ], [ 176.72919927167743, -37.877142334713191 ], [ 176.730049337744049, -37.877373263121527 ], [ 176.730890197063331, -37.87762242883904 ], [ 176.731725661539713, -37.877873162156327 ], [ 176.73255833895962, -37.878129244098453 ], [ 176.733379377339759, -37.878427251428377 ], [ 176.73421088790235, -37.878701601271977 ], [ 176.735050713968093, -37.878955530303905 ], [ 176.735892565297803, -37.879204485463873 ], [ 176.736709546004107, -37.879514520340194 ], [ 176.737555520894972, -37.879753348776809 ], [ 176.738386065424066, -37.880030073445347 ], [ 176.739241051410033, -37.880246769745057 ], [ 176.740104067799138, -37.880443741305932 ], [ 176.74094498988859, -37.880690365631636 ], [ 176.741794979815637, -37.880914146339443 ], [ 176.742627819241051, -37.881180775763596 ], [ 176.743470137630737, -37.881426669835243 ], [ 176.744327112883752, -37.881643765423554 ], [ 176.745196929488799, -37.881825932166151 ], [ 176.746058636137917, -37.882025573031129 ], [ 176.746922212152725, -37.882219891823823 ], [ 176.747790588311602, -37.882401031060873 ], [ 176.74863286432128, -37.882653824016302 ], [ 176.749468149984182, -37.882925809617106 ] ] } },
{ "type": "Feature", "properties": { "group_id": "nzd0230" }, "geometry": { "type": "LineString", "coordinates": [ [ 177.555418533085003, -37.882911292060619 ], [ 177.55621238813589, -37.882572426653127 ], [ 177.556988595507534, -37.882213072968227 ], [ 177.557736502618354, -37.881820865722055 ], [ 177.558485664264879, -37.881430112912668 ], [ 177.559260981269887, -37.88106971944692 ], [ 177.560031575115715, -37.880705394949167 ], [ 177.560825217240449, -37.880374188340241 ], [ 177.561594420414195, -37.880009028580972 ], [ 177.562379569971966, -37.879664648058544 ], [ 177.563147347504156, -37.879297138602162 ], [ 177.563918685733597, -37.87893436821664 ], [ 177.564713942979807, -37.878603133871259 ], [ 177.565515941143644, -37.878282510886102 ], [ 177.566314031467584, -37.877956761925276 ], [ 177.567091888782841, -37.877602706007259 ], [ 177.567873304729375, -37.877253627844205 ], [ 177.568661160917515, -37.876915952734791 ], [ 177.569442814643196, -37.876569861373305 ], [ 177.570226267802553, -37.87622232843691 ], [ 177.571000689028637, -37.8758627458025 ], [ 177.571766777190135, -37.875494365824089 ], [ 177.572533569917653, -37.875127369824064 ], [ 177.573263480872299, -37.874714645095402 ], [ 177.574001873321095, -37.874309439058997 ], [ 177.574726049723381, -37.873889877500858 ], [ 177.575419883561324, -37.873443069596597 ], [ 177.576112450572225, -37.872993404195718 ], [ 177.576759917660922, -37.872499153288686 ], [ 177.577387277669771, -37.871991135609008 ], [ 177.577972578118249, -37.871453475839743 ], [ 177.578584025261108, -37.870934013676397 ], [ 177.579149657960642, -37.870386955956597 ], [ 177.579704202353611, -37.86982604350149 ], [ 177.580273157682228, -37.869271279924867 ] ] } },
{ "type": "Feature", "properties": { "group_id": "nzd0232" }, "geometry": { "type": "LineString", "coordinates": [ [ 174.773003845192846, -37.911607008858816 ], [ 174.772808861855282, -37.910910458456563 ], [ 174.772608080298255, -37.91021547750352 ], [ 174.772484588580937, -37.9094994850768 ], [ 174.772314836106233, -37.908796058514874 ], [ 174.771876584288151, -37.908165596607297 ], [ 174.77158746784437, -37.907494597636607 ], [ 174.771207335842831, -37.906848328066097 ], [ 174.770881704383044, -37.906187240616987 ], [ 174.770550389943082, -37.905527691515069 ], [ 174.770340130231006, -37.904835236869296 ], [ 174.770100053839371, -37.904150879358198 ], [ 174.769820639009708, -37.903477206847668 ], [ 174.769538834851488, -37.902804177538698 ], [ 174.769405198288752, -37.902090873514645 ], [ 174.769176144340435, -37.901403495428603 ], [ 174.768928637574874, -37.900733320639347 ], [ 174.768600916050815, -37.900083377026526 ], [ 174.76823048214564, -37.899431596547139 ], [ 174.767938439444123, -37.898760840408116 ], [ 174.767685213778378, -37.898080755128113 ], [ 174.767473801251612, -37.897390556504519 ], [ 174.767339401920708, -37.896681269394904 ], [ 174.767075884647113, -37.896003081763226 ], [ 174.766674113624532, -37.895358904829578 ], [ 174.766466149802397, -37.894667817003992 ], [ 174.766302234384739, -37.893966062290829 ], [ 174.765982949613942, -37.89330190352473 ], [ 174.765695364986357, -37.892630066467007 ], [ 174.765401777611913, -37.891959675922649 ] ] } },
{ "type": "Feature", "properties": { "group_id": "nzd0234" }, "geometry": { "type": "LineString", "coordinates": [ [ 176.905486926928148, -37.912797035791414 ], [ 176.906374224637858, -37.912906152300316 ], [ 176.907251298081036, -37.913070810023221 ], [ 176.908122286320435, -37.913269258341984 ], [ 176.909017141996287, -37.913339818757819 ], [ 176.909902274392181, -37.913463775948244 ], [ 176.910788631528163, -37.913578646054148 ], [ 176.911680219256198, -37.913663840253399 ], [ 176.912555307003288, -37.913842647434485 ], [ 176.913450176631301, -37.913909218391844 ], [ 176.914345049418131, -37.913975766672756 ], [ 176.915229661001291, -37.914100537137223 ], [ 176.916124707643206, -37.914166091986495 ], [ 176.916996407740356, -37.914364133207847 ], [ 176.917872280328936, -37.914538501525634 ], [ 176.918765655474942, -37.914613539404534 ], [ 176.919648624821718, -37.914747633847341 ], [ 176.920527364905553, -37.914905734824558 ], [ 176.92140248399707, -37.915084392809234 ], [ 176.922274639320904, -37.915240769354689 ], [ 176.923170180148475, -37.915274993680512 ], [ 176.924059301549732, -37.915372579826162 ], [ 176.924950733051986, -37.915468097787922 ] ] } },
{ "type": "Feature", "properties": { "group_id": "nzd0235" }, "geometry": { "type": "LineString", "coordinates": [ [ 178.392524878720593, -37.913830019670385 ], [ 178.392027479888355, -37.914443542686719 ], [ 178.391621775331402, -37.915082143232539 ], [ 178.391267062310391, -37.915734686884669 ], [ 178.390920802861814, -37.916389537157009 ], [ 178.390600389895639, -37.91705145189411 ], [ 178.390392347112112, -37.917744099573447 ], [ 178.39020373906709, -37.918442057245684 ], [ 178.390013440575331, -37.919137224164416 ], [ 178.38987291304511, -37.919814716746359 ], [ 178.38976765304497, -37.920506609779359 ], [ 178.389662120765536, -37.921213043210059 ], [ 178.38959211355106, -37.921920104062231 ], [ 178.38954630093599, -37.922627590036946 ], [ 178.389452510598744, -37.923334212737458 ], [ 178.38942564795309, -37.924042023387187 ], [ 178.389456378615023, -37.92474382423412 ], [ 178.389459548169015, -37.925446989555404 ], [ 178.389491098614201, -37.926157418196766 ], [ 178.389495015256358, -37.926871494302169 ], [ 178.389598248809079, -37.927574987314628 ], [ 178.389645379716427, -37.928284447959079 ], [ 178.389753473203683, -37.928992022119843 ], [ 178.38988927300332, -37.929707534454295 ], [ 178.389975608062684, -37.930433200549786 ], [ 178.390141312824056, -37.931136859665344 ], [ 178.390283694225303, -37.931850926606195 ], [ 178.390597255206671, -37.932529250576607 ], [ 178.390907462397223, -37.933205560117443 ], [ 178.391183289431723, -37.933881922606076 ], [ 178.391544199063503, -37.934530287991365 ], [ 178.39203965687625, -37.935134382587485 ] ] } },
{ "type": "Feature", "properties": { "group_id": "nzd0236" }, "geometry": { "type": "LineString", "coordinates": [ [ 177.507141333509082, -37.928624503764112 ], [ 177.507969585546732, -37.928350859174387 ], [ 177.508783410044543, -37.928051062411775 ], [ 177.509629779910341, -37.927810256918825 ] ] } },
{ "type": "Feature", "properties": { "group_id": "nzd0237" }, "geometry": { "type": "LineString", "coordinates": [ [ 174.776903431492912, -37.92230686723093 ], [ 174.776694171338931, -37.921616263986166 ], [ 174.776470324843984, -37.920934725461848 ], [ 174.776165897906964, -37.920276213854102 ], [ 174.775796047544333, -37.919624813744711 ], [ 174.775503928611698, -37.918952901216926 ], [ 174.775317315743166, -37.918258793419348 ], [ 174.775045026440438, -37.917582697756608 ], [ 174.774862328855761, -37.916887753681259 ] ] } },
{ "type": "Feature", "properties": { "group_id": "nzd0238" }, "geometry": { "type": "LineString", "coordinates": [ [ 177.449352347284105, -37.961117241773472 ], [ 177.450244301230754, -37.961000056348993 ], [ 177.451137157131512, -37.960885305935612 ], [ 177.452013796723776, -37.960726721494986 ], [ 177.452875956278518, -37.96052899858141 ], [ 177.453734863731967, -37.96032248626539 ], [ 177.454598677753097, -37.960129235837712 ], [ 177.455458003776357, -37.959923855924167 ], [ 177.456311264362284, -37.95970208395596 ], [ 177.457165207769236, -37.959482158635396 ], [ 177.458016427279091, -37.959254873056302 ] ] } },
{ "type": "Feature", "properties": { "group_id": "nzd0239" }, "geometry": { "type": "LineString", "coordinates": [ [ 177.023774975186285, -37.956386368567159 ], [ 177.02432383174704, -37.956948555763212 ], [ 177.024997281891956, -37.957424490908537 ], [ 177.025729539091174, -37.957859712978589 ], [ 177.026528389879815, -37.958248831004411 ], [ 177.027284911759324, -37.958664786477996 ], [ 177.028055972323273, -37.958987869306156 ], [ 177.028811673743832, -37.959346776414201 ], [ 177.029576192564008, -37.959723075506432 ], [ 177.030368623386323, -37.960056256674974 ], [ 177.031120377858059, -37.960452271427641 ], [ 177.031897031515996, -37.96080982196036 ], [ 177.032690340985226, -37.961141641504199 ], [ 177.033440307958756, -37.961540414986736 ], [ 177.034224644896113, -37.961891098343408 ], [ 177.035040710342798, -37.962194785311553 ], [ 177.035861955303034, -37.96248508854714 ], [ 177.03666545639075, -37.962810263598577 ], [ 177.037466425071784, -37.963140642535414 ], [ 177.038302747995601, -37.963398376671144 ], [ 177.039012042898236, -37.963917127723278 ], [ 177.03984893846345, -37.964173686103685 ], [ 177.040705446954121, -37.96438994109505 ], [ 177.041545251142509, -37.964640518977056 ], [ 177.042388561254398, -37.964883890772484 ], [ 177.043203730175179, -37.965185089600354 ], [ 177.044028030594575, -37.965467523124019 ], [ 177.04482874518439, -37.965798425047453 ], [ 177.045669165037054, -37.966047731682025 ], [ 177.046520938942393, -37.966273703211272 ], [ 177.047308093443746, -37.96663247172922 ], [ 177.048096311914719, -37.966989054907657 ], [ 177.048908951279031, -37.967295450715156 ], [ 177.049803162131298, -37.967434202162615 ], [ 177.050656114630698, -37.967657743314035 ], [ 177.05148705730528, -37.967926517657645 ], [ 177.052321874467964, -37.96818732771289 ], [ 177.053164958723301, -37.968447619869259 ], [ 177.053983656315921, -37.968790772139918 ], [ 177.054849327667711, -37.969009401980372 ], [ 177.055696376014083, -37.96924713578823 ], [ 177.056511938665324, -37.969567932500603 ], [ 177.057324660706882, -37.969896226100303 ], [ 177.058146365918702, -37.970200823410622 ], [ 177.058937668771904, -37.970585632066161 ], [ 177.059839448968489, -37.97067897368138 ], [ 177.060748667232133, -37.970752684829144 ], [ 177.061637100827596, -37.970881227785021 ], [ 177.06248161604239, -37.971125643900798 ], [ 177.063355855896674, -37.971291630906066 ], [ 177.064215870955309, -37.971495148270797 ], [ 177.065082303641788, -37.971681730429403 ], [ 177.065933654002663, -37.971908108041987 ], [ 177.066780363936374, -37.972146729999061 ], [ 177.067640278072759, -37.972350508796197 ], [ 177.068482131697408, -37.972601944999418 ], [ 177.069314820903003, -37.972877565507211 ], [ 177.070214915675933, -37.972975308017332 ], [ 177.071069776105077, -37.973192418155115 ], [ 177.071921118874741, -37.973418810684755 ], [ 177.072770351898754, -37.973650770519718 ], [ 177.073606900656301, -37.973916205725772 ], [ 177.074508535928175, -37.974009865349849 ], [ 177.075391035314198, -37.974170351026615 ], [ 177.076277469239585, -37.974327807826249 ], [ 177.077154520695842, -37.974500058262656 ], [ 177.078023510239603, -37.974682509730052 ], [ 177.078892210358134, -37.974866057156795 ], [ 177.079749131358653, -37.975094183295823 ], [ 177.080611393100355, -37.975302100125695 ], [ 177.081461811512895, -37.975554842539431 ], [ 177.082335242325684, -37.975720492062003 ], [ 177.083219722186726, -37.975844321484232 ], [ 177.084091586752692, -37.976015897466766 ], [ 177.084973028119094, -37.976151223902157 ], [ 177.085840446761154, -37.97633962786378 ], [ 177.086714203777291, -37.976504039772678 ], [ 177.087572621591846, -37.976726517443979 ], [ 177.088460799506862, -37.97683633875981 ], [ 177.089329413103343, -37.977020221048221 ], [ 177.090205604991468, -37.977175414146821 ], [ 177.091047671728376, -37.977459801145343 ], [ 177.091938066877873, -37.977561222365807 ], [ 177.092813699505143, -37.977718532353016 ], [ 177.093707908117267, -37.977805508263046 ], [ 177.094590124887787, -37.977937884635061 ], [ 177.095449872023295, -37.978155339413263 ], [ 177.09629050127279, -37.97844518810674 ], [ 177.09714677293951, -37.978675810680421 ], [ 177.09803667655288, -37.978781792077775 ], [ 177.098947508125775, -37.978834986336445 ], [ 177.099848623561996, -37.978915406964482 ], [ 177.100730785272447, -37.979047714055731 ], [ 177.101605907865121, -37.979211158587781 ], [ 177.102484730300404, -37.97935823676908 ], [ 177.103360684580508, -37.97951800341059 ], [ 177.104250027065262, -37.979618540000047 ], [ 177.105134334927811, -37.979741347710636 ], [ 177.10602910430714, -37.979817867494809 ], [ 177.106908079857078, -37.979964263198347 ], [ 177.107776646168503, -37.980156716737909 ], [ 177.108633309562975, -37.980401842057439 ], [ 177.109503572770819, -37.980586794499267 ], [ 177.110407604745575, -37.980622316922521 ], [ 177.111320112853377, -37.980620321492502 ], [ 177.112193587377845, -37.980791058358193 ], [ 177.113041875867367, -37.981073260986015 ], [ 177.113899518503331, -37.981314073072433 ], [ 177.114785729000971, -37.981428452100118 ], [ 177.115675864797538, -37.981525455018769 ], [ 177.116570454190366, -37.981602741601037 ], [ 177.117446188408906, -37.981763483748772 ], [ 177.118319621405419, -37.981934413191702 ], [ 177.119169157822199, -37.982211126996695 ], [ 177.120044332687456, -37.982374352087177 ], [ 177.120914657727496, -37.982559048295734 ], [ 177.121825308106509, -37.9825652207765 ], [ 177.122720589894811, -37.982639424629888 ], [ 177.123617401092218, -37.982706851807563 ], [ 177.124480937822199, -37.982921600211078 ], [ 177.125361194518717, -37.983063735849939 ], [ 177.126235141080173, -37.983236075576777 ], [ 177.127141370884175, -37.983261614420044 ], [ 177.128040045174771, -37.98331945048492 ], [ 177.128940992462844, -37.983367005014507 ], [ 177.129846703647956, -37.983393016244868 ], [ 177.130766372326519, -37.983355918619786 ], [ 177.131643671241932, -37.983510363012243 ], [ 177.132568200589247, -37.983451269502019 ], [ 177.133439920786145, -37.983632626248045 ], [ 177.134328122170331, -37.983746599747114 ], [ 177.135197547404545, -37.983940882073476 ], [ 177.136051597949205, -37.984195170651013 ], [ 177.136849270243715, -37.984694492421511 ], [ 177.137638541831848, -37.985230346290535 ], [ 177.138449293734311, -37.985672862329444 ], [ 177.139259969542309, -37.986115726891391 ], [ 177.140012989861219, -37.986473755161306 ], [ 177.140690162055535, -37.986799622390315 ], [ 177.141488397470198, -37.987011564687123 ], [ 177.14220846128319, -37.987535653773357 ] ] } },
{ "type": "Feature", "properties": { "group_id": "nzd0240" }, "geometry": { "type": "LineString", "coordinates": [ [ 177.157016363179707, -37.987499301859508 ], [ 177.157937293841627, -37.987064486466736 ], [ 177.158837108296837, -37.98704191516903 ], [ 177.159748094820969, -37.986801098182468 ], [ 177.160655273496502, -37.98663458009041 ], [ 177.161551369336053, -37.986684542408476 ], [ 177.162438302781538, -37.98691355748111 ], [ 177.163329815966534, -37.987053116999363 ], [ 177.164243538317777, -37.986758554506295 ], [ 177.165137237427842, -37.986855364805372 ], [ 177.166025885366878, -37.987050962508768 ], [ 177.166918284570102, -37.987173240883202 ], [ 177.208062738425866, -37.990254920631813 ], [ 177.20896066244137, -37.990258493049723 ], [ 177.209858612787173, -37.990260183816595 ], [ 177.210755245227176, -37.99035464386904 ], [ 177.211651854268496, -37.990450826918952 ], [ 177.212550498021471, -37.990403649296908 ], [ 177.213446946352462, -37.990511239194973 ], [ 177.214342477893467, -37.990683621626786 ], [ 177.215239788829081, -37.990730514237725 ], [ 177.216135908738693, -37.990861580580365 ], [ 177.217033562933608, -37.990884294683475 ], [ 177.217933177292849, -37.990768346891748 ], [ 177.218832135990965, -37.990698640485803 ], [ 177.219727586910778, -37.990877229900555 ], [ 177.220623587226726, -37.991017062220998 ], [ 177.221522967041182, -37.990917422344971 ], [ 177.222422313987238, -37.990819968516256 ], [ 177.223319659211228, -37.990864448553211 ], [ 177.224217946739429, -37.990842025633796 ], [ 177.225116224742692, -37.990923659619611 ], [ 177.226021246310296, -37.990996882113286 ], [ 177.226926710172393, -37.991066445241067 ], [ 177.227824037351184, -37.991028035752066 ], [ 177.228723271628155, -37.991097614562641 ], [ 177.229621543352863, -37.991112683897533 ], [ 177.230519019221163, -37.991082744646675 ], [ 177.231418219274531, -37.991150299814961 ], [ 177.232317359099255, -37.991214400758828 ], [ 177.233213394647237, -37.991103148746788 ], [ 177.234111141620986, -37.991088611641295 ], [ 177.235009616360998, -37.991115159450281 ], [ 177.235908548416091, -37.991167483912179 ], [ 177.314040668393005, -37.989831669802307 ], [ 177.314933897667402, -37.989758054666481 ], [ 177.315823112936073, -37.989659219498009 ], [ 177.316708883345569, -37.989538743829755 ], [ 177.317603169398126, -37.989471773305553 ], [ 177.31850480928972, -37.989451001250586 ], [ 177.319398723350872, -37.989381691497442 ], [ 177.320283841843718, -37.989257131567967 ], [ 177.321180552705783, -37.989205392453336 ], [ 177.322075489943643, -37.989149056120425 ], [ 177.322976062100793, -37.989143757326005 ], [ 177.323872299548754, -37.989106081295887 ], [ 177.324767192000138, -37.989044979531315 ], [ 177.325657697929785, -37.988953640633156 ], [ 177.326550401128628, -37.98887745063363 ], [ 177.327443947988769, -37.988807077357841 ], [ 177.328339604307843, -37.988751243879591 ], [ 177.329243394986321, -37.988751469770406 ], [ 177.330135763461243, -37.988672974732445 ], [ 177.331029440326091, -37.988603497824997 ], [ 177.331916244608777, -37.988486665719968 ], [ 177.332818443636683, -37.988475913214259 ], [ 177.333715859040268, -37.988432196877291 ], [ 177.334609761953828, -37.988364279604312 ], [ 177.335501346846058, -37.988280394150109 ], [ 177.336397544704909, -37.988228288803242 ], [ 177.337289530522412, -37.988147168610617 ], [ 177.338191374789375, -37.988106445529212 ], [ 177.339082989773829, -37.987994228268533 ], [ 177.33997365394967, -37.987900551415891 ], [ 177.340873762509432, -37.987867251889099 ], [ 177.34179078362294, -37.987934998142094 ], [ 177.342687858617467, -37.987883562216794 ], [ 177.34357004600534, -37.987743182068392 ], [ 177.344449819952558, -37.987588390301255 ], [ 177.345333157660519, -37.987454895012917 ], [ 177.346238159299986, -37.987450813680297 ], [ 177.347137797652437, -37.987414690126521 ], [ 177.348009178561085, -37.987209785034835 ], [ 177.348907811005347, -37.987167654890563 ], [ 177.349794763122446, -37.987040185233781 ], [ 177.350678384124876, -37.986884399647629 ], [ 177.351578169752059, -37.986822759442077 ], [ 177.352481749974515, -37.986791508632685 ], [ 177.353396373716464, -37.986812768001755 ], [ 177.354265187844163, -37.986616188544687 ], [ 177.355161547575136, -37.986550594281056 ], [ 177.356054412226371, -37.986468379433518 ], [ 177.356946181467919, -37.986380955317856 ], [ 177.357823300360877, -37.986223876669399 ], [ 177.358710325637617, -37.986115401929986 ], [ 177.35960268521336, -37.986036157419235 ], [ 177.360509627725094, -37.986027827295963 ], [ 177.36140619036496, -37.985964864080763 ], [ 177.362276858561756, -37.985774621728275 ], [ 177.363170097265908, -37.985695321687885 ], [ 177.364063716326541, -37.985617890037126 ], [ 177.364960530331501, -37.985556159289402 ], [ 177.365843149492747, -37.985424666069385 ], [ 177.410996693973658, -37.979495739729153 ], [ 177.411864341382909, -37.979309505330647 ], [ 177.412744933878287, -37.979150755430048 ], [ 177.413665074827264, -37.979054291401653 ], [ 177.414579637309998, -37.978901589809006 ], [ 177.415389915302484, -37.978597787541531 ], [ 177.416233319567112, -37.978367172420789 ], [ 177.417066718639546, -37.978121596408478 ], [ 177.417914100664262, -37.977884664874964 ], [ 177.418764147166399, -37.977603271212566 ], [ 177.419581706265234, -37.977247360020655 ], [ 177.420358806728672, -37.976868383667409 ] ] } },
{ "type": "Feature", "properties": { "group_id": "nzd0241" }, "geometry": { "type": "LineString", "coordinates": [ [ 174.794806522496344, -38.015211718610068 ], [ 174.794142383766115, -38.014682100427663 ], [ 174.795216526389396, -38.013467947873259 ], [ 174.795386021404227, -38.010691942132496 ], [ 174.795123329476155, -38.009284490098317 ], [ 174.795008419051271, -38.008577498576756 ], [ 174.794138865061598, -38.008019981570982 ], [ 174.793168566720396, -38.007521229269543 ], [ 174.792394138441637, -38.006942136620829 ], [ 174.791868848910497, -38.006282162701027 ], [ 174.791561898065311, -38.005597606522983 ], [ 174.791176557004803, -38.004920169502235 ], [ 174.790912718136525, -38.004231679883993 ], [ 174.790628259274541, -38.003545057749129 ], [ 174.790558366303372, -38.002838923770383 ], [ 174.790323648936948, -38.002147766251106 ], [ 174.790193994280401, -38.001447051335987 ], [ 174.790175402071469, -38.000792626754503 ], [ 174.790035023618799, -38.000167719928641 ], [ 174.78987519587659, -37.999484254841697 ], [ 174.789769660274516, -37.998770758181884 ], [ 174.789517123296292, -37.998091470949362 ], [ 174.789385761756847, -37.997383972526414 ], [ 174.789199895953828, -37.996689154084926 ], [ 174.789020880564806, -37.995992734695534 ], [ 174.788959893658244, -37.995268835956182 ], [ 174.788708911937761, -37.994589154906464 ], [ 174.788659349750276, -37.993856287362561 ], [ 174.788588237576107, -37.993137356556197 ], [ 174.788513396700779, -37.992426700963165 ], [ 174.788523522064452, -37.991716996777981 ], [ 174.788534066192028, -37.991007265613355 ], [ 174.788513846233769, -37.990299006808648 ], [ 174.788381064041914, -37.989596153377519 ], [ 174.788398755783675, -37.988886058093669 ], [ 174.788336204704507, -37.988179814200571 ], [ 174.788306733895951, -37.987471972931459 ], [ 174.788308674009471, -37.98676161768212 ], [ 174.788240151340347, -37.986051768536946 ], [ 174.788121644328072, -37.985349471455955 ] ] } },
{ "type": "Feature", "properties": { "group_id": "nzd0242" }, "geometry": { "type": "LineString", "coordinates": [ [ 178.346166308494588, -37.996364269952707 ], [ 178.345546475037793, -37.996886480655128 ], [ 178.34504680212396, -37.997474311848364 ], [ 178.344567380426639, -37.998073198623509 ], [ 178.344227362465546, -37.998748214624442 ], [ 178.34371796671428, -37.999352844397862 ], [ 178.343165627280001, -37.999955327606123 ], [ 178.342709968064526, -38.000584031032666 ], [ 178.342256498835866, -38.001195483551236 ], [ 178.341798064872449, -38.001804889114837 ], [ 178.341463415763172, -38.002465197448856 ], [ 178.341019780024453, -38.003080678557168 ], [ 178.340532204026402, -38.003709642125393 ], [ 178.340153631297994, -38.004390058794172 ], [ 178.339784574349608, -38.005046111437593 ], [ 178.339473290758718, -38.005709639740381 ], [ 178.339075454711065, -38.006348965670576 ], [ 178.338771426513745, -38.007014628819284 ], [ 178.338401975643421, -38.00766451219895 ], [ 178.33815098768298, -38.008347021555238 ], [ 178.337913728038245, -38.009030776492231 ], [ 178.337684828208694, -38.009716800742311 ], [ 178.337420930356245, -38.01039329246354 ], [ 178.337084717773536, -38.011050094440925 ], [ 178.336853454731767, -38.011779139461801 ], [ 178.33671868814767, -38.012529550646995 ], [ 178.336687786187895, -38.01324533245679 ], [ 178.336546308041989, -38.013958250761078 ], [ 178.336678995025665, -38.014661530113706 ] ] } },
{ "type": "Feature", "properties": { "group_id": "nzd0243" }, "geometry": { "type": "LineString", "coordinates": [ [ 178.335620999258595, -38.018058215726327 ], [ 178.335315499541224, -38.018727402442273 ], [ 178.335090178531487, -38.019412043287758 ], [ 178.334905770007737, -38.020121804962976 ], [ 178.33487462603091, -38.020852523012131 ], [ 178.334764427347892, -38.021557171381353 ], [ 178.33471492419423, -38.022271953577359 ], [ 178.334655821025734, -38.02298650965561 ], [ 178.33456969395732, -38.023698423437096 ], [ 178.334497782100982, -38.024406330036754 ], [ 178.334537009571534, -38.025113139740824 ], [ 178.334567525001574, -38.025820028000361 ], [ 178.334602034709206, -38.026526870183723 ], [ 178.334540578136142, -38.027234646970783 ], [ 178.334533266972812, -38.027946382312166 ], [ 178.334642509025201, -38.028653021137124 ], [ 178.334696373758845, -38.02936052557402 ], [ 178.334774502127772, -38.030065197879374 ], [ 178.334907872993028, -38.030764847169934 ], [ 178.33494103815184, -38.031473588703506 ], [ 178.335071721207555, -38.032173348701733 ], [ 178.335213777807894, -38.032865074052175 ], [ 178.335427041922088, -38.033552861023502 ], [ 178.335709066331987, -38.034224420671009 ], [ 178.336010150758284, -38.034890504286018 ], [ 178.33635745326896, -38.035543318040197 ], [ 178.336710004896872, -38.036181345844099 ], [ 178.337090159910332, -38.036782934545187 ], [ 178.337548336835425, -38.037380654116156 ], [ 178.338146739053258, -38.037898763542884 ], [ 178.338933320875555, -38.038277805316241 ], [ 178.339812846026916, -38.038408866213494 ], [ 178.340717361906258, -38.038429907853306 ], [ 178.341601909633539, -38.038303505395156 ], [ 178.34249615171808, -38.038240361738431 ] ] } },
{ "type": "Feature", "properties": { "group_id": "nzd0244" }, "geometry": { "type": "LineString", "coordinates": [ [ 174.781118919636242, -38.083027193003858 ], [ 174.781028534276089, -38.082323315328132 ], [ 174.781036297035882, -38.081608859822957 ], [ 174.780941950042745, -38.080905395306786 ], [ 174.780595352, -38.080229092857266 ], [ 174.780464553935758, -38.079529540889581 ], [ 174.780145296215153, -38.078850279972826 ], [ 174.779890561289307, -38.078164062832762 ], [ 174.779591112971929, -38.077482654490964 ], [ 174.779119357635466, -38.076819796314844 ], [ 174.778882068070629, -38.076109533398977 ], [ 174.778939378333121, -38.075351387268739 ], [ 174.778939451251773, -38.074620048014793 ], [ 174.779072423783731, -38.073911563640145 ], [ 174.779107464503056, -38.073204044172414 ], [ 174.779115396319128, -38.072496786881949 ], [ 174.779203814972334, -38.071788724017964 ], [ 174.779254663263714, -38.071081027139897 ], [ 174.779170510664301, -38.07037466319764 ], [ 174.779076538063322, -38.069668389784781 ], [ 174.779170285315331, -38.068960246752269 ], [ 174.779480280856177, -38.068249950531509 ], [ 174.779703387980533, -38.067540509361606 ], [ 174.779575641669567, -38.06683454430722 ], [ 174.779609289053582, -38.06612697022878 ], [ 174.779683642314637, -38.065417401364193 ], [ 174.779849461833635, -38.06471093789181 ], [ 174.780097381192718, -38.064019646100327 ], [ 174.780203680230102, -38.063317294365291 ], [ 174.780430627033155, -38.062624581391816 ], [ 174.780567910469216, -38.061924693328081 ], [ 174.780751028469666, -38.061228462872286 ], [ 174.780908165533987, -38.060530148583211 ], [ 174.780885156038977, -38.059817425296004 ], [ 174.781063084882106, -38.059120759821823 ], [ 174.781254989657754, -38.058425204950488 ], [ 174.781432625280189, -38.057733075208802 ], [ 174.781604717659462, -38.057054144444557 ], [ 174.781796925787575, -38.056374711474035 ], [ 174.781855849862467, -38.055664954391737 ], [ 174.781989527076519, -38.054965364600058 ], [ 174.782124791617065, -38.054265984198373 ], [ 174.782253355834087, -38.05356568520709 ], [ 174.782406672110085, -38.052868748434307 ], [ 174.782495879505205, -38.052163079451987 ], [ 174.782513949632715, -38.051447721405459 ], [ 174.782546362018365, -38.050734308518159 ], [ 174.782740986992678, -38.050042967585227 ], [ 174.782830733989812, -38.049336766023586 ], [ 174.782937145458732, -38.048634051050321 ], [ 174.783082129068532, -38.047934342721383 ], [ 174.783333471236404, -38.047243066225398 ], [ 174.783613241337093, -38.046553991284846 ], [ 174.783583944446832, -38.045840899899375 ], [ 174.783523286862447, -38.045125365203724 ], [ 174.783575038132199, -38.044418556270621 ], [ 174.783679795515297, -38.043715858491268 ], [ 174.783705719225821, -38.043007029464327 ], [ 174.783756744119273, -38.042300143696764 ], [ 174.783970236259535, -38.041605873218685 ], [ 174.784066271764289, -38.040902470837906 ], [ 174.784241802216258, -38.040205697778809 ], [ 174.784487037570869, -38.039517868724097 ], [ 174.784391213484696, -38.038796958040429 ], [ 174.784416123198866, -38.038086070762873 ], [ 174.784566480521477, -38.037388058629126 ], [ 174.78460195389809, -38.036678242528822 ], [ 174.784631494253091, -38.035967810307255 ], [ 174.784766150249908, -38.03526816568592 ], [ 174.785189246847239, -38.034598134350716 ], [ 174.78556211194504, -38.033922937699828 ], [ 174.785973880059743, -38.033251728804331 ], [ 174.78652164018871, -38.032594476732655 ], [ 174.786882679272168, -38.031981354467291 ], [ 174.787265136423486, -38.031556974957432 ], [ 174.787742368033491, -38.031120297940014 ], [ 174.787862985162462, -38.030366721310116 ], [ 174.788720039145062, -38.029928229218008 ], [ 174.789028193005038, -38.029254881388226 ], [ 174.789536325147452, -38.029015966627028 ], [ 174.789899172977329, -38.028898348455243 ], [ 174.790636710831421, -38.028643999230503 ], [ 174.791578031836366, -38.02849157692183 ], [ 174.792353368272927, -38.028133396474466 ], [ 174.793051652246618, -38.027679701150959 ], [ 174.793881060830813, -38.026990416361151 ], [ 174.794522888580957, -38.026106705803855 ], [ 174.794961662667475, -38.02538654520125 ], [ 174.795106188931328, -38.024595252504646 ], [ 174.795139345103479, -38.023740393983353 ], [ 174.795042703260748, -38.022811449629941 ], [ 174.795514234438372, -38.022206758969439 ] ] } },
{ "type": "Feature", "properties": { "group_id": "nzd0245" }, "geometry": { "type": "LineString", "coordinates": [ [ 174.76241422014769, -38.102360286610946 ], [ 174.763333501316652, -38.101912262145198 ], [ 174.763773946458116, -38.101293304748339 ], [ 174.764235241875184, -38.100681784534672 ], [ 174.764444499158003, -38.099980290554242 ], [ 174.764789836451087, -38.09932736630391 ], [ 174.765233180054878, -38.098709421294224 ], [ 174.765585911500011, -38.098059125263042 ], [ 174.76601352497164, -38.097435553996092 ], [ 174.766242838685116, -38.096741190457685 ], [ 174.766577506739367, -38.096084429275969 ] ] } },
{ "type": "Feature", "properties": { "group_id": "nzd0246" }, "geometry": { "type": "LineString", "coordinates": [ [ 174.733459030579979, -38.124039090317389 ], [ 174.734286814842079, -38.123754029590387 ], [ 174.735069844052504, -38.123358231268618 ], [ 174.73579272733997, -38.122944525916552 ], [ 174.736479509173222, -38.122484734290957 ], [ 174.737231368283062, -38.122079673736579 ], [ 174.737839760332093, -38.121558375216551 ], [ 174.738476962028699, -38.121060254171432 ], [ 174.739130276593016, -38.120577168612307 ], [ 174.739834806737008, -38.120140485307772 ], [ 174.740494992978853, -38.119664043973351 ], [ 174.741121924524208, -38.119149706494717 ], [ 174.741711879095448, -38.118609166189742 ], [ 174.742345499931503, -38.118102890448561 ], [ 174.742895481957447, -38.117543075611692 ] ] } },
{ "type": "Feature", "properties": { "group_id": "nzd0248" }, "geometry": { "type": "LineString", "coordinates": [ [ 174.71256259493984, -38.203821556243419 ], [ 174.71238433056422, -38.203129652562765 ], [ 174.71233569649587, -38.202415461518299 ], [ 174.712169304384588, -38.201721504032214 ], [ 174.712040707162885, -38.201021043728645 ], [ 174.711782497093026, -38.200342854880788 ], [ 174.711594969938488, -38.199652510406374 ], [ 174.711347020927747, -38.198972544773824 ], [ 174.711148959153206, -38.19828399790164 ], [ 174.710975789491584, -38.197591165969506 ], [ 174.71081994156404, -38.196895350159579 ], [ 174.710520728578047, -38.196224169715094 ], [ 174.710344647210661, -38.195531818582879 ], [ 174.710260435802354, -38.194823669973786 ], [ 174.710154484509985, -38.194119251391299 ], [ 174.710200131915286, -38.193388768354446 ], [ 174.709749645685434, -38.192743557236632 ], [ 174.709691583354669, -38.192030887365902 ], [ 174.709399314065138, -38.191358467851217 ], [ 174.709174415543401, -38.19066949595662 ], [ 174.708854915582265, -38.189998322635688 ], [ 174.696943776914196, -38.155204948919391 ], [ 174.696653959953011, -38.154536171080224 ], [ 174.696390677904333, -38.15386084529942 ], [ 174.696050578742756, -38.153204451084648 ], [ 174.695815578422355, -38.15252214045001 ], [ 174.695687194664288, -38.151813538987021 ], [ 174.695488510145822, -38.15112226255166 ], [ 174.695198692652667, -38.150453447254577 ], [ 174.694931233784899, -38.149779113510469 ], [ 174.694828451723538, -38.149064174613542 ], [ 174.694356139120515, -38.148440332279662 ], [ 174.694038151810162, -38.147778436831146 ], [ 174.693707431856637, -38.147119674182484 ], [ 174.693502998696488, -38.146429771028124 ], [ 174.693299681239779, -38.14573958644727 ], [ 174.693030281536323, -38.145065687321164 ], [ 174.692724494665072, -38.14440075276304 ], [ 174.692478859688322, -38.143720982190594 ], [ 174.692162631530664, -38.143055063998929 ], [ 174.691809797870832, -38.142398116326838 ], [ 174.691478926209982, -38.141739070548844 ], [ 174.691179880359101, -38.141072824478016 ] ] } },
{ "type": "Feature", "properties": { "group_id": "nzd0249" }, "geometry": { "type": "LineString", "coordinates": [ [ 178.333536627193382, -38.205747674152484 ], [ 178.33358823258925, -38.206451956408145 ], [ 178.333589763680521, -38.20715905976494 ], [ 178.333698428998702, -38.207860105854081 ], [ 178.333728615669799, -38.208565577203373 ], [ 178.333818487624853, -38.209237857573122 ], [ 178.333798160493785, -38.209912862892452 ], [ 178.333667236932286, -38.210613678908594 ], [ 178.333605247652969, -38.211317499647578 ], [ 178.333465535860228, -38.212003821714255 ], [ 178.333263117453185, -38.21264920507479 ], [ 178.333128901838535, -38.213316163590321 ], [ 178.333080818442909, -38.214028178352322 ], [ 178.333035597861254, -38.214801739042294 ], [ 178.333057901793239, -38.215590838647685 ], [ 178.333202918129501, -38.216328639456712 ] ] } },
{ "type": "Feature", "properties": { "group_id": "nzd0250" }, "geometry": { "type": "LineString", "coordinates": [ [ 174.713611695892496, -38.224602476984259 ], [ 174.714135907049865, -38.22396925481835 ], [ 174.714476500606253, -38.223304997895717 ], [ 174.714807940672358, -38.222639187696252 ], [ 174.714902580975718, -38.221933356438299 ], [ 174.714843998680806, -38.22112922990442 ], [ 174.714900319290024, -38.220344118044636 ], [ 174.714867824487243, -38.219631043449375 ], [ 174.71480185871448, -38.218927237253126 ], [ 174.714786034764415, -38.218220364887266 ], [ 174.714871115194597, -38.217495178349587 ], [ 174.71476321964218, -38.216777905549804 ], [ 174.714421909533996, -38.216095015687102 ], [ 174.714243502704448, -38.215401120772221 ], [ 174.714158019088529, -38.214698343654234 ], [ 174.714050081365826, -38.213997704446655 ] ] } },
{ "type": "Feature", "properties": { "group_id": "nzd0251" }, "geometry": { "type": "LineString", "coordinates": [ [ 178.311735901217901, -38.228497196884945 ], [ 178.311359460401633, -38.229140486266097 ], [ 178.311057522857425, -38.229804583685343 ], [ 178.310750028186789, -38.230467122644356 ], [ 178.310567142878256, -38.231164467128217 ], [ 178.310352290738336, -38.231914222373469 ], [ 178.31009671574634, -38.232679117802327 ], [ 178.309878148786879, -38.233398766401521 ], [ 178.310068871287882, -38.234126582627979 ], [ 178.310249972180515, -38.234853495104474 ], [ 178.310272938642044, -38.235598018447078 ], [ 178.310369105276692, -38.236333960386958 ], [ 178.310388942023962, -38.237053906717009 ], [ 178.310508834723834, -38.2377546340648 ], [ 178.310786467227331, -38.238468091748778 ], [ 178.311056982950674, -38.239197173540852 ], [ 178.311282950852643, -38.239907711072071 ], [ 178.311673832405404, -38.240543324794558 ], [ 178.31205374599071, -38.241183628275181 ], [ 178.3125479219662, -38.241775011825702 ], [ 178.313037278450224, -38.242368452974844 ], [ 178.313550856581344, -38.242984225678413 ], [ 178.314062423472024, -38.24361468330769 ], [ 178.314608825626095, -38.244197575311034 ], [ 178.315137425432994, -38.244778580365171 ], [ 178.315660404324888, -38.245371784872738 ], [ 178.316134306947248, -38.246001651906703 ], [ 178.31668976987612, -38.246561665974212 ], [ 178.317288691139737, -38.247088014771897 ], [ 178.31792309294741, -38.247605220410335 ], [ 178.31867786198876, -38.248023437646161 ], [ 178.319432145805962, -38.248423016173305 ], [ 178.320215585460687, -38.248851503422074 ], [ 178.321054968050646, -38.24923656776965 ], [ 178.321884079649692, -38.249634144583879 ], [ 178.322717403619492, -38.249965859220261 ], [ 178.323585539566892, -38.250321522130228 ], [ 178.324440416863752, -38.250712752160268 ] ] } },
{ "type": "Feature", "properties": { "group_id": "nzd0252" }, "geometry": { "type": "LineString", "coordinates": [ [ 174.716028462939335, -38.279004103864686 ], [ 174.716019356827019, -38.278246875042655 ], [ 174.716042713120032, -38.277483600723635 ], [ 174.716037174636853, -38.276774057758033 ], [ 174.715997849729121, -38.27606764463507 ], [ 174.715764127413507, -38.275379272401551 ], [ 174.715622360550412, -38.274682356336818 ], [ 174.715634804913776, -38.273971116740199 ], [ 174.715523064393892, -38.273271399538451 ], [ 174.715386798849835, -38.27257395245163 ], [ 174.715001277755448, -38.271899638943374 ], [ 174.71480559315782, -38.271207694510899 ], [ 174.714756742921224, -38.27050211173659 ], [ 174.714554829619203, -38.269810732002959 ], [ 174.714487166401938, -38.269106882230858 ], [ 174.715064474850436, -38.268343146796418 ], [ 174.714787802194394, -38.267658688003124 ], [ 174.714291675511163, -38.266994596013141 ], [ 174.714640026722776, -38.266252096363033 ], [ 174.714455539301468, -38.265559058612887 ] ] } },
{ "type": "Feature", "properties": { "group_id": "nzd0253" }, "geometry": { "type": "LineString", "coordinates": [ [ 178.330122716297126, -38.274563051993745 ], [ 178.33031033905587, -38.275265719821164 ], [ 178.330562812546077, -38.275946913000787 ], [ 178.330819268274922, -38.276626781806165 ], [ 178.331119723744337, -38.277289104687625 ], [ 178.331483680560638, -38.277925793404293 ], [ 178.331857278604218, -38.278562974326469 ], [ 178.332158680695215, -38.279227095685194 ], [ 178.332552089694303, -38.279874738603638 ], [ 178.33291427842309, -38.280546112336545 ], [ 178.333376710596013, -38.281167125868109 ], [ 178.333870653115127, -38.281781089211982 ], [ 178.334373942496853, -38.28239288609069 ], [ 178.334968405124556, -38.282925197277308 ], [ 178.335572069167483, -38.283471636750647 ], [ 178.336208994884998, -38.284000529991864 ], [ 178.336839248264681, -38.284504654670137 ], [ 178.337407166074911, -38.285049121840615 ], [ 178.338051263576062, -38.285563091884818 ], [ 178.338816970290679, -38.286001603214842 ], [ 178.339639949331769, -38.286336954743199 ] ] } },
{ "type": "Feature", "properties": { "group_id": "nzd0254" }, "geometry": { "type": "LineString", "coordinates": [ [ 178.334933590120897, -38.297671279354631 ], [ 178.334169805213634, -38.298066108918484 ], [ 178.333377137628872, -38.298437785619619 ], [ 178.332666377874148, -38.298875107018134 ], [ 178.332313271824745, -38.29959908133624 ], [ 178.331896471765958, -38.300272001347054 ], [ 178.330947600845207, -38.300518471724466 ], [ 178.330229603781646, -38.300988285223362 ], [ 178.329704534089302, -38.301656043865691 ], [ 178.329109979719959, -38.302233073388926 ], [ 178.328574254976161, -38.302800049732625 ], [ 178.328028258958824, -38.303360231764231 ], [ 178.327491605438581, -38.303926586451944 ], [ 178.326994806258114, -38.304519285510068 ], [ 178.326253950422085, -38.305173935958891 ], [ 178.325903706208578, -38.306028233454725 ], [ 178.325682715025181, -38.306740881008871 ], [ 178.325368042919195, -38.307403962537236 ], [ 178.32504584637104, -38.308063175635795 ], [ 178.32475378218345, -38.30869704761934 ], [ 178.324471749058802, -38.309333865300118 ], [ 178.324240726552091, -38.31001641555055 ], [ 178.324070271845898, -38.310767339265006 ], [ 178.323812854814236, -38.311522775507733 ], [ 178.323476155566397, -38.312233324180625 ], [ 178.323353263918705, -38.312931399588585 ], [ 178.323304718545359, -38.313635665897515 ], [ 178.323200292178939, -38.314417688104491 ], [ 178.323292163732674, -38.315267830771397 ], [ 178.323500875804683, -38.316036973368462 ], [ 178.32375974503401, -38.316713353291547 ], [ 178.323993142889094, -38.317396871287414 ], [ 178.324193485334149, -38.318086956696533 ], [ 178.324615212799273, -38.318766673132075 ], [ 178.325296711935465, -38.319356223871615 ], [ 178.326009648400685, -38.319869066755373 ], [ 178.326749369452642, -38.320353646037532 ] ] } },
{ "type": "Feature", "properties": { "group_id": "nzd0255" }, "geometry": { "type": "LineString", "coordinates": [ [ 178.324985087465052, -38.333405473973251 ], [ 178.324579086885166, -38.334044184972818 ], [ 178.324284473306108, -38.334709804197416 ], [ 178.324262683105587, -38.335496667159546 ], [ 178.324206791324201, -38.336400270237689 ], [ 178.324312359425079, -38.337244121579282 ], [ 178.326096869431524, -38.343556249726554 ], [ 178.32642500189678, -38.344237853135802 ], [ 178.326753590372192, -38.344893034923402 ], [ 178.326956580723703, -38.345584986971403 ], [ 178.327264268022361, -38.346243494796298 ], [ 178.327599477054633, -38.34689488555896 ], [ 178.327859288647744, -38.347592591293122 ], [ 178.328180762101255, -38.34828348709128 ], [ 178.3285173101917, -38.348948701580248 ] ] } },
{ "type": "Feature", "properties": { "group_id": "nzd0257" }, "geometry": { "type": "LineString", "coordinates": [ [ 174.655285901610483, -38.38464030456786 ], [ 174.655806931092144, -38.384054454907584 ], [ 174.656286447160852, -38.383453244861805 ], [ 174.656828248897483, -38.38287506726617 ], [ 174.657257916739809, -38.382255408545404 ], [ 174.657718827748027, -38.381647300406321 ], [ 174.658143433264854, -38.381025758243432 ], [ 174.658469859582596, -38.380367896345902 ], [ 174.658749481195827, -38.379666779676555 ], [ 174.658972761721088, -38.378945866423003 ], [ 174.659198101181545, -38.378251225453376 ], [ 174.659451426395776, -38.377575621976277 ], [ 174.659601391958404, -38.376876681233696 ], [ 174.659772844400948, -38.376182584124116 ], [ 174.65998940232231, -38.375498662164425 ], [ 174.660275758846183, -38.374834739755464 ], [ 174.660464762726207, -38.37414846474411 ], [ 174.660703094832655, -38.37346841482335 ], [ 174.661099156043633, -38.37283269044358 ], [ 174.661478492714025, -38.372192030364708 ], [ 174.661848079842372, -38.3715473051695 ], [ 174.662193935901257, -38.370895243293241 ], [ 174.662539634875174, -38.370244310648694 ], [ 174.662891456744546, -38.369595098481952 ], [ 174.663282831582393, -38.36895703300447 ], [ 174.663610428459663, -38.368295641398213 ], [ 174.663919429135149, -38.367627732084514 ], [ 174.663890086773506, -38.366879730687089 ] ] } },
{ "type": "Feature", "properties": { "group_id": "nzd0258" }, "geometry": { "type": "LineString", "coordinates": [ [ 174.641782156151606, -38.42604226573134 ], [ 174.641671379347002, -38.425343292868114 ], [ 174.641631055019928, -38.424635060300176 ], [ 174.641522492811561, -38.423935783101278 ], [ 174.641045550818745, -38.423284880835112 ], [ 174.641001877377079, -38.422577068199274 ], [ 174.640907893485434, -38.421874173114603 ], [ 174.640860617876541, -38.421161127802669 ], [ 174.640668287256176, -38.420470202138155 ], [ 174.64046385548636, -38.419784361785723 ], [ 174.640216421635017, -38.419105004726212 ], [ 174.640044570736904, -38.418414233976058 ], [ 174.63987636481454, -38.417722906486617 ] ] } },
{ "type": "Feature", "properties": { "group_id": "nzd0259" }, "geometry": { "type": "LineString", "coordinates": [ [ 174.644555287598195, -38.460184068033001 ], [ 174.644486178929014, -38.459481813188972 ], [ 174.644395844682407, -38.458779959554668 ], [ 174.644332906693649, -38.458075642508362 ], [ 174.644221970784685, -38.457364252453033 ], [ 174.644108711992686, -38.456657006495384 ], [ 174.644036308559549, -38.455955890188498 ], [ 174.643982204991318, -38.455253597799214 ], [ 174.643853061920595, -38.454556093173615 ], [ 174.643789081589006, -38.453854418206767 ], [ 174.643634556885786, -38.453144787925844 ], [ 174.643413611937603, -38.452445891896858 ], [ 174.643764647561483, -38.451623055703664 ], [ 174.643495772769143, -38.450951796831092 ] ] } },
{ "type": "Feature", "properties": { "group_id": "nzd0261" }, "geometry": { "type": "LineString", "coordinates": [ [ 174.634580860802515, -38.536283709823202 ], [ 174.634638628087117, -38.53557756662034 ], [ 174.634525937142712, -38.534878697728729 ], [ 174.634422264748338, -38.53417943672099 ], [ 174.634388294230405, -38.533477191567179 ], [ 174.63446335339637, -38.532770282350953 ], [ 174.634375038939709, -38.532070344808631 ], [ 174.634362273728726, -38.531367173305767 ], [ 174.634202796845614, -38.530670261736041 ], [ 174.634222907581517, -38.529965672265121 ], [ 174.634090224551642, -38.52926760246477 ], [ 174.634049802382009, -38.528565584935222 ], [ 174.6342391705642, -38.527853745025361 ], [ 174.634069571939733, -38.527151464064353 ], [ 174.633748932324181, -38.52646337645546 ], [ 174.6336030943244, -38.525768326279959 ], [ 174.633508118813182, -38.525069534119133 ], [ 174.633437218638278, -38.524368757110338 ], [ 174.63351758070911, -38.523655545326378 ], [ 174.633397675766787, -38.522958781009372 ], [ 174.633145993315537, -38.522272836922944 ], [ 174.632991952920548, -38.521578863565111 ], [ 174.632918728606626, -38.520878243505393 ], [ 174.632831422074048, -38.520178773645 ], [ 174.6328235917006, -38.51947276711892 ], [ 174.63290273173368, -38.518759607982091 ], [ 174.632645726185871, -38.518074060592106 ], [ 174.632427786692205, -38.517385296497451 ], [ 174.632306844629881, -38.51669335110396 ], [ 174.63223312405816, -38.515997598606646 ], [ 174.632184513420157, -38.515286394927507 ], [ 174.632047975929027, -38.514589516422099 ], [ 174.632027632052285, -38.513871253473489 ], [ 174.631955862493641, -38.513162445197366 ], [ 174.631671237556361, -38.512492792798859 ], [ 174.631538793907055, -38.511795134559286 ] ] } },
{ "type": "Feature", "properties": { "group_id": "nzd0262" }, "geometry": { "type": "LineString", "coordinates": [ [ 178.288893612608689, -38.528115408737484 ], [ 178.288007306509314, -38.528368865966591 ], [ 178.287223010416596, -38.528724336822684 ], [ 178.286463281323904, -38.529104373807364 ], [ 178.285720359374068, -38.529501216768686 ], [ 178.284871073220359, -38.529937295501284 ], [ 178.284021662414574, -38.530553443034869 ], [ 178.283395825307537, -38.531213439563857 ], [ 178.283017458152074, -38.531861354960988 ], [ 178.282677722848263, -38.532529801669945 ], [ 178.282370837801409, -38.533411964540115 ], [ 178.281980590192063, -38.534245137479139 ], [ 178.281887229527371, -38.534951245168315 ], [ 178.281826078949877, -38.535642228972243 ], [ 178.281647374663265, -38.536312077903119 ], [ 178.28144809979122, -38.536989740768952 ], [ 178.281229331921111, -38.537672317980814 ], [ 178.281060643244956, -38.538362007441442 ] ] } },
{ "type": "Feature", "properties": { "group_id": "nzd0264" }, "geometry": { "type": "LineString", "coordinates": [ [ 174.629743701560784, -38.58479182623109 ], [ 174.630061189439488, -38.584103749711126 ], [ 174.630167168931592, -38.583405381663837 ], [ 174.630160747756918, -38.58269375565316 ], [ 174.630399992699552, -38.581979669519747 ], [ 174.630294972417659, -38.581269340567125 ], [ 174.630331814786786, -38.580566913892312 ], [ 174.630124485079648, -38.579865915138924 ], [ 174.630181640181064, -38.579163355427248 ], [ 174.630195524806396, -38.57846104307712 ], [ 174.630124073273834, -38.577764008739216 ], [ 174.630589361976547, -38.577076336030444 ], [ 174.630457307959404, -38.576373066566532 ], [ 174.63048049868226, -38.575671060581847 ], [ 174.63048400704983, -38.574968623101661 ], [ 174.630673174261034, -38.574281151149499 ], [ 174.63055045260171, -38.573584806450114 ], [ 174.630403594694513, -38.572874690078905 ], [ 174.630533269328822, -38.572174414249481 ], [ 174.630785369972955, -38.571470734956243 ], [ 174.630988173383713, -38.57076440797848 ], [ 174.630730389121084, -38.570058914128886 ], [ 174.630669030825658, -38.569356387246813 ] ] } },
{ "type": "Feature", "properties": { "group_id": "nzd0265" }, "geometry": { "type": "LineString", "coordinates": [ [ 178.201966347880955, -38.589121966938045 ], [ 178.201484137129768, -38.589732163141321 ], [ 178.201087381830206, -38.590502425970634 ], [ 178.200772083615306, -38.591257917029083 ] ] } },
{ "type": "Feature", "properties": { "group_id": "nzd0266" }, "geometry": { "type": "LineString", "coordinates": [ [ 174.626590262382081, -38.608564853488261 ], [ 174.626908734851924, -38.607898976633059 ], [ 174.627061102745529, -38.60720692370149 ], [ 174.627234687511077, -38.60651688295065 ], [ 174.627314389834339, -38.605801549930284 ], [ 174.627333282274805, -38.605085553379944 ], [ 174.627555858614471, -38.604399012448809 ], [ 174.62772666940981, -38.603707794152676 ], [ 174.627782027720798, -38.603006152244028 ], [ 174.627841740901545, -38.602297466271473 ], [ 174.627794999532483, -38.601583424315685 ], [ 174.627895054965791, -38.600881755951832 ], [ 174.628131674341972, -38.600185615170275 ], [ 174.628197864977722, -38.599484957991884 ], [ 174.628280247719317, -38.598784722394946 ], [ 174.628326422180123, -38.598086253384317 ], [ 174.628224368499815, -38.597384354853929 ], [ 174.628169480290495, -38.596680417897161 ], [ 174.628336331202121, -38.595984837541373 ], [ 174.628358516219208, -38.595282595088172 ], [ 174.628446763319488, -38.594583384956856 ], [ 174.628489576766697, -38.5938836855115 ], [ 174.628547467704919, -38.593186242461066 ], [ 174.628571411958916, -38.592484822365549 ], [ 174.628698331281441, -38.591788564839447 ], [ 174.628850885857418, -38.591093966268488 ], [ 174.62891113157724, -38.590388236731272 ], [ 174.628895364112225, -38.589678340473242 ], [ 174.629119942920823, -38.588979718794732 ], [ 174.629054823310867, -38.588275701020542 ], [ 174.629046986542647, -38.587573056182144 ] ] } },
{ "type": "Feature", "properties": { "group_id": "nzd0268" }, "geometry": { "type": "LineString", "coordinates": [ [ 178.140816920235892, -38.652876723159537 ], [ 178.139937063639195, -38.652793676189276 ], [ 178.139128948542179, -38.652554437147103 ], [ 178.138597748559988, -38.65174331434298 ], [ 178.137493305407276, -38.652036431209986 ], [ 178.137063491821948, -38.651159373081434 ], [ 178.136255104122512, -38.650912089147006 ], [ 178.135133385403918, -38.651071803858351 ], [ 178.134305339752586, -38.650752934603418 ], [ 178.133449016512344, -38.650462098721931 ], [ 178.132601023856182, -38.650258470542049 ], [ 178.131685958953085, -38.650196597738727 ], [ 178.130760294193465, -38.650064168047891 ], [ 178.129843388168752, -38.65018203112141 ], [ 178.128918634196793, -38.650211963005511 ], [ 178.128003776468688, -38.65022550065607 ], [ 178.12714305676522, -38.650440031218558 ], [ 178.126235022221834, -38.650655598655426 ], [ 178.125379028335203, -38.650935499183333 ], [ 178.1245873160467, -38.651269503092031 ], [ 178.123750865728596, -38.651582030473875 ], [ 178.123031755279641, -38.652051182370457 ], [ 178.122310362620937, -38.65248085001334 ], [ 178.121532410726104, -38.652842944870805 ], [ 178.120840851068976, -38.653203010455243 ], [ 178.120003688539953, -38.653445303867763 ], [ 178.119290608648498, -38.653864112233762 ], [ 178.118565375825455, -38.654285686466771 ], [ 178.117827657743163, -38.654602044851032 ], [ 178.117066904288606, -38.654899452782196 ], [ 178.116239461037395, -38.655291678280378 ], [ 178.115571947762675, -38.655701220621431 ], [ 178.114903701959889, -38.655884290763588 ], [ 178.114163012351725, -38.656232870994693 ], [ 178.11345075766738, -38.656603772989008 ], [ 178.112696849216178, -38.656980556645905 ], [ 178.111923242573084, -38.657360654450216 ], [ 178.111160703512553, -38.657761168851543 ], [ 178.110466242344387, -38.658207004002804 ], [ 178.109740272336694, -38.658630230416492 ], [ 178.109075626632034, -38.659109328677573 ], [ 178.10845887732151, -38.659631098960936 ], [ 178.107777295591404, -38.66014726507666 ], [ 178.107178856250755, -38.660732616672391 ], [ 178.106586736022251, -38.661240369942973 ], [ 178.106278228826, -38.66190093774938 ] ] } },
{ "type": "Feature", "properties": { "group_id": "nzd0269" }, "geometry": { "type": "LineString", "coordinates": [ [ 174.622323957444934, -38.630456202023886 ], [ 174.622415446910566, -38.629760437416962 ], [ 174.622237182145341, -38.629043728706279 ], [ 174.622226796303579, -38.628337571212832 ], [ 174.622481142279895, -38.627660666322413 ], [ 174.622767561374502, -38.62699892732018 ], [ 174.623256377101598, -38.626398034718001 ], [ 174.623629632769507, -38.625711246821446 ], [ 174.623741034640659, -38.624959694730585 ], [ 174.623755232108948, -38.624243742241212 ], [ 174.623672100728186, -38.623541086651642 ], [ 174.623695094238769, -38.622842141779515 ], [ 174.623748906877665, -38.622142648737899 ], [ 174.623737993065589, -38.621439504195251 ], [ 174.623809065135333, -38.620739627553746 ], [ 174.623952761274666, -38.620055258951609 ], [ 174.623954317497777, -38.619376149823857 ], [ 174.6241318712039, -38.618700122724157 ], [ 174.624469703525136, -38.618036573060955 ], [ 174.624689823066063, -38.617337390934161 ], [ 174.624904461646423, -38.61663685427002 ], [ 174.625033688084642, -38.615941858200131 ] ] } },
{ "type": "Feature", "properties": { "group_id": "nzd0270" }, "geometry": { "type": "LineString", "coordinates": [ [ 178.101488046210051, -38.666450416727791 ], [ 178.100599270381906, -38.666638058957588 ], [ 178.099872750956678, -38.667064475480288 ], [ 178.099165552684951, -38.66751932556182 ] ] } },
{ "type": "Feature", "properties": { "group_id": "nzd0271" }, "geometry": { "type": "LineString", "coordinates": [ [ 177.981596506326525, -38.677984924259853 ], [ 177.980820807894361, -38.678338872398378 ], [ 177.980024081904787, -38.678667125564232 ], [ 177.979262783848043, -38.679038665545193 ], [ 177.978483581119775, -38.679388326286684 ], [ 177.977681907639464, -38.679710528026156 ], [ 177.976927501089847, -38.680090483608168 ], [ 177.97616736840348, -38.680463440810662 ], [ 177.975424541687715, -38.680857543056341 ], [ 177.974669691701166, -38.681236952326749 ], [ 177.973911540664716, -38.681612326405492 ], [ 177.973180285522886, -38.682020564275049 ], [ 177.972446999284273, -38.682461821680491 ], [ 177.971684123418726, -38.682893397859637 ], [ 177.970931743647384, -38.683317186788138 ], [ 177.970202570680954, -38.683734317001552 ], [ 177.969509508322062, -38.684181710074313 ], [ 177.96882507555074, -38.684636333025729 ], [ 177.968175084927566, -38.685119820796473 ], [ 177.967469422075482, -38.685556643747468 ], [ 177.966797190385876, -38.686021484206506 ], [ 177.966173004535392, -38.686526591775021 ], [ 177.965463509399115, -38.686960193704657 ], [ 177.964833572583132, -38.687460475351031 ], [ 177.964194737384702, -38.687953295878245 ], [ 177.96356613614563, -38.688454691292577 ], [ 177.962934809099778, -38.688953799206978 ], [ 177.962314252400347, -38.68946193161063 ], [ 177.961679289419038, -38.689969846428703 ], [ 177.961033871493157, -38.690476525451054 ], [ 177.960412652831963, -38.690995671175749 ], [ 177.959829894346427, -38.691529502867333 ], [ 177.959211919949666, -38.692041791601262 ], [ 177.958617354267602, -38.692568393652373 ], [ 177.958047768893891, -38.693110270270395 ], [ 177.957420889051264, -38.693617100080552 ], [ 177.956899969193728, -38.69418873373629 ], [ 177.95634367962117, -38.694738730315009 ], [ 177.955779494639444, -38.695293342563119 ], [ 177.955156335064913, -38.695833928053361 ], [ 177.937456221357422, -38.740526307996639 ], [ 177.937501069529418, -38.741226493911306 ], [ 177.937699155121834, -38.741909443649874 ], [ 177.937816159819278, -38.742606817848852 ], [ 177.937849401416344, -38.743319093729916 ], [ 177.937890725784712, -38.744029924178527 ], [ 177.938156617164509, -38.744700779281459 ], [ 177.938229354246744, -38.745406005533049 ], [ 177.938452806074366, -38.746084400829986 ], [ 177.938636739092146, -38.746778756567508 ], [ 177.938990576385379, -38.747436138937658 ], [ 177.939291867304178, -38.748112152424433 ], [ 177.939557689462561, -38.74879417024237 ], [ 177.939816424412982, -38.749479089236388 ], [ 177.940111168946771, -38.750149232059734 ], [ 177.940498177838549, -38.750781524485305 ] ] } },
{ "type": "Feature", "properties": { "group_id": "nzd0273" }, "geometry": { "type": "LineString", "coordinates": [ [ 174.591865351455112, -38.795213312378415 ], [ 174.592179109047549, -38.794550805103775 ], [ 174.592303369144645, -38.793854940630681 ], [ 174.59253536836934, -38.793178031277115 ], [ 174.592663633646993, -38.792482858498623 ], [ 174.592814729953176, -38.791786996806451 ], [ 174.593065615425473, -38.79110629418463 ], [ 174.593355714072061, -38.790435677124549 ], [ 174.593534351191011, -38.789749447870904 ], [ 174.593686823251261, -38.789059365742951 ], [ 174.593859720564637, -38.788372279499512 ], [ 174.594196866529785, -38.787744918438449 ], [ 174.594388506399241, -38.787101194384931 ], [ 174.594814907357176, -38.786481568901543 ], [ 174.59504141688231, -38.785801589327576 ], [ 174.59533611138383, -38.785140147869022 ] ] } },
{ "type": "Feature", "properties": { "group_id": "nzd0274" }, "geometry": { "type": "LineString", "coordinates": [ [ 174.590539878330958, -38.798621380655888 ], [ 174.590734216542955, -38.797935806533367 ], [ 174.590939256278631, -38.797252747838023 ] ] } },
{ "type": "Feature", "properties": { "group_id": "nzd0275" }, "geometry": { "type": "LineString", "coordinates": [ [ 177.919466126673939, -38.811135988717361 ], [ 177.919505141901453, -38.811835070274832 ], [ 177.919501117306766, -38.812536425975139 ] ] } },
{ "type": "Feature", "properties": { "group_id": "nzd0276" }, "geometry": { "type": "LineString", "coordinates": [ [ 174.514963340837227, -38.892918228797498 ], [ 174.515815205754109, -38.892671906984319 ], [ 174.51677102648685, -38.892571002824027 ], [ 174.517398350207628, -38.892010570871228 ], [ 174.518182628246961, -38.891637123791917 ], [ 174.518915217494424, -38.891130009484272 ], [ 174.519534196049108, -38.890562206733172 ], [ 174.520210678281273, -38.890100719807585 ], [ 174.520907501376314, -38.88965547080538 ], [ 174.521588739027663, -38.889197774006561 ], [ 174.522286354365434, -38.888766644510518 ], [ 174.522919071330989, -38.888284686551096 ], [ 174.52360684800064, -38.887836090108202 ], [ 174.524269486881963, -38.887363976385203 ], [ 174.525009882961285, -38.886959311462739 ], [ 174.525663465683891, -38.886470812189039 ], [ 174.526385967092608, -38.886014764673881 ], [ 174.527036351136161, -38.88550669776528 ], [ 174.527713427163036, -38.885042637559216 ], [ 174.528313390569423, -38.884521374116709 ], [ 174.52878279429342, -38.883902239037553 ], [ 174.529461590849252, -38.883436345232383 ], [ 174.530130297346631, -38.882965431299212 ], [ 174.530862043223834, -38.882540014573337 ], [ 174.531543761729324, -38.882075970244308 ], [ 174.532062312271847, -38.881494530121628 ], [ 174.532603504352522, -38.880931828851018 ], [ 174.533104700995182, -38.880340830866267 ], [ 174.53373695286993, -38.879843400730437 ], [ 174.534372561571075, -38.879342336375089 ], [ 174.534974184687115, -38.878812072481793 ], [ 174.535567026445449, -38.878281572055698 ], [ 174.536130122921122, -38.877720170876096 ], [ 174.536604442535435, -38.877097140114415 ], [ 174.537077315538284, -38.876491153988475 ], [ 174.537560652273015, -38.875900995731676 ], [ 174.538112467779598, -38.875348019482118 ], [ 174.538605766606082, -38.874763261873944 ], [ 174.538981782791041, -38.874114810469955 ], [ 174.539557223440653, -38.87357697466755 ], [ 174.540230635715687, -38.873112420177449 ], [ 174.540951577670228, -38.872688631487044 ], [ 174.54157295546068, -38.872182035106853 ], [ 174.542025462177065, -38.871563475819407 ], [ 174.542681445271427, -38.871082730727935 ], [ 174.543288693298337, -38.870599920102975 ], [ 174.543898881963628, -38.870116996956149 ], [ 174.544755135197875, -38.869802448204105 ], [ 174.545364271557077, -38.869286416959056 ], [ 174.545919841664272, -38.86875111397223 ], [ 174.546457999245149, -38.86819226289245 ], [ 174.54726437765504, -38.867857883638166 ], [ 174.54769410439755, -38.867163349603771 ], [ 174.54853746211316, -38.866839249912104 ], [ 174.549330356142434, -38.866433963670481 ], [ 174.549920483694336, -38.86587714239613 ], [ 174.550508736226533, -38.865323423811958 ], [ 174.550921979411072, -38.864675968242253 ], [ 174.551531454926049, -38.864157405967198 ] ] } },
{ "type": "Feature", "properties": { "group_id": "nzd0277" }, "geometry": { "type": "LineString", "coordinates": [ [ 174.143586730823216, -39.01937031229992 ], [ 174.14450922490559, -39.019356141237751 ], [ 174.145406192144236, -39.019264355386056 ], [ 174.146283919964503, -39.019114075321603 ], [ 174.147151110846067, -39.01893176125585 ], [ 174.148007461060871, -39.018716492097795 ], [ 174.148846731769083, -39.0184493045031 ], [ 174.149696441293145, -39.018213853385589 ], [ 174.150539479730725, -39.017912787142841 ], [ 174.151434283740173, -39.017723919718762 ], [ 174.152347948795722, -39.017567604920877 ], [ 174.153282225286944, -39.017472258414344 ], [ 174.154095428669393, -39.01717575938585 ], [ 174.154904811921284, -39.016872912723898 ], [ 174.155738574228792, -39.016499502970653 ], [ 174.156522789734254, -39.016021607426396 ], [ 174.157285455220489, -39.015581892168292 ], [ 174.158055490324443, -39.015200441290084 ], [ 174.158702516567928, -39.01471611672293 ], [ 174.159387754677311, -39.014286994278656 ], [ 174.160020599896228, -39.01383280807152 ], [ 174.160696096869572, -39.01339178913593 ], [ 174.161399815235598, -39.012957977801889 ], [ 174.162090034736224, -39.012510890824252 ], [ 174.162819267349647, -39.012102161815974 ], [ 174.16363314102685, -39.011776654439139 ], [ 174.164409823047976, -39.011414574333152 ], [ 174.165141082903148, -39.011007829596785 ], [ 174.165775917424156, -39.010506272185879 ] ] } },
{ "type": "Feature", "properties": { "group_id": "nzd0278" }, "geometry": { "type": "LineString", "coordinates": [ [ 174.130606614011526, -39.02383233997471 ], [ 174.131156272374369, -39.023279948655272 ], [ 174.13164839001746, -39.022690755264456 ], [ 174.132194624897693, -39.022136166471483 ], [ 174.132745318510302, -39.021584425045383 ], [ 174.13387018763413, -39.021399869264719 ], [ 174.134445745578034, -39.020970530734736 ], [ 174.134857050163504, -39.020475741567083 ], [ 174.135490753633093, -39.020037469412493 ] ] } },
{ "type": "Feature", "properties": { "group_id": "nzd0279" }, "geometry": { "type": "LineString", "coordinates": [ [ 177.885971159450918, -39.016246783243389 ], [ 177.885964244617753, -39.016944517473533 ], [ 177.885817767002209, -39.017638609306537 ], [ 177.885799174297802, -39.018336025610715 ], [ 177.885755498305656, -39.01903278163384 ], [ 177.885812534637836, -39.019732154059383 ], [ 177.885802243715005, -39.020429765826265 ], [ 177.885819513765966, -39.021128088495267 ], [ 177.885883413211587, -39.021827618582471 ], [ 177.885939746607619, -39.022522248513717 ], [ 177.88592977776409, -39.02318811856999 ], [ 177.886057545038369, -39.023857397607216 ], [ 177.886100287248524, -39.024566653412329 ], [ 177.886069237586867, -39.025289657064484 ], [ 177.886100178848295, -39.026001098713621 ], [ 177.886071882175969, -39.026723575112449 ], [ 177.886310677746934, -39.027396260133443 ], [ 177.886488842984448, -39.028080239709546 ], [ 177.886602216128779, -39.028776289526604 ], [ 177.886686992879419, -39.02947766281742 ], [ 177.886802539223282, -39.03016742758826 ], [ 177.886808522362259, -39.03086163461893 ], [ 177.886945058853399, -39.031539026987502 ] ] } },
{ "type": "Feature", "properties": { "group_id": "nzd0280" }, "geometry": { "type": "LineString", "coordinates": [ [ 177.643833155338569, -39.050849754318563 ], [ 177.642942992532198, -39.05097917634604 ], [ 177.64204490678415, -39.050993942164524 ], [ 177.641146345822392, -39.051001828653249 ], [ 177.640244385939383, -39.05096050258269 ], [ 177.639345039867152, -39.050957011543559 ], [ 177.638449405440866, -39.051007268184875 ], [ 177.637552445154853, -39.051038330205564 ], [ 177.636655264872871, -39.051066209601899 ], [ 177.635753785708971, -39.051053336930245 ], [ 177.634853530763593, -39.051074741377121 ], [ 177.63395728993774, -39.051122717379563 ], [ 177.633058103548905, -39.051139699442274 ], [ 177.632156299917824, -39.051132706729049 ], [ 177.631254600447505, -39.051126661511027 ], [ 177.630358592361205, -39.051172746540047 ], [ 177.62946710760761, -39.051260272803241 ], [ 177.628570574130265, -39.051301550456976 ], [ 177.627671955209308, -39.051323720633903 ], [ 177.626770101971857, -39.051316251320621 ], [ 177.625869053708954, -39.051316152218249 ], [ 177.624966803939088, -39.051305035942676 ], [ 177.624068252320313, -39.051327808050836 ], [ 177.623169737731189, -39.05135091757991 ], [ 177.622275003359903, -39.051406760964241 ], [ 177.621381112246951, -39.051467670204673 ], [ 177.62048545037311, -39.051513818870575 ], [ 177.61958670161107, -39.051533400123411 ], [ 177.618692110822337, -39.051592534014489 ], [ 177.61779399155165, -39.05161810276644 ], [ 177.616899433624951, -39.051677554705677 ], [ 177.615999657515289, -39.051687358291247 ], [ 177.615101951327006, -39.051716855511621 ], [ 177.614200337193324, -39.051709160939765 ], [ 177.613300500715127, -39.051718378695298 ], [ 177.612396233955167, -39.051685423605228 ], [ 177.611504767063849, -39.051774301079625 ], [ 177.61061700090923, -39.051898417483365 ], [ 177.609723846547183, -39.051971249290041 ], [ 177.60882611798732, -39.052000534976237 ], [ 177.60792756265181, -39.052021947355321 ], [ 177.607023803380457, -39.051993801586285 ], [ 177.606127059349546, -39.052024721623667 ], [ 177.605235336605659, -39.05210380728839 ], [ 177.604337289376161, -39.052126760368708 ], [ 177.603441600298481, -39.052175015660474 ], [ 177.602548831550592, -39.052253181246897 ], [ 177.601657308181018, -39.052344109997357 ], [ 177.600756972877747, -39.052344790822922 ], [ 177.599858957154566, -39.052369227564768 ], [ 177.59896298171472, -39.052414565074365 ], [ 177.598061205642153, -39.052400475597871 ], [ 177.597164770384779, -39.052441101974303 ], [ 177.596273369239896, -39.05253331534049 ], [ 177.595379875826183, -39.052604097737436 ], [ 177.594481043541862, -39.052629261730594 ], [ 177.593595651913432, -39.05275627824593 ], [ 177.592700758824748, -39.052816391683479 ], [ 177.591796599496178, -39.052824452232777 ], [ 177.590889458047258, -39.052814848007827 ], [ 177.589992659143633, -39.052866482826232 ], [ 177.589094834044801, -39.052912038727101 ], [ 177.58819027073244, -39.05291768580414 ], [ 177.587289592258657, -39.052946335445441 ], [ 177.586395891819592, -39.05301631217209 ], [ 177.58551337267474, -39.053152519155724 ], [ 177.584620037613917, -39.053224663732649 ], [ 177.583716211846422, -39.053234663054255 ], [ 177.582821124530028, -39.0532480530063 ], [ 177.581932128713078, -39.053272369640183 ], [ 177.581031673228466, -39.053263291435123 ], [ 177.580142538966783, -39.053374885658165 ], [ 177.579250154266731, -39.05345529486781 ], [ 177.578355638441082, -39.0535152556334 ], [ 177.577465697726694, -39.053619138824942 ], [ 177.57656539851331, -39.053623590194888 ], [ 177.575666971955826, -39.053646016120403 ], [ 177.574761837795563, -39.05360403587413 ], [ 177.573863485954888, -39.05362717056159 ], [ 177.572970009089431, -39.053697119214853 ], [ 177.572078031374332, -39.053781471491085 ], [ 177.571187990523669, -39.053884434882157 ], [ 177.570293594165804, -39.053945572468393 ], [ 177.569393534663789, -39.05394824097975 ], [ 177.568494771568112, -39.053954657785944 ], [ 177.567595564833368, -39.053957179724655 ], [ 177.566699020170688, -39.053995506959026 ], [ 177.565803418554282, -39.054044661104399 ], [ 177.564908860903842, -39.054105803695535 ], [ 177.56401087948899, -39.05412764817347 ], [ 177.56311421002161, -39.054164554932868 ], [ 177.562219084501351, -39.054219192163913 ], [ 177.561322391200463, -39.054255831782143 ], [ 177.560425970639045, -39.054295606047354 ], [ 177.559529544003908, -39.054335313528753 ], [ 177.558628862375599, -39.054326148269958 ], [ 177.557727377240553, -39.054307746032933 ], [ 177.556829180034043, -39.054327110290131 ], [ 177.555931114440995, -39.054347985858065 ], [ 177.555036506876803, -39.054408597373374 ], [ 177.554141692361526, -39.054466837497714 ], [ 177.55324208216291, -39.054469965954873 ], [ 177.552344342194147, -39.054494587528552 ], [ 177.551441206192379, -39.054457178979845 ], [ 177.550537853567192, -39.054417267984839 ], [ 177.549636125420818, -39.054396022433885 ], [ 177.54873996904422, -39.054424628174672 ], [ 177.547842938740928, -39.054432774957952 ], [ 177.546945021068865, -39.054444329239871 ], [ 177.546046789080265, -39.054457132242312 ], [ 177.545148325049496, -39.054466558113596 ], [ 177.544252735784482, -39.054517822495896 ], [ 177.543354385148689, -39.05452890165104 ], [ 177.54245166895808, -39.054476427649796 ], [ 177.541551250833834, -39.054457395892165 ], [ 177.540655844740201, -39.054511337507762 ], [ 177.53975740285091, -39.054521078379445 ], [ 177.53886009648366, -39.054547356782365 ], [ 177.537964619714188, -39.054600289020264 ], [ 177.53706666094709, -39.054617072110169 ], [ 177.536169017248682, -39.054638446378931 ], [ 177.535270138378138, -39.054641823608108 ], [ 177.534370036688074, -39.054627377209663 ], [ 177.533468446777306, -39.054591232238444 ], [ 177.532568900029702, -39.054584858598929 ], [ 177.531674008593228, -39.054646349850771 ], [ 177.53077553307088, -39.054655593743306 ], [ 177.529876275550379, -39.054653432843367 ], [ 177.528981353118326, -39.054683326488622 ], [ 177.52808574392634, -39.05468717199664 ], [ 177.527186313773257, -39.054652370403879 ], [ 177.526286627847355, -39.054624266868885 ], [ 177.525390731620405, -39.054679089212435 ], [ 177.524493380823969, -39.054702092086828 ], [ 177.523595726400345, -39.054718455431598 ], [ 177.522697435930553, -39.05472089670095 ], [ 177.521799341167849, -39.054727624302579 ], [ 177.520900747341159, -39.054723421757558 ], [ 177.520002615037924, -39.054729328405969 ], [ 177.519106369585558, -39.054776582771815 ], [ 177.518209118027926, -39.054801803069942 ], [ 177.517310492686676, -39.054796917428021 ], [ 177.516413595175152, -39.054829911693325 ], [ 177.515516322068379, -39.054854680960204 ], [ 177.514617227571193, -39.054839510300518 ], [ 177.513718638901935, -39.054835429647255 ], [ 177.512820174146242, -39.05483406556511 ], [ 177.511923833150433, -39.05487930611725 ], [ 177.511024624648741, -39.054886010103608 ], [ 177.51012884859739, -39.054951685030886 ], [ 177.509233320849802, -39.055008305903009 ], [ 177.508329734838298, -39.054992726917909 ], [ 177.507433886580372, -39.055041759459705 ], [ 177.506536403365175, -39.055077138127508 ], [ 177.505632258714201, -39.055056876982363 ], [ 177.504742011789887, -39.05515269434882 ], [ 177.503851378348287, -39.055245290265674 ], [ 177.502949037899839, -39.055240091608354 ], [ 177.50204891059181, -39.055253376413745 ], [ 177.501148098071155, -39.055260932014122 ], [ 177.500255252369186, -39.055335052498641 ], [ 177.499358972582939, -39.055380480658783 ], [ 177.498459581942029, -39.055399911766678 ], [ 177.497564589753949, -39.055456100258802 ], [ 177.496662979064126, -39.055456971969875 ] ] } },
{ "type": "Feature", "properties": { "group_id": "nzd0281" }, "geometry": { "type": "LineString", "coordinates": [ [ 177.794678344268704, -39.066314570107359 ], [ 177.793848510502386, -39.065999775429205 ], [ 177.792970203930821, -39.065855339264893 ], [ 177.792098693315751, -39.065687018166514 ], [ 177.791211868027602, -39.065572514567492 ], [ 177.790333289397211, -39.065429027832899 ], [ 177.789465932092554, -39.065246107608004 ], [ 177.788640245544542, -39.064916761817969 ], [ 177.723443094133586, -39.054805309631568 ], [ 177.722550350138164, -39.054713639619152 ], [ 177.721664604955379, -39.054580535993182 ], [ 177.720773354297847, -39.054493565058316 ], [ 177.719887943658534, -39.054357667762048 ], [ 177.718994640025898, -39.054287897723526 ], [ 177.718100245489268, -39.054227263002034 ], [ 177.717214599527722, -39.05409334649957 ], [ 177.71632521390498, -39.053990757359863 ], [ 177.715433510998537, -39.05390757691071 ], [ 177.714538889405304, -39.053848837364981 ], [ 177.713645876794942, -39.053776620544291 ], [ 177.712757359189993, -39.053666764470378 ], [ 177.711860457062414, -39.053592444570214 ], [ 177.710963407196573, -39.053509475914723 ], [ 177.710073449074798, -39.053392226004988 ], [ 177.709176403813331, -39.053359596370036 ], [ 177.708280130613019, -39.053318410364774 ], [ 177.707389957073275, -39.053209684477309 ], [ 177.706495352214574, -39.053150023158217 ], [ 177.705607149507017, -39.053019489368637 ], [ 177.704716515440225, -39.052915878166374 ] ] } },
{ "type": "Feature", "properties": { "group_id": "nzd0282" }, "geometry": { "type": "LineString", "coordinates": [ [ 177.378862105452498, -39.070472045016849 ], [ 177.377972688141455, -39.070605333299888 ], [ 177.377052558068073, -39.070667442393699 ], [ 177.376226160437454, -39.070946772495802 ], [ 177.375373899939177, -39.071166166034807 ], [ 177.374509019628903, -39.071356312048209 ], [ 177.373679079426495, -39.07162743539201 ], [ 177.372824224212991, -39.071840815778565 ], [ 177.371972632021595, -39.072061758741583 ], [ 177.371127872110037, -39.072298537280844 ], [ 177.370244932279121, -39.072446823653799 ], [ 177.36935187659563, -39.07257166069347 ], [ 177.368480679611991, -39.072747160111227 ], [ 177.367617616113279, -39.072938319822313 ], [ 177.366751953289878, -39.073112615772217 ], [ 177.365911483191411, -39.073350160202693 ], [ 177.364986801427705, -39.073393168820864 ], [ 177.364200113110257, -39.073772543755744 ], [ 177.363348959213795, -39.07399478110289 ], [ 177.362462247058346, -39.074130339544979 ], [ 177.3616270268476, -39.074391418448457 ], [ 177.360748183051612, -39.074546155338872 ], [ 177.359900670445455, -39.074777269845711 ], [ 177.359056120552737, -39.07501560790368 ], [ 177.358187704857983, -39.07519576486343 ], [ 177.357326670018239, -39.075393914979387 ], [ 177.356480094316311, -39.075627315947479 ], [ 177.35562932414993, -39.0758484580276 ], [ 177.35473341913098, -39.075956221004219 ], [ 177.35383297878488, -39.076053705892086 ], [ 177.352937519309307, -39.076165612645568 ], [ 177.351951318165959, -39.076050895582185 ], [ 177.351279475863606, -39.076721265997868 ], [ 177.350441210735966, -39.076976011492128 ], [ 177.349552973355713, -39.077105951847081 ], [ 177.348754226027836, -39.077459397623748 ], [ 177.347832893800643, -39.077506678755604 ], [ 177.346951575577606, -39.077653895648368 ], [ 177.346146616933169, -39.077991835222562 ], [ 177.345266962943327, -39.078143208778485 ] ] } },
{ "type": "Feature", "properties": { "group_id": "nzd0283" }, "geometry": { "type": "LineString", "coordinates": [ [ 177.86850969896301, -39.086606514170128 ], [ 177.871683008656589, -39.086158923480525 ], [ 177.871932531952467, -39.085478300075195 ], [ 177.872237018569706, -39.084802049678224 ], [ 177.872492260697442, -39.084121868430664 ], [ 177.872336006606247, -39.083382033557896 ], [ 177.872346637095006, -39.082643620610597 ], [ 177.872190394678199, -39.081938976120853 ], [ 177.872095671078597, -39.081241349855581 ], [ 177.872035211128747, -39.080537771900026 ], [ 177.871775252031313, -39.079829594357122 ], [ 177.871494395899674, -39.079109467862459 ], [ 177.871284528324708, -39.078388550742723 ], [ 177.870978606106007, -39.077725727703175 ], [ 177.870671665720067, -39.077063317626369 ], [ 177.870295941260821, -39.07642918698312 ], [ 177.869961333763626, -39.075778142754011 ], [ 177.869506498393577, -39.075176532661281 ], [ 177.869020584985975, -39.074587696746399 ], [ 177.868431142411112, -39.074039314192675 ], [ 177.867957306290549, -39.073377016544015 ], [ 177.867401491486191, -39.072747833266121 ], [ 177.866865515233229, -39.072184368715121 ], [ 177.866297238947084, -39.071643628577576 ], [ 177.865699481895945, -39.071123628936213 ], [ 177.865160330533115, -39.070562386665948 ], [ 177.864564562621354, -39.070040979263467 ], [ 177.863982283625717, -39.069510076186234 ], [ 177.863400729146235, -39.068978659253908 ], [ 177.862752955940749, -39.068493833424455 ], [ 177.862111949301152, -39.067959843279596 ], [ 177.861359343960061, -39.067511270469623 ], [ 177.860678041804533, -39.067044720414657 ], [ 177.859960704594783, -39.066625292296976 ], [ 177.859228631646744, -39.066220282516646 ], [ 177.858551825115114, -39.065761181378129 ], [ 177.857820621704974, -39.065355314079852 ], [ 177.857074560140376, -39.064963984508857 ], [ 177.856339271493709, -39.064558414260304 ], [ 177.855561640426856, -39.064191394144416 ], [ 177.854827909514569, -39.06374702079642 ], [ 177.854067070741593, -39.063363179519087 ], [ 177.85328031076952, -39.063023161886271 ], [ 177.852512359647079, -39.062651344707916 ], [ 177.851734204401055, -39.062296778580027 ], [ 177.850961255493814, -39.061933410161814 ], [ 177.850186578692387, -39.06157296256476 ], [ 177.849382697454388, -39.061202165302298 ], [ 177.848559418667776, -39.060844722277459 ], [ 177.847725503521531, -39.06058425231118 ], [ 177.846919045977899, -39.060264830772454 ], [ 177.846015373207251, -39.060059590523679 ], [ 177.845072114118068, -39.059892540681076 ], [ 177.844187948070157, -39.059630137225803 ], [ 177.843275281286736, -39.059639928307618 ], [ 177.842371361384977, -39.059609608924454 ], [ 177.841471595116445, -39.059560239922511 ], [ 177.840526213165163, -39.059485994498644 ], [ 177.83955512225927, -39.059304598449955 ], [ 177.838655800886357, -39.05933081138474 ], [ 177.837763811717764, -39.059412913617578 ], [ 177.836868638603363, -39.059466283461767 ], [ 177.835961607908587, -39.059412617486039 ] ] } },
{ "type": "Feature", "properties": { "group_id": "nzd0284" }, "geometry": { "type": "LineString", "coordinates": [ [ 177.344533383069688, -39.078260231738895 ], [ 177.343672211134646, -39.078457767140172 ], [ 177.342823533013814, -39.078686510694425 ], [ 177.341966419003768, -39.078894182975532 ], [ 177.341096067357654, -39.079068788133455 ], [ 177.340237668266809, -39.079273250235708 ], [ 177.339376076821623, -39.079469737766942 ], [ 177.338482732762145, -39.079594640722803 ], [ 177.337584809944872, -39.079728441486914 ], [ 177.336760538767152, -39.080022569045013 ], [ 177.335919160670983, -39.080266050903504 ], [ 177.335061688225267, -39.080474967712227 ], [ 177.334172203347947, -39.080615130556367 ], [ 177.333309201875949, -39.080812169543108 ], [ 177.332452582560165, -39.08102291463485 ], [ 177.331628270882277, -39.081303049271213 ], [ 177.330741061559053, -39.081448091430531 ], [ 177.329859996297756, -39.081606327180644 ], [ 177.32894185615919, -39.08168492654422 ], [ 177.328081877436119, -39.081888448600296 ], [ 177.327255941524754, -39.08216509307281 ], [ 177.326412638841106, -39.082404434552089 ], [ 177.325497062091245, -39.082488527458722 ], [ 177.324630917802295, -39.082678800757719 ], [ 177.323824759778518, -39.082997930603206 ], [ 177.322994338501758, -39.083264941541401 ], [ 177.322124832315495, -39.083447991690129 ], [ 177.321280845340482, -39.083685861007616 ], [ 177.320487767754315, -39.084033096325243 ], [ 177.319661150922315, -39.084308283096341 ], [ 177.31881423774368, -39.084541614332387 ], [ 177.317918696582495, -39.084672650179975 ], [ 177.317060775581496, -39.084881902311629 ], [ 177.316208863237193, -39.085103046460361 ], [ 177.315333236981814, -39.085274104914063 ], [ 177.314412670681008, -39.085350243491817 ], [ 177.263075021054277, -39.100298557071788 ], [ 177.262203897432812, -39.100501001078797 ], [ 177.261395372739031, -39.100804090918366 ], [ 177.260636047628907, -39.101186285500191 ], [ 177.259623799398327, -39.101161813288861 ], [ 177.258878774878582, -39.101566999938996 ], [ 177.258000052260911, -39.101757213344115 ], [ 177.257172668135098, -39.10202997218115 ], [ 177.25636759099649, -39.102338598093851 ], [ 177.255691161962034, -39.102854083911026 ], [ 177.254860079418222, -39.103120894692069 ], [ 177.254022605343039, -39.103377426452646 ], [ 177.253300049960444, -39.103818745791095 ], [ 177.252475132402765, -39.104095467220937 ], [ 177.251626268450053, -39.104333680791726 ], [ 177.250726789856088, -39.104488099765902 ], [ 177.249935002872405, -39.104815287148995 ], [ 177.249132008749143, -39.105126726859773 ], [ 177.248315408002696, -39.105416661972839 ], [ 177.247461227388953, -39.105645326164691 ], [ 177.246638589637428, -39.105925415980295 ], [ 177.245710958516867, -39.10603431969453 ], [ 177.245055311021559, -39.10658667479845 ], [ 177.24421559862742, -39.106838922765562 ], [ 177.243394576575611, -39.10712164321636 ], [ 177.242612658129048, -39.10746812084885 ], [ 177.241773632339232, -39.107721484522948 ], [ 177.240958433377727, -39.108013696845241 ], [ 177.239965474453811, -39.108016060910522 ], [ 177.239275629396445, -39.10851266732405 ], [ 177.238472089031006, -39.108823886469473 ], [ 177.237668292730149, -39.109134687796256 ], [ 177.236853881273589, -39.109428179373602 ], [ 177.236066695307301, -39.109766064884575 ], [ 177.235259817931791, -39.110071840664205 ], [ 177.234268254995754, -39.110076454184664 ], [ 177.233274299478268, -39.110077156397111 ], [ 177.232788633221475, -39.110906728382922 ], [ 177.231941628333573, -39.111147064253146 ], [ 177.231116779469403, -39.111423528788343 ], [ 177.23027820529785, -39.111678701219645 ], [ 177.229449307191231, -39.111955501401916 ], [ 177.228626719816901, -39.11224224838746 ], [ 177.227809015405114, -39.11253111238176 ], [ 177.226986304143651, -39.112812173934032 ], [ 177.22601767943442, -39.112865883190011 ], [ 177.22520348371819, -39.113160207929539 ], [ 177.224325561722225, -39.113355235678895 ], [ 177.223459735395039, -39.113569107217572 ], [ 177.222557604940278, -39.113726406470718 ] ] } },
{ "type": "Feature", "properties": { "group_id": "nzd0285" }, "geometry": { "type": "LineString", "coordinates": [ [ 177.167636098886362, -39.134008862883285 ], [ 177.166682344107443, -39.13407417975138 ], [ 177.165894081673372, -39.134455632195191 ], [ 177.165162921752881, -39.134859308699816 ], [ 177.16441810785102, -39.135172100308132 ], [ 177.163523463673471, -39.135428118837169 ], [ 177.162725696984126, -39.13574428017062 ], [ 177.162001568585538, -39.136087618602723 ], [ 177.161186317746058, -39.136331026950465 ], [ 177.160406670515613, -39.136713992424141 ], [ 177.159630321675166, -39.137100521366243 ], [ 177.158834090370874, -39.137423746820872 ], [ 177.158046126541137, -39.137749887297488 ], [ 177.157249061539147, -39.138059277676049 ], [ 177.156450992633552, -39.138371854201303 ], [ 177.15564343285601, -39.138697511641418 ], [ 177.154836308751896, -39.139014898646963 ], [ 177.15404894919439, -39.139329177415554 ], [ 177.153279680279581, -39.139676002646674 ], [ 177.152493298423053, -39.139999203823351 ], [ 177.151695614587453, -39.140322292894375 ], [ 177.15088560227764, -39.140639055764993 ], [ 177.150115256066726, -39.140988990386965 ], [ 177.149341482360938, -39.141333744508472 ], [ 177.148553534951247, -39.141669896118344 ], [ 177.147755367917199, -39.141982381546313 ], [ 177.146957910888091, -39.142300250349095 ], [ 177.146175056841884, -39.142615746850716 ], [ 177.145368789144868, -39.142915061665917 ], [ 177.144546475953547, -39.143206283835823 ], [ 177.143768960650902, -39.143540853706476 ], [ 177.142983141179911, -39.143880154345361 ], [ 177.142205570927928, -39.144224235965353 ], [ 177.141436109597578, -39.144583006270793 ], [ 177.140631833151019, -39.144886175471456 ], [ 177.139874054409432, -39.1452454693761 ], [ 177.139096368468643, -39.145581692795027 ], [ 177.138318859396691, -39.145933470953437 ], [ 177.137534093175958, -39.146279162004561 ], [ 177.136749843099892, -39.146621703231311 ], [ 177.135941884298802, -39.146933983762793 ], [ 177.135174656369259, -39.147287507750079 ], [ 177.134397173784407, -39.147591660088338 ], [ 177.133599728419711, -39.147921632272016 ], [ 177.132790243816999, -39.148236826730631 ], [ 177.132004083042517, -39.148566467984885 ], [ 177.131234753862259, -39.14890760996667 ], [ 177.130441905708778, -39.149238291655777 ], [ 177.129662734281482, -39.149581545592604 ], [ 177.128863973370642, -39.149881543722664 ], [ 177.128068959440611, -39.150212548286333 ], [ 177.127236700365756, -39.150474373419776 ], [ 177.065457534921279, -39.182169772686869 ], [ 177.064764387338386, -39.182641158559143 ], [ 177.064012357789977, -39.183044220285467 ], [ 177.063294388839921, -39.183439946063835 ], [ 177.062584108657859, -39.183834808285873 ], [ 177.061848038190647, -39.184242797211596 ], [ 177.06115993726084, -39.184707829162562 ], [ 177.060475449696526, -39.185166451607287 ], [ 177.059775855622291, -39.185595755623034 ], [ 177.058998390535862, -39.185947172295116 ], [ 177.058287046563265, -39.186392541903899 ], [ 177.057598255270761, -39.186844807323105 ], [ 177.056800182007606, -39.187176024513938 ], [ 177.056121032352422, -39.187620186718476 ], [ 177.055489420030369, -39.188110565528937 ], [ 177.054809528110923, -39.188572896938503 ], [ 177.054088934804213, -39.18900384872245 ], [ 177.053426096775553, -39.189477481704706 ], [ 177.05271155221223, -39.189893033175693 ], [ 177.051998001502028, -39.190311367041559 ], [ 177.051364762340739, -39.190808564100514 ], [ 177.050703192749694, -39.191275887506087 ], [ 177.050008837112586, -39.191716683058125 ], [ 177.049281958988331, -39.192133293056564 ], [ 177.048611482201409, -39.192602614351628 ], [ 177.047968668377564, -39.193099010748959 ], [ 177.047298266868495, -39.193563853997873 ], [ 177.046683863837217, -39.194059570868312 ], [ 177.046029302686861, -39.194536413031038 ], [ 177.0453694733107, -39.195014198623376 ], [ 177.044707150006872, -39.195492643361902 ], [ 177.044045133126502, -39.195979947727423 ], [ 177.043431100694391, -39.196516645657191 ], [ 177.042790130768736, -39.197021471999413 ], [ 177.042092606857523, -39.197464758141813 ], [ 177.041452759197881, -39.197952604652023 ], [ 177.040910017226935, -39.198507121248845 ], [ 177.040426093503925, -39.199097445523314 ], [ 177.039803069568364, -39.199603073878826 ], [ 177.039187617416871, -39.200147454368427 ], [ 177.038743465573987, -39.200837477500933 ], [ 177.038526343146515, -39.201570453790076 ], [ 177.038201455640916, -39.202219277354928 ], [ 177.038001117760501, -39.202903539694418 ], [ 177.037797604790541, -39.20358689207464 ] ] } },
{ "type": "Feature", "properties": { "group_id": "nzd0286" }, "geometry": { "type": "LineString", "coordinates": [ [ 177.941233614052635, -39.155657368273509 ], [ 177.940511930912464, -39.156071864869496 ], [ 177.939764277319057, -39.156460608915289 ], [ 177.93897020009814, -39.156803320161906 ], [ 177.938262091933723, -39.157231269313378 ], [ 177.937522336059345, -39.157627836433946 ], [ 177.936794456845433, -39.158036177221916 ], [ 177.936126884307413, -39.158551372677358 ], [ 177.935419205695524, -39.159053263975501 ], [ 177.934786241681934, -39.159578879281213 ], [ 177.934173476274623, -39.160089627055598 ], [ 177.933543517171472, -39.160589484045644 ], [ 177.933041847663134, -39.16117401640048 ], [ 177.932491830802292, -39.161728708109749 ], [ 177.931924061381892, -39.162269074859061 ], [ 177.931407175225615, -39.162839596355077 ], [ 177.930915232032902, -39.163425405147684 ], [ 177.930312792608447, -39.163943469727215 ], [ 177.929777831111664, -39.16450289789789 ], [ 177.929146423522809, -39.165003195415871 ], [ 177.928535284166372, -39.165519904879673 ], [ 177.92791504095365, -39.166047978579094 ], [ 177.927322286557143, -39.166594734572698 ], [ 177.926773734892805, -39.167148627628869 ], [ 177.92628909100543, -39.167734551069763 ], [ 177.925807857951241, -39.168322179562431 ], [ 177.925308954644862, -39.168900945849103 ], [ 177.924792098024312, -39.16950802152521 ], [ 177.924330358511696, -39.170155207086403 ], [ 177.923832145538086, -39.170774270005403 ], [ 177.92334953321901, -39.171426005666568 ], [ 177.923401817248674, -39.172210253991551 ], [ 177.923383753686579, -39.172935716874605 ], [ 177.923374234028813, -39.173646385907297 ], [ 177.923369881838795, -39.174362766498042 ], [ 177.923309476428187, -39.175065686082718 ], [ 177.923314036160122, -39.175749455688553 ], [ 177.923432655568064, -39.176441069154336 ], [ 177.923407356559721, -39.177139920569957 ], [ 177.923356380811697, -39.177861110303489 ], [ 177.92333752374978, -39.178595694053392 ], [ 177.923236713830022, -39.179321786465415 ], [ 177.923614244347874, -39.179976378880895 ], [ 177.923976011350021, -39.180630441398343 ], [ 177.924260003734446, -39.181301534088206 ], [ 177.924543460838748, -39.181969153743623 ], [ 177.924896630001172, -39.182612327722644 ], [ 177.924995656837467, -39.18330840158044 ], [ 177.925126722736564, -39.183980539931284 ], [ 177.925127789644165, -39.184664489838916 ], [ 177.924898243176017, -39.185339169769215 ], [ 177.924562414000746, -39.185975599738804 ], [ 177.92444564098048, -39.186664392218603 ], [ 177.924318839912104, -39.187354178716468 ], [ 177.924117714102692, -39.188034916260875 ], [ 177.923954377828068, -39.188720135383818 ], [ 177.923941947434855, -39.189423755059295 ], [ 177.923736557257882, -39.190090330197002 ], [ 177.923393553104461, -39.190706616114397 ], [ 177.923155867374135, -39.191369905187123 ], [ 177.922878065830389, -39.192033740502211 ], [ 177.922502886213948, -39.192666479126487 ], [ 177.922132846097725, -39.193300852964967 ] ] } },
{ "type": "Feature", "properties": { "group_id": "nzd0287" }, "geometry": { "type": "LineString", "coordinates": [ [ 177.919688342776311, -39.19682619298797 ], [ 177.919206630716673, -39.197418217904342 ], [ 177.918916977577197, -39.198079996037322 ], [ 177.918449953903973, -39.198661947895971 ], [ 177.917970154901809, -39.199273550391986 ], [ 177.917712926994597, -39.200009659112361 ], [ 177.917484328339299, -39.200733533900191 ], [ 177.917534338219099, -39.201438615314487 ], [ 177.917283838934821, -39.20211765626803 ], [ 177.91708870865628, -39.202754095119701 ], [ 177.916778109148083, -39.203347334495355 ], [ 177.916457211063658, -39.203989897614193 ], [ 177.91610124378937, -39.204637789002952 ], [ 177.915645121326634, -39.20526382768778 ], [ 177.915520305265886, -39.205967041922882 ], [ 177.915301767663436, -39.206644440262323 ], [ 177.914996052371606, -39.207302372045653 ], [ 177.914763017932813, -39.207976986367946 ], [ 177.91447269014779, -39.20863572323826 ], [ 177.914136717644112, -39.209281989964872 ], [ 177.913841125678914, -39.209937320317593 ] ] } },
{ "type": "Feature", "properties": { "group_id": "nzd0288" }, "geometry": { "type": "LineString", "coordinates": [ [ 177.027132126305901, -39.242337379062029 ], [ 177.026374288545497, -39.242746237682674 ], [ 177.025382492870989, -39.24299415892407 ], [ 177.025013997821389, -39.243670826671064 ], [ 177.024555367521799, -39.244285488758472 ], [ 177.023934931680031, -39.244787887684396 ], [ 177.023276784383029, -39.245260659885957 ], [ 177.022788935180614, -39.245854198967315 ], [ 177.022215996399041, -39.246390812468334 ], [ 177.021685089119472, -39.246980209925475 ], [ 177.021238145815147, -39.247582425553844 ] ] } },
{ "type": "Feature", "properties": { "group_id": "nzd0291" }, "geometry": { "type": "LineString", "coordinates": [ [ 176.951618209550929, -39.320632992025786 ], [ 176.951107285965378, -39.321205141940979 ], [ 176.950567530161464, -39.321760330004231 ], [ 176.950047534217248, -39.322327135573971 ], [ 176.949512137339269, -39.32288487890937 ], [ 176.949022547788331, -39.323469559414406 ], [ 176.948528858969695, -39.324054451828715 ], [ 176.948085633840691, -39.324660617989728 ], [ 176.947600633626024, -39.325245977687523 ], [ 176.947104262662748, -39.325826214928504 ], [ 176.946628153846746, -39.326416171413307 ], [ 176.946165715910723, -39.327013051591543 ], [ 176.945673032898981, -39.327597028809613 ], [ 176.945176347240363, -39.328180351123471 ], [ 176.944722525780008, -39.32878193805162 ] ] } },
{ "type": "Feature", "properties": { "group_id": "nzd0292" }, "geometry": { "type": "LineString", "coordinates": [ [ 173.772588358792035, -39.361479735115878 ], [ 173.77265426194765, -39.360767097228802 ], [ 173.772656156894072, -39.360062710243149 ], [ 173.772617507353573, -39.359363547227872 ], [ 173.772559811844047, -39.358666834612841 ], [ 173.772562696711731, -39.35796229899686 ], [ 173.772645564435976, -39.35724743669725 ], [ 173.77262990340725, -39.356545279779354 ], [ 173.772614145636709, -39.355843128374183 ], [ 173.772551169203325, -39.355147062529895 ], [ 173.772444146138014, -39.35445667311744 ], [ 173.772273764000033, -39.353752296254342 ], [ 173.772117882027146, -39.353045391679977 ], [ 173.771943037934392, -39.352363805169091 ], [ 173.771782185576171, -39.351680214233888 ], [ 173.771453664984165, -39.351023380405749 ], [ 173.771187889670813, -39.350356524337222 ], [ 173.770812957899835, -39.349707085324788 ], [ 173.770573654460463, -39.349035990488623 ], [ 173.770448297826391, -39.348346700728683 ], [ 173.770471175171792, -39.347633742688451 ], [ 173.770401958213398, -39.346935478080134 ], [ 173.770219031056115, -39.346265935790846 ], [ 173.769858542767167, -39.345624195444259 ], [ 173.769590110229103, -39.344958172521132 ], [ 173.769345633762583, -39.344286397381254 ], [ 173.769064707750744, -39.343619712267284 ], [ 173.768846002618005, -39.342944320115244 ], [ 173.768738528684338, -39.34225336784953 ], [ 173.768438844616668, -39.341589285597507 ], [ 173.76838735767177, -39.340890491293273 ], [ 173.768424923450766, -39.340179237659775 ], [ 173.768221735755105, -39.339501642309848 ], [ 173.768334836411924, -39.338779812383336 ], [ 173.768024966713966, -39.338074193726278 ], [ 173.767809888444873, -39.337333708345888 ], [ 173.767487382950719, -39.33666142287867 ], [ 173.767108969581813, -39.336027714640167 ], [ 173.766631292941696, -39.335420818072336 ], [ 173.766248670899728, -39.33478823454179 ], [ 173.765876654034798, -39.33415277968016 ], [ 173.765593645195025, -39.333493271568692 ], [ 173.765445520964676, -39.332797315536808 ], [ 173.765174588964413, -39.332134532133601 ], [ 173.764949694253488, -39.331459304520692 ], [ 173.76463898653347, -39.330789657204107 ], [ 173.764222894633519, -39.330124352442951 ], [ 173.763740713575032, -39.329503968730521 ], [ 173.7632148212858, -39.328932431041721 ] ] } },
{ "type": "Feature", "properties": { "group_id": "nzd0293" }, "geometry": { "type": "LineString", "coordinates": [ [ 176.897840944216995, -39.370779438553605 ], [ 176.897461691555407, -39.371400659505532 ], [ 176.897098787537089, -39.37203566832828 ], [ 176.896779282987779, -39.372685936627377 ], [ 176.896427826258503, -39.373324960502309 ], [ 176.896075717286266, -39.373963749287476 ], [ 176.895725782658474, -39.374603297183114 ], [ 176.895413781895599, -39.375256181837564 ], [ 176.895069328646429, -39.375897646269728 ], [ 176.894724026712453, -39.376538806501976 ], [ 176.894393512514739, -39.377185899023722 ], [ 176.894104347996773, -39.377846474968365 ], [ 176.89379020312785, -39.378497626832292 ], [ 176.893414343557424, -39.379132345682116 ], [ 176.877166167124614, -39.418823198299947 ], [ 176.877058250673684, -39.419513595090763 ], [ 176.876893818758248, -39.420192674928103 ], [ 176.876627078095567, -39.4208660466902 ], [ 176.87648236926961, -39.421551230260505 ], [ 176.876348421542019, -39.422237419892319 ], [ 176.876153753561852, -39.422917887957645 ], [ 176.876011924180659, -39.4236033223156 ], [ 176.875851160847105, -39.424286967929916 ], [ 176.875754665925967, -39.424976655491726 ], [ 176.875565333129913, -39.425657598793329 ], [ 176.87546726273419, -39.426347124542225 ], [ 176.875380024434776, -39.427037662932975 ], [ 176.875262315230032, -39.427725326791808 ], [ 176.875140014432134, -39.428412358686423 ], [ 176.875054109183878, -39.429102911661673 ], [ 176.874988046256817, -39.429795601675707 ], [ 176.874910514403496, -39.430487158482947 ], [ 176.874796151573719, -39.43117508947924 ], [ 176.8745605006348, -39.431851096098555 ], [ 176.874454025078933, -39.432539788624013 ], [ 176.874358521566307, -39.433229552442405 ], [ 176.874206681883834, -39.433913774048023 ], [ 176.874128943684468, -39.434605269843686 ], [ 176.873954473012788, -39.435287254334789 ], [ 176.873840486879573, -39.435975175017568 ], [ 176.873730903316556, -39.43666352149107 ], [ 176.873619002253207, -39.437351633476901 ], [ 176.873523364744102, -39.438041336610368 ], [ 176.873384626960558, -39.438726798271723 ], [ 176.87324064369443, -39.439411737813536 ], [ 176.873098465780629, -39.440092762977102 ], [ 176.873008069443443, -39.440772367891739 ], [ 176.872970356029555, -39.441460075161103 ], [ 176.872874901319761, -39.442152474157773 ], [ 176.872820528880368, -39.44284536050997 ], [ 176.87280345802418, -39.443538688715954 ], [ 176.872721032244868, -39.444231223801985 ], [ 176.872627831650505, -39.444923622377281 ], [ 176.87259279459866, -39.445616713779032 ], [ 176.872514272191495, -39.446309275162484 ], [ 176.872444868274556, -39.447001854756437 ], [ 176.872425944277268, -39.447694196180905 ], [ 176.872410741835296, -39.448389424389916 ], [ 176.872416506712625, -39.449084158346423 ], [ 176.872416551301058, -39.449779190473237 ], [ 176.872426355294294, -39.450473695210796 ], [ 176.872453602185914, -39.451167262791202 ], [ 176.872416784448291, -39.451864240121729 ], [ 176.872487065798936, -39.452555498825923 ], [ 176.872636955657384, -39.453242504928525 ], [ 176.872716840834215, -39.453933237575797 ], [ 176.872755837754369, -39.454626150806973 ], [ 176.873007418755094, -39.455294862479938 ], [ 176.873163606875693, -39.455965710577054 ], [ 176.873271896269557, -39.456657910292876 ], [ 176.873405750143945, -39.457345557034564 ], [ 176.873561655524554, -39.458029275581147 ], [ 176.873726596774674, -39.458711380584838 ], [ 176.873913347910729, -39.459389600407256 ], [ 176.874113794459078, -39.460065378086448 ], [ 176.874303328198863, -39.46074308979118 ], [ 176.874544592356045, -39.461411595455623 ], [ 176.874811917369044, -39.462057481141038 ], [ 176.875130106362406, -39.462671879259226 ], [ 176.875395702243623, -39.463337180980155 ], [ 176.875705428975152, -39.463994607156231 ], [ 176.876031710091979, -39.464645315637 ], [ 176.876328082106795, -39.465308145016685 ], [ 176.876709632381278, -39.46593643337485 ], [ 176.877063967479614, -39.466575750442793 ], [ 176.877461442535946, -39.467197570963179 ], [ 176.87785427441321, -39.467821268461876 ], [ 176.878242041031712, -39.46844667279872 ] ] } },
{ "type": "Feature", "properties": { "group_id": "nzd0294" }, "geometry": { "type": "LineString", "coordinates": [ [ 176.922212785432578, -39.480844332366971 ], [ 176.92206737581094, -39.481532117808925 ], [ 176.921841717176193, -39.48220400487498 ], [ 176.921569289540543, -39.482874103165933 ], [ 176.921461003773743, -39.4835652023473 ], [ 176.921355958313143, -39.484248510996721 ], [ 176.921265704809827, -39.484937713972357 ], [ 176.921174800851134, -39.485624558215953 ], [ 176.921092968221217, -39.486312832873757 ], [ 176.920993367235553, -39.48700309776487 ], [ 176.920966000491546, -39.487695832531209 ], [ 176.920861199197645, -39.488385917798261 ], [ 176.920658149814471, -39.489070189812104 ], [ 176.920673741566077, -39.489764786164145 ], [ 176.920610807972224, -39.490454710537151 ], [ 176.920593837203256, -39.491144402638625 ], [ 176.920534418335222, -39.491837249919961 ], [ 176.920460481734381, -39.492529418578492 ], [ 176.920375612474686, -39.493220314777872 ], [ 176.920379411986005, -39.493914432913108 ], [ 176.920346866592041, -39.494606940980269 ], [ 176.920232120277348, -39.495295146633651 ], [ 176.92017235440423, -39.495987049502382 ], [ 176.920138041961252, -39.496680021266108 ], [ 176.920121750895277, -39.497373015594775 ], [ 176.920043369194929, -39.498062967663628 ], [ 176.920017616759452, -39.498754641748995 ], [ 176.919956358899213, -39.499446599628413 ], [ 176.919952238708532, -39.500139411838823 ], [ 176.919864711379319, -39.500829613236903 ], [ 176.919808973847893, -39.501521545026272 ], [ 176.919764875260711, -39.502215505341496 ], [ 176.91975971204522, -39.502911592051035 ], [ 176.919668194829228, -39.503604136505714 ], [ 176.919646893395367, -39.504297986437379 ], [ 176.919643981397371, -39.504979031357095 ], [ 176.91960572938379, -39.505661845767918 ], [ 176.919592163448101, -39.506358728232165 ], [ 176.919572164268146, -39.507055166904522 ], [ 176.919537228615212, -39.507745738121713 ], [ 176.919487804991178, -39.508435212411534 ], [ 176.919436185640365, -39.509129219569488 ], [ 176.919400063376031, -39.509824794091386 ], [ 176.919373568572922, -39.510513551497532 ], [ 176.919318512948252, -39.51120056344196 ], [ 176.919278527510784, -39.511894793906343 ], [ 176.919225880719779, -39.512589707559314 ], [ 176.919239301211576, -39.513281488850879 ], [ 176.919176678027867, -39.51397503527582 ], [ 176.919159262425211, -39.514668904350621 ], [ 176.919177851363258, -39.515360320516727 ], [ 176.919169553351225, -39.516044549272827 ], [ 176.919144065833422, -39.516734960591748 ], [ 176.919161592076023, -39.517432785181221 ], [ 176.919203358032604, -39.518126049451368 ], [ 176.919179213530015, -39.51881683338874 ], [ 176.919240930998683, -39.519508508745652 ], [ 176.919221822213871, -39.520203445226265 ], [ 176.919212399049826, -39.520898006790411 ], [ 176.919249610213001, -39.521591082338212 ], [ 176.919247362249195, -39.522280910859514 ], [ 176.919261322674345, -39.522970910241582 ], [ 176.919315776692287, -39.52365914478068 ], [ 176.9193851998441, -39.524346410837339 ], [ 176.919395788886646, -39.525043595017976 ], [ 176.919343060931794, -39.525742534090497 ], [ 176.919378393217954, -39.526432042543505 ], [ 176.91947809405454, -39.527115390471224 ], [ 176.91955246383236, -39.527808830083707 ], [ 176.919623159758345, -39.528503344977977 ], [ 176.919665565937322, -39.529191585071182 ], [ 176.919670829489831, -39.529884559489055 ], [ 176.919607607645872, -39.530586062437337 ], [ 176.919732683506368, -39.531267267921997 ], [ 176.919866572056435, -39.531941920425965 ], [ 176.919944644597365, -39.53263502922514 ], [ 176.920077685733304, -39.533323097421217 ], [ 176.92014229913778, -39.534014364369433 ], [ 176.920139234704834, -39.534710536923477 ], [ 176.920194270221344, -39.535402340304366 ], [ 176.920267914657416, -39.536092658244634 ], [ 176.920365024676983, -39.536778009172977 ], [ 176.92042213977021, -39.537467915737743 ], [ 176.920439091568454, -39.538167280072486 ], [ 176.920472783847401, -39.538862182575741 ], [ 176.920652494176693, -39.539541953912547 ], [ 176.920765105002857, -39.540228995551665 ], [ 176.920836369025238, -39.540919943458142 ], [ 176.920871720216269, -39.541614047976097 ], [ 176.921026738069799, -39.542296916284307 ], [ 176.95800094216753, -39.615797838557889 ], [ 176.958498942807552, -39.616375057634045 ], [ 176.959016107363624, -39.616943274098517 ], [ 176.959521160531239, -39.617523586628614 ], [ 176.960032093340118, -39.618098325082826 ], [ 176.960600686886835, -39.618634151862189 ], [ 176.961193427202005, -39.6191536810203 ], [ 176.961743399151999, -39.61970206484677 ], [ 176.962271442825937, -39.620265195518378 ], [ 176.962815285898444, -39.620817443729408 ], [ 176.963386604072667, -39.621351174301942 ], [ 176.963956064581367, -39.621886347830042 ], [ 176.964554334486905, -39.622402135280041 ], [ 176.965106663137703, -39.622948826245647 ] ] } },
{ "type": "Feature", "properties": { "group_id": "nzd0295" }, "geometry": { "type": "LineString", "coordinates": [ [ 177.055431228934708, -39.688793687380503 ], [ 177.054798689956215, -39.689285301727182 ], [ 177.054043492474591, -39.689673848242492 ], [ 177.053289366935786, -39.690063291985496 ], [ 177.052571182187279, -39.690482932233564 ], [ 177.051876891804653, -39.690922647086829 ], [ 177.051084652396639, -39.691280054589463 ], [ 177.050380397632154, -39.691711390210905 ], [ 177.04972211296419, -39.69218135067365 ], [ 177.049094867555084, -39.692677390070223 ], [ 177.048420796962859, -39.693134080145022 ], [ 177.047782874252448, -39.693621141909659 ], [ 177.047171357892893, -39.694130389794815 ], [ 177.046505808935621, -39.694594231917854 ], [ 177.045871478722233, -39.695105752546098 ], [ 177.045233403793333, -39.695619710535397 ], [ 177.044657893534605, -39.696158706272087 ], [ 177.044063250862735, -39.696678046407406 ], [ 177.043477698297295, -39.697202841990574 ], [ 177.042907419982214, -39.69773680726211 ], [ 177.042283714817671, -39.698238679933972 ], [ 177.041759236228813, -39.69880014458797 ], [ 177.041245713002638, -39.699368184938123 ], [ 177.040678056104497, -39.699903708214585 ], [ 177.040161640293434, -39.700470002990166 ], [ 177.039635541938225, -39.701030478241634 ], [ 177.039098914691181, -39.701584625675558 ], [ 177.038620332644001, -39.702173804296002 ], [ 177.038050991973137, -39.702719839791875 ], [ 177.037585344904699, -39.703311128059681 ], [ 177.037060515123812, -39.703876693538319 ], [ 177.036576860518352, -39.704460046590022 ], [ 177.036164111409761, -39.705074034192315 ], [ 177.035665979783289, -39.705651121299468 ], [ 177.035176500860558, -39.706231942340068 ], [ 177.034788716731072, -39.706856702360483 ], [ 177.034381892885762, -39.707473229764695 ], [ 177.033998276025187, -39.708099779992466 ], [ 177.033559335349082, -39.708702418879518 ], [ 177.033074954385654, -39.709285417387953 ], [ 177.032598974520681, -39.709872041037364 ], [ 177.032136088610173, -39.710464317644842 ], [ 177.031666712147938, -39.711053784535032 ], [ 177.031246277508444, -39.711664394520213 ], [ 177.030795829330401, -39.712262030269692 ], [ 177.030374806757237, -39.712872375892943 ], [ 177.029901476357594, -39.71346011387206 ], [ 177.029406584179867, -39.714038529825714 ], [ 177.028921785730859, -39.714621527032591 ], [ 177.028456573462535, -39.715212666424186 ], [ 177.028001057508789, -39.715808350695461 ], [ 177.02745169488972, -39.716358450568563 ], [ 177.026933703759482, -39.716923767627918 ], [ 177.026421281687249, -39.717491782121677 ], [ 177.02589730776225, -39.718054186722753 ], [ 177.025378532100888, -39.718619108843498 ], [ 177.024866799991486, -39.719187443840362 ], [ 177.024334928348878, -39.719747449641226 ], [ 177.023844935394465, -39.720330047212371 ], [ 177.023405698299598, -39.720934688379877 ], [ 177.022900694609206, -39.721510915659543 ], [ 177.022421097668342, -39.722097372099185 ], [ 177.021916431322097, -39.722673724829455 ], [ 177.021401882316866, -39.723246091392468 ], [ 177.020941484340909, -39.723840265921666 ], [ 177.020506765781732, -39.724444779401345 ], [ 177.0200648777124, -39.725046399589417 ], [ 177.019544243887481, -39.725616294219712 ], [ 177.019158370634301, -39.726240467746045 ], [ 177.018678545234735, -39.726826790338144 ] ] } },
{ "type": "Feature", "properties": { "group_id": "nzd0296" }, "geometry": { "type": "LineString", "coordinates": [ [ 176.99884946140773, -39.785439216118931 ], [ 176.998536649070502, -39.786089440635223 ], [ 176.998293631869672, -39.786753794189842 ], [ 176.997916680959122, -39.787391016341481 ], [ 176.997591325912992, -39.788038681700527 ], [ 176.997249380316219, -39.788682980733256 ], [ 176.996839330954401, -39.789313480633645 ], [ 176.996607801715129, -39.789980129291656 ], [ 176.9964367806692, -39.79065902593252 ], [ 176.996204848601138, -39.791325580115846 ], [ 176.996044551431453, -39.792006635517296 ], [ 176.995847441219126, -39.792711359962176 ], [ 176.995603430788435, -39.793418568099248 ], [ 176.995474754983292, -39.794108397229543 ], [ 176.995338041354785, -39.794791067016362 ], [ 176.995100793165875, -39.795465586284685 ], [ 176.994861216741469, -39.796139910151958 ], [ 176.994594333375716, -39.79681201519049 ], [ 176.994428826045493, -39.797492325495867 ], [ 176.994238986138214, -39.798184777839026 ], [ 176.994289592887554, -39.798909589287753 ], [ 176.994316558685085, -39.799616956613981 ], [ 176.994290351941942, -39.80030653967998 ], [ 176.994395692445693, -39.800999736245409 ], [ 176.99443815695733, -39.801691195230966 ], [ 176.994328066285703, -39.802378448914425 ], [ 176.994213803838704, -39.803065580904949 ], [ 176.994218600344965, -39.803755982505756 ], [ 176.994174373893713, -39.804445028080409 ], [ 176.994209418341256, -39.805136248133714 ], [ 176.994276522405698, -39.805828343316968 ], [ 176.994175438544431, -39.806515803578826 ], [ 176.994065723765459, -39.807203019465099 ], [ 176.994060373071221, -39.807893100161408 ], [ 176.994067669426101, -39.808583521879903 ], [ 176.99394219367494, -39.809270283472223 ], [ 176.993935581293982, -39.809968034782536 ], [ 176.993853066088406, -39.810709561879108 ], [ 176.993806074553618, -39.811472912142911 ], [ 176.994193923782319, -39.812112347902563 ], [ 176.994332656433102, -39.812795495267402 ], [ 176.994468304207743, -39.813479177306512 ], [ 176.994549116589127, -39.814172475804391 ], [ 176.994669740265579, -39.814858780994584 ], [ 176.994692601295554, -39.815561620785694 ], [ 176.994928868451723, -39.816226638664091 ], [ 176.99518598470658, -39.816888691260999 ], [ 176.995262911027908, -39.817582358953864 ], [ 176.995516028649462, -39.818245504202132 ], [ 176.995776427891599, -39.818907381598031 ], [ 176.995995291935884, -39.819576446096406 ], [ 176.996316878845221, -39.820227712501115 ], [ 176.996538043414716, -39.820896365189611 ] ] } },
{ "type": "Feature", "properties": { "group_id": "nzd0297" }, "geometry": { "type": "LineString", "coordinates": [ [ 176.998064346274532, -39.840883009004799 ], [ 176.99740979624255, -39.841355024863873 ], [ 176.99678189953309, -39.841852047354514 ], [ 176.996196342050524, -39.842392585708915 ], [ 176.995697844590609, -39.842984907502455 ], [ 176.995277863698874, -39.843607642337666 ], [ 176.994848833894252, -39.844247204960759 ], [ 176.994540099326571, -39.844905938329362 ] ] } },
{ "type": "Feature", "properties": { "group_id": "nzd0298" }, "geometry": { "type": "LineString", "coordinates": [ [ 176.985383676863989, -39.857348425132962 ], [ 176.98465869261841, -39.85775577607054 ], [ 176.983973142143014, -39.858244710833617 ], [ 176.983351496528826, -39.858815410335644 ], [ 176.982671598156259, -39.859334703367374 ], [ 176.982059663785037, -39.85985893423301 ], [ 176.981566165601322, -39.860444481361256 ], [ 176.981091013428198, -39.861054979518222 ], [ 176.980755863638421, -39.861722210773593 ], [ 176.980382324182841, -39.862350136678955 ] ] } },
{ "type": "Feature", "properties": { "group_id": "nzd0299" }, "geometry": { "type": "LineString", "coordinates": [ [ 174.818377138014597, -39.86358287010308 ], [ 174.817556848376057, -39.86329363372608 ], [ 174.81673187120137, -39.863014868180564 ], [ 174.81587096637486, -39.862816347813521 ], [ 174.815033011824966, -39.862566566891111 ], [ 174.814171613906041, -39.862369144688529 ], [ 174.813340842502555, -39.862103319688089 ], [ 174.812496011533483, -39.861868894876729 ], [ 174.811664561524935, -39.861604585481032 ], [ 174.810820001938168, -39.861369553595551 ], [ 174.809954684430835, -39.861180878238144 ], [ 174.809115883807436, -39.860932983207533 ], [ 174.808288016220189, -39.860660672687125 ], [ 174.807447304107853, -39.860417046046379 ], [ 174.806625925112513, -39.86013024648318 ], [ 174.805754585032133, -39.859955013331493 ], [ 174.804895821281974, -39.859751694318255 ], [ 174.804028460068196, -39.859567571265266 ], [ 174.80317361956125, -39.859355487908289 ], [ 174.802339661813761, -39.859096774239546 ], [ 174.801467827647656, -39.858922632832098 ], [ 174.800679237527078, -39.858562620606293 ] ] } },
{ "type": "Feature", "properties": { "group_id": "nzd0300" }, "geometry": { "type": "LineString", "coordinates": [ [ 174.873158847178388, -39.87594164354838 ], [ 174.87234498891894, -39.875641096614473 ], [ 174.871524667213691, -39.875354414249159 ], [ 174.870720763499236, -39.875003996958718 ], [ 174.869887802437063, -39.874648107827262 ], [ 174.868977094231099, -39.874509206270041 ], [ 174.868115882690802, -39.874313366719662 ], [ 174.867259075398294, -39.874105962661332 ], [ 174.866399239990358, -39.873906508511602 ], [ 174.865517101005281, -39.873765610445894 ], [ 174.864641651812633, -39.873607145798793 ], [ 174.86376751238663, -39.873445240070026 ], [ 174.862913845395582, -39.873229586269105 ], [ 174.861990465138774, -39.873196304117414 ], [ 174.861145309278527, -39.872955003662824 ], [ 174.860302462272671, -39.872707855405082 ], [ 174.859436584847657, -39.872524338813932 ], [ 174.858569888221723, -39.872342992157456 ], [ 174.857710566237017, -39.872142098059363 ], [ 174.856881880285727, -39.871860006169754 ], [ 174.856047495629809, -39.871593020379287 ], [ 174.855170290397979, -39.871439523107512 ], [ 174.854381043912895, -39.871052912789395 ], [ 174.853586128583771, -39.870681332215121 ], [ 174.852776207552353, -39.870349524684926 ], [ 174.851806154325317, -39.870442085031904 ], [ 174.850895421650847, -39.87037743083286 ], [ 174.850015470393913, -39.870231200946677 ], [ 174.849148572948678, -39.870050377015957 ], [ 174.84831027987758, -39.869793754956191 ], [ 174.847444755679533, -39.869609290940588 ], [ 174.846627609833803, -39.869296636465933 ], [ 174.84574908261726, -39.869131471683552 ], [ 174.844862335619638, -39.86895522286364 ], [ 174.843978427378431, -39.868787688301985 ], [ 174.843140621221693, -39.86852008019828 ], [ 174.842263064475816, -39.868371202335545 ], [ 174.841367907768387, -39.868274888389543 ], [ 174.840504538292606, -39.868083632884172 ], [ 174.839613437094926, -39.867975199886587 ], [ 174.838722766640785, -39.86786547634199 ], [ 174.837857366075383, -39.86768028260375 ], [ 174.836995342015399, -39.867485005201758 ], [ 174.836134455049802, -39.867286332333322 ], [ 174.835282095519574, -39.86706219522511 ], [ 174.834449803639359, -39.866778135010364 ], [ 174.833543090835747, -39.866716304468959 ], [ 174.832640937041901, -39.86664085421279 ], [ 174.831796852246498, -39.866392009974874 ], [ 174.830929427161493, -39.866212858668014 ], [ 174.830058206697316, -39.866045038878724 ], [ 174.829241876098564, -39.865713333671216 ], [ 174.828378779161625, -39.865521261822202 ], [ 174.827473957153643, -39.86545376240759 ], [ 174.826538456417666, -39.865477846822117 ] ] } },
{ "type": "Feature", "properties": { "group_id": "nzd0301" }, "geometry": { "type": "LineString", "coordinates": [ [ 174.969740833056619, -39.932236974836478 ], [ 174.969217494688252, -39.931676252611112 ], [ 174.968763397457565, -39.931081222536399 ], [ 174.968224831989431, -39.930526433985484 ], [ 174.967666105250629, -39.929976740545378 ], [ 174.967143659631489, -39.929406974075484 ], [ 174.966693085156805, -39.928798683392344 ], [ 174.966144132402064, -39.928252964979798 ], [ 174.965609676202064, -39.927698021396225 ], [ 174.965065852171762, -39.927149032309586 ], [ 174.964482137103772, -39.926625412890374 ], [ 174.96396296128043, -39.926060737194334 ], [ 174.963430304686682, -39.925504632140751 ], [ 174.962872643356604, -39.924964427876297 ], [ 174.962291584649023, -39.924439101954484 ], [ 174.96175938943378, -39.923882690844763 ], [ 174.961164668383446, -39.923366046774639 ], [ 174.960580274567889, -39.92284282953181 ], [ 174.959989089883095, -39.922305089100242 ], [ 174.959344181424598, -39.92180173465708 ], [ 174.958749057328589, -39.921278695292486 ], [ 174.958186826848902, -39.920733770438908 ], [ 174.957570945617618, -39.920231312430985 ], [ 174.956936272190802, -39.919743726956618 ], [ 174.956303161832324, -39.919254900695151 ], [ 174.955678251168791, -39.918759580120927 ], [ 174.955117907887541, -39.918213144818424 ], [ 174.954525313008361, -39.917692236471972 ], [ 174.953879442873045, -39.917213497192144 ], [ 174.953270642210612, -39.91670541050236 ], [ 174.952583986244122, -39.916258949920696 ], [ 174.951965969886601, -39.915758151403629 ], [ 174.951324622486311, -39.915275817997994 ], [ 174.950672253567149, -39.914802205543609 ], [ 174.95001117163514, -39.914335486589692 ], [ 174.949364868226724, -39.913857065701798 ], [ 174.948716103518592, -39.913380589601715 ], [ 174.94804870792197, -39.912918857668778 ], [ 174.947367847155164, -39.912467780717876 ], [ 174.946745396000381, -39.911970464981565 ], [ 174.946140260887631, -39.911459439048166 ], [ 174.945451615198181, -39.911014513655573 ], [ 174.944786571397373, -39.910550902211853 ], [ 174.944109030365098, -39.910097179415722 ], [ 174.943494981240121, -39.909591683059922 ], [ 174.94279570414804, -39.909146817507384 ], [ 174.942137783486885, -39.908669846684667 ], [ 174.94150651645009, -39.908177664905615 ], [ 174.940961412380204, -39.907611401615767 ], [ 174.940280923369755, -39.907161532382581 ], [ 174.939699803599467, -39.906626227713168 ], [ 174.938981524476645, -39.906208841948697 ], [ 174.938333424561563, -39.905731116873568 ] ] } },
{ "type": "Feature", "properties": { "group_id": "nzd0302" }, "geometry": { "type": "LineString", "coordinates": [ [ 176.914075577756023, -39.974160777850166 ], [ 176.913867133329745, -39.974838425059033 ], [ 176.913562199520129, -39.975487741560869 ], [ 176.913436582234908, -39.976109407589071 ], [ 176.913182668779683, -39.976738881198592 ], [ 176.912811256669812, -39.977346651358516 ], [ 176.91247085085206, -39.977944907559916 ], [ 176.912019598129064, -39.978524322512683 ], [ 176.911461959012257, -39.979048139422147 ], [ 176.910898439236718, -39.979487307518518 ], [ 176.910220414437248, -39.979860928350689 ], [ 176.909529558645033, -39.980377168463313 ], [ 176.909001305321539, -39.980990501869535 ], [ 176.908639162464766, -39.98164242904403 ], [ 176.9082620711537, -39.982267304023502 ], [ 176.907953120074097, -39.982930586714097 ], [ 176.907960156200858, -39.983637388746544 ], [ 176.907813401674673, -39.984323175945065 ], [ 176.907613780758879, -39.985018063972412 ], [ 176.907567372343607, -39.985737707663951 ], [ 176.907591847403779, -39.986467911562585 ] ] } },
{ "type": "Feature", "properties": { "group_id": "nzd0303" }, "geometry": { "type": "LineString", "coordinates": [ [ 175.084303789021789, -40.022337131870593 ], [ 175.083782163536227, -40.021746327244252 ], [ 175.083166356710706, -40.021238248589398 ], [ 175.082633389618195, -40.020684335658018 ], [ 175.082074398452392, -40.020145866697717 ], [ 175.081540178002513, -40.019592688894271 ], [ 175.081036776601309, -40.019021211859503 ], [ 175.080516312090566, -40.018459859385196 ], [ 175.080020435659264, -40.017883906498106 ], [ 175.079566310394711, -40.017283164793497 ], [ 175.079014496912976, -40.016740408420404 ], [ 175.07850046605455, -40.016175219048485 ], [ 175.077947308815141, -40.015633251464813 ], [ 175.077471217764696, -40.015045531366162 ], [ 175.076923721963709, -40.01450019416739 ], [ 175.076329737191458, -40.013982449276881 ], [ 175.075759567688408, -40.013450562672993 ], [ 175.075195410147472, -40.012915102778067 ], [ 175.074604587758955, -40.012395467092482 ], [ 175.073971903696076, -40.011900676557161 ], [ 175.07335990144864, -40.011393604370944 ], [ 175.072796521800427, -40.010857664685709 ], [ 175.072281069566429, -40.010293270292664 ], [ 175.071757662914422, -40.009733593294548 ], [ 175.071246991933435, -40.009166351821356 ], [ 175.070659619539953, -40.008644636696459 ], [ 175.070139084387307, -40.008079445000767 ], [ 175.069561175549069, -40.007540318802086 ], [ 175.068975987225343, -40.007009609610812 ], [ 175.068387755205521, -40.006489666792135 ], [ 175.067833634242362, -40.005947418061872 ], [ 175.067311683643368, -40.005384132287539 ], [ 175.066776693803149, -40.004829367459088 ], [ 175.066234363022147, -40.004279398033837 ], [ 175.065532484468264, -40.003833736348142 ], [ 175.064922875293519, -40.00332774493144 ], [ 175.064347215950022, -40.002799553156642 ], [ 175.06372896614954, -40.002299202524867 ], [ 175.063125233469265, -40.001789356508809 ], [ 175.06256625196167, -40.001250248491353 ], [ 175.061934370343124, -40.000758797560209 ], [ 175.061373815726142, -40.000220709763454 ], [ 175.060845115233548, -39.999661792071528 ], [ 175.060212028553252, -39.999171116456552 ], [ 175.059615850714778, -39.998656306177324 ], [ 175.059077699094871, -39.998103555202206 ], [ 175.058487098034249, -39.997585090648734 ], [ 175.05792453043523, -39.997048294190726 ], [ 175.057360644912734, -39.996512355252626 ], [ 175.056841798152163, -39.995946966742025 ], [ 175.05630510337474, -39.995392661922253 ], [ 175.055741407139635, -39.99485530812278 ], [ 175.055112431979239, -39.994361630450214 ], [ 175.054579787696099, -39.993804832283089 ], [ 175.053970682227998, -39.993298622241717 ], [ 175.053365996428255, -39.992789483676624 ], [ 175.052840920734212, -39.992227665463979 ], [ 175.052295390147748, -39.991679377573249 ], [ 175.05169599589081, -39.991166725511675 ], [ 175.051125434956219, -39.990634991264926 ], [ 175.050500204771168, -39.990139425704903 ], [ 175.049954838209544, -39.989591013039906 ], [ 175.049357508556085, -39.98907697843277 ], [ 175.048765585775243, -39.988559362170157 ], [ 175.048172708290593, -39.988042373479516 ], [ 175.047582922674962, -39.987523334902448 ], [ 175.047005135750993, -39.986996353170944 ], [ 175.046424260713053, -39.986471410626478 ], [ 175.045818514197464, -39.985962920370632 ], [ 175.045260891443974, -39.985422584603484 ], [ 175.044690285697015, -39.984890835044354 ], [ 175.044108439856615, -39.984366518466594 ], [ 175.04353079252985, -39.983839383722284 ], [ 175.042935129840572, -39.983320489473471 ], [ 175.042381206543752, -39.982771978892444 ], [ 175.04180189812115, -39.982245156714484 ], [ 175.041229100731812, -39.981713737819035 ], [ 175.040607739644571, -39.98121657191772 ], [ 175.03996931796604, -39.980731436568753 ], [ 175.039362578977205, -39.980223948399576 ], [ 175.038749419072616, -39.979720985613511 ], [ 175.038113068774948, -39.979234377233631 ], [ 175.037492981474315, -39.978736293104042 ], [ 175.036919606380451, -39.978205254774544 ], [ 175.036360517981677, -39.977664134950373 ], [ 175.03564226818321, -39.977235281662892 ], [ 175.035068236997404, -39.976704694578871 ], [ 175.034484231313712, -39.976177057200367 ], [ 175.033851606022949, -39.975681157675055 ], [ 175.033142964803631, -39.975252587407724 ], [ 175.032506536250139, -39.974763418881082 ] ] } },
{ "type": "Feature", "properties": { "group_id": "nzd0304" }, "geometry": { "type": "LineString", "coordinates": [ [ 176.890645930114573, -40.021563378605087 ], [ 176.890407277251171, -40.022237226514406 ], [ 176.889876224043974, -40.022805991712829 ], [ 176.889456966257569, -40.023414926238871 ], [ 176.888929033549601, -40.02399383170939 ], [ 176.8884445659601, -40.024593082094626 ], [ 176.888132427512431, -40.025240230822995 ], [ 176.88781906383781, -40.025885417386718 ], [ 176.887533183099691, -40.026539558890605 ] ] } },
{ "type": "Feature", "properties": { "group_id": "nzd0305" }, "geometry": { "type": "LineString", "coordinates": [ [ 176.883799795840133, -40.034672287575169 ], [ 176.883621636834135, -40.03534670478254 ], [ 176.883326440085767, -40.036006714534551 ], [ 176.883094536903627, -40.036656607862717 ], [ 176.882841356868767, -40.037280750527223 ], [ 176.882549315633952, -40.037922372430643 ], [ 176.882368638309771, -40.038622626345422 ], [ 176.88212667086637, -40.039301614535354 ], [ 176.881942360278941, -40.039963464379539 ], [ 176.881704294691502, -40.04062456832127 ], [ 176.88158554861181, -40.041321591167268 ], [ 176.881597586586281, -40.042029508055236 ], [ 176.881311878445814, -40.042687764805876 ], [ 176.881082572272987, -40.043336298160959 ], [ 176.880859490142086, -40.043985322639891 ], [ 176.880619534415075, -40.044649884533975 ], [ 176.880329249861234, -40.045320880484454 ], [ 176.880131200935267, -40.046008462424716 ], [ 176.879955855089662, -40.046682875001835 ], [ 176.879846291532601, -40.047365935006439 ], [ 176.879746935683784, -40.048066877045805 ], [ 176.879746207314014, -40.048775592542746 ], [ 176.879675267834244, -40.049467918984632 ], [ 176.879600629935084, -40.050154636583109 ], [ 176.879521238790659, -40.05084130307214 ], [ 176.879528320001441, -40.051529517398173 ], [ 176.87951387177506, -40.05222036409257 ], [ 176.879417691724399, -40.052911646325413 ], [ 176.879193629822879, -40.05360143989958 ], [ 176.879092650499615, -40.054289907308004 ], [ 176.879315591401451, -40.054974896226888 ], [ 176.879509585183115, -40.055666909801978 ], [ 176.87958647855308, -40.056362465512308 ], [ 176.879593843373669, -40.057059512105084 ], [ 176.87943887400894, -40.057767113512391 ], [ 176.879622121044235, -40.058442159971406 ], [ 176.879625327630464, -40.059134525557923 ], [ 176.879815170251163, -40.059808923550364 ] ] } },
{ "type": "Feature", "properties": { "group_id": "nzd0307" }, "geometry": { "type": "LineString", "coordinates": [ [ 175.190995694518108, -40.161078860129905 ], [ 175.190673185260181, -40.160438186338808 ], [ 175.190415213042201, -40.159778068674569 ], [ 175.190147508216711, -40.159120876183664 ], [ 175.189773358861629, -40.15849573756288 ], [ 175.189509628039502, -40.157837335923539 ], [ 175.189195420147968, -40.157194131371021 ], [ 175.18888294130582, -40.156550399953765 ], [ 175.188515964472117, -40.155923076803816 ], [ 175.188237632621565, -40.155269048418994 ], [ 175.187851241671581, -40.154647560534428 ], [ 175.18758629878684, -40.153989487297423 ], [ 175.187280078968485, -40.153343840269393 ], [ 175.187019942419624, -40.152684307090212 ], [ 175.186746487428366, -40.152028779195732 ], [ 175.18642109661883, -40.151388888062506 ], [ 175.186084335753748, -40.15075213439691 ], [ 175.185779751298071, -40.150105852973681 ], [ 175.185465546634987, -40.149462648232642 ], [ 175.18510838227985, -40.148831934273112 ], [ 175.184801916596484, -40.148186506961252 ], [ 175.184461954695507, -40.147550790482477 ], [ 175.184115009649105, -40.146917093635921 ], [ 175.183760062863797, -40.146285711908575 ], [ 175.18344323670695, -40.145643265581313 ], [ 175.183183820720672, -40.144984158847429 ], [ 175.182922429840602, -40.144325618802668 ], [ 175.1826537891871, -40.14366917566943 ], [ 175.182341359248767, -40.143025429422075 ], [ 175.182010237133966, -40.142387099560295 ], [ 175.18171125997813, -40.141739438446479 ], [ 175.181402909601843, -40.141094490323788 ], [ 175.181095826494925, -40.140450830355242 ], [ 175.180820315788139, -40.13979894556298 ], [ 175.180478568977094, -40.139165455637283 ], [ 175.180133237045339, -40.138531455762561 ], [ 175.179829930805965, -40.137883356484913 ], [ 175.179480847181452, -40.13725060291835 ], [ 175.179213927600159, -40.136590289242832 ], [ 175.178893976215875, -40.135947754119627 ], [ 175.178618400418827, -40.135290331324157 ], [ 175.178296923910153, -40.134648295739332 ], [ 175.177951284035657, -40.134014357644588 ], [ 175.177627916946733, -40.133372944223019 ], [ 175.177289942645444, -40.132736423561276 ], [ 175.176972684016732, -40.132092949726456 ], [ 175.176658882336767, -40.131448310608846 ], [ 175.176318406288971, -40.130812611161844 ], [ 175.17590609682432, -40.130200996153235 ], [ 175.175524773168405, -40.129578983742718 ], [ 175.17511663666474, -40.128965957507305 ], [ 175.174784162525725, -40.128327550958936 ], [ 175.174341413625655, -40.127726120717547 ], [ 175.173957459940141, -40.127104966793176 ], [ 175.173632631064066, -40.126464216967058 ], [ 175.173266431020977, -40.125837924383333 ], [ 175.172961633417628, -40.125188300703634 ], [ 175.172507888292444, -40.12459315595266 ], [ 175.172072601201165, -40.123991194229923 ], [ 175.171689512716199, -40.12336996482901 ], [ 175.171296215078542, -40.122752497031328 ], [ 175.170895227437171, -40.122138144364001 ], [ 175.170458770037897, -40.121539773478723 ], [ 175.170104316488306, -40.120909305542433 ], [ 175.169747555475311, -40.120277012653936 ], [ 175.169356280332522, -40.119658445678553 ], [ 175.16889964315132, -40.119065877588845 ], [ 175.168553341766795, -40.118429406569788 ], [ 175.168156318345609, -40.117813109875698 ], [ 175.167743983749915, -40.117202899234776 ], [ 175.167405685814174, -40.116563227196146 ], [ 175.166990049764024, -40.115954318935614 ], [ 175.166634220079629, -40.115321610787852 ], [ 175.166299915405574, -40.11468033311904 ], [ 175.165882576774408, -40.114072085564267 ], [ 175.165501799899971, -40.11344928604813 ], [ 175.165159817409688, -40.112811046218141 ], [ 175.164764173541386, -40.112194150504855 ], [ 175.164413095261722, -40.111559518294065 ], [ 175.164024484594563, -40.110939813184359 ], [ 175.163607215805058, -40.110331504506576 ], [ 175.16316953142217, -40.10973131288732 ], [ 175.162863367944226, -40.109078788357145 ], [ 175.162476951533904, -40.108457121041141 ], [ 175.162078483408209, -40.107837314601511 ], [ 175.161667702894533, -40.107222929481843 ], [ 175.161284359937213, -40.106599538687753 ], [ 175.160870314258489, -40.105989416101323 ], [ 175.160460308311571, -40.105377541651876 ], [ 175.160014724073989, -40.104781043324891 ], [ 175.159592946917542, -40.104174247170043 ], [ 175.159185948249416, -40.103561056478647 ], [ 175.158782807706928, -40.10294619242115 ], [ 175.158410470235196, -40.102318005857228 ], [ 175.157976081048247, -40.101716640776296 ], [ 175.157573480182975, -40.101101527234036 ], [ 175.157142865134318, -40.100498519748434 ], [ 175.156684960492044, -40.099907305084912 ], [ 175.156307129883146, -40.099279181125574 ], [ 175.15584476106423, -40.098682487336085 ], [ 175.15552004312346, -40.09802366417636 ], [ 175.155067827991502, -40.097429862608479 ], [ 175.154634515197955, -40.096827221161959 ], [ 175.15418717831588, -40.096231129232613 ], [ 175.153696667551458, -40.09565521110261 ], [ 175.153303288171145, -40.095033889739582 ], [ 175.152861386649789, -40.094435241886295 ], [ 175.152455756839487, -40.093819635821824 ], [ 175.151989861948664, -40.093232191896156 ], [ 175.151533277204237, -40.092640391339771 ], [ 175.151111246781653, -40.09203243523514 ], [ 175.150650404408708, -40.091442614336358 ], [ 175.150190085209317, -40.09085254375497 ] ] } },
{ "type": "Feature", "properties": { "group_id": "nzd0308" }, "geometry": { "type": "LineString", "coordinates": [ [ 176.864565715866661, -40.135072269965228 ], [ 176.863911742555871, -40.135547410135054 ] ] } },
{ "type": "Feature", "properties": { "group_id": "nzd0309" }, "geometry": { "type": "LineString", "coordinates": [ [ 175.219723447858655, -40.27263862013173 ], [ 175.219623611992688, -40.271957122640693 ], [ 175.219548793100103, -40.271272787447991 ], [ 175.21940970452124, -40.270595718025426 ], [ 175.219302525013347, -40.269915031013788 ], [ 175.219224995090741, -40.269230982063064 ], [ 175.219030480564413, -40.268560164084008 ], [ 175.218959507948455, -40.267875359462053 ], [ 175.218817936929383, -40.267198536830179 ], [ 175.218701487132762, -40.266518757738609 ], [ 175.218647666086866, -40.265831665149726 ], [ 175.218485072118625, -40.265157123129256 ], [ 175.218384200366131, -40.26447560168566 ], [ 175.218349240426846, -40.263786478945249 ], [ 175.218168321921326, -40.263114166941051 ], [ 175.217997697204453, -40.262440662044661 ], [ 175.217861564725496, -40.261763176086838 ], [ 175.217668959447366, -40.26109219017512 ], [ 175.217565888143866, -40.26041088123683 ], [ 175.217428843825758, -40.259733479888823 ], [ 175.217281085099273, -40.259057295177257 ], [ 175.217188531793369, -40.25837412537642 ], [ 175.217042405120139, -40.257697204213287 ], [ 175.216902352867294, -40.257020123699448 ], [ 175.216723746201211, -40.256347875820204 ], [ 175.216658578505445, -40.25566138203471 ], [ 175.216601904672018, -40.254973815195711 ], [ 175.216383601231712, -40.254306529845664 ], [ 175.216238277882894, -40.253630076997041 ], [ 175.216048580298263, -40.252959187353142 ], [ 175.215924900684058, -40.252280004132913 ], [ 175.21579656596478, -40.25160139843571 ], [ 175.215671460918145, -40.250922277047408 ], [ 175.215507685592996, -40.250248047847464 ], [ 175.215394795807953, -40.249566948401487 ], [ 175.215243222775911, -40.248891220034139 ], [ 175.215160281330157, -40.248206033655869 ], [ 175.214966310160548, -40.247536130406374 ], [ 175.214805144289244, -40.246861702778837 ], [ 175.21463310467368, -40.246188765819667 ], [ 175.21453863273797, -40.24550514020752 ], [ 175.214361513800412, -40.244832889210961 ], [ 175.214288779148291, -40.244146256541512 ], [ 175.214128184729702, -40.24347171640742 ], [ 175.213982367355584, -40.242795134533274 ], [ 175.213849921090144, -40.242117665583962 ], [ 175.213759571232515, -40.241436002713058 ], [ 175.213630804962975, -40.240757794410186 ], [ 175.213497516313765, -40.240079755311278 ], [ 175.213301170401479, -40.239408698755582 ], [ 175.21319827939206, -40.238727276682631 ], [ 175.213032314590237, -40.238052838979101 ], [ 175.212993511135721, -40.237364299650864 ], [ 175.212910683667758, -40.236680633160979 ], [ 175.212732098682125, -40.236007573859901 ], [ 175.212612336116734, -40.235327987698049 ], [ 175.212484236190534, -40.234649318842081 ], [ 175.212333399496003, -40.233974067906288 ], [ 175.212145254711402, -40.233304826104003 ], [ 175.211982014098595, -40.232630813485031 ], [ 175.211899656776296, -40.231944036261005 ], [ 175.211698153155083, -40.231275531041369 ], [ 175.211548690751101, -40.230599035226099 ], [ 175.211430041127272, -40.229917805521467 ], [ 175.211344189022071, -40.229231537366516 ], [ 175.21130311288988, -40.22853839294541 ], [ 175.21118804975842, -40.227856592624128 ], [ 175.211021872199098, -40.227182627483742 ], [ 175.210901314362218, -40.226501656657227 ], [ 175.210714279942323, -40.225830877935266 ], [ 175.210520793526001, -40.225161082372587 ], [ 175.21036821279128, -40.224485004335804 ], [ 175.210294299603049, -40.2237968502859 ], [ 175.210151099542827, -40.223119319558833 ], [ 175.210019099560895, -40.22244007800122 ], [ 175.20982510211357, -40.221772630305388 ], [ 175.209650752346533, -40.221102076456596 ], [ 175.209495621088649, -40.220426540762098 ], [ 175.209293505124492, -40.219757580664492 ], [ 175.209134232947463, -40.219082611598004 ], [ 175.208995040772663, -40.218404822654179 ], [ 175.20886160136854, -40.217726221004483 ], [ 175.208683457704069, -40.217053875502657 ], [ 175.208475406894024, -40.216385713133832 ], [ 175.208263803721053, -40.215718041682059 ], [ 175.208067556259948, -40.215048212205126 ], [ 175.208023898059764, -40.214356998786819 ], [ 175.20790155213038, -40.213676802434279 ], [ 175.207759427981699, -40.212998928516697 ], [ 175.207620285198402, -40.212319092776781 ], [ 175.207505855179647, -40.211635209633862 ], [ 175.207249311490301, -40.210975372483226 ], [ 175.206991035733608, -40.210315803974133 ], [ 175.206812805424818, -40.209643503682415 ], [ 175.206667143874512, -40.208966019115138 ], [ 175.206449501121028, -40.208299970983163 ], [ 175.206402679594845, -40.207606759928048 ], [ 175.206218452927061, -40.206935386100625 ], [ 175.205987152429742, -40.20627148917103 ], [ 175.205780359695922, -40.205603689420961 ], [ 175.205631800856366, -40.204926625214135 ], [ 175.205510645334698, -40.204245197803871 ], [ 175.205358483441699, -40.20356869294951 ], [ 175.205267636526372, -40.202882433648981 ], [ 175.205102245858455, -40.202208018428699 ], [ 175.204877537713514, -40.201543026724963 ], [ 175.204666843082379, -40.200875800485562 ], [ 175.20451312840305, -40.200199508962214 ], [ 175.204297723076053, -40.199533018252318 ], [ 175.204071158316424, -40.198868147699343 ], [ 175.203840333162418, -40.198204730132048 ], [ 175.203648886059, -40.197534391708295 ], [ 175.203477294461237, -40.196860375465661 ], [ 175.20322893107712, -40.196200283616648 ], [ 175.202991127357024, -40.195538269003464 ], [ 175.202786818002579, -40.19487016989126 ], [ 175.202488700703952, -40.194219086567799 ], [ 175.202338801068692, -40.193541101050144 ], [ 175.202252723628391, -40.192851527575648 ], [ 175.202033286659059, -40.192186147067645 ], [ 175.201916883416516, -40.19150206316754 ], [ 175.201733026063692, -40.19083020079912 ], [ 175.201540880657518, -40.190159844983576 ], [ 175.201319703547995, -40.189494675430275 ], [ 175.201212988324329, -40.18880919029089 ], [ 175.20100501286754, -40.188141680376376 ], [ 175.200844132190298, -40.187465800654941 ], [ 175.200687895580671, -40.186789089560172 ], [ 175.200557538459975, -40.186107776017515 ], [ 175.200359873733561, -40.185438408542211 ], [ 175.200183462302988, -40.184765260179624 ], [ 175.200004031147955, -40.184092641426886 ], [ 175.199809247052855, -40.183422742488922 ], [ 175.199622894203998, -40.182751339648547 ], [ 175.199482888811701, -40.182071651610435 ], [ 175.19927280639476, -40.18140076599272 ], [ 175.199037299144635, -40.180734744727289 ], [ 175.198753093403553, -40.180083233342259 ], [ 175.198503431754403, -40.179424041231684 ], [ 175.198249959887164, -40.178765689145628 ], [ 175.198021239267376, -40.178101831871835 ], [ 175.197806849204966, -40.177434784439129 ], [ 175.197622453300141, -40.176761066964104 ], [ 175.197433283700235, -40.176088403486901 ], [ 175.197229889275206, -40.175418893718927 ], [ 175.197016853635319, -40.174751519380095 ], [ 175.196711416610526, -40.174104666865929 ], [ 175.196475678962713, -40.173441721052981 ], [ 175.196098235965223, -40.172810856331481 ], [ 175.195844082947644, -40.172152424835708 ], [ 175.195624071758658, -40.171486193529482 ], [ 175.195424209283573, -40.170815270402052 ], [ 175.195129512608531, -40.170166393527154 ], [ 175.194831056078584, -40.169518384572953 ], [ 175.194529205647939, -40.168871158440361 ], [ 175.194300179158063, -40.168206991457055 ], [ 175.193945268992877, -40.167572091036583 ], [ 175.193733248539331, -40.16690395667289 ], [ 175.193440045778999, -40.166254694038322 ], [ 175.193118547136208, -40.165612004940549 ], [ 175.192781717578811, -40.164981320172878 ], [ 175.192509008124262, -40.164336319372772 ], [ 175.192252506850195, -40.163677010641081 ], [ 175.191914706562898, -40.163040966832355 ], [ 175.191645751318163, -40.162384181826802 ], [ 175.191421327254972, -40.161713978437874 ] ] } },
{ "type": "Feature", "properties": { "group_id": "nzd0310" }, "geometry": { "type": "LineString", "coordinates": [ [ 176.776174002642591, -40.217667134412082 ], [ 176.77532148689491, -40.217885065381317 ], [ 176.774443522604088, -40.218053075257757 ], [ 176.773565293546682, -40.218220562964348 ], [ 176.772690009130145, -40.218393824271914 ], [ 176.771825922958726, -40.218589050576774 ], [ 176.770952726002378, -40.218766402058513 ], [ 176.770102455546009, -40.218988727451695 ], [ 176.76923363161265, -40.219174653694466 ], [ 176.768359593675228, -40.219350348763363 ], [ 176.767504733133052, -40.219563664642699 ], [ 176.766657590738561, -40.219792121328176 ], [ 176.765915399476455, -40.220226481720303 ], [ 176.765078015744734, -40.22047408553707 ], [ 176.764238966875041, -40.220718422106486 ], [ 176.76344208667868, -40.221045492498916 ], [ 176.762603755525333, -40.221291237597782 ], [ 176.761775375832912, -40.221556507449677 ], [ 176.760916640602233, -40.221762217972945 ], [ 176.760085004813817, -40.222021098601878 ], [ 176.759252640522334, -40.22227854981962 ], [ 176.758433630601274, -40.222562204226925 ], [ 176.757614919093385, -40.222846444834097 ], [ 176.756799480140046, -40.223137107512386 ], [ 176.755989370643164, -40.223438228601253 ], [ 176.755163471131226, -40.223746373110892 ], [ 176.75430054597004, -40.224064879507608 ], [ 176.753460118406423, -40.224395002737857 ], [ 176.752600084341424, -40.224635469514091 ], [ 176.751828707486368, -40.224986577718724 ], [ 176.751027128497299, -40.225299991555886 ], [ 176.750252173127706, -40.225646630218499 ], [ 176.749358496340591, -40.225845098226728 ], [ 176.748597253213404, -40.226208846073682 ], [ 176.747838370146695, -40.226575537993511 ], [ 176.747033573111196, -40.226884924744923 ], [ 176.74620891724004, -40.227169523799645 ], [ 176.745368041419681, -40.22743387612099 ], [ 176.744613886696584, -40.227806462386759 ], [ 176.743826268129538, -40.228137280734451 ], [ 176.743041251821381, -40.228471345119473 ], [ 176.74224455719164, -40.228790831566108 ], [ 176.741487406094876, -40.229159671863627 ], [ 176.740747650998799, -40.229550223591801 ], [ 176.740012184679188, -40.229946127283334 ], [ 176.739256547790262, -40.230316853807054 ], [ 176.738491204259475, -40.230675463454155 ], [ 176.737759973368696, -40.23107665027343 ], [ 176.737017298432249, -40.23146355183713 ] ] } },
{ "type": "Feature", "properties": { "group_id": "nzd0311" }, "geometry": { "type": "LineString", "coordinates": [ [ 175.216082281620686, -40.454084752019739 ], [ 175.216199774669491, -40.453409829961537 ], [ 175.216368071380572, -40.4527428825565 ], [ 175.216574869179311, -40.452077930887235 ], [ 175.216636697095822, -40.451393948358273 ], [ 175.216847343182366, -40.450726753283391 ], [ 175.216853634764675, -40.450036489692899 ], [ 175.216987970195788, -40.449360669264784 ], [ 175.21713261418742, -40.448686005415468 ], [ 175.217230465301355, -40.448006054004594 ], [ 175.217349550381044, -40.447328492127511 ], [ 175.217487849163632, -40.446653091832943 ], [ 175.21760132890455, -40.445974536525164 ], [ 175.217691074215537, -40.445291182319266 ], [ 175.217852337679318, -40.444615039087438 ], [ 175.218004989216354, -40.443940373960601 ], [ 175.218116502263143, -40.443262068749334 ], [ 175.218315509515691, -40.442591484039554 ], [ 175.218405014319131, -40.44191122145773 ], [ 175.218495433981644, -40.441231032810784 ], [ 175.218699608537833, -40.440560884070138 ], [ 175.218769646272932, -40.439878881647154 ], [ 175.218853147763497, -40.439198061456302 ], [ 175.219007305812198, -40.438523474847621 ], [ 175.219171286721007, -40.43784974898751 ], [ 175.219305962311154, -40.43717342804544 ], [ 175.219453493255173, -40.436498235682365 ], [ 175.219675386222178, -40.435829604228985 ], [ 175.219966864579987, -40.43516711170485 ], [ 175.220066666747755, -40.434487683532787 ], [ 175.220039100277944, -40.433797015821156 ], [ 175.22007678931439, -40.433112112074205 ], [ 175.220215817392983, -40.432436143291703 ], [ 175.220273512850611, -40.431752963496194 ], [ 175.220518709172381, -40.431086358474737 ], [ 175.220841625227081, -40.430426619606024 ], [ 175.220840670747805, -40.429738232833905 ], [ 175.220896019537179, -40.429054818223776 ], [ 175.220969364560005, -40.42837298821496 ], [ 175.221011678445876, -40.4276884070064 ], [ 175.221075229600814, -40.427005697040741 ], [ 175.221188372469726, -40.426327366015052 ], [ 175.221274142119569, -40.425646607279901 ], [ 175.221486038138579, -40.424976996258785 ], [ 175.221618555601623, -40.424300358237723 ], [ 175.221764324315927, -40.423624885332181 ], [ 175.221832114344238, -40.422942509161146 ], [ 175.221891080842852, -40.42225934572609 ], [ 175.222036618231755, -40.421583831886224 ], [ 175.222095758085402, -40.420900670037639 ], [ 175.222207092266586, -40.420222117517611 ], [ 175.222263580034081, -40.419538707329806 ], [ 175.22231180158164, -40.418854559115978 ], [ 175.222487181235635, -40.418177261621558 ], [ 175.222617662880651, -40.417493922754467 ], [ 175.222728053147193, -40.416813529313991 ], [ 175.222781208087667, -40.416130860243229 ], [ 175.222908812700467, -40.415452049786488 ], [ 175.222940162008967, -40.414768234724939 ], [ 175.223051946605352, -40.414088589091399 ], [ 175.223167451361604, -40.413409129723995 ], [ 175.223326945499821, -40.412731947462987 ], [ 175.223398285184288, -40.412050181192917 ], [ 175.223416989687649, -40.411365675077079 ], [ 175.223507733521274, -40.410684902495632 ], [ 175.223609144901474, -40.410006418858501 ], [ 175.223723318745158, -40.409335739628581 ], [ 175.223747797222586, -40.408656314676655 ], [ 175.223858599992468, -40.407977566261998 ], [ 175.223954584626057, -40.407297543091445 ], [ 175.224013644329148, -40.406614353550871 ], [ 175.224079642430098, -40.405931750794579 ], [ 175.224168245561543, -40.405251075396436 ], [ 175.224218791644773, -40.404567136653249 ], [ 175.224284721134637, -40.403884507330474 ], [ 175.224445734943714, -40.403210007454277 ], [ 175.224527405089759, -40.402528711342619 ], [ 175.224538864061685, -40.401841400305386 ], [ 175.224623877039249, -40.401159395102511 ], [ 175.224704832716469, -40.400475721910681 ], [ 175.224754742509845, -40.399791860721635 ], [ 175.224780078696199, -40.399108041947549 ], [ 175.224935507371015, -40.398425505870513 ], [ 175.225072945142898, -40.397742784425226 ], [ 175.225010081495498, -40.397058070577849 ], [ 175.225123840249353, -40.396375100552063 ], [ 175.225142734206543, -40.395691183234391 ], [ 175.225210813842494, -40.395007746523675 ], [ 175.225252215124044, -40.394324038424131 ], [ 175.225265139592921, -40.393643406329069 ], [ 175.225285317894929, -40.392965976973045 ], [ 175.225355175634093, -40.392286851082972 ], [ 175.225368663770126, -40.391602138845265 ], [ 175.225451753134848, -40.390920615539002 ], [ 175.225588350787461, -40.39024154226572 ], [ 175.225598014182054, -40.389556633646428 ], [ 175.225703571176922, -40.388876121284902 ], [ 175.22577538344882, -40.388194052545941 ], [ 175.225836435878392, -40.387511482827215 ], [ 175.22739408461382, -40.34921594627864 ], [ 175.227410690257472, -40.348530986640206 ], [ 175.227420565542701, -40.347846131206815 ], [ 175.227339969903539, -40.347162762958391 ], [ 175.227334098185253, -40.346478153687727 ], [ 175.227371769529412, -40.345792818367599 ], [ 175.227368224680532, -40.345108156774131 ], [ 175.227390726713054, -40.344423058071492 ], [ 175.227201645415107, -40.343741446545181 ], [ 175.227107300087056, -40.343058263464108 ], [ 175.227174178245463, -40.342372411185899 ], [ 175.227189157272193, -40.341687408950193 ], [ 175.227194870744967, -40.341002552768181 ], [ 175.227168735067522, -40.340318215560323 ], [ 175.227130277222642, -40.339634074865195 ], [ 175.227107905341541, -40.338950877835664 ], [ 175.227011950741598, -40.338271325699026 ], [ 175.227013603422478, -40.337587086021784 ], [ 175.227058363056273, -40.336899637978036 ], [ 175.226952504490868, -40.336218327808062 ], [ 175.226987839684682, -40.33553125037588 ], [ 175.226968715167146, -40.334846387806998 ], [ 175.226945814222233, -40.334161672366669 ], [ 175.226901261225493, -40.33347783334154 ], [ 175.226854778694417, -40.332794066096085 ], [ 175.226803055545474, -40.332110505713302 ], [ 175.22688669529424, -40.331421415873507 ], [ 175.227013843746931, -40.330730543836125 ], [ 175.226879794970444, -40.330050321504935 ], [ 175.226820465647705, -40.329367043711905 ], [ 175.226669353877327, -40.328687503522971 ], [ 175.226556779730146, -40.328006384060572 ], [ 175.226477788191914, -40.327323887552289 ], [ 175.226423028256647, -40.326640395526191 ], [ 175.22652499959085, -40.325950502403337 ], [ 175.226514799841823, -40.325265178570746 ], [ 175.226370810664179, -40.324585366600957 ], [ 175.226388535209765, -40.323902500671146 ], [ 175.226366930902202, -40.323219388969918 ] ] } },
{ "type": "Feature", "properties": { "group_id": "nzd0312" }, "geometry": { "type": "LineString", "coordinates": [ [ 176.603839472219875, -40.490790707638283 ], [ 176.60292492765214, -40.490808166290428 ], [ 176.601941813591964, -40.490589356406254 ], [ 176.601051891673649, -40.490691635056976 ], [ 176.600185218136943, -40.490874020921552 ], [ 176.599335336303653, -40.491114271667975 ], [ 176.59834005449656, -40.490853481224825 ], [ 176.597478560625206, -40.491053714491329 ], [ 176.596593682178479, -40.491173363315404 ], [ 176.595679347471588, -40.491191495567733 ], [ 176.594835354840797, -40.491452049473573 ], [ 176.593989492135336, -40.49170616496167 ], [ 176.5931298060149, -40.491912643329457 ], [ 176.5923294430917, -40.492323593099265 ], [ 176.591403588216849, -40.492302017073477 ], [ 176.590456666371182, -40.492207815530676 ], [ 176.589526546230985, -40.492171514875508 ], [ 176.588776539261318, -40.492756072313632 ], [ 176.587861800380296, -40.492853684443325 ], [ 176.586921323819524, -40.49289523368747 ], [ 176.586075917804436, -40.493147178565636 ], [ 176.539662335794958, -40.506065937192524 ], [ 176.538874162426794, -40.506393172087456 ], [ 176.538069792780021, -40.506697745161176 ], [ 176.537262645717988, -40.506998430682273 ], [ 176.536496834109499, -40.507356949258273 ], [ 176.535688208943355, -40.507655563964683 ], [ 176.534877718658834, -40.507951567368146 ], [ 176.534054640361518, -40.508229955981882 ], [ 176.533314051858127, -40.508623762746211 ], [ 176.532572779361146, -40.509016612296691 ], [ 176.531768644288974, -40.509358817734459 ], [ 176.530896457651892, -40.509648844408687 ], [ 176.530148505907448, -40.510047248427412 ], [ 176.529361238441879, -40.51038972640638 ], [ 176.528552800389747, -40.510711492338892 ], [ 176.527821854529492, -40.511109057380494 ], [ 176.527161665063801, -40.511575833711305 ], [ 176.526471031443435, -40.512012827532494 ], [ 176.525780926380349, -40.512450336190916 ], [ 176.525019641213134, -40.512818213677697 ], [ 176.52432246979717, -40.513248805315278 ], [ 176.523614680630828, -40.513669008245678 ], [ 176.522973505065977, -40.514154371597925 ], [ 176.52226481300346, -40.514573686911078 ], [ 176.521525230133705, -40.514962781673205 ], [ 176.520762689532887, -40.515329415810534 ], [ 176.520006211525157, -40.515701977749224 ], [ 176.519301664541899, -40.516125338118329 ], [ 176.51857488720762, -40.516526949405829 ], [ 176.517817022746129, -40.516901002479393 ], [ 176.517185713577533, -40.517404477704851 ], [ 176.51641750038138, -40.517775904227861 ], [ 176.515506261859173, -40.518008806665549 ], [ 176.514726022092702, -40.518362527199955 ], [ 176.514025343518, -40.518789626017217 ], [ 176.513329513653076, -40.519221194357279 ], [ 176.512580043216957, -40.519603285519004 ], [ 176.511894629905669, -40.520044456160107 ], [ 176.511280656746152, -40.520551516496596 ], [ 176.510585905813087, -40.520984069856169 ], [ 176.50994448176948, -40.521465806471326 ], [ 176.509249274823588, -40.521897934288234 ], [ 176.50862447368516, -40.522394998320209 ], [ 176.507988344702198, -40.522881611842507 ], [ 176.507304008647424, -40.523323759196337 ], [ 176.50658636440491, -40.523735182055511 ], [ 176.505770177995998, -40.524055710620409 ], [ 176.505033942124498, -40.524449979308173 ], [ 176.504322320783558, -40.524866948888331 ], [ 176.503541789719293, -40.525220355012699 ], [ 176.502878167040762, -40.525670927240498 ], [ 176.502298470645343, -40.52619567939864 ], [ 176.501678144881595, -40.526696597887309 ], [ 176.50099893073849, -40.527145983069914 ], [ 176.500254615355118, -40.527529243811763 ], [ 176.499518717846229, -40.527921052085972 ], [ 176.498853317093221, -40.528384461422576 ], [ 176.498166572186079, -40.528826189680487 ], [ 176.497325945821416, -40.529111617613736 ], [ 176.496479080526143, -40.529390704627133 ], [ 176.495646163273136, -40.529683955031324 ], [ 176.494836458062395, -40.530000779001867 ] ] } },
{ "type": "Feature", "properties": { "group_id": "nzd0315" }, "geometry": { "type": "LineString", "coordinates": [ [ 175.165665516179132, -40.631496888339207 ], [ 175.165881517853194, -40.630842833474532 ], [ 175.166132599985275, -40.63019192538701 ], [ 175.166410975350857, -40.62954103750733 ], [ 175.166671909614081, -40.628887100345217 ], [ 175.166927503563187, -40.62823222499145 ], [ 175.167041873013517, -40.627552704982108 ], [ 175.167195941329453, -40.626880104159412 ], [ 175.167404848253852, -40.626217064003384 ], [ 175.167594335836242, -40.625550629297756 ], [ 175.167833602874083, -40.624892872761137 ], [ 175.168182633682449, -40.624254259581491 ], [ 175.168435830959567, -40.623598920351817 ], [ 175.168670254743432, -40.62294003490755 ], [ 175.168939292678999, -40.622287754103276 ], [ 175.169171905759072, -40.621629100198433 ], [ 175.169395867532728, -40.620968841816605 ], [ 175.169734627559791, -40.620330157232601 ], [ 175.16992479342619, -40.619663532785495 ], [ 175.170150994978911, -40.619003675970959 ], [ 175.170406071044908, -40.61834924066423 ], [ 175.170696346017422, -40.617701415803012 ], [ 175.171005526924631, -40.617057138542407 ], [ 175.171191430576727, -40.616389680324197 ], [ 175.171443171145484, -40.615734592086973 ], [ 175.171585190908104, -40.615058871077053 ], [ 175.171879075524004, -40.614411692476217 ], [ 175.172180929454584, -40.613766005565331 ], [ 175.185145923776503, -40.576171192034252 ], [ 175.185279564238101, -40.575493538498534 ], [ 175.185584422572845, -40.574847995791202 ], [ 175.185872388413202, -40.57419927789568 ], [ 175.186117437175426, -40.573542503046987 ], [ 175.186288501141547, -40.572871843375019 ], [ 175.186431515781379, -40.572195798977994 ], [ 175.186670949792983, -40.571536968134048 ], [ 175.18687225871551, -40.570871566347314 ], [ 175.187034455365534, -40.5702003772425 ], [ 175.187410034910243, -40.569562161541533 ], [ 175.187618462769763, -40.568898104662921 ], [ 175.187882149758025, -40.568242581900265 ], [ 175.188118478220588, -40.567582824068857 ], [ 175.188485851988702, -40.56694331366387 ], [ 175.188702482638092, -40.566280498219527 ], [ 175.188925168156032, -40.565618611988228 ], [ 175.189017668319309, -40.564936597896107 ], [ 175.18919793401426, -40.564268952383507 ], [ 175.189335331520084, -40.563606161171265 ], [ 175.189363578099716, -40.562914085298274 ], [ 175.189597381685303, -40.562255149506122 ], [ 175.189837705423685, -40.561597631411288 ], [ 175.190146166761537, -40.560954989374196 ], [ 175.190355593709484, -40.560290710107488 ], [ 175.190674732472445, -40.559650387555465 ], [ 175.190844103890271, -40.558977346543877 ], [ 175.191123393632722, -40.558328307480636 ], [ 175.191323801558781, -40.557662032548023 ], [ 175.191553632753227, -40.557002177857072 ], [ 175.191727893317051, -40.556330178736708 ], [ 175.191919476486106, -40.555661956761369 ], [ 175.192089286709518, -40.554993758674435 ], [ 175.192243050163938, -40.55433765074801 ], [ 175.192470221930506, -40.553684778439219 ], [ 175.192803750837868, -40.553032597422344 ], [ 175.192987959490381, -40.552363471532566 ], [ 175.193136143668426, -40.551690252464951 ], [ 175.19337139057393, -40.551026902598636 ], [ 175.19358142048506, -40.550360685500749 ], [ 175.193818658647217, -40.549697548012261 ], [ 175.193950642017455, -40.549022464244722 ], [ 175.19415508388181, -40.548355593038984 ], [ 175.194337891447731, -40.547686261002532 ], [ 175.194692828955226, -40.54704573791669 ], [ 175.194822950418626, -40.546384183623566 ], [ 175.195029597593219, -40.545724785999958 ], [ 175.195074338223179, -40.545032569046626 ], [ 175.195171197364431, -40.544349347474238 ], [ 175.195296860437082, -40.5436710944021 ], [ 175.195564931355733, -40.543017433000593 ], [ 175.195686036501058, -40.542338379329749 ], [ 175.195787512699127, -40.541655928291163 ], [ 175.195960424704282, -40.540985809970323 ], [ 175.19608828723463, -40.540308833988831 ], [ 175.196251128834348, -40.53963875703591 ], [ 175.196371409010311, -40.538961044741853 ], [ 175.196607825123834, -40.538301276129374 ], [ 175.196756848614569, -40.537627566844954 ], [ 175.197016994928163, -40.536971568655574 ], [ 175.197094923514499, -40.536286510413227 ], [ 175.197337831258409, -40.535627750465117 ], [ 175.197683872364649, -40.534985427986378 ], [ 175.197800156526625, -40.534306465421913 ], [ 175.19799075425496, -40.533639345110963 ], [ 175.198189612416343, -40.532973535272149 ], [ 175.198389980918051, -40.532315033868386 ], [ 175.198656910231932, -40.53166227007943 ], [ 175.198883583891188, -40.530997588340639 ], [ 175.1991013025266, -40.530331646427712 ], [ 175.199326269177959, -40.529666487229001 ], [ 175.19950530956811, -40.528996318845891 ], [ 175.199777727864017, -40.528336314686861 ], [ 175.199831363149059, -40.527652473286437 ], [ 175.199747824086671, -40.526953683150779 ], [ 175.20009895462357, -40.526302232703898 ], [ 175.199937869942829, -40.525594981876608 ], [ 175.200244615900573, -40.524938683529086 ], [ 175.200523033944648, -40.524279292663131 ], [ 175.200401495101204, -40.523576328738926 ], [ 175.200610220466416, -40.522909333001294 ], [ 175.201015851851395, -40.522263779090082 ], [ 175.201077677655519, -40.521580768384602 ], [ 175.201127863387569, -40.520896482811331 ], [ 175.201081190030351, -40.520201639290313 ], [ 175.201193869243298, -40.519524147288173 ], [ 175.201271645652639, -40.518842846381226 ], [ 175.201404425200934, -40.518166987037617 ], [ 175.201538062354985, -40.517491159385713 ], [ 175.201741198358405, -40.51682375948802 ], [ 175.201948094373108, -40.516156851358311 ], [ 175.202094505031852, -40.515483068492742 ], [ 175.202275388926978, -40.514813193247164 ], [ 175.202411873157416, -40.514138269721968 ], [ 175.202770356015805, -40.513488547072612 ], [ 175.202948696505132, -40.5128183628171 ], [ 175.203193470833298, -40.512155715233199 ], [ 175.203303554275408, -40.511477767043132 ], [ 175.203467593175901, -40.510805938620464 ], [ 175.203705754258948, -40.510142519922759 ], [ 175.203781562259138, -40.509460606583474 ], [ 175.204013422899465, -40.508795842142924 ], [ 175.204257873784769, -40.508132135839602 ], [ 175.204292927633276, -40.507446019488434 ], [ 175.204519347584096, -40.50678083868344 ], [ 175.204578121565305, -40.506097304503108 ], [ 175.204683511340562, -40.505418864956361 ], [ 175.204751838006388, -40.504736362421795 ], [ 175.204942299007854, -40.504067219366391 ], [ 175.205065788047335, -40.503390740157492 ], [ 175.205190014077289, -40.502714334802768 ], [ 175.205155047384807, -40.50202050025247 ], [ 175.205624506394344, -40.501381864165367 ], [ 175.205732844419174, -40.500702219729632 ], [ 175.205773605595169, -40.500015557532535 ], [ 175.205942546050437, -40.49934284581753 ], [ 175.206213195538567, -40.498680248826119 ], [ 175.206165635887686, -40.497987406421679 ], [ 175.206185087456191, -40.497300924874004 ], [ 175.206315388040764, -40.49662497040071 ], [ 175.206522827406559, -40.495956339652786 ], [ 175.206442427459734, -40.495260348382907 ], [ 175.206418996594124, -40.49456976375793 ], [ 175.206560941635331, -40.493894888534285 ], [ 175.206655975829506, -40.493215548326866 ], [ 175.206667833762594, -40.492527216434844 ], [ 175.206712110511575, -40.491836833479809 ], [ 175.206803159862972, -40.491151107264294 ] ] } },
{ "type": "Feature", "properties": { "group_id": "nzd0320" }, "geometry": { "type": "LineString", "coordinates": [ [ 172.235879226156726, -40.773091863757195 ], [ 172.236761680826817, -40.772941684263188 ], [ 172.237663702592442, -40.772833668033037 ], [ 172.238461865415445, -40.772498492781679 ], [ 172.239281747176932, -40.772212655846538 ], [ 172.240080010571603, -40.771895301790281 ], [ 172.240853580467927, -40.77154900657397 ], [ 172.241632058563738, -40.771206058169263 ], [ 172.242451001735844, -40.770899331243349 ], [ 172.243121242153705, -40.770437589088239 ], [ 172.243776507537603, -40.769968626407262 ], [ 172.244442605260161, -40.769509975720936 ], [ 172.245099526227449, -40.769042584560445 ], [ 172.245821000157918, -40.768636657109219 ], [ 172.246624578087847, -40.768307533606865 ], [ 172.24741409892502, -40.767959106660783 ], [ 172.248057735332509, -40.767479033382251 ], [ 172.248839110619315, -40.767124370695413 ], [ 172.24940131174111, -40.766623375234531 ], [ 172.250079226325056, -40.766176405086604 ], [ 172.250923676064758, -40.765943813005208 ], [ 172.251828292718301, -40.765913246651735 ], [ 172.252721145575947, -40.765877264125116 ], [ 172.253585483710765, -40.765667224559337 ] ] } },
{ "type": "Feature", "properties": { "group_id": "nzd0321" }, "geometry": { "type": "LineString", "coordinates": [ [ 175.025005844279065, -40.859308025645326 ], [ 175.025714120996327, -40.858874360737097 ], [ 175.026433242622005, -40.858458128212355 ], [ 175.027172577622963, -40.858092716894888 ], [ 175.027625767483073, -40.857493339215267 ], [ 175.02828512391244, -40.857029859926065 ], [ 175.029024286399874, -40.856623803183496 ], [ 175.029539727579106, -40.856094110988522 ], [ 175.030023971479068, -40.855538026933544 ], [ 175.030628945077353, -40.855013831488861 ], [ 175.031244571500366, -40.854508047584531 ], [ 175.031780657561825, -40.853960334481371 ], [ 175.032418570966371, -40.853486191116502 ], [ 175.033052984759905, -40.853005582789166 ], [ 175.033636642458333, -40.852489977571715 ], [ 175.03427366463464, -40.852006620562207 ], [ 175.034929563148893, -40.851537145569189 ], [ 175.035554541386603, -40.851048125763327 ], [ 175.036056593902259, -40.850482418369829 ], [ 175.036607322532802, -40.849943178723507 ], [ 175.037170186497917, -40.849411448949382 ], [ 175.037764909342457, -40.848903230558754 ], [ 175.03836271805676, -40.848396226755511 ], [ 175.038908625243437, -40.847855895617727 ], [ 175.039452635931752, -40.847315285103114 ], [ 175.04004485266546, -40.84680576454619 ], [ 175.040589401087004, -40.846265903358983 ], [ 175.041232486429493, -40.845785451789737 ], [ 175.041741544342301, -40.845228962534947 ], [ 175.042329134615869, -40.84471927826128 ], [ 175.042892619474856, -40.844189847191927 ], [ 175.043384818312234, -40.843621268925055 ], [ 175.043964501344504, -40.843101056751927 ], [ 175.044508845550979, -40.842557910077083 ], [ 175.045048096023976, -40.842011162867486 ], [ 175.045558123850043, -40.841459505965524 ], [ 175.046061515955671, -40.840905357721894 ], [ 175.046576093843271, -40.840347676360103 ], [ 175.047082344188993, -40.839783545542076 ], [ 175.047613424597643, -40.839231541152984 ], [ 175.048157264384173, -40.838688997294355 ], [ 175.048667186793153, -40.838132025421615 ], [ 175.049164801759645, -40.837568790757238 ], [ 175.049680967072391, -40.83701601461361 ], [ 175.050138693267741, -40.836435317372846 ], [ 175.050657125995826, -40.835875152572235 ], [ 175.05115352884161, -40.835305457694332 ], [ 175.051630497660369, -40.834730179308359 ], [ 175.052082974094219, -40.834142701517834 ], [ 175.052554139764652, -40.83356441127458 ], [ 175.052995069491573, -40.832984248058239 ], [ 175.053574135071898, -40.832460954566585 ], [ 175.053997634626427, -40.831861585152687 ], [ 175.054402810973073, -40.831251716085838 ], [ 175.054882321114292, -40.830675182095511 ], [ 175.055316917473561, -40.83008186814358 ], [ 175.055804246541356, -40.829509713885194 ], [ 175.056275394886995, -40.828930457656817 ], [ 175.056734299086031, -40.82834598320045 ], [ 175.057222964516484, -40.827774174633809 ], [ 175.057626379959999, -40.827166064969738 ], [ 175.05822297928836, -40.826640199813738 ], [ 175.058698056436896, -40.826062747483455 ], [ 175.059068436430806, -40.825444077084803 ], [ 175.059542908103111, -40.824862917487124 ], [ 175.059939168614704, -40.824252872879242 ], [ 175.060366262909497, -40.823653904203134 ], [ 175.06069392488979, -40.823019194299633 ], [ 175.061079839880762, -40.822405414681789 ], [ 175.061534650618853, -40.82181639048644 ], [ 175.061993050685402, -40.821228650727491 ], [ 175.062446892955705, -40.820639267342308 ], [ 175.062955277567625, -40.820069480801877 ], [ 175.06331312736512, -40.819445586766783 ], [ 175.063731193505077, -40.818843328785363 ], [ 175.064145942138452, -40.818239872912962 ], [ 175.064572128613037, -40.817640522221254 ], [ 175.064987697273892, -40.817037349907487 ], [ 175.065425942861651, -40.816448942830256 ], [ 175.065876274543029, -40.815868244900031 ], [ 175.066242004048064, -40.815246570117374 ], [ 175.066663238634618, -40.81464616031775 ], [ 175.067154073920477, -40.814073961479785 ], [ 175.067572447081744, -40.813472381009042 ], [ 175.068057644386016, -40.812897885927619 ], [ 175.068468562609297, -40.812293272544856 ], [ 175.068888084313443, -40.811692141687409 ], [ 175.069264228033887, -40.811073419776747 ], [ 175.069694490851873, -40.810476632700862 ], [ 175.070086316447146, -40.809864257526137 ], [ 175.07046395307907, -40.809246124595155 ], [ 175.070866532044676, -40.808638098113995 ], [ 175.071277381099435, -40.808033419040065 ], [ 175.071702733715824, -40.80743381893582 ], [ 175.072163238174028, -40.80684679167188 ], [ 175.072530975471125, -40.806225041451569 ], [ 175.072978896005793, -40.805634095600695 ], [ 175.07337840230241, -40.805025149580167 ], [ 175.07382883496976, -40.804435126445455 ], [ 175.074260413923753, -40.80383809022689 ], [ 175.074665920737999, -40.803231357934244 ], [ 175.075053736862941, -40.802618044761097 ], [ 175.075384299913793, -40.801983445887814 ], [ 175.075814080365745, -40.801385719103365 ], [ 175.076191333630163, -40.800768463138319 ], [ 175.076619344953997, -40.800170067756206 ], [ 175.076977834342529, -40.799545707440018 ], [ 175.077383813935285, -40.798938141897715 ], [ 175.07780002098562, -40.798333081438209 ], [ 175.078198962922528, -40.797723103525747 ], [ 175.078628702440909, -40.797123390353072 ], [ 175.079066684135057, -40.796526420094615 ], [ 175.07944197560218, -40.795908537998343 ], [ 175.079820037476992, -40.795291574033719 ], [ 175.080195185858685, -40.794673632711621 ], [ 175.080597293219995, -40.794064676063456 ], [ 175.080899060999371, -40.79342225180487 ], [ 175.081248253231024, -40.792795637117536 ], [ 175.081644529475142, -40.792184718621591 ], [ 175.082017067986783, -40.791567566013953 ], [ 175.082411815400093, -40.790960288000527 ], [ 175.082808979146421, -40.790352228484267 ], [ 175.083250714000798, -40.789758764840386 ], [ 175.083573421303413, -40.789121242586972 ], [ 175.0839545585807, -40.788505340137753 ], [ 175.084320388106107, -40.787883766529056 ], [ 175.08469804629118, -40.787266565237054 ], [ 175.085040771293308, -40.786636429093441 ], [ 175.085438085119392, -40.786027133150952 ], [ 175.085765315252786, -40.785394568676317 ], [ 175.086111464111099, -40.784767300083679 ], [ 175.086482457105802, -40.784147523439309 ], [ 175.086864701871605, -40.783531272398221 ], [ 175.087218732499281, -40.782906160284178 ], [ 175.087613114000106, -40.782293706774283 ], [ 175.087978622023059, -40.781672188496756 ], [ 175.0883627831914, -40.781056563791964 ], [ 175.088743512385605, -40.780439887525283 ], [ 175.089110576945444, -40.779818874244455 ], [ 175.08946147359984, -40.779192753661015 ], [ 175.089828444903816, -40.778571699250236 ], [ 175.090275476689669, -40.777975900536191 ], [ 175.128907621236721, -40.712827471789808 ], [ 175.129123400276228, -40.712160314274229 ], [ 175.129414743393056, -40.711515600092412 ], [ 175.129788509840495, -40.710895367397534 ], [ 175.130147661330653, -40.710270786749369 ], [ 175.130484414293733, -40.709639545656543 ], [ 175.130795797243508, -40.709000761243487 ], [ 175.131112475990847, -40.708363544183307 ], [ 175.131456240056394, -40.70773436813662 ], [ 175.131892567131075, -40.707132686513795 ] ] } },
{ "type": "Feature", "properties": { "group_id": "nzd0322" }, "geometry": { "type": "LineString", "coordinates": [ [ 172.210860610705481, -40.789659238047022 ], [ 172.211367242141847, -40.789079785684045 ], [ 172.211588537395272, -40.788414538505016 ], [ 172.211829972183807, -40.787755340201201 ], [ 172.212165559990439, -40.787125843148665 ], [ 172.212471391513674, -40.78648729185349 ], [ 172.212672783320386, -40.785823432339676 ], [ 172.212896167206367, -40.785164388700373 ], [ 172.213177127077273, -40.784517791573357 ], [ 172.213365003722288, -40.783851873511317 ], [ 172.213610218856076, -40.783198493957464 ], [ 172.213864494781433, -40.782545044030975 ], [ 172.214068682626362, -40.781882655792892 ], [ 172.214337680331994, -40.781231502376428 ] ] } },
{ "type": "Feature", "properties": { "group_id": "nzd0323" }, "geometry": { "type": "LineString", "coordinates": [ [ 172.126055935368072, -40.876414193126934 ], [ 172.126793859308236, -40.876015730870947 ], [ 172.127510217244662, -40.875592297586529 ], [ 172.128312395762038, -40.875113704804349 ], [ 172.12888403041714, -40.874474491485394 ], [ 172.129224290444597, -40.873843827562325 ], [ 172.12954710214683, -40.873206591735723 ], [ 172.129842864524562, -40.872559170848866 ], [ 172.130199394338348, -40.871929891136588 ], [ 172.130500665635026, -40.87124951061174 ], [ 172.130814537178736, -40.870578085292777 ], [ 172.131107151518449, -40.869933793270135 ], [ 172.131323475186832, -40.86927444509984 ], [ 172.131602184348196, -40.868627397007124 ], [ 172.131733174798541, -40.867951202234394 ], [ 172.131922418177112, -40.867286492279447 ], [ 172.13201346284427, -40.866602403998208 ], [ 172.132198534567408, -40.865936857827108 ], [ 172.132343132871483, -40.865263320736908 ], [ 172.132512489834113, -40.864587697626519 ], [ 172.132736395859041, -40.863918830883634 ], [ 172.132903252699833, -40.86324817715753 ], [ 172.133008745562478, -40.862573159414254 ], [ 172.133177590844156, -40.861905380178406 ], [ 172.133304855039654, -40.861232838676237 ], [ 172.133413771667449, -40.860558192002649 ], [ 172.133493245418407, -40.859880171191726 ], [ 172.133623775250072, -40.859207982667506 ], [ 172.133774366624351, -40.858538081709973 ], [ 172.133918507392934, -40.857862956435575 ], [ 172.134017244405499, -40.857183195399166 ], [ 172.134075149767739, -40.856504363051293 ], [ 172.134222824972852, -40.855833270481035 ], [ 172.134467074521297, -40.855170504705306 ], [ 172.13478306999815, -40.854513922950595 ], [ 172.135173248905744, -40.853863735175509 ], [ 172.134836482575309, -40.853150812314297 ] ] } },
{ "type": "Feature", "properties": { "group_id": "nzd0324" }, "geometry": { "type": "LineString", "coordinates": [ [ 176.219301193508869, -40.887270173976709 ], [ 176.219359618028903, -40.888012978256825 ], [ 176.219369284785245, -40.88871547032555 ], [ 176.219040261377955, -40.889384147024614 ], [ 176.218973532362327, -40.890061488361148 ], [ 176.219018563822061, -40.890742517603535 ], [ 176.219026603989903, -40.891422316858119 ], [ 176.219045769112427, -40.892102476860046 ], [ 176.218983682437994, -40.892804858332362 ], [ 176.218983588590589, -40.893529488131122 ], [ 176.219197803617504, -40.894199845522891 ], [ 176.219326527964512, -40.894877527793604 ], [ 176.219535563428167, -40.895538216881114 ], [ 176.219745947217945, -40.896237684288927 ], [ 176.220062566541259, -40.896930143231572 ], [ 176.2203561543013, -40.897600137240268 ], [ 176.220752174526922, -40.898210305185792 ], [ 176.221355310165251, -40.898758149339997 ], [ 176.222045084987286, -40.899300520813803 ], [ 176.222701885994411, -40.899845513898299 ], [ 176.223375824031365, -40.900295307634025 ], [ 176.224036468625826, -40.900757649098601 ], [ 176.224781305671996, -40.90120962698721 ], [ 176.225610076476244, -40.901649214287765 ], [ 176.22648845765346, -40.901956663328505 ], [ 176.227375899920702, -40.902087014084287 ] ] } },
{ "type": "Feature", "properties": { "group_id": "nzd0325" }, "geometry": { "type": "LineString", "coordinates": [ [ 174.97530985777928, -40.934346512784117 ], [ 174.975472154125185, -40.933682994477202 ], [ 174.975530686549291, -40.933029234899877 ], [ 174.975675854295901, -40.932366820401015 ], [ 174.975879193058915, -40.931690527504493 ], [ 174.975994011611874, -40.931006211995481 ], [ 174.976093110534975, -40.930336097155255 ], [ 174.976262914301486, -40.929684013417457 ], [ 174.97635734996507, -40.929016590919929 ], [ 174.976412714844258, -40.928332420113776 ], [ 174.976481244120123, -40.927647457423198 ], [ 174.976667301029664, -40.92697412975761 ], [ 174.976833104088172, -40.926307144606717 ], [ 174.976935670270336, -40.925637216180782 ], [ 174.977032663758138, -40.924959191600891 ], [ 174.977226195124842, -40.924285114988542 ], [ 174.977295545587737, -40.923606038433064 ], [ 174.977375189693163, -40.922922324488255 ], [ 174.977452426820832, -40.922250638943488 ], [ 174.9775068448551, -40.921590107844239 ], [ 174.9775930100067, -40.920910703206047 ], [ 174.977757293285066, -40.920230759015936 ], [ 174.977829879731672, -40.919549300903725 ], [ 174.977962872079559, -40.918856113326136 ], [ 174.978066478803271, -40.918161257268153 ], [ 174.978372846220395, -40.917484867229142 ], [ 174.978379567001554, -40.916820551867438 ], [ 174.978286912216589, -40.916140760643323 ], [ 174.978275607772304, -40.915455056619663 ], [ 174.978216499019567, -40.914773963350058 ], [ 174.978152214126425, -40.914094656701337 ], [ 174.978113596900471, -40.913411930918102 ], [ 174.978128685524496, -40.912725111796512 ], [ 174.978232283662607, -40.912035423529325 ], [ 174.977971386855472, -40.911360059438117 ], [ 174.977993099963328, -40.910673088317665 ], [ 174.978028078127835, -40.909995429996137 ], [ 174.97796727760084, -40.909315156152466 ], [ 174.97792104353482, -40.908611718551654 ], [ 174.977916327388527, -40.907899417977056 ], [ 174.978003473942294, -40.907190248013237 ], [ 174.977666902647286, -40.906562088179889 ], [ 174.977537342636282, -40.905931411928201 ], [ 174.977454460103729, -40.905291302104651 ], [ 174.977438180149903, -40.904621629489014 ], [ 174.977370525485526, -40.903945325266982 ], [ 174.977187592481386, -40.903266273542556 ], [ 174.977153636954966, -40.902582980530624 ], [ 174.977098183631881, -40.901905990335422 ], [ 174.977134554633437, -40.901230460969423 ], [ 174.977069655594079, -40.900553474960255 ], [ 174.977134210882127, -40.899882712975604 ], [ 174.977184107103966, -40.89921288740107 ], [ 174.977220689268279, -40.898534456077606 ], [ 174.977248775587697, -40.897855844616068 ], [ 174.977291201166651, -40.897177518488093 ], [ 174.977287911099779, -40.896519448117679 ], [ 174.9774634580493, -40.895874369450418 ], [ 174.977647944330641, -40.895208827344469 ], [ 174.977796075146927, -40.894544057457736 ], [ 174.978031518454117, -40.893894085648945 ], [ 174.978211130844699, -40.893232221021329 ], [ 174.978508928990436, -40.892585360326009 ], [ 174.978817670292102, -40.891948578875059 ], [ 174.979084699399408, -40.891304694784253 ], [ 174.979207257752961, -40.89063541299651 ], [ 174.979375116261451, -40.890038823907936 ], [ 174.979565893538904, -40.88943148006598 ], [ 174.979893514028646, -40.888798987587847 ], [ 174.980079479138396, -40.888122441227502 ], [ 174.980447614914937, -40.887503969856532 ], [ 174.980776594004311, -40.886871823407084 ], [ 174.981221531052938, -40.886265051866665 ], [ 174.981564472917739, -40.885625115134232 ], [ 174.981904221284935, -40.884989002489938 ], [ 174.982352980462338, -40.8843439142954 ], [ 174.98263340942384, -40.883658446345393 ], [ 174.982996560234994, -40.883174697905908 ], [ 174.983227338717256, -40.882758646782101 ], [ 174.983659171479673, -40.882215095768814 ], [ 174.98424955210811, -40.881727133304835 ], [ 174.984869324841554, -40.881302515218849 ], [ 174.985490746354969, -40.880844739928442 ], [ 174.98617692905907, -40.880405754943489 ], [ 174.986948078112192, -40.88004874377561 ], [ 174.98766941611936, -40.879680295790344 ], [ 174.988464982204675, -40.879412907206508 ] ] } },
{ "type": "Feature", "properties": { "group_id": "nzd0326" }, "geometry": { "type": "LineString", "coordinates": [ [ 176.213457121829038, -40.909950648200649 ], [ 176.212564491425354, -40.910044274396782 ], [ 176.211650367966058, -40.91006568731683 ], [ 176.210689438175422, -40.910314810551668 ], [ 176.209773301523541, -40.91066416841403 ], [ 176.209031411764414, -40.911087086921327 ], [ 176.208284163335918, -40.911510811456154 ], [ 176.207505522174358, -40.911918093506856 ], [ 176.206775395732109, -40.91234678837484 ], [ 176.206013478788037, -40.912742078504799 ], [ 176.205339933791578, -40.91326045467833 ], [ 176.204712258188806, -40.913794194288251 ], [ 176.204158301882728, -40.914328466655441 ] ] } },
{ "type": "Feature", "properties": { "group_id": "nzd0328" }, "geometry": { "type": "LineString", "coordinates": [ [ 172.098894272075739, -40.939484574907652 ], [ 172.098978772960663, -40.938794492149718 ], [ 172.098964231577611, -40.938112841992677 ], [ 172.098864448683258, -40.937438448745027 ], [ 172.098771074710328, -40.936763502477582 ], [ 172.098586973417184, -40.936096280736336 ], [ 172.098517897793869, -40.935419250133108 ], [ 172.098445119931, -40.934742528111727 ], [ 172.09828535521828, -40.93407321194767 ], [ 172.098209386552043, -40.933396550348405 ], [ 172.098095764992081, -40.932722864726998 ], [ 172.097936439497062, -40.932053956320416 ], [ 172.097784376036003, -40.931384624746563 ], [ 172.097618382610591, -40.930716694407749 ], [ 172.097506293452966, -40.930043308532795 ], [ 172.097473163138062, -40.929361934455997 ], [ 172.097354981688426, -40.928689150674536 ], [ 172.097222433475224, -40.928018395148186 ], [ 172.09649119871824, -40.927395965054465 ], [ 172.096203636111454, -40.926717736209476 ], [ 172.09657148462901, -40.926008199815399 ], [ 172.096757912107762, -40.92532302878169 ], [ 172.096637467425069, -40.924647096491533 ], [ 172.096533023662403, -40.923970730332307 ], [ 172.096511107920918, -40.923292155500398 ], [ 172.096531482954504, -40.922612445428513 ], [ 172.096486756446382, -40.921934465230038 ], [ 172.096660591620576, -40.921249796044833 ], [ 172.096353294443134, -40.92060137797781 ], [ 172.096359612273687, -40.919911129650806 ], [ 172.096270479062781, -40.91923314762856 ], [ 172.096067119307151, -40.91857134494321 ] ] } },
{ "type": "Feature", "properties": { "group_id": "nzd0329" }, "geometry": { "type": "LineString", "coordinates": [ [ 172.100521408593181, -40.957485904796265 ], [ 172.100666679858818, -40.956769544907459 ], [ 172.100899201455405, -40.956039305218226 ], [ 172.100760310397192, -40.955368107854554 ], [ 172.100553771343812, -40.954707659079389 ], [ 172.099985943585835, -40.954104644220905 ], [ 172.099833074802774, -40.95343564943159 ], [ 172.099687404986298, -40.952765893904328 ], [ 172.099517204290834, -40.952100789652114 ], [ 172.099365331597625, -40.951430393957125 ], [ 172.099229770772013, -40.950758776225271 ], [ 172.099169709937911, -40.950081476884364 ], [ 172.099096265460503, -40.949405176569627 ] ] } },
{ "type": "Feature", "properties": { "group_id": "nzd0330" }, "geometry": { "type": "LineString", "coordinates": [ [ 176.160174039408304, -40.944436212238216 ], [ 176.159555177826434, -40.94492803278284 ], [ 176.158921248036194, -40.945408540268417 ], [ 176.158360228724831, -40.945943769066865 ], [ 176.157659685446021, -40.946374271671701 ], [ 176.156958221883741, -40.946829560007394 ], [ 176.156315150394988, -40.947332594450572 ], [ 176.155709519920578, -40.947836403971884 ], [ 176.155168681524742, -40.948379120259887 ], [ 176.154589951088099, -40.948914197632405 ], [ 176.154014596262783, -40.949453417779203 ], [ 176.153346332646436, -40.949925850125922 ], [ 176.15276988910378, -40.95044766366685 ], [ 176.152231820683767, -40.95099077432895 ], [ 176.151668989650915, -40.951520135234375 ], [ 176.151150092322695, -40.952073878748983 ], [ 176.15064465410893, -40.952636881989307 ], [ 176.150135946557384, -40.953206595513649 ], [ 176.149677187948328, -40.95379983806739 ], [ 176.149143775489847, -40.954346086856127 ], [ 176.14867119779305, -40.954923586019184 ], [ 176.148157931717577, -40.955479772988348 ], [ 176.1476353603733, -40.956031194316751 ], [ 176.147057235943493, -40.956554257850577 ], [ 176.146520928295701, -40.957098930654709 ], [ 176.14599540819097, -40.957649174628862 ], [ 176.145536637302428, -40.958237513761397 ], [ 176.145048299145628, -40.958835933351594 ], [ 176.144551392940741, -40.959432530789471 ], [ 176.144039808086404, -40.959999312900358 ], [ 176.14369380696445, -40.960619181472993 ], [ 176.143303428376186, -40.961220065639004 ], [ 176.14289214156571, -40.961820105857441 ], [ 176.142470036825074, -40.962418710028615 ], [ 176.141963887533848, -40.962983397801345 ], [ 176.141548289636575, -40.963584616850063 ], [ 176.141046534600264, -40.964151067160977 ], [ 176.140633456497909, -40.964753292338472 ], [ 176.140310028945891, -40.965391684931127 ], [ 176.139871514934441, -40.965999757016945 ], [ 176.139401675552534, -40.966604118961079 ], [ 176.138998249020233, -40.96721537978388 ], [ 176.138627583682535, -40.967833686921679 ], [ 176.138263188807713, -40.968453899382951 ], [ 176.137843603002835, -40.96905728428969 ], [ 176.137480506453784, -40.969674481782569 ], [ 176.137146130508143, -40.970298876562069 ], [ 176.136642222171304, -40.970872306382148 ], [ 176.136169742958316, -40.97145741759519 ], [ 176.136080205097755, -40.972165585765204 ], [ 176.135774652044887, -40.972805780192992 ], [ 176.13537578933861, -40.973434447845946 ], [ 176.13494202732943, -40.974059082283816 ], [ 176.134835040330103, -40.974745450921141 ], [ 176.134630937672995, -40.975408177219052 ], [ 176.134207310789975, -40.976006981935747 ], [ 176.133791355318237, -40.976578418535503 ], [ 176.133317458065932, -40.977136856709365 ], [ 176.132978066620865, -40.977822899998593 ], [ 176.132846639764352, -40.978547214726483 ], [ 176.132652075433157, -40.979209120773348 ], [ 176.132401250833794, -40.97986137312563 ], [ 176.132283264105212, -40.980536396914133 ] ] } },
{ "type": "Feature", "properties": { "group_id": "nzd0332" }, "geometry": { "type": "LineString", "coordinates": [ [ 174.940602272868603, -40.998215113704319 ], [ 174.941106310007996, -40.997653303618833 ], [ 174.941628854918093, -40.997100138479134 ], [ 174.942147029032697, -40.996550081243861 ], [ 174.94264479380368, -40.995991898203584 ], [ 174.943118817451676, -40.995415316739511 ], [ 174.943622259835593, -40.994851931163637 ], [ 174.944103651156809, -40.994276852843242 ], [ 174.944584249677376, -40.993701237144926 ], [ 174.945057524265707, -40.993124369202903 ], [ 174.945601735322668, -40.992579586376607 ], [ 174.946061423127503, -40.991999251454878 ], [ 174.946498434667035, -40.991406890671385 ], [ 174.94696259619505, -40.990827280917735 ], [ 174.94745976892014, -40.990265886794511 ], [ 174.947982956211376, -40.989716955680699 ], [ 174.948430834233818, -40.989119227247556 ], [ 174.948913438456174, -40.988535620268493 ], [ 174.949278824305281, -40.987918704569061 ], [ 174.949624581700164, -40.987291348101074 ], [ 174.949966806703713, -40.986659700597038 ], [ 174.95038417390856, -40.986059282848586 ], [ 174.950862384431531, -40.985483853170543 ], [ 174.951382704109335, -40.984925582208021 ], [ 174.951849141783839, -40.984345167448275 ], [ 174.952281274065399, -40.98375069459432 ], [ 174.952687876088532, -40.983144439941732 ], [ 174.953064420052868, -40.982527648784341 ], [ 174.953534641627471, -40.981944682020682 ], [ 174.953973887359865, -40.981357060165301 ], [ 174.954378931158345, -40.980753986355985 ], [ 174.954813473132845, -40.980158293331598 ], [ 174.955169784047882, -40.979533651149538 ], [ 174.955608839429061, -40.978941109666792 ], [ 174.956036809338428, -40.978344386653312 ], [ 174.95642053154171, -40.9777311320696 ], [ 174.956826110895804, -40.977125135941073 ], [ 174.957249516209458, -40.976525207139872 ], [ 174.957672097145462, -40.975925210772338 ], [ 174.958035339446695, -40.975304276136292 ], [ 174.958447233904451, -40.974698823958967 ], [ 174.958877838898161, -40.974092915085933 ], [ 174.959399493311764, -40.973508616490783 ], [ 174.959761237178355, -40.972911071905571 ], [ 174.960075643514472, -40.972299555440493 ], [ 174.960325590151911, -40.971627773379339 ], [ 174.960608565065769, -40.970974483418068 ], [ 174.960987793509673, -40.970358851112778 ], [ 174.961392283554233, -40.969751008000998 ], [ 174.961778050276649, -40.969142482355778 ], [ 174.962104055068068, -40.968516403536775 ], [ 174.962447644111506, -40.967890198488952 ], [ 174.962866936321376, -40.967281589091478 ], [ 174.963211542129784, -40.966645718204553 ], [ 174.963470439239671, -40.965995530359699 ], [ 174.96383815143102, -40.965374620988655 ], [ 174.964215580341488, -40.964757997195647 ], [ 174.964537539953994, -40.964125524973234 ], [ 174.964833845431514, -40.963485898071063 ], [ 174.965082987478837, -40.962834488674737 ], [ 174.965451534527517, -40.962216179692646 ], [ 174.965794959207642, -40.961589207222268 ], [ 174.966087685753791, -40.960943801670794 ], [ 174.966426221266801, -40.960310070073028 ], [ 174.966742507773318, -40.95967404221539 ], [ 174.967112539208927, -40.959051990096654 ], [ 174.967351826881895, -40.958397032557315 ], [ 174.967632638492148, -40.957752299807737 ], [ 174.967950895822923, -40.957117066697549 ], [ 174.968412335814719, -40.95651101935556 ], [ 174.968817082684268, -40.955886727758177 ], [ 174.968815000801413, -40.955179605449032 ], [ 174.968988339238052, -40.954515176678427 ], [ 174.969291977762083, -40.953882014847714 ], [ 174.96967772850752, -40.953266269617409 ], [ 174.96991806484354, -40.952601899003433 ], [ 174.970139852725595, -40.951933821854418 ], [ 174.970344766435971, -40.951271364895561 ], [ 174.970606989334129, -40.950623128980915 ], [ 174.97084742914231, -40.949972697384098 ], [ 174.971144292643913, -40.949331718383071 ], [ 174.971394066962318, -40.948679903935727 ], [ 174.971689210375473, -40.948037237315269 ], [ 174.97194301132933, -40.947386222468552 ], [ 174.972105775581809, -40.946716832264613 ], [ 174.972285213570956, -40.946042301669806 ], [ 174.972496737937462, -40.945373891283076 ] ] } },
{ "type": "Feature", "properties": { "group_id": "nzd0333" }, "geometry": { "type": "LineString", "coordinates": [ [ 172.110006831804895, -41.006071523678415 ], [ 172.109889484773504, -41.00539896852483 ], [ 172.109662016584537, -41.004740497691287 ] ] } },
{ "type": "Feature", "properties": { "group_id": "nzd0335" }, "geometry": { "type": "LineString", "coordinates": [ [ 172.111266398061417, -41.031484896856213 ], [ 172.111326676742038, -41.030797894198088 ], [ 172.111237591849147, -41.0301235414762 ], [ 172.111152641159123, -41.029448831528335 ], [ 172.11098401472043, -41.028781205426732 ], [ 172.110877914541618, -41.02810827395551 ], [ 172.110793559725522, -41.027433492880974 ], [ 172.110654797172344, -41.026763304483566 ], [ 172.110521768447285, -41.026092585875844 ], [ 172.110401811740275, -41.025420795618011 ], [ 172.110345846920438, -41.024743476641298 ], [ 172.110227383790686, -41.024071590130504 ], [ 172.110133555933743, -41.023397552675782 ], [ 172.110537801820158, -41.022640161215762 ], [ 172.109967297107261, -41.022017359374004 ], [ 172.109708798976612, -41.021365813658875 ], [ 172.109720507435469, -41.020652515160911 ] ] } },
{ "type": "Feature", "properties": { "group_id": "nzd0336" }, "geometry": { "type": "LineString", "coordinates": [ [ 172.107203939745517, -41.050974065571538 ], [ 172.10709962457085, -41.050301139665969 ], [ 172.107018661951543, -41.049625879588767 ], [ 172.107061312169435, -41.048938293216906 ], [ 172.106965507623045, -41.048264498442919 ], [ 172.106851981284933, -41.047592463003014 ], [ 172.10671418384166, -41.0469228396475 ], [ 172.106621303935412, -41.04624873281594 ], [ 172.106503018136294, -41.04557715116983 ] ] } },
{ "type": "Feature", "properties": { "group_id": "nzd0337" }, "geometry": { "type": "LineString", "coordinates": [ [ 172.104679689543786, -41.067023487020798 ], [ 172.10475373294787, -41.066329173925958 ], [ 172.104661661032196, -41.065654505297609 ], [ 172.104525356512369, -41.064985062637859 ], [ 172.104403860205423, -41.064313861319029 ], [ 172.104270098749566, -41.063644104193074 ], [ 172.10498464864358, -41.062873978189032 ] ] } },
{ "type": "Feature", "properties": { "group_id": "nzd0338" }, "geometry": { "type": "LineString", "coordinates": [ [ 174.853601994396826, -41.069697681831933 ], [ 174.853486764303398, -41.069019142630616 ], [ 174.853218273100481, -41.068374524229412 ], [ 174.852825097214293, -41.067757884095315 ], [ 174.852279779851244, -41.067216595827389 ], [ 174.851766450051429, -41.066657562714774 ] ] } },
{ "type": "Feature", "properties": { "group_id": "nzd0339" }, "geometry": { "type": "LineString", "coordinates": [ [ 172.103253811542658, -41.077406305926125 ], [ 172.103113822429179, -41.076736919632211 ], [ 172.102971904081528, -41.076067699167581 ], [ 172.102998155541684, -41.075383418920339 ], [ 172.102973013805013, -41.074703731865334 ], [ 172.103030935407162, -41.074016602510341 ], [ 172.103027192165911, -41.07333498587726 ] ] } },
{ "type": "Feature", "properties": { "group_id": "nzd0340" }, "geometry": { "type": "LineString", "coordinates": [ [ 172.103240961635123, -41.08877817376527 ], [ 172.103232874917069, -41.088094843931508 ], [ 172.103138813461356, -41.087421066689487 ], [ 172.103050702694816, -41.086746653297944 ], [ 172.103035986069074, -41.086064153211545 ], [ 172.102915108194821, -41.085393215304912 ], [ 172.102794739558504, -41.084727197668585 ], [ 172.102692423397656, -41.084060752345195 ], [ 172.102588266266878, -41.08338931345984 ], [ 172.102443507515915, -41.082719737975111 ] ] } },
{ "type": "Feature", "properties": { "group_id": "nzd0341" }, "geometry": { "type": "LineString", "coordinates": [ [ 176.068649300703242, -41.103766841230431 ], [ 176.06857386178109, -41.104441498153143 ] ] } },
{ "type": "Feature", "properties": { "group_id": "nzd0342" }, "geometry": { "type": "LineString", "coordinates": [ [ 174.831688668684052, -41.107698820655308 ], [ 174.832625325031103, -41.107777724279906 ], [ 174.833498449092446, -41.107588996747339 ], [ 174.83430116253038, -41.107241998701873 ], [ 174.834935991998492, -41.106740245940252 ], [ 174.83550104861655, -41.106197316563133 ], [ 174.836052594427969, -41.105619395706633 ], [ 174.836361087182553, -41.10492883658047 ], [ 174.836555275785258, -41.104227429131903 ], [ 174.836448105287332, -41.103521288888764 ] ] } },
{ "type": "Feature", "properties": { "group_id": "nzd0343" }, "geometry": { "type": "LineString", "coordinates": [ [ 176.060636300666715, -41.130642118973086 ], [ 176.059754801245077, -41.130829696261166 ], [ 176.058932639267539, -41.131104514430376 ], [ 176.058135565684353, -41.131416219052092 ], [ 176.057370481927705, -41.13177495865196 ], [ 176.056584448372064, -41.132102894493769 ], [ 176.055853497723234, -41.132511821615417 ], [ 176.055116922155236, -41.132912478559291 ], [ 176.054352591066532, -41.133348174057716 ], [ 176.053647504571671, -41.133826754642314 ], [ 176.052984893218962, -41.134289040636702 ], [ 176.052298910682197, -41.134735096405961 ], [ 176.051649875968963, -41.135205764058405 ], [ 176.051070913895273, -41.135723112668181 ], [ 176.050462303100545, -41.136220704551306 ], [ 176.049806176240054, -41.136741249549118 ], [ 176.049263235584277, -41.137340054623614 ], [ 176.048783779209543, -41.137923304392018 ], [ 176.04832228010423, -41.138504921646899 ], [ 176.047908069560009, -41.139105057562219 ], [ 176.047454819123658, -41.139690182442415 ], [ 176.047030779184922, -41.140286954030756 ] ] } },
{ "type": "Feature", "properties": { "group_id": "nzd0345" }, "geometry": { "type": "LineString", "coordinates": [ [ 172.093081888295188, -41.271603055460069 ], [ 172.09333173679255, -41.270940776230496 ], [ 172.093546556219877, -41.270276382331829 ], [ 172.093547201491617, -41.269599095825576 ], [ 172.093448511449594, -41.268915825727433 ], [ 172.09348030164324, -41.26824039903601 ], [ 172.10258040162779, -41.195648053918653 ], [ 172.102667621845825, -41.194975297847286 ], [ 172.102703726001693, -41.194299024159328 ], [ 172.102747719707793, -41.193623285378209 ], [ 172.102789934668692, -41.192947417478372 ], [ 172.102784167954837, -41.192268247120637 ], [ 172.102836960550661, -41.191597465881159 ], [ 172.102946664624739, -41.190939012782913 ], [ 172.102992940941647, -41.19027231415221 ], [ 172.103044170774837, -41.189597017555961 ], [ 172.10307631331878, -41.188921390538354 ], [ 172.103095257536268, -41.188245532896183 ], [ 172.103102371679853, -41.187569467815877 ], [ 172.103116238208798, -41.186893510176183 ], [ 172.103077608163005, -41.186216655991977 ], [ 172.103094847444794, -41.185540741548365 ], [ 172.103176049536899, -41.184865903984999 ], [ 172.103197587630518, -41.184190048426295 ], [ 172.103286963193995, -41.183515335357455 ], [ 172.103334567926737, -41.182839907510491 ], [ 172.103400944090282, -41.182164790729857 ], [ 172.10342039373316, -41.181488871863991 ], [ 172.103456099866861, -41.180813221457981 ], [ 172.10354366200491, -41.180138442655561 ], [ 172.103586647732357, -41.179462901610101 ], [ 172.103639060061909, -41.178787513285648 ], [ 172.103636455365205, -41.178111185877817 ], [ 172.103627971601071, -41.177434751884434 ], [ 172.103618690393006, -41.17675829739774 ], [ 172.103661832223082, -41.176082724107452 ], [ 172.103673163059398, -41.175406604884124 ], [ 172.103649718661387, -41.174729889502785 ], [ 172.103725407201324, -41.174054846698084 ], [ 172.103738206607602, -41.173378731422829 ], [ 172.103787524701659, -41.172703227870166 ], [ 172.103825660050774, -41.172027527875706 ], [ 172.103873021068949, -41.171351977194789 ], [ 172.10383228995417, -41.170674927116323 ], [ 172.103857893942973, -41.169998993886203 ], [ 172.103818169371436, -41.16932232880427 ], [ 172.10393956640371, -41.168647029636851 ], [ 172.104169436493947, -41.167971108887919 ], [ 172.104246320122172, -41.167295014868238 ], [ 172.104469897514122, -41.166619164935589 ], [ 172.104625961280533, -41.165943192133525 ], [ 172.104341191554568, -41.165266458139428 ], [ 172.104188892315022, -41.164589943571947 ], [ 172.104045017796153, -41.163913436294322 ], [ 172.104041038488788, -41.163237161832484 ], [ 172.10401800411384, -41.162560847718886 ], [ 172.103992221250053, -41.161884521911738 ], [ 172.103977724454296, -41.16120820847889 ], [ 172.103966030250689, -41.160531892873465 ], [ 172.103950271251051, -41.159855563318381 ], [ 172.103931919283866, -41.159179222337265 ], [ 172.103943344876882, -41.15850292544603 ], [ 172.103904227210535, -41.15782653489434 ], [ 172.103978393291385, -41.157150227182818 ], [ 172.103937957459522, -41.156473623379028 ], [ 172.103939600730826, -41.155797129095475 ], [ 172.103947688821108, -41.155120763110496 ], [ 172.104009083574198, -41.154444295238349 ], [ 172.103957685849736, -41.153768021193997 ], [ 172.103877469180503, -41.153091791453093 ], [ 172.103835830842968, -41.152415486054856 ], [ 172.103792546047657, -41.151739176602185 ], [ 172.103852476347868, -41.151062676500956 ], [ 172.103838584178988, -41.150386300792562 ], [ 172.103812885990948, -41.149709939119298 ], [ 172.103855684877288, -41.149033448542859 ], [ 172.103767954208848, -41.148357183332308 ], [ 172.103765852295538, -41.147680758730154 ], [ 172.103685997689354, -41.147004465513668 ], [ 172.103651889938845, -41.146328083906454 ], [ 172.103632125406932, -41.145651669802795 ], [ 172.103598176256241, -41.144975303343855 ], [ 172.103614248922838, -41.144299555683304 ], [ 172.103635847077811, -41.143622225852468 ], [ 172.103575971925238, -41.142947139012193 ], [ 172.10350159621882, -41.142272572546851 ], [ 172.103507027195519, -41.141595096845407 ], [ 172.103458488577957, -41.140919576862629 ], [ 172.103436735355899, -41.140243075811334 ], [ 172.103378299126348, -41.139567901859913 ], [ 172.103278470584939, -41.138894226283519 ], [ 172.103201697206572, -41.138219705297779 ], [ 172.103158159501447, -41.137543968669085 ], [ 172.103103319952197, -41.136868636101198 ], [ 172.103072266018074, -41.136192431549119 ], [ 172.103031743586058, -41.13551656438198 ], [ 172.103075974089165, -41.134837607898945 ], [ 172.103009314083295, -41.1341626773916 ], [ 172.10293937661595, -41.133487859129133 ], [ 172.1028632007027, -41.132813260799828 ], [ 172.102793620015262, -41.132138426666309 ], [ 172.102773605836518, -41.131461819411307 ], [ 172.102746205465877, -41.130785465234169 ], [ 172.10273299181236, -41.130108592172775 ], [ 172.10269042311873, -41.129432736630598 ], [ 172.102623257863854, -41.128757732555087 ], [ 172.102583099717009, -41.128081778968586 ] ] } },
{ "type": "Feature", "properties": { "group_id": "nzd0347" }, "geometry": { "type": "LineString", "coordinates": [ [ 175.94882824214767, -41.246609002565663 ], [ 175.947915380608435, -41.246589811578175 ], [ 175.947018990261114, -41.246650236691387 ], [ 175.946130609704852, -41.246749382208606 ], [ 175.945177890051951, -41.246962689308361 ], [ 175.944219877445704, -41.247168476519533 ], [ 175.943375544209715, -41.24741402952376 ], [ 175.942579084057115, -41.247730371691546 ], [ 175.941760725748082, -41.248068121485964 ], [ 175.940941468455037, -41.248442021396635 ], [ 175.940168908380684, -41.248833052605114 ], [ 175.939402543790692, -41.249172082689711 ], [ 175.938659505001652, -41.249369335630469 ], [ 175.937883623624259, -41.24947529494429 ], [ 175.937007179464672, -41.249630377388065 ], [ 175.936168510532838, -41.249836058660996 ], [ 175.935352703023568, -41.250101103211044 ], [ 175.934506550436168, -41.250329776607032 ], [ 175.933666029064369, -41.250580134220058 ], [ 175.932798676782625, -41.250755306127772 ], [ 175.931950682380858, -41.250991223200906 ], [ 175.931075901227587, -41.251219690403055 ], [ 175.930225003764946, -41.251488040527796 ], [ 175.929397071970271, -41.251749865066223 ], [ 175.928582942413669, -41.252035439557339 ], [ 175.927780371434778, -41.252340903931355 ], [ 175.92693101090677, -41.252565851292744 ], [ 175.926061252840697, -41.252770572960038 ], [ 175.92520762052564, -41.253063000239976 ], [ 175.92446043620555, -41.253483700933849 ], [ 175.92378464867636, -41.253930743096753 ], [ 175.923074683192397, -41.254344283020167 ], [ 175.922330956410576, -41.254626967190504 ], [ 175.921545587221175, -41.254711839110179 ], [ 175.920669442714569, -41.254799704708084 ], [ 175.919760993261832, -41.254858635303222 ], [ 175.91883248615062, -41.255009869336668 ], [ 175.917947154070191, -41.255254839736274 ], [ 175.917128924921514, -41.255534296945086 ], [ 175.916287391515823, -41.255814607662892 ], [ 175.915459273370772, -41.256127247649189 ], [ 175.914659737240498, -41.256448715700785 ], [ 175.913900421015967, -41.256810026868742 ], [ 175.913087050256763, -41.257101990203765 ], [ 175.91226173796386, -41.257378631224576 ], [ 175.911467169772067, -41.257694712119267 ], [ 175.910693543516629, -41.258037658359633 ], [ 175.909886727256321, -41.258338022078618 ], [ 175.909071030484313, -41.258626990271189 ], [ 175.908341885289559, -41.25902699939197 ], [ 175.90759161365537, -41.259403994488721 ], [ 175.906825560173274, -41.2597630728174 ], [ 175.906046136091788, -41.260101776037992 ], [ 175.905263408457671, -41.260433777250341 ], [ 175.904460799889506, -41.26074144421078 ], [ 175.903684420135221, -41.261081210627701 ], [ 175.902953099267819, -41.261476123745823 ], [ 175.902194319579735, -41.261837428200494 ], [ 175.901399743086301, -41.262154918120054 ], [ 175.900669486281174, -41.262551129761334 ], [ 175.899856167842302, -41.262857310313386 ], [ 175.899115328755016, -41.263272217460617 ], [ 175.898377749351198, -41.263684004740952 ], [ 175.897688454346735, -41.264116837454615 ], [ 175.897069809356395, -41.264611970463683 ], [ 175.896305196715616, -41.264978378438606 ], [ 175.895549562196805, -41.265352700490844 ], [ 175.894809598109816, -41.265740838507455 ], [ 175.894061800716315, -41.266122065379065 ], [ 175.893379965746476, -41.266561459852234 ], [ 175.892723317587638, -41.267023063353363 ] ] } },
{ "type": "Feature", "properties": { "group_id": "nzd0348" }, "geometry": { "type": "LineString", "coordinates": [ [ 175.886407832933401, -41.2724269046195 ], [ 175.885648355267193, -41.272787286262279 ], [ 175.88487202242689, -41.273127068152853 ], [ 175.88411700387681, -41.273492896029637 ], [ 175.883364172583043, -41.273861395490442 ], [ 175.882642309086293, -41.274331337036102 ], [ 175.881905242481764, -41.274791767024951 ], [ 175.881246487046013, -41.275279676002782 ], [ 175.880647819334655, -41.275783764320089 ], [ 175.880043925580907, -41.276284651451157 ], [ 175.879503280757461, -41.276829362284253 ], [ 175.878942665188134, -41.277371877654147 ], [ 175.878381189495684, -41.277910142060669 ], [ 175.877837108707041, -41.278447577252663 ], [ 175.877269101595061, -41.278972213587977 ], [ 175.876739044182727, -41.279517138648487 ], [ 175.876248736088911, -41.280083314733623 ], [ 175.875761783386451, -41.280651280527763 ], [ 175.875241062514647, -41.28120118467092 ], [ 175.874688333691637, -41.281733968459115 ], [ 175.874125311171923, -41.282261243319127 ], [ 175.873561186666393, -41.282765342904277 ], [ 175.872817943804904, -41.283112455538529 ], [ 175.872110304660993, -41.283496135260222 ], [ 175.871421089211651, -41.283931550025954 ], [ 175.870743064074134, -41.284375623210536 ], [ 175.870110945216283, -41.284855226704018 ], [ 175.869569089032694, -41.28545534449551 ], [ 175.86889893674666, -41.286038195957282 ], [ 175.868168599977508, -41.286608213210279 ], [ 175.867851975076974, -41.287240937902176 ] ] } },
{ "type": "Feature", "properties": { "group_id": "nzd0349" }, "geometry": { "type": "LineString", "coordinates": [ [ 175.862115279890503, -41.317099523995445 ], [ 175.861550756835385, -41.317603949256252 ], [ 175.860994035698496, -41.318092640085418 ], [ 175.860345199631666, -41.318576433597578 ], [ 175.859833457958047, -41.319135670346 ], [ 175.859124556757024, -41.319490341646798 ], [ 175.858408037014385, -41.319851620552342 ], [ 175.857768209369425, -41.320292259416888 ], [ 175.85708800248716, -41.320679539322057 ], [ 175.856354051042587, -41.320978602419878 ], [ 175.855583055021953, -41.321228193652793 ], [ 175.854775943666198, -41.321501076289294 ], [ 175.853964066691702, -41.321790737179207 ], [ 175.853146353920778, -41.321997273718146 ], [ 175.852308617647537, -41.322235104703744 ], [ 175.851430961504121, -41.322534451929265 ], [ 175.850573599750334, -41.322848489132618 ], [ 175.849821288282556, -41.323209089050451 ], [ 175.849084122045753, -41.323602198156458 ], [ 175.848334484993075, -41.324000069645429 ] ] } },
{ "type": "Feature", "properties": { "group_id": "nzd0350" }, "geometry": { "type": "LineString", "coordinates": [ [ 174.804809588032413, -41.328800299826142 ], [ 174.803991656442378, -41.328404569717883 ], [ 174.803124365258441, -41.328389720973838 ], [ 174.802247795087709, -41.328232183019168 ], [ 174.801319299363684, -41.328099490822964 ], [ 174.800367079698304, -41.328072620065655 ], [ 174.799401424360241, -41.328107987553345 ], [ 174.798462186856511, -41.32821738852644 ], [ 174.797572713895278, -41.328455605676467 ], [ 174.796696493883388, -41.32874510712449 ], [ 174.795819509860962, -41.329002762826875 ], [ 174.795029654098101, -41.329376792027809 ], [ 174.794299780965105, -41.329820348511511 ], [ 174.793516538968987, -41.330211842518459 ], [ 174.792865635611804, -41.330717031562017 ], [ 174.792253950099507, -41.331241168387358 ], [ 174.791643911190022, -41.33175785696659 ], [ 174.791080104254377, -41.332294786886742 ] ] } },
{ "type": "Feature", "properties": { "group_id": "nzd0351" }, "geometry": { "type": "LineString", "coordinates": [ [ 172.073922547379141, -41.359558548330362 ], [ 172.074160510640212, -41.358908148310263 ], [ 172.074433352847365, -41.358264183903202 ], [ 172.074699289905283, -41.357618937517685 ], [ 172.074860602759941, -41.356954360249318 ], [ 172.074997519043336, -41.356285270168662 ], [ 172.075132959595265, -41.35561590078219 ], [ 172.075296134532152, -41.354951647366988 ], [ 172.075565033121364, -41.354306915094305 ], [ 172.07581627201543, -41.353658914388951 ], [ 172.075958528676665, -41.352990777380697 ], [ 172.076081673901314, -41.352319103615429 ], [ 172.076298545500407, -41.351663662302556 ], [ 172.076449738501424, -41.350997841682805 ], [ 172.076622669883591, -41.350336034928354 ], [ 172.076891068964699, -41.349687359801599 ], [ 172.077137307471446, -41.349035636394071 ], [ 172.077332086323622, -41.348376843525543 ], [ 172.077486976390531, -41.347712569266712 ], [ 172.077663888571522, -41.347051310717241 ], [ 172.077892695409901, -41.346397167822502 ], [ 172.078008019264786, -41.34572744288652 ], [ 172.078218387901387, -41.345070755879149 ], [ 172.07847710760845, -41.344420698181679 ], [ 172.078574478938151, -41.343748489004554 ], [ 172.078734666134267, -41.343084894390564 ], [ 172.078844232183144, -41.342414345286414 ], [ 172.078984774033415, -41.341748040785646 ], [ 172.079101711443826, -41.341078489769174 ], [ 172.079283914852113, -41.340417889771153 ], [ 172.079451619907957, -41.339755293095045 ], [ 172.079640975978208, -41.339095661281597 ], [ 172.0798268378378, -41.338435543121768 ], [ 172.080050080376168, -41.337780548746714 ], [ 172.080202423190087, -41.33711581653165 ], [ 172.080398599973648, -41.336457093826418 ], [ 172.080536566853311, -41.335790374945262 ], [ 172.08063232844998, -41.335117856476849 ], [ 172.080820818965492, -41.334458058524753 ], [ 172.080853746639946, -41.333776902204832 ], [ 172.080976972731605, -41.333108132849709 ], [ 172.081058603418597, -41.332433647457748 ], [ 172.081268479583088, -41.331776757751165 ], [ 172.081572726710647, -41.331132814234159 ], [ 172.081748284439527, -41.330471200605245 ], [ 172.081930858168846, -41.329810543197077 ], [ 172.082038370540829, -41.329139576400124 ], [ 172.082262078899703, -41.328484551446543 ], [ 172.082310983983149, -41.327805526801107 ], [ 172.082384526548481, -41.327129876903513 ], [ 172.082494948330179, -41.32645928213288 ], [ 172.082608303859075, -41.325789083219583 ], [ 172.082753275676936, -41.325123217160744 ], [ 172.082946268833894, -41.324463935772904 ], [ 172.083134255376336, -41.323803960412583 ], [ 172.08325274491736, -41.323134439046072 ], [ 172.08348375396065, -41.322480355489006 ], [ 172.083744433268549, -41.321830337725281 ], [ 172.083884801266976, -41.321163799157425 ], [ 172.084060023972512, -41.320502038010915 ], [ 172.084132510375383, -41.319826168302868 ], [ 172.084246055542906, -41.319155927561241 ], [ 172.084346540239324, -41.31848388726084 ], [ 172.084494515006725, -41.317818358832966 ], [ 172.084617569013147, -41.317149197474627 ], [ 172.084791639512247, -41.316481882802364 ], [ 172.084961972531943, -41.315813389988186 ], [ 172.085194360397196, -41.315156519300629 ], [ 172.085277970663242, -41.314484043643525 ], [ 172.085446102998844, -41.313820422580804 ], [ 172.08560457341602, -41.313155781687797 ], [ 172.085792354906516, -41.312494206961318 ], [ 172.086002235326532, -41.311834942243806 ], [ 172.086157485170872, -41.31116994313232 ], [ 172.086177987544716, -41.310490810037699 ], [ 172.086228667104336, -41.309814833807749 ], [ 172.086397346722748, -41.309151222159514 ], [ 172.086458268223993, -41.308476305950599 ], [ 172.086597686892588, -41.30780961278127 ], [ 172.086748238853318, -41.307144080013408 ] ] } },
{ "type": "Feature", "properties": { "group_id": "nzd0352" }, "geometry": { "type": "LineString", "coordinates": [ [ 174.060004538108245, -41.386042558494253 ], [ 174.058925619774925, -41.386293011357935 ], [ 174.057917548644724, -41.386229647251803 ], [ 174.056914295152154, -41.386399972679037 ], [ 174.05604421055736, -41.386865049229378 ], [ 174.056475594788765, -41.387977405282264 ] ] } },
{ "type": "Feature", "properties": { "group_id": "nzd0353" }, "geometry": { "type": "LineString", "coordinates": [ [ 175.180269195598726, -41.412658217238743 ], [ 175.179462035017195, -41.412362728190615 ], [ 175.178665475031011, -41.412051193283283 ], [ 175.177873241481649, -41.411733108918305 ], [ 175.177094479850155, -41.411394633853448 ], [ 175.176281680546936, -41.411107672510951 ], [ 175.175499952296462, -41.410773684982068 ], [ 175.174721435985077, -41.410434835451682 ], [ 175.173920963319091, -41.410129214033361 ], [ 175.173087675303435, -41.409873253526904 ], [ 175.172256852895686, -41.409613558886498 ], [ 175.171444125832721, -41.409326476941992 ], [ 175.170632570185575, -41.409037620259127 ], [ 175.169885016466083, -41.408651906167044 ], [ 175.169110109783901, -41.40830758556811 ], [ 175.168296381069979, -41.408022013287905 ], [ 175.167451881253811, -41.407783004021589 ], [ 175.166621354117325, -41.407522847388144 ], [ 175.165836579198725, -41.407193454284332 ], [ 175.165006408741391, -41.406932753496399 ], [ 175.16419484467923, -41.406643894903354 ], [ 175.163375987805466, -41.406366069706351 ], [ 175.162584825030507, -41.406046336582541 ], [ 175.161816996847222, -41.405691293458538 ], [ 175.161014081722527, -41.405389341064947 ], [ 175.160219828863717, -41.405074279995368 ], [ 175.159439549559806, -41.404738074149932 ], [ 175.158663175903115, -41.404395957795657 ], [ 175.157888973826147, -41.404050554877493 ], [ 175.157105748558138, -41.403718803825363 ], [ 175.156272553243042, -41.403462658433313 ], [ 175.155480490623546, -41.403144275689897 ], [ 175.154706290131344, -41.402798866139939 ], [ 175.153957574433264, -41.402414897524601 ], [ 175.153149827561293, -41.402120241810465 ], [ 175.152340951428698, -41.401827292804427 ], [ 175.15160725733557, -41.401420595646783 ], [ 175.150814216532609, -41.401103686472204 ], [ 175.150024431521729, -41.400781850233834 ], [ 175.14921780590646, -41.400485490912274 ], [ 175.148440210084317, -41.400145211147155 ], [ 175.147681325264443, -41.399776623238608 ], [ 175.146882135561412, -41.399461679242386 ], [ 175.14604767553891, -41.399190003417608 ], [ 175.14524210296392, -41.398878851129751 ], [ 175.14437410402391, -41.398683874078451 ], [ 175.14354291854724, -41.398427573082117 ], [ 175.14276183965859, -41.398087808543472 ], [ 175.142000123026861, -41.397715792955118 ], [ 175.141213803326849, -41.397384758011881 ], [ 175.140265275051433, -41.397323900672134 ], [ 175.139497868598198, -41.396961360441544 ], [ 175.138713650039648, -41.396626822518591 ], [ 175.137941496303966, -41.39627218975302 ], [ 175.137127146555656, -41.395987836449116 ], [ 175.136323877652359, -41.395685026444795 ], [ 175.135489688820599, -41.395433712617645 ], [ 175.134692124901562, -41.395121398693512 ], [ 175.133868517845258, -41.39485245780341 ], [ 175.133069369075173, -41.394542781506239 ], [ 175.132246624072991, -41.39427240198637 ], [ 175.131444724382021, -41.393967305135348 ], [ 175.130642243442765, -41.393663175443272 ], [ 175.129845356141118, -41.393349729505992 ], [ 175.129037891690132, -41.393053897416038 ], [ 175.128219338454244, -41.392776530558244 ], [ 175.127393330644793, -41.392511576204427 ], [ 175.126554470155583, -41.392268023148198 ], [ 175.125741858380678, -41.391980757127669 ], [ 175.124926875225185, -41.391697438715141 ], [ 175.124113123557834, -41.39141206825051 ], [ 175.123298746854545, -41.391127737263261 ], [ 175.122488250291838, -41.39083694386607 ], [ 175.12166221629019, -41.390572021303598 ], [ 175.120842941915754, -41.390295841312494 ], [ 175.120014551724523, -41.390003367214106 ], [ 175.119177471547744, -41.389699260355542 ], [ 175.118336633082095, -41.389432612886083 ], [ 175.117506865410547, -41.389169294053779 ], [ 175.116668230900757, -41.388925925283417 ], [ 175.115846910218181, -41.388643602891527 ], [ 175.115019701240413, -41.388374529358401 ], [ 175.114176064062946, -41.388142416414873 ], [ 175.113346128918323, -41.387879477066839 ], [ 175.112524305353702, -41.387598289744766 ], [ 175.111672619895074, -41.38738428269432 ], [ 175.11083108097165, -41.387147448713975 ], [ 175.109985902644951, -41.38691880153349 ], [ 175.109151149885065, -41.386666701099607 ], [ 175.108297255142389, -41.386457660645064 ], [ 175.107439140683255, -41.38625811088589 ], [ 175.106588917105, -41.386040809645735 ], [ 175.105769512374252, -41.385754184532928 ], [ 175.104927045976325, -41.38551943411273 ], [ 175.104067206721311, -41.385323759813183 ], [ 175.103208455742333, -41.385125635871908 ], [ 175.10236360248777, -41.384896251449952 ], [ 175.101522690483336, -41.384658001958734 ], [ 175.100673719424549, -41.384437877967649 ], [ 175.099802773021594, -41.384267177199135 ], [ 175.098933789012278, -41.384092060121411 ], [ 175.098075561579066, -41.383892749044769 ], [ 175.097233822183711, -41.383656355647588 ], [ 175.096369036756499, -41.383471790128596 ], [ 175.095491699698556, -41.383315449085494 ], [ 175.094619472764435, -41.383147612949877 ], [ 175.093745199985733, -41.382984374476038 ], [ 175.092867923244398, -41.382827887915525 ], [ 175.092017133708794, -41.382611836982321 ], [ 175.091173818208574, -41.382378978641519 ], [ 175.090315241455841, -41.382180436118929 ], [ 175.089438172627609, -41.382023472065697 ], [ 175.088571974864294, -41.381842061082558 ], [ 175.087706927831562, -41.381658060330601 ], [ 175.086830247485324, -41.381500213688227 ], [ 175.085994150870761, -41.381251116756744 ], [ 175.085123460708445, -41.381079797424768 ], [ 175.084267778693686, -41.380874732823131 ], [ 175.083393622577546, -41.380711200817849 ], [ 175.082522846655024, -41.380540066383439 ], [ 175.081667944795129, -41.380333241981837 ], [ 175.080809982502302, -41.38013329632107 ], [ 175.079931150079943, -41.379980266182741 ], [ 175.079075504100445, -41.379815977726921 ], [ 175.078217216078883, -41.379683453698313 ], [ 175.077355502127432, -41.379487481256049 ], [ 175.076489954719023, -41.379292861018506 ], [ 175.075627044711837, -41.37908749355018 ], [ 175.074769753533502, -41.378859226620989 ], [ 175.073889166996452, -41.378725922714516 ], [ 175.073013142117446, -41.378574025008582 ], [ 175.072138963526214, -41.378414603095848 ], [ 175.071269921044603, -41.378234249230587 ], [ 175.070396253681878, -41.378072747743261 ], [ 175.069522137866727, -41.377913075690593 ], [ 175.068647665704788, -41.377754857516685 ], [ 175.067756146800463, -41.377666109529557 ], [ 175.066890631161186, -41.377471393796242 ], [ 175.066011368175452, -41.377332701191605 ], [ 175.065121149731084, -41.377238649439718 ], [ 175.064260647471684, -41.37702351305672 ], [ 175.063379547505093, -41.376892306741361 ], [ 175.06251393709087, -41.376697990739792 ], [ 175.061652196554405, -41.376487912232015 ], [ 175.060788025455707, -41.376379720149082 ], [ 175.059930245734762, -41.376269526290613 ], [ 175.059080087511461, -41.376071521200664 ], [ 175.058218884807985, -41.375880051994208 ], [ 175.05734194819712, -41.375727625680419 ], [ 175.056479743101477, -41.375538640552648 ], [ 175.055651813782362, -41.37526460130973 ], [ 175.05478822927941, -41.375079038108396 ], [ 175.053922415084202, -41.374899005986897 ], [ 175.05306631025195, -41.374694880587882 ], [ 175.052200785204633, -41.374514128066089 ], [ 175.051317380784354, -41.374377735431487 ], [ 175.050465748291288, -41.374162509622181 ], [ 175.049608865822137, -41.373960309042147 ], [ 175.048748675802329, -41.373766313709659 ], [ 175.0478793547164, -41.373594970954777 ], [ 175.047024610107513, -41.3733874633485 ], [ 175.046119887347999, -41.373303943050729 ], [ 175.045213744846023, -41.37322393862371 ] ] } },
{ "type": "Feature", "properties": { "group_id": "nzd0354" }, "geometry": { "type": "LineString", "coordinates": [ [ 174.049144493605894, -41.392089503680083 ], [ 174.048762032253393, -41.392700162734258 ], [ 174.048396599804533, -41.393316071134429 ], [ 174.048083484357022, -41.393948118995105 ], [ 174.047711407380461, -41.394561964992043 ], [ 174.047386295404863, -41.395190298724366 ], [ 174.047082676258555, -41.395825259249214 ], [ 174.046774269441528, -41.396458736260755 ], [ 174.046442071214386, -41.397084865191935 ], [ 174.046109456364604, -41.39771085958813 ], [ 174.045778445853074, -41.39833734311879 ], [ 174.045467005355562, -41.39896985996608 ], [ 174.045168943320192, -41.399606499366122 ], [ 174.044846463161917, -41.400235597384281 ], [ 174.044514449735459, -41.400861747495576 ], [ 174.044191139431803, -41.401490577377956 ], [ 174.043898547337591, -41.402128880712816 ], [ 174.043555554193745, -41.402752108114846 ], [ 174.04324812871829, -41.403389969756958 ], [ 174.042930038073678, -41.404023845874661 ], [ 174.042611098579926, -41.404653728996344 ], [ 174.042290823555106, -41.405283230709415 ], [ 174.042002747312836, -41.405921774823035 ], [ 174.041655674140429, -41.406543733533347 ], [ 174.041318349455025, -41.407168425687146 ], [ 174.041020207762472, -41.407804122889694 ], [ 174.040735800283812, -41.4084436735018 ], [ 174.040425943408735, -41.409076066276207 ], [ 174.040132069759636, -41.40971294446161 ], [ 174.039820222217315, -41.410344765594793 ], [ 174.039500154815812, -41.410974270732211 ], [ 174.039181349842181, -41.411604124532261 ], [ 174.038884183186525, -41.412240052851146 ], [ 174.03863857514861, -41.412890463527233 ], [ 174.038333088867802, -41.413526981753861 ], [ 174.038037166172927, -41.414167622941207 ], [ 174.037764626877419, -41.414811020498206 ], [ 174.03753689686647, -41.415462676857025 ], [ 174.037241483095386, -41.416100884616938 ], [ 174.036998334699945, -41.416749465887683 ], [ 174.03679659349757, -41.417406264144631 ], [ 174.036534196916193, -41.418051009718681 ], [ 174.036271421905951, -41.418695673659869 ], [ 174.036080749455209, -41.419354650593583 ], [ 174.035864808563133, -41.420008602700698 ], [ 174.035618037866556, -41.420656425575366 ], [ 174.03538786559875, -41.421307538344955 ] ] } },
{ "type": "Feature", "properties": { "group_id": "nzd0355" }, "geometry": { "type": "LineString", "coordinates": [ [ 174.0297691781916, -41.459566374399593 ], [ 174.029791012643074, -41.460239383589901 ], [ 174.029826270430675, -41.460911885102924 ], [ 174.02987178033527, -41.461584032292812 ], [ 174.02990235499152, -41.462257947196953 ], [ 174.02990183654839, -41.462933963097385 ], [ 174.029972872314886, -41.46360506199111 ], [ 174.030021975047305, -41.464277658969799 ], [ 174.030042017603876, -41.464952243060402 ], [ 174.030117735967679, -41.465622999802136 ], [ 174.030239407631711, -41.46629059636706 ], [ 174.030342264735168, -41.466959477018293 ], [ 174.030472457794986, -41.46762647497264 ] ] } },
{ "type": "Feature", "properties": { "group_id": "nzd0357" }, "geometry": { "type": "LineString", "coordinates": [ [ 174.077141483795998, -41.514256307521364 ], [ 174.077986400579363, -41.514510308492376 ], [ 174.078715079872353, -41.514920651203347 ], [ 174.079423502508462, -41.51534713220174 ], [ 174.080121035230434, -41.515771959356087 ], [ 174.08073010836776, -41.516271270790661 ], [ 174.081375518915195, -41.516732795732764 ], [ 174.082086610322108, -41.517137180410344 ], [ 174.082826834633408, -41.517522745529369 ], [ 174.08350834199004, -41.517964994290729 ], [ 174.084177774859995, -41.51841211970779 ], [ 174.084899874513241, -41.518809469557546 ], [ 174.085699152525933, -41.519101816250071 ], [ 174.086501582809746, -41.519374264570438 ], [ 174.087272886267442, -41.519749727733732 ], [ 174.087930548486554, -41.520222723247741 ], [ 174.088533130773186, -41.520722603330732 ], [ 174.089122880058397, -41.521222320363037 ], [ 174.089662001508799, -41.52175845284787 ], [ 174.090236539969794, -41.52227513423928 ], [ 174.090850141127675, -41.522766308700433 ], [ 174.091453239805531, -41.523264968782968 ], [ 174.092115490752576, -41.523714267863483 ], [ 174.092799295720113, -41.524152114179614 ], [ 174.09355331869827, -41.524517847219506 ], [ 174.094342368725705, -41.524832997728979 ], [ 174.095154132934169, -41.525118596429081 ], [ 174.096001871188548, -41.525339707685724 ], [ 174.096838987909507, -41.525588487654318 ], [ 174.097591129209292, -41.525979145551482 ], [ 174.09831753495979, -41.526377330505987 ], [ 174.099070640135096, -41.526743671028115 ], [ 174.099814227676063, -41.527120651983154 ], [ 174.100552151071071, -41.527503263558707 ], [ 174.101295707489868, -41.527877835675035 ], [ 174.102029754118348, -41.528257701889949 ], [ 174.102817326021693, -41.528576755495635 ], [ 174.103649947237017, -41.528795999341213 ], [ 174.104515563836458, -41.528982640516183 ], [ 174.105319131480513, -41.529295911706612 ], [ 174.106071783882442, -41.529669815481498 ], [ 174.10681389711587, -41.530050097967937 ], [ 174.107525816971503, -41.5304629626254 ], [ 174.108227219085904, -41.5308876390827 ], [ 174.10893833221337, -41.531298671224398 ], [ 174.109680936126637, -41.53167473942343 ], [ 174.110449157775832, -41.532015246385441 ], [ 174.111235682124772, -41.532342730583068 ], [ 174.112073676554331, -41.532577796670473 ], [ 174.112940132383727, -41.532767696792774 ], [ 174.113636364455857, -41.533193244012203 ], [ 174.11421173183578, -41.533714050628198 ], [ 174.114861654252621, -41.534178417272145 ], [ 174.115548136104337, -41.534620049295988 ], [ 174.116270959069965, -41.535028950336915 ], [ 174.117036433282806, -41.535384152491773 ], [ 174.117829731712192, -41.53571102321807 ], [ 174.118361491517362, -41.536259164545854 ], [ 174.118819084225407, -41.536841541548625 ], [ 174.11926445522613, -41.537422098734815 ], [ 174.119734114163833, -41.537993361651175 ], [ 174.120246906594048, -41.5385487475384 ], [ 174.120794766342385, -41.539082688098169 ], [ 174.121346762711312, -41.539614437141026 ], [ 174.121942816576365, -41.540117926980237 ], [ 174.122545513510715, -41.540618825657823 ], [ 174.123188860313945, -41.541088058307452 ], [ 174.123833209284726, -41.541557243297227 ], [ 174.124508451487941, -41.542001226416041 ], [ 174.125168491846466, -41.542457768264534 ], [ 174.125825280404797, -41.54291699307921 ], [ 174.126519205005764, -41.543344153747547 ], [ 174.12713795409968, -41.543832431281899 ], [ 174.127749458635094, -41.544325606551062 ], [ 174.128345861598405, -41.544831823480379 ], [ 174.129033007561247, -41.545271336605595 ], [ 174.129729124156285, -41.545701862203252 ], [ 174.130483272693937, -41.546073302705999 ], [ 174.131247056006231, -41.546428120352864 ], [ 174.132052634926879, -41.546731810328502 ], [ 174.132793216575806, -41.547124597031463 ], [ 174.13333775665788, -41.547644945899599 ], [ 174.133632819938867, -41.548291972474011 ], [ 174.133989127441311, -41.548917166357157 ], [ 174.134510463762496, -41.549473803172091 ], [ 174.135163513080528, -41.549941305552352 ], [ 174.135789698379341, -41.550422853108969 ], [ 174.136415678594403, -41.550908120196546 ], [ 174.136958046393261, -41.551439387856654 ], [ 174.137540610132589, -41.551950630774009 ], [ 174.138193723385768, -41.552407018344311 ], [ 174.138966417470243, -41.552738670789402 ], [ 174.139725374828913, -41.553086427827743 ], [ 174.140425510305278, -41.553522406845715 ], [ 174.141091954270337, -41.5539799257322 ], [ 174.141808853517688, -41.554384241400591 ], [ 174.142512641150006, -41.55474723713359 ], [ 174.143278628271531, -41.555038719849506 ] ] } },
{ "type": "Feature", "properties": { "group_id": "nzd0358" }, "geometry": { "type": "LineString", "coordinates": [ [ 175.398680570745995, -41.567417700756017 ], [ 175.3977992018294, -41.567550027502072 ], [ 175.396916009478105, -41.567664269181705 ], [ 175.396183377931436, -41.568550047933613 ], [ 175.395278121305324, -41.568582170391416 ], [ 175.394316415864608, -41.568108870335088 ], [ 175.393422290268859, -41.568172544512002 ], [ 175.392518306542371, -41.568157872380098 ], [ 175.391621215874551, -41.568197977692741 ], [ 175.390715166135237, -41.568166867946132 ], [ 175.389821989110004, -41.568227782470885 ], [ 175.388919081582031, -41.568200318608731 ], [ 175.38801347358347, -41.568158514179302 ], [ 175.387112893975882, -41.568167363183676 ], [ 175.386217807207657, -41.568223026902345 ], [ 175.385320883447321, -41.568263032362182 ], [ 175.384425304883109, -41.568314504939735 ], [ 175.383529869616865, -41.568367200003927 ], [ 175.382590015478826, -41.568431479799465 ], [ 175.381625813689084, -41.568583310688616 ], [ 175.380710216433584, -41.56875819117181 ], [ 175.379870726546784, -41.569002346533438 ], [ 175.37904284548506, -41.569274985816776 ], [ 175.378161604382996, -41.569416707217862 ], [ 175.377297056318298, -41.569599384175916 ], [ 175.376455069153508, -41.569837416857688 ], [ 175.375590307491592, -41.570019569647229 ], [ 175.374738228241654, -41.570232841130753 ], [ 175.373894613074157, -41.57047650259527 ], [ 175.373018731144185, -41.570671759255482 ], [ 175.372130008756102, -41.57083700183221 ], [ 175.371257891427689, -41.571009793325167 ], [ 175.370382708246837, -41.571176359545404 ], [ 175.369534264213343, -41.571397197172814 ], [ 175.368685319370144, -41.571617017485039 ], [ 175.367827229632582, -41.571818274441618 ], [ 175.366973283290548, -41.572135892817627 ], [ 175.366171543399361, -41.572560054541654 ], [ 175.365386314176646, -41.572937328694927 ], [ 175.36465699711664, -41.573329538525208 ], [ 175.363929889143094, -41.573724072819019 ], [ 175.363172041017521, -41.574137639123919 ], [ 175.362440052814065, -41.574609151843795 ], [ 175.361767322517494, -41.575099196955406 ], [ 175.361228395527093, -41.575637225587677 ] ] } },
{ "type": "Feature", "properties": { "group_id": "nzd0359" }, "geometry": { "type": "LineString", "coordinates": [ [ 171.891632900292478, -41.588604665015971 ], [ 171.892046147123637, -41.588006525705318 ], [ 171.892496437544338, -41.587425067496298 ], [ 171.892935131435706, -41.586838380413411 ], [ 171.893388168904039, -41.586258149224086 ], [ 171.893775226669277, -41.58564819207038 ], [ 171.894184159787187, -41.585048083470298 ], [ 171.894574678190111, -41.58443967459781 ], [ 171.894997473711186, -41.58384579988595 ], [ 171.895417393998059, -41.583250624773662 ], [ 171.895803161486469, -41.582640059995825 ], [ 171.896261871460979, -41.582062347578407 ], [ 171.896664338988217, -41.58145929499107 ], [ 171.89703679233898, -41.580842716891617 ], [ 171.897450738961794, -41.580242019426478 ], [ 171.897860401533734, -41.57963844340032 ], [ 171.898277841871959, -41.579040716254013 ], [ 171.898661384736613, -41.578432711699591 ], [ 171.899036000887207, -41.577821282741475 ], [ 171.899430128661436, -41.577217320803165 ], [ 171.899793372346409, -41.576601525110505 ], [ 171.900186354409044, -41.575997113156859 ], [ 171.900699775197694, -41.575438821943422 ], [ 171.901131574480871, -41.57484926529456 ], [ 171.901589752070464, -41.57426980557441 ], [ 171.901993150471071, -41.57368604611586 ], [ 171.902551881456731, -41.573187798941845 ], [ 171.903218959893707, -41.572732824528948 ], [ 171.903832072761872, -41.572237447103944 ], [ 171.904387594871423, -41.571709244582792 ], [ 171.904785538383749, -41.5710912347053 ], [ 171.905384654445754, -41.570587867153016 ], [ 171.906130989124961, -41.570168393376839 ], [ 171.906620478898731, -41.569602541729701 ], [ 171.907165006805684, -41.569068051205178 ], [ 171.907643779403458, -41.568496082977695 ], [ 171.908216279830071, -41.567977524713228 ], [ 171.908756457560997, -41.5674405416081 ], [ 171.909213515917457, -41.566854262600728 ], [ 171.909694731891193, -41.566231764735228 ], [ 171.910240618899564, -41.56563812954586 ], [ 171.910659938849051, -41.565043418241352 ], [ 171.911128611082404, -41.564466786710724 ], [ 171.91159470152823, -41.563889203385521 ], [ 171.911999487893411, -41.563289149178225 ], [ 171.912455936757738, -41.562708021307778 ], [ 171.912847965552373, -41.562103280682997 ], [ 171.913246097620458, -41.561500770955128 ], [ 171.913633074124078, -41.560894167516153 ], [ 171.91403479813539, -41.560292962716566 ], [ 171.914415122801046, -41.559683910286459 ], [ 171.914795003299389, -41.559074689388595 ], [ 171.915175148580602, -41.558465559823276 ], [ 171.915544637074333, -41.557852519275009 ], [ 171.915921233624431, -41.557242077834708 ], [ 171.916300965265663, -41.556632779579751 ], [ 171.916666119968795, -41.55601813373238 ], [ 171.91701642867622, -41.555398041656311 ], [ 171.917376866836065, -41.554767754025931 ], [ 171.917761437468528, -41.554145936816816 ], [ 171.918083140681887, -41.553516909878645 ], [ 171.918500706341945, -41.552920102697271 ], [ 171.918859650391994, -41.552303868126735 ], [ 171.919212375024841, -41.551685567148098 ], [ 171.919544809295445, -41.551060537976106 ], [ 171.919900485599243, -41.550443203095426 ], [ 171.92025619996852, -41.54982587493258 ], [ 171.920594954600602, -41.549202921998265 ], [ 171.920967541762764, -41.54859117212127 ], [ 171.921328025658283, -41.547973819832627 ], [ 171.921722910066677, -41.547366624011978 ], [ 171.922075451079763, -41.546747149666174 ], [ 171.922429749675729, -41.546129357311273 ], [ 171.922810354968874, -41.545520109494468 ], [ 171.923157920546032, -41.544900116871403 ], [ 171.923565494461144, -41.544299622862873 ], [ 171.923939468659086, -41.543688202027347 ], [ 171.924198759711999, -41.543039499643314 ], [ 171.924553284326578, -41.542421745207946 ], [ 171.924911739952847, -41.541805262558867 ], [ 171.92524983301189, -41.541182155465542 ] ] } },
{ "type": "Feature", "properties": { "group_id": "nzd0360" }, "geometry": { "type": "LineString", "coordinates": [ [ 174.150272167392444, -41.560233298470443 ], [ 174.150391936929395, -41.560900555342762 ], [ 174.15037147341144, -41.561575810881791 ], [ 174.150449952244855, -41.562246177215279 ], [ 174.150449841072174, -41.562924689471338 ], [ 174.150579764830326, -41.563593596163123 ], [ 174.150692269540571, -41.564244781783614 ], [ 174.15068323933005, -41.56485766975252 ], [ 174.150502290391501, -41.565489401798693 ], [ 174.150258290971152, -41.56613656807054 ], [ 174.149935310010704, -41.566763141588332 ], [ 174.14959191650226, -41.567384228174461 ], [ 174.149259107393249, -41.568009126558522 ], [ 174.148944003353989, -41.568638655440651 ], [ 174.148659622994472, -41.569286695285022 ], [ 174.148396675543523, -41.569941380681243 ], [ 174.148189809091861, -41.570597071371559 ], [ 174.148049422458541, -41.571269733207998 ], [ 174.147950052557462, -41.571944478616544 ], [ 174.147922182519409, -41.572627028157974 ], [ 174.147959351230838, -41.573305619442728 ], [ 174.148056547212519, -41.573974713440393 ], [ 174.148176644079399, -41.574642083077492 ], [ 174.148347203634756, -41.575298839289161 ], [ 174.148476578418524, -41.575967222574292 ], [ 174.148651486552524, -41.576627334195734 ], [ 174.148831373585779, -41.577286489499798 ], [ 174.149032850084524, -41.577941520236571 ], [ 174.149222697388325, -41.578593005492358 ], [ 174.14937647338121, -41.579249016950079 ], [ 174.149525158645531, -41.579911442826258 ], [ 174.149688510821449, -41.580572307173135 ], [ 174.149861762195968, -41.581231946367218 ], [ 174.150121950345493, -41.581880320374111 ], [ 174.150351558693728, -41.582523399777699 ], [ 174.150533922195365, -41.58318372819808 ], [ 174.150749080863989, -41.583833042827017 ], [ 174.150982419828694, -41.584478011391205 ] ] } },
{ "type": "Feature", "properties": { "group_id": "nzd0361" }, "geometry": { "type": "LineString", "coordinates": [ [ 171.844960211860013, -41.635147009578539 ], [ 171.845590715909026, -41.634666771588385 ], [ 171.8461943738549, -41.63416928428947 ], [ 171.846815135944922, -41.633682779972808 ], [ 171.847399262786553, -41.633172738253435 ], [ 171.848006963925883, -41.632677835716741 ], [ 171.848587475454252, -41.632165463426468 ], [ 171.84923232473443, -41.631694415136934 ], [ 171.849837760618612, -41.631198045000758 ], [ 171.850380074642743, -41.630661123835445 ], [ 171.850969911696637, -41.630154725447056 ], [ 171.851525079522759, -41.629613220139888 ], [ 171.852124530548622, -41.629098106660329 ], [ 171.852726150196929, -41.628596446817845 ], [ 171.853307526608518, -41.628084002673077 ], [ 171.853891804195825, -41.627573258532749 ], [ 171.854413405922969, -41.627025687836266 ], [ 171.854945269868637, -41.626484141822978 ], [ 171.855499278389061, -41.625955601383509 ], [ 171.856042695746822, -41.625420834236635 ], [ 171.856528734575562, -41.624852352782995 ], [ 171.85708940044222, -41.624327710388584 ], [ 171.857577050256879, -41.623760166620215 ], [ 171.858161846662512, -41.623249692164066 ], [ 171.858696683838758, -41.622709402987624 ], [ 171.859209008173877, -41.622155811687385 ], [ 171.859744071345403, -41.621616005787821 ] ] } },
{ "type": "Feature", "properties": { "group_id": "nzd0362" }, "geometry": { "type": "LineString", "coordinates": [ [ 174.160955316950037, -41.62747823460662 ], [ 174.160827904442073, -41.628147593186029 ], [ 174.160688904709303, -41.628815365575349 ], [ 174.160523099510186, -41.629477122117201 ], [ 174.160447233133226, -41.630147359743731 ], [ 174.160331466711568, -41.630813254752603 ], [ 174.160184297890964, -41.631475730605395 ], [ 174.160064435239747, -41.632140665586782 ], [ 174.159882295932164, -41.632798030643656 ], [ 174.159715988506406, -41.633459214342018 ], [ 174.159600634876512, -41.634130117858668 ], [ 174.159447489407, -41.634798574958026 ], [ 174.159428548786366, -41.63547083408077 ], [ 174.159336032009122, -41.636138859349515 ], [ 174.159262837154444, -41.636807987702518 ], [ 174.159186373218006, -41.637477169610655 ], [ 174.15910032491314, -41.638146363875371 ], [ 174.159008028961892, -41.638815114231825 ], [ 174.158907325309258, -41.639482907198882 ], [ 174.158802097188186, -41.640150467278126 ], [ 174.158782015919115, -41.640821970703023 ], [ 174.158732213382564, -41.641489652960736 ], [ 174.158595234949701, -41.642151867607971 ], [ 174.158524109225596, -41.64282114362841 ], [ 174.158489885874275, -41.64349306492452 ], [ 174.158363619762923, -41.64415836408044 ], [ 174.158255139429713, -41.644825881131723 ], [ 174.158207266834751, -41.645498453846876 ], [ 174.158105174492675, -41.646166935379469 ], [ 174.15804019278292, -41.646836425143547 ], [ 174.157964418323047, -41.647505319422066 ], [ 174.157913048503616, -41.648175537542897 ], [ 174.157849459590182, -41.648845376780955 ], [ 174.157777673603277, -41.649515783215506 ], [ 174.157785590475612, -41.65018937796696 ], [ 174.157716417290146, -41.65085874627858 ], [ 174.157683314530857, -41.651529607554082 ], [ 174.157638843410183, -41.65219998912152 ], [ 174.157643323000997, -41.652873775274024 ], [ 174.157638437873743, -41.653546551953063 ], [ 174.157651028548855, -41.654217727941358 ], [ 174.157646894108666, -41.654889146539475 ], [ 174.157638252689395, -41.655560636898855 ], [ 174.157681936786304, -41.656231438211293 ], [ 174.157721371072199, -41.656903682475686 ], [ 174.157761063183386, -41.657577798637867 ], [ 174.15782823135433, -41.658247717380505 ], [ 174.157952847175096, -41.658912479082773 ], [ 174.158006416000291, -41.659583603146942 ], [ 174.158058786511987, -41.660254827687517 ], [ 174.158150358573948, -41.660922019404033 ], [ 174.158257466405189, -41.661587795246902 ], [ 174.158336873415578, -41.662256421880848 ], [ 174.158445355301154, -41.662922610870417 ], [ 174.158538284995188, -41.663590108913894 ], [ 174.158581050286813, -41.664261844737908 ], [ 174.158743186287211, -41.664924974302167 ], [ 174.158905648262561, -41.665588598539706 ], [ 174.159024436985732, -41.666255796896984 ], [ 174.159197932395585, -41.66691444079828 ], [ 174.159389436594239, -41.667570802174417 ], [ 174.159570706615398, -41.668229110884042 ], [ 174.159676790017841, -41.668900332755534 ], [ 174.159986166937642, -41.669535319652368 ], [ 174.160197881179215, -41.670187419305172 ], [ 174.160386374794172, -41.670843778961839 ], [ 174.160575867261286, -41.671499948440854 ], [ 174.160767547942697, -41.672156611860736 ], [ 174.160961631692999, -41.672814802396474 ], [ 174.161209145769931, -41.673461151912434 ], [ 174.161470013300516, -41.67410325405217 ], [ 174.161730206903258, -41.674745509870412 ], [ 174.161981780582039, -41.675389806715181 ], [ 174.16219814080165, -41.676040806716003 ], [ 174.162431262169548, -41.676685910435666 ], [ 174.162697006282514, -41.677325853735731 ], [ 174.162959689353414, -41.677967687760052 ], [ 174.163225975085282, -41.678608769811682 ], [ 174.163420226966451, -41.679264750623901 ], [ 174.163635863946809, -41.679916364884832 ], [ 174.163922150682083, -41.680555333862074 ], [ 174.164291852142327, -41.681172412368525 ], [ 174.164586834828924, -41.681806126862682 ], [ 174.164785614540335, -41.682463927305207 ], [ 174.165003750068053, -41.683116873990194 ], [ 174.165349651979994, -41.683738255330155 ], [ 174.165724098595803, -41.684350784393914 ], [ 174.16600571845828, -41.684988333912173 ], [ 174.166304836461478, -41.68562113069224 ], [ 174.166581835490632, -41.686260245770761 ], [ 174.166886271149878, -41.686891509734309 ], [ 174.167145645885057, -41.687535749547585 ], [ 174.167496955958796, -41.688153650308294 ], [ 174.167810866428283, -41.688782204077192 ], [ 174.168090260798692, -41.689420411890886 ], [ 174.168388120291155, -41.690052891199748 ], [ 174.168739313022058, -41.69067070482734 ], [ 174.169134040758962, -41.691276737567101 ], [ 174.169490194761892, -41.691894524921693 ], [ 174.169854800356859, -41.692510615146972 ], [ 174.170215258103951, -41.693125767895332 ], [ 174.170550580999134, -41.693725298666862 ], [ 174.170881672868859, -41.694334288678029 ], [ 174.171211442308817, -41.69496864037157 ], [ 174.171587956910997, -41.695580263972481 ], [ 174.171943643935947, -41.69619709705924 ], [ 174.172272188790544, -41.696821554784528 ], [ 174.172586629020287, -41.697450295383476 ], [ 174.172966307824396, -41.698058333550541 ], [ 174.173330469128445, -41.698671472874757 ], [ 174.173695342863368, -41.69928217854163 ], [ 174.174105697087242, -41.699871563505894 ], [ 174.174505729141202, -41.700468270156705 ], [ 174.174938051415921, -41.701056160701043 ], [ 174.175318493690071, -41.701665469724084 ], [ 174.175729099447949, -41.702262292990845 ], [ 174.176136384519481, -41.702860420214115 ], [ 174.176551327059229, -41.703455463146227 ], [ 174.177036312586466, -41.704021403640866 ], [ 174.177505381356241, -41.704592869202294 ], [ 174.177968433862702, -41.705165546177867 ], [ 174.178433046803804, -41.705738611697051 ], [ 174.17884559687127, -41.706335721500295 ], [ 174.179291949327279, -41.70691779530366 ], [ 174.179742159237463, -41.707498560718108 ], [ 174.180231762592456, -41.708063976820114 ], [ 174.18067656862803, -41.708648626503646 ], [ 174.181120358515301, -41.709225339157719 ], [ 174.181587299608793, -41.709790326820837 ], [ 174.182035833906895, -41.710371546356463 ], [ 174.182489458956496, -41.7109510267018 ], [ 174.183006771563015, -41.711497265490948 ], [ 174.183467298720075, -41.712073410433938 ], [ 174.183999561404619, -41.712613935974318 ], [ 174.184543021289784, -41.713148622137737 ], [ 174.18506912974803, -41.713692234002892 ], [ 174.185660222211879, -41.714189598663317 ], [ 174.186239429964161, -41.714687175839238 ], [ 174.186830175642285, -41.715165530497572 ], [ 174.187449084100194, -41.715623621810032 ], [ 174.18809148840856, -41.716093199161449 ], [ 174.188735226795842, -41.716562365236733 ], [ 174.18936599257313, -41.71704068319054 ], [ 174.189994372351691, -41.717520921749383 ], [ 174.190639686874391, -41.71798755844673 ], [ 174.191319286044575, -41.718426642141182 ], [ 174.191994513924129, -41.71886876022581 ], [ 174.192635759184412, -41.71933809813347 ], [ 174.193286764557058, -41.719790339748677 ], [ 174.193953258014801, -41.720211200592068 ], [ 174.194664724619514, -41.720602667473074 ], [ 174.195385251975523, -41.720998399021745 ], [ 174.196110425157258, -41.721389251123412 ], [ 174.196845656803362, -41.721774908147346 ], [ 174.197553022594747, -41.722193120666397 ], [ 174.198358918418279, -41.722500783299026 ], [ 174.199140692886402, -41.722817968586732 ], [ 174.199888002345062, -41.723156453917376 ], [ 174.200659147297273, -41.723440069820171 ], [ 174.201382975764858, -41.723685349752174 ], [ 174.202179321387547, -41.7238580614491 ] ] } },
{ "type": "Feature", "properties": { "group_id": "nzd0364" }, "geometry": { "type": "LineString", "coordinates": [ [ 174.203347378637375, -41.724203161598105 ], [ 174.204132708059234, -41.724531790622791 ], [ 174.204892942069051, -41.72487982604742 ], [ 174.205724590187998, -41.72511314447609 ], [ 174.20651901245256, -41.725400139290961 ], [ 174.207349766778265, -41.725659833035493 ], [ 174.208142122749138, -41.725974577030492 ], [ 174.208939762687663, -41.726266044902985 ], [ 174.209727118318966, -41.726513709538359 ], [ 174.210537417302504, -41.726739737588453 ], [ 174.211373429103219, -41.726965548838436 ], [ 174.212228084241673, -41.727118048133072 ], [ 174.21307218045726, -41.727222060044106 ], [ 174.213811775451092, -41.727354698216445 ], [ 174.214606115001885, -41.727387293986659 ], [ 174.215421330796971, -41.727393044084565 ], [ 174.216241334173617, -41.727050300051346 ], [ 174.217150135979267, -41.726801160666426 ], [ 174.217979978734036, -41.726639933665382 ] ] } },
{ "type": "Feature", "properties": { "group_id": "nzd0365" }, "geometry": { "type": "LineString", "coordinates": [ [ 174.224414089707153, -41.722742622979439 ], [ 174.225001634143894, -41.72328014117393 ], [ 174.225697555092978, -41.72370648290805 ], [ 174.226412315806868, -41.724114942312504 ], [ 174.227100243717075, -41.724549297860897 ], [ 174.227791377217699, -41.724978819293462 ], [ 174.228537807335869, -41.725348920061407 ], [ 174.229281267991041, -41.725717574829211 ], [ 174.229997878170906, -41.726121669367195 ], [ 174.230742958502674, -41.726493107626091 ], [ 174.231502007585476, -41.726839512319046 ], [ 174.232304924226071, -41.727132048139545 ], [ 174.233086315158261, -41.727462993011919 ], [ 174.233853038537717, -41.727816224364133 ], [ 174.234640906244408, -41.72814243692391 ], [ 174.235447695166499, -41.728442777314896 ], [ 174.236262141513208, -41.728688700906005 ], [ 174.237029097921493, -41.729005536879974 ], [ 174.237869798649172, -41.729240450701234 ], [ 174.238694642169236, -41.729493676015338 ], [ 174.239528655205305, -41.729731782210919 ], [ 174.240382746555781, -41.729929932591745 ], [ 174.241176240457435, -41.730239471030373 ], [ 174.242008806630054, -41.730372734411695 ], [ 174.242852603399882, -41.730367477057456 ], [ 174.243665708000066, -41.730134726369265 ] ] } },
{ "type": "Feature", "properties": { "group_id": "nzd0366" }, "geometry": { "type": "LineString", "coordinates": [ [ 171.671645673095327, -41.737980905809287 ], [ 171.672955617513821, -41.738494180807116 ], [ 171.674264905487036, -41.739006358843717 ], [ 171.675103335800316, -41.738762155697906 ], [ 171.675302731846642, -41.73749145224226 ], [ 171.675980357131067, -41.736988950647735 ], [ 171.67670958637504, -41.736569344707242 ], [ 171.67743558977719, -41.736144558303764 ], [ 171.678171122531523, -41.735737011671624 ], [ 171.678845830135629, -41.735262486417184 ], [ 171.67949998453949, -41.734776397346607 ], [ 171.680200581602548, -41.734339309669515 ], [ 171.680983303586572, -41.734010451786801 ], [ 171.681823289191215, -41.73375705715948 ], [ 171.682671788961954, -41.733514879308338 ], [ 171.683501440353297, -41.73324785887025 ], [ 171.68433380870178, -41.73298441566407 ], [ 171.685139351993058, -41.732685852043922 ], [ 171.686006265303547, -41.73246756918001 ], [ 171.686854550116095, -41.732224290037138 ], [ 171.687700341218203, -41.731977793056679 ], [ 171.688575949236139, -41.731770248831886 ], [ 171.689332058980256, -41.731406574421001 ], [ 171.690084593018838, -41.731038226970803 ], [ 171.690884894870379, -41.730732286381858 ], [ 171.691646505745155, -41.73037579452815 ] ] } },
{ "type": "Feature", "properties": { "group_id": "nzd0367" }, "geometry": { "type": "LineString", "coordinates": [ [ 171.617930651319256, -41.733348745796619 ], [ 171.618783459633846, -41.733577255437737 ], [ 171.619594866558884, -41.733835202176508 ], [ 171.620363893655878, -41.733795832247345 ], [ 171.621207155220446, -41.733994089853134 ], [ 171.622118622709621, -41.734095022665286 ], [ 171.623015498852425, -41.734055795132669 ], [ 171.623921365920381, -41.734102902593996 ], [ 171.624810237048337, -41.733986795942251 ], [ 171.625706466393069, -41.733941346708569 ], [ 171.626602413421978, -41.733893184654697 ], [ 171.627500473681778, -41.733865306413122 ], [ 171.628378291432455, -41.733643122761315 ], [ 171.629320109866825, -41.73353348863597 ], [ 171.630295190221261, -41.733430979939612 ], [ 171.631234972910903, -41.7332649068249 ], [ 171.632145257808986, -41.733190532764979 ], [ 171.633056998096748, -41.733103626975364 ], [ 171.633937405379982, -41.733286073052177 ], [ 171.634830803529837, -41.733356846906645 ], [ 171.635726443921897, -41.733552024243949 ], [ 171.636711468042279, -41.733771622999576 ], [ 171.637724745795282, -41.73384537730351 ], [ 171.638476070294928, -41.734301702611056 ], [ 171.639299983120026, -41.734582548243196 ], [ 171.640131291655621, -41.734845516657003 ], [ 171.640967525062877, -41.735096580553879 ], [ 171.641815472054418, -41.735319326102797 ], [ 171.642673926838768, -41.735516666973624 ], [ 171.643476883458163, -41.735848191433604 ], [ 171.644460218854363, -41.735697275872276 ], [ 171.64532642887653, -41.735796516121084 ], [ 171.646173621448639, -41.73600971172133 ], [ 171.647021984563509, -41.736243945110814 ], [ 171.647883252844196, -41.736438171380847 ], [ 171.648669506854532, -41.736864978699117 ], [ 171.649584449468193, -41.736892795449663 ], [ 171.650450457656888, -41.737072332646164 ], [ 171.6513570161122, -41.737084569808012 ], [ 171.652232938410179, -41.737155576609851 ], [ 171.653122345458627, -41.737221565946356 ], [ 171.654006216794784, -41.737341335492367 ], [ 171.654931192075992, -41.737279818403366 ], [ 171.6558580990108, -41.737209766984265 ], [ 171.656730262450594, -41.737381166656554 ], [ 171.657620524381457, -41.737472738460824 ], [ 171.658510451973143, -41.737565783837127 ], [ 171.659477866666776, -41.737529824523357 ], [ 171.660488173320147, -41.737491362464375 ], [ 171.661368153436513, -41.737696460155597 ], [ 171.66226031245057, -41.737804904097096 ], [ 171.663199029490158, -41.73778946808023 ] ] } },
{ "type": "Feature", "properties": { "group_id": "nzd0368" }, "geometry": { "type": "LineString", "coordinates": [ [ 171.50498119050809, -41.745717472928426 ], [ 171.505968866848121, -41.745714788759059 ], [ 171.50676267429202, -41.746031566523129 ], [ 171.50755949233627, -41.74634338311651 ], [ 171.508377352315904, -41.746620524402843 ], [ 171.509105572663657, -41.747045384059369 ], [ 171.509811951161851, -41.747452441659583 ], [ 171.51053564968791, -41.747800950551728 ], [ 171.511214886825854, -41.74824116286181 ], [ 171.511895835352078, -41.748686942858043 ], [ 171.512712722460861, -41.748981283148375 ], [ 171.513463089284016, -41.749349725962404 ], [ 171.514259403122225, -41.749666979887039 ], [ 171.515074244668995, -41.749988561397366 ], [ 171.5159296626328, -41.750294655255644 ], [ 171.516795641683558, -41.750574535442858 ], [ 171.51765723481256, -41.750764062177439 ], [ 171.518532821754604, -41.750918489754341 ], [ 171.519407266681327, -41.751075779936251 ], [ 171.520309960009286, -41.751162213338766 ], [ 171.521215460113552, -41.751241601325319 ], [ 171.522128560982566, -41.751301918053215 ], [ 171.523048843185194, -41.751344214192976 ], [ 171.523958063420139, -41.751414252510479 ], [ 171.524876998676916, -41.751459913775818 ], [ 171.525645105485012, -41.751626917462325 ], [ 171.526416065346609, -41.751632861307094 ], [ 171.527323630025421, -41.751765587461726 ], [ 171.528224932287401, -41.751744492191712 ], [ 171.529130801245884, -41.751751768621375 ], [ 171.530043092481264, -41.751798942382187 ], [ 171.530942595793306, -41.751766639709864 ], [ 171.53182960473805, -41.751656698563714 ], [ 171.532738730439291, -41.751684171221541 ], [ 171.533609178656064, -41.751471341202283 ], [ 171.534500137409935, -41.751385942741138 ], [ 171.535388254893888, -41.751266776044694 ], [ 171.536284222009698, -41.751190886475086 ], [ 171.537171764712582, -41.751086250455884 ], [ 171.538063638184127, -41.751003973997626 ], [ 171.538954546616395, -41.750917039404563 ], [ 171.539857604253228, -41.750888709225606 ], [ 171.540767382212664, -41.750892788156307 ], [ 171.541657160842277, -41.750800390596076 ], [ 171.542551389226389, -41.750729453542291 ], [ 171.543433487042051, -41.750600006684245 ], [ 171.544306656246476, -41.75042750013705 ], [ 171.545173817020583, -41.750226022302861 ], [ 171.546064303519046, -41.750137038682858 ], [ 171.546935249082367, -41.749953822459183 ] ] } },
{ "type": "Feature", "properties": { "group_id": "nzd0369" }, "geometry": { "type": "LineString", "coordinates": [ [ 174.276807983017591, -41.726911221099236 ], [ 174.276446006425147, -41.727540419023349 ], [ 174.276165066400836, -41.728181904645396 ], [ 174.276042414038756, -41.728847537613717 ], [ 174.275766347520687, -41.729490624011937 ], [ 174.275808797059256, -41.730179704366869 ], [ 174.275823971439195, -41.73085127903493 ], [ 174.275792469491563, -41.731496747186327 ], [ 174.275961751334393, -41.732148156472562 ], [ 174.276229026735422, -41.732793627902709 ], [ 174.276349607353637, -41.733455243685306 ], [ 174.276437123723809, -41.734122406371512 ], [ 174.276274898501441, -41.734806255636173 ], [ 174.276039260548799, -41.735499799781508 ], [ 174.275959903946728, -41.7361762297433 ], [ 174.276012883922732, -41.736855313403474 ], [ 174.275568767386488, -41.737499949670628 ], [ 174.275524530128507, -41.738169843519245 ], [ 174.275747362157659, -41.738852976163251 ], [ 174.275893059817918, -41.739510268602189 ], [ 174.275667614376687, -41.740176526701973 ], [ 174.275522375526606, -41.740852631146026 ], [ 174.275755513919393, -41.741527318108297 ], [ 174.275582562771291, -41.742195051430912 ], [ 174.275308850655364, -41.74284496284384 ], [ 174.275139527058968, -41.743535025840856 ], [ 174.274400359978614, -41.744013494116267 ], [ 174.2736536203127, -41.744467358841895 ], [ 174.273866443625707, -41.745361237024333 ], [ 174.273335339871977, -41.745879263605417 ], [ 174.272885301279359, -41.746379780015737 ], [ 174.272615497391342, -41.747017246866001 ], [ 174.272364151779868, -41.74769715367475 ], [ 174.272091903856165, -41.7485171934498 ], [ 174.270909933947536, -41.748700836420525 ], [ 174.269865222413188, -41.748505208597116 ], [ 174.268994287639771, -41.748368552523026 ], [ 174.268040559357786, -41.74836396068212 ], [ 174.267099284805226, -41.748535631859262 ], [ 174.266410080082494, -41.749076836320519 ], [ 174.26571194191456, -41.749507035324413 ], [ 174.265255703453249, -41.750078230262133 ], [ 174.264667419170507, -41.750610643286791 ], [ 174.264760961614797, -41.751480911411328 ], [ 174.263776927239007, -41.751676969080414 ], [ 174.263262984289099, -41.752200297216447 ], [ 174.263105542671099, -41.752898561082098 ], [ 174.262672444506876, -41.753499004984754 ], [ 174.262182235526552, -41.75412407560443 ], [ 174.261201512528402, -41.754368837589659 ], [ 174.260417236472705, -41.754792832982275 ], [ 174.260345061826285, -41.755492886871714 ], [ 174.260523386230119, -41.756263534651481 ], [ 174.259679837877201, -41.756732360751791 ], [ 174.259086055630206, -41.757269334954337 ], [ 174.258099090801721, -41.757423683582196 ], [ 174.257381345472766, -41.757857735761363 ], [ 174.257110637859, -41.758508373767917 ], [ 174.257012476499256, -41.759168117059545 ], [ 174.256971988900489, -41.759846118482344 ], [ 174.256872895567909, -41.760595217720784 ], [ 174.256159875986953, -41.761199382785342 ], [ 174.255096302284755, -41.761132245658892 ], [ 174.254159306400197, -41.760985824356169 ], [ 174.253215567868352, -41.761098837086152 ], [ 174.252366062111861, -41.761363759322556 ], [ 174.251556978878938, -41.761683385724417 ], [ 174.250761971113747, -41.762054609110628 ], [ 174.250032009707269, -41.762499741922255 ], [ 174.249329118586189, -41.76294659590431 ], [ 174.248743453998486, -41.763460233727756 ], [ 174.248244036368249, -41.76404324533236 ], [ 174.247727512715841, -41.764602441442577 ], [ 174.247263383447773, -41.765185315888608 ], [ 174.246738195646714, -41.765730684324659 ], [ 174.246103079663271, -41.766208531340922 ], [ 174.245526873858552, -41.766722537194461 ], [ 174.244915233134833, -41.767214421610426 ], [ 174.244230434583159, -41.767660424822836 ], [ 174.243624075775131, -41.768155557232419 ], [ 174.243096519130859, -41.768699966805286 ], [ 174.242566594582144, -41.769242891494912 ], [ 174.242121551881638, -41.769828485669805 ], [ 174.241831310229259, -41.770456329087629 ], [ 174.241580619213266, -41.771083574519878 ], [ 174.241271799450402, -41.771722332936321 ], [ 174.240633383348666, -41.772253766026331 ], [ 174.240115391195417, -41.772812020822052 ], [ 174.23969081829128, -41.77338886360684 ], [ 174.239246408147238, -41.773956026504614 ], [ 174.238640968782533, -41.774444319492318 ], [ 174.238294448020753, -41.775037697909184 ], [ 174.237922727515667, -41.775654534672967 ], [ 174.238046737930375, -41.776414332756268 ], [ 174.237392396968772, -41.776937047426848 ], [ 174.236793713810755, -41.777443029887969 ], [ 174.236691249750749, -41.778162433753586 ], [ 174.23591616191311, -41.77859050961689 ], [ 174.235182246084975, -41.778988222455119 ], [ 174.234618615629813, -41.779506275338321 ], [ 174.234290439003672, -41.780114937889643 ], [ 174.233991976456736, -41.780739505974616 ], [ 174.233869872496172, -41.781410609846205 ], [ 174.233658149281666, -41.782060463854343 ], [ 174.233191717865793, -41.782658608538704 ], [ 174.233187528750875, -41.78342483298588 ], [ 174.233946114448713, -41.785071390162777 ], [ 174.232091516057892, -41.784791007063198 ], [ 174.231066459712935, -41.784900054309993 ], [ 174.230190124880465, -41.785136964531489 ], [ 174.229400764439816, -41.785459304532345 ], [ 174.22866842664024, -41.785838859015122 ], [ 174.227866542398772, -41.786137704417335 ], [ 174.227141917043411, -41.786525849361027 ], [ 174.226528601822594, -41.787009729001603 ], [ 174.225766183685323, -41.787379258006837 ], [ 174.224939807543706, -41.787698789331898 ], [ 174.224306663205596, -41.788155554701873 ], [ 174.223590430583641, -41.788552379511856 ], [ 174.222854090202901, -41.788938973240818 ], [ 174.22213850346796, -41.789347495991237 ], [ 174.221431254525044, -41.789771193716987 ], [ 174.22079003712679, -41.790241859074655 ], [ 174.220143828450063, -41.790712842629361 ], [ 174.219531575273635, -41.791207245676979 ], [ 174.218929575969298, -41.791713221231603 ], [ 174.218396041161782, -41.792261190506778 ], [ 174.217900727798423, -41.792821883422114 ], [ 174.217466572397655, -41.793412252842543 ], [ 174.216981945993325, -41.793977782033274 ], [ 174.216533582707484, -41.794559767065635 ], [ 174.216164719536351, -41.795172441398911 ], [ 174.215856690796983, -41.795799314578474 ], [ 174.215563538866718, -41.796429155486287 ], [ 174.215322507285691, -41.797077629728733 ], [ 174.214985302941727, -41.797698311689487 ], [ 174.214743516085065, -41.798342875158617 ], [ 174.214482800127456, -41.79898104775144 ], [ 174.214237049635727, -41.799621783374278 ], [ 174.213859392169525, -41.800225661424101 ], [ 174.213375015032994, -41.80081376731664 ], [ 174.213587577513294, -41.801549861421996 ], [ 174.21349875531763, -41.80217279222321 ], [ 174.21309185822517, -41.802769005019478 ], [ 174.213188474257066, -41.803439230723725 ], [ 174.213112556124599, -41.804106166906401 ], [ 174.213084261063642, -41.80475580475548 ], [ 174.213164292993014, -41.805389002116151 ], [ 174.213334423770704, -41.806029350646781 ], [ 174.213340659039943, -41.806689003465564 ], [ 174.213674479306661, -41.807275746061585 ], [ 174.214104457345854, -41.807752885505415 ], [ 174.214578308897984, -41.808236934025587 ] ] } },
{ "type": "Feature", "properties": { "group_id": "nzd0370" }, "geometry": { "type": "LineString", "coordinates": [ [ 171.45586752930447, -41.774336238300634 ], [ 171.456801904488884, -41.7744040673334 ], [ 171.457628341646341, -41.77412884033788 ], [ 171.458400699423237, -41.773716302862006 ], [ 171.459110933223229, -41.77325647714315 ], [ 171.459777965779523, -41.772670820665113 ], [ 171.459885617008922, -41.771917113791851 ], [ 171.460055323631195, -41.771239467217541 ], [ 171.460180635609817, -41.770555377850336 ], [ 171.460240395476575, -41.769884980051188 ], [ 171.460219376680698, -41.769171677777123 ], [ 171.460021449223746, -41.768468710508465 ], [ 171.459664477305495, -41.767825182098569 ], [ 171.459321992247908, -41.767196538755329 ], [ 171.459138893741653, -41.766500259324957 ], [ 171.458661129206945, -41.765918866461739 ], [ 171.458275850188556, -41.7653128614105 ] ] } },
{ "type": "Feature", "properties": { "group_id": "nzd0371" }, "geometry": { "type": "LineString", "coordinates": [ [ 171.459088495700939, -41.805591297947231 ], [ 171.458698745036571, -41.80497519119826 ], [ 171.458622336775051, -41.804323141046119 ], [ 171.458602634746939, -41.803660565877138 ], [ 171.45867429026336, -41.80298682246486 ], [ 171.45856840433288, -41.802320646312474 ], [ 171.458469116215667, -41.801654181722313 ], [ 171.458423999206417, -41.800985399111987 ], [ 171.458306532545492, -41.800319696145642 ], [ 171.458299403184867, -41.799649969677802 ], [ 171.458262453278024, -41.798982910911846 ], [ 171.458161970220289, -41.798317223888503 ], [ 171.458095847719022, -41.797649081952606 ], [ 171.458099178322669, -41.796978697693959 ], [ 171.458031318864528, -41.796310597713436 ], [ 171.457934708916184, -41.795643416102621 ], [ 171.457910503421857, -41.794973897158528 ], [ 171.457852578784099, -41.794305456500865 ], [ 171.457674652981382, -41.793639826831431 ], [ 171.457510311517524, -41.792974483250404 ], [ 171.457402223680845, -41.792308286655704 ], [ 171.457398284225746, -41.791637044660696 ], [ 171.457489341901436, -41.790960680142035 ], [ 171.457393576418042, -41.79029436881148 ], [ 171.457290691605493, -41.789628433911645 ], [ 171.457339674272902, -41.788954313986601 ], [ 171.457339688902692, -41.788284262919348 ], [ 171.457350128116417, -41.787616528811071 ], [ 171.457169469086637, -41.78695524407275 ], [ 171.456975418592009, -41.786292068126627 ], [ 171.456919555405079, -41.78562355521823 ], [ 171.456908858784772, -41.784953293217306 ], [ 171.456813816657274, -41.784286277541526 ], [ 171.456800590755819, -41.78361609913464 ], [ 171.456685643291024, -41.782949022084949 ], [ 171.456521759671347, -41.782281321565947 ], [ 171.456521899386445, -41.781603920863063 ], [ 171.456482443113941, -41.780933184714492 ], [ 171.456460563386827, -41.780260967488921 ], [ 171.456394790953084, -41.779592424419739 ], [ 171.456273849163523, -41.778928501357882 ], [ 171.456018634423629, -41.778275832554499 ], [ 171.455769032003388, -41.77759630893955 ], [ 171.455420702600719, -41.776948186884418 ], [ 171.455015452514658, -41.776276463821475 ], [ 171.453884931854134, -41.776192245469282 ] ] } },
{ "type": "Feature", "properties": { "group_id": "nzd0372" }, "geometry": { "type": "LineString", "coordinates": [ [ 171.459695773105011, -41.840317606655027 ], [ 171.459679605757543, -41.839646963179312 ], [ 171.459680981215598, -41.838977433684903 ] ] } },
{ "type": "Feature", "properties": { "group_id": "nzd0374" }, "geometry": { "type": "LineString", "coordinates": [ [ 174.165459917751292, -41.859649512574528 ], [ 174.164868420959777, -41.860153400697193 ], [ 174.164346019020542, -41.860656969808794 ], [ 174.163796034202505, -41.861155962429152 ], [ 174.163308877174899, -41.861718343650118 ], [ 174.162906382334683, -41.86231185840888 ], [ 174.162640845936238, -41.862946061485601 ], [ 174.162207686137691, -41.863524037148267 ], [ 174.161819517398868, -41.864127390432955 ], [ 174.161491156489774, -41.864722113854071 ], [ 174.161428952291345, -41.865367358836941 ], [ 174.1615100368561, -41.865959985278977 ], [ 174.161604473927042, -41.86651599221824 ] ] } },
{ "type": "Feature", "properties": { "group_id": "nzd0375" }, "geometry": { "type": "LineString", "coordinates": [ [ 174.161459053505439, -41.868347179042587 ], [ 174.160514117812312, -41.868721730587687 ], [ 174.160314759115238, -41.869347171027734 ], [ 174.160418780692112, -41.870010719989565 ] ] } },
{ "type": "Feature", "properties": { "group_id": "nzd0377" }, "geometry": { "type": "LineString", "coordinates": [ [ 174.162896235660554, -41.873208689968621 ], [ 174.161761969254542, -41.873216196289192 ], [ 174.161047787129093, -41.873622012478016 ], [ 174.160371920828169, -41.874064156852306 ], [ 174.159644385914135, -41.874457306834024 ], [ 174.158923703592819, -41.874856951688656 ], [ 174.158207801071114, -41.875261126077973 ], [ 174.157556117584448, -41.875729314338727 ], [ 174.156857555349859, -41.876166433655349 ], [ 174.156164495385809, -41.876606520177333 ], [ 174.155506091539195, -41.87706152616601 ], [ 174.154881300994987, -41.877543586021524 ], [ 174.154227620862258, -41.878002388156148 ], [ 174.15358527919463, -41.878470314100603 ], [ 174.152998517803155, -41.87898297653954 ], [ 174.152404025946453, -41.879489413348786 ], [ 174.151795241739904, -41.879984287366369 ], [ 174.151205990363508, -41.880494359379703 ], [ 174.150582554316372, -41.880977052757913 ], [ 174.149956215519552, -41.881457574207985 ], [ 174.149305135028953, -41.881918386974441 ], [ 174.148652163378927, -41.882377690349728 ], [ 174.147974486965154, -41.882817314235581 ], [ 174.147306876494355, -41.883268009118716 ], [ 174.146646462249976, -41.883724983984479 ], [ 174.146066856700969, -41.884246752397672 ], [ 174.145689372739326, -41.884937846148091 ], [ 174.144897023899034, -41.885278998873574 ], [ 174.144149544138941, -41.885652719877868 ], [ 174.143462047061007, -41.886078786496562 ], [ 174.142833337687392, -41.886557592285236 ], [ 174.142276040918574, -41.887093782185559 ], [ 174.141704608586252, -41.887528804716055 ], [ 174.14100841218098, -41.887894343067082 ], [ 174.140372992667324, -41.888375940651756 ], [ 174.140117113517761, -41.889064998920404 ], [ 174.139532211491343, -41.889630852470283 ], [ 174.138863194538288, -41.890127625292259 ], [ 174.138157904828887, -41.890548850429347 ], [ 174.137433162598313, -41.890956398217881 ], [ 174.136758993359734, -41.891428328614666 ], [ 174.135700935348552, -41.891518163187449 ], [ 174.134828068801994, -41.89178434492532 ], [ 174.134147921576272, -41.892255245502511 ], [ 174.133647183146621, -41.892837046835133 ], [ 174.133287335038204, -41.893468984540014 ], [ 174.133075778071657, -41.894134532084308 ], [ 174.132949557806597, -41.894908577929002 ], [ 174.131805313812777, -41.895145693118934 ], [ 174.131120086110542, -41.895588743711464 ], [ 174.130680806162161, -41.896200713112442 ], [ 174.130173668343758, -41.896764572299915 ], [ 174.129379032846259, -41.897121758827268 ], [ 174.128786744072727, -41.897614506026237 ], [ 174.128337811518435, -41.898188796953718 ], [ 174.128038995385481, -41.898744203455308 ], [ 174.12755115051425, -41.899257939295218 ], [ 174.127554599773532, -41.900093472538856 ], [ 174.126843718164196, -41.900760590531696 ], [ 174.125691172497056, -41.900686207331262 ], [ 174.124935349762609, -41.901031602545125 ], [ 174.124263750068081, -41.901478131939058 ], [ 174.123516125972401, -41.901851522690492 ], [ 174.122944790811175, -41.902394503367105 ], [ 174.12230996153383, -41.902876399851991 ], [ 174.121536604306385, -41.903225027745634 ], [ 174.120665229259146, -41.903480295673781 ], [ 174.119921426741826, -41.903858327954033 ], [ 174.119180849021944, -41.904238172006011 ], [ 174.118437364231141, -41.904614352320849 ], [ 174.117747322513793, -41.905044252039289 ], [ 174.117003939193694, -41.905420529419835 ], [ 174.116254254148004, -41.905788484153604 ], [ 174.115580513430274, -41.906219300418584 ], [ 174.114999208451138, -41.906725073228287 ], [ 174.114438538154388, -41.907251027864341 ], [ 174.113925679418458, -41.907822005198661 ], [ 174.113276908685549, -41.908294844125962 ], [ 174.112532713246026, -41.908680592527233 ], [ 174.111825508532235, -41.909096104664194 ], [ 174.111165130668098, -41.909549296386274 ], [ 174.110571652316594, -41.910056321130426 ], [ 174.109978831637278, -41.910552160431635 ], [ 174.109326137762025, -41.910991284348142 ], [ 174.108656519051607, -41.911436549118065 ], [ 174.10807690484711, -41.911947275615148 ], [ 174.107563630190413, -41.912497535558032 ], [ 174.107067643673844, -41.913048685323204 ], [ 174.10652831190049, -41.913575633633222 ], [ 174.106022078163676, -41.914128782157221 ], [ 174.105512038176158, -41.914673583626019 ], [ 174.105032309321899, -41.915221861958486 ], [ 174.104521636013004, -41.915761159066903 ], [ 174.104010345000148, -41.91631125772421 ], [ 174.103535944532723, -41.916873137179643 ], [ 174.103100147820214, -41.91744818713736 ], [ 174.102697189589634, -41.918042943292754 ], [ 174.102323598971736, -41.918651976719978 ], [ 174.102078783381415, -41.919287747250287 ], [ 174.101836075458579, -41.919916301485202 ], [ 174.101313219820383, -41.920471263691375 ], [ 174.101160496128045, -41.921157612851999 ], [ 174.101050682897863, -41.921975555671523 ], [ 174.099724552414415, -41.922268171873242 ], [ 174.098708160294279, -41.922472311402245 ], [ 174.098193198689671, -41.92298399098668 ], [ 174.097888148244721, -41.923607588230595 ], [ 174.097885285003429, -41.924256973216046 ], [ 174.098038311457856, -41.924878872705705 ], [ 174.098320022899202, -41.925543207614623 ], [ 174.097990927336554, -41.926220955218028 ], [ 174.09751041361352, -41.926840835035321 ], [ 174.097495981260778, -41.927375490400443 ], [ 174.097400999695054, -41.927855074854705 ], [ 174.097485569231083, -41.928398844304937 ], [ 174.097774525521316, -41.929002248917563 ] ] } },
{ "type": "Feature", "properties": { "group_id": "nzd0378" }, "geometry": { "type": "LineString", "coordinates": [ [ 174.096464544792298, -41.930041603596571 ], [ 174.096663776547643, -41.931032922171774 ], [ 174.096160229268293, -41.931590462195501 ], [ 174.09530541591613, -41.931926294875147 ], [ 174.094933656392868, -41.932536112483731 ], [ 174.094667054604884, -41.933197367232964 ], [ 174.09414854385281, -41.933739463131673 ], [ 174.093649589481714, -41.934291373513638 ], [ 174.093003882193187, -41.934787678069497 ], [ 174.092702332617847, -41.935454662332823 ], [ 174.09195528748333, -41.935888000896455 ], [ 174.091327130371894, -41.936373341411119 ], [ 174.090680387648234, -41.936844924868311 ], [ 174.09028488374571, -41.937499832411348 ], [ 174.089811891930253, -41.938113030035588 ], [ 174.088907162932401, -41.938368302930414 ], [ 174.088112747961929, -41.938713119036258 ], [ 174.087187224591048, -41.938945127969866 ], [ 174.086419876994427, -41.939308782508263 ], [ 174.085759832261516, -41.939775550939842 ], [ 174.085211291290079, -41.940329989884866 ], [ 174.084664995854382, -41.940869440365368 ], [ 174.084197747957631, -41.941452401744648 ], [ 174.083875900587742, -41.942072092928449 ], [ 174.083447220242078, -41.942651804976109 ], [ 174.083305330203416, -41.943302398576122 ], [ 174.083052338174184, -41.943949417503575 ], [ 174.083476826890177, -41.944653945387458 ], [ 174.083495938903724, -41.945430330257317 ], [ 174.082697379721964, -41.946009110398627 ], [ 174.081699891331937, -41.946243209533499 ], [ 174.081105316091964, -41.946754830883108 ], [ 174.080197953399448, -41.946991811157034 ], [ 174.079489076208148, -41.947403065329951 ], [ 174.078870483916916, -41.947893590931301 ], [ 174.07815212905237, -41.948296517556614 ], [ 174.077431335986148, -41.948697300202269 ], [ 174.076799520961856, -41.949177704932133 ], [ 174.076151017219047, -41.949641987115363 ], [ 174.075464914303581, -41.950075379689572 ], [ 174.074757641191098, -41.950491650770516 ], [ 174.074140270011924, -41.950978337452952 ], [ 174.073618169531755, -41.951543269228594 ], [ 174.072868085318817, -41.95191984974462 ], [ 174.0721304240991, -41.95230310498571 ], [ 174.071445538190858, -41.952736180914762 ], [ 174.07079964633391, -41.953206200239876 ], [ 174.070037388845492, -41.953565963673761 ], [ 174.069302349426437, -41.953951512620087 ], [ 174.068590602249685, -41.954359127847972 ], [ 174.067852761685771, -41.954742017121639 ], [ 174.067133841324534, -41.955146548388448 ], [ 174.06646916185602, -41.955599222355929 ], [ 174.065835140901299, -41.956074835010497 ], [ 174.065194447340502, -41.956543791600645 ], [ 174.064544853996807, -41.957007205285329 ], [ 174.063900273708839, -41.957475299131715 ], [ 174.063292495575126, -41.957968047903442 ], [ 174.062678619387128, -41.958455379194724 ], [ 174.062058953687711, -41.958929008318016 ], [ 174.061370203905597, -41.959348606150151 ], [ 174.060705616060858, -41.95979804756842 ], [ 174.060100696411126, -41.960295572203243 ], [ 174.059445336419287, -41.960752444137171 ], [ 174.058801812625632, -41.961222891810145 ], [ 174.058179964722285, -41.961708806409845 ], [ 174.057508417629464, -41.962155005251176 ], [ 174.056863299882934, -41.962620246194575 ], [ 174.056183676804551, -41.9630605523216 ], [ 174.055594804560229, -41.963566425269633 ], [ 174.055000926116634, -41.964068677603045 ], [ 174.054391816020939, -41.964559921068563 ], [ 174.05377988286611, -41.965049121275044 ], [ 174.05317080369889, -41.965540380089337 ], [ 174.052561047830579, -41.966031174376695 ], [ 174.051911383272994, -41.966493426287194 ], [ 174.051290095528344, -41.966976083859763 ], [ 174.050635182846918, -41.967434590036305 ], [ 174.049993766497295, -41.967903450729914 ], [ 174.049343697898905, -41.968368480087953 ], [ 174.048765400022205, -41.968881813878731 ], [ 174.048123176576553, -41.969350836545061 ], [ 174.047489343418164, -41.969834518637569 ], [ 174.046950261654558, -41.970387450510486 ], [ 174.046436296055106, -41.970951898883889 ], [ 174.045934970007664, -41.971464809401255 ], [ 174.045387371657512, -41.971907472304345 ], [ 174.044821549808887, -41.972356087454344 ], [ 174.044015117315837, -41.972654120544327 ], [ 174.043226657077497, -41.973018189209647 ], [ 174.042495660295799, -41.973417196459664 ], [ 174.0418071915403, -41.973846227542474 ], [ 174.041077970560764, -41.974240723591798 ], [ 174.04038666584097, -41.97467099503428 ], [ 174.039722309640013, -41.97512260651601 ], [ 174.039047330320557, -41.975563399015186 ], [ 174.038355658373405, -41.976005952866601 ], [ 174.037733743378567, -41.976503217718786 ], [ 174.037080538761501, -41.976962973768252 ], [ 174.036425612698082, -41.977420890223215 ], [ 174.035809529681472, -41.977906633275673 ], [ 174.035182622875396, -41.978383457576648 ], [ 174.034528957070904, -41.978840938231144 ], [ 174.033891794268669, -41.979311676011115 ], [ 174.03326220312573, -41.979788012231182 ], [ 174.03262175931755, -41.980258540952299 ], [ 174.032014502150673, -41.980753653882267 ], [ 174.03141826785324, -41.981254399963483 ], [ 174.030787749723316, -41.98173008245768 ], [ 174.030181820063461, -41.982223376107989 ], [ 174.029545005555804, -41.982699780828341 ], [ 174.028988205079287, -41.983231493604542 ], [ 174.028351264855928, -41.983707249669571 ], [ 174.027750954677714, -41.984204354851904 ], [ 174.027208161897846, -41.984737672240193 ], [ 174.026602407325498, -41.985231341262732 ], [ 174.02600463437139, -41.985728869880504 ], [ 174.025421937949062, -41.986233883896745 ], [ 174.024797878440836, -41.9867128602937 ], [ 174.024209470838059, -41.987216058428992 ], [ 174.023561503321389, -41.987667300837714 ], [ 174.02290604448666, -41.988111757868808 ], [ 174.022276268835867, -41.988596758629555 ], [ 174.021670226574741, -41.98911323754978 ], [ 174.021178896565431, -41.989689607012828 ], [ 174.020592783496852, -41.990204601441377 ], [ 174.02008061981428, -41.990759197550908 ], [ 174.019603666112602, -41.991327741945298 ], [ 174.019141301259396, -41.991897461271698 ], [ 174.018686689671995, -41.9924562483816 ], [ 174.018121990637752, -41.992960416778104 ], [ 174.017608312211564, -41.993504159567429 ], [ 174.017069546759046, -41.994029981666316 ], [ 174.016441227627922, -41.994531996139237 ], [ 174.016165864094489, -41.99517437609066 ], [ 174.015856238088219, -41.995811359393663 ], [ 174.015483917047078, -41.996370939875611 ], [ 174.015005447352479, -41.996813307361144 ], [ 174.014335002459973, -41.997250760726402 ], [ 174.013751292212532, -41.997772631574023 ], [ 174.013144227690049, -41.998281670253441 ], [ 174.012617674995369, -41.998858917957563 ], [ 174.01220033746921, -41.999468890219553 ], [ 174.011659747518024, -42.000031265132314 ], [ 174.011387325984174, -42.000711510797274 ], [ 174.011254450580765, -42.001433790820634 ], [ 174.01124397000595, -42.002153356505758 ], [ 174.011449936165036, -42.002824080688406 ], [ 174.01172407464091, -42.003440884080796 ], [ 174.011991933568737, -42.004005768784012 ], [ 174.011568839181763, -42.004456161059608 ], [ 174.01078938262026, -42.004652341526807 ], [ 174.010221640679731, -42.005187447474853 ], [ 174.009502439426313, -42.005599816018517 ], [ 174.00878450840159, -42.006038376820094 ], [ 174.008233513065619, -42.006627863960766 ], [ 174.007790407234779, -42.007242389203924 ], [ 174.007301106951161, -42.007802632032849 ], [ 174.006802150455883, -42.008352807520644 ], [ 174.00624002663389, -42.008853153385566 ], [ 174.005560836497921, -42.009280639461863 ], [ 174.00493315896901, -42.009757947589847 ], [ 174.004333334390083, -42.010248596428205 ], [ 174.00374114805507, -42.010746086985158 ], [ 174.00314538015607, -42.011246974135808 ], [ 174.002519928033138, -42.011726091114788 ], [ 174.001890378438475, -42.012202848326162 ], [ 174.001246813892038, -42.012673690934719 ], [ 174.000641017324597, -42.013170734286525 ], [ 174.000050887201922, -42.013674285815732 ], [ 173.99939530792895, -42.014133014200262 ], [ 173.998827649723978, -42.014659815979719 ], [ 173.998245669603506, -42.015177809933718 ], [ 173.997696902685874, -42.015708619371686 ], [ 173.997115260505325, -42.016218292542689 ], [ 173.996526060943665, -42.016726208484833 ], [ 173.995999213963074, -42.017270782204079 ], [ 173.995467144330462, -42.01781005891835 ], [ 173.994933436083613, -42.018346920335006 ], [ 173.994384132450875, -42.018874561423395 ], [ 173.993858694021384, -42.019410963871863 ], [ 173.993280182227778, -42.019918155291997 ], [ 173.992772978439234, -42.020470389826563 ], [ 173.992209074255641, -42.020990089462906 ], [ 173.991680915088693, -42.021530397641868 ], [ 173.991171347031155, -42.022081295087119 ], [ 173.990638593387814, -42.022618810739168 ], [ 173.990079326136936, -42.023140954467195 ], [ 173.989483552697152, -42.023639894673209 ], [ 173.988931160984578, -42.024164037237306 ], [ 173.988329876033191, -42.024661147272028 ], [ 173.987740542595503, -42.025165394225297 ], [ 173.987174589613829, -42.025683607068309 ], [ 173.986620700286267, -42.026209023895007 ], [ 173.98601555713995, -42.026706321495425 ], [ 173.985449222680984, -42.027228552291696 ], [ 173.984943556915255, -42.027782917216513 ], [ 173.984404973307704, -42.028316981452093 ], [ 173.983871829814831, -42.028854120081256 ], [ 173.983295419323269, -42.029366767782619 ], [ 173.982785109816945, -42.029916820321034 ], [ 173.98224633242728, -42.030450757345179 ], [ 173.981705840730029, -42.030986313028883 ], [ 173.981141936636106, -42.031510151785085 ], [ 173.980584175630099, -42.032035074014161 ], [ 173.980068530163692, -42.032581441436903 ], [ 173.979536898732874, -42.033116759088209 ], [ 173.978980756228623, -42.033635471898485 ], [ 173.97841891853929, -42.034153354425172 ], [ 173.977893172518549, -42.034696371240265 ], [ 173.977384419511367, -42.03525146879722 ], [ 173.97688276568519, -42.035808140098069 ], [ 173.976323195701212, -42.03633123949384 ], [ 173.975784078484054, -42.03686545228058 ], [ 173.975245800900979, -42.037401135686203 ], [ 173.974714637363007, -42.037940390967151 ], [ 173.974197368331829, -42.038485852076711 ], [ 173.973650172068091, -42.039015810610529 ], [ 173.97331413511418, -42.039393372930967 ] ] } },
{ "type": "Feature", "properties": { "group_id": "nzd0379" }, "geometry": { "type": "LineString", "coordinates": [ [ 171.394591263860292, -42.014865000421267 ], [ 171.394789378097414, -42.014198073802604 ], [ 171.394911619018018, -42.013539550982152 ], [ 171.395095960514652, -42.012910158024184 ], [ 171.395271262777669, -42.012253632373124 ], [ 171.395412779052464, -42.011587673317322 ], [ 171.395575567444808, -42.010931423871234 ], [ 171.395735421480254, -42.010278646080813 ], [ 171.395892228844474, -42.009620910533435 ], [ 171.396019542184177, -42.008969037650132 ], [ 171.396241435521063, -42.008334582857913 ], [ 171.396514596542744, -42.007690651520576 ], [ 171.396897464322706, -42.007051202817046 ] ] } },
{ "type": "Feature", "properties": { "group_id": "nzd0380" }, "geometry": { "type": "LineString", "coordinates": [ [ 171.364077697781596, -42.059676056850506 ], [ 171.364139371831925, -42.05901017359519 ], [ 171.364233899322585, -42.058346966301393 ], [ 171.36434837829205, -42.057685381368984 ], [ 171.36447969017027, -42.057025164123417 ], [ 171.364596106858414, -42.056363723556643 ], [ 171.364701818646552, -42.055701401862613 ], [ 171.364953587494028, -42.055051000556247 ], [ 171.365030621303958, -42.054386323104112 ], [ 171.365114108648783, -42.053722165715854 ], [ 171.365171862029484, -42.053055899892819 ] ] } },
{ "type": "Feature", "properties": { "group_id": "nzd0382" }, "geometry": { "type": "LineString", "coordinates": [ [ 173.972850276434883, -42.039965400125723 ], [ 173.972381448254794, -42.040535235606299 ], [ 173.971891534104486, -42.041091638718378 ], [ 173.971453054558026, -42.041662352918379 ], [ 173.97094412735305, -42.042203472824646 ], [ 173.970401758217776, -42.04273798536822 ], [ 173.969865589545719, -42.043279423220717 ], [ 173.969357778455958, -42.043833763296391 ], [ 173.968856108150959, -42.044387200483108 ], [ 173.968365357881538, -42.044944388988092 ], [ 173.967914385017338, -42.045521468333028 ], [ 173.967410906429194, -42.046073632495919 ], [ 173.966919137498365, -42.046632104847248 ], [ 173.966387003818795, -42.047170812160147 ], [ 173.965845185520777, -42.047706740081182 ], [ 173.965349490868505, -42.048264823934659 ], [ 173.964834373009495, -42.048812205746906 ], [ 173.964338482327804, -42.049372198565642 ], [ 173.963852789627509, -42.049938247503704 ], [ 173.96336484876187, -42.050500135239993 ], [ 173.962886690320801, -42.05106549615099 ], [ 173.962451786380598, -42.05164921097596 ], [ 173.962016902899819, -42.052232929224722 ], [ 173.961545358593952, -42.052799350359614 ], [ 173.961071679464851, -42.053363978138229 ], [ 173.960583418204294, -42.053923865924702 ], [ 173.960103844318127, -42.054488138839694 ], [ 173.959633301150518, -42.055056391085436 ], [ 173.959174221976355, -42.055629696240473 ], [ 173.958720471926569, -42.056204786474055 ], [ 173.95823674166752, -42.056756815928956 ], [ 173.957745982835434, -42.057305563039613 ], [ 173.957249155952582, -42.057861271168093 ], [ 173.956739924878036, -42.058410724044208 ], [ 173.956248721667293, -42.058969256430174 ], [ 173.955735147553781, -42.059516511332291 ], [ 173.955266862999451, -42.060092456760685 ], [ 173.954799961687939, -42.060675525320072 ], [ 173.954346390124385, -42.061260645476338 ], [ 173.95392925810944, -42.061851309008098 ], [ 173.953524968975699, -42.062446908639146 ], [ 173.953165020761531, -42.063061685567909 ], [ 173.952814041427331, -42.06368248652727 ], [ 173.952446897281931, -42.06429553385221 ], [ 173.952062987521487, -42.064899286207897 ], [ 173.95166529402664, -42.065498646141712 ], [ 173.951269421913338, -42.066097153024231 ], [ 173.950865956797116, -42.066692952454773 ], [ 173.950482384614162, -42.067296432884845 ], [ 173.950135991375191, -42.067916030762738 ], [ 173.949796561301724, -42.068540458937356 ], [ 173.949489136019452, -42.069169974095693 ], [ 173.94919495086728, -42.069800240925147 ], [ 173.948867426411681, -42.070421251709853 ], [ 173.948530853234473, -42.071039745852616 ], [ 173.948202164206208, -42.071659462407702 ], [ 173.94790511036868, -42.072287513631565 ], [ 173.947586539148006, -42.072910449872289 ], [ 173.947257307383211, -42.073530864709355 ], [ 173.946936821167128, -42.074153777771777 ], [ 173.946564066804683, -42.074759677432759 ], [ 173.946154812486441, -42.075340585988613 ], [ 173.94573447850027, -42.075916595826648 ], [ 173.945353643701395, -42.076520584446563 ], [ 173.944984250292151, -42.077128722463918 ], [ 173.944595306905626, -42.077729755082167 ], [ 173.944197304301184, -42.078331030987535 ], [ 173.943802803098379, -42.078938118228656 ], [ 173.943418654999419, -42.079545821714461 ], [ 173.943047357273741, -42.080153140674732 ], [ 173.942678291859266, -42.080761181661558 ], [ 173.94231976366396, -42.08137250371815 ], [ 173.941932481595018, -42.081974619592273 ], [ 173.941567808856973, -42.082583957599304 ], [ 173.941183876247806, -42.083171557730367 ], [ 173.940792004541805, -42.083751051995527 ], [ 173.94039539438873, -42.084345804820437 ], [ 173.939967135619071, -42.084931843123648 ], [ 173.939603689475518, -42.085546917944853 ], [ 173.939220464794602, -42.086171696863097 ], [ 173.938828017150598, -42.086794173530876 ], [ 173.938504637931914, -42.08740865189737 ], [ 173.938205981602948, -42.088026489295252 ], [ 173.937906479742963, -42.08865316576469 ], [ 173.937571267919907, -42.089271814670667 ], [ 173.937218693841828, -42.089886917260891 ], [ 173.936887458234622, -42.090516892518004 ], [ 173.936587120533318, -42.091154056803248 ], [ 173.936260897198423, -42.091776553538331 ], [ 173.935924469162586, -42.092395797676119 ], [ 173.935634337872841, -42.09302347372671 ], [ 173.935324374202935, -42.09364689888239 ], [ 173.935052850358574, -42.094282456472968 ], [ 173.934758623085116, -42.094912267712715 ], [ 173.934474645403043, -42.09554466407937 ], [ 173.934206873168506, -42.096179975207903 ], [ 173.933910058284511, -42.09680772359372 ], [ 173.933616550325013, -42.097437511431941 ], [ 173.933273347373643, -42.098054520275646 ], [ 173.932987935531884, -42.098686588539508 ], [ 173.932693669682266, -42.09931706269974 ], [ 173.932393557676846, -42.09994729110047 ], [ 173.932103632747044, -42.100579420640422 ], [ 173.931790538284389, -42.101204493728673 ], [ 173.931531239628612, -42.101842960468268 ], [ 173.931273985866767, -42.102482044056721 ], [ 173.931016213843037, -42.103121293735803 ], [ 173.930753472531023, -42.103759138561486 ], [ 173.930490486177916, -42.104396593512284 ], [ 173.930226970744371, -42.105034833049977 ], [ 173.929945070241189, -42.105669303379202 ], [ 173.929684460776798, -42.106307855318867 ], [ 173.929387053399893, -42.106937237616528 ], [ 173.92911463111588, -42.107572321378051 ], [ 173.928892556045497, -42.108220865494651 ], [ 173.928655735203193, -42.108866396879684 ], [ 173.928405062088586, -42.109507459833495 ], [ 173.928151515762153, -42.110147091522137 ], [ 173.927943299248909, -42.110795511156276 ], [ 173.927699546216104, -42.111437029793898 ], [ 173.927458257751169, -42.112080805906182 ], [ 173.927264647838371, -42.112733690658878 ], [ 173.92707483619148, -42.113385442025873 ], [ 173.926879013891579, -42.114035802428084 ], [ 173.926692521599421, -42.114687753200521 ], [ 173.926551610853949, -42.115347726784698 ], [ 173.926375346731106, -42.116001569499616 ], [ 173.926191665739964, -42.116653988823842 ], [ 173.926032342147806, -42.117309967933487 ], [ 173.925821562429974, -42.117958081533331 ], [ 173.925616635864543, -42.118607082387818 ], [ 173.925463204644046, -42.119263981805403 ], [ 173.925308906707755, -42.119920102988495 ], [ 173.925153206899409, -42.120576365065489 ], [ 173.925022175362898, -42.121235531571926 ], [ 173.924903804281143, -42.121896073837284 ], [ 173.924795967451587, -42.122557298520967 ], [ 173.924706094654283, -42.123217270673535 ], [ 173.924603545352028, -42.123878672067569 ], [ 173.924492916349692, -42.124541792474218 ], [ 173.92441679550538, -42.125206116643653 ], [ 173.924379827645595, -42.125871807550318 ], [ 173.924294353655966, -42.12653518816866 ], [ 173.924199759697586, -42.127196964050931 ], [ 173.924129120455376, -42.127860491114099 ], [ 173.924119826168436, -42.128528201747706 ], [ 173.924060035031374, -42.129192976474307 ], [ 173.924015256798725, -42.129858614996735 ], [ 173.923991721568001, -42.130523819501292 ], [ 173.924008831118442, -42.131184941211266 ], [ 173.924016814254202, -42.1318511233682 ], [ 173.924013549270342, -42.132519348993576 ], [ 173.924044758855075, -42.13318564923479 ], [ 173.924119447005154, -42.133849523100622 ], [ 173.924204148045192, -42.134513529510663 ], [ 173.924287454743762, -42.135178406349965 ], [ 173.924383535117471, -42.135845535773981 ], [ 173.924537184489225, -42.136502113456849 ], [ 173.924730090982308, -42.137152785587695 ], [ 173.92496785162686, -42.137796835299028 ], [ 173.925271404331312, -42.138423806836165 ], [ 173.925534000513892, -42.139063114639939 ], [ 173.925850816130179, -42.139689667580868 ], [ 173.926241175971228, -42.140289579330997 ], [ 173.926686828500948, -42.140869460137033 ], [ 173.92716915259885, -42.141434017807725 ], [ 173.92761792470111, -42.14201369240741 ], [ 173.928107749150058, -42.142573434092313 ], [ 173.928627650434777, -42.143116717368102 ], [ 173.929106309399856, -42.143682510206041 ], [ 173.929612821809172, -42.144231432737307 ], [ 173.930153771511442, -42.144760188492036 ], [ 173.930698171204284, -42.145289656678806 ], [ 173.931248331731922, -42.145817732688208 ], [ 173.93179047603445, -42.14634983915365 ], [ 173.932217646748768, -42.14693981805835 ], [ 173.932687077528016, -42.147501833519875 ], [ 173.933074824166567, -42.148096262271032 ], [ 173.933414320499111, -42.148715201880833 ], [ 173.933822656667132, -42.149310167958681 ], [ 173.934265756751728, -42.149891050943403 ], [ 173.934707312745218, -42.15047155038242 ], [ 173.935149232450925, -42.15105196278823 ], [ 173.935508620190262, -42.151665379738553 ], [ 173.935864383349127, -42.15228005826804 ], [ 173.936198369899131, -42.152892101621994 ], [ 173.936456693341881, -42.15351576613304 ], [ 173.936844578935165, -42.154125405093417 ], [ 173.93729646302657, -42.154718846696369 ], [ 173.937755035239178, -42.155296385768494 ], [ 173.938232122060356, -42.155862220725425 ], [ 173.938621759975035, -42.156457197023812 ], [ 173.93887858308176, -42.157071858910037 ], [ 173.939162475514166, -42.157682765812396 ] ] } },
{ "type": "Feature", "properties": { "group_id": "nzd0384" }, "geometry": { "type": "LineString", "coordinates": [ [ 173.903093991642066, -42.183922097130171 ], [ 173.902316761967455, -42.184256169769249 ], [ 173.901542493603415, -42.184593835716996 ], [ 173.900773754246217, -42.184938212524735 ], [ 173.899995926265262, -42.18527155281506 ], [ 173.899251000090089, -42.185644838088336 ], [ 173.898524326602967, -42.186040283169206 ], [ 173.897766426853877, -42.186400996059184 ], [ 173.897005827978319, -42.186761602947222 ], [ 173.896274805576326, -42.187152181016401 ], [ 173.89551880328969, -42.187512461003045 ], [ 173.894779081567663, -42.187893321951016 ], [ 173.894057971268836, -42.188298484892542 ], [ 173.893313032894412, -42.188682221064305 ], [ 173.892594981318126, -42.189083815952415 ], [ 173.891902116559834, -42.189507501988288 ], [ 173.891197850424277, -42.189921183624158 ], [ 173.890503860240329, -42.190343876566672 ], [ 173.889806470909917, -42.190763584779361 ], [ 173.889134912323328, -42.191205949548028 ], [ 173.888458526491974, -42.191644076941778 ], [ 173.88780129774878, -42.192099006813933 ], [ 173.887153905676854, -42.192562563095045 ], [ 173.886514607809715, -42.193033217289397 ], [ 173.885906275476998, -42.193529080365664 ], [ 173.88533191060705, -42.194038821475495 ], [ 173.884732770974608, -42.19453199583743 ], [ 173.884181940992221, -42.195061195141932 ], [ 173.883609037182907, -42.195575226713906 ], [ 173.883045237390149, -42.196095513248785 ], [ 173.882481490615021, -42.196615927235825 ], [ 173.881938647204294, -42.197150733760736 ], [ 173.881442347244814, -42.197717446175027 ], [ 173.880982106344874, -42.198285271144421 ], [ 173.880672166777401, -42.198853749461364 ], [ 173.880498647662847, -42.199483080018297 ], [ 173.880232043369261, -42.200182550217647 ], [ 173.879788442369232, -42.200829306963165 ], [ 173.879357792151126, -42.20140685955262 ], [ 173.878852749481524, -42.201897019649728 ], [ 173.878620638006083, -42.20227553052348 ], [ 173.878317184432859, -42.202637918185808 ], [ 173.878049569993635, -42.203204359580063 ], [ 173.877884778849847, -42.203810453531325 ] ] } },
{ "type": "Feature", "properties": { "group_id": "nzd0385" }, "geometry": { "type": "LineString", "coordinates": [ [ 171.303663288576416, -42.270924179639508 ], [ 171.304051508485969, -42.270321911662073 ], [ 171.304337874199518, -42.269691558313525 ], [ 171.304559513608297, -42.269043354867755 ], [ 171.304734829995965, -42.268382368487316 ], [ 171.305001876028399, -42.267748779493971 ], [ 171.305163812088523, -42.267093926021332 ], [ 171.305294262403351, -42.266434168840696 ], [ 171.305485740990576, -42.265784703170333 ], [ 171.305710789419379, -42.265141045123954 ], [ 171.305874536125884, -42.264488037293297 ], [ 171.306074971759983, -42.263839750423251 ], [ 171.306332352847164, -42.263198429754546 ], [ 171.306408009718524, -42.262533224432865 ], [ 171.306542130889369, -42.261875694241638 ], [ 171.306727088263443, -42.261224836949097 ], [ 171.306917579599144, -42.260574699986513 ], [ 171.307225083594744, -42.259939931233411 ], [ 171.307272825543805, -42.259271023888815 ], [ 171.307442295343407, -42.258618104314138 ], [ 171.307409311760466, -42.257938575931661 ], [ 171.307550748908341, -42.257281579555752 ], [ 171.307641352103985, -42.256618910762334 ], [ 171.307724471599357, -42.255956117224628 ], [ 171.307867555739136, -42.255299655842101 ], [ 171.307946584884405, -42.254636466457228 ], [ 171.308071677875006, -42.253978103527785 ], [ 171.308168681838026, -42.253316786381589 ], [ 171.308267005395976, -42.252655600789993 ], [ 171.308360633081435, -42.251993915558216 ], [ 171.308548793111243, -42.251342142595171 ], [ 171.308720162956917, -42.250687080513849 ], [ 171.308745323173042, -42.250020348204664 ], [ 171.30877165004668, -42.249355263000389 ], [ 171.308902433385697, -42.248694599580972 ], [ 171.308960303095432, -42.248031035006129 ], [ 171.309054506055674, -42.247368905570724 ], [ 171.309127961291722, -42.246705945605001 ], [ 171.309146352056842, -42.24604079303873 ], [ 171.309235512735739, -42.24537844244589 ], [ 171.309308902924613, -42.2447154588884 ], [ 171.309300273354296, -42.244049212864297 ], [ 171.309381803233663, -42.243386538390027 ], [ 171.30945565651578, -42.242723552213036 ], [ 171.309418548236039, -42.242056154843176 ], [ 171.309405841199748, -42.241389718959248 ], [ 171.30945134354144, -42.240725586514181 ], [ 171.309486449959735, -42.240061034435705 ], [ 171.30947190624147, -42.239394504628308 ], [ 171.309486794989795, -42.238729188091618 ], [ 171.309501842527482, -42.238067342959617 ], [ 171.309529291315897, -42.237403347466788 ], [ 171.309574018411666, -42.236737420554753 ], [ 171.30962457434569, -42.236072014283138 ], [ 171.309696814912598, -42.235408563907036 ], [ 171.309841275534694, -42.234751643846671 ], [ 171.310014364208826, -42.234097308211695 ], [ 171.31004045639034, -42.233429659797977 ], [ 171.31014579775109, -42.232769177951411 ], [ 171.310347259985065, -42.232117389900637 ], [ 171.310796303142013, -42.231488004972441 ], [ 171.310749259837166, -42.230813709164934 ], [ 171.310960457081904, -42.230162781347232 ], [ 171.311211657474303, -42.229515467414465 ], [ 171.311456993298322, -42.228867615584761 ], [ 171.311596027128587, -42.228210134987179 ], [ 171.311791513499315, -42.227568755310081 ], [ 171.311948082462919, -42.226924744092912 ], [ 171.312185118405523, -42.226278987181978 ], [ 171.312391436615343, -42.225629645560623 ], [ 171.312483918981286, -42.224967128604931 ], [ 171.312517430402181, -42.224297782947673 ], [ 171.312626529261138, -42.223637174376158 ], [ 171.3127790242321, -42.222981579057041 ], [ 171.312920274814786, -42.222324676108194 ], [ 171.313041703609969, -42.22166547327398 ], [ 171.313133851207624, -42.221002876245571 ], [ 171.313304500028693, -42.220349353561048 ], [ 171.313329787916274, -42.219679008219963 ], [ 171.313433257014623, -42.219017700215318 ], [ 171.313463132751735, -42.218347871671043 ], [ 171.313490361520337, -42.217677729896373 ], [ 171.313596906301626, -42.217016756968121 ], [ 171.313623070977911, -42.216346478149454 ], [ 171.313669197332359, -42.215673413426366 ], [ 171.313744647197126, -42.214995944325374 ], [ 171.313837146836192, -42.214324534985813 ], [ 171.313879393408939, -42.213659804872336 ], [ 171.313984778113792, -42.212998412024611 ], [ 171.314036907089331, -42.212334191388869 ], [ 171.314047320740059, -42.211667754217601 ], [ 171.314095095134405, -42.211003288955496 ], [ 171.314094881426627, -42.210336274872986 ], [ 171.31416831562035, -42.209673154786458 ], [ 171.314077520929516, -42.209001328715573 ], [ 171.314066703975925, -42.208333731911786 ], [ 171.314079261331472, -42.207667366228947 ], [ 171.314076842064168, -42.207000200212043 ], [ 171.314021912591272, -42.206330245606267 ], [ 171.314082384743017, -42.205666397029894 ], [ 171.314238820552902, -42.205007624835879 ], [ 171.314287347740589, -42.204342565689565 ], [ 171.314277472852126, -42.203674520945064 ], [ 171.314330159552355, -42.203009871603641 ], [ 171.31438072862889, -42.202345532949934 ], [ 171.314439732801645, -42.201681513673314 ], [ 171.314542508007037, -42.201019180993647 ], [ 171.314533053683959, -42.200352498901417 ], [ 171.31458593430807, -42.199688221691822 ], [ 171.314647432190526, -42.199024270903593 ], [ 171.31468545249237, -42.19835940471755 ], [ 171.314703698086817, -42.197693766405436 ], [ 171.314793853986885, -42.197030903461737 ], [ 171.314827317090391, -42.19636583995613 ], [ 171.314937020417148, -42.195703719316171 ], [ 171.31490151201379, -42.195035973192454 ], [ 171.314954437753897, -42.194371665468076 ], [ 171.315147517937248, -42.193723916512887 ], [ 171.315051314230828, -42.193056507944597 ], [ 171.315069326894815, -42.192387944693792 ], [ 171.315129274604374, -42.191723054665019 ], [ 171.315248302620319, -42.191063342595292 ], [ 171.315316140604352, -42.190399131139714 ], [ 171.315421572094181, -42.189738211975637 ], [ 171.315601722335742, -42.189083843239118 ], [ 171.315663425493028, -42.188419072606294 ], [ 171.315828446585641, -42.187763362273749 ], [ 171.315988615956684, -42.187107219206872 ], [ 171.316071623510879, -42.186444297489274 ], [ 171.316190997334957, -42.185784560348871 ], [ 171.316331055228204, -42.185126631515473 ], [ 171.316480175299034, -42.184469491043835 ], [ 171.316656416658589, -42.183816772614797 ], [ 171.316794244689504, -42.183173930555334 ], [ 171.316945915778831, -42.182530786534038 ], [ 171.317045244620942, -42.181867419778975 ], [ 171.317214723188044, -42.181213757826967 ], [ 171.317398120381853, -42.180562016000032 ], [ 171.317587089180989, -42.179911038724569 ], [ 171.317746521304684, -42.179255965541429 ], [ 171.317986900136333, -42.178612091985954 ], [ 171.317971605254996, -42.177932815532301 ], [ 171.318147768236912, -42.177280038202994 ], [ 171.318241403752751, -42.176615828626431 ], [ 171.318368802685569, -42.175956286559526 ], [ 171.318469619027525, -42.175293057411338 ], [ 171.318629688991706, -42.174638024860911 ], [ 171.318782013610928, -42.173981913192812 ], [ 171.318795295337225, -42.173306544545689 ], [ 171.318878018533496, -42.172635794458678 ], [ 171.31893398930913, -42.171960220663053 ], [ 171.318983531983406, -42.171288989210971 ], [ 171.31904929223748, -42.17062459520254 ], [ 171.319306770311812, -42.169965342026714 ], [ 171.319298158121541, -42.16929893697769 ], [ 171.319268154664826, -42.168631950540465 ], [ 171.319249371085789, -42.167965258346598 ], [ 171.319289353431827, -42.167300137088617 ], [ 171.31939740238181, -42.16663683646555 ], [ 171.319413561592256, -42.165971061520423 ], [ 171.31944270761835, -42.16530562827387 ], [ 171.319470456297807, -42.164640150503388 ], [ 171.31947607781467, -42.163974071604407 ], [ 171.319469063354063, -42.163307646414133 ], [ 171.319471746699861, -42.162641474608684 ], [ 171.319461068502079, -42.161974970898726 ], [ 171.319517657390037, -42.161326727076244 ], [ 171.319578874115791, -42.16067745159534 ], [ 171.319618860116634, -42.160009426232264 ], [ 171.319639259171709, -42.159339396600686 ], [ 171.319700007960336, -42.158673474462056 ], [ 171.319845126442686, -42.158016148669937 ], [ 171.319859709668208, -42.157345505101105 ], [ 171.319860836235023, -42.156673482279437 ], [ 171.320028711599889, -42.156018456411132 ], [ 171.320224007397826, -42.155366219776297 ], [ 171.320245836761359, -42.154696287349466 ], [ 171.320406172977187, -42.154040472012618 ], [ 171.320638257732895, -42.153391966184941 ], [ 171.320769519996475, -42.152733172291533 ], [ 171.32094935308163, -42.152079324391508 ], [ 171.321153577223157, -42.151432177509143 ], [ 171.321409329082513, -42.150840190546674 ], [ 171.321702539258411, -42.150258091347418 ], [ 171.321854788873623, -42.149586302007016 ], [ 171.322124994595413, -42.148949293166922 ], [ 171.322404576121727, -42.148315043201855 ], [ 171.322751685296396, -42.147700702101304 ], [ 171.323064150353446, -42.147076137767343 ], [ 171.323438403552785, -42.146469789713315 ], [ 171.323730165834945, -42.145839107548092 ], [ 171.324070615241681, -42.145222777967902 ], [ 171.324377744427579, -42.144596615524982 ], [ 171.32466833840013, -42.143965570383891 ], [ 171.324957079364481, -42.143333972591108 ], [ 171.32523811822, -42.142700097113028 ] ] } },
{ "type": "Feature", "properties": { "group_id": "nzd0386" }, "geometry": { "type": "LineString", "coordinates": [ [ 173.864367599780678, -42.217776740485114 ], [ 173.863453021783613, -42.217803140070458 ], [ 173.862686290862001, -42.217898413648449 ], [ 173.862013211893213, -42.218147607657819 ], [ 173.861256503396646, -42.218395038642846 ], [ 173.860578228913823, -42.218768896921802 ], [ 173.860006370478629, -42.219311281802369 ], [ 173.859430659593642, -42.219739195577972 ], [ 173.858805565561028, -42.220118810835153 ] ] } },
{ "type": "Feature", "properties": { "group_id": "nzd0387" }, "geometry": { "type": "LineString", "coordinates": [ [ 173.769464673885267, -42.278926886531679 ], [ 173.768903859154847, -42.279465173979879 ], [ 173.768560116526487, -42.280192791530091 ], [ 173.767894953092167, -42.280640059931578 ], [ 173.767236739808226, -42.281093387584157 ], [ 173.76655658530828, -42.281529851342313 ], [ 173.765888746249288, -42.281978506345816 ], [ 173.76516847280115, -42.282383523591243 ], [ 173.764509287177077, -42.282835025056144 ], [ 173.763845138442917, -42.283282573949442 ], [ 173.76322585421434, -42.283766433686772 ], [ 173.762547003391376, -42.284206634825601 ], [ 173.761881998026922, -42.284658024871625 ], [ 173.761319073265639, -42.285181412751314 ], [ 173.760817691877577, -42.285750321824011 ], [ 173.760094299899379, -42.286155002845263 ], [ 173.759448158648695, -42.286616823883037 ], [ 173.758833176875925, -42.287104241347897 ], [ 173.758246217775309, -42.287609618332652 ], [ 173.757679097814133, -42.288125885988698 ], [ 173.75710748835408, -42.288638807848287 ], [ 173.75652926834141, -42.289147898624229 ], [ 173.755987345582724, -42.289677997038545 ], [ 173.75543354190512, -42.290202622656231 ], [ 173.754882846948988, -42.290730289393863 ], [ 173.754350200557582, -42.291266939018712 ], [ 173.753837514475435, -42.291812592318898 ], [ 173.753370373096885, -42.292381726852156 ], [ 173.752895334531075, -42.29294678433584 ], [ 173.752438738598556, -42.293520126570336 ], [ 173.751995128449778, -42.294093833187752 ], [ 173.751507269016514, -42.29465119454499 ], [ 173.751061435337192, -42.295227779539267 ], [ 173.75061036794807, -42.295802903960706 ], [ 173.750218863067829, -42.296401520559407 ], [ 173.749875659376784, -42.297015911789394 ], [ 173.749528687704498, -42.297629749758549 ], [ 173.749176879697274, -42.298245488027042 ], [ 173.748796201336262, -42.298844544775612 ], [ 173.748488878290317, -42.29944711036201 ], [ 173.748226384988101, -42.300061984058459 ], [ 173.747974891666161, -42.300685943587773 ], [ 173.747819126869302, -42.30133467246548 ], [ 173.74775326180341, -42.301966818082967 ], [ 173.747829598180914, -42.302572410234447 ], [ 173.748049401289535, -42.303148213626216 ], [ 173.748469377405911, -42.303677572467691 ], [ 173.749099604070636, -42.304117332757009 ], [ 173.749830823556152, -42.3044762257475 ], [ 173.750620755101266, -42.304782669368926 ] ] } },
{ "type": "Feature", "properties": { "group_id": "nzd0388" }, "geometry": { "type": "LineString", "coordinates": [ [ 171.279508719059123, -42.314571169844477 ], [ 171.279852863148847, -42.313957157341633 ], [ 171.280220981402806, -42.313349726300643 ], [ 171.280521350685717, -42.312722966374409 ], [ 171.280810963959937, -42.312091259700331 ], [ 171.28116164446044, -42.31147347107769 ], [ 171.281443259785561, -42.31085665703305 ], [ 171.281758218747711, -42.31024307166313 ], [ 171.28200613331984, -42.309603244810361 ], [ 171.282272589832786, -42.308968296268844 ], [ 171.282506820165395, -42.308324085371225 ], [ 171.282698119203928, -42.307666180681515 ], [ 171.28287893047667, -42.307010721157077 ], [ 171.28306172763925, -42.306358925600058 ], [ 171.283226179940186, -42.305703383322552 ], [ 171.283437056894968, -42.305058181464226 ], [ 171.283617893539258, -42.304410119709239 ], [ 171.283756304206833, -42.303754527411527 ], [ 171.283913637250691, -42.303100385732755 ], [ 171.284044463463147, -42.30244308115121 ], [ 171.284185504369532, -42.301786985928246 ], [ 171.284325399632507, -42.301130747440368 ] ] } },
{ "type": "Feature", "properties": { "group_id": "nzd0390" }, "geometry": { "type": "LineString", "coordinates": [ [ 173.740782686922472, -42.327184933829564 ], [ 173.740112236230914, -42.327637852053456 ], [ 173.739397201211773, -42.328041824846615 ], [ 173.738640471312948, -42.328400023458002 ], [ 173.737878951604955, -42.328740053483109 ], [ 173.737105915727284, -42.329063943014681 ], [ 173.736319911681647, -42.329385381430512 ], [ 173.735529343159556, -42.329705683790621 ], [ 173.734778363333959, -42.330077532867485 ], [ 173.733994527035037, -42.330405730495194 ], [ 173.733212769166443, -42.330734287105287 ], [ 173.732422631366063, -42.331050343231119 ], [ 173.731651225793854, -42.331378768914355 ], [ 173.730861937958508, -42.331686441220789 ], [ 173.730063978015892, -42.331991782729673 ], [ 173.729286847748199, -42.332325344842545 ], [ 173.728518967222186, -42.332683834352679 ], [ 173.727767835668999, -42.333062568801104 ], [ 173.727001710718753, -42.33341989050075 ], [ 173.726281407592325, -42.333816689630979 ], [ 173.725560101252938, -42.334212489759977 ], [ 173.72484629392531, -42.334615736780883 ], [ 173.724155634451819, -42.335042843634362 ], [ 173.723451549168288, -42.335457095677683 ], [ 173.722729238001278, -42.335852920387119 ], [ 173.722061439655278, -42.336300073794142 ], [ 173.721346771081585, -42.33670241368641 ], [ 173.720661536642581, -42.337132892255951 ], [ 173.719981320933556, -42.337568085951681 ], [ 173.719260541244239, -42.337964342824669 ], [ 173.718605852498087, -42.338419701440138 ], [ 173.717893414023109, -42.338825928896682 ], [ 173.717238538352007, -42.339281247635391 ], [ 173.716551167498437, -42.339708848806694 ], [ 173.715893013730863, -42.340161365956256 ], [ 173.715194623424253, -42.340579562766194 ], [ 173.71451752315582, -42.3410167048837 ], [ 173.71384677576259, -42.341460607200247 ], [ 173.713134427944595, -42.341865888322928 ], [ 173.712464778367092, -42.342304986261034 ], [ 173.711787438100316, -42.342734444387425 ], [ 173.711070519012509, -42.343139656382235 ], [ 173.710374676267804, -42.34356250775717 ], [ 173.709665311469394, -42.343974901732409 ], [ 173.709015563035138, -42.34443328989795 ], [ 173.708328943292287, -42.344862481096072 ], [ 173.707660332885268, -42.345305556795687 ], [ 173.706980046939861, -42.345740076835106 ], [ 173.706347140481967, -42.346211787837923 ], [ 173.70570235407709, -42.346674169534801 ], [ 173.705053223594319, -42.347141959718371 ], [ 173.704409968359442, -42.347616720475131 ], [ 173.703806318042353, -42.348109023109956 ], [ 173.703196481915569, -42.348597063108976 ], [ 173.702590607060472, -42.349087617461905 ], [ 173.701987025701868, -42.349579625885021 ], [ 173.701395764400701, -42.350080033533835 ], [ 173.700804078650805, -42.350582436537152 ], [ 173.700235074383784, -42.351098402563586 ], [ 173.699714972157977, -42.351642086037245 ], [ 173.699157259345583, -42.352162727446718 ], [ 173.698611475442021, -42.35269577017236 ], [ 173.698079381448309, -42.353236109846712 ], [ 173.697561168600259, -42.353779296288096 ], [ 173.697065558608813, -42.354333359847395 ], [ 173.696582254410202, -42.354895162982928 ], [ 173.696120067764923, -42.355466323019371 ], [ 173.695652689529396, -42.356034216470952 ], [ 173.695164530473875, -42.356592348574331 ], [ 173.694703509631807, -42.357162135394944 ], [ 173.694205242500459, -42.357715914172367 ], [ 173.693824774807069, -42.358320300121683 ], [ 173.693407868699495, -42.358909025069593 ], [ 173.692993501979288, -42.359497897593464 ], [ 173.692601077732945, -42.360093906413184 ], [ 173.692168185181202, -42.360676580993392 ], [ 173.691799250903074, -42.361282012487997 ], [ 173.691445230493912, -42.361892139107965 ], [ 173.691091117241996, -42.362500653122027 ], [ 173.690734679173943, -42.363109181820654 ], [ 173.69038927352247, -42.363721903274516 ], [ 173.690049406713456, -42.364336335280413 ], [ 173.689746077842841, -42.364962084485832 ], [ 173.689376300013208, -42.365565341198881 ], [ 173.689058495474654, -42.366183241236399 ], [ 173.68872793620767, -42.366800049153746 ], [ 173.688449594932877, -42.367431459328756 ], [ 173.688160364929985, -42.368061138144014 ], [ 173.687875091530657, -42.368692207662583 ], [ 173.68757272455926, -42.369317326690414 ], [ 173.687297681148095, -42.369947075455023 ], [ 173.687051809165212, -42.370572069706114 ], [ 173.686816589219177, -42.371202510825356 ], [ 173.686630319078091, -42.371852202990247 ], [ 173.686344532302286, -42.372483474488895 ], [ 173.686140837162753, -42.373129929249373 ], [ 173.685939910064093, -42.373776889582388 ], [ 173.685711954527562, -42.374420786352445 ], [ 173.685434145612987, -42.375055209373187 ], [ 173.685279812514608, -42.375712558469068 ], [ 173.685088515281478, -42.376359119807603 ], [ 173.684828241992733, -42.376988609313393 ], [ 173.684690358124811, -42.377642660792283 ], [ 173.684563845575525, -42.378300828318672 ], [ 173.684340964206768, -42.378936247044585 ], [ 173.684118943180778, -42.379574283811749 ], [ 173.684098811680627, -42.380246298133123 ], [ 173.683942909501496, -42.380892599865625 ], [ 173.683756613113701, -42.381530943207906 ], [ 173.683563302958333, -42.382177157878765 ], [ 173.68345726717132, -42.382836082842879 ], [ 173.683302551234107, -42.383490435985152 ], [ 173.683151356574314, -42.38414482579887 ], [ 173.683071317762028, -42.384803221067948 ], [ 173.682959581674766, -42.385459078295249 ], [ 173.682847526074028, -42.386117500517216 ], [ 173.682729885092328, -42.38677510899322 ], [ 173.682474537052485, -42.387421972667795 ], [ 173.682461466346439, -42.388088146262277 ], [ 173.682473625044139, -42.388747246011192 ], [ 173.682488077997306, -42.389402169637343 ], [ 173.68240225983061, -42.390062672582218 ], [ 173.682297832622481, -42.390723339250584 ], [ 173.682215836625346, -42.391384741736751 ], [ 173.68209051879208, -42.392043603027396 ], [ 173.681998227326545, -42.392701913958334 ], [ 173.682010129845537, -42.393363453715416 ], [ 173.681969215248927, -42.394026623160435 ], [ 173.681959911863657, -42.394690003761305 ], [ 173.681956369502586, -42.395353417109391 ], [ 173.681984184206158, -42.396009906144606 ], [ 173.68204793641226, -42.396657175455424 ], [ 173.682113969378264, -42.397313433430853 ], [ 173.682152811068221, -42.39797505775956 ], [ 173.68234340579815, -42.398617566317441 ], [ 173.682502650118124, -42.399267361117815 ], [ 173.682773277080855, -42.399885271724671 ], [ 173.68311389936062, -42.400456946906075 ], [ 173.683475372931554, -42.401046390195525 ], [ 173.683942720379605, -42.401595976896147 ], [ 173.684430651528146, -42.402133400751154 ], [ 173.684617044912102, -42.402860102758368 ], [ 173.68457783895704, -42.403561210059543 ] ] } },
{ "type": "Feature", "properties": { "group_id": "nzd0391" }, "geometry": { "type": "LineString", "coordinates": [ [ 173.68467154072431, -42.404972401619723 ], [ 173.684592854610287, -42.405647945692053 ], [ 173.684658254189998, -42.40631431038171 ], [ 173.684967422160014, -42.406944020354089 ], [ 173.68540295647631, -42.407521503565214 ], [ 173.685857667289355, -42.408092915836164 ], [ 173.686371729590206, -42.408637498201948 ], [ 173.686881593997583, -42.409188961781318 ], [ 173.687263440846692, -42.409785865217778 ], [ 173.687818701465488, -42.410301869798595 ], [ 173.688360639240727, -42.410841298793684 ], [ 173.688811500214115, -42.411402937132721 ], [ 173.689263720602895, -42.411928242912637 ], [ 173.689870023075315, -42.412381339850469 ], [ 173.690690114971744, -42.412735097889481 ], [ 173.691115918336209, -42.413359566677315 ], [ 173.691644544929829, -42.413876511370418 ], [ 173.692276480999737, -42.414321210426039 ], [ 173.692977390506741, -42.414698709969095 ], [ 173.693728382733553, -42.415039808450167 ], [ 173.694526455651243, -42.415368702019819 ], [ 173.695426646736763, -42.415427788552464 ] ] } },
{ "type": "Feature", "properties": { "group_id": "nzd0392" }, "geometry": { "type": "LineString", "coordinates": [ [ 171.206536531354288, -42.423149810630704 ], [ 171.206754210854143, -42.42250481767806 ], [ 171.206996505293347, -42.421865735184021 ], [ 171.207209467427646, -42.421219595338044 ], [ 171.207447922302265, -42.420579576995472 ], [ 171.207724085724067, -42.419948616681765 ], [ 171.207976794492851, -42.419312011885346 ], [ 171.208185431583928, -42.418664806559356 ], [ 171.208420680039922, -42.418028894504872 ], [ 171.208648310306017, -42.417392623571054 ], [ 171.208792277831407, -42.41673655341161 ], [ 171.208927327189912, -42.416078579132432 ], [ 171.209119374423551, -42.415430660906125 ], [ 171.209331630810425, -42.414786303870883 ], [ 171.209508817612402, -42.41413574871013 ], [ 171.209658075442832, -42.413480256025395 ], [ 171.209881779420641, -42.412837900021152 ], [ 171.210111431545556, -42.412196587495259 ], [ 171.210365657211753, -42.411559606747069 ], [ 171.210600684197772, -42.410919229830398 ], [ 171.210784146701229, -42.410269742574584 ], [ 171.211080581401973, -42.409640193833724 ], [ 171.21132197791988, -42.409000921475375 ], [ 171.211540413771615, -42.408357474686895 ], [ 171.211765589751991, -42.407714520407659 ], [ 171.2119330595267, -42.407062810459237 ], [ 171.21206917587071, -42.406406342793147 ], [ 171.212268280505441, -42.405759480416712 ], [ 171.212438159549549, -42.40510815143044 ], [ 171.212572174622579, -42.404451342770862 ], [ 171.212731404542467, -42.403798375159397 ], [ 171.212867477192418, -42.403141866903027 ], [ 171.213056530015876, -42.402493453587319 ], [ 171.213235545867718, -42.4018434508952 ], [ 171.213402726948175, -42.401191524209267 ], [ 171.213552624045803, -42.40053681937988 ], [ 171.213725021645018, -42.399885714789761 ], [ 171.213909241518053, -42.399236498663676 ], [ 171.214070446773832, -42.398583586363038 ], [ 171.214189534960781, -42.397923915543053 ], [ 171.214347110455293, -42.39726872568496 ], [ 171.214517804431182, -42.396613580919805 ], [ 171.214706820419025, -42.395962632328185 ], [ 171.214877105441388, -42.395309222150971 ], [ 171.21508907657892, -42.394664289180071 ], [ 171.215324148783679, -42.394024051106946 ], [ 171.21554430318389, -42.393380770425232 ], [ 171.215759050004721, -42.392736382622672 ], [ 171.215934809862887, -42.39208405361741 ] ] } },
{ "type": "Feature", "properties": { "group_id": "nzd0393" }, "geometry": { "type": "LineString", "coordinates": [ [ 173.675493647463014, -42.415971052790098 ], [ 173.674875134489326, -42.415445102759904 ], [ 173.674194621449516, -42.414994613644204 ], [ 173.673401142275765, -42.4146816153768 ], [ 173.672595241693358, -42.414383266375808 ], [ 173.671795177893614, -42.414099955651551 ], [ 173.670952390642441, -42.413824769794374 ], [ 173.670112388402742, -42.413538275964662 ], [ 173.669172537226132, -42.41363387229908 ], [ 173.66820548262109, -42.413839062711013 ], [ 173.667334980396959, -42.413758178553749 ], [ 173.666456990107804, -42.413734011069259 ], [ 173.665570723292802, -42.413599020879722 ], [ 173.66467824545353, -42.413519559221278 ], [ 173.663786771716502, -42.413431126951984 ], [ 173.662914776138393, -42.413435237089523 ], [ 173.662073775837484, -42.413476209270684 ], [ 173.661175182837582, -42.413463022854778 ], [ 173.66031190541932, -42.413663695860762 ], [ 173.659429115615637, -42.413786471180423 ], [ 173.658550561438915, -42.413926158089019 ], [ 173.65765845200383, -42.414011722866917 ], [ 173.656757162973207, -42.414060631227386 ], [ 173.655853612648826, -42.414100593708916 ], [ 173.654953442863103, -42.414153776553349 ], [ 173.654106575053419, -42.414434348674213 ], [ 173.653193042947578, -42.414423300595928 ], [ 173.652287682900663, -42.41444800294272 ], [ 173.651367373562408, -42.414407277588737 ], [ 173.650491326073933, -42.414560244867353 ], [ 173.649611937413852, -42.414698592933689 ], [ 173.648732491650293, -42.414836693395095 ], [ 173.64784418984766, -42.414936034463459 ], [ 173.646962316226706, -42.415063511149135 ], [ 173.646064823616143, -42.415156347600018 ], [ 173.645173179175259, -42.415296807709183 ], [ 173.644315325890943, -42.415497063242739 ], [ 173.643457229245371, -42.415694262507429 ], [ 173.642600196392493, -42.415893741613147 ], [ 173.64175406641786, -42.41611659964866 ], [ 173.640915281458149, -42.416355208251119 ], [ 173.640089788255267, -42.416622320880201 ], [ 173.639241755988024, -42.416841099376562 ], [ 173.638400477127817, -42.41707436037926 ], [ 173.637554147811215, -42.417296790224327 ], [ 173.636695196239572, -42.417492149629119 ], [ 173.635851688409474, -42.417720629360623 ], [ 173.635013112798703, -42.41795968707558 ], [ 173.63415334818103, -42.418153239925552 ], [ 173.633303016749039, -42.418366924555059 ], [ 173.632499704988874, -42.418682130128069 ], [ 173.631650417124007, -42.418898217658764 ], [ 173.630800343191254, -42.419112608281317 ], [ 173.629940476932347, -42.419305865952786 ], [ 173.629067060767142, -42.419469880258106 ], [ 173.628212965549125, -42.419675589214862 ], [ 173.627355273433437, -42.419873534491117 ], [ 173.626496427106787, -42.420068987491199 ], [ 173.625640345839656, -42.420270406862436 ], [ 173.624769341313453, -42.420439616292072 ], [ 173.623908967025812, -42.420632555526282 ], [ 173.623066944083632, -42.420868675332322 ], [ 173.622206535164452, -42.421067198597193 ], [ 173.621342631925103, -42.421255210861233 ], [ 173.620487987938105, -42.421461436296127 ], [ 173.619655307070985, -42.421710868206276 ], [ 173.618795427259755, -42.421906790433447 ], [ 173.617948261757334, -42.422127724403339 ], [ 173.617098009278777, -42.422342583885005 ], [ 173.616242409887434, -42.422546922285733 ], [ 173.615403715143543, -42.422784518353801 ], [ 173.614568734626658, -42.423029421552741 ], [ 173.613718737086515, -42.423244777885969 ], [ 173.612886541684674, -42.423495159750694 ], [ 173.612038498467655, -42.423714359300305 ], [ 173.61120627426871, -42.423964683600602 ], [ 173.610381457888934, -42.424238599747888 ], [ 173.609526299357725, -42.424457451169737 ], [ 173.608695500519644, -42.424711792700059 ], [ 173.607868036641463, -42.424969903438836 ], [ 173.607019337591908, -42.425190767422947 ], [ 173.60619042390465, -42.425446332797591 ], [ 173.605370617620281, -42.425717871706532 ], [ 173.604541895535903, -42.425973771355928 ], [ 173.60371160948381, -42.426226926695797 ], [ 173.602874759804138, -42.426468567744202 ], [ 173.602037284385091, -42.426709109758008 ], [ 173.601196996499226, -42.426944716854095 ], [ 173.600329145476337, -42.427141274127273 ], [ 173.599514702866514, -42.42744016273015 ], [ 173.598673146088458, -42.427687733268826 ], [ 173.597863932381927, -42.427975656240442 ], [ 173.597026779176218, -42.428220204737258 ], [ 173.596199561399658, -42.428480174997731 ], [ 173.595391961252034, -42.428771988195081 ], [ 173.594544441153658, -42.429057194933229 ], [ 173.593746315453984, -42.429410604690808 ], [ 173.59299523191271, -42.42977468473515 ], [ 173.592230869885242, -42.430171639904955 ], [ 173.591523615009606, -42.430636450689754 ], [ 173.590839729274848, -42.431102221522274 ], [ 173.590290511350105, -42.431693712485021 ], [ 173.590004162959332, -42.432371355088641 ] ] } },
{ "type": "Feature", "properties": { "group_id": "nzd0394" }, "geometry": { "type": "LineString", "coordinates": [ [ 173.531716029389798, -42.477281395775933 ], [ 173.531034244780642, -42.477715033476684 ], [ 173.530431817426489, -42.478211893124573 ], [ 173.529705885885164, -42.478647909050814 ], [ 173.529127313548202, -42.479205175644111 ], [ 173.528743652248153, -42.479856211141453 ], [ 173.528181937318379, -42.480510397020723 ] ] } },
{ "type": "Feature", "properties": { "group_id": "nzd0395" }, "geometry": { "type": "LineString", "coordinates": [ [ 171.173462923712748, -42.493738849183572 ], [ 171.173807392165514, -42.49312691388657 ], [ 171.174099554122733, -42.492497692502951 ], [ 171.174387801294017, -42.491867171773073 ], [ 171.174663145060435, -42.49123238214208 ], [ 171.174960332868096, -42.490604802997559 ], [ 171.175239240296662, -42.489971178553951 ], [ 171.175540145133112, -42.489344815333588 ], [ 171.175830447593881, -42.488714943371733 ], [ 171.176097307732533, -42.488077320649658 ], [ 171.176403629036798, -42.48745272879173 ], [ 171.176736712092122, -42.486840327848974 ], [ 171.177064886835296, -42.486229829187742 ], [ 171.177447203505722, -42.485629606781323 ], [ 171.177749035523277, -42.485005736918552 ], [ 171.178111549265367, -42.484397978346387 ], [ 171.178516216934185, -42.483801409914172 ], [ 171.178833553791975, -42.483181639528922 ], [ 171.17911679035825, -42.482552805584852 ], [ 171.179450152750945, -42.481937279194931 ], [ 171.179808434953401, -42.481328365460122 ], [ 171.180016963347128, -42.480679669574528 ], [ 171.180279622595009, -42.480045344972901 ], [ 171.180583929923387, -42.479422076240056 ], [ 171.180878262731824, -42.478796151899431 ], [ 171.181093131773309, -42.47814911473742 ], [ 171.181332884616495, -42.47750868063315 ], [ 171.181620800281053, -42.476881032916438 ], [ 171.181901483791819, -42.47625145795066 ], [ 171.182128953298985, -42.475607742202008 ], [ 171.182352234017543, -42.474964982321971 ], [ 171.18258268879535, -42.474327978729463 ], [ 171.182889727316393, -42.473705376558271 ], [ 171.183154135151142, -42.473072089917459 ], [ 171.183386175474254, -42.472431944453703 ], [ 171.18359473423692, -42.471786821308868 ], [ 171.183913045329376, -42.47116492665117 ], [ 171.184200284926931, -42.470536447521724 ], [ 171.184424769315598, -42.469894676343216 ], [ 171.184704735747374, -42.469264644433508 ], [ 171.184979996691425, -42.468633609840346 ], [ 171.185189911596979, -42.467988734649047 ] ] } },
{ "type": "Feature", "properties": { "group_id": "nzd0396" }, "geometry": { "type": "LineString", "coordinates": [ [ 173.509671226325707, -42.505358972388805 ], [ 173.509261143777564, -42.505952530920929 ], [ 173.508955469022851, -42.506575341215054 ], [ 173.508659476448514, -42.507200858559585 ], [ 173.508396820822611, -42.507845357198171 ], [ 173.50813520699873, -42.508491199823752 ], [ 173.507849957615633, -42.509127124809787 ], [ 173.507709605611012, -42.509791201156901 ], [ 173.507516185803155, -42.510444273210773 ], [ 173.507308403007698, -42.511089566830904 ], [ 173.507065317841352, -42.511731044125241 ], [ 173.506850707282496, -42.512376477294168 ] ] } },
{ "type": "Feature", "properties": { "group_id": "nzd0397" }, "geometry": { "type": "LineString", "coordinates": [ [ 173.502261137136543, -42.525964470031418 ], [ 173.502186442651293, -42.52662428671718 ], [ 173.50216326929251, -42.527287876242269 ], [ 173.502007838927312, -42.527943922451911 ], [ 173.501990446615821, -42.528618839842991 ], [ 173.501979594873092, -42.529290397936457 ], [ 173.501968082652354, -42.529963562245634 ], [ 173.501985903341563, -42.530636472209082 ] ] } },
{ "type": "Feature", "properties": { "group_id": "nzd0399" }, "geometry": { "type": "LineString", "coordinates": [ [ 173.50498685898981, -42.563783900837748 ], [ 173.503849719425375, -42.5637585037842 ], [ 173.502811180742896, -42.564146639323987 ], [ 173.501871684334844, -42.564373962440989 ], [ 173.501468374326549, -42.56513141242479 ], [ 173.500903790499564, -42.565724091456012 ], [ 173.500332629587831, -42.566262287745353 ], [ 173.499733852753565, -42.566755563412116 ], [ 173.499059426996752, -42.567197636857145 ], [ 173.498356668732356, -42.567631479022857 ], [ 173.497692946339129, -42.568099072245765 ], [ 173.497158418545013, -42.568660512566744 ], [ 173.496608600842535, -42.569236914508174 ], [ 173.496061603339371, -42.569801070290737 ], [ 173.495548119793455, -42.570347574186933 ], [ 173.495173500944645, -42.570951269130468 ], [ 173.494826061157596, -42.571569845758269 ], [ 173.494431141416356, -42.572188904385833 ], [ 173.494008757909711, -42.572795001065998 ], [ 173.493685553663539, -42.573412953089743 ], [ 173.493368638166487, -42.574025306875946 ], [ 173.492924212240155, -42.574587769062454 ], [ 173.492381377599315, -42.575120281386759 ], [ 173.491967560520294, -42.575724317288184 ], [ 173.491609949630032, -42.576367083810297 ], [ 173.491404986284749, -42.577036252314777 ], [ 173.49096414731946, -42.577609225084892 ], [ 173.490584290631318, -42.578152414300355 ], [ 173.490292163394969, -42.578746489506869 ], [ 173.489811003941384, -42.579304778880136 ], [ 173.489339362696029, -42.579812460262545 ], [ 173.488763174846213, -42.580259430841089 ], [ 173.488155032262512, -42.580738736396469 ], [ 173.487539285818912, -42.581182957374551 ], [ 173.4868999920173, -42.581617745853883 ], [ 173.486330004286259, -42.582131556209937 ], [ 173.485767776768284, -42.582688417792951 ], [ 173.485205569098184, -42.583296173419228 ], [ 173.484723106057089, -42.583911307218195 ], [ 173.484263589818227, -42.584480019477986 ], [ 173.483931900148008, -42.585116866484057 ], [ 173.483600322555134, -42.585756512858914 ], [ 173.483254705465782, -42.586375132116032 ], [ 173.482906292305188, -42.586984311725963 ], [ 173.482536751114083, -42.587578957578188 ], [ 173.482202322226357, -42.58818690967356 ], [ 173.456700699011037, -42.633888908880706 ], [ 173.456362352009961, -42.634465563342438 ], [ 173.45603890531001, -42.635081639941063 ], [ 173.455653664136491, -42.635684912147788 ], [ 173.455322914713179, -42.636310610515515 ], [ 173.454960959410442, -42.636920264129145 ], [ 173.454603596993195, -42.637526638591659 ], [ 173.454213527968477, -42.638122963808442 ], [ 173.453867886957482, -42.638732925699891 ], [ 173.453553926280222, -42.639351229948566 ], [ 173.453245474560958, -42.639971127143987 ], [ 173.452892532752145, -42.640578397881555 ], [ 173.452586738717628, -42.64120691352089 ], [ 173.452275599198771, -42.641833104254012 ], [ 173.451915239008059, -42.642444209735778 ], [ 173.451558331224248, -42.64306129380045 ], [ 173.451230157824057, -42.643683731787313 ], [ 173.450935250163866, -42.644283172527416 ], [ 173.450589720198707, -42.644857614469963 ], [ 173.450281122050797, -42.645474498958031 ], [ 173.449925910057601, -42.646084190734676 ], [ 173.449573832779379, -42.646705478880463 ], [ 173.449271003523421, -42.64733850184961 ], [ 173.448956242379552, -42.647957358377745 ], [ 173.448610368111474, -42.648567753994683 ], [ 173.448278303149465, -42.649181896049413 ], [ 173.447886783155013, -42.649775713126246 ], [ 173.447612350391836, -42.650400206931401 ], [ 173.447303653692671, -42.651019280634543 ], [ 173.446972951364017, -42.651633653064792 ], [ 173.446637588032132, -42.652254613051454 ], [ 173.446324376984251, -42.652881902632366 ], [ 173.445977061209931, -42.653492764433828 ], [ 173.445627154250843, -42.654090005692225 ], [ 173.445299048769357, -42.654688623374497 ], [ 173.445016088045321, -42.65531589812079 ], [ 173.444656623161819, -42.655921356373753 ], [ 173.444313446341567, -42.65653969951935 ], [ 173.444024602377283, -42.657174995226001 ], [ 173.443725107994084, -42.657798330195611 ], [ 173.443359495258875, -42.658394974401453 ], [ 173.443059011244713, -42.659012460999037 ], [ 173.442764578475931, -42.659639300239256 ], [ 173.442396171454021, -42.660249866469471 ], [ 173.442054343289698, -42.660868790119501 ], [ 173.441757502400833, -42.661490831145876 ], [ 173.441438740335428, -42.662097967289689 ], [ 173.441121588641977, -42.662707457645276 ], [ 173.440768359312216, -42.66331482440772 ], [ 173.44046745669209, -42.663938539893806 ], [ 173.440135737793895, -42.664553472165501 ], [ 173.439810721541448, -42.665174705949063 ], [ 173.439483729497283, -42.665794773328493 ], [ 173.439117512091713, -42.666400168424801 ], [ 173.438759711220087, -42.667002762864726 ], [ 173.438494751945001, -42.667629338419147 ], [ 173.438143567181442, -42.668235994154273 ], [ 173.437825931570103, -42.66885406014773 ], [ 173.437507736904593, -42.66947195298436 ], [ 173.437186634586084, -42.670088970637693 ], [ 173.436850775617728, -42.670701571298558 ], [ 173.436512251523141, -42.671313369303732 ], [ 173.436202199015923, -42.671934786321671 ], [ 173.435890452574711, -42.672556370428602 ], [ 173.43551636737709, -42.673159604140501 ], [ 173.435182110742204, -42.673772823090189 ], [ 173.434863519573014, -42.674390355230699 ], [ 173.434590106579577, -42.675020337800433 ], [ 173.434264249500956, -42.67563571515457 ], [ 173.433941202779323, -42.676251561091249 ], [ 173.433603795330669, -42.676863511049241 ], [ 173.433289629799134, -42.677482245964399 ], [ 173.432984546387104, -42.678103303572271 ], [ 173.432619905052348, -42.678705747138274 ], [ 173.432296906262678, -42.679320221336731 ], [ 173.431982883790454, -42.679939207558917 ], [ 173.431587741593148, -42.680535112023129 ], [ 173.431269951037848, -42.681154925462657 ], [ 173.430934333741618, -42.681768711488196 ], [ 173.430624397792059, -42.682388587319217 ], [ 173.430292107595818, -42.683002189042853 ], [ 173.429977833446117, -42.683620836226424 ], [ 173.429582870059619, -42.684211001867666 ], [ 173.429233286487772, -42.684809837985291 ], [ 173.428880590410301, -42.685414191007197 ], [ 173.42856628224996, -42.686034664361692 ], [ 173.428176849426904, -42.686629848854274 ], [ 173.427864718228648, -42.687252714422982 ], [ 173.427513619051723, -42.687863587482219 ], [ 173.427133151855685, -42.688464143044243 ], [ 173.426747026077294, -42.68906144910499 ], [ 173.426397793046277, -42.689669846642971 ], [ 173.426043598828016, -42.690276745854803 ], [ 173.425699311485175, -42.690884868211434 ], [ 173.425295052925719, -42.691467918532609 ], [ 173.424897973637314, -42.692054062399897 ], [ 173.424487042324756, -42.692641521333705 ], [ 173.424166578462007, -42.693260702928178 ], [ 173.423766314794108, -42.693856175422972 ], [ 173.423374749502443, -42.694455439411499 ], [ 173.423016203034109, -42.695061148883127 ], [ 173.422670499002436, -42.695670627387273 ], [ 173.422313575382276, -42.696276504532179 ], [ 173.421941380436607, -42.696877508317499 ], [ 173.4215707379565, -42.697481665088581 ], [ 173.42121549696131, -42.698090766969955 ], [ 173.420866661249789, -42.698699171662867 ], [ 173.420508473762254, -42.699304725702781 ], [ 173.420169122200377, -42.699916003386129 ], [ 173.419830230119629, -42.700527414847109 ], [ 173.419454511436101, -42.701127618263683 ], [ 173.419117363547485, -42.701739548326195 ], [ 173.418770736118091, -42.70234889362721 ], [ 173.418439764085946, -42.702965195271418 ], [ 173.418092501519197, -42.703576400451404 ], [ 173.41774518680856, -42.704185367428494 ], [ 173.417439984406514, -42.704806534188371 ], [ 173.417104294789993, -42.705418858462707 ], [ 173.416777248185241, -42.706033681755841 ], [ 173.416420253388793, -42.706638160038224 ], [ 173.416112849089075, -42.707254913182396 ], [ 173.415792985398383, -42.707869967839756 ], [ 173.415504269776818, -42.708496998576727 ], [ 173.41515157577399, -42.709104086632756 ], [ 173.414851430857595, -42.709727543792198 ], [ 173.414505718519052, -42.710336795516824 ], [ 173.414161639625377, -42.710950112284706 ], [ 173.41381550141935, -42.711564709747748 ], [ 173.413492840629715, -42.712182808257658 ], [ 173.413181426918499, -42.712798444726147 ], [ 173.412820123941771, -42.713398409569457 ], [ 173.412451939732364, -42.713999833501937 ], [ 173.412099834963357, -42.714607222836598 ], [ 173.41176758815871, -42.715220445957442 ], [ 173.411451503818313, -42.715838012568497 ], [ 173.411102945184581, -42.716445905699494 ], [ 173.410780234069932, -42.717061872765704 ], [ 173.41047484149442, -42.717683061861045 ], [ 173.410101737310868, -42.718284122389242 ], [ 173.40975424588575, -42.718891387930597 ], [ 173.409419763560095, -42.719500673820825 ], [ 173.409057344575785, -42.720102714628979 ], [ 173.40871520828648, -42.720713058940888 ], [ 173.408387722113559, -42.721328061375281 ], [ 173.408053289969018, -42.721940846529137 ], [ 173.407700214414547, -42.722547690419461 ], [ 173.407335993919929, -42.723150980300652 ], [ 173.407006988425337, -42.723766331171703 ], [ 173.406678524201823, -42.724382104664237 ], [ 173.406323291131031, -42.72498879607307 ], [ 173.405912495453919, -42.725578082998005 ], [ 173.405592302008159, -42.726193841899217 ], [ 173.405218368807056, -42.726792333886856 ], [ 173.404860911044295, -42.727397100177043 ], [ 173.404485557700838, -42.727996785382054 ], [ 173.404133236600217, -42.728603814186343 ], [ 173.403771831431641, -42.729207920801606 ], [ 173.403428382492194, -42.72981718569639 ], [ 173.403052691099703, -42.730416094542235 ], [ 173.402722169198142, -42.731030202677459 ], [ 173.402385130547515, -42.731642193241967 ], [ 173.402017982741398, -42.732244421532826 ], [ 173.401654858070856, -42.732847947589917 ], [ 173.40132758506374, -42.733465038196542 ], [ 173.400980562488883, -42.734075910585553 ], [ 173.400622690425024, -42.734681766484641 ], [ 173.400296218429077, -42.735296812271947 ], [ 173.399944622008661, -42.735905036027816 ], [ 173.399601409573563, -42.736515452571972 ], [ 173.399299463450092, -42.737137114403133 ], [ 173.398973673950763, -42.737751981470801 ], [ 173.398650046979753, -42.738367458154265 ], [ 173.39834963494269, -42.738989423104009 ], [ 173.398021698706572, -42.73960286039722 ], [ 173.397717810298417, -42.740223531332589 ], [ 173.397447095703797, -42.740854663757631 ], [ 173.397128873761801, -42.741471769748827 ], [ 173.39686888891157, -42.74210513900411 ], [ 173.396575291173974, -42.74272557120446 ], [ 173.396260672060379, -42.743345126888549 ], [ 173.395996370863713, -42.743975937202165 ], [ 173.395744826175132, -42.744609939052111 ], [ 173.395435514057993, -42.745234109768717 ], [ 173.395138381183671, -42.745860391840885 ], [ 173.394868383700668, -42.746490328708305 ], [ 173.394604888424766, -42.747121141073428 ] ] } },
{ "type": "Feature", "properties": { "group_id": "nzd0400" }, "geometry": { "type": "LineString", "coordinates": [ [ 170.97409662914589, -42.704801624495396 ], [ 170.974798828295093, -42.704380207674454 ], [ 170.975466645536244, -42.703935273947224 ], [ 170.976134702420381, -42.70349049992776 ], [ 170.976835442837967, -42.703068072585552 ], [ 170.977474792865024, -42.702603658827378 ], [ 170.978062897970915, -42.702104197084907 ], [ 170.978622797114269, -42.701585442781351 ], [ 170.979254688293992, -42.70111591651159 ], [ 170.979832297007192, -42.700609265243465 ], [ 170.980427591441696, -42.700114704497501 ], [ 170.98104683326568, -42.699636516227244 ], [ 170.981726735005537, -42.699199805931151 ], [ 170.982292252339079, -42.698682614200024 ], [ 170.982933104687902, -42.698215801236088 ], [ 170.98354138835191, -42.697729209887811 ], [ 170.984133568029307, -42.697232682133432 ], [ 170.984731098611888, -42.696739750925474 ], [ 170.985345363567717, -42.696258075849101 ], [ 170.985933602240834, -42.69575888448415 ], [ 170.986510209470197, -42.695251862760472 ], [ 170.987097243324598, -42.694751852879648 ], [ 170.987737745675418, -42.694287816223081 ], [ 170.988295064930725, -42.693767804535383 ], [ 170.98887993708172, -42.693266328336527 ], [ 170.98947657561007, -42.692772765382244 ], [ 170.990101399303228, -42.692298163189562 ], [ 170.990656442463177, -42.691776604450403 ], [ 170.991218912982561, -42.691260039411134 ], [ 170.991840855419639, -42.690783486696226 ], [ 170.992488761797802, -42.690324399950562 ], [ 170.993059838653664, -42.689813614011626 ], [ 170.993586819720775, -42.689273154121189 ], [ 170.994157211366627, -42.688761899385035 ], [ 170.994730467568189, -42.688252568185895 ], [ 170.995313966742629, -42.687750125106412 ], [ 170.995879944182974, -42.687235888581093 ], [ 170.996475984151004, -42.686741875780122 ], [ 170.997056877353685, -42.686237667540446 ], [ 170.997542175139216, -42.68566913400759 ], [ 170.998082612263403, -42.685137697141741 ], [ 170.998639715338953, -42.684617470108819 ], [ 170.999188538086798, -42.684090896307858 ], [ 170.999702427527041, -42.683540168884292 ], [ 171.000216601499062, -42.682992223858619 ], [ 171.000740717982268, -42.682452033483607 ], [ 171.001316494636598, -42.681945046283452 ], [ 171.001856000297352, -42.681414739988959 ], [ 171.002408638487822, -42.680892871238164 ], [ 171.002938766808938, -42.680356529081564 ], [ 171.003482601676893, -42.679828993445746 ], [ 171.004110507473229, -42.67935549446878 ] ] } },
{ "type": "Feature", "properties": { "group_id": "nzd0404" }, "geometry": { "type": "LineString", "coordinates": [ [ 170.8493929034872, -42.837575739713657 ], [ 170.850126167620118, -42.837194949358782 ], [ 170.850875182392429, -42.836829524014725 ], [ 170.851555822233962, -42.836397382208887 ], [ 170.852209318136033, -42.835938753784042 ], [ 170.852901905875569, -42.835518264775729 ], [ 170.853586052304479, -42.835089537190285 ], [ 170.854319012115212, -42.834708433503216 ], [ 170.855037254459376, -42.834312967407193 ], [ 170.855761023232418, -42.833922890505377 ], [ 170.856467258770408, -42.833515704232653 ], [ 170.857167605238402, -42.833084981490238 ], [ 170.857848810998632, -42.83262947586087 ], [ 170.858490429163197, -42.83214891774805 ], [ 170.859118647891222, -42.831670617448786 ], [ 170.859731885897503, -42.831184153442919 ], [ 170.860326333917016, -42.830687451218516 ], [ 170.86092707826009, -42.830194173301848 ], [ 170.861509895526524, -42.829691127222013 ], [ 170.862104815190548, -42.829194667536335 ], [ 170.862599324004549, -42.828643517966206 ], [ 170.863114540221375, -42.828103641299769 ], [ 170.863680216069355, -42.827591240995403 ], [ 170.864193962008756, -42.827050554300428 ], [ 170.864704022346928, -42.826507855734057 ], [ 170.865259240304823, -42.825989745936354 ], [ 170.865740708965916, -42.82543146669525 ], [ 170.866239370313906, -42.824882546159465 ], [ 170.866733746849974, -42.824331287412839 ], [ 170.867228312869457, -42.823780127213766 ], [ 170.867747848888683, -42.823242561365518 ], [ 170.868211690475277, -42.822674658928108 ], [ 170.868723693452836, -42.822132981198948 ], [ 170.869144949423088, -42.821541876667155 ], [ 170.869632794817306, -42.82098703305558 ], [ 170.870114211081244, -42.820428683382694 ], [ 170.870556645563624, -42.819849098901258 ], [ 170.871016873020096, -42.819279200082519 ], [ 170.871485499416536, -42.81871387080237 ], [ 170.871932163950561, -42.818136575977242 ], [ 170.872412303675418, -42.817574650033706 ], [ 170.872839150471009, -42.816985197869741 ], [ 170.891007539275563, -42.790494657373252 ], [ 170.891379119032081, -42.789894357349802 ], [ 170.891721524941829, -42.789283667976846 ] ] } },
{ "type": "Feature", "properties": { "group_id": "nzd0405" }, "geometry": { "type": "LineString", "coordinates": [ [ 173.362337410300341, -42.801461158771765 ], [ 173.361547431480716, -42.801872204427063 ], [ 173.361278236463676, -42.802628011159499 ] ] } },
{ "type": "Feature", "properties": { "group_id": "nzd0406" }, "geometry": { "type": "LineString", "coordinates": [ [ 173.334790653189998, -42.827370082302679 ], [ 173.334156566323372, -42.827836759663832 ], [ 173.333539275240156, -42.828332090782929 ], [ 173.332989513130656, -42.828883169234928 ], [ 173.332441788281017, -42.829420803567629 ], [ 173.331920236203956, -42.829965731828935 ], [ 173.331372178306538, -42.830524620497258 ], [ 173.330815033212076, -42.831082474995647 ], [ 173.330267802275529, -42.831617280576651 ], [ 173.32979373866857, -42.832177814704799 ], [ 173.329455102328353, -42.832793311025732 ] ] } },
{ "type": "Feature", "properties": { "group_id": "nzd0407" }, "geometry": { "type": "LineString", "coordinates": [ [ 173.321460551514178, -42.84091621798288 ], [ 173.320850005691113, -42.841410729877097 ], [ 173.32036291446903, -42.841964893979295 ], [ 173.319925932327919, -42.842548868657133 ], [ 173.319469103333773, -42.843122011792005 ], [ 173.319022367470922, -42.843704986019816 ], [ 173.318594494211055, -42.844295830049234 ], [ 173.318168688765354, -42.84487655677998 ], [ 173.317779620718824, -42.845463735480216 ], [ 173.317356417294206, -42.846037223524085 ], [ 173.316930514789817, -42.846616376582439 ], [ 173.316544079900154, -42.847220522688545 ], [ 173.316099273697318, -42.84780331329425 ], [ 173.315661645032804, -42.848380750873353 ], [ 173.315285000281563, -42.848985660453415 ], [ 173.314938247431428, -42.849602539335933 ], [ 173.314624903136007, -42.850222691070556 ], [ 173.314198124496727, -42.850806672199909 ], [ 173.313862537621617, -42.851417771500813 ], [ 173.31354231661004, -42.852033354804171 ], [ 173.313103322954163, -42.852613760488396 ], [ 173.312802728155276, -42.853234950455182 ], [ 173.312385171433789, -42.853821662267571 ], [ 173.312123572200647, -42.854448581418922 ], [ 173.311847292316884, -42.855071482272507 ], [ 173.311558594843518, -42.855696676136205 ], [ 173.311177501143675, -42.85630588504651 ], [ 173.310838028770718, -42.856935087387704 ], [ 173.310556964289674, -42.857568115829892 ], [ 173.310307818565661, -42.858196901532033 ], [ 173.310013816790871, -42.858813690755916 ], [ 173.309695404048455, -42.859428406068332 ], [ 173.309490942573888, -42.860076026111294 ], [ 173.309342986000843, -42.860741614035653 ], [ 173.309046577964352, -42.861372982635949 ], [ 173.308780064126381, -42.862004916858169 ], [ 173.308561437116765, -42.862657530036671 ], [ 173.308492206347694, -42.863327944951081 ], [ 173.308353286803509, -42.863981501132393 ], [ 173.308264769708217, -42.864652765080649 ], [ 173.308193692772619, -42.865324019626406 ], [ 173.308173098066248, -42.86598744525844 ], [ 173.308184115486341, -42.866655178126443 ], [ 173.30825475838887, -42.867322366892374 ], [ 173.308393682318354, -42.86797882700305 ] ] } },
{ "type": "Feature", "properties": { "group_id": "nzd0408" }, "geometry": { "type": "LineString", "coordinates": [ [ 173.310161026866723, -42.871442929710106 ], [ 173.309913283239325, -42.872081743617201 ], [ 173.309905421260765, -42.872758262412148 ], [ 173.30983481963969, -42.873428731810577 ], [ 173.309883370402758, -42.874089006916044 ] ] } },
{ "type": "Feature", "properties": { "group_id": "nzd0409" }, "geometry": { "type": "LineString", "coordinates": [ [ 170.782145328234606, -42.892515978304672 ], [ 170.78281239441452, -42.892065722762027 ], [ 170.783494340440683, -42.891611960158819 ], [ 170.784145757814457, -42.891105885803718 ], [ 170.784758708969633, -42.890595715646576 ], [ 170.785391029104289, -42.89012833814953 ], [ 170.786014665946567, -42.88965451531805 ], [ 170.786644021453412, -42.889184931288007 ], [ 170.787226839320311, -42.888680819799035 ], [ 170.787818105281701, -42.888182972036589 ], [ 170.823871645706589, -42.857158628948206 ], [ 170.824411665645442, -42.85663188807051 ], [ 170.824901066567691, -42.8560519269124 ], [ 170.825457261261903, -42.855524544356513 ], [ 170.825974706342976, -42.854967007164738 ], [ 170.826536647344085, -42.85444408943814 ], [ 170.827078830630342, -42.85390579483321 ], [ 170.82762189031763, -42.85336817894671 ], [ 170.828157617407328, -42.852824854273088 ], [ 170.828731603624334, -42.852311296199836 ], [ 170.829264980426274, -42.851819623567387 ], [ 170.829734305153693, -42.851336956257803 ], [ 170.830287487552255, -42.850858552528848 ], [ 170.830817787833098, -42.850326265088626 ], [ 170.831338840092513, -42.849788529447203 ], [ 170.831894499685347, -42.849271160917858 ], [ 170.832457407323972, -42.848758054514697 ], [ 170.832974968357377, -42.848218250638347 ], [ 170.833507148948314, -42.847687048118551 ], [ 170.834040795718238, -42.847156704275392 ], [ 170.834583030371221, -42.846631411261235 ], [ 170.835103622685182, -42.846093374215187 ], [ 170.835679094450114, -42.845587637256216 ], [ 170.836267216469054, -42.845089342334198 ], [ 170.836849877580448, -42.844587828428871 ], [ 170.837453914296475, -42.844098892596278 ], [ 170.838129343473327, -42.843651976497043 ], [ 170.838788367813606, -42.843195399111387 ], [ 170.83945328871647, -42.842742287869022 ], [ 170.840192854555369, -42.842333109882986 ], [ 170.840966336824238, -42.841904715043768 ], [ 170.841729480336681, -42.841499611580325 ], [ 170.842427953795095, -42.841080351312009 ], [ 170.843194468649699, -42.840732034336014 ], [ 170.843927356300441, -42.840350901688282 ], [ 170.844659268791162, -42.839968814569914 ], [ 170.845463072603934, -42.839656872600678 ], [ 170.846202057352599, -42.839281679869025 ], [ 170.846867573994814, -42.83883479843719 ], [ 170.847647952753135, -42.838499989622669 ], [ 170.848354245710311, -42.838092889788662 ], [ 170.849096123878979, -42.837720508539846 ] ] } },
{ "type": "Feature", "properties": { "group_id": "nzd0410" }, "geometry": { "type": "LineString", "coordinates": [ [ 173.31312381483994, -42.88592082118582 ], [ 173.312535383624351, -42.886508533199688 ], [ 173.311728991799782, -42.886799552975539 ], [ 173.31093850649782, -42.887130200512921 ] ] } },
{ "type": "Feature", "properties": { "group_id": "nzd0412" }, "geometry": { "type": "LineString", "coordinates": [ [ 173.266576838492512, -42.928569535165863 ], [ 173.266029296612913, -42.929088816135177 ], [ 173.265435910144049, -42.929579821103438 ], [ 173.264885289362326, -42.93009796370324 ], [ 173.26430368331782, -42.930599583703923 ], [ 173.263776354814183, -42.931133029616383 ], [ 173.263216807280486, -42.93164757693593 ], [ 173.262631561414224, -42.932147049588629 ], [ 173.262067439534007, -42.932658040252164 ], [ 173.261518904898793, -42.933176917881212 ], [ 173.260938066721224, -42.933677277903271 ], [ 173.260420732556696, -42.934218022926615 ], [ 173.25985544698338, -42.934729301135519 ], [ 173.259332609034857, -42.935266656288903 ], [ 173.258765547733333, -42.935776835255567 ], [ 173.258203899793784, -42.936290336247922 ], [ 173.25766603113334, -42.936818443828194 ], [ 173.257065005455473, -42.937307741776308 ], [ 173.256522302291984, -42.937828942483669 ], [ 173.255979979228897, -42.938344141207409 ], [ 173.255454522396519, -42.938894013394204 ], [ 173.25494103530059, -42.939447447556041 ], [ 173.254568360104344, -42.940045906670008 ], [ 173.254194802296411, -42.940644077651982 ], [ 173.253807892678111, -42.941221798942344 ], [ 173.25342295558093, -42.941799839948544 ], [ 173.253103474839747, -42.942422256836494 ], [ 173.252591076782949, -42.942890277971486 ], [ 173.251868978421442, -42.943156266792528 ], [ 173.251120384057401, -42.94351761750135 ], [ 173.250372765982462, -42.943882783741344 ], [ 173.2496885504045, -42.944349472186232 ], [ 173.249038326942269, -42.944824403500363 ], [ 173.248467540706287, -42.945342239417883 ], [ 173.247910455079108, -42.945860627662242 ], [ 173.247405237227809, -42.946408913662452 ], [ 173.246850072734873, -42.946929461579536 ], [ 173.246338184356574, -42.947470061892631 ], [ 173.245742248328327, -42.947971240847245 ], [ 173.245205969403372, -42.948502491941987 ], [ 173.245449464275595, -42.949400343974887 ] ] } },
{ "type": "Feature", "properties": { "group_id": "nzd0413" }, "geometry": { "type": "LineString", "coordinates": [ [ 170.678862741806967, -42.947706185706167 ], [ 170.679513970040034, -42.947244492284526 ], [ 170.680204042513054, -42.946821579147468 ], [ 170.680897260136049, -42.946401803792938 ], [ 170.681614512334079, -42.946006022054533 ], [ 170.682283006619855, -42.945561558334532 ], [ 170.682980748179659, -42.945146292516363 ], [ 170.683663061379519, -42.944715620924654 ], [ 170.684328662611819, -42.944267957000413 ], [ 170.685066060714462, -42.943893998901281 ], [ 170.685764328874512, -42.943456826327342 ], [ 170.68645698511466, -42.943012262090946 ], [ 170.687178259614512, -42.942606444479651 ], [ 170.687890039171009, -42.942187771384688 ], [ 170.688614508934592, -42.941786279261891 ], [ 170.689352337280042, -42.941402872638051 ], [ 170.690057586524262, -42.940975357601069 ], [ 170.69078960301357, -42.940584081602935 ], [ 170.691532782891812, -42.940207918600827 ], [ 170.69230776638156, -42.939874811671594 ], [ 170.693096224370152, -42.939559945265053 ], [ 170.693900656844534, -42.93926670331188 ] ] } },
{ "type": "Feature", "properties": { "group_id": "nzd0414" }, "geometry": { "type": "LineString", "coordinates": [ [ 170.499768001764778, -43.01754724724605 ], [ 170.500661855053011, -43.017612299749615 ], [ 170.501569133968246, -43.017593251611679 ], [ 170.502482776871062, -43.017534325235438 ], [ 170.503390445838107, -43.017512810230748 ], [ 170.504310822185573, -43.017411667411189 ], [ 170.505210511351521, -43.017440126138943 ], [ 170.506080113161431, -43.017657113707969 ], [ 170.507010280810562, -43.01749457953504 ], [ 170.507887569212471, -43.017663410165447 ], [ 170.508767286663499, -43.017817029515406 ], [ 170.509616183662303, -43.01816383148811 ], [ 170.51049615441255, -43.018315895459011 ], [ 170.51137263239724, -43.018489863741628 ], [ 170.512339189854401, -43.018626211622788 ], [ 170.513333323067769, -43.018706813532262 ], [ 170.514224016081499, -43.018571274275935 ], [ 170.51511930985302, -43.018518775622923 ], [ 170.516017521853399, -43.018495976902642 ], [ 170.516912938667957, -43.018444724312317 ], [ 170.517794235917989, -43.018249790409051 ], [ 170.51868865463166, -43.018188392859159 ], [ 170.519588524787537, -43.01818245794005 ], [ 170.520487873369632, -43.018171206205345 ], [ 170.521375404139292, -43.018039735424779 ], [ 170.522260140580187, -43.017879857801617 ], [ 170.523212304762779, -43.01776203491174 ], [ 170.524173091047402, -43.017595375002202 ], [ 170.525070608965592, -43.017412899380162 ], [ 170.525942631552823, -43.017248025116295 ], [ 170.526772890694417, -43.016993640052419 ], [ 170.527584278637846, -43.016698811039078 ], [ 170.528415204223677, -43.016445855490318 ], [ 170.529228555169908, -43.016155235982779 ], [ 170.53006849187895, -43.015921592897016 ], [ 170.530894654051224, -43.015658430199608 ], [ 170.531727667489037, -43.015409950220715 ], [ 170.532553881310008, -43.015146899081891 ], [ 170.533354207877323, -43.014807070152415 ], [ 170.534137670312191, -43.014449678145333 ], [ 170.534907228687587, -43.014094242755625 ], [ 170.535720370912941, -43.013815287661167 ], [ 170.536539113223682, -43.013545353747936 ], [ 170.537361527480357, -43.013281334160844 ], [ 170.538160337173167, -43.012979283099526 ], [ 170.538985345282612, -43.012719439299893 ], [ 170.539818794098153, -43.012473192122407 ], [ 170.54064197544389, -43.012210401235755 ], [ 170.541436150681619, -43.011900878853538 ], [ 170.542248376288597, -43.011620435098337 ], [ 170.543056556108013, -43.011333472237084 ], [ 170.543844520196615, -43.011013941270996 ], [ 170.54463953052516, -43.010705761007081 ], [ 170.545423902653908, -43.010380442653066 ], [ 170.546212970897301, -43.010062689027329 ] ] } },
{ "type": "Feature", "properties": { "group_id": "nzd0415" }, "geometry": { "type": "LineString", "coordinates": [ [ 173.142394423141354, -42.986988020081128 ], [ 173.141701072834309, -42.987405836400185 ], [ 173.140974538427542, -42.987794318040201 ], [ 173.140190179542998, -42.98815913609581 ], [ 173.139460757672396, -42.988601543250844 ], [ 173.138908521758395, -42.989151621835738 ], [ 173.138333019534031, -42.989659151179083 ], [ 173.137809463180645, -42.990215873304649 ], [ 173.137039060652398, -42.990605372094493 ], [ 173.136461639667232, -42.991111536891623 ], [ 173.135587474635457, -42.991420418218382 ], [ 173.13528585546419, -42.992117346040366 ], [ 173.13490558548915, -42.992753728158881 ], [ 173.134266446042432, -42.993219388937419 ], [ 173.13363591925372, -42.993693018210408 ], [ 173.132989527604735, -42.994177762694889 ], [ 173.132383597073755, -42.994687329572592 ], [ 173.131918586807899, -42.99525229609489 ], [ 173.131417958539004, -42.995798370938545 ], [ 173.130899963062689, -42.996330437492375 ], [ 173.130360003161968, -42.996850135549764 ], [ 173.12987822956228, -42.997406711893234 ], [ 173.129405164947968, -42.997968601921443 ], [ 173.128691895269554, -42.998406919753968 ], [ 173.128230863247126, -42.998981901194092 ], [ 173.127725516908299, -42.999525328484289 ], [ 173.1272375976192, -43.000076028312549 ], [ 173.126699063354266, -43.000598302790848 ], [ 173.126326248471173, -43.001211068260041 ], [ 173.125779547137711, -43.001732561098294 ], [ 173.125317685127868, -43.002299523551812 ], [ 173.124616522739188, -43.00273821540145 ], [ 173.12396134308932, -43.003198514537281 ], [ 173.123526605116211, -43.003766257100686 ], [ 173.122968889360806, -43.004269369486217 ], [ 173.122392462090772, -43.004773284642731 ], [ 173.121859374658015, -43.005303079403987 ], [ 173.121275849936808, -43.005802747329042 ], [ 173.120724813633615, -43.006321814091173 ], [ 173.120161341889485, -43.006833014130841 ], [ 173.119646800174877, -43.007366910631156 ], [ 173.119042618257708, -43.007846479009238 ], [ 173.118445973328562, -43.008337609837987 ], [ 173.117870168236664, -43.008841982448075 ], [ 173.11734377307431, -43.009377756014544 ], [ 173.116805684920848, -43.009906975016108 ], [ 173.116244743609087, -43.010429611952972 ], [ 173.115642636918921, -43.010927607840237 ], [ 173.115039121944079, -43.011416920784704 ], [ 173.114541319073481, -43.011965592915175 ], [ 173.113994577133099, -43.012486778436411 ], [ 173.113437601907634, -43.013002212935724 ], [ 173.112921695371028, -43.013540705538858 ], [ 173.112402533002466, -43.014077365378647 ], [ 173.111393216084139, -43.014338767749869 ], [ 173.111173893869733, -43.01504379871475 ], [ 173.110729989929922, -43.015622707583937 ], [ 173.110159075450582, -43.016127617620164 ], [ 173.109534594501952, -43.016597396276268 ], [ 173.108929522905328, -43.017080345500709 ], [ 173.10837019366187, -43.017594379001331 ], [ 173.107790157238298, -43.018096013009718 ], [ 173.107260558945654, -43.018627835024262 ], [ 173.106666860956125, -43.019121282816286 ], [ 173.106102495749724, -43.019632284981917 ], [ 173.105553018311014, -43.020152194772031 ], [ 173.10500962515286, -43.020675742422966 ], [ 173.104450138054034, -43.021189652035829 ], [ 173.103897214464382, -43.021707486374517 ], [ 173.103372768732442, -43.022250389206654 ], [ 173.102836603956803, -43.022792529727923 ], [ 173.102303048876763, -43.023330140272606 ], [ 173.101775442093611, -43.023862426695715 ], [ 173.101236107496277, -43.024389043914574 ], [ 173.100724140854823, -43.024928874424162 ], [ 173.100242317630119, -43.025483258726197 ], [ 173.099801958338617, -43.026057664360984 ], [ 173.099343765237222, -43.026623451691897 ], [ 173.098850193046815, -43.02717214677449 ], [ 173.098352688718592, -43.02771893782738 ], [ 173.097882337998072, -43.028278838577499 ], [ 173.097416440104951, -43.028841402481127 ], [ 173.096976831176221, -43.029417638458696 ], [ 173.096537873123026, -43.02999309312024 ], [ 173.0960884117425, -43.030562429337714 ], [ 173.095624399998627, -43.031124963421917 ], [ 173.095114325462646, -43.031665974569947 ], [ 173.094616989927403, -43.03221293167541 ] ] } },
{ "type": "Feature", "properties": { "group_id": "nzd0417" }, "geometry": { "type": "LineString", "coordinates": [ [ 173.044339938871758, -43.046198405013392 ], [ 173.043550160051211, -43.046542071759319 ], [ 173.042696187177, -43.046752743271284 ], [ 173.041900864262999, -43.047062787248038 ], [ 173.041033126256366, -43.047279258254768 ], [ 173.040144517773598, -43.047496018590813 ], [ 173.03947078447672, -43.047994386968966 ], [ 173.038653115192943, -43.048268653597169 ], [ 173.03793316198076, -43.048679712118648 ], [ 173.037063327907049, -43.048906751038508 ], [ 173.03618218988052, -43.049129458969219 ], [ 173.035359850432087, -43.049403412934581 ], [ 173.034686538218494, -43.049860052253642 ], [ 173.033881327783291, -43.050155000222844 ], [ 173.033014677226703, -43.050382839695125 ], [ 173.032321495982444, -43.050839800677998 ], [ 173.03167031844896, -43.051328416513762 ], [ 173.030850914469795, -43.051613206586723 ], [ 173.030238845289432, -43.052126587785459 ], [ 173.029425004713772, -43.052430169880232 ], [ 173.028688526631328, -43.052818396524266 ], [ 173.027892527213766, -43.053133638958343 ], [ 173.027087584441972, -43.05343944446561 ] ] } },
{ "type": "Feature", "properties": { "group_id": "nzd0420" }, "geometry": { "type": "LineString", "coordinates": [ [ 172.938788016910138, -43.085407339331653 ], [ 172.938016586661888, -43.085750613716577 ], [ 172.937506971802492, -43.086343943772725 ], [ 172.936787982751923, -43.086737299891574 ], [ 172.936123680578419, -43.087182884841276 ], [ 172.935469385770858, -43.08763802565317 ], [ 172.93476849537376, -43.088051670344321 ], [ 172.9340733390259, -43.0884725694848 ], [ 172.933368885095518, -43.088881658919924 ], [ 172.932654619179601, -43.089317784986292 ], [ 172.931895158021717, -43.089737577362662 ], [ 172.931172258672063, -43.090156803693333 ], [ 172.930455349414387, -43.090560078590954 ] ] } },
{ "type": "Feature", "properties": { "group_id": "nzd0421" }, "geometry": { "type": "LineString", "coordinates": [ [ 172.892412837696071, -43.096920566957429 ], [ 172.891516598163747, -43.097040080609929 ], [ 172.890583300475186, -43.097085025616302 ], [ 172.889875362614902, -43.097583410928571 ], [ 172.888989028808055, -43.097806190533909 ], [ 172.887938212686095, -43.098021059239272 ], [ 172.887008129877074, -43.09839127550606 ], [ 172.886457356291061, -43.098944924121923 ], [ 172.885732289025015, -43.099332412493716 ], [ 172.885096178539897, -43.099804703341789 ], [ 172.884452830942678, -43.100270092756141 ], [ 172.883724807577636, -43.100667165470938 ], [ 172.883055707393339, -43.101142962009135 ], [ 172.882291801484541, -43.101525965734432 ], [ 172.881624686235824, -43.101965262345693 ], [ 172.880920024133729, -43.102373566746579 ], [ 172.880216014563615, -43.102782406377287 ], [ 172.879617487883507, -43.103278303284682 ], [ 172.878989662607381, -43.103750015705927 ], [ 172.878367262397347, -43.104226202840479 ], [ 172.877706361809771, -43.104670610558429 ], [ 172.877004253227341, -43.10508100377988 ], [ 172.876337943092466, -43.105555919676554 ], [ 172.875734222098998, -43.106079753682195 ], [ 172.875092238630856, -43.106545270996293 ], [ 172.874454341748191, -43.107007652831065 ], [ 172.873804930162123, -43.107462153915414 ], [ 172.873175513538399, -43.10793032918545 ], [ 172.872556587997309, -43.108405677359443 ], [ 172.871935240932402, -43.108879365244768 ], [ 172.8713192853929, -43.109356737584804 ], [ 172.870658460387091, -43.109803411744714 ], [ 172.869976129806389, -43.110246480352302 ], [ 172.869268241436913, -43.110686197575255 ], [ 172.86872820667989, -43.111223726306001 ], [ 172.868111687065408, -43.111701535601924 ], [ 172.867547857339787, -43.112212547613339 ], [ 172.866913049824348, -43.112678823123574 ], [ 172.866310040648159, -43.113165134865362 ], [ 172.865694523184828, -43.113643559360931 ], [ 172.865140256763453, -43.114160582388514 ], [ 172.864547806801312, -43.114653536746438 ], [ 172.863958829660731, -43.115148675753083 ], [ 172.863386332387819, -43.1156541969602 ], [ 172.862833904038155, -43.116172362357922 ], [ 172.862299443404339, -43.116701847693662 ], [ 172.861782507461783, -43.117235913752829 ], [ 172.861224580502096, -43.117725315964023 ], [ 172.860888515521765, -43.118378791984433 ], [ 172.860409286393434, -43.118951834682932 ], [ 172.859556010468339, -43.119263036216502 ], [ 172.85894366452581, -43.119742888166321 ] ] } },
{ "type": "Feature", "properties": { "group_id": "nzd0423" }, "geometry": { "type": "LineString", "coordinates": [ [ 170.16989828233568, -43.214325624963521 ], [ 170.170465519409561, -43.213818190227364 ], [ 170.171059335256189, -43.213326326270007 ], [ 170.171628849092144, -43.212820216760569 ], [ 170.172188769280069, -43.212308480893498 ], [ 170.172748668290183, -43.211796728163506 ], [ 170.173289087594213, -43.211273555884311 ], [ 170.173841502445697, -43.210757408557981 ], [ 170.174408130306318, -43.210249585586254 ], [ 170.174963056446074, -43.209734900975995 ], [ 170.17550245471665, -43.209210336877824 ], [ 170.175981559097977, -43.208650984933755 ], [ 170.176517766064649, -43.208125385082823 ], [ 170.177086204409363, -43.207618431723041 ], [ 170.177589284659206, -43.207074227195655 ], [ 170.178101610298739, -43.206535286970116 ], [ 170.178636291047781, -43.206009082080847 ], [ 170.179107856601547, -43.205446904252163 ], [ 170.179624867967249, -43.204910620820669 ], [ 170.180182516685477, -43.204397491502988 ], [ 170.180653834655288, -43.203835159054847 ], [ 170.181170476094564, -43.203297487215309 ], [ 170.181650920018882, -43.202736052084973 ], [ 170.182137476856838, -43.20217844461537 ], [ 170.182676208955286, -43.201653471541611 ], [ 170.183189724032701, -43.201113116872158 ], [ 170.183693072607014, -43.200566558401462 ], [ 170.184217167549861, -43.200032646791989 ], [ 170.184829106179961, -43.19955229789533 ], [ 170.185406963259396, -43.199051161752536 ], [ 170.185960703366703, -43.198538486514629 ], [ 170.186514360451383, -43.198027046872504 ], [ 170.187102677875345, -43.197532741215156 ], [ 170.18767600833803, -43.197028714770738 ], [ 170.188284530183353, -43.196545241310517 ], [ 170.188920229788408, -43.196077639408223 ], [ 170.18947302182417, -43.195561601680438 ], [ 170.190109533143414, -43.195094464722516 ], [ 170.190731228891138, -43.194618668473559 ], [ 170.191342541074278, -43.194137187591146 ], [ 170.191933935885487, -43.193646312720432 ], [ 170.192473590215059, -43.193123897631516 ], [ 170.193027450765953, -43.192608054162037 ], [ 170.193527327043142, -43.192059246084099 ], [ 170.194077861183644, -43.19153775053487 ], [ 170.194647336979017, -43.191026065192823 ], [ 170.195139249638771, -43.190476290534519 ], [ 170.195638258246902, -43.189931493578456 ], [ 170.19614478739777, -43.189390617063133 ], [ 170.196675824689777, -43.188862527415935 ], [ 170.197193200403092, -43.188327302491203 ], [ 170.197667405852684, -43.187769540684116 ], [ 170.198133602395444, -43.187207480588079 ], [ 170.198594671277135, -43.186642433770231 ], [ 170.199047109335396, -43.186074004405206 ], [ 170.199541432669776, -43.185527126884153 ], [ 170.200041759279856, -43.184983269423114 ], [ 170.200543405751858, -43.184440072110355 ], [ 170.201026730564109, -43.183887637850162 ], [ 170.201493028248535, -43.183326618934508 ], [ 170.202011510560197, -43.182791890248055 ], [ 170.202533957155794, -43.182259154184209 ], [ 170.202939190395028, -43.181667700860309 ], [ 170.203434471032125, -43.181122301889133 ], [ 170.203892566784162, -43.180559173233611 ], [ 170.204295040164567, -43.179970536079672 ], [ 170.204709868933918, -43.179387492218993 ], [ 170.205175229908718, -43.178827340678268 ], [ 170.205594613071156, -43.17824635006928 ], [ 170.206028769360842, -43.177672048347716 ], [ 170.206443342257643, -43.177088867571918 ], [ 170.206845461363912, -43.17650046311644 ], [ 170.207282660677151, -43.175932497495204 ], [ 170.207706085107702, -43.175358917919034 ], [ 170.208128521412021, -43.174780615273207 ], [ 170.208568492763732, -43.174209635203525 ], [ 170.208976866352998, -43.173625444788435 ], [ 170.209453786961205, -43.173069895212812 ], [ 170.20995209166847, -43.172523276749153 ], [ 170.210444394073619, -43.171974144434813 ], [ 170.210991485120388, -43.171447903085287 ], [ 170.211388249217293, -43.170858972279987 ], [ 170.211873695443103, -43.17030649822825 ], [ 170.212267072089475, -43.169716642895217 ], [ 170.212689680525386, -43.169138605859843 ], [ 170.213084090482766, -43.168549159392562 ], [ 170.213440744900936, -43.167944438393349 ], [ 170.213830486247105, -43.16735309275662 ], [ 170.214226783234437, -43.166764392803529 ], [ 170.21461326865878, -43.166171719327252 ], [ 170.214988032672721, -43.165578806435903 ], [ 170.215426596282327, -43.165011157194478 ], [ 170.215837845443588, -43.164428941651494 ], [ 170.216268267671609, -43.163852678717156 ], [ 170.216649731807138, -43.163259653192426 ], [ 170.217067305463047, -43.162678980890846 ], [ 170.217494602375979, -43.162101630666292 ], [ 170.217868798632622, -43.16150610000291 ], [ 170.218284882714244, -43.160924900275759 ], [ 170.218666836976581, -43.160330824476631 ], [ 170.219035929635396, -43.159732332206246 ], [ 170.219376811964281, -43.159125670063887 ], [ 170.21975038977078, -43.158529929221217 ], [ 170.220072592677383, -43.157917163781811 ], [ 170.220426150087491, -43.157314779010584 ], [ 170.220776380399855, -43.15671128614121 ], [ 170.221095043444421, -43.156097330152463 ] ] } },
{ "type": "Feature", "properties": { "group_id": "nzd0424" }, "geometry": { "type": "LineString", "coordinates": [ [ 172.819183235005568, -43.132863665254483 ], [ 172.81859947568384, -43.133370072962791 ], [ 172.817778938226496, -43.133685075309678 ], [ 172.817091704736157, -43.13410783194491 ], [ 172.816471016332713, -43.134584378425423 ], [ 172.815855632339719, -43.135065209863583 ], [ 172.815226409393858, -43.135534934290085 ], [ 172.782180846218324, -43.170786974893609 ], [ 172.78172546894487, -43.171352588518275 ], [ 172.781286273131087, -43.171924383385516 ], [ 172.78086993104364, -43.172504910528033 ], [ 172.780405183555871, -43.17306692506601 ], [ 172.77999346188659, -43.173649207725227 ], [ 172.779556968035735, -43.174222013596825 ], [ 172.779153930405613, -43.174807605408262 ], [ 172.778733364208477, -43.175386489922751 ], [ 172.778319523669353, -43.17596794035429 ], [ 172.777904434729265, -43.176548907951975 ], [ 172.777480758716791, -43.177126586910035 ], [ 172.777036081071742, -43.177696230758919 ], [ 172.77661532023069, -43.178275286266675 ], [ 172.776231986057724, -43.17887337047366 ], [ 172.775804779128265, -43.179454719352307 ], [ 172.775394694591597, -43.180037581057846 ], [ 172.774962812104746, -43.180612497665926 ], [ 172.774584539018321, -43.181206934791561 ], [ 172.774196282062917, -43.181797729837477 ], [ 172.773782909803458, -43.182379371530253 ], [ 172.773375479431962, -43.182963171797105 ], [ 172.773005187849151, -43.183560493385343 ], [ 172.772590296693437, -43.184141564956732 ], [ 172.772191319851345, -43.184728427309665 ], [ 172.771777389048196, -43.185309837408759 ], [ 172.771366900281578, -43.185892495557638 ], [ 172.770982910714935, -43.186484799736753 ], [ 172.770581051676515, -43.18707058976959 ], [ 172.770199140583827, -43.187665432113228 ], [ 172.769830510062832, -43.188271374158468 ], [ 172.76946393120727, -43.188875803096238 ], [ 172.769095184240541, -43.189473061487206 ], [ 172.768703858823358, -43.190062736794765 ], [ 172.768346490848984, -43.190663802311221 ], [ 172.767976914377613, -43.191260764871302 ], [ 172.767637654992257, -43.191867895874182 ], [ 172.767263958866664, -43.192463464244661 ], [ 172.766936972867057, -43.193074702406214 ], [ 172.766507092389588, -43.193651404060226 ], [ 172.766122240937051, -43.194243211350461 ], [ 172.765780241637344, -43.194849393674104 ], [ 172.76544795752443, -43.195460407628467 ], [ 172.765083047848748, -43.196064691244366 ], [ 172.764670293189965, -43.196652623137702 ], [ 172.764310850791276, -43.1972528150865 ], [ 172.763921259718501, -43.197843634520559 ], [ 172.763619950541027, -43.198461875321925 ], [ 172.763320840468253, -43.199080793282882 ], [ 172.76296177162115, -43.199680791320198 ], [ 172.762620564475327, -43.2002857548826 ], [ 172.762254141792681, -43.200883107257916 ], [ 172.761888531964019, -43.201481299453249 ], [ 172.761510125840061, -43.202075464261306 ], [ 172.761173504798847, -43.202682754825666 ], [ 172.760838123593174, -43.203290429062811 ], [ 172.760477034980369, -43.203890018388336 ], [ 172.760116966723416, -43.204489922443884 ], [ 172.759791295680657, -43.205100630375476 ], [ 172.759434293581222, -43.205701486126891 ], [ 172.759073747954403, -43.206301222343178 ], [ 172.758698117900053, -43.206896212160053 ], [ 172.758378214289337, -43.20750870874474 ], [ 172.758037989885054, -43.208114813311155 ], [ 172.757679262435914, -43.208715097152911 ], [ 172.757319787589637, -43.209315140183463 ], [ 172.756976878378481, -43.209920383176986 ], [ 172.756644959780061, -43.210531541117305 ], [ 172.756278248831478, -43.211132130851141 ], [ 172.755979612619427, -43.211750878076678 ], [ 172.755575202672503, -43.212337408835587 ], [ 172.75522889107512, -43.212941508898147 ], [ 172.754917624795723, -43.213556204444423 ], [ 172.754577517726744, -43.21416216939204 ], [ 172.754202039943067, -43.214757428450866 ], [ 172.753838746531329, -43.215356367381865 ], [ 172.753537666456111, -43.215974120215812 ], [ 172.753192429324912, -43.216578509259904 ], [ 172.752882724761918, -43.217193710845329 ], [ 172.752530575883526, -43.217800772908454 ], [ 172.752185660871504, -43.218410121086734 ], [ 172.75188648542229, -43.219027697467325 ], [ 172.751545477747271, -43.219633473187464 ], [ 172.751221524569672, -43.220244051272516 ], [ 172.750876971957524, -43.220848815288804 ], [ 172.750570829826273, -43.22146440289557 ], [ 172.750247462746472, -43.22207343795904 ], [ 172.749861831013533, -43.222663353709891 ], [ 172.749573012924344, -43.223283114383896 ], [ 172.749169007487495, -43.223870266799089 ], [ 172.748891966994648, -43.22449460790817 ], [ 172.748572214197679, -43.225106430235613 ], [ 172.748251613042612, -43.225717997953218 ], [ 172.747893454117786, -43.226318557045651 ], [ 172.747570156158531, -43.226929322602246 ], [ 172.747208420225348, -43.227528821722522 ], [ 172.746900572840303, -43.228144101370532 ], [ 172.746596593136502, -43.228760507941359 ], [ 172.746243780240377, -43.229362602891129 ], [ 172.745935455707723, -43.229977724488556 ], [ 172.745621304679474, -43.230593963883251 ], [ 172.74529584591977, -43.231210872196449 ], [ 172.744961595307359, -43.231822916329733 ], [ 172.744658600422611, -43.232439061193155 ], [ 172.744367059943698, -43.233058215027611 ], [ 172.744001457901561, -43.233657867050283 ], [ 172.74366573327228, -43.234265377657259 ], [ 172.743277304700285, -43.234859008554793 ], [ 172.742979599455396, -43.235476514792168 ], [ 172.742690351791964, -43.236096241112612 ], [ 172.742363235811638, -43.236705992993414 ], [ 172.742055373472198, -43.237320806857099 ], [ 172.741760545949916, -43.237939045677571 ], [ 172.741459268934392, -43.238555580549296 ], [ 172.741119582263025, -43.239161998584414 ], [ 172.740851691644707, -43.239787309324704 ], [ 172.740511867876876, -43.24039367885927 ], [ 172.740161933893631, -43.240997380887897 ], [ 172.739898161062797, -43.241614279120135 ], [ 172.739640942614841, -43.242230441348553 ], [ 172.73934966757102, -43.242847008815652 ], [ 172.739104112768331, -43.243481190181278 ], [ 172.738777472250376, -43.244090914873915 ], [ 172.738432050276799, -43.244694970210766 ], [ 172.738129295316583, -43.245311885225838 ], [ 172.737907140843816, -43.245953098052965 ], [ 172.737653645937939, -43.246584854373246 ], [ 172.73725636119562, -43.247173247188066 ], [ 172.736989723959852, -43.247804692449442 ], [ 172.736644232857003, -43.248413599962852 ], [ 172.73635152983357, -43.249033124018482 ], [ 172.736138221009611, -43.249672714477711 ], [ 172.735836179090796, -43.250288930807123 ], [ 172.735583789084643, -43.250918837661018 ], [ 172.735277181624241, -43.25153656254215 ] ] } },
{ "type": "Feature", "properties": { "group_id": "nzd0425" }, "geometry": { "type": "LineString", "coordinates": [ [ 170.150228866563225, -43.226204450748135 ], [ 170.151092483683811, -43.226021992296523 ], [ 170.151903465967052, -43.225728395429641 ], [ 170.152673330952723, -43.225425986921941 ], [ 170.153404477198791, -43.225100503619885 ], [ 170.15412874460074, -43.224717072904831 ], [ 170.154802882216984, -43.224282565118124 ], [ 170.155464154741821, -43.223835927857557 ], [ 170.156065071191222, -43.223353964692336 ], [ 170.156672797584093, -43.222898839588993 ], [ 170.157307211041228, -43.222442672754944 ], [ 170.1578601538302, -43.221922196630757 ], [ 170.158427435369276, -43.221411774858893 ], [ 170.159036808753314, -43.220930875054151 ], [ 170.159656907650117, -43.220457494903947 ], [ 170.160402210475922, -43.220057630256129 ], [ 170.161079671685457, -43.219604866665129 ], [ 170.161760071432042, -43.219161573398218 ], [ 170.162538083691459, -43.218829558144947 ], [ 170.163932995983856, -43.219129300675846 ], [ 170.16419407201235, -43.218267889515609 ], [ 170.164800201335197, -43.217759840435306 ], [ 170.165495940686668, -43.217356446323429 ], [ 170.166200883036481, -43.216954688617541 ], [ 170.166980000027962, -43.216550328878036 ], [ 170.167647580960221, -43.216092866936691 ], [ 170.168205841522365, -43.215578997618081 ] ] } },
{ "type": "Feature", "properties": { "group_id": "nzd0426" }, "geometry": { "type": "LineString", "coordinates": [ [ 170.119197158794009, -43.246659376155598 ], [ 170.11979153357953, -43.246154310807633 ], [ 170.120279372713526, -43.245604543744541 ], [ 170.120763104776813, -43.245074409719727 ], [ 170.121303586904588, -43.244561601685184 ], [ 170.121799343419468, -43.244024502036652 ], [ 170.122250661093801, -43.243460117701154 ], [ 170.122675608027834, -43.24287914229231 ], [ 170.123141316648855, -43.242320190334141 ], [ 170.123627429015471, -43.241772325753097 ], [ 170.124005094819267, -43.241176577468607 ], [ 170.124444877816643, -43.240606201876794 ] ] } },
{ "type": "Feature", "properties": { "group_id": "nzd0427" }, "geometry": { "type": "LineString", "coordinates": [ [ 170.080630565145384, -43.275797227510282 ], [ 170.08131706639162, -43.275372694076857 ], [ 170.082036253613154, -43.274981002731629 ], [ 170.082725721221209, -43.274570801179706 ] ] } },
{ "type": "Feature", "properties": { "group_id": "nzd0430" }, "geometry": { "type": "LineString", "coordinates": [ [ 172.717840818704587, -43.301011985112538 ], [ 172.717535674511424, -43.301632509707311 ], [ 172.717479462648015, -43.302292896698546 ], [ 172.717379551539068, -43.302952962363491 ], [ 172.717189800599357, -43.303604339005361 ], [ 172.716898353007025, -43.304237372940584 ], [ 172.716846116712844, -43.304893841996268 ], [ 172.716668512587404, -43.305535007822968 ], [ 172.716482236221509, -43.306175108709738 ], [ 172.716242448833242, -43.306808673803879 ], [ 172.716068839224988, -43.307450306530441 ], [ 172.716061811878575, -43.308112257263332 ], [ 172.715851453706762, -43.308749392613862 ], [ 172.715568177596538, -43.309377624358227 ], [ 172.715588834215822, -43.31004293220299 ], [ 172.715505403782316, -43.310695533391545 ], [ 172.715312051879607, -43.311334716379385 ], [ 172.715057271664705, -43.311966397757644 ], [ 172.715074812661499, -43.312631297697614 ], [ 172.714890823413526, -43.313269698373226 ], [ 172.714623300934534, -43.313891443816878 ], [ 172.714423431341118, -43.314523199612097 ], [ 172.714351687218311, -43.315178767457823 ], [ 172.714362096464725, -43.315850815219548 ], [ 172.71418075284339, -43.316505799832598 ], [ 172.714049462183283, -43.31716216953113 ], [ 172.713912659001096, -43.317808281491544 ], [ 172.713757375996437, -43.318452613594225 ], [ 172.713652556131535, -43.319101780216982 ], [ 172.713579274325866, -43.3197539656488 ], [ 172.713359422985292, -43.320392082408922 ], [ 172.713166780072697, -43.321032802598282 ], [ 172.713302974095228, -43.321705064095092 ], [ 172.713139760414577, -43.322348593940823 ], [ 172.713035157382023, -43.323002996903689 ], [ 172.71278946807638, -43.323657283328693 ], [ 172.71263219541629, -43.32431576633266 ], [ 172.712691732754422, -43.32497405793498 ], [ 172.712678384085052, -43.325628537035328 ], [ 172.712464418938254, -43.326272534916455 ], [ 172.712196849343826, -43.326913726837681 ], [ 172.71233471199406, -43.327565009164147 ], [ 172.712250391222597, -43.328202277213236 ], [ 172.712143510720068, -43.328848935303569 ], [ 172.711978020120256, -43.329492981285824 ], [ 172.711783754834329, -43.330134671502705 ], [ 172.711859954797944, -43.330798432087335 ], [ 172.711855138356441, -43.331455572427728 ], [ 172.711639717940358, -43.332095515181578 ], [ 172.711556735918094, -43.332746261338826 ], [ 172.711212124886885, -43.333375644773163 ], [ 172.711185560086193, -43.334038601706794 ], [ 172.711255134927825, -43.334713681518345 ], [ 172.711216837194968, -43.335373458084327 ], [ 172.711193934752629, -43.336027365465618 ], [ 172.710890948495233, -43.336666383986362 ], [ 172.710782669527106, -43.337315741020738 ], [ 172.71097429503493, -43.33798102614481 ], [ 172.710921554532661, -43.338633320150556 ], [ 172.710748058718167, -43.339279191117726 ], [ 172.710588524097091, -43.339925796831558 ], [ 172.710480835337847, -43.340575150290412 ], [ 172.71052969768607, -43.341233209347948 ], [ 172.7104605433816, -43.34188598641316 ], [ 172.710488570686806, -43.342543275015572 ], [ 172.71034279138712, -43.343190798104722 ], [ 172.710296963275169, -43.343843354890872 ], [ 172.710284073913272, -43.344497565808176 ], [ 172.710335694974418, -43.345155022956597 ], [ 172.71039969430052, -43.345813097178159 ], [ 172.710315407403442, -43.346463686458129 ], [ 172.710275112198389, -43.347116487173928 ], [ 172.710145445492145, -43.347764774027645 ], [ 172.710114641579878, -43.348418039385535 ], [ 172.71013198796777, -43.349075560023564 ], [ 172.710176000265051, -43.349735717176678 ], [ 172.710075774225913, -43.350387834057877 ], [ 172.709926485181938, -43.351036171732332 ], [ 172.709950399571284, -43.351691258511188 ], [ 172.710027314579008, -43.352348405533029 ], [ 172.710063070127205, -43.353003403491115 ], [ 172.709989712416103, -43.35365322056581 ], [ 172.710013063192036, -43.354307814736451 ], [ 172.709886843795942, -43.354956593386255 ], [ 172.70978332783227, -43.355606377344984 ], [ 172.709914835062449, -43.356266633733966 ], [ 172.70994234476413, -43.356923262444262 ], [ 172.709995624146472, -43.357583690407793 ], [ 172.709829743412797, -43.358240078535466 ], [ 172.709878601509928, -43.358893301342597 ], [ 172.70987285359098, -43.359546423800637 ], [ 172.709913947568225, -43.360199619264812 ], [ 172.709855638236519, -43.36085249603677 ], [ 172.709869325001421, -43.361505190007698 ], [ 172.709753754582664, -43.362157474238359 ], [ 172.709857156878343, -43.36281104640328 ], [ 172.709973518587731, -43.363464669619489 ], [ 172.709954633426463, -43.36411767855018 ], [ 172.709995529156544, -43.36477094883498 ], [ 172.710011014721232, -43.365424098006486 ], [ 172.710032896286066, -43.366077441051175 ], [ 172.710042881083467, -43.366730700466704 ], [ 172.710073813509126, -43.367383814179789 ], [ 172.710090058511611, -43.368036882793916 ], [ 172.710160712294652, -43.368690037227871 ], [ 172.71020349886038, -43.36934308105328 ] ] } },
{ "type": "Feature", "properties": { "group_id": "nzd0431" }, "geometry": { "type": "LineString", "coordinates": [ [ 169.908880459008486, -43.39069982534604 ], [ 169.909787049416536, -43.390784961200978 ], [ 169.910687483914643, -43.390794906951065 ], [ 169.911605012639086, -43.39069888920092 ], [ 169.912513024255105, -43.390544623467946 ], [ 169.913395414160505, -43.390379105164364 ], [ 169.914262794088188, -43.390209780100726 ], [ 169.915122673308616, -43.389999755405114 ], [ 169.915986557475009, -43.389793222490702 ], [ 169.91684229743953, -43.389586908436414 ], [ 169.917664210526368, -43.389317313059387 ], [ 169.918494635698579, -43.389065609343817 ], [ 169.919323320011443, -43.388810246641278 ], [ 169.920131084929523, -43.388510916276481 ], [ 169.920949906368776, -43.388234825391507 ], [ 169.92175787447681, -43.387931734513749 ], [ 169.922567631701611, -43.387644546858589 ], [ 169.923364898617706, -43.38734054036501 ], [ 169.924164528173975, -43.387042710726242 ], [ 169.924957877434224, -43.386736674718456 ], [ 169.925759264657273, -43.386448952776874 ], [ 169.92655533295715, -43.38616179339099 ], [ 169.927337374854403, -43.385842624957391 ], [ 169.9281250706739, -43.385526172327644 ], [ 169.928902663768298, -43.385194038716584 ], [ 169.929704548649426, -43.384899606838459 ], [ 169.930449664808293, -43.384517066445355 ], [ 169.931231166737291, -43.38419099819663 ], [ 169.931989683697481, -43.383832361531461 ], [ 169.93275588272283, -43.38350315238317 ], [ 169.933527226523211, -43.38318016709588 ], [ 169.934274615779998, -43.382816480648081 ], [ 169.935047286618925, -43.382483899303359 ], [ 169.935808101287876, -43.382136727881118 ], [ 169.936579657533088, -43.381802770826859 ], [ 169.937334007739906, -43.381447641611622 ], [ 169.938105453200905, -43.381113477684494 ], [ 169.938871799562008, -43.380772813961315 ], [ 169.939619776123664, -43.380409436995457 ], [ 169.940361293491833, -43.380038278601802 ], [ 169.941117372133476, -43.379685138963389 ], [ 169.941868754234264, -43.379326185356234 ], [ 169.942616973042732, -43.378963315363151 ], [ 169.943371413226259, -43.378608142769579 ], [ 169.944098167819675, -43.378231242500718 ], [ 169.9448064403079, -43.377848812526949 ], [ 169.945536085075162, -43.377477834347012 ], [ 169.946281006260705, -43.377112902530989 ], [ 169.947024885502827, -43.376746905849338 ], [ 169.947764745490957, -43.376376809883467 ], [ 169.948472588896323, -43.375974080336853 ], [ 169.949205810579969, -43.375597213312716 ], [ 169.949889430214313, -43.375171590364502 ], [ 169.950633121879633, -43.374813006208392 ], [ 169.951380081043339, -43.374452202590334 ], [ 169.952071301995147, -43.374035368919316 ], [ 169.952759301344088, -43.373615615464871 ], [ 169.953461462356586, -43.373208680791024 ], [ 169.954201521919344, -43.372836055522072 ], [ 169.954882790185337, -43.372410198773267 ], [ 169.955594512726577, -43.372011911448475 ], [ 169.956281129325475, -43.371590890962821 ], [ 169.956963849824717, -43.371166340169445 ], [ 169.957645712300518, -43.370741965394352 ], [ 169.958370905040113, -43.370359245905433 ], [ 169.959061647814792, -43.369940291065056 ], [ 169.959768580842706, -43.369536721746506 ], [ 169.960473004831726, -43.369130607036276 ], [ 169.961224334879233, -43.368770283436071 ], [ 169.961843283493408, -43.368287342807953 ], [ 169.962496699504669, -43.367839876266935 ], [ 169.963182374678411, -43.367418262220596 ], [ 169.963898237080429, -43.367022067700482 ], [ 169.964588547748178, -43.366604350716003 ], [ 169.96530016604413, -43.366205643549229 ], [ 169.965976827590424, -43.365792113317553 ], [ 169.966674372735156, -43.365388785133192 ], [ 169.967376428967242, -43.364973990210601 ], [ 169.96812848833116, -43.36461703245778 ], [ 169.968865535110041, -43.364242707582243 ], [ 169.969623850369828, -43.363892981584009 ], [ 169.970354435372485, -43.363511178454935 ], [ 169.971156872411711, -43.363212107675992 ], [ 169.971935091631309, -43.36288254067717 ], [ 169.97271920507032, -43.362558271251103 ], [ 169.973459675648513, -43.362188811115139 ], [ 169.974139442469777, -43.361753451549141 ], [ 169.974870151400609, -43.36137339028943 ], [ 169.975569838208173, -43.360959651054252 ], [ 169.976269327416503, -43.360545695436208 ], [ 169.976927970284322, -43.360087398141893 ], [ 169.977627646908047, -43.359676403704192 ], [ 169.978271605832845, -43.359232385393099 ], [ 169.978952244834829, -43.358823551620681 ], [ 169.97961718945453, -43.358384720567379 ], [ 169.980282400542592, -43.357946100152333 ], [ 169.980955281478032, -43.357511825840497 ], [ 169.981586243063447, -43.357041368509812 ], [ 169.982233192964344, -43.356585796845998 ], [ 169.982888160420288, -43.356137804674205 ], [ 169.98352488710708, -43.355674159105213 ], [ 169.984180432244187, -43.355241729645677 ], [ 169.984787560913333, -43.354775818003361 ], [ 169.985396163748533, -43.354297107986135 ], [ 169.985997625237331, -43.353811674886877 ], [ 169.986573788543296, -43.353308442775379 ], [ 169.987182078566747, -43.352827805447362 ] ] } },
{ "type": "Feature", "properties": { "group_id": "nzd0437" }, "geometry": { "type": "LineString", "coordinates": [ [ 172.71275231992459, -43.413912550617596 ], [ 172.712830522149801, -43.41456532870636 ], [ 172.712831405331485, -43.415218959019612 ], [ 172.712945335669474, -43.41586885865609 ], [ 172.712998490268433, -43.41651883262471 ], [ 172.712968699446606, -43.417170314714454 ], [ 172.713038167009103, -43.417821305528129 ], [ 172.713088067735896, -43.418472832560155 ], [ 172.71312474388651, -43.419124776688861 ], [ 172.713261784110557, -43.419775145040624 ], [ 172.713298035787062, -43.420428788606962 ], [ 172.713227529463154, -43.42108668037617 ], [ 172.713317495761942, -43.421737788940952 ], [ 172.713330393828016, -43.422390443250649 ], [ 172.713368279459559, -43.423042325847568 ], [ 172.713424493241462, -43.42369354507521 ], [ 172.713498484514929, -43.424343476121457 ], [ 172.713459927334242, -43.424990793162209 ], [ 172.713555465296849, -43.425636951449697 ], [ 172.713564964853191, -43.426289359710211 ], [ 172.713597507136029, -43.426944476609108 ], [ 172.713693028077955, -43.427601042037466 ], [ 172.713692291981999, -43.428257633933057 ], [ 172.713744120485103, -43.428905359741989 ], [ 172.713776083377525, -43.429555335920391 ], [ 172.713880106750025, -43.43020501756132 ], [ 172.713881532197718, -43.430857974831206 ], [ 172.71391996252629, -43.43150979276647 ], [ 172.714010482594631, -43.432159908641196 ], [ 172.713971958030868, -43.432814140828413 ], [ 172.714062556232335, -43.433464192912297 ], [ 172.71412886274581, -43.434117488928344 ], [ 172.714198799500252, -43.434771993120698 ], [ 172.714290107648651, -43.435422849044514 ], [ 172.714245321193602, -43.436081425069759 ], [ 172.714290119451761, -43.436730399941709 ], [ 172.714313217961887, -43.437370043976124 ], [ 172.714381085090196, -43.438012058724965 ], [ 172.714484283486428, -43.438663175336387 ], [ 172.714502353028053, -43.439316000535946 ], [ 172.714617890935671, -43.439971417933926 ], [ 172.714697649352445, -43.440626833131006 ], [ 172.714744654329195, -43.441280789075932 ], [ 172.714863456504276, -43.441928283269135 ], [ 172.714962971550932, -43.442576452452535 ], [ 172.714859860969028, -43.443236356888832 ], [ 172.714922035195116, -43.443883804183471 ], [ 172.714941407745641, -43.444536991446235 ], [ 172.715168951097866, -43.445178026512608 ], [ 172.715225105901311, -43.445831333870281 ], [ 172.715283596428719, -43.446484802352671 ], [ 172.715377817087756, -43.447133423074213 ], [ 172.715528661579071, -43.447777963273097 ], [ 172.715691246693609, -43.448421931104576 ], [ 172.715707450383746, -43.449077480333386 ], [ 172.71577123627921, -43.449728211912657 ], [ 172.715860500320588, -43.45037449419079 ], [ 172.715979987490471, -43.451023688118134 ], [ 172.716107553401287, -43.4516758947074 ], [ 172.71622879002561, -43.452325321027658 ], [ 172.716336909327566, -43.452970144211932 ], [ 172.716409925342504, -43.453616210287151 ], [ 172.716442760444323, -43.454268249258064 ], [ 172.716643423842356, -43.45490784908678 ], [ 172.716755300932817, -43.455555405714136 ], [ 172.716901244608437, -43.456200088193249 ], [ 172.717028632925889, -43.456845237821 ], [ 172.717019036996021, -43.457498475294976 ], [ 172.717202945542624, -43.458141186974181 ], [ 172.717320123876164, -43.458793804825113 ], [ 172.717461408734664, -43.459440614626395 ], [ 172.717424114918515, -43.460105944223059 ], [ 172.71768641776606, -43.460738464072229 ], [ 172.717918798344499, -43.461372120903398 ], [ 172.718004211894055, -43.462022338407714 ], [ 172.718001059541479, -43.462681774304698 ], [ 172.718212513276995, -43.463316612303245 ], [ 172.718449637445019, -43.463949589391184 ], [ 172.718602279249495, -43.464591064745008 ], [ 172.718721646445857, -43.46523610391251 ], [ 172.718806545020556, -43.465886132251519 ], [ 172.719031669991921, -43.46652249360875 ], [ 172.719253274489716, -43.467158247580244 ], [ 172.719346416928005, -43.467807422357588 ], [ 172.719404064196766, -43.468458325384972 ], [ 172.719475779930605, -43.469107117657288 ], [ 172.719807004040348, -43.469733478713273 ], [ 172.719994137396867, -43.470374311668522 ], [ 172.720089475647285, -43.471025544385249 ], [ 172.720290769680616, -43.471663871614275 ], [ 172.720569149421152, -43.472288571534861 ], [ 172.720685157163871, -43.472933128766194 ], [ 172.720790576780672, -43.473578145770311 ], [ 172.720847111339282, -43.474232061141755 ], [ 172.721115756125528, -43.474863593074886 ], [ 172.721309827487914, -43.47550224887442 ], [ 172.721428862693045, -43.476151860958289 ], [ 172.72157474256403, -43.47680268769296 ], [ 172.72187356646063, -43.477420184697024 ], [ 172.722076159632906, -43.478045672888861 ], [ 172.722135237157516, -43.478703021299225 ], [ 172.722336525404842, -43.479346175807244 ], [ 172.722553055313142, -43.479975461477395 ], [ 172.722777994311855, -43.480601401055111 ], [ 172.72285426981918, -43.481240812582918 ], [ 172.723060302973977, -43.481871766917159 ], [ 172.723395171211934, -43.482498543022928 ], [ 172.723579835869856, -43.483139206760725 ], [ 172.723688572112337, -43.483787112233777 ], [ 172.723970967910105, -43.484408671078064 ], [ 172.724194476566396, -43.485041464149596 ], [ 172.724328197831341, -43.48568871635829 ], [ 172.724528946648547, -43.486325408395238 ], [ 172.724776624833368, -43.486953772862343 ], [ 172.724905012789918, -43.487603114703653 ], [ 172.725050090386134, -43.488248260842674 ], [ 172.725407047465723, -43.488853554612433 ], [ 172.725576307656411, -43.489493463723953 ], [ 172.725690521473695, -43.49014022884959 ], [ 172.745383118704723, -43.538892383141146 ], [ 172.745728408180071, -43.539494641797134 ], [ 172.746002512779199, -43.540114911898257 ], [ 172.746320867692845, -43.540723714044852 ], [ 172.746705386981205, -43.541315024833956 ], [ 172.746969816281847, -43.54193828094192 ], [ 172.747294867401678, -43.542545401148189 ], [ 172.747618839034487, -43.543152032734987 ], [ 172.747992573614624, -43.543744108053332 ], [ 172.748302655489852, -43.544355185698997 ], [ 172.748620271161343, -43.544964363425898 ], [ 172.748918945832543, -43.545576631425405 ], [ 172.749112577092291, -43.546231674256383 ], [ 172.749459211076669, -43.546823536803423 ], [ 172.749732708170825, -43.547428451931872 ], [ 172.750115125256144, -43.548019390224709 ], [ 172.750421483687973, -43.548632869468655 ], [ 172.750683618774019, -43.549255145260894 ], [ 172.751010052617204, -43.549866244383544 ], [ 172.751291608787568, -43.550486677850245 ], [ 172.751500964335179, -43.55111663583159 ], [ 172.751818894217593, -43.551715726861012 ], [ 172.751856239650806, -43.552394673275458 ], [ 172.752256252079633, -43.552987490428812 ], [ 172.752518738212586, -43.553628945767564 ], [ 172.75268071059341, -43.554261915658849 ], [ 172.752890395783083, -43.554870590403496 ], [ 172.753209937146806, -43.555470817251631 ], [ 172.75333328851832, -43.556138947701555 ], [ 172.753499097124688, -43.55680247935485 ], [ 172.753477525801429, -43.557467395811464 ] ] } },
{ "type": "Feature", "properties": { "group_id": "nzd0438" }, "geometry": { "type": "LineString", "coordinates": [ [ 169.706010602071046, -43.528818514254759 ], [ 169.706466463671916, -43.528257368654266 ], [ 169.706972173464379, -43.527718705973285 ], [ 169.707395558598733, -43.527142898691274 ], [ 169.707845387390165, -43.526579015765478 ], [ 169.708313492954971, -43.526023372859832 ], [ 169.708784351963175, -43.525468966882784 ], [ 169.709163435871204, -43.524873152813171 ], [ 169.709694687594578, -43.524345587905586 ], [ 169.710087756540162, -43.523755203957016 ], [ 169.710525183087185, -43.523185239193019 ], [ 169.711011120800748, -43.522637559932086 ], [ 169.711419120028722, -43.522055011113117 ], [ 169.711851241613743, -43.521483247689275 ], [ 169.712271060791863, -43.520905975723132 ], [ 169.712696930779686, -43.520328691752098 ], [ 169.713133176655532, -43.519749011108793 ], [ 169.713520997864862, -43.519153171052132 ], [ 169.713975640568378, -43.518591280253197 ], [ 169.714392018895325, -43.518014229401331 ], [ 169.714811560791532, -43.517438425899179 ], [ 169.715224732223049, -43.516863819884989 ], [ 169.715580202210447, -43.516270173167712 ], [ 169.71599922432668, -43.515697951361844 ] ] } },
{ "type": "Feature", "properties": { "group_id": "nzd0439" }, "geometry": { "type": "LineString", "coordinates": [ [ 172.751590281002564, -43.563138119106355 ], [ 172.752552825587884, -43.563153765961147 ], [ 172.75338198028885, -43.563404227074379 ], [ 172.754226658006502, -43.563627359720591 ], [ 172.755157184865226, -43.563757499922104 ], [ 172.756002885186547, -43.564158205954961 ], [ 172.756872001218397, -43.564502312058423 ], [ 172.757625711030755, -43.564860199997085 ], [ 172.758313876450558, -43.565057730758312 ], [ 172.758714331803105, -43.565200465056478 ], [ 172.759607269250267, -43.565616996926337 ], [ 172.760187231953608, -43.566330154071572 ], [ 172.760516963242225, -43.56699319042589 ], [ 172.761059596167314, -43.567512549262759 ], [ 172.761527915661304, -43.568071570543609 ], [ 172.761985895135666, -43.568610113761608 ], [ 172.762298308028534, -43.569213857041241 ], [ 172.76290727783865, -43.569707590604843 ], [ 172.76355885204427, -43.570189590093833 ], [ 172.764180396097913, -43.57067850801424 ], [ 172.764795996647052, -43.571203409444855 ], [ 172.765492025051969, -43.571619722542295 ], [ 172.76628625438866, -43.57197446635081 ], [ 172.767117816204291, -43.572352070267094 ], [ 172.768021613394097, -43.572583408592045 ], [ 172.768927826525271, -43.572631498939906 ] ] } },
{ "type": "Feature", "properties": { "group_id": "nzd0440" }, "geometry": { "type": "LineString", "coordinates": [ [ 172.77743080927462, -43.580360581626771 ], [ 172.775739147088814, -43.581152334496778 ], [ 172.775986050736918, -43.58183346120876 ], [ 172.775935059971573, -43.582608168976861 ], [ 172.776424632363586, -43.583245053231444 ], [ 172.776931054092017, -43.583879557956671 ], [ 172.777509264094647, -43.584404355468287 ] ] } },
{ "type": "Feature", "properties": { "group_id": "nzd0441" }, "geometry": { "type": "LineString", "coordinates": [ [ 169.609241280213013, -43.591992758200568 ], [ 169.610083187125696, -43.591693910827999 ], [ 169.610746508263531, -43.591255328214345 ], [ 169.611381792693152, -43.590793508404403 ], [ 169.612035970948057, -43.590347342689128 ], [ 169.612687686842378, -43.589899133224336 ], [ 169.613284601717595, -43.589405507593121 ], [ 169.613856913354766, -43.58888723405186 ], [ 169.614438237378351, -43.588377151980914 ], [ 169.615016471252403, -43.587873699263696 ] ] } },
{ "type": "Feature", "properties": { "group_id": "nzd0442" }, "geometry": { "type": "LineString", "coordinates": [ [ 169.529927345944003, -43.610507610320695 ], [ 169.530588545014837, -43.61006758149982 ], [ 169.531241366357023, -43.609620709427638 ], [ 169.531882152371878, -43.609164007986308 ], [ 169.532538044796581, -43.608719636699291 ], [ 169.533198348303301, -43.608277089826451 ], [ 169.533808236411289, -43.607795713512438 ], [ 169.534472545387985, -43.607357068659276 ], [ 169.535102152820485, -43.606893329278819 ], [ 169.535752814384892, -43.606445169977988 ], [ 169.536362436683362, -43.605966630740198 ], [ 169.536978662114194, -43.605492975362417 ], [ 169.537597613197448, -43.60502133381334 ], [ 169.538196980557956, -43.604535193400551 ], [ 169.53879882341522, -43.604050881710791 ], [ 169.539381611361506, -43.6035524626813 ], [ 169.53997774569703, -43.603064056515535 ], [ 169.540561551827665, -43.602572931941864 ], [ 169.541169639255344, -43.602094800704563 ], [ 169.541729003989246, -43.601585822957993 ], [ 169.542271092155147, -43.601067441927704 ], [ 169.542834098640128, -43.60056043582258 ], [ 169.543344086450588, -43.600024582645638 ], [ 169.543879616420043, -43.599502619790705 ], [ 169.544352262556203, -43.59894644325697 ], [ 169.544862098637935, -43.598410493479392 ], [ 169.545349406384901, -43.597857910104231 ], [ 169.545804606335594, -43.59729316058786 ], [ 169.546274507544439, -43.596737325674297 ], [ 169.546710349685327, -43.596168765835195 ], [ 169.547135307551372, -43.595595790046595 ], [ 169.547565235917261, -43.595024822837757 ], [ 169.547978116635903, -43.594446942204293 ], [ 169.548353004274361, -43.593853660779295 ], [ 169.548722918727066, -43.593258636717778 ], [ 169.549050211742241, -43.592645990730183 ], [ 169.549460529407497, -43.592065525858835 ], [ 169.550320834600029, -43.591684785642762 ] ] } },
{ "type": "Feature", "properties": { "group_id": "nzd0444" }, "geometry": { "type": "LineString", "coordinates": [ [ 169.347998555896993, -43.668045532491895 ], [ 169.348835075352781, -43.667800740748916 ], [ 169.349610591596246, -43.667472051297686 ], [ 169.350396548793071, -43.66715771903403 ], [ 169.351218627300284, -43.666893059455106 ], [ 169.352023901770593, -43.666605288050199 ], [ 169.352814919991175, -43.666270403103987 ], [ 169.353556823201444, -43.665862798253244 ], [ 169.354284142864316, -43.665454290075822 ], [ 169.354927358010997, -43.665000150834395 ], [ 169.355593401690612, -43.664564534637151 ], [ 169.356229855953501, -43.664104902048948 ], [ 169.356781540522803, -43.663558416531927 ], [ 169.357309096663244, -43.663012211602464 ], [ 169.357812803306331, -43.662455834823689 ], [ 169.35826833686005, -43.661895302261826 ], [ 169.358684157200457, -43.661319585046307 ], [ 169.359032724913732, -43.660718157166052 ], [ 169.359371688967258, -43.660113052866215 ], [ 169.359707324463216, -43.659506670573705 ], [ 169.360007950355197, -43.658886630692521 ], [ 169.360359130009329, -43.658285973031703 ], [ 169.360748390518154, -43.657700134796066 ], [ 169.361124961213818, -43.657110221484274 ], [ 169.361433505978368, -43.656496163547445 ], [ 169.361712968120798, -43.655871779739414 ], [ 169.361992323605875, -43.655246065614755 ], [ 169.362249662965553, -43.654610355559441 ], [ 169.362502672175225, -43.653974256606155 ], [ 169.362793154934337, -43.653352087473131 ], [ 169.363281631535699, -43.652803139761581 ], [ 169.363787968341057, -43.652260791737831 ], [ 169.364267453008182, -43.651708506790243 ], [ 169.364716438018718, -43.651144935978465 ], [ 169.365058238300094, -43.650541717882128 ], [ 169.365369592364345, -43.649942123904168 ], [ 169.365631868165138, -43.64934437354114 ], [ 169.365943419526985, -43.648739965773707 ], [ 169.366156616458454, -43.648108408568781 ] ] } },
{ "type": "Feature", "properties": { "group_id": "nzd0445" }, "geometry": { "type": "LineString", "coordinates": [ [ 169.168408581320534, -43.743927460651229 ], [ 169.169074824610277, -43.743492541699979 ], [ 169.169701167219671, -43.743026669236052 ], [ 169.170358108104296, -43.742584527486713 ], [ 169.171004610658372, -43.742134285464978 ], [ 169.171659935310203, -43.741690882873463 ], [ 169.172321624524045, -43.741252413416667 ], [ 169.172996705920383, -43.740824328048866 ], [ 169.173643941826754, -43.740377944002397 ], [ 169.174273574653284, -43.73992005227926 ], [ 169.174921613186712, -43.739471733996076 ], [ 169.175566435895007, -43.73901726769423 ], [ 169.17619732290828, -43.738550642550237 ], [ 169.176838303914394, -43.738092819451872 ], [ 169.177506400672826, -43.73765871739986 ], [ 169.17815190149156, -43.73720641656076 ], [ 169.178810627960644, -43.736765759809103 ], [ 169.179495207763466, -43.736345822482178 ], [ 169.180148604452995, -43.735901921547367 ], [ 169.180843647636863, -43.73548799888205 ], [ 169.181604769540371, -43.73514069594377 ], [ 169.18242454748318, -43.734872641170256 ], [ 169.18324488575351, -43.734617835152591 ], [ 169.184052502143459, -43.734334028976704 ], [ 169.184871762791204, -43.734067818699152 ], [ 169.185693174963717, -43.733814698978442 ], [ 169.186525042779863, -43.733567423357805 ] ] } },
{ "type": "Feature", "properties": { "group_id": "nzd0446" }, "geometry": { "type": "LineString", "coordinates": [ [ 169.061593063478853, -43.822272746167208 ], [ 169.062342421197656, -43.821904549917356 ], [ 169.063049031892007, -43.821492131853695 ], [ 169.063765643460926, -43.821099690120924 ], [ 169.064473824200064, -43.82070113488961 ], [ 169.065175133639514, -43.820295856056617 ], [ 169.065893871236455, -43.819907621034069 ], [ 169.06660244327179, -43.819509440269869 ], [ 169.067291922631654, -43.819092582441819 ], [ 169.067990634282864, -43.818684752022556 ], [ 169.068713484197616, -43.818300528039039 ], [ 169.069414543472419, -43.817894988354574 ], [ 169.070083999811402, -43.817458536266209 ], [ 169.070790682428083, -43.817056393739982 ] ] } },
{ "type": "Feature", "properties": { "group_id": "nzd0447" }, "geometry": { "type": "LineString", "coordinates": [ [ 172.717021130963758, -43.828057630134268 ], [ 172.71612456764305, -43.828006130165008 ], [ 172.715227790193836, -43.827959729006935 ], [ 172.714331391043515, -43.827904363655925 ], [ 172.71343420691889, -43.827867640463907 ], [ 172.712536673402411, -43.827839213849551 ], [ 172.711640670056397, -43.827774504561447 ], [ 172.710742617525568, -43.827758401754593 ], [ 172.70984468613554, -43.827739426477734 ], [ 172.708949523068668, -43.82765484868893 ], [ 172.708053528080228, -43.827590012525391 ], [ 172.707152794780683, -43.827637432083925 ], [ 172.706255734541173, -43.827597839599207 ], [ 172.705355884358141, -43.827592914666646 ], [ 172.704456915335072, -43.827561693117524 ], [ 172.703557926354421, -43.827578301163172 ], [ 172.702659590391676, -43.827572481447845 ], [ 172.701762005897592, -43.827539876600156 ], [ 172.700863808330325, -43.827529127864288 ], [ 172.699965246144984, -43.827531363481228 ], [ 172.699067323228775, -43.82751083139506 ], [ 172.698170103810611, -43.827465270503346 ], [ 172.697269247108011, -43.827549126743129 ], [ 172.696370031302962, -43.827574561946243 ], [ 172.69547035281181, -43.827616418085633 ], [ 172.694570776127051, -43.827654617930847 ], [ 172.693671570934157, -43.827679585562038 ], [ 172.692780237977757, -43.827754168093421 ], [ 172.691898068331909, -43.827807865177647 ], [ 172.691007646590634, -43.82787858391098 ], [ 172.690113890147103, -43.82794391541907 ], [ 172.689217788145982, -43.827993458433951 ], [ 172.688332790941871, -43.828117748532328 ], [ 172.687432659909661, -43.828140168126218 ], [ 172.686540543993459, -43.828216540753559 ], [ 172.685641283444482, -43.82824481138578 ], [ 172.684737193493589, -43.828240558940266 ], [ 172.683863597970657, -43.828441634051202 ], [ 172.682967179799505, -43.828502088830795 ], [ 172.68206234234907, -43.828496991162162 ], [ 172.681167349109018, -43.828572735848795 ], [ 172.680272114771469, -43.828630670330313 ], [ 172.679375915294997, -43.82867612498368 ], [ 172.678480776835585, -43.828735308704125 ], [ 172.677586496885567, -43.82880560652778 ], [ 172.676686340877751, -43.828799870372315 ], [ 172.675787808186726, -43.828815132960997 ], [ 172.674890741546903, -43.828849366858208 ], [ 172.673996765645654, -43.828923612965276 ], [ 172.673100104570267, -43.828973869644344 ], [ 172.672199867395705, -43.828991907733304 ], [ 172.67130113994898, -43.829021564053519 ], [ 172.670403951232487, -43.829056216074783 ], [ 172.669508386364697, -43.829124472464308 ], [ 172.668610907834392, -43.829153142122664 ], [ 172.667709940199359, -43.829109588018476 ], [ 172.666812453071287, -43.829138068110865 ], [ 172.665916118152353, -43.829190411010146 ], [ 172.665019274794417, -43.829232234142182 ], [ 172.664121947182139, -43.829264031956214 ], [ 172.66322508622531, -43.829305502902237 ], [ 172.662326457730273, -43.829283957207878 ], [ 172.661434786343591, -43.82934489540191 ], [ 172.66053894240909, -43.829366704301201 ], [ 172.659640762228491, -43.829388749820986 ], [ 172.658743013432399, -43.829415710206945 ], [ 172.657843808503088, -43.829426058623696 ], [ 172.656946439053854, -43.829457336945509 ], [ 172.656049290319203, -43.829491130573089 ], [ 172.65514925746416, -43.829492015128679 ], [ 172.654251674999529, -43.82952085143058 ], [ 172.653355087682087, -43.829561041441565 ], [ 172.652458676064157, -43.82960323619384 ], [ 172.65156023960472, -43.829622317247477 ], [ 172.650663683701936, -43.829662861791206 ], [ 172.649763931229415, -43.82966690854974 ], [ 172.648866267330021, -43.829694795620277 ], [ 172.647967683375953, -43.82970948949572 ], [ 172.647072018031395, -43.829744569230584 ], [ 172.646175292783226, -43.829766949518728 ], [ 172.645277384277563, -43.829787415500533 ], [ 172.644380447820481, -43.82982487586866 ], [ 172.643483439745125, -43.829861086794999 ], [ 172.642586389054742, -43.829896554947943 ], [ 172.641688725976366, -43.829921311567148 ], [ 172.640790110416901, -43.829929399858599 ], [ 172.639893581285776, -43.829973996557605 ], [ 172.638996905786939, -43.83001603676923 ], [ 172.63809977129182, -43.830050045724143 ], [ 172.637204292755911, -43.83011305375917 ], [ 172.636307070194221, -43.830145529224581 ], [ 172.635411565353593, -43.830208095353804 ], [ 172.634514408571277, -43.830241731291935 ], [ 172.633617851011905, -43.830285869284054 ], [ 172.632720307670667, -43.830312735640334 ], [ 172.631825732584161, -43.830391633064615 ], [ 172.630928296099256, -43.830420380815596 ], [ 172.630031807737964, -43.830465754501425 ], [ 172.629138034319737, -43.830510037845144 ], [ 172.628245771747942, -43.830558212495134 ], [ 172.627349871401464, -43.830601325861885 ], [ 172.626452733294769, -43.830639540646317 ], [ 172.625557218395073, -43.83069098718655 ], [ 172.624658245008646, -43.830714230323714 ], [ 172.623760232015201, -43.830745299592778 ], [ 172.6228632836862, -43.830785047359477 ], [ 172.621971121314829, -43.8308638284118 ], [ 172.621075974149932, -43.830918265229123 ], [ 172.620177709560267, -43.830947269826822 ], [ 172.619280997188838, -43.830988933142059 ], [ 172.618385585062384, -43.831041202422433 ], [ 172.617490548710265, -43.831096536758835 ], [ 172.616592366521616, -43.831126198772203 ], [ 172.615698349073966, -43.831189845070618 ], [ 172.61480649024486, -43.831271110351629 ], [ 172.613911349646997, -43.831325591699162 ], [ 172.613013757900831, -43.831360063020121 ], [ 172.612114736444283, -43.831382858227798 ], [ 172.611221695231762, -43.831454473332116 ], [ 172.61033021405575, -43.83153882842749 ], [ 172.609434731559219, -43.831590513301869 ], [ 172.608540769170787, -43.831654610913603 ], [ 172.607639129382903, -43.831656006231128 ], [ 172.606745717202472, -43.831724594231282 ], [ 172.60585477989855, -43.831813399902209 ], [ 172.604965767836518, -43.831921769009256 ], [ 172.604069506245423, -43.831973660244216 ], [ 172.60317770089523, -43.832054551543962 ], [ 172.602281167810588, -43.832099963453231 ], [ 172.601377712051544, -43.832096059643845 ], [ 172.60049271435301, -43.832223637680144 ], [ 172.599604551078613, -43.832328671516088 ], [ 172.598708285974197, -43.832375986395803 ], [ 172.597806846405234, -43.832386428375159 ], [ 172.596920459451468, -43.832504125042199 ], [ 172.596025833293226, -43.83256311313756 ], [ 172.59514273124077, -43.832704230788075 ], [ 172.594246667885017, -43.832752978726027 ], [ 172.59335404629951, -43.832826256449579 ], [ 172.59246332920506, -43.832913110879382 ], [ 172.591576417711991, -43.833027097715785 ], [ 172.590686963476912, -43.833114217570795 ], [ 172.589781606163825, -43.833122452060678 ], [ 172.588895476697559, -43.833231333336862 ], [ 172.588020911882353, -43.833388643851201 ], [ 172.587137058291972, -43.833505045019578 ], [ 172.586250179410456, -43.83360812098487 ], [ 172.585361462773733, -43.833703101097363 ], [ 172.584473832477244, -43.833802865493347 ], [ 172.583592570056851, -43.833930681979481 ], [ 172.582708948743289, -43.834048107792349 ], [ 172.581812736310013, -43.834110060806204 ], [ 172.580923412193556, -43.834202359306204 ], [ 172.580052237693906, -43.834374626242585 ], [ 172.579166883122497, -43.834484416431671 ], [ 172.578280692276763, -43.83459052159504 ], [ 172.577398780932896, -43.834715485031985 ], [ 172.576515994330322, -43.834836592636087 ], [ 172.575630401948587, -43.834945335920182 ], [ 172.574736323368001, -43.835016678004294 ], [ 172.573865890969188, -43.835192236888702 ], [ 172.572983858118448, -43.835314663255154 ], [ 172.57208542720727, -43.835366641375899 ], [ 172.571193494454633, -43.835448401737722 ], [ 172.570320540141637, -43.835610295052973 ], [ 172.569432039734977, -43.835706711608928 ], [ 172.568540901882756, -43.835792017184254 ], [ 172.567640487999086, -43.835838246019648 ], [ 172.5667539071259, -43.835942741677556 ], [ 172.565876752862948, -43.836086948426022 ], [ 172.564997031337299, -43.836220341955347 ], [ 172.56411067673551, -43.836325791307964 ], [ 172.563227157283592, -43.83644318515578 ], [ 172.562350719044957, -43.836590415493021 ], [ 172.561466843448301, -43.836706310414172 ], [ 172.56057534111244, -43.836790068018743 ], [ 172.559687942061345, -43.83689111415238 ], [ 172.558812623777385, -43.837043069176907 ], [ 172.557928133739466, -43.837156374696939 ], [ 172.557036006253384, -43.837237492218478 ], [ 172.556142153093248, -43.837311333805168 ], [ 172.555270314456806, -43.83747795969294 ], [ 172.554391430321175, -43.837614893010851 ], [ 172.553502809223204, -43.837710785129261 ], [ 172.552604384233774, -43.837765348739772 ], [ 172.551729063191999, -43.837917302941413 ], [ 172.550853716089705, -43.838069150344666 ], [ 172.549963782427568, -43.838159505640121 ], [ 172.549067067590613, -43.838221269064505 ], [ 172.548180782694402, -43.838327116149237 ], [ 172.547313391329396, -43.838510934423695 ], [ 172.546422672078506, -43.838598327394003 ], [ 172.545532457648306, -43.838688132591152 ], [ 172.544648824515946, -43.838804868448847 ], [ 172.543773683441458, -43.838956358004523 ], [ 172.542884166022475, -43.839049012642974 ], [ 172.541988298624034, -43.839115675788449 ], [ 172.541098012754219, -43.839205179995119 ], [ 172.540223828292937, -43.839360587755827 ], [ 172.53933708730483, -43.839464600456168 ], [ 172.53844016707211, -43.839526943257198 ], [ 172.537537736041344, -43.83956672204927 ], [ 172.536676336714379, -43.839774471833614 ], [ 172.535804317479716, -43.83993875077838 ], [ 172.534904919442369, -43.839990940235218 ], [ 172.5340126652587, -43.840066981070798 ], [ 172.533126790946341, -43.840166182100745 ], [ 172.532258575647234, -43.840354816449775 ], [ 172.531379244972186, -43.840493494841446 ], [ 172.530481673765081, -43.840546353295423 ], [ 172.529591360958221, -43.840633360090166 ], [ 172.528717719041083, -43.840798810755544 ], [ 172.527831381149895, -43.840904523233959 ], [ 172.52694255777422, -43.840998539403422 ], [ 172.526047130862338, -43.841061477308216 ], [ 172.525169478326916, -43.84120806487298 ], [ 172.52428325338667, -43.841314309462533 ], [ 172.523384060243927, -43.841359515123976 ], [ 172.522494929624486, -43.841452080320039 ], [ 172.521625827816337, -43.841638925779648 ], [ 172.520742798917155, -43.84176021729629 ], [ 172.519848458284997, -43.841828258190432 ], [ 172.518951564491744, -43.841884275692095 ], [ 172.518069721107139, -43.842011148513869 ], [ 172.517193539496361, -43.842164681286853 ], [ 172.51630506129365, -43.842260319196924 ], [ 172.515417201941318, -43.842358870496206 ], [ 172.514522251861962, -43.842424030967855 ], [ 172.513633895366951, -43.842520238765232 ], [ 172.512751057037633, -43.84264344402083 ], [ 172.511862481923629, -43.842740128026797 ], [ 172.510968890972009, -43.842810329114265 ], [ 172.510077303844326, -43.842890205840874 ], [ 172.509194733641607, -43.843016083640762 ], [ 172.508315587544672, -43.843159434520388 ], [ 172.507428274798116, -43.843261121480083 ], [ 172.506531563711548, -43.843314853421916 ], [ 172.505651212835801, -43.843452064576304 ], [ 172.504755988277225, -43.843513378290794 ], [ 172.503865000405511, -43.843596309874393 ], [ 172.502981103297827, -43.843715428731144 ], [ 172.502098095581403, -43.843839089351697 ], [ 172.501214342715542, -43.843958949530823 ], [ 172.500319449950894, -43.844021950005185 ], [ 172.49941404097396, -43.844031265649122 ], [ 172.498527194671738, -43.84413533329748 ], [ 172.497646902471388, -43.844272861637855 ], [ 172.496762618101457, -43.844390012558357 ], [ 172.495862875145974, -43.844428239153643 ], [ 172.49496838255007, -43.844493267973071 ], [ 172.494082168643587, -43.844600566453117 ], [ 172.493201568070049, -43.84473653044607 ], [ 172.492305216201856, -43.844792061148787 ], [ 172.491415673825657, -43.8448823637871 ], [ 172.490525715539604, -43.844970541804216 ], [ 172.489638863216754, -43.845074582850962 ], [ 172.488749914102726, -43.845167914916566 ], [ 172.487843789717715, -43.845173515069803 ], [ 172.486943079370292, -43.845201430684497 ], [ 172.486071593188086, -43.845386976888854 ], [ 172.485183539515305, -43.845486951601899 ], [ 172.484287853231962, -43.8455412678614 ], [ 172.483395900584782, -43.845618212174031 ], [ 172.482495761516702, -43.845645531517548 ], [ 172.481601937622571, -43.845711128150725 ], [ 172.480713780117867, -43.845811075797862 ], [ 172.479821396248411, -43.845885401706582 ], [ 172.478923395758443, -43.845925671672191 ], [ 172.478028890846304, -43.845987132762289 ], [ 172.477141206507639, -43.8460899517518 ], [ 172.476245275473815, -43.846134347596021 ], [ 172.475354449350135, -43.846194689551176 ], [ 172.47446229726819, -43.846256463436703 ], [ 172.473570294669884, -43.846337549214368 ], [ 172.472680743656042, -43.84643951508837 ], [ 172.471786510460532, -43.846501614590387 ], [ 172.470891080911485, -43.846553525680683 ], [ 172.469996796218254, -43.84661518711399 ], [ 172.469101813612895, -43.84667090417765 ], [ 172.468202372262482, -43.846688636723684 ], [ 172.467310228331513, -43.846768534583838 ], [ 172.466416445299217, -43.846834470275745 ], [ 172.465518019028707, -43.846860841318218 ], [ 172.464545055621926, -43.846935781855237 ] ] } },
{ "type": "Feature", "properties": { "group_id": "nzd0448" }, "geometry": { "type": "LineString", "coordinates": [ [ 172.4636559247771, -43.847041368046533 ], [ 172.4627620748509, -43.847106739475358 ], [ 172.46186476081246, -43.847142583421473 ], [ 172.460974079298836, -43.847234965356627 ], [ 172.460078918095235, -43.847289160917406 ], [ 172.459186112899317, -43.847363444063419 ], [ 172.458290361481772, -43.847412607256402 ], [ 172.457398480785685, -43.847494777854855 ], [ 172.456499613123924, -43.847517363752367 ], [ 172.455603509049723, -43.847563515067598 ], [ 172.454709196634127, -43.847624947299259 ], [ 172.453813789662917, -43.84767704272133 ], [ 172.452920753586341, -43.84774936446734 ], [ 172.452026333138235, -43.847809876890807 ], [ 172.451125733819367, -43.847830248656685 ], [ 172.450231082527068, -43.847900083949483 ], [ 172.449338783844269, -43.847975638381975 ], [ 172.44843651163626, -43.847987617384945 ], [ 172.447548951309017, -43.848092293454187 ], [ 172.446654043199686, -43.848150668753242 ], [ 172.445753970963892, -43.848176496276508 ], [ 172.444858908097416, -43.848233889276408 ], [ 172.443960851231196, -43.848272408522654 ], [ 172.443069002868612, -43.848350057546391 ], [ 172.442177830462128, -43.848431967680781 ], [ 172.441280013799314, -43.848471991619412 ], [ 172.440382641632795, -43.848514813158751 ], [ 172.439485949096621, -43.848561915362026 ], [ 172.438608472556126, -43.848730178410847 ], [ 172.437715038741317, -43.848797829483033 ], [ 172.436829970980654, -43.848918237242998 ], [ 172.435942589428691, -43.84902405825477 ], [ 172.435045979786679, -43.849071681470591 ], [ 172.434156251796622, -43.849162706089615 ], [ 172.433267291958202, -43.849258577733593 ], [ 172.432364681439367, -43.849268340803434 ], [ 172.431483489229237, -43.849429013546953 ], [ 172.430595868924655, -43.849549796463172 ], [ 172.429710613661115, -43.849667674565296 ], [ 172.42880667582088, -43.849689988799305 ], [ 172.42791780431844, -43.849783708806612 ], [ 172.427034006100996, -43.84990147614505 ], [ 172.42615702023619, -43.850051537983425 ], [ 172.425266343459612, -43.850136701248736 ], [ 172.42437642670285, -43.850225465994875 ], [ 172.42349129518152, -43.850336916442551 ], [ 172.422607291955501, -43.850453717271314 ], [ 172.421716526244296, -43.850538455240859 ], [ 172.420830777975198, -43.850646982778663 ], [ 172.419954192888554, -43.850798961997882 ], [ 172.419066694752161, -43.850899194582382 ], [ 172.418178983696492, -43.850998417216289 ], [ 172.417291947671032, -43.851100840936631 ], [ 172.41641574563306, -43.851254648174667 ], [ 172.415535198295828, -43.851387850305322 ], [ 172.414644950928135, -43.851475045688254 ], [ 172.413758205785285, -43.851579573959114 ], [ 172.412882356725135, -43.851731240438909 ], [ 172.411998874940565, -43.851848733417015 ], [ 172.41110560051473, -43.851924294247802 ], [ 172.410219929787075, -43.852032576086543 ], [ 172.409340296485084, -43.852166842028751 ], [ 172.408453820482094, -43.852271658236461 ], [ 172.407569442858772, -43.852385505751734 ], [ 172.406676484755053, -43.852462419104874 ], [ 172.405798898897217, -43.852605501296097 ], [ 172.404918693106254, -43.852737307711102 ], [ 172.404032976729582, -43.852845392697773 ], [ 172.403136627454558, -43.852907700739685 ], [ 172.402251686281204, -43.853019120515803 ], [ 172.401380709527075, -43.853190664609976 ], [ 172.400493115795257, -43.853290665522344 ], [ 172.399605731134187, -43.853391565585511 ], [ 172.39871880155448, -43.853494424259601 ], [ 172.397827131532978, -43.853576868425755 ], [ 172.39694009163054, -43.853679249437498 ], [ 172.396052825593586, -43.853781076975466 ], [ 172.395162220549821, -43.8538693492549 ], [ 172.394284725689374, -43.854011527599333 ], [ 172.39339634323909, -43.854108598744197 ], [ 172.392511030762307, -43.854218385637857 ], [ 172.391621598798878, -43.854311106204953 ], [ 172.39074768111422, -43.85446809809121 ], [ 172.389861464458676, -43.854574138374687 ], [ 172.388972937247019, -43.85467060467964 ], [ 172.388092230040826, -43.854799470353512 ], [ 172.387206290065336, -43.854906654872501 ], [ 172.386331121093718, -43.855058470287439 ], [ 172.385443025373945, -43.855156938370776 ], [ 172.384563948194057, -43.855292144563791 ], [ 172.383686433712853, -43.855430830822769 ], [ 172.382813668159827, -43.855584995122449 ], [ 172.381942548832768, -43.855744570107454 ], [ 172.381058379405005, -43.855861255671684 ], [ 172.38016883285303, -43.855960266312636 ], [ 172.379288534156075, -43.856089037413128 ], [ 172.378405287748393, -43.856207279222225 ], [ 172.377536557192087, -43.85637529493404 ], [ 172.376662810015716, -43.856526702572474 ], [ 172.375785138060451, -43.856664783210455 ], [ 172.374911474857299, -43.856816476681693 ], [ 172.374032610308717, -43.856950507118867 ], [ 172.373141480087924, -43.857042881711891 ], [ 172.372252753452159, -43.857143415966519 ], [ 172.37138841997367, -43.85732679420969 ], [ 172.370523393365772, -43.857507820893673 ], [ 172.369644786679487, -43.857642724933314 ], [ 172.368771198486201, -43.857794674459051 ], [ 172.367892744360262, -43.857930096213536 ], [ 172.367017392515947, -43.858076055499467 ], [ 172.366145858554347, -43.858234984227352 ], [ 172.365265344754647, -43.858363361805743 ], [ 172.364383188902906, -43.858486403499953 ], [ 172.363498935756667, -43.85860257308849 ], [ 172.362622876349093, -43.858745963920136 ], [ 172.361756451471052, -43.858921392534178 ], [ 172.360872795429231, -43.859039521959012 ], [ 172.359978834615532, -43.859123380580726 ], [ 172.359123303832547, -43.859335040066256 ], [ 172.358249814343566, -43.859486977458602 ], [ 172.357360333746186, -43.859585731017148 ], [ 172.356507559271847, -43.859806564912219 ], [ 172.355644075056802, -43.859987265288659 ], [ 172.354745832093528, -43.860060372412136 ], [ 172.353881046046439, -43.860237430218419 ], [ 172.35301325177997, -43.860405545407666 ], [ 172.352113641195757, -43.860479144499614 ], [ 172.351233659316563, -43.860611050848362 ], [ 172.350371150829659, -43.860794866440237 ], [ 172.349509105516773, -43.860980059216949 ], [ 172.34862787330627, -43.861108248393975 ], [ 172.347762392570303, -43.86128323497136 ], [ 172.346887349610967, -43.861429810933423 ], [ 172.346017512210409, -43.861591853109346 ], [ 172.345137389891136, -43.86172333491642 ], [ 172.344282587962994, -43.861929938814811 ], [ 172.343405496007392, -43.862069969776613 ], [ 172.342524314737346, -43.862197546317269 ], [ 172.341669640758766, -43.862406360244556 ], [ 172.340794837418969, -43.862553544938457 ], [ 172.339901081103847, -43.862642696904821 ], [ 172.339044223410895, -43.862844827852726 ], [ 172.33817100604162, -43.862996866765329 ], [ 172.337280502387983, -43.863095971790102 ], [ 172.33642029365285, -43.863287844143578 ], [ 172.335556800287065, -43.863469659727336 ], [ 172.334669293133089, -43.863578403416362 ], [ 172.333812767999831, -43.863780431280844 ], [ 172.332945047942331, -43.863948126350337 ], [ 172.33206624545852, -43.864084199467989 ], [ 172.331207873067569, -43.864278911097117 ], [ 172.330351652862845, -43.864479801627489 ], [ 172.329466828277333, -43.864598586538648 ], [ 172.328600833277505, -43.864771419468568 ], [ 172.327733105781135, -43.864939279262771 ], [ 172.326856056433883, -43.865080378883576 ], [ 172.325990205030308, -43.865253623578006 ], [ 172.325121700875826, -43.865419252847325 ], [ 172.324242419119315, -43.865553940271745 ], [ 172.323372113587283, -43.865714396512665 ], [ 172.322509037015465, -43.865895607161036 ], [ 172.321620654424095, -43.866004160884394 ], [ 172.320753501895723, -43.866173667802244 ], [ 172.319895201435685, -43.866368591790319 ], [ 172.319019003019434, -43.866512125091809 ], [ 172.318138899571665, -43.866644443757522 ], [ 172.317269706704337, -43.866808912426237 ], [ 172.316395006859437, -43.866960785315847 ], [ 172.315510341909885, -43.867090814951005 ], [ 172.314641127557735, -43.867255576660916 ], [ 172.313767549199923, -43.867409751340738 ], [ 172.312882991937585, -43.867537292717756 ], [ 172.312016500465944, -43.867708653212865 ], [ 172.311157756556128, -43.867898806180683 ], [ 172.310281685000575, -43.868046924688159 ], [ 172.309424557246189, -43.868240996289089 ], [ 172.308568601429698, -43.86843791060295 ], [ 172.307709667649448, -43.868627600176517 ], [ 172.306868006341091, -43.868859193074748 ], [ 172.30599696838226, -43.869036671625771 ], [ 172.305143161074369, -43.869254852797063 ], [ 172.30429628180633, -43.869472616018982 ], [ 172.303429889033254, -43.869648000027091 ], [ 172.302587748699807, -43.869873863528262 ], [ 172.301740418587144, -43.870088923816624 ], [ 172.300897578971984, -43.870313330679231 ], [ 172.30004470483513, -43.870516848901275 ], [ 172.299182935750792, -43.870701849500051 ], [ 172.298338348851871, -43.87092261651501 ], [ 172.297504140207735, -43.871164987867239 ], [ 172.296678850945455, -43.871425927653995 ], [ 172.295830599672996, -43.87163906544081 ], [ 172.294984440005891, -43.871856556780656 ], [ 172.294151351552301, -43.872113712266653 ], [ 172.293317956970355, -43.872371865528791 ], [ 172.292462721550152, -43.87258308639543 ], [ 172.291622610526616, -43.872813815714828 ], [ 172.290807968112517, -43.873087492741938 ], [ 172.289988219927352, -43.873352558711566 ], [ 172.289160160603103, -43.873603607653443 ], [ 172.288334226686345, -43.873858239647376 ], [ 172.28751642364216, -43.874126582893751 ], [ 172.286726641888805, -43.874442183013684 ], [ 172.285917344799742, -43.874724870655662 ], [ 172.285105835421149, -43.875003826740205 ], [ 172.284297412308007, -43.87529216410006 ], [ 172.283495112405518, -43.875587874220912 ], [ 172.282694429558603, -43.875882184213005 ], [ 172.281865578300852, -43.876133377923395 ], [ 172.28105943773636, -43.87641926149476 ], [ 172.280249820943908, -43.876699833677684 ], [ 172.279452583086567, -43.876999314563768 ], [ 172.278631150553139, -43.877261834451986 ], [ 172.277812416952713, -43.877528475552097 ], [ 172.277012720889019, -43.877824197768135 ], [ 172.27619459749954, -43.878091768115702 ], [ 172.275394019663281, -43.878386051975646 ], [ 172.27458700517937, -43.878669967425978 ], [ 172.27376934258109, -43.878937567523138 ], [ 172.272966515073023, -43.879228818191926 ], [ 172.272176425527874, -43.879539897721301 ], [ 172.271359775969103, -43.879809629165862 ], [ 172.270552454530105, -43.880093881039926 ] ] } },
{ "type": "Feature", "properties": { "group_id": "nzd0449" }, "geometry": { "type": "LineString", "coordinates": [ [ 168.95906232890016, -43.881195005103258 ], [ 168.959914795096722, -43.880991791281211 ], [ 168.96077634198565, -43.88077202099285 ], [ 168.961605398156848, -43.88049448535746 ], [ 168.962483786040139, -43.880316143096856 ], [ 168.963307407143219, -43.880057059699617 ], [ 168.964128487711832, -43.879794228454159 ], [ 168.964969890708716, -43.879561352741895 ], [ 168.965794459096202, -43.879303657380824 ], [ 168.966618501100641, -43.879045183350208 ], [ 168.96742643659843, -43.878762964317303 ], [ 168.968230772365104, -43.878475436968166 ], [ 168.969037709735119, -43.878191742546541 ], [ 168.969821025779652, -43.87787322760672 ], [ 168.970613027899958, -43.877567514822999 ], [ 168.971383822992777, -43.877230541502691 ], [ 168.972159892171192, -43.876901341266574 ], [ 168.972938840546618, -43.876576383883588 ], [ 168.97371914126208, -43.876253418708039 ], [ 168.974492261751948, -43.875886589622908 ], [ 168.975274917414652, -43.875519134801088 ], [ 168.97605836735994, -43.875181317692402 ], [ 168.976770033718822, -43.874780616919651 ], [ 168.977511884407136, -43.87441497511621 ], [ 168.978264168770494, -43.874061450335269 ], [ 168.978998447491193, -43.873687009218131 ], [ 168.979738050470701, -43.873318750385806 ], [ 168.98048897257911, -43.872963636791702 ], [ 168.981251354139999, -43.872621831091784 ], [ 168.981980832537403, -43.872241806222213 ], [ 168.982699955990057, -43.8718497524073 ], [ 168.98341848767592, -43.871457009581952 ], [ 168.984152055192055, -43.871081728683876 ], [ 168.984872947048189, -43.870691723617504 ], [ 168.985597365174328, -43.870295104522619 ], [ 168.986307002487706, -43.869867989457383 ], [ 168.987001611706489, -43.869440018532401 ], [ 168.987684932125575, -43.869020047793555 ], [ 168.988365969934279, -43.868598073575605 ], [ 168.989039310753725, -43.868169351140267 ], [ 168.989707182413667, -43.867735832881827 ], [ 168.990384878471986, -43.867310920907137 ], [ 168.991034904976175, -43.866861758567495 ], [ 168.991672653830676, -43.866401834268274 ], [ 168.992329242682899, -43.865958416821606 ], [ 168.992989968200305, -43.86551862141576 ], [ 168.993652193514265, -43.865080137311914 ], [ 168.994328034080723, -43.864653581244184 ], [ 168.995004387667905, -43.86422747164174 ], [ 168.995690313127454, -43.863809746673297 ], [ 168.996359163781307, -43.863379305402965 ], [ 168.997050291660202, -43.862975039469802 ], [ 168.997734854651384, -43.862559815170158 ], [ 168.998403118841253, -43.862121568433679 ], [ 168.999087614627399, -43.86169946462082 ], [ 168.999772232038993, -43.86127747940882 ], [ 169.00048955869002, -43.860888026476417 ], [ 169.001190574166031, -43.860482346783073 ], [ 169.001895977464045, -43.860081028881694 ], [ 169.002610570414674, -43.859688848805725 ], [ 169.003305936070831, -43.859277541812936 ], [ 169.003967288478322, -43.858832401614016 ], [ 169.004621883789383, -43.858381628251145 ], [ 169.005312575677721, -43.857970756174858 ], [ 169.005997891000135, -43.857554870168173 ], [ 169.006701389413735, -43.85715265649344 ], [ 169.007368963349762, -43.856718035124466 ], [ 169.008026305727043, -43.856274181891095 ], [ 169.008726598192993, -43.855869067301263 ], [ 169.009374834448266, -43.855416994589049 ], [ 169.010027505756909, -43.854968919597468 ], [ 169.010679157497407, -43.854519922216632 ], [ 169.011306386083987, -43.854048892512985 ], [ 169.011958973025259, -43.8536007332957 ] ] } },
{ "type": "Feature", "properties": { "group_id": "nzd0450" }, "geometry": { "type": "LineString", "coordinates": [ [ 168.849599959421113, -43.945726516738034 ], [ 168.850222040349053, -43.945260388714352 ], [ 168.850841508315, -43.944792401575867 ], [ 168.851410879816342, -43.94428884143845 ], [ 168.852044002504016, -43.943809784102299 ], [ 168.852618310415068, -43.94328073615398 ], [ 168.853152135000215, -43.942747257740841 ], [ 168.853699699594159, -43.942234146936471 ], [ 168.854291501207086, -43.941747898650533 ], [ 168.854830902295134, -43.941229821123756 ], [ 168.855369883797295, -43.940711484435489 ], [ 168.855908618183406, -43.940192993333731 ], [ 168.856437514713548, -43.939668523014866 ], [ 168.856963501262726, -43.939142281038173 ], [ 168.857504068418535, -43.938624890063259 ], [ 168.858068707871325, -43.938122114694451 ], [ 168.858579213305291, -43.9375864575318 ], [ 168.859110123050101, -43.937063188289336 ], [ 168.859650866716635, -43.936545887193589 ], [ 168.860138234640999, -43.935996164898128 ] ] } },
{ "type": "Feature", "properties": { "group_id": "nzd0451" }, "geometry": { "type": "LineString", "coordinates": [ [ 172.180017588632211, -43.907604419785571 ], [ 172.179167213494424, -43.907813147674517 ], [ 172.178316411827666, -43.908021009945813 ], [ 172.177461905978589, -43.908222259795593 ], [ 172.17660621140837, -43.90842605394166 ], [ 172.17577425286521, -43.90867498135497 ], [ 172.17494351585259, -43.908921688380786 ], [ 172.17408888726419, -43.909123641572698 ], [ 172.173247565315279, -43.909350518803514 ], [ 172.172422917191113, -43.90960862888624 ], [ 172.171572613168053, -43.909818678204303 ], [ 172.170727868230784, -43.910039139544629 ], [ 172.169889879141635, -43.910272255380633 ], [ 172.16904589112707, -43.910494131946919 ], [ 172.168199591153126, -43.910711675839799 ], [ 172.167358412513749, -43.910938812620557 ], [ 172.166519958816224, -43.911171053217146 ], [ 172.165689693363703, -43.911418633356256 ], [ 172.164867274587721, -43.911680913842247 ], [ 172.164026642676731, -43.911909070903569 ], [ 172.163189178964217, -43.912143162627174 ], [ 172.162367798599178, -43.912407387342711 ], [ 172.161527396037002, -43.912635971131252 ], [ 172.160684126647254, -43.912860323312117 ], [ 172.159840906636674, -43.91308731863824 ], [ 172.159014823309377, -43.913344520210792 ], [ 172.158176341045817, -43.913576807573151 ], [ 172.157333588045987, -43.913801350012008 ], [ 172.156505792256752, -43.914053011224851 ], [ 172.155672818809109, -43.9142952834315 ], [ 172.154828841214112, -43.914517601271903 ], [ 172.154010725844302, -43.914786812998926 ], [ 172.153202267373416, -43.915073535461502 ], [ 172.152354471015286, -43.915288925379635 ], [ 172.151523800172356, -43.915535368256421 ], [ 172.15069422645027, -43.915783799741952 ], [ 172.149860413050561, -43.916024542047687 ], [ 172.149039882087038, -43.916289370341374 ], [ 172.148202018879118, -43.916522766606562 ], [ 172.147370510847594, -43.916767686729244 ], [ 172.146557891964704, -43.917046862079687 ], [ 172.145729843610042, -43.917304904400794 ], [ 172.144921506993882, -43.917595827376978 ], [ 172.14411129660138, -43.917877079089784 ], [ 172.143274734630609, -43.918114388869483 ], [ 172.1424443007094, -43.918361649972987 ], [ 172.141620648212552, -43.918619924074797 ], [ 172.140807480262254, -43.918895226523325 ], [ 172.139964907991953, -43.919122766637038 ], [ 172.139120537502492, -43.919347383530159 ], [ 172.138277666632604, -43.919574433907663 ], [ 172.137481992371391, -43.919878146708385 ], [ 172.136647253464531, -43.920118403048775 ], [ 172.135828729983245, -43.920384998011968 ], [ 172.1350001553607, -43.920635264324524 ], [ 172.134179692756447, -43.920898706620981 ], [ 172.133347269402464, -43.921142717594513 ], [ 172.132535962654686, -43.921421030767469 ], [ 172.131717030576112, -43.921686604721337 ], [ 172.130903664858209, -43.92195661608342 ], [ 172.130103517153884, -43.922249621943976 ], [ 172.12927997748497, -43.922508054793731 ], [ 172.12846959422896, -43.922788603936993 ], [ 172.127655230450841, -43.923062460723536 ], [ 172.12684315479919, -43.923340163489691 ], [ 172.126029618301004, -43.923615409677936 ], [ 172.125213201845099, -43.923885813366063 ], [ 172.124403726423651, -43.924167885710624 ], [ 172.123584278144875, -43.924433190643256 ], [ 172.122749878657515, -43.924673357455568 ], [ 172.121938487684361, -43.924952206867495 ], [ 172.121121619224681, -43.925221846246799 ], [ 172.120291813784632, -43.925469733186269 ], [ 172.119481621316481, -43.925750595405049 ], [ 172.118647506279302, -43.925991233738245 ], [ 172.117828650434205, -43.926257527543115 ], [ 172.117001596723981, -43.926511434500803 ], [ 172.116175013216861, -43.926770633087202 ], [ 172.115368893389189, -43.92706091319981 ], [ 172.114554004536927, -43.927333153077683 ], [ 172.113734789182587, -43.927598644770832 ], [ 172.112911938985775, -43.927858466608086 ], [ 172.112100199434536, -43.928135613288632 ], [ 172.111298838688811, -43.928428944195517 ], [ 172.110497247514076, -43.928721914903683 ], [ 172.109694355787383, -43.92901285653025 ], [ 172.108895632800738, -43.929310298531895 ], [ 172.108082800867464, -43.929585736172761 ], [ 172.107284030903685, -43.929883103151901 ], [ 172.106479026121605, -43.930170745628125 ], [ 172.105655774364891, -43.930429928957935 ], [ 172.104839383987866, -43.930699811784173 ], [ 172.104019818482129, -43.930964080335251 ], [ 172.103203626706573, -43.931233421262576 ], [ 172.102392286209351, -43.93151113060491 ], [ 172.101579296390071, -43.931786406453156 ], [ 172.10077138430853, -43.93206973039387 ], [ 172.09995958525468, -43.932346891635184 ], [ 172.09914103160915, -43.932613344046871 ], [ 172.098321042366422, -43.932877519242204 ], [ 172.097495380828832, -43.933132700726645 ], [ 172.096689660619944, -43.933419493746399 ], [ 172.095858553852395, -43.93366603972995 ], [ 172.095031214888849, -43.933918557071721 ], [ 172.094217329758493, -43.934192402038562 ], [ 172.093410238948934, -43.934477017497947 ], [ 172.092589313907467, -43.934739698977346 ], [ 172.091781592680007, -43.935023312804788 ], [ 172.090983690849896, -43.935322493930613 ], [ 172.090175641499457, -43.935607745124635 ], [ 172.089364303624706, -43.935890232514666 ], [ 172.088562922644172, -43.93618543610021 ], [ 172.087752563302843, -43.936464957832335 ], [ 172.086953614267145, -43.936760656018073 ], [ 172.086150662641899, -43.937050677438044 ], [ 172.085357424712612, -43.937354470290352 ], [ 172.084545790673786, -43.93763217755307 ], [ 172.08373368815117, -43.937909218577147 ], [ 172.082908908818808, -43.938168282464481 ], [ 172.082094696998382, -43.938442328396654 ], [ 172.081290840675734, -43.938731056284787 ], [ 172.080481382990286, -43.939010801120553 ], [ 172.079661377585666, -43.939273660786519 ], [ 172.078850247623848, -43.939550115268609 ], [ 172.07804609971646, -43.939838377529284 ], [ 172.07726050942054, -43.940153500443962 ], [ 172.076449916986348, -43.940432431329015 ], [ 172.07567852323416, -43.940768101955058 ], [ 172.074876095631822, -43.941058848991766 ], [ 172.07407145533648, -43.941346391506784 ], [ 172.073256004354818, -43.94161828304842 ], [ 172.072449857448731, -43.941903641260048 ], [ 172.071641489868739, -43.942185783153654 ], [ 172.070837281389203, -43.942473944221412 ], [ 172.070039789952034, -43.942771827693257 ], [ 172.069236864093966, -43.943061842576739 ], [ 172.0684318496495, -43.943348832323615 ], [ 172.067620337368311, -43.943626413526815 ], [ 172.066810236301308, -43.94390603596861 ], [ 172.065995450959377, -43.944178875029365 ], [ 172.065183990452368, -43.944456525725705 ], [ 172.064382294899701, -43.944738937418585 ], [ 172.063570926212208, -43.945005434472378 ], [ 172.062770021045907, -43.945297762524106 ], [ 172.061956607580527, -43.945572186481726 ], [ 172.061169333485736, -43.945886653065813 ], [ 172.060377700544109, -43.9461944415632 ], [ 172.05957723173816, -43.946488693039385 ], [ 172.058774858736456, -43.946780026317391 ], [ 172.057966815834931, -43.947062672163398 ], [ 172.057166070738276, -43.947356497261204 ], [ 172.056365325812294, -43.947650321638463 ], [ 172.05554966368743, -43.947921290772825 ], [ 172.054775974556378, -43.948256564891487 ], [ 172.053977035383554, -43.948553153159423 ], [ 172.053185929107059, -43.948864152226918 ], [ 172.052386350132821, -43.949164193472548 ], [ 172.051587359574484, -43.949462431033965 ], [ 172.050782231940474, -43.949749227977783 ], [ 172.049964134018836, -43.9500172687179 ], [ 172.049148327636203, -43.950288620933719 ], [ 172.048339635634079, -43.950570258590446 ], [ 172.047534334141432, -43.950856797268763 ], [ 172.046719135193626, -43.951129022253909 ], [ 172.045907032562525, -43.951405722732531 ], [ 172.045091446471616, -43.95167738403255 ], [ 172.044284752223092, -43.951961901777018 ], [ 172.043489139870474, -43.952262443476769 ], [ 172.042688849970375, -43.952556219585368 ], [ 172.041888525653889, -43.952849944487312 ], [ 172.041102097471111, -43.953163763933745 ], [ 172.040321638438201, -43.95348621480538 ], [ 172.039529861719501, -43.953792297388858 ], [ 172.038702127710138, -43.954046377221538 ], [ 172.037925347711337, -43.954374145490604 ], [ 172.037135662508916, -43.954683249095183 ], [ 172.036350827879289, -43.954999366762401 ], [ 172.035542628116104, -43.955289576620132 ], [ 172.034760290341808, -43.955615278679758 ], [ 172.033970665615158, -43.955923813504008 ], [ 172.033189475259093, -43.956243375503057 ], [ 172.032394494177026, -43.956544512270121 ], [ 172.031588792516743, -43.956831324833807 ], [ 172.030793901710553, -43.957132578334999 ], [ 172.030011203811625, -43.957450119653416 ], [ 172.029217762643896, -43.957753306345033 ], [ 172.028437949978468, -43.958074699218443 ], [ 172.027630180601591, -43.958358739444606 ], [ 172.026838399042617, -43.958664138001708 ], [ 172.02601700499136, -43.958929970509438 ], [ 172.025229269867765, -43.959240771481554 ], [ 172.024442271260881, -43.959552554853772 ], [ 172.023653755420838, -43.959862309399952 ], [ 172.022898070787051, -43.960217361675952 ], [ 172.022110733410472, -43.960532380422904 ], [ 172.02134507793005, -43.96087411666548 ], [ 172.020558417365862, -43.961186283940023 ], [ 172.019765085333887, -43.961489788770898 ], [ 172.01898714967956, -43.961813278688552 ], [ 172.018199522422037, -43.962124185531763 ], [ 172.017425437274397, -43.962452670803899 ], [ 172.016654752743591, -43.962785569258536 ], [ 172.015877536662174, -43.963109986897599 ], [ 172.015084089440364, -43.963413331160858 ], [ 172.014297561200209, -43.963725655941431 ], [ 172.013482567702454, -43.964001023605647 ], [ 172.012704610529312, -43.964324471928521 ], [ 172.011937281955852, -43.964661717585358 ], [ 172.011156537207427, -43.964981543709854 ], [ 172.010380777677597, -43.965307840506313 ], [ 172.009602892039254, -43.965631375368744 ], [ 172.008808264310488, -43.965933171773784 ], [ 172.008033678732346, -43.966260987826296 ], [ 172.007260739865615, -43.966592144861508 ], [ 172.006472978868629, -43.966906105246117 ], [ 172.005693246636014, -43.967229134356167 ], [ 172.00491583175932, -43.967553080655527 ], [ 172.004116683922689, -43.967849504649543 ], [ 172.003339673137134, -43.968173958821566 ], [ 172.002566622602103, -43.968503426191759 ], [ 172.001785682729661, -43.968822901297948 ], [ 172.001010556375434, -43.969149736491936 ], [ 172.000233932558359, -43.96947467362115 ], [ 171.999455816146593, -43.969797718796798 ], [ 171.998668543920672, -43.970109167355183 ], [ 171.997882693501992, -43.970422414462078 ], [ 171.99710233965061, -43.970742620500644 ], [ 171.996349953630869, -43.971098243824379 ], [ 171.99556662424493, -43.971414678164507 ], [ 171.994766147335326, -43.97170939411361 ], [ 171.99399721921813, -43.972044063027774 ], [ 171.993214762399532, -43.972361596624026 ], [ 171.992437648755441, -43.972685895362375 ], [ 171.991663692837108, -43.973014191571011 ], [ 171.990857315890395, -43.973301424529986 ], [ 171.990078261607778, -43.973623259753673 ], [ 171.989284859790814, -43.973926921492023 ], [ 171.988511539335235, -43.974256015054635 ], [ 171.987734986419724, -43.97458101282519 ], [ 171.986967680923783, -43.974912208468623 ], [ 171.986187279316766, -43.975226255088025 ], [ 171.985403953493858, -43.975542147289396 ], [ 171.984651270729699, -43.9758987175587 ], [ 171.983869892592594, -43.976217714404662 ], [ 171.983074668959262, -43.976518580721887 ], [ 171.982280896060473, -43.976821344596971 ], [ 171.981510142905307, -43.977154248504391 ], [ 171.980752436192034, -43.977504234166098 ], [ 171.97998497760355, -43.977841449459298 ], [ 171.979193777796951, -43.978147575915109 ], [ 171.9783900668738, -43.978442133648159 ], [ 171.977629056843455, -43.97879759889333 ], [ 171.97686034424683, -43.979138051074365 ], [ 171.976105868117088, -43.979489909911528 ], [ 171.975360805133761, -43.979853248462987 ], [ 171.974585629900304, -43.980179857210082 ], [ 171.973820000178591, -43.980518106888724 ], [ 171.973047690132688, -43.980848206518509 ], [ 171.972285551928479, -43.981190711314362 ], [ 171.971513495035822, -43.981521115963226 ], [ 171.970728364556635, -43.9818355718796 ], [ 171.969962402408811, -43.982173406785385 ], [ 171.969205017041986, -43.9825217017925 ], [ 171.968430812598172, -43.98284947919678 ], [ 171.967659135122233, -43.983180325901337 ], [ 171.966877746582696, -43.983497831802204 ], [ 171.966072242392642, -43.983785485145276 ], [ 171.965326218428601, -43.984148037219725 ], [ 171.96454411526949, -43.984466067129567 ], [ 171.963772884273084, -43.984797511078419 ], [ 171.963015852688244, -43.985146475250431 ], [ 171.962259149179062, -43.985495842741706 ], [ 171.96151225343462, -43.985857311675872 ], [ 171.960739466618207, -43.986186828953016 ], [ 171.959982151923953, -43.986535437586213 ], [ 171.959201115975787, -43.986854771446531 ], [ 171.958457266647656, -43.987219993857359 ], [ 171.95769649035455, -43.987564325919003 ], [ 171.956914501059998, -43.987882477769162 ], [ 171.956146155751014, -43.988217465513053 ], [ 171.955386608238257, -43.988563308894271 ], [ 171.95463362821576, -43.988917255735139 ], [ 171.953868219134137, -43.989255862109388 ], [ 171.953089647685374, -43.989578222610788 ], [ 171.952316091526313, -43.989906770726158 ], [ 171.951554131913866, -43.990249628947616 ], [ 171.950785571966549, -43.990584339599735 ], [ 171.950006298422949, -43.990905825951053 ], [ 171.949244734763738, -43.991249167705455 ], [ 171.948460195164017, -43.991564150837675 ], [ 171.947696724585313, -43.991904886132332 ], [ 171.946897228515013, -43.99220050121788 ], [ 171.946137575445931, -43.992545882675337 ], [ 171.945360244840884, -43.9928697524794 ], [ 171.944585587922973, -43.993196955690578 ], [ 171.943811327556546, -43.99352465175113 ], [ 171.943041703044628, -43.993858129111821 ], [ 171.942267033299999, -43.99418531087862 ], [ 171.941495243160148, -43.994516083119272 ], [ 171.940731230843397, -43.994856556517789 ], [ 171.939956447631715, -43.995183591381597 ], [ 171.939183178429261, -43.995512513186306 ], [ 171.938417587255515, -43.99585101188211 ], [ 171.937640310133474, -43.996174930058515 ], [ 171.936861231645423, -43.996496599009596 ], [ 171.936093203780189, -43.996832052567754 ], [ 171.935285256420741, -43.997117701162125 ], [ 171.93451781406165, -43.997453881385638 ], [ 171.933739459336408, -43.997776445486785 ], [ 171.932951913324814, -43.998087540349331 ], [ 171.932180772169175, -43.998419100443847 ], [ 171.931429624963329, -43.998775604266356 ], [ 171.930663784311349, -43.999112806628546 ], [ 171.929880497415382, -43.999427988406552 ], [ 171.929117302700718, -43.999769615080595 ], [ 171.928335660797359, -44.000088027065402 ], [ 171.927560364781328, -44.000414482399215 ], [ 171.926783064160475, -44.000738394562063 ], [ 171.926007011089496, -44.001063886600534 ], [ 171.92522546193112, -44.001382408817605 ], [ 171.924461417516937, -44.001723122284574 ], [ 171.923695062555993, -44.002060904859555 ], [ 171.922913290339068, -44.002379139015069 ], [ 171.922121987915745, -44.002685288204681 ], [ 171.921349690135287, -44.003015530942349 ], [ 171.920553019004814, -44.003314869149484 ], [ 171.919752850618579, -44.00360977087896 ], [ 171.918985932768976, -44.003946829343732 ], [ 171.918208693654236, -44.00427079959568 ], [ 171.917432550042719, -44.004596157105148 ], [ 171.916649061095882, -44.004912453287155 ], [ 171.91586687626554, -44.005231273913168 ], [ 171.915084998560275, -44.005550247518912 ], [ 171.914335480096497, -44.005908892934393 ], [ 171.913561001183155, -44.006236265958606 ], [ 171.912786814006779, -44.006564002679617 ], [ 171.912025460939844, -44.006907816830186 ], [ 171.911224280833949, -44.007201731666193 ], [ 171.910445282570038, -44.00752343514003 ], [ 171.909654625666349, -44.007830529734292 ], [ 171.908881022208988, -44.008158988403871 ], [ 171.908097300912374, -44.008474768529943 ], [ 171.907302947520179, -44.008777225417106 ], [ 171.906508854179123, -44.009080005841902 ], [ 171.905733499130008, -44.00940520495508 ], [ 171.904952440222814, -44.009722916693299 ], [ 171.904132543266627, -44.00999252810589 ], [ 171.903361078253596, -44.010323762903326 ], [ 171.902580616774998, -44.010643607727722 ], [ 171.901784728208384, -44.010943921861092 ], [ 171.901029430251327, -44.0112956170126 ], [ 171.900245353459439, -44.011610879706858 ], [ 171.899456584184918, -44.011920200156993 ], [ 171.898683146377834, -44.012248927046898 ], [ 171.897923796256379, -44.012595486368866 ], [ 171.897169615029554, -44.012948587860144 ], [ 171.896433139220562, -44.01332410239656 ], [ 171.895656988319047, -44.013649388605792 ], [ 171.894876752664572, -44.013969501824612 ], [ 171.894106678741167, -44.014302477863701 ], [ 171.893312782010895, -44.014605292469263 ], [ 171.892527900924307, -44.014919518840486 ], [ 171.891752544282667, -44.015245801473675 ], [ 171.891008878830263, -44.01561220472643 ], [ 171.890249142023976, -44.015959078765924 ], [ 171.889482265715287, -44.016298013697572 ], [ 171.888693383060485, -44.016608652582633 ], [ 171.887897197915407, -44.016908991868704 ], [ 171.887139639399635, -44.017257247523588 ], [ 171.886395474607497, -44.017622117552634 ], [ 171.885653060446373, -44.017989158146555 ], [ 171.88486909104131, -44.01830464443654 ], [ 171.88407042456771, -44.018601895359907 ], [ 171.883262692283381, -44.018887896596397 ], [ 171.882507006820418, -44.019238466055604 ], [ 171.88173464897983, -44.019568349616343 ], [ 171.880963712407123, -44.019899994649307 ], [ 171.88015500028493, -44.020184771084068 ], [ 171.879378025639312, -44.020508920798449 ], [ 171.878597721589983, -44.020828937822756 ], [ 171.877849060339116, -44.021188212071117 ], [ 171.877084985503728, -44.021528361208652 ], [ 171.876308502480072, -44.021853113594851 ], [ 171.875539245090266, -44.022186829143962 ], [ 171.874766713638991, -44.022516480661757 ], [ 171.873996845609781, -44.02284943500436 ], [ 171.873215354909775, -44.023167966545216 ], [ 171.872479458737359, -44.023543068743194 ], [ 171.871707007692606, -44.02387460402683 ], [ 171.870946865421445, -44.024221300968122 ], [ 171.870167115420429, -44.024542349017473 ], [ 171.869398913422572, -44.024877185408506 ], [ 171.868637782703786, -44.025220618228431 ], [ 171.867896676116288, -44.025588397817273 ], [ 171.867125673385431, -44.025919823330334 ], [ 171.86636765942734, -44.026267040973934 ], [ 171.865586710782395, -44.026586368616542 ], [ 171.864819133126474, -44.026921953230726 ], [ 171.86406700374485, -44.027276321247918 ], [ 171.863280219463576, -44.02758854661743 ], [ 171.862513512237541, -44.027925184059605 ], [ 171.861742484844768, -44.028256566140463 ], [ 171.860963725069581, -44.028578543275586 ], [ 171.860169930457971, -44.028882234924858 ], [ 171.859415785492587, -44.029234141193868 ], [ 171.858650032344116, -44.029571929302683 ], [ 171.857875124436248, -44.029898582488315 ], [ 171.857113901588406, -44.030241876185372 ], [ 171.856339831564583, -44.030569544435416 ], [ 171.855576593010909, -44.030910383169136 ], [ 171.854810911973289, -44.031248249720171 ], [ 171.854027462618973, -44.031564505450952 ], [ 171.8532456870972, -44.031883088342369 ], [ 171.852472661908251, -44.032213694568327 ], [ 171.851724513495981, -44.032573825632625 ], [ 171.850954043852511, -44.032905835418461 ], [ 171.850677968954471, -44.032979740953294 ] ] } },
{ "type": "Feature", "properties": { "group_id": "nzd0452" }, "geometry": { "type": "LineString", "coordinates": [ [ 168.705932763578289, -43.994753829355815 ], [ 168.706797467269524, -43.994579429457076 ], [ 168.707661069141636, -43.994401886565775 ], [ 168.708534487029993, -43.994252335053986 ], [ 168.709395928908236, -43.994068630560911 ], [ 168.710255978200252, -43.993880954717127 ], [ 168.71111154901331, -43.99368050860317 ], [ 168.711980764185626, -43.993518968061238 ], [ 168.712836886633312, -43.993320094850567 ], [ 168.713686652332541, -43.993103097665831 ], [ 168.714546784319737, -43.992930903556221 ], [ 168.715371955296689, -43.992685860713117 ], [ 168.716210390248392, -43.992464666515062 ], [ 168.717063473216172, -43.992262851982069 ], [ 168.717913732579177, -43.992054287677057 ], [ 168.71876246939118, -43.991842083656607 ], [ 168.719623743618655, -43.991659843653501 ], [ 168.720488026062498, -43.991484791237944 ], [ 168.721338789233357, -43.991277426858197 ], [ 168.722194709714415, -43.991082386892423 ], [ 168.723056930416192, -43.990902401817998 ], [ 168.723903995220098, -43.990686196105329 ], [ 168.724753664355688, -43.990476213548632 ], [ 168.725605571664573, -43.990271578748157 ], [ 168.726460895658391, -43.990075107489567 ], [ 168.727354501552014, -43.989970110340352 ], [ 168.728196498661646, -43.989741790375248 ], [ 168.729058300246521, -43.989560791597462 ], [ 168.729972042609006, -43.989503895510218 ], [ 168.730836412003555, -43.98932902514985 ], [ 168.73171787681369, -43.989194997433934 ], [ 168.732604423799557, -43.989073107680738 ], [ 168.733479371151219, -43.988923500289275 ], [ 168.734361486174919, -43.988791013391236 ], [ 168.735266734144432, -43.988713786614099 ], [ 168.736156759886597, -43.988600187908091 ], [ 168.737036281022768, -43.988511274210204 ], [ 168.737856101414309, -43.988367207047183 ], [ 168.738707297819303, -43.988255730464502 ], [ 168.739577260249206, -43.988088747273792 ], [ 168.74044439073009, -43.987910832710874 ], [ 168.741332418385582, -43.987813593110367 ], [ 168.742212990612472, -43.987687569644926 ], [ 168.74308188828789, -43.987516479184023 ], [ 168.743949697996754, -43.987341191109863 ], [ 168.744820841241818, -43.987178772300091 ], [ 168.745674492041644, -43.98694883876329 ], [ 168.746546411606062, -43.986789421353421 ], [ 168.74743038320139, -43.98667651906505 ] ] } },
{ "type": "Feature", "properties": { "group_id": "nzd0454" }, "geometry": { "type": "LineString", "coordinates": [ [ 171.849904335827148, -44.03330795738426 ], [ 171.849139324146392, -44.03364650170213 ], [ 171.848418996160007, -44.034038583318051 ], [ 171.847646822271571, -44.03436854255952 ], [ 171.846866969407301, -44.034689298758366 ], [ 171.846108478610205, -44.035035649039024 ], [ 171.8453395644772, -44.035369508047161 ], [ 171.844594989300987, -44.035732528808204 ], [ 171.843822022113642, -44.03606152752343 ], [ 171.843042278246145, -44.036382403961518 ], [ 171.842259514110879, -44.036699659077435 ], [ 171.841481859866121, -44.037023034954117 ], [ 171.840726033975443, -44.03737256528845 ], [ 171.839972394692438, -44.037724714093073 ], [ 171.839177738852328, -44.038027710749766 ], [ 171.838401674365059, -44.038352983219127 ], [ 171.837634207421644, -44.038688556231847 ], [ 171.77649747224828, -44.064559208430005 ], [ 171.775731182674889, -44.06489755445584 ], [ 171.774926991597027, -44.065186133114487 ], [ 171.774157228988599, -44.065519915890178 ], [ 171.773343117923048, -44.065795464908227 ], [ 171.772618878737717, -44.066189020228492 ], [ 171.771832793923011, -44.066501425232303 ], [ 171.77102916064365, -44.066790837761957 ], [ 171.770262901502832, -44.067129202703079 ], [ 171.769507421962658, -44.067481669516646 ], [ 171.768730219253911, -44.067805651882423 ], [ 171.767934022845964, -44.068104727889235 ], [ 171.76713808818883, -44.068404145059517 ], [ 171.766335334077098, -44.068694618219467 ], [ 171.765559771976484, -44.069020744864346 ], [ 171.764790478586292, -44.069355089973513 ], [ 171.764000121353888, -44.069661813108425 ], [ 171.763243229035567, -44.070012416724481 ], [ 171.762436849310916, -44.070298126113762 ], [ 171.761630810144226, -44.070584279739762 ], [ 171.760832871295918, -44.070881053283216 ], [ 171.76006281833449, -44.071214392899869 ], [ 171.75928397506533, -44.071536203875496 ], [ 171.758481071446738, -44.07182646109527 ], [ 171.757706620899086, -44.072154029161624 ], [ 171.756930740332535, -44.072479720425306 ], [ 171.756150466521717, -44.072799648812897 ], [ 171.755346475869487, -44.073088472621592 ], [ 171.754553896319493, -44.073392259178064 ], [ 171.753751717391481, -44.07368345460317 ], [ 171.752997931851496, -44.074038114332183 ], [ 171.752229979694533, -44.074374394767027 ], [ 171.751423438529685, -44.07466016162833 ], [ 171.750634489282618, -44.074968737156141 ], [ 171.749823326191546, -44.075248232762334 ], [ 171.748878578661305, -44.075353049538755 ], [ 171.74828353489184, -44.075915140529283 ], [ 171.747469588250198, -44.076190989997848 ], [ 171.746718819552171, -44.076549451085512 ], [ 171.745932257622883, -44.076861106097788 ], [ 171.745167435127314, -44.07720118724334 ], [ 171.74439539115312, -44.077531823756026 ], [ 171.743629842540315, -44.077870952758822 ], [ 171.742824506916662, -44.078158050847939 ], [ 171.742027334165527, -44.07845582135225 ], [ 171.741261436862374, -44.0787944896745 ], [ 171.740453805539062, -44.079078579263388 ], [ 171.739652987535891, -44.079371576642941 ], [ 171.738884763041312, -44.079707196751443 ], [ 171.738091417023668, -44.080009961952264 ], [ 171.737305606347661, -44.080322579878761 ], [ 171.73652496891404, -44.08064196164861 ], [ 171.735739043707156, -44.080954426278304 ], [ 171.734963867666494, -44.081280947293891 ], [ 171.734195586679533, -44.081616484498483 ], [ 171.733399317536993, -44.081917409117061 ], [ 171.732626292504989, -44.082249204322679 ], [ 171.731836872064633, -44.082558047640575 ], [ 171.731057365458128, -44.082878714371418 ], [ 171.730289026947389, -44.08321361214491 ], [ 171.729505765293993, -44.083529489823931 ], [ 171.728740939129807, -44.083868860620228 ], [ 171.727959527906819, -44.084187093006491 ], [ 171.727174276070429, -44.084500428782135 ], [ 171.726390832494417, -44.084816067194154 ], [ 171.725604037158007, -44.085127431887727 ], [ 171.724830114958849, -44.085455201498647 ], [ 171.724063832723061, -44.085792706711246 ], [ 171.723276841380624, -44.086103816017207 ], [ 171.722519636841525, -44.08645288790801 ], [ 171.721719302663018, -44.086746987390782 ], [ 171.720964097829778, -44.087098604977278 ], [ 171.720177952632895, -44.087410785362628 ], [ 171.719406704083468, -44.087741950922265 ], [ 171.718643333875832, -44.088083156629914 ], [ 171.717847746296087, -44.088383296128534 ], [ 171.717083128976469, -44.088722908999259 ], [ 171.716320466381802, -44.08906501197832 ], [ 171.715521064829375, -44.089360284147872 ], [ 171.714741373985163, -44.089680678559823 ], [ 171.713958257683629, -44.089995771932209 ], [ 171.713178832051881, -44.090314692319126 ], [ 171.71241045859685, -44.090648937190828 ], [ 171.711655393551837, -44.091001341476613 ], [ 171.710875032291739, -44.091320954543058 ], [ 171.710086240484998, -44.091629637717894 ], [ 171.709296797472774, -44.091937474817449 ], [ 171.708506449385453, -44.092244136727714 ], [ 171.707700748441113, -44.092530894744797 ], [ 171.706946527067032, -44.092884384032878 ], [ 171.706186104465957, -44.093229833434229 ], [ 171.705403015731946, -44.093545898684468 ], [ 171.7046034612884, -44.093840616826348 ], [ 171.703819737604931, -44.094155855167273 ], [ 171.703028042086288, -44.094460757204082 ], [ 171.702255185360656, -44.094790079650146 ], [ 171.701483437282405, -44.095120837821561 ], [ 171.700700624020953, -44.095437249432848 ], [ 171.699903371826139, -44.095734940229107 ], [ 171.699113844253816, -44.096042643385282 ], [ 171.698345342206522, -44.096377603222841 ], [ 171.69756721801042, -44.096700086849339 ], [ 171.696786122676144, -44.097017805996011 ], [ 171.696030299689397, -44.097367940074861 ], [ 171.695238420474908, -44.097671822068456 ], [ 171.694456729560301, -44.097989784842753 ], [ 171.693678866593928, -44.098312785698838 ], [ 171.692885405356719, -44.098615248779211 ], [ 171.692121573825744, -44.098956719935487 ], [ 171.69134788426436, -44.099285210858717 ], [ 171.690571077788519, -44.09960959659427 ], [ 171.689776044532778, -44.099909983021107 ], [ 171.68898368447563, -44.100213887082887 ], [ 171.688212364099172, -44.1005454911353 ], [ 171.68741221902755, -44.100839141389642 ], [ 171.686632032432584, -44.101159068394487 ], [ 171.685835972658339, -44.101458093725157 ], [ 171.685057293879396, -44.101780002679739 ], [ 171.684272926221098, -44.102094419427644 ], [ 171.683467108919899, -44.10238059102916 ], [ 171.682687202882391, -44.10270087890035 ], [ 171.681908152054746, -44.103022291288831 ], [ 171.681124649293423, -44.10333783992801 ], [ 171.680345420545279, -44.103659014843785 ], [ 171.679551986030134, -44.103961482047133 ], [ 171.678779322056158, -44.104291231821954 ], [ 171.677987973676011, -44.104596012464981 ], [ 171.677214333913895, -44.104924258980034 ], [ 171.676441831372841, -44.105254369617555 ], [ 171.675673040574424, -44.105589386179574 ], [ 171.674885075883907, -44.10589905143916 ], [ 171.674099217879899, -44.106211500229513 ], [ 171.673322546201376, -44.106536092904754 ], [ 171.672550838755569, -44.106867247576062 ], [ 171.671771580740426, -44.107188417806341 ], [ 171.670958618199705, -44.107465023078305 ], [ 171.6701701479397, -44.107774009412779 ], [ 171.669374362951658, -44.108073322367304 ], [ 171.668598177864652, -44.108398548744297 ], [ 171.667824115856206, -44.108726580867447 ], [ 171.667052570852718, -44.109057939685989 ], [ 171.666265797139715, -44.109369160854001 ], [ 171.665470157035202, -44.10966865647989 ], [ 171.66468066470668, -44.109976279249672 ], [ 171.663905300142659, -44.110302581368678 ], [ 171.663120708217633, -44.110616680576484 ], [ 171.662350388118739, -44.11094965013217 ], [ 171.661553099055197, -44.111246956218615 ], [ 171.617553296147946, -44.130042646352734 ], [ 171.61678361443856, -44.130372579617713 ], [ 171.616026117339999, -44.130719533769707 ], [ 171.615268435739011, -44.13106626537801 ], [ 171.614515638151772, -44.131418838679558 ], [ 171.613761091905729, -44.131769318071512 ], [ 171.613006867860747, -44.132120181229844 ], [ 171.612240531555955, -44.132456550545044 ], [ 171.611498760705985, -44.13282231027641 ], [ 171.610752999532252, -44.133183294082848 ], [ 171.609997210090654, -44.133532277384091 ], [ 171.609242263845516, -44.133882267824966 ], [ 171.608505980821633, -44.134254587636455 ], [ 171.607751294014037, -44.134608004647859 ], [ 171.607018463700655, -44.134983569294491 ], [ 171.606270895231461, -44.135341905481383 ], [ 171.605544965617355, -44.135721601657679 ], [ 171.604809120710883, -44.136091429388678 ], [ 171.604058402631978, -44.136446455253228 ], [ 171.603329681378369, -44.13682336580672 ], [ 171.602591469265889, -44.137190830002474 ], [ 171.601869981871118, -44.137574933358117 ], [ 171.601132906316508, -44.137943523192526 ], [ 171.600399209086959, -44.138315471970792 ], [ 171.59967141005896, -44.138693287202948 ], [ 171.598935840032766, -44.139063367163537 ], [ 171.598207213908239, -44.139440354184991 ], [ 171.597489719126713, -44.139828415261164 ], [ 171.59675527624546, -44.140199608994109 ], [ 171.596032722644622, -44.14058172895659 ], [ 171.595300767522417, -44.140950601807724 ], [ 171.594553491826957, -44.141304490131319 ], [ 171.593825838667073, -44.141682741879954 ], [ 171.593105998939393, -44.142069134326022 ], [ 171.592366721130418, -44.142435266589509 ], [ 171.591610148341857, -44.142783371762803 ], [ 171.590872719253014, -44.143151425765829 ], [ 171.590146022609872, -44.143530662769514 ], [ 171.589430457565726, -44.143921498993898 ], [ 171.588674396884414, -44.144270127825457 ], [ 171.587936954725365, -44.144638158684437 ], [ 171.587215529419439, -44.145022880431604 ], [ 171.586499639314383, -44.145413368996536 ], [ 171.58577184528076, -44.145791448630682 ], [ 171.5850499073685, -44.146175629551863 ], [ 171.584298708808092, -44.146529311089594 ], [ 171.583562141095655, -44.14689823927511 ], [ 171.582841626385004, -44.147283896699022 ], [ 171.58210724353367, -44.147656383362644 ], [ 171.581376716268238, -44.148033707936385 ], [ 171.58062860477844, -44.148391782413505 ], [ 171.579886941247992, -44.148755486424399 ], [ 171.57915894915169, -44.149133129224083 ], [ 171.578409583937344, -44.149488974304568 ], [ 171.577671045805715, -44.149855857701048 ], [ 171.576927962747988, -44.150218103767344 ], [ 171.576179899575294, -44.150575268608947 ], [ 171.575480006891269, -44.150981554143911 ], [ 171.574762412312452, -44.151369785445311 ], [ 171.574014531150169, -44.151727128390966 ], [ 171.573307225694123, -44.15212584779259 ], [ 171.572572545258112, -44.152496647848153 ], [ 171.571837132419432, -44.15286669848237 ], [ 171.571110870927726, -44.153246079335091 ], [ 171.570393711696539, -44.153634740526819 ], [ 171.56964560895284, -44.153991842202643 ], [ 171.568930155705118, -44.154382238480224 ], [ 171.568204679746486, -44.15476241087142 ], [ 171.56748685029703, -44.155150379198474 ], [ 171.566761290423926, -44.15553046129309 ], [ 171.566014460032164, -44.155897026135669 ], [ 171.565309087868116, -44.156306632949793 ], [ 171.564579599460643, -44.156685545642553 ], [ 171.563873036562853, -44.157083563634764 ], [ 171.563163600336708, -44.157478872527562 ], [ 171.562432045218173, -44.157853344438529 ], [ 171.561726753567712, -44.158252551722626 ], [ 171.561030867010714, -44.158660615328188 ], [ 171.560325756396566, -44.159059987886714 ], [ 171.559603555194229, -44.15944325942565 ], [ 171.55889912242705, -44.159843265098807 ], [ 171.558188343320836, -44.160237290169604 ], [ 171.557474023196818, -44.16062797703664 ], [ 171.556767724616634, -44.161026217174346 ], [ 171.556062606445664, -44.161425566562563 ], [ 171.555347223285963, -44.161815243934427 ], [ 171.554655460520564, -44.162227168508316 ], [ 171.553968565708317, -44.162643676103052 ], [ 171.553249703303464, -44.163030068076075 ], [ 171.552550504912432, -44.163434980670708 ], [ 171.551857903016014, -44.163846104576088 ], [ 171.551154147604734, -44.164246719290659 ], [ 171.550423401713005, -44.164621773770534 ], [ 171.549739915413653, -44.165039919656877 ], [ 171.549039178373022, -44.165442090431796 ], [ 171.548350680443065, -44.165857394923542 ], [ 171.547653981254911, -44.166264874507824 ], [ 171.546955536677558, -44.1666706868155 ], [ 171.546249461179258, -44.167069218040737 ], [ 171.545554170971968, -44.167478034043583 ], [ 171.54485467505549, -44.167882836013142 ], [ 171.54415226327373, -44.168284854193899 ], [ 171.54341683742976, -44.168655379437745 ], [ 171.542723731771673, -44.169066269042204 ], [ 171.542046669871922, -44.169492459657668 ], [ 171.541344218872524, -44.16989443026624 ], [ 171.540622617384798, -44.170278131293877 ], [ 171.539919503752316, -44.170679464649652 ], [ 171.539216852841776, -44.171081236835711 ], [ 171.538498793326454, -44.171468308454678 ], [ 171.537758475908134, -44.171834145760229 ], [ 171.537064004667457, -44.172243712591495 ], [ 171.53636539700625, -44.172649331224413 ], [ 171.5356614797048, -44.173054291410345 ], [ 171.534968684854192, -44.173470000420743 ], [ 171.534241608134437, -44.173852073421173 ], [ 171.533514509902517, -44.174232529979683 ], [ 171.532811674774223, -44.174633922941368 ] ] } },
{ "type": "Feature", "properties": { "group_id": "nzd0457" }, "geometry": { "type": "LineString", "coordinates": [ [ 171.485213598484961, -44.199409122314044 ], [ 171.484426972904402, -44.199723468445136 ], [ 171.483686429974455, -44.200088169925216 ], [ 171.482948574450347, -44.200455806029687 ], [ 171.482204883589532, -44.200817063190492 ], [ 171.481471731488341, -44.201189834970037 ], [ 171.480729700875941, -44.20155290216708 ], [ 171.479960804632299, -44.201886607846063 ], [ 171.479246143914366, -44.202279581129297 ], [ 171.478490048737257, -44.202627271540074 ], [ 171.477751153787892, -44.20299375675075 ], [ 171.477023171197231, -44.20337216545083 ], [ 171.476288103266626, -44.203742828909036 ], [ 171.475528913464871, -44.2040871282613 ], [ 171.474812497789912, -44.20447817203474 ], [ 171.474065203372646, -44.204835467136796 ], [ 171.47333610005802, -44.205212640904826 ], [ 171.472608356824907, -44.205591299135868 ], [ 171.471869732853719, -44.205958121052994 ], [ 171.471103927442101, -44.206296649686912 ], [ 171.470366674751602, -44.206665934028209 ], [ 171.469640263862999, -44.20704533784172 ], [ 171.468909591506559, -44.207420223188102 ], [ 171.468168207395252, -44.207783753884399 ], [ 171.467441293057306, -44.208162617564078 ], [ 171.466709575107927, -44.208536388098601 ], [ 171.465972423567422, -44.20890439771042 ], [ 171.465228222870877, -44.209264934035374 ], [ 171.464511477330689, -44.209654566264348 ], [ 171.463779488195144, -44.210028040479322 ], [ 171.463041505340328, -44.210395159951304 ], [ 171.462308668530966, -44.210767731251011 ], [ 171.461596291455066, -44.211162117879788 ], [ 171.460871167080455, -44.211542679576063 ], [ 171.460110978700953, -44.211888357739326 ], [ 171.459382833215102, -44.212265353769233 ], [ 171.458670546781008, -44.212657928827134 ], [ 171.45793712100442, -44.213029731666118 ], [ 171.457209364698627, -44.213407102165419 ], [ 171.4565053235508, -44.213807770843339 ], [ 171.455799294623063, -44.21420648408413 ], [ 171.455071689838974, -44.214583995786519 ], [ 171.454362357372219, -44.214979458236122 ], [ 171.453664725733461, -44.215386414916367 ], [ 171.452945789326151, -44.215772436145691 ], [ 171.452218527748101, -44.216150274823043 ], [ 171.451521070295883, -44.216557395467603 ], [ 171.450807898330822, -44.216949073134074 ], [ 171.450074787673259, -44.217321156953439 ], [ 171.449341916518847, -44.217693473382539 ], [ 171.448604643601413, -44.218061461945361 ], [ 171.44788328888913, -44.218445088967442 ], [ 171.447162053986318, -44.21882888508555 ], [ 171.446461554742058, -44.219233058987989 ], [ 171.445738688300395, -44.219615230825084 ], [ 171.445027532992356, -44.220008820083365 ], [ 171.444329207748581, -44.220414968842157 ], [ 171.443589909094868, -44.220780997765203 ], [ 171.44288875861713, -44.221184375402714 ], [ 171.442190357239724, -44.221590442376048 ], [ 171.441488568741391, -44.221993190588329 ], [ 171.440792685924123, -44.222401718867907 ], [ 171.440084249110583, -44.222797952747236 ], [ 171.439375931564001, -44.223194300959264 ], [ 171.438664039305053, -44.223587146550827 ], [ 171.43794463418547, -44.223972633404756 ], [ 171.437207269587162, -44.224340532462293 ], [ 171.436475791294782, -44.224714192401336 ] ] } },
{ "type": "Feature", "properties": { "group_id": "nzd0459" }, "geometry": { "type": "LineString", "coordinates": [ [ 171.325790472190221, -44.298918570034196 ], [ 171.325191251766682, -44.299397535275858 ], [ 171.324632008704356, -44.299901457566371 ], [ 171.324035595297602, -44.300382167226758 ], [ 171.323434965206786, -44.30086023991074 ], [ 171.322784432731567, -44.301307150011574 ], [ 171.322239838973076, -44.301820202790807 ], [ 171.321683154070854, -44.302325701937846 ], [ 171.321099521763074, -44.30281437133668 ], [ 171.320539196151344, -44.303317589113043 ], [ 171.319947713527313, -44.303801348647397 ], [ 171.319380938590172, -44.304300531355487 ], [ 171.318813534058819, -44.304799316870586 ], [ 171.318229896740974, -44.305287962650112 ], [ 171.317635480464077, -44.305769873987806 ], [ 171.317063294510888, -44.306265661730784 ], [ 171.316476485296107, -44.306752314660478 ], [ 171.315904310509694, -44.307248101190105 ], [ 171.315285724831568, -44.307714904685639 ], [ 171.314693105974072, -44.308197917699495 ], [ 171.314104070399907, -44.308682662280361 ], [ 171.313522393195399, -44.309171042785586 ], [ 171.312963940824318, -44.309674651398055 ], [ 171.312357508631436, -44.31014892009604 ], [ 171.311810099729513, -44.310660475545234 ], [ 171.311219112957531, -44.311144494513051 ], [ 171.310647884327864, -44.311640992614691 ], [ 171.310056889449015, -44.312124998331548 ], [ 171.30949035792446, -44.312624455986764 ], [ 171.308862835461071, -44.31308537530186 ], [ 171.308284277342324, -44.313577226389029 ], [ 171.30768442816796, -44.314055621596005 ], [ 171.307128045148147, -44.314561474959433 ], [ 171.306545073578803, -44.31505052544361 ], [ 171.305961842723178, -44.315539408049887 ], [ 171.305369262446447, -44.316022379533869 ], [ 171.30477598232423, -44.316504904766653 ], [ 171.304190718437582, -44.316992490680107 ], [ 171.303637981868093, -44.317500623737743 ], [ 171.303023218024293, -44.317969563049104 ], [ 171.302437746935766, -44.318457005862356 ], [ 171.301829335132709, -44.318929950263893 ], [ 171.301251120274969, -44.319421969548074 ], [ 171.300683680327694, -44.319920792583346 ], [ 171.300105293136539, -44.320412694895836 ], [ 171.299524507658248, -44.320903077869822 ], [ 171.298930603114144, -44.321385167867462 ], [ 171.298355600588764, -44.321879196526957 ], [ 171.297787799553788, -44.32237777122068 ], [ 171.297206771011531, -44.322867984410337 ], [ 171.296613586025813, -44.323348917674025 ], [ 171.296047008177823, -44.323846744610734 ], [ 171.295429441135838, -44.324313490655832 ], [ 171.294869106208381, -44.324817123749746 ], [ 171.294268875101295, -44.325295153981166 ], [ 171.293712424475473, -44.325801271455632 ], [ 171.293128220756216, -44.326289577491664 ], [ 171.292549274202827, -44.32678125274402 ], [ 171.291999258608115, -44.327291487312124 ], [ 171.291450929654957, -44.327802800148412 ], [ 171.290893226738092, -44.328308094308923 ], [ 171.290318560684199, -44.328802500244365 ], [ 171.28976480722315, -44.329310320625162 ], [ 171.28919539086553, -44.329808087056506 ], [ 171.288610558626914, -44.330295958000896 ], [ 171.288010486193826, -44.330774046137655 ], [ 171.287468942412175, -44.331292229349131 ], [ 171.286908130365561, -44.331796807351566 ], [ 171.286326498083298, -44.332287399391397 ], [ 171.285728736163634, -44.332768413575458 ], [ 171.285179554939276, -44.333276860800147 ], [ 171.284624756379372, -44.33378213099973 ], [ 171.284061361358823, -44.334282541598476 ], [ 171.283523358362771, -44.334797288776585 ], [ 171.282978582316645, -44.335308206199663 ], [ 171.282414230113403, -44.335808062837884 ], [ 171.281840030854454, -44.336302353516622 ], [ 171.281291971978135, -44.336811403493087 ], [ 171.280700527098105, -44.337295945087099 ], [ 171.280141217426348, -44.33779863181524 ], [ 171.279566809746598, -44.338292786864322 ], [ 171.278964620023373, -44.338771246335092 ], [ 171.278411551112129, -44.33927744438617 ], [ 171.277853638371511, -44.339780902221229 ], [ 171.277312470662366, -44.3402938131075 ], [ 171.27677759010183, -44.340810270507262 ], [ 171.276217774135603, -44.341312640070036 ], [ 171.275666915513511, -44.341820064249831 ], [ 171.275130097329367, -44.342335413977466 ], [ 171.274631245689505, -44.342872202647627 ], [ 171.274070054298818, -44.343374405555934 ], [ 171.273529536547926, -44.343893794788841 ], [ 171.272986047804096, -44.344410754857613 ], [ 171.272435877673757, -44.344918675179485 ], [ 171.271924164509954, -44.345447012189929 ], [ 171.271404537973979, -44.345971142418676 ], [ 171.270802502050827, -44.34645150704813 ], [ 171.27025754241825, -44.346962175595991 ], [ 171.269713386433921, -44.347473266238097 ], [ 171.269227284571343, -44.348015180191595 ], [ 171.268710982127402, -44.348541052368404 ], [ 171.268214024041839, -44.349077192162305 ], [ 171.267676705989118, -44.349591895337696 ], [ 171.267169216569727, -44.350122433501092 ], [ 171.266661435184687, -44.350652811986841 ], [ 171.266142964929486, -44.351177509819969 ], [ 171.265611052124484, -44.351695064732368 ], [ 171.26511073532734, -44.352229393162347 ], [ 171.264596732997518, -44.352756449643564 ], [ 171.264088408070876, -44.353286516309716 ], [ 171.263544786884438, -44.353797835258575 ], [ 171.262998874011345, -44.354307932611654 ], [ 171.262450046378575, -44.35481647749814 ], [ 171.261934185192246, -44.355342523686467 ], [ 171.261471423334285, -44.355896762206662 ], [ 171.260986222615458, -44.356439080520651 ], [ 171.260438980802633, -44.35695240438001 ], [ 171.259946041167268, -44.35749830018586 ], [ 171.259441284825982, -44.358034254423025 ], [ 171.258957276381494, -44.358575424043494 ], [ 171.258455318437541, -44.359107982514807 ], [ 171.257936854961173, -44.359632622163154 ], [ 171.257436939177154, -44.360166149865023 ], [ 171.256972132857442, -44.360716506457464 ], [ 171.256471481950285, -44.361249671781529 ], [ 171.256016459167256, -44.361804709335026 ], [ 171.255502526160456, -44.362331496421284 ], [ 171.254993601112858, -44.362860679696524 ], [ 171.254581935017967, -44.363436490461559 ], [ 171.254124335978332, -44.363990272917079 ], [ 171.253650347144145, -44.364536192061983 ], [ 171.253157492124217, -44.36507467483549 ], [ 171.252718613601473, -44.365638840296292 ], [ 171.252268187588754, -44.366195842866105 ], [ 171.251768888204282, -44.366729682154727 ], [ 171.251250337774195, -44.367254591679476 ], [ 171.250864246183852, -44.367855442935074 ], [ 171.250454006568475, -44.368444196479217 ], [ 171.250309178069216, -44.369108212202953 ], [ 171.250372594758204, -44.3697371606969 ], [ 171.250560769693493, -44.370368628692987 ] ] } },
{ "type": "Feature", "properties": { "group_id": "nzd0460" }, "geometry": { "type": "LineString", "coordinates": [ [ 167.974767442785094, -44.38581167582533 ], [ 167.975531100615541, -44.385467349222104 ], [ 167.976249875017999, -44.385082767332662 ], [ 167.977009440677506, -44.384734763113855 ], [ 167.977716242347157, -44.384339437120047 ], [ 167.978408168460874, -44.383930767746413 ] ] } },
{ "type": "Feature", "properties": { "group_id": "nzd0462" }, "geometry": { "type": "LineString", "coordinates": [ [ 171.269451442461559, -44.38782534410921 ], [ 171.268919411960923, -44.388344641362757 ], [ 171.26841033618166, -44.388874188848881 ], [ 171.26789944335377, -44.389407884791616 ], [ 171.267422402881976, -44.389958089931881 ], [ 171.266910579773025, -44.390482607189689 ], [ 171.266477906363036, -44.391036748519717 ], [ 171.266056602191583, -44.391594355677512 ], [ 171.265620559817734, -44.392146955429439 ], [ 171.265219293827982, -44.392714613426364 ], [ 171.264814827538601, -44.393287394738728 ], [ 171.26448895023205, -44.393876586382099 ], [ 171.264209010329182, -44.394471151819452 ], [ 171.263927731156599, -44.395074666188947 ], [ 171.263628583605083, -44.395678482969572 ], [ 171.263416816137578, -44.396294710770498 ], [ 171.263211573963957, -44.396903708946368 ], [ 171.262953981193988, -44.397519179033914 ], [ 171.26287935498226, -44.398162674251381 ], [ 171.262688299666024, -44.398793567041544 ], [ 171.262442037199776, -44.399414692271314 ], [ 171.262354404541696, -44.400064889015027 ], [ 171.262152790481423, -44.400686648053771 ], [ 171.26197210468348, -44.401302542070404 ], [ 171.261801164671368, -44.401926561306027 ], [ 171.261575870649523, -44.40255051707463 ], [ 171.261433357656784, -44.403184331821635 ], [ 171.261383893381549, -44.403829662810764 ], [ 171.261232585753731, -44.404450170554647 ], [ 171.261010909127634, -44.443282790679959 ] ] } },
{ "type": "Feature", "properties": { "group_id": "nzd0463" }, "geometry": { "type": "LineString", "coordinates": [ [ 171.260566245353402, -44.443302733221053 ], [ 171.259879102618584, -44.44372198671708 ], [ 171.259298115809969, -44.444234290034004 ], [ 171.228536135941937, -44.481694645220315 ], [ 171.228087903280624, -44.482249998309058 ], [ 171.227620775561832, -44.482797502763958 ], [ 171.227186282885327, -44.483358548579481 ], [ 171.226675710696753, -44.483888008662085 ], [ 171.22622598232735, -44.484442719495725 ], [ 171.225797750445622, -44.485006348106275 ], [ 171.225325367572395, -44.485551644422451 ], [ 171.224853048177351, -44.486096961738284 ], [ 171.224444218934792, -44.48666896209636 ] ] } },
{ "type": "Feature", "properties": { "group_id": "nzd0464" }, "geometry": { "type": "LineString", "coordinates": [ [ 171.199735014287427, -44.520529710130717 ], [ 171.199262636119727, -44.521075989723457 ], [ 171.198877355193048, -44.521661543159865 ], [ 171.198461361526483, -44.522234464961095 ], [ 171.19804710109662, -44.522802841690002 ], [ 171.197641924739855, -44.523374407454767 ], [ 171.197201572975388, -44.523933596681815 ], [ 171.196789800296784, -44.524502831129233 ], [ 171.19647138637086, -44.525104893021904 ], [ 171.196068719366053, -44.525678838192214 ], [ 171.195697564478678, -44.52626578636184 ], [ 171.195343358222516, -44.52685672878787 ], [ 171.194990252228621, -44.527445897453738 ], [ 171.194668639177564, -44.528045544173061 ], [ 171.194306093060533, -44.528631558462322 ], [ 171.193952933904683, -44.529222098307393 ], [ 171.193603477275616, -44.529818627526708 ], [ 171.193264558102413, -44.530416700233509 ], [ 171.192938796975, -44.531013464229552 ], [ 171.192628059572343, -44.531614544511108 ], [ 171.192265597908175, -44.532200737299469 ], [ 171.191941208745163, -44.532797877644491 ], [ 171.191616655440043, -44.533394149603019 ], [ 171.191262882928726, -44.533981400923835 ], [ 171.190922994172752, -44.534573538544386 ], [ 171.190627595155604, -44.53517934096417 ], [ 171.190328159743103, -44.535783944679871 ], [ 171.189947822780198, -44.536364639728141 ], [ 171.189607712281031, -44.536957213720832 ], [ 171.189284530962482, -44.537554783389702 ], [ 171.188931306377583, -44.538143470649295 ], [ 171.188625593858802, -44.53874618931075 ], [ 171.188313578506381, -44.539347039681019 ], [ 171.188016596214737, -44.539952325437774 ], [ 171.187673932294786, -44.540544626652242 ], [ 171.187406789234558, -44.541159631324867 ], [ 171.187100305337623, -44.541762463025016 ], [ 171.186772191633821, -44.542358428269196 ], [ 171.186455346209812, -44.542957620876962 ], [ 171.18614916319089, -44.543559866968614 ], [ 171.185815351013588, -44.544154178609666 ], [ 171.185489604552174, -44.544751337877898 ], [ 171.185176589549314, -44.545357391960046 ], [ 171.184892435317522, -44.545969999665687 ], [ 171.18458661120178, -44.546572148252181 ], [ 171.184288335215314, -44.547176070971226 ], [ 171.183970692628463, -44.547775418946053 ], [ 171.183697555315376, -44.548385258808764 ], [ 171.183414216787014, -44.548992685925427 ], [ 171.183181533220306, -44.549612055489256 ], [ 171.182910251612412, -44.550222313853048 ], [ 171.18263818084796, -44.550832379657962 ], [ 171.18234481040534, -44.55143741477557 ], [ 171.182101608194216, -44.552053082025814 ], [ 171.181829387354441, -44.55265405669369 ], [ 171.181551157619538, -44.553256361114094 ], [ 171.181218326178652, -44.553850858016141 ], [ 171.180867599305941, -44.554440194612241 ], [ 171.180510611245381, -44.555027721774294 ], [ 171.180190505425543, -44.555626027152329 ], [ 171.179849208244264, -44.556218962956407 ], [ 171.179497339586476, -44.556808764748226 ], [ 171.179132407976539, -44.55739412332057 ], [ 171.17873613492489, -44.557964987595469 ], [ 171.178415116926374, -44.558555012142271 ], [ 171.178099791134855, -44.559152898530655 ], [ 171.177705773135159, -44.55972857548236 ], [ 171.177345929725846, -44.560314954885008 ], [ 171.177007222504329, -44.560907951201742 ], [ 171.17668053794003, -44.561504708734738 ], [ 171.176395030744999, -44.562113075406067 ], [ 171.176089437183151, -44.562715396388818 ], [ 171.175748583675045, -44.56330776505677 ], [ 171.175419176883338, -44.563903856702183 ], [ 171.17512389026021, -44.564510838889852 ], [ 171.174789375038785, -44.565105287136291 ], [ 171.174490036025134, -44.565710963117226 ], [ 171.174213890019445, -44.566324940411207 ], [ 171.173874361473537, -44.566922732989305 ], [ 171.173540225079307, -44.567521961732474 ], [ 171.173275166554191, -44.568133795852752 ], [ 171.17298663929904, -44.568739797333443 ], [ 171.172689568207744, -44.569343671411474 ], [ 171.172366571237689, -44.569941102895903 ], [ 171.172076704366987, -44.570546752808987 ], [ 171.171790880640515, -44.571155209393368 ], [ 171.171528525551281, -44.571770575285022 ], [ 171.171267342696979, -44.572384333029596 ], [ 171.171056325330056, -44.573007719638582 ], [ 171.170835171895163, -44.573628842858476 ], [ 171.170584618506155, -44.574243413526609 ], [ 171.170299288125165, -44.574852039870812 ], [ 171.17011052863424, -44.575483136408103 ], [ 171.169922259863341, -44.576111490382893 ], [ 171.169658302906072, -44.576724003047488 ], [ 171.169474091189386, -44.577350671574109 ], [ 171.169270470341871, -44.577973886412806 ], [ 171.169029032916228, -44.578590378500515 ], [ 171.168849650872971, -44.579218335305754 ], [ 171.168685226766627, -44.57984965486493 ], [ 171.168492861050879, -44.580475551377084 ], [ 171.168247831088564, -44.581091936133333 ], [ 171.168059990144712, -44.581717598991609 ], [ 171.167829194278426, -44.582336281259323 ], [ 171.167634622167981, -44.582960837835856 ], [ 171.167528252538659, -44.5835985627482 ], [ 171.167356687859041, -44.58422569121884 ], [ 171.167134225747645, -44.584845150992138 ], [ 171.166965855230103, -44.585474493576768 ], [ 171.166796469368961, -44.58610365021417 ], [ 171.166624362605262, -44.586732319855955 ], [ 171.166460295191285, -44.587363988729933 ], [ 171.166281609344139, -44.587992522358725 ], [ 171.166096756590406, -44.588618655968816 ], [ 171.165921152733262, -44.589246014716437 ], [ 171.165741752666776, -44.589872856769929 ], [ 171.165585123190112, -44.590502750303393 ], [ 171.165445081558431, -44.591134540440791 ], [ 171.165207454390924, -44.591752119263099 ], [ 171.165023344765046, -44.592377355186549 ], [ 171.164866267714331, -44.593007319095122 ], [ 171.164674678103296, -44.593632288667735 ], [ 171.164512370956373, -44.594261483153034 ], [ 171.164362200558458, -44.594892424745268 ], [ 171.164132169502039, -44.595511818663432 ], [ 171.164002332195565, -44.596145685041101 ], [ 171.163913875767633, -44.596785524574564 ], [ 171.163749354797773, -44.597414990009149 ], [ 171.163583845858113, -44.598044049768369 ] ] } },
{ "type": "Feature", "properties": { "group_id": "nzd0466" }, "geometry": { "type": "LineString", "coordinates": [ [ 171.163527032411793, -44.598646309837704 ], [ 171.163409025254708, -44.599280503516908 ], [ 171.163322249262706, -44.599917105259138 ], [ 171.163184906688457, -44.600549789814906 ], [ 171.16306035306431, -44.601183456332002 ], [ 171.16292737094227, -44.601811620483943 ], [ 171.16288291871615, -44.602445384416583 ], [ 171.162710715137138, -44.603070703299096 ], [ 171.162567074013168, -44.603701983236675 ], [ 171.162540888480464, -44.604347017117213 ], [ 171.162456272227843, -44.604985198421765 ], [ 171.162336570371679, -44.605619431050293 ], [ 171.162214789517861, -44.606253404702898 ], [ 171.162051521232854, -44.606882411140433 ], [ 171.161992144481871, -44.607523368897411 ], [ 171.161895945252724, -44.608160071704042 ], [ 171.161796533038711, -44.608796396925683 ], [ 171.161612160575686, -44.609422534509541 ], [ 171.161457625475805, -44.610051476248799 ], [ 171.161414518837034, -44.610694860606479 ], [ 171.161247738359236, -44.611323206917163 ], [ 171.161074901170281, -44.611950781996072 ], [ 171.160955732035717, -44.612585123315043 ], [ 171.160820598840616, -44.613219453729009 ], [ 171.160732877070302, -44.613859447759587 ], [ 171.160638439827125, -44.614498994415314 ], [ 171.16054798098142, -44.615136009145303 ], [ 171.160504985680546, -44.615774654153171 ], [ 171.160442753177421, -44.616412628506346 ], [ 171.160404905159169, -44.617050331369747 ], [ 171.160366769012654, -44.617686594093371 ], [ 171.160312021831061, -44.618323357406723 ], [ 171.160255171531276, -44.618961455762758 ], [ 171.160200396187975, -44.619599656944885 ], [ 171.16010471245005, -44.620235685526382 ], [ 171.160057825131418, -44.620874290250356 ], [ 171.159990255307463, -44.621511793078568 ], [ 171.159874836533959, -44.622145971283018 ], [ 171.159869841446181, -44.622786018308183 ], [ 171.159795585748896, -44.623422905152637 ], [ 171.15975173369111, -44.624061770290041 ], [ 171.159685214779387, -44.624699310916291 ], [ 171.159608868493194, -44.625336273323171 ], [ 171.159546020295693, -44.625974013288605 ], [ 171.159494198387733, -44.626612387137719 ], [ 171.159405501837369, -44.627248610668701 ], [ 171.159387124677977, -44.627888914437904 ], [ 171.159323414735638, -44.628526576272222 ], [ 171.159301084650195, -44.629166636234906 ], [ 171.159275033840942, -44.629806472906544 ], [ 171.159249786729049, -44.630452406941139 ], [ 171.15924670759685, -44.63109798581722 ], [ 171.159265346582714, -44.63173774531171 ], [ 171.159236707737904, -44.632376750605395 ], [ 171.159239179466226, -44.63301600045228 ], [ 171.159252250149279, -44.633655328975451 ], [ 171.159280959474188, -44.634294776930858 ], [ 171.159285114154784, -44.634934362160138 ], [ 171.159299624433743, -44.635574006323935 ], [ 171.159304515230957, -44.636213246076935 ], [ 171.159367887034733, -44.636852715284434 ], [ 171.159397571154869, -44.637492013778818 ], [ 171.159418856917711, -44.638131264431706 ], [ 171.159441150677708, -44.638771336943364 ], [ 171.159515370026895, -44.639411946997015 ], [ 171.159575821316935, -44.640051105868743 ], [ 171.159651227300515, -44.640688116741849 ], [ 171.159720777825584, -44.641325377558054 ], [ 171.159800948246527, -44.641962165369975 ], [ 171.159943254638193, -44.642596219628047 ], [ 171.160016403477186, -44.643233217658569 ], [ 171.160113112961994, -44.643868228107223 ], [ 171.160223102604647, -44.644502522140961 ], [ 171.160363770051873, -44.645134004979532 ], [ 171.160455893914843, -44.645769863024626 ], [ 171.160558932663122, -44.646404728837354 ], [ 171.160690014310518, -44.647036743096407 ], [ 171.160759808066274, -44.647673561508071 ], [ 171.16082498928543, -44.648310909797765 ], [ 171.160912033287303, -44.648946931507467 ], [ 171.160972576912201, -44.64958490700009 ], [ 171.16104834897672, -44.650221748772012 ], [ 171.161121620692654, -44.650856880930149 ], [ 171.1612137778273, -44.651488410392808 ], [ 171.161279962580949, -44.65212353071491 ], [ 171.161339614712688, -44.652761099297955 ], [ 171.161421452187767, -44.65339768222092 ], [ 171.161522350729996, -44.654033417312725 ], [ 171.161593294181358, -44.654670466811666 ], [ 171.161673492095559, -44.655309416435522 ], [ 171.16176645587322, -44.655947583985835 ], [ 171.161821279959867, -44.656586005164264 ], [ 171.161907967448258, -44.657221948196785 ], [ 171.161985650847839, -44.657858491962017 ], [ 171.162112189373403, -44.658491731468239 ], [ 171.162206476630388, -44.659125964077944 ], [ 171.162234280965833, -44.659762430539899 ], [ 171.162373810616089, -44.660394264659729 ], [ 171.162482525161295, -44.661029347189576 ], [ 171.162604637895214, -44.661663770077709 ], [ 171.162684577109047, -44.662300240345949 ], [ 171.16281843021963, -44.6629358219962 ], [ 171.162919150683905, -44.663574813613039 ], [ 171.16302717732313, -44.664212997349814 ], [ 171.163145885383813, -44.664846679376105 ], [ 171.163260395197142, -44.665480865745621 ], [ 171.163400602817717, -44.666111916091104 ], [ 171.16353509378385, -44.666741355804135 ], [ 171.163660708752644, -44.66736756129491 ], [ 171.163788986070443, -44.667996074042293 ], [ 171.163923076601719, -44.668627960239036 ], [ 171.164052652660246, -44.669260233953722 ], [ 171.164167265151463, -44.669893808094066 ], [ 171.164267811261055, -44.670528604255281 ], [ 171.164395274839791, -44.671161041800524 ], [ 171.164521049555475, -44.671793619988826 ], [ 171.164658989250484, -44.672425128464347 ], [ 171.164786993145498, -44.673056301165012 ], [ 171.164877138852603, -44.673677869700988 ], [ 171.164962117200758, -44.674303149484103 ], [ 171.165077199842955, -44.674940433447418 ], [ 171.165196513556197, -44.675577652992011 ], [ 171.16527195102654, -44.676215460141556 ], [ 171.165360648622254, -44.67685326072818 ], [ 171.165447169097035, -44.677490436506851 ], [ 171.165509405443174, -44.678127654664891 ], [ 171.165530293688818, -44.678766464346523 ], [ 171.165604181911817, -44.679403241492516 ], [ 171.165681099478604, -44.680039895861484 ], [ 171.165736001078301, -44.680677384608018 ], [ 171.165778863698279, -44.681315463752121 ], [ 171.165807668902261, -44.681954319967211 ], [ 171.165863338469705, -44.682591820201807 ], [ 171.16591128996069, -44.683229604191396 ] ] } },
{ "type": "Feature", "properties": { "group_id": "nzd0467" }, "geometry": { "type": "LineString", "coordinates": [ [ 171.165984881383963, -44.683677746786294 ], [ 171.165982691139504, -44.684317904256339 ], [ 171.166034554224183, -44.684951705331343 ], [ 171.166054764777243, -44.685583850072874 ], [ 171.166106325101453, -44.686221016931114 ], [ 171.166097147302878, -44.68685958748879 ], [ 171.166091444957203, -44.687498188858072 ], [ 171.166134795684087, -44.688137317465745 ], [ 171.166135093584671, -44.688776149710016 ], [ 171.166156191267447, -44.689415477042516 ], [ 171.166205556158985, -44.690054456259574 ], [ 171.166220137222354, -44.690693019824991 ], [ 171.166232791651311, -44.69133157507293 ], [ 171.166283758736682, -44.691970148679957 ], [ 171.166289354098581, -44.692608764130632 ], [ 171.166327936935147, -44.693247273808723 ], [ 171.166355275235816, -44.693885635256244 ], [ 171.166372106883358, -44.694524041538273 ], [ 171.166399238886555, -44.695162337149121 ], [ 171.166422014990331, -44.695800669549058 ], [ 171.166425363177837, -44.696439050918123 ], [ 171.166456471378154, -44.697077196822342 ] ] } },
{ "type": "Feature", "properties": { "group_id": "nzd0468" }, "geometry": { "type": "LineString", "coordinates": [ [ 171.172975878660708, -44.793144725342174 ], [ 171.173033673504676, -44.793781375773591 ], [ 171.17305537724485, -44.794418629099269 ], [ 171.173112462822758, -44.795055026542229 ], [ 171.173133469393179, -44.795692282532805 ], [ 171.173162032273467, -44.796327116377242 ], [ 171.173147042665335, -44.796961989596845 ], [ 171.173156446051735, -44.797599291360093 ], [ 171.173184530090197, -44.798236902642955 ], [ 171.173245827917555, -44.798874754419721 ], [ 171.173237672384374, -44.799512216014023 ], [ 171.173295994737146, -44.800151201045331 ], [ 171.173345814978546, -44.800788916682706 ], [ 171.173360097502808, -44.801427008806634 ], [ 171.173407809330087, -44.802063498024808 ], [ 171.173440764118141, -44.802700684696447 ], [ 171.173479403068058, -44.803333672617129 ], [ 171.173420098697932, -44.803963383541273 ], [ 171.173432504814684, -44.804596750424615 ], [ 171.17345873621602, -44.805234399170381 ], [ 171.17347713534943, -44.805871955844943 ], [ 171.173516139573081, -44.806509729156382 ], [ 171.173531835415872, -44.807148478289704 ], [ 171.173552920500867, -44.807788459484833 ], [ 171.173570190056239, -44.80842721006087 ], [ 171.17357163631803, -44.809064598623266 ], [ 171.173627723903962, -44.80970110063155 ], [ 171.173636910602056, -44.81033835052839 ], [ 171.173681193817742, -44.810973007943034 ], [ 171.173642758153335, -44.81160539007297 ], [ 171.173615482274016, -44.81223968107814 ], [ 171.173636762701449, -44.812877452207474 ], [ 171.173648627160077, -44.813515051481723 ], [ 171.173647220133461, -44.814152411422775 ], [ 171.173622782585483, -44.81478978323338 ], [ 171.173653219495549, -44.815428394293221 ], [ 171.173684754865292, -44.816066426294235 ], [ 171.173635702874122, -44.816703131077347 ], [ 171.173678385866282, -44.817340824629255 ], [ 171.17365432214811, -44.817977786582468 ], [ 171.173665860876469, -44.818615821102973 ], [ 171.173685641060757, -44.819254192063383 ], [ 171.173693223021587, -44.819891773020792 ], [ 171.173682015379313, -44.820528884698618 ], [ 171.173670242541874, -44.82116598885127 ], [ 171.173650498971199, -44.821803079239281 ], [ 171.173645136378866, -44.822437327160181 ], [ 171.173636353784843, -44.823069566013508 ], [ 171.17361064655833, -44.823704526986049 ], [ 171.17359805047883, -44.824341805196127 ], [ 171.173590205989342, -44.824979220557623 ], [ 171.173555966813637, -44.825615827916891 ], [ 171.173549428937861, -44.826254460650368 ], [ 171.173555446266846, -44.826894576289746 ], [ 171.173536273256019, -44.827532978098375 ], [ 171.173532391707823, -44.82817004647503 ], [ 171.173534392069143, -44.828807171668821 ], [ 171.173489523027655, -44.829443780952602 ], [ 171.173481991051972, -44.830078809008299 ], [ 171.173434203340918, -44.830710669750076 ], [ 171.173372694497886, -44.831343971780335 ], [ 171.173328221775108, -44.831980183528906 ], [ 171.173299257190706, -44.832616929890634 ], [ 171.173241638477691, -44.833252668425111 ], [ 171.173224006128379, -44.833889796517646 ], [ 171.173157053452968, -44.834525194977878 ], [ 171.173149286998381, -44.835158494717547 ], [ 171.173098266339082, -44.835790309563336 ], [ 171.173074538745709, -44.836427758000276 ], [ 171.17302694317965, -44.837063964890675 ], [ 171.172992680354923, -44.83770088261263 ], [ 171.172932524101014, -44.838336399184733 ], [ 171.172876619104784, -44.838972137633093 ], [ 171.17282518809381, -44.839608109948344 ], [ 171.172797651240387, -44.840244446818403 ], [ 171.172731600938363, -44.840878043629381 ], [ 171.172675935365817, -44.841513247550019 ], [ 171.172601530054237, -44.842147946346557 ], [ 171.1725203784614, -44.842782216398945 ], [ 171.172462815655706, -44.843417954089716 ], [ 171.172419388056994, -44.844054568422791 ], [ 171.172348723180818, -44.844689421273664 ], [ 171.172284580338896, -44.845324641279831 ], [ 171.172195875979611, -44.84595836166595 ], [ 171.172108413822684, -44.846592191099532 ], [ 171.172038670621589, -44.847227129987438 ], [ 171.171969935480547, -44.847862125388787 ], [ 171.17190495975558, -44.848497278687503 ], [ 171.171817224717387, -44.849128133412734 ], [ 171.171698492703058, -44.849756685018001 ], [ 171.171616268541527, -44.850390879599161 ], [ 171.171543499846962, -44.851025790699197 ], [ 171.171445702329947, -44.851658779692976 ], [ 171.171356140661374, -44.852290663577733 ], [ 171.171247743735961, -44.852913713015461 ], [ 171.171153054355813, -44.853540548170578 ], [ 171.171108818042939, -44.853922608136983 ] ] } },
{ "type": "Feature", "properties": { "group_id": "nzd0470" }, "geometry": { "type": "LineString", "coordinates": [ [ 171.171059880400833, -44.854561822979242 ], [ 171.17098883568471, -44.85519854106191 ], [ 171.170884255387449, -44.85583147533643 ], [ 171.170777196595196, -44.856468304161631 ], [ 171.170695619897259, -44.857108736782017 ], [ 171.170609737938548, -44.857744966694952 ], [ 171.170535068713036, -44.858379465632815 ], [ 171.170438889910884, -44.859012640904737 ], [ 171.170320426630695, -44.859644445066635 ], [ 171.17023065668991, -44.860272409546134 ], [ 171.170110769958711, -44.860894201587428 ], [ 171.16998086740557, -44.861520842192228 ], [ 171.169917057179305, -44.862157741436945 ], [ 171.169817039349539, -44.862790834688028 ], [ 171.169692934049891, -44.863421393675807 ], [ 171.169601667312861, -44.864055783048066 ], [ 171.169474756489393, -44.864686666013597 ], [ 171.169379120564088, -44.86532031705741 ], [ 171.169258510509394, -44.865951183228766 ], [ 171.169130054157023, -44.866581248176864 ], [ 171.169041310847632, -44.867215234125723 ], [ 171.16891445923136, -44.867841755459345 ], [ 171.168819996713125, -44.868472595364857 ], [ 171.168688567688264, -44.869102511814873 ], [ 171.16854902712376, -44.869731428553571 ], [ 171.168417193366878, -44.870361281710665 ], [ 171.168293482915601, -44.870992391508231 ], [ 171.168186219885683, -44.871625806014478 ], [ 171.168051070904738, -44.872255547002979 ], [ 171.167923525430695, -44.872885783956647 ], [ 171.167794496233, -44.873515840009908 ], [ 171.167667813585922, -44.874146164370991 ], [ 171.167536911317598, -44.874775986972622 ], [ 171.16739407929353, -44.875404403594857 ], [ 171.167271156549077, -44.876035148236127 ], [ 171.167138221724343, -44.876664711799101 ], [ 171.16696943479522, -44.877290063863988 ], [ 171.166824279381132, -44.877918180474744 ], [ 171.16670504520448, -44.878548001298562 ], [ 171.166552163882045, -44.879172757323495 ], [ 171.166419482244009, -44.879801689694332 ], [ 171.166245447862053, -44.880426097148316 ], [ 171.166104530674261, -44.881054966992544 ], [ 171.165951798540277, -44.881682235553228 ], [ 171.165794484100303, -44.882308878893191 ], [ 171.16561884588134, -44.882933042599994 ], [ 171.165463033715781, -44.883559875013084 ], [ 171.165274053153382, -44.884182224520522 ], [ 171.165095015696465, -44.884802095496198 ], [ 171.164911214250026, -44.885414594970264 ], [ 171.164682201142, -44.886023729539836 ], [ 171.164520686844526, -44.88665211593726 ], [ 171.164302370479675, -44.887269542801938 ], [ 171.164148321654153, -44.887899355364695 ], [ 171.163929023141463, -44.888520202592709 ], [ 171.16376439055378, -44.889151012686597 ], [ 171.163568956246792, -44.889773656645829 ], [ 171.163382549453331, -44.890396158425823 ], [ 171.163186008756128, -44.891017178257499 ], [ 171.163035161402888, -44.891644842730088 ], [ 171.162854490119571, -44.892268159038593 ], [ 171.162678079143149, -44.892892088712145 ], [ 171.162499162356909, -44.89351564683362 ], [ 171.162344937469726, -44.894141876373162 ], [ 171.162139439372226, -44.894757937449079 ], [ 171.161962489898059, -44.895379626807205 ], [ 171.161771883041041, -44.896001530622272 ], [ 171.161576703174234, -44.896622660218611 ], [ 171.161405721358847, -44.897247844308296 ] ] } },
{ "type": "Feature", "properties": { "group_id": "nzd0471" }, "geometry": { "type": "LineString", "coordinates": [ [ 171.130653891784192, -44.962547447506928 ], [ 171.13027793358782, -44.963127798648216 ], [ 171.129888281816051, -44.963700445127749 ], [ 171.129431275706082, -44.96424982187893 ], [ 171.129049316452893, -44.964825079803568 ], [ 171.128659315253117, -44.96539755793637 ], [ 171.128264094586001, -44.965968229880005 ], [ 171.127862314013043, -44.966536633265115 ], [ 171.127496995172521, -44.967117608069309 ], [ 171.127076607024264, -44.967679581387443 ], [ 171.126647161259399, -44.968238424592819 ], [ 171.126271422538991, -44.968815787836945 ], [ 171.125874553836695, -44.969385856699155 ], [ 171.125496458141555, -44.96996239536815 ], [ 171.125129544625338, -44.970542785435107 ], [ 171.124729984614817, -44.971111908641703 ], [ 171.124351493508584, -44.971688293575014 ], [ 171.123957643466156, -44.972252687641394 ], [ 171.123569275097822, -44.972819157649901 ], [ 171.123151470260069, -44.973381357737189 ], [ 171.122724763744799, -44.973940487351584 ], [ 171.122277975524099, -44.974492005026718 ], [ 171.121918987660735, -44.975076773390377 ], [ 171.121514986342333, -44.975644486368004 ], [ 171.121118112574464, -44.97621489346831 ], [ 171.120714758807623, -44.9767828405624 ], [ 171.120316522396848, -44.977352720372352 ], [ 171.119921307995497, -44.977923739239486 ], [ 171.119519651175295, -44.978490083652652 ], [ 171.119119187436638, -44.979056493713806 ], [ 171.118709654777064, -44.979621739855872 ], [ 171.118301715140319, -44.980188337412187 ], [ 171.117901050135202, -44.98075781409397 ], [ 171.117491838085215, -44.981323896146286 ], [ 171.117089546025255, -44.981892716690936 ], [ 171.116630400694049, -44.982438987884365 ], [ 171.116195673128829, -44.982994935944866 ], [ 171.115752471103406, -44.983547518199153 ], [ 171.115302003916838, -44.984097214170362 ], [ 171.114857229601057, -44.984649162070909 ], [ 171.114423166396278, -44.98520535176614 ], [ 171.113999671232904, -44.985765726517002 ], [ 171.113560587675579, -44.986319914602255 ], [ 171.113137836626152, -44.986880573500038 ], [ 171.112674461542866, -44.987423213850171 ], [ 171.11224376737124, -44.98797263268191 ], [ 171.11182026044429, -44.988528192266919 ], [ 171.111378289304497, -44.989081889688876 ], [ 171.110944800635565, -44.989639320481089 ], [ 171.110505128245251, -44.990194020663132 ], [ 171.11006730942762, -44.990749532591522 ], [ 171.109621227515248, -44.991301397462216 ], [ 171.109179867547738, -44.991855338283656 ], [ 171.108780818752138, -44.992427922003664 ], [ 171.108290618156616, -44.992961671173447 ], [ 171.107816467552595, -44.993503140934969 ], [ 171.107379806159429, -44.994059062975325 ], [ 171.106953928810839, -44.994618868610658 ], [ 171.106512500738148, -44.995172177862834 ], [ 171.10603176100895, -44.995709072669058 ], [ 171.10558861011387, -44.996261652155049 ], [ 171.105137492651977, -44.996810900984237 ], [ 171.10466489592406, -44.997351178813467 ], [ 171.104197626540468, -44.997893675014147 ], [ 171.103705772275816, -44.998425903888517 ], [ 171.103209310008083, -44.998956203995931 ], [ 171.102735156006815, -44.999488709313447 ], [ 171.102255820617131, -44.999996935153725 ], [ 171.10178600962243, -45.000522391845863 ], [ 171.101308547955767, -45.001065197065039 ], [ 171.100802246823946, -45.001591837360756 ], [ 171.100292086817888, -45.002116310869923 ], [ 171.099785935896534, -45.002643026478388 ], [ 171.099254712767419, -45.00315568821366 ], [ 171.098708723296426, -45.003660071053062 ], [ 171.098173330864626, -45.004170387612142 ], [ 171.097669262376996, -45.004698252435624 ], [ 171.09713730426131, -45.00521153834746 ], [ 171.096643790274044, -45.005744369334472 ], [ 171.096124373701343, -45.006262675518087 ], [ 171.095611462112828, -45.006784075950506 ], [ 171.095098409056646, -45.007305399821313 ], [ 171.094594611230889, -45.007831416338696 ], [ 171.094082057975896, -45.008352984358694 ], [ 171.093553718948698, -45.008866535686565 ], [ 171.093057423516996, -45.009396345701447 ], [ 171.092522827380975, -45.009906711757367 ], [ 171.091998754773243, -45.010422414172325 ], [ 171.09145106157564, -45.010926123357493 ], [ 171.090885562224514, -45.011420790339969 ], [ 171.090379944098231, -45.011945844896559 ], [ 171.089850097905924, -45.012458597871337 ], [ 171.089347593886629, -45.012985223456838 ], [ 171.088814251285925, -45.013490868306356 ], [ 171.088279556072564, -45.013993077757725 ], [ 171.087724085433535, -45.014489958751653 ], [ 171.087210755719354, -45.015014434808378 ], [ 171.086646662421373, -45.015508711234311 ], [ 171.086075344842129, -45.015998686233551 ], [ 171.085529401938231, -45.016503750511944 ], [ 171.084957434847922, -45.016993330687264 ], [ 171.084385067156745, -45.017482668322359 ], [ 171.083832179988917, -45.017983589282963 ], [ 171.083261003477332, -45.018473626980835 ], [ 171.082663867462827, -45.01894815964085 ], [ 171.082122330265435, -45.019455140642236 ], [ 171.081556921844509, -45.019948182644875 ], [ 171.080971221954201, -45.020429516476206 ], [ 171.080400667586417, -45.020920072514471 ], [ 171.079798464432855, -45.02139134447166 ], [ 171.079242702524255, -45.021890903518383 ], [ 171.078664858528128, -45.022377006345707 ], [ 171.078075493963979, -45.022856086827247 ], [ 171.077503125667306, -45.02334551703909 ], [ 171.076946782421459, -45.023844705373421 ], [ 171.076355580081298, -45.024322567193543 ], [ 171.07576484905843, -45.024800141652875 ], [ 171.075175476280663, -45.025278629368671 ], [ 171.074572152062927, -45.025749039929231 ], [ 171.073969103251926, -45.026219616828186 ], [ 171.073356858367191, -45.026684496266341 ], [ 171.072763830161989, -45.027161268601333 ], [ 171.072126708115889, -45.027610738128061 ], [ 171.071547651844554, -45.028096152235534 ], [ 171.070994073647569, -45.028597335874657 ], [ 171.070378029733746, -45.029059842479654 ], [ 171.069786851774808, -45.029537739621055 ], [ 171.069199260245171, -45.030017853026834 ], [ 171.068583499187923, -45.030480522223158 ], [ 171.068025278265935, -45.030978811075862 ], [ 171.067460135930219, -45.031472810719251 ], [ 171.066879516492833, -45.031957224188922 ], [ 171.066311355990479, -45.032446090135828 ], [ 171.065747019741906, -45.032933251028545 ], [ 171.065129683325324, -45.033389648478817 ], [ 171.064528528279993, -45.033861603410756 ], [ 171.063917559648246, -45.034326941656957 ], [ 171.063314772603746, -45.034797789271032 ], [ 171.062747755150639, -45.035292736569858 ], [ 171.062155357821467, -45.035770577810013 ], [ 171.061558011855311, -45.036245080616702 ], [ 171.060950350292785, -45.036712628404054 ], [ 171.060324436534046, -45.037167872969349 ], [ 171.059726348309908, -45.037638630656886 ], [ 171.059133946902847, -45.038113233676533 ], [ 171.058516992027251, -45.038574096098401 ], [ 171.057904757028524, -45.039039242621122 ], [ 171.057273436074979, -45.039490746599412 ], [ 171.056639490670278, -45.039940371494318 ], [ 171.056037742809394, -45.040413001556551 ], [ 171.055399233962419, -45.040859358154506 ], [ 171.054761213530327, -45.041306060129699 ], [ 171.054121627387389, -45.041751639565945 ], [ 171.053484688799642, -45.042199107346853 ], [ 171.052857490852972, -45.042653532385238 ], [ 171.052207777832677, -45.043091863942628 ], [ 171.051580505789218, -45.043545059631683 ], [ 171.050949541622515, -45.043992841330734 ], [ 171.050314480534126, -45.044439248240828 ], [ 171.049670449027104, -45.04488175246555 ], [ 171.049032057724986, -45.045328507667811 ], [ 171.048382223702248, -45.04576662825211 ], [ 171.047737209519539, -45.046208381010302 ], [ 171.047094143826399, -45.046651600107339 ], [ 171.046446043245851, -45.047091017947125 ], [ 171.045793403567728, -45.047527008468386 ], [ 171.04514535553156, -45.04796645906687 ], [ 171.044485750993545, -45.048396255808164 ], [ 171.04385372448408, -45.048846813456585 ], [ 171.043193889863687, -45.049277094518793 ], [ 171.042542394957479, -45.049714000591692 ], [ 171.041878793302317, -45.050141637425817 ], [ 171.041221839315511, -45.050574358606013 ], [ 171.040591915674781, -45.05102776412496 ], [ 171.039935799081519, -45.05146111947407 ], [ 171.039284975319163, -45.05189852233142 ], [ 171.038618474988453, -45.052323923583472 ], [ 171.037992563032248, -45.052780386242674 ], [ 171.037340183918445, -45.053216588596285 ], [ 171.036672437029722, -45.053641025548849 ], [ 171.036017672227615, -45.054075395157916 ], [ 171.035336763452079, -45.054489751415645 ], [ 171.034682276662011, -45.054924326944537 ], [ 171.034031377234356, -45.055361644781819 ], [ 171.033375290880798, -45.055794989254373 ], [ 171.032711586238634, -45.05622249938159 ], [ 171.032051372238527, -45.056652677765292 ], [ 171.031387092651784, -45.05707974094728 ], [ 171.030726736198631, -45.057505449290879 ], [ 171.03009675837896, -45.057949493411733 ], [ 171.029426574871422, -45.058366423793352 ], [ 171.028751358969316, -45.058784888306853 ], [ 171.028078163595922, -45.059205020383075 ], [ 171.02743396213279, -45.059649123100115 ], [ 171.026774517356102, -45.060080618864802 ], [ 171.026091284711953, -45.060492442373587 ], [ 171.02540955375278, -45.060905504397809 ], [ 171.024740699384893, -45.061329210507971 ], [ 171.024077952193466, -45.0617579634023 ], [ 171.023402718046754, -45.062176388116256 ], [ 171.022717374549046, -45.062586450503197 ], [ 171.022046741755815, -45.063008673733215 ], [ 171.021359775347406, -45.063417387831251 ], [ 171.020682099885505, -45.063833781324384 ], [ 171.019995165679859, -45.064242515678039 ], [ 171.019298718274229, -45.064643380369063 ], [ 171.018587869952341, -45.065032333599419 ], [ 171.017907921519623, -45.065441703761962 ], [ 171.017264143726294, -45.06587439410157 ], [ 171.016554141398899, -45.066255295043241 ], [ 171.015872794924491, -45.066669517948114 ], [ 171.015179881605235, -45.067073382853152 ], [ 171.01449680615201, -45.067486052421863 ], [ 171.013805933520075, -45.067891738727077 ], [ 171.013118230412658, -45.068300259831496 ], [ 171.012434523260936, -45.068712355660487 ], [ 171.011733143807959, -45.069108627120151 ], [ 171.011031301774921, -45.069504481556024 ], [ 171.010312061609199, -45.069884756728676 ], [ 171.009620878555978, -45.070290148236317 ], [ 171.008951173527521, -45.070714619191506 ], [ 171.008241361272695, -45.07110306626678 ], [ 171.007552780947719, -45.071510696501804 ], [ 171.00686923435245, -45.071922947455818 ], [ 171.006183782532219, -45.072333487001494 ], [ 171.005512955446108, -45.072757140072248 ], [ 171.004824230096034, -45.073164738341731 ], [ 171.004122240008485, -45.073560437207881 ], [ 171.003425069123921, -45.073960455383812 ], [ 171.002766196793033, -45.074395200824931 ], [ 171.002079920278931, -45.074811177192117 ], [ 171.001356258263826, -45.075194441807483 ], [ 171.000681304360143, -45.075613217663971 ], [ 171.000020688781945, -45.076044123833533 ], [ 170.999320345197674, -45.076441408569778 ], [ 170.998628347471282, -45.07684575256841 ], [ 170.997922056967241, -45.077237998503968 ], [ 170.997217418496859, -45.07763022922456 ], [ 170.996573072614325, -45.078070991633737 ], [ 170.995904251069618, -45.078492728726509 ], [ 170.995250613769684, -45.078930577307624 ], [ 170.994604391061046, -45.079374892389559 ], [ 170.993941508885115, -45.079804669597777 ], [ 170.993334527422689, -45.080286335199141 ], [ 170.992681311869319, -45.080729177164017 ], [ 170.992009623102774, -45.08115534577027 ], [ 170.991324415767423, -45.081567449774731 ], [ 170.990704484331474, -45.082027029056164 ], [ 170.990040869239152, -45.08245483100162 ], [ 170.989437726883068, -45.082927759640846 ], [ 170.988825659880973, -45.083400811313595 ], [ 170.988172007461856, -45.083846018928583 ], [ 170.987546323359595, -45.084301874430516 ], [ 170.986954578463894, -45.084778963749606 ], [ 170.986357191373713, -45.085252518276668 ], [ 170.985795791505922, -45.085748589019104 ], [ 170.98522156975838, -45.086236707053189 ], [ 170.984653657036432, -45.086728752518582 ], [ 170.9841218188798, -45.087243272617769 ], [ 170.98357303782393, -45.087747196101688 ], [ 170.983009603168057, -45.088241954210517 ] ] } },
{ "type": "Feature", "properties": { "group_id": "nzd0472" }, "geometry": { "type": "LineString", "coordinates": [ [ 170.972527314426543, -45.101903514369937 ], [ 170.972438595769489, -45.102536184142451 ], [ 170.972401471179495, -45.10316971142629 ], [ 170.972386218211881, -45.103803598184001 ], [ 170.972490944733011, -45.104439488458929 ] ] } },
{ "type": "Feature", "properties": { "group_id": "nzd0474" }, "geometry": { "type": "LineString", "coordinates": [ [ 170.919969258562674, -45.155937248347129 ], [ 170.91939867577392, -45.156424876020154 ], [ 170.918843150470792, -45.156922364546674 ] ] } },
{ "type": "Feature", "properties": { "group_id": "nzd0482" }, "geometry": { "type": "LineString", "coordinates": [ [ 170.855479429385952, -45.275944299928064 ], [ 170.854742171442268, -45.276295521830157 ], [ 170.854038624516278, -45.27666036079485 ], [ 170.853124364380903, -45.276855092696394 ], [ 170.852117744509087, -45.277093660008653 ], [ 170.851371449121928, -45.277521003410278 ], [ 170.85073864601776, -45.278036982767638 ], [ 170.850101055289031, -45.278516700076835 ], [ 170.849590350409159, -45.279017909516277 ], [ 170.848957622554764, -45.279490415833969 ], [ 170.848322792462909, -45.280026602869064 ], [ 170.847815741418032, -45.280547227816612 ], [ 170.847390395987048, -45.281048325853149 ], [ 170.84688451477831, -45.281619291870733 ], [ 170.846352677471543, -45.282184773365699 ], [ 170.845826539810759, -45.282697598886003 ], [ 170.827095042554447, -45.317311963284979 ], [ 170.827054757572569, -45.317958610210802 ], [ 170.826863581072558, -45.318572714059165 ], [ 170.826593919637361, -45.319185161888925 ], [ 170.826281345768479, -45.319770999489705 ], [ 170.832873538592452, -45.356349552054887 ], [ 170.833318746527652, -45.356896160811978 ], [ 170.833839197459355, -45.35740940283717 ], [ 170.834368611675728, -45.357919301548222 ], [ 170.834945602689601, -45.358405157029878 ], [ 170.835477613074943, -45.358912569904014 ], [ 170.836089152874877, -45.359373299197316 ], [ 170.836680313796933, -45.359847426887129 ], [ 170.837273097110028, -45.360326582879097 ], [ 170.837989213128935, -45.360720036911879 ], [ 170.838900619344514, -45.360836564806384 ], [ 170.839723911784375, -45.361017552595555 ], [ 170.84059913215566, -45.361153619152077 ] ] } },
{ "type": "Feature", "properties": { "group_id": "nzd0483" }, "geometry": { "type": "LineString", "coordinates": [ [ 170.858713794342947, -45.355982396093452 ], [ 170.859462685995283, -45.35632113792105 ], [ 170.860283718213879, -45.356618413976314 ] ] } },
{ "type": "Feature", "properties": { "group_id": "nzd0484" }, "geometry": { "type": "LineString", "coordinates": [ [ 170.862593132093679, -45.35979019864881 ], [ 170.862298708038594, -45.360400858806329 ], [ 170.862032992186755, -45.361014617247378 ] ] } },
{ "type": "Feature", "properties": { "group_id": "nzd0485" }, "geometry": { "type": "LineString", "coordinates": [ [ 170.862099490457894, -45.362300746445889 ], [ 170.862084449041134, -45.362913266548809 ], [ 170.862143906940474, -45.363536046071381 ], [ 170.862426338294341, -45.364141484366101 ], [ 170.862686446936806, -45.364747590371266 ], [ 170.862817319393429, -45.365370210449221 ], [ 170.863074221823666, -45.365972396481062 ], [ 170.863587629606116, -45.366552204784782 ], [ 170.864339313069536, -45.36691867574136 ] ] } },
{ "type": "Feature", "properties": { "group_id": "nzd0486" }, "geometry": { "type": "LineString", "coordinates": [ [ 170.864262010698866, -45.369098271062271 ], [ 170.864342500289013, -45.369746416783855 ], [ 170.86475063725149, -45.370341499234641 ] ] } },
{ "type": "Feature", "properties": { "group_id": "nzd0487" }, "geometry": { "type": "LineString", "coordinates": [ [ 170.865962189828451, -45.372123951050007 ], [ 170.86521271121785, -45.372529125535387 ], [ 170.864670731912753, -45.373075573598136 ] ] } },
{ "type": "Feature", "properties": { "group_id": "nzd0489" }, "geometry": { "type": "LineString", "coordinates": [ [ 170.815729152944698, -45.429638931385334 ], [ 170.815489988434081, -45.43024005711127 ], [ 170.815125359388816, -45.43085042694414 ], [ 170.814714099362362, -45.431429425443618 ], [ 170.814512266324101, -45.432039191279706 ], [ 170.814244361405457, -45.432666074475918 ], [ 170.813916748627094, -45.433277253461092 ] ] } },
{ "type": "Feature", "properties": { "group_id": "nzd0493" }, "geometry": { "type": "LineString", "coordinates": [ [ 170.759920726651302, -45.529506037197081 ], [ 170.759456691490954, -45.53057660028032 ], [ 170.758851312969199, -45.531135325695764 ], [ 170.758321308459102, -45.531575981071924 ], [ 170.757740818664104, -45.532058110099094 ], [ 170.757080128966436, -45.532500378446045 ], [ 170.756487320056465, -45.532989084500052 ], [ 170.755938019372962, -45.533515160934648 ], [ 170.755421016793406, -45.534048064380066 ], [ 170.754991955651604, -45.534610437984163 ] ] } },
{ "type": "Feature", "properties": { "group_id": "nzd0495" }, "geometry": { "type": "LineString", "coordinates": [ [ 170.659785843041902, -45.635104541299945 ], [ 170.65990375211112, -45.63573412878155 ], [ 170.660114787564169, -45.636353678079139 ], [ 170.660362362315425, -45.636957822735681 ], [ 170.6605188496994, -45.637572387304331 ] ] } },
{ "type": "Feature", "properties": { "group_id": "nzd0496" }, "geometry": { "type": "LineString", "coordinates": [ [ 170.662702525679833, -45.642084237102225 ], [ 170.661962292655943, -45.642444407199434 ], [ 170.661224668792414, -45.642807784633661 ], [ 170.660498847053105, -45.643219275604977 ], [ 170.659812492963283, -45.643695936126399 ], [ 170.659164792586154, -45.644184913394987 ], [ 170.658534859384645, -45.644639912576274 ], [ 170.657953828184361, -45.645108755301877 ], [ 170.657360854029235, -45.645570366290478 ], [ 170.656816993296928, -45.646070170297357 ], [ 170.656325887395525, -45.646599169807033 ], [ 170.655817641539841, -45.64713316582899 ], [ 170.655427167065369, -45.647727022661257 ], [ 170.655075062378103, -45.648323021791157 ], [ 170.654661876361615, -45.648900135249086 ], [ 170.654283316546213, -45.649483318145577 ], [ 170.653864524926576, -45.650031903830239 ], [ 170.653502372767747, -45.650592812343163 ] ] } },
{ "type": "Feature", "properties": { "group_id": "nzd0497" }, "geometry": { "type": "LineString", "coordinates": [ [ 170.601128347849226, -45.710861301247448 ], [ 170.601142636702747, -45.711489999603799 ], [ 170.60113003451977, -45.712106041927868 ], [ 170.601162885919251, -45.712712451445803 ], [ 170.601277914168065, -45.713327877185478 ], [ 170.601383601644272, -45.713951365483219 ], [ 170.601494023217811, -45.714574615970555 ], [ 170.601689264174865, -45.715193723646173 ], [ 170.601767399380861, -45.715818495830035 ], [ 170.601702033008564, -45.716450269917857 ], [ 170.601875447440733, -45.717070401954963 ], [ 170.601938696000957, -45.717695917617661 ], [ 170.601837966238008, -45.718327249280243 ], [ 170.602052023848074, -45.718938209820053 ], [ 170.602021256093934, -45.719567748646575 ], [ 170.602130263658296, -45.720190249582224 ], [ 170.602262824123926, -45.720811016419738 ], [ 170.60206065135921, -45.721456666739108 ], [ 170.60246497742898, -45.722061782580937 ], [ 170.602491048933331, -45.722691136317728 ], [ 170.602491281692295, -45.723321143537 ], [ 170.602744037724818, -45.723936881610513 ], [ 170.602805505648575, -45.724560175376631 ], [ 170.603165307246229, -45.725162584319193 ], [ 170.603185867271947, -45.725789900922798 ], [ 170.603303292831384, -45.726418614162391 ], [ 170.603324873783095, -45.727105515082151 ], [ 170.602881330107294, -45.727729257058911 ], [ 170.602764917494056, -45.728431291995108 ], [ 170.602412308229503, -45.72906544975384 ], [ 170.602133681949567, -45.729553883284417 ], [ 170.601940079013787, -45.730090903032732 ] ] } },
{ "type": "Feature", "properties": { "group_id": "nzd0498" }, "geometry": { "type": "LineString", "coordinates": [ [ 170.616630453213901, -45.736504861851891 ], [ 170.617131999498611, -45.737025302023305 ], [ 170.61775223122072, -45.737497181835984 ], [ 170.618361129926626, -45.737958247259755 ], [ 170.618954185242586, -45.73843367155051 ], [ 170.619598026447278, -45.738871596276418 ], [ 170.62031472913705, -45.739256142933186 ], [ 170.620949651770928, -45.739700391788077 ], [ 170.621620186221605, -45.740118484356387 ], [ 170.622330928347111, -45.740506954153304 ], [ 170.62296906141691, -45.740954492769845 ], [ 170.623652142882662, -45.741364437688013 ], [ 170.624390209907091, -45.741726885317206 ], [ 170.625166476981207, -45.742050639711877 ], [ 170.627321981414212, -45.741175502017896 ] ] } },
{ "type": "Feature", "properties": { "group_id": "nzd0499" }, "geometry": { "type": "LineString", "coordinates": [ [ 170.641338315327801, -45.744594318582045 ], [ 170.641809622713652, -45.745129183199559 ], [ 170.642287508329929, -45.745661584756526 ], [ 170.642684499901861, -45.746224204125355 ], [ 170.643113139520807, -45.746774993959356 ], [ 170.643484078552262, -45.747347336038615 ], [ 170.644000331013416, -45.747865381950149 ], [ 170.644456582754088, -45.748405062320394 ], [ 170.644954354586559, -45.748928760930589 ], [ 170.645384456388854, -45.749478358936756 ], [ 170.645785613805117, -45.750039276226367 ], [ 170.646301362440738, -45.750557980435239 ], [ 170.646842584745627, -45.751067296436254 ], [ 170.647255017510986, -45.751624044565069 ], [ 170.647799133379493, -45.75213439832897 ], [ 170.648350472813064, -45.752646234637567 ], [ 170.648871211453383, -45.753164174029962 ], [ 170.6494224820282, -45.753666061456563 ], [ 170.649964320095677, -45.754174659313527 ], [ 170.650579840333307, -45.754637199733885 ], [ 170.651133853402257, -45.755132203751963 ], [ 170.651714563121089, -45.755610553315314 ], [ 170.652274701977177, -45.756101729225989 ], [ 170.652963208481424, -45.756512838153682 ], [ 170.653626230654737, -45.756939837739992 ], [ 170.654285674738787, -45.75737388421858 ], [ 170.654933867749463, -45.757817003510361 ], [ 170.655634112171811, -45.758216921973975 ], [ 170.656325272201229, -45.75861710204591 ], [ 170.657015672886899, -45.75902116020643 ], [ 170.657664590680639, -45.759463597770598 ], [ 170.658361981043527, -45.759859419498831 ], [ 170.659152373159884, -45.760170702398661 ], [ 170.659974480440923, -45.760453386382395 ] ] } },
{ "type": "Feature", "properties": { "group_id": "nzd0500" }, "geometry": { "type": "LineString", "coordinates": [ [ 170.678017253386514, -45.760263642062569 ], [ 170.67884311323391, -45.760522024697849 ], [ 170.679655067683996, -45.760790389409266 ], [ 170.680463557325652, -45.76106229017384 ], [ 170.681349155735887, -45.76119905742928 ], [ 170.682221223497379, -45.761355397936356 ], [ 170.683091817853409, -45.761514885386518 ], [ 170.683989439639134, -45.761587281119695 ], [ 170.684869708909815, -45.761731829784637 ], [ 170.685770339947453, -45.761773931423718 ], [ 170.686667955456159, -45.761832912334071 ] ] } },
{ "type": "Feature", "properties": { "group_id": "nzd0501" }, "geometry": { "type": "LineString", "coordinates": [ [ 170.665966365188126, -45.761961027551934 ], [ 170.666769991910598, -45.762234039576761 ], [ 170.66763839989946, -45.76239294155841 ], [ 170.668501811952325, -45.762575743881442 ], [ 170.669401165119297, -45.762620316569645 ], [ 170.670301015020868, -45.762672099329514 ], [ 170.671170667872332, -45.762855146731873 ], [ 170.672070955994087, -45.762850500094252 ] ] } },
{ "type": "Feature", "properties": { "group_id": "nzd0502" }, "geometry": { "type": "LineString", "coordinates": [ [ 170.695419333323997, -45.764460758951245 ], [ 170.695656160782306, -45.765077258819787 ], [ 170.695990814116101, -45.765665077472171 ], [ 170.696387396330607, -45.766232146599243 ], [ 170.696856276194382, -45.766785426774483 ], [ 170.697240952589652, -45.767353616080626 ], [ 170.697495479185932, -45.767927940696019 ], [ 170.697867999029512, -45.76849567073419 ], [ 170.698414413008777, -45.768985879969996 ], [ 170.69888860490201, -45.769512980447097 ], [ 170.699558051585086, -45.76996088036919 ], [ 170.700112543867107, -45.770447103967044 ], [ 170.700574528834579, -45.770970018446512 ], [ 170.701113111621112, -45.771466592339429 ], [ 170.701854841057667, -45.771831053796042 ], [ 170.702452192798461, -45.772299729312778 ], [ 170.703156190641863, -45.772679071035427 ], [ 170.703840803206077, -45.773069598564355 ], [ 170.704496007903685, -45.773502568217182 ], [ 170.70518361632196, -45.773908468856426 ], [ 170.705920238262081, -45.774268333578 ], [ 170.706657195153383, -45.774625027520713 ], [ 170.707432961806887, -45.774945697647908 ], [ 170.708222604711096, -45.775249428287715 ], [ 170.708945263840263, -45.7756358010474 ], [ 170.709816237607527, -45.775833143008512 ], [ 170.710631376055517, -45.776095353977425 ] ] } },
{ "type": "Feature", "properties": { "group_id": "nzd0503" }, "geometry": { "type": "LineString", "coordinates": [ [ 170.740091786364104, -45.787931200699795 ], [ 170.740189399556783, -45.78861532444224 ], [ 170.740074683888963, -45.789251872646631 ], [ 170.73976286854483, -45.789840538516692 ], [ 170.739687059068444, -45.790492739755472 ], [ 170.740592509948527, -45.791274815516381 ] ] } },
{ "type": "Feature", "properties": { "group_id": "nzd0504" }, "geometry": { "type": "LineString", "coordinates": [ [ 170.741149033185962, -45.800090399415431 ], [ 170.741498873698816, -45.800669735886416 ], [ 170.741885699464405, -45.801239097453731 ], [ 170.742335071471985, -45.801783685495955 ], [ 170.742792628188141, -45.802322069728774 ], [ 170.743255060746264, -45.802859110866422 ], [ 170.743739470865847, -45.803387455216615 ], [ 170.744359838910555, -45.803848818927079 ] ] } },
{ "type": "Feature", "properties": { "group_id": "nzd0505" }, "geometry": { "type": "LineString", "coordinates": [ [ 170.743758432718721, -45.809592274542609 ], [ 170.743388686293684, -45.81016485071158 ], [ 170.743009774953208, -45.810742286823057 ], [ 170.742659144779537, -45.811317846040673 ], [ 170.742508508422389, -45.811943138219377 ], [ 170.742258533308387, -45.812554702717506 ], [ 170.742097014626012, -45.813175272701592 ] ] } },
{ "type": "Feature", "properties": { "group_id": "nzd0506" }, "geometry": { "type": "LineString", "coordinates": [ [ 170.735470663687806, -45.815883456844624 ], [ 170.735210401038017, -45.81649307675567 ], [ 170.734885977164765, -45.817088982504913 ], [ 170.73441227709597, -45.81763621476712 ], [ 170.734111348524976, -45.81822875039925 ], [ 170.733669785846445, -45.818783144731803 ], [ 170.733196158515852, -45.819327002827762 ], [ 170.732933751101854, -45.819928365719278 ], [ 170.73267573328917, -45.820530968227999 ], [ 170.732420464509545, -45.821152505401443 ], [ 170.732184193674243, -45.821806655642057 ], [ 170.731874556717912, -45.82242559566177 ], [ 170.731566760679357, -45.823014879427745 ], [ 170.7313753448189, -45.823628077123914 ], [ 170.731098474864211, -45.824223704300756 ], [ 170.730977904044352, -45.824851449998285 ], [ 170.730832839510498, -45.825486546811419 ], [ 170.730588564966865, -45.82611169658405 ], [ 170.730448143784258, -45.826742392584976 ], [ 170.730371668209443, -45.82737304593865 ], [ 170.730307710882414, -45.828005769388014 ], [ 170.730203310954863, -45.828631775629781 ], [ 170.729976705148403, -45.829243988402986 ], [ 170.730078733168085, -45.829921533747708 ], [ 170.730066903586732, -45.830567722579659 ], [ 170.72988339789265, -45.831181929017141 ], [ 170.729929690827561, -45.831817796494619 ], [ 170.729855363243729, -45.832442283540743 ], [ 170.729721465410478, -45.833065909456053 ], [ 170.729700944837589, -45.833701648483981 ], [ 170.729653543406755, -45.83433038400063 ], [ 170.729721674024404, -45.834961183594224 ], [ 170.729758611685639, -45.835595119047618 ], [ 170.729865756628243, -45.836224743524696 ], [ 170.729897549431854, -45.836851498819584 ], [ 170.729903074432514, -45.837478041215284 ], [ 170.730050264602852, -45.838099643644085 ], [ 170.730241247276837, -45.838717588655307 ], [ 170.730362468889211, -45.839337037784915 ], [ 170.730579529449301, -45.839945289141419 ], [ 170.73080720022466, -45.840551238839701 ], [ 170.731055534273224, -45.841153309962351 ], [ 170.731283893592064, -45.841758709113037 ], [ 170.731366129592118, -45.842386408409965 ], [ 170.731702662926921, -45.84298510253933 ], [ 170.731792714295636, -45.843630258245867 ], [ 170.731698927018357, -45.844287548153098 ] ] } },
{ "type": "Feature", "properties": { "group_id": "nzd0507" }, "geometry": { "type": "LineString", "coordinates": [ [ 170.740733714358129, -45.86219886806596 ], [ 170.740743305151256, -45.862829533177432 ], [ 170.740817858724881, -45.863462633744604 ], [ 170.741137845465516, -45.864104439781372 ], [ 170.741610502571945, -45.864691877325122 ], [ 170.742023197702167, -45.865266115785666 ], [ 170.742593354337544, -45.865772156364081 ] ] } },
{ "type": "Feature", "properties": { "group_id": "nzd0508" }, "geometry": { "type": "LineString", "coordinates": [ [ 170.70423945750801, -45.874773320788556 ], [ 170.703347600923365, -45.874847169983241 ], [ 170.702459878745799, -45.874946005653371 ], [ 170.701546860091327, -45.874891943573935 ], [ 170.700698632799799, -45.875229507222613 ], [ 170.699813616808882, -45.875466294006742 ], [ 170.698901055615323, -45.87559960659901 ], [ 170.698019410133782, -45.875773394117935 ], [ 170.697148938135967, -45.875930060715802 ], [ 170.696295744467932, -45.876125736369339 ], [ 170.695405556478761, -45.876237882288478 ], [ 170.694554295375298, -45.876437918212595 ], [ 170.693727737559158, -45.876693733383668 ], [ 170.692868063361914, -45.876910029667705 ], [ 170.69200523109339, -45.877124252579343 ], [ 170.691199373469175, -45.877413748606877 ], [ 170.690342201154209, -45.877603898310895 ], [ 170.689534895283686, -45.877884527976462 ], [ 170.688724084040302, -45.878207453622572 ], [ 170.687910420861215, -45.878514061471527 ], [ 170.68709402774374, -45.878783721628167 ], [ 170.68631961167489, -45.879086609348526 ], [ 170.685561832915567, -45.879373205335462 ], [ 170.684826323381856, -45.879729856824 ], [ 170.684103042662429, -45.880152485859227 ], [ 170.683405890877111, -45.880620097972255 ] ] } },
{ "type": "Feature", "properties": { "group_id": "nzd0509" }, "geometry": { "type": "LineString", "coordinates": [ [ 170.652401897079983, -45.898974811666378 ], [ 170.652117229981286, -45.898215096428544 ], [ 170.65143454394223, -45.897808054480983 ], [ 170.650657989805524, -45.897460630324247 ], [ 170.649861832511618, -45.897122916553506 ], [ 170.649077727210141, -45.896752072806912 ], [ 170.648228993700258, -45.896547161785961 ], [ 170.647313041876856, -45.896399515644461 ], [ 170.646374204272945, -45.896336303918581 ], [ 170.645498812066734, -45.896155841437341 ], [ 170.644610557989211, -45.896062929307249 ], [ 170.64373404021498, -45.895924748445061 ], [ 170.64289364378817, -45.895723664571712 ], [ 170.642000788600654, -45.89570226362305 ], [ 170.641189385078462, -45.895364663831167 ] ] } },
{ "type": "Feature", "properties": { "group_id": "nzd0510" }, "geometry": { "type": "LineString", "coordinates": [ [ 170.551611718976403, -45.906635938317955 ], [ 170.550648151964026, -45.906817700459968 ], [ 170.549728904457879, -45.906787856663378 ], [ 170.548822098059276, -45.906814437815008 ], [ 170.547908147526897, -45.906728060725428 ], [ 170.54699186474511, -45.906616009050119 ], [ 170.546094001626443, -45.906558234357185 ], [ 170.545227587397022, -45.906611286953925 ], [ 170.544335567272213, -45.90656088842109 ], [ 170.543398243625774, -45.90651121042756 ], [ 170.54251348283924, -45.906581477804117 ], [ 170.541634565500885, -45.90657749409116 ], [ 170.540706911590235, -45.906552625275658 ], [ 170.539772383412611, -45.906604142786705 ], [ 170.538812121860957, -45.906501007430315 ], [ 170.537910022339133, -45.906713670458359 ] ] } },
{ "type": "Feature", "properties": { "group_id": "nzd0511" }, "geometry": { "type": "LineString", "coordinates": [ [ 170.563562486464235, -45.906812899535275 ], [ 170.562629504549932, -45.906735743628907 ], [ 170.561766321796568, -45.906925775216308 ], [ 170.560878821652835, -45.90702271637322 ], [ 170.560072229436344, -45.907293771621625 ], [ 170.559267898070544, -45.907500349876813 ], [ 170.558405330076539, -45.907660878505752 ], [ 170.55751533644144, -45.907608712717234 ], [ 170.556757601063055, -45.907461690866882 ], [ 170.55610371035101, -45.907091009192207 ] ] } },
{ "type": "Feature", "properties": { "group_id": "nzd0512" }, "geometry": { "type": "LineString", "coordinates": [ [ 170.531358293916497, -45.90784969681598 ], [ 170.530413703372773, -45.9077182478852 ], [ 170.529437559239199, -45.907771223647366 ], [ 170.52852343417112, -45.907803884544201 ], [ 170.527630591022273, -45.907888197197572 ], [ 170.526735847171039, -45.907948228263045 ], [ 170.525838666689054, -45.907977117123011 ], [ 170.524942425004241, -45.907922614722047 ], [ 170.524054324625723, -45.90794996429095 ], [ 170.523157698834382, -45.907956004721605 ], [ 170.522257302402778, -45.907917933055067 ], [ 170.521360063874369, -45.907946609471388 ], [ 170.520464082857899, -45.908001882856723 ], [ 170.519565622134422, -45.908004702208899 ], [ 170.518668831037843, -45.908042840169962 ], [ 170.517771017684794, -45.9080593417806 ], [ 170.516874602133328, -45.908105429754826 ], [ 170.515977551097933, -45.908138065711995 ], [ 170.515082772374711, -45.908218833276941 ], [ 170.514187530214485, -45.908289803872499 ], [ 170.513291027228945, -45.90833407248153 ], [ 170.51239313855848, -45.908348973773997 ], [ 170.511503801460975, -45.908545174778666 ], [ 170.510606503408923, -45.908684339467669 ], [ 170.509681878223574, -45.908732981367628 ], [ 170.508772544025788, -45.908842757544448 ], [ 170.507874829394012, -45.908889653155491 ], [ 170.506990468094642, -45.909000696821053 ], [ 170.506091781908736, -45.909042915717471 ], [ 170.505211010338627, -45.909171205254992 ], [ 170.504339591585563, -45.909344438400005 ], [ 170.503444138907014, -45.909402187283483 ], [ 170.502551847574011, -45.909475123394785 ], [ 170.501661066014776, -45.909555311927079 ], [ 170.500778559265285, -45.909675267504845 ], [ 170.499896317261488, -45.909796497106271 ], [ 170.499007936277422, -45.909888220785696 ], [ 170.498101839991165, -45.909953666948702 ], [ 170.497196909095891, -45.910076678395029 ], [ 170.496299550848306, -45.910185948440585 ], [ 170.495394863694059, -45.910231069312601 ], [ 170.494506090718801, -45.910327670080484 ], [ 170.49365671150079, -45.91055172253607 ], [ 170.492768298241373, -45.91075930303198 ], [ 170.491867610504499, -45.911015759131544 ], [ 170.491025813090459, -45.911308613136242 ], [ 170.490221414239613, -45.911601577230854 ], [ 170.489426611702896, -45.911906741560593 ] ] } },
{ "type": "Feature", "properties": { "group_id": "nzd0513" }, "geometry": { "type": "LineString", "coordinates": [ [ 170.427481562380251, -45.928293586741319 ], [ 170.426572489564109, -45.928032713971568 ], [ 170.425590789745769, -45.927902180584312 ], [ 170.424672972009859, -45.928291086928446 ], [ 170.423763984391485, -45.928356295504777 ], [ 170.422821962936013, -45.928075852272769 ], [ 170.421954519726938, -45.928280071876962 ], [ 170.42107014324921, -45.928413091698559 ], [ 170.420168555767845, -45.928434037148527 ], [ 170.419260613870335, -45.92842737571285 ], [ 170.418392591533689, -45.92870430029506 ], [ 170.417491528914695, -45.928674218623549 ], [ 170.397141633014058, -45.93119093886115 ], [ 170.396281566258523, -45.931372598200021 ], [ 170.395438639464317, -45.931595109722316 ], [ 170.39459577804945, -45.931815649288751 ], [ 170.393772696682873, -45.93207858794225 ], [ 170.392933966336557, -45.932295340851098 ], [ 170.392073925433834, -45.93246887551696 ], [ 170.391175631224172, -45.932591224030347 ], [ 170.390298829415883, -45.932750186992358 ], [ 170.389560795509283, -45.933145165973734 ], [ 170.388797892325442, -45.933499153674433 ], [ 170.387973831245091, -45.933751136231223 ], [ 170.387136090610994, -45.933982993070032 ], [ 170.386279851282637, -45.934176933167215 ], [ 170.385439368460766, -45.934403454293665 ], [ 170.384558901785425, -45.934540474753334 ], [ 170.383681532107602, -45.934696811261688 ], [ 170.382810539300522, -45.934857066463557 ], [ 170.381914882593776, -45.934922048363582 ], [ 170.381025630269846, -45.935028610160536 ], [ 170.380130703884305, -45.935087564113623 ], [ 170.379239074857111, -45.935160656589815 ], [ 170.378350580152983, -45.935270972825499 ], [ 170.377453324335335, -45.935309565622347 ], [ 170.376563058918975, -45.93536084191377 ], [ 170.375672303464228, -45.93543775596811 ], [ 170.374780332030838, -45.935505210110399 ], [ 170.373893160592672, -45.935606160610497 ], [ 170.372984383214316, -45.935621271108381 ], [ 170.372092657258008, -45.935689538842219 ], [ 170.371211847250748, -45.935756518989535 ], [ 170.370336400552929, -45.935906434095074 ], [ 170.369473224272355, -45.936159171656236 ], [ 170.368558954585069, -45.936177808794859 ], [ 170.36767374243567, -45.936313508222689 ], [ 170.366802729949768, -45.936477038013876 ], [ 170.365921762968128, -45.936590526731031 ], [ 170.365081029409879, -45.936791286245828 ], [ 170.364226331193493, -45.936956995032105 ], [ 170.363358139138796, -45.937115461100625 ], [ 170.362484862512474, -45.937291552998474 ], [ 170.361609356335663, -45.937444749425268 ], [ 170.360730316724812, -45.937605005432275 ], [ 170.359852368183795, -45.937747410973046 ], [ 170.358984682351462, -45.937903976118072 ], [ 170.358147116744846, -45.938075246597329 ], [ 170.357323613247047, -45.938158243332786 ], [ 170.3564937824423, -45.93847645340459 ], [ 170.355638931920083, -45.938708719753933 ] ] } },
{ "type": "Feature", "properties": { "group_id": "nzd0514" }, "geometry": { "type": "LineString", "coordinates": [ [ 170.303979727466327, -45.958471075314471 ], [ 170.303180640771899, -45.958781589511652 ], [ 170.302412874851058, -45.959130177707486 ], [ 170.301656334254716, -45.95948539887582 ], [ 170.300984209705149, -45.959851314985968 ], [ 170.300209593802236, -45.960115937254031 ], [ 170.299395422843958, -45.9603985940985 ], [ 170.298685660939725, -45.960790088539994 ], [ 170.297969881025125, -45.961166907227842 ], [ 170.297256351376802, -45.961570650674197 ], [ 170.29650338919879, -45.961938112964617 ], [ 170.295764430404802, -45.962308392940805 ], [ 170.295034399249857, -45.962688470308287 ], [ 170.29435980970382, -45.963112343002237 ], [ 170.293670108206896, -45.963524389571916 ], [ 170.293018481444477, -45.963956776569226 ] ] } },
{ "type": "Feature", "properties": { "group_id": "nzd0515" }, "geometry": { "type": "LineString", "coordinates": [ [ 170.228939058013367, -46.02661299425688 ], [ 170.228325370507804, -46.0270682188374 ], [ 170.227689432926326, -46.027509067083038 ], [ 170.227161060104748, -46.028019392298184 ], [ 170.226669950155667, -46.028553783412342 ], [ 170.226100090501376, -46.029057690037796 ], [ 170.22548941224926, -46.029541997042188 ], [ 170.224962792426311, -46.030053367680765 ], [ 170.224466494477639, -46.030574306312928 ], [ 170.224070338593179, -46.031153277957301 ], [ 170.223564894293673, -46.031680925844412 ], [ 170.222959174012885, -46.032158768644578 ], [ 170.222514793115636, -46.032701559904091 ], [ 170.222089543145046, -46.033252856734187 ], [ 170.22154479561928, -46.033742958714349 ], [ 170.221105094665461, -46.034243987796771 ], [ 170.220590336137633, -46.034723183151421 ], [ 170.219927566468527, -46.035146577745451 ], [ 170.21946373445067, -46.035698699402268 ], [ 170.218955354105731, -46.036235175554424 ], [ 170.218504588305109, -46.036800763883697 ] ] } },
{ "type": "Feature", "properties": { "group_id": "nzd0517" }, "geometry": { "type": "LineString", "coordinates": [ [ 167.415469998309078, -46.149725527291821 ], [ 167.414573496157459, -46.149753575477433 ], [ 167.413659464162521, -46.149791863295185 ], [ 167.412773090312555, -46.14999726107807 ], [ 167.411879473004092, -46.150091847898004 ], [ 167.411031346212638, -46.150329946144282 ], [ 167.410026376281678, -46.14999413806742 ], [ 167.409262018321556, -46.150538764060315 ], [ 167.408391724480197, -46.15069575392166 ], [ 167.407516131108707, -46.150833350310201 ], [ 167.406667183101945, -46.151068460045728 ], [ 167.405750531651734, -46.151128150704821 ], [ 167.404891696501579, -46.151359226802455 ], [ 167.404085250791979, -46.151659569253141 ], [ 167.403255106058424, -46.151902456548868 ] ] } },
{ "type": "Feature", "properties": { "group_id": "nzd0518" }, "geometry": { "type": "LineString", "coordinates": [ [ 167.577459835912151, -46.17943417931167 ], [ 167.576651764937566, -46.179153794434541 ], [ 167.575827116020008, -46.17889922794005 ], [ 167.575041292972713, -46.178598776951951 ], [ 167.574265571847945, -46.178286386856719 ], [ 167.573423693005367, -46.17805217571312 ], [ 167.572757687011801, -46.177610130883998 ], [ 167.571899187531784, -46.17739555744302 ], [ 167.571071785007803, -46.177144233897124 ], [ 167.570148286223258, -46.177006462201028 ], [ 167.569332698577512, -46.176741171570249 ], [ 167.568523050089539, -46.176468860952795 ], [ 167.567803774333726, -46.176089761026752 ], [ 167.567208871380757, -46.175563697891683 ], [ 167.56617973130318, -46.175550740660441 ], [ 167.565366580086845, -46.175282562430155 ], [ 167.564726917855751, -46.174809389174321 ], [ 167.563970867647555, -46.174473739470784 ], [ 167.563175197179959, -46.174185327687987 ], [ 167.562404600415533, -46.173867960561473 ], [ 167.561537664314699, -46.173663188751355 ], [ 167.560737457596616, -46.173379479764741 ], [ 167.559756732846438, -46.173307519119263 ], [ 167.558925944371566, -46.173059676881998 ], [ 167.558140699294256, -46.172758410605056 ], [ 167.557334754008366, -46.172481423732442 ], [ 167.556551222741518, -46.172178144289219 ], [ 167.555778838941848, -46.171861788103193 ], [ 167.554984602505755, -46.171570447017899 ], [ 167.55422958346378, -46.171234218198748 ], [ 167.55342120599397, -46.170954855574301 ], [ 167.552642456182696, -46.170644064436409 ], [ 167.551888091611744, -46.170307464276632 ], [ 167.551130282985156, -46.169974507454377 ], [ 167.550331956022035, -46.169684429331845 ], [ 167.549553149923099, -46.169373690345893 ], [ 167.54879922938369, -46.169036613688128 ], [ 167.548066165162652, -46.168677484160412 ], [ 167.547266226055655, -46.168389100563793 ], [ 167.546484274381299, -46.168081340508856 ], [ 167.545747437137294, -46.167726327770289 ], [ 167.544960314899072, -46.167423941462829 ], [ 167.544188084438019, -46.167105967590196 ], [ 167.543396809881983, -46.166807922858062 ], [ 167.542619423916364, -46.166495340647771 ], [ 167.541911306668084, -46.166110262908497 ], [ 167.541162711033621, -46.16576754686988 ], [ 167.540326479100031, -46.165516544310734 ], [ 167.488603510712608, -46.151443984020815 ], [ 167.487722620390912, -46.151324953553413 ], [ 167.48684806333236, -46.151180793229486 ], [ 167.485938529068619, -46.151175437627444 ], [ 167.485041716962371, -46.151119592764651 ], [ 167.484157730534548, -46.151012854597042 ], [ 167.483247172263276, -46.151011549118302 ], [ 167.482347588137827, -46.150966696077923 ], [ 167.481456923023728, -46.150946337033098 ], [ 167.480571427690279, -46.150921509365503 ], [ 167.479736363055196, -46.150688458592121 ], [ 167.478757448640238, -46.150863139537293 ], [ 167.477893897373292, -46.150690917472105 ], [ 167.47699063207466, -46.150638110560841 ], [ 167.476117706906308, -46.150494076473173 ], [ 167.47522175521658, -46.150419275517578 ], [ 167.474347069401375, -46.150280536380166 ], [ 167.473505341388062, -46.150042714312413 ], [ 167.472650697194268, -46.149834794890012 ], [ 167.471717128176465, -46.149862409240619 ] ] } },
{ "type": "Feature", "properties": { "group_id": "nzd0519" }, "geometry": { "type": "LineString", "coordinates": [ [ 170.079277161843578, -46.202652124138517 ], [ 170.078578059184025, -46.203003962466781 ], [ 170.077824767186172, -46.203342279591887 ], [ 170.077001767582772, -46.203623501621365 ], [ 170.076277023929464, -46.203967688611669 ], [ 170.075519477572527, -46.204299524360479 ] ] } },
{ "type": "Feature", "properties": { "group_id": "nzd0520" }, "geometry": { "type": "LineString", "coordinates": [ [ 166.778548186550836, -46.220394570691987 ], [ 166.778177863683652, -46.219766352394892 ], [ 166.777417303502176, -46.219417799869341 ], [ 166.776711773212185, -46.219029806170148 ], [ 166.775837455382884, -46.218762771265268 ], [ 166.774937701535151, -46.218513959794997 ], [ 166.774282151382835, -46.218090137720573 ], [ 166.77354060795534, -46.217727938620513 ], [ 166.772777955700434, -46.217380863309728 ], [ 166.772088160352752, -46.216981573173349 ], [ 166.771556663976156, -46.216468838608662 ] ] } },
{ "type": "Feature", "properties": { "group_id": "nzd0521" }, "geometry": { "type": "LineString", "coordinates": [ [ 170.02445541940213, -46.231279324044429 ], [ 170.023661942813732, -46.231601077021175 ], [ 170.022887986519351, -46.231910712599152 ], [ 170.022077437353971, -46.232201624567836 ], [ 170.021245104089246, -46.232520845209756 ], [ 170.020474577049782, -46.232844710100188 ], [ 170.019700492549049, -46.233129595061207 ], [ 170.019023825651828, -46.233419081661047 ], [ 170.018250054759108, -46.23373531007789 ], [ 170.017419544446966, -46.234080262458427 ], [ 170.016636760139392, -46.234395951220456 ], [ 170.015891450961675, -46.234760485348843 ], [ 170.015171287665424, -46.235190296100079 ], [ 170.014453410979002, -46.235603025155918 ], [ 170.013772311874533, -46.235977603346292 ], [ 170.013136957395517, -46.23637366301277 ], [ 170.012449060610408, -46.236742930460132 ], [ 170.011735133064064, -46.23712924827089 ], [ 170.010990265890058, -46.237518013189586 ], [ 170.010284651301902, -46.237944185612726 ], [ 170.00955776101614, -46.238354526167896 ], [ 170.00885324638719, -46.238781747600825 ], [ 170.008218820149892, -46.239262052311311 ], [ 170.0075996460223, -46.239645780198742 ], [ 170.00698685236722, -46.240000156326701 ], [ 170.006328166905774, -46.240450052657636 ], [ 170.005596453763701, -46.240845847474212 ], [ 170.004895970637165, -46.241271585719183 ], [ 170.004287817030814, -46.241798502226651 ], [ 170.003656483360118, -46.242302850012216 ], [ 170.003072554117296, -46.242795349443035 ], [ 170.002611962660524, -46.243332868961879 ], [ 170.002175298488027, -46.243882830622098 ], [ 170.001742915512096, -46.244545784106094 ], [ 170.001352796463095, -46.245221334643134 ], [ 170.00119456523484, -46.24585142091113 ], [ 170.000974406268938, -46.246457125239232 ], [ 170.000722723400429, -46.247157501503985 ], [ 170.000696601349006, -46.247881782797243 ], [ 170.00097714625764, -46.248486048533799 ], [ 170.001243487685969, -46.249091322683618 ], [ 170.001429598019399, -46.249664916896045 ], [ 170.001465519533213, -46.250058433834809 ], [ 170.001234970870314, -46.250528353690136 ], [ 170.000800552883845, -46.25108202034383 ], [ 170.000299464105751, -46.251599465548608 ], [ 169.999716097814201, -46.252055455476757 ], [ 169.99910008851333, -46.252420755196049 ], [ 169.998489337321274, -46.252837277877781 ], [ 169.997778595942975, -46.253221740176073 ], [ 169.997039521217687, -46.253575307129324 ], [ 169.996281863375827, -46.253908609418758 ], [ 169.995562922897136, -46.254284126128923 ], [ 169.994774188800932, -46.254583538566933 ], [ 169.994009092310137, -46.254933350902419 ], [ 169.993191181073968, -46.255259213104942 ], [ 169.992492614087212, -46.255670594677213 ], [ 169.991808811840116, -46.256074327671733 ], [ 169.991157157808829, -46.256501522725486 ], [ 169.990567140965396, -46.256973704993378 ], [ 169.989997341472645, -46.257412768397238 ], [ 169.989423806584, -46.257857185540061 ], [ 169.988665578177347, -46.258174855433381 ], [ 169.987894812898219, -46.258493628688129 ], [ 169.987123678381977, -46.258811955262182 ], [ 169.986274475692227, -46.259036260927793 ], [ 169.985460144491185, -46.259302559308658 ] ] } },
{ "type": "Feature", "properties": { "group_id": "nzd0522" }, "geometry": { "type": "LineString", "coordinates": [ [ 167.72661968804357, -46.300319484436621 ], [ 167.727412201410715, -46.299921849537164 ], [ 167.728509070652933, -46.299647486793425 ], [ 167.728769814647563, -46.299034443908944 ], [ 167.72916209587558, -46.298474674568887 ], [ 167.729528857804155, -46.297904563047545 ], [ 167.729770929473091, -46.297278792561599 ], [ 167.72990815467341, -46.296597150854225 ], [ 167.730151922165874, -46.295980514605638 ], [ 167.730350422098695, -46.295374162869443 ], [ 167.730436340980475, -46.294744135151134 ], [ 167.730634484424343, -46.294137695131333 ], [ 167.730746383016196, -46.293513115925798 ], [ 167.730873279947531, -46.292891683257075 ], [ 167.731118697411546, -46.292295162475426 ], [ 167.731383724067712, -46.291705530885203 ], [ 167.731466163049902, -46.291089253266641 ], [ 167.731632313748833, -46.29047972676797 ], [ 167.731827555867142, -46.289873406203945 ], [ 167.731970829099311, -46.28926126675514 ], [ 167.732097291704861, -46.288647240358443 ], [ 167.732218432866091, -46.288028743252319 ], [ 167.732310843210485, -46.287405424520365 ], [ 167.732401733531958, -46.286783925681057 ], [ 167.73248860499757, -46.286165884981074 ], [ 167.732653499149876, -46.285550300378802 ], [ 167.732591283275468, -46.284927538704075 ], [ 167.732594872917105, -46.284289874510655 ], [ 167.732608153340351, -46.283644613099547 ], [ 167.703227236898982, -46.251455311887611 ], [ 167.702597889242583, -46.251012760637686 ], [ 167.702022433169077, -46.250534956712748 ], [ 167.701368944731968, -46.250108188761274 ], [ 167.700332763279761, -46.249931725671978 ], [ 167.699690937366569, -46.249497322154625 ], [ 167.699241561444666, -46.248937040381719 ], [ 167.69864093769732, -46.248475681403512 ], [ 167.698037232207042, -46.248016334782349 ], [ 167.69735833762536, -46.247606163432224 ], [ 167.696775146122576, -46.247133392685022 ], [ 167.696156912634876, -46.246682381961989 ], [ 167.695498947123042, -46.246256262045392 ], [ 167.694881561450273, -46.245804556384186 ], [ 167.694223354028878, -46.245381202422195 ], [ 167.693601773102358, -46.244933548730522 ], [ 167.692998498877927, -46.244473747934727 ], [ 167.692383237218309, -46.24402189580222 ], [ 167.691733307982929, -46.243593037230184 ], [ 167.691170636484628, -46.243106292755336 ], [ 167.690471260626907, -46.242710228066223 ], [ 167.689715051640576, -46.242351859829363 ], [ 167.689084865059954, -46.24190989157853 ], [ 167.688459073022159, -46.241465004945745 ], [ 167.68792048207456, -46.24096227078396 ], [ 167.687195695922583, -46.240583044625296 ], [ 167.68657444240705, -46.240135137549146 ], [ 167.685860333772439, -46.239748821491006 ], [ 167.685006822352818, -46.239454971988295 ], [ 167.684366137076125, -46.239019944423539 ], [ 167.683566855012231, -46.238690114679834 ], [ 167.682959065328902, -46.238235996376552 ], [ 167.682169987516488, -46.237901008462117 ], [ 167.681534638434982, -46.237463286026767 ], [ 167.680933103596061, -46.237002650703275 ], [ 167.680274925502232, -46.236577651168872 ], [ 167.679648383156888, -46.236132743252021 ], [ 167.678956174296843, -46.235729148168446 ], [ 167.678259000199944, -46.235328673348661 ], [ 167.677631352831384, -46.234884449984428 ], [ 167.676979205042358, -46.234455638232077 ] ] } },
{ "type": "Feature", "properties": { "group_id": "nzd0523" }, "geometry": { "type": "LineString", "coordinates": [ [ 167.314541890302763, -46.251128934038448 ], [ 167.313756022909388, -46.250829375947546 ], [ 167.312939977726955, -46.250568911136007 ], [ 167.312138996997874, -46.250288929884903 ], [ 167.31129531434658, -46.250064264615588 ], [ 167.310445843198977, -46.249845053862025 ], [ 167.309562113655147, -46.249686652888762 ], [ 167.308717142261656, -46.249474733741238 ], [ 167.307909854261254, -46.249203052798251 ], [ 167.307090183025167, -46.248950638543178 ], [ 167.306272633150598, -46.248694923703631 ], [ 167.305452187239467, -46.248443714461814 ], [ 167.304595948487673, -46.248245604115688 ], [ 167.303750685915674, -46.248028546927038 ], [ 167.302899339077584, -46.247823012641888 ], [ 167.302045149340501, -46.247633003985769 ], [ 167.301173375669066, -46.247481949652567 ], [ 167.300315138547887, -46.247300908152667 ], [ 167.299442111156964, -46.247152630366543 ], [ 167.298553436502573, -46.247039012350349 ], [ 167.297664137880901, -46.246926773991774 ], [ 167.296767232959297, -46.24683114238757 ] ] } },
{ "type": "Feature", "properties": { "group_id": "nzd0524" }, "geometry": { "type": "LineString", "coordinates": [ [ 169.972144404818494, -46.272177156427318 ], [ 169.971335916044353, -46.272479562961927 ], [ 169.970494157348469, -46.272702137369336 ], [ 169.96966761926447, -46.27296123807573 ], [ 169.968803413684384, -46.273129947808314 ], [ 169.967951625442055, -46.273328455601806 ], [ 169.967104443514643, -46.273538017972506 ], [ 169.966246069052488, -46.2737207191511 ], [ 169.965394238546338, -46.2739150617031 ], [ 169.9645266382893, -46.274071829602242 ], [ 169.963702422562591, -46.274319590633034 ], [ 169.962871821191413, -46.274556442067777 ], [ 169.961996675870665, -46.274710851443906 ], [ 169.961164024758972, -46.27494390601214 ], [ 169.96035333957002, -46.275217615270044 ], [ 169.959527848475517, -46.275463920968022 ], [ 169.958723266120188, -46.275748926440023 ], [ 169.95791375485021, -46.276024809566749 ], [ 169.95712338690916, -46.276336126969397 ], [ 169.956342774626762, -46.276637441215492 ], [ 169.955597931450541, -46.276959863089679 ], [ 169.954838372496056, -46.277279826944806 ], [ 169.95408604415195, -46.27762586947415 ], [ 169.953306276521914, -46.277935013605088 ], [ 169.95251883239419, -46.27823383358394 ], [ 169.951742139424766, -46.278547109431763 ], [ 169.950934338619675, -46.27881855159243 ], [ 169.950112743555451, -46.279072919193197 ], [ 169.949281082627351, -46.279330165857253 ], [ 169.948483598024694, -46.279636629980338 ], [ 169.947641009330312, -46.27985481950688 ], [ 169.946881920111082, -46.280201647442858 ], [ 169.946093089466075, -46.280502655226961 ], [ 169.945308642977068, -46.280810417037344 ], [ 169.944533578055371, -46.281132632536249 ], [ 169.943756302528442, -46.28145144222767 ], [ 169.94295803821035, -46.281737914110352 ], [ 169.942165526600974, -46.282033248562279 ], [ 169.941374697785648, -46.282331175178662 ], [ 169.940627088656669, -46.282670139921684 ], [ 169.939964310825189, -46.282949155843298 ], [ 169.939277194600152, -46.283226815554961 ], [ 169.938546215412117, -46.283587624631025 ], [ 169.937776920817583, -46.283913288936738 ], [ 169.937057483586472, -46.284284677597654 ], [ 169.93630283486317, -46.284623767964334 ], [ 169.935569214984127, -46.2849821423629 ], [ 169.934827279781501, -46.285332886857226 ], [ 169.93408910195339, -46.285687074397543 ], [ 169.933352146525834, -46.286042379956847 ], [ 169.932678623754157, -46.286455863807937 ], [ 169.93204471663833, -46.286858479939369 ], [ 169.931517550098363, -46.287251007521803 ], [ 169.93093285587446, -46.287677546682055 ], [ 169.930359418356062, -46.288162247533833 ], [ 169.929774598483533, -46.288642095515115 ], [ 169.929310006366052, -46.289174025938628 ], [ 169.928875137469333, -46.289722182926084 ], [ 169.928426238479119, -46.290267295058122 ], [ 169.927878127761971, -46.290758900360274 ], [ 169.92736661041252, -46.291269344022197 ] ] } },
{ "type": "Feature", "properties": { "group_id": "nzd0525" }, "geometry": { "type": "LineString", "coordinates": [ [ 169.925794296979518, -46.293658186201043 ], [ 169.925505622652111, -46.294245902664322 ], [ 169.925200322878112, -46.294830012303628 ], [ 169.924933725709849, -46.295422496726268 ], [ 169.924651328304833, -46.296011553027924 ] ] } },
{ "type": "Feature", "properties": { "group_id": "nzd0526" }, "geometry": { "type": "LineString", "coordinates": [ [ 169.923630162749305, -46.299261189949668 ], [ 169.922764580141262, -46.299439775783725 ], [ 169.921893306061747, -46.29960903778538 ], [ 169.921110040673966, -46.299922415198019 ], [ 169.920317037871683, -46.300219847245465 ], [ 169.919519316775194, -46.300493326527452 ], [ 169.918723221730488, -46.300754565609239 ], [ 169.917926103157015, -46.301029579754996 ], [ 169.917052043384302, -46.301210123531447 ], [ 169.916170766573089, -46.301382109281157 ], [ 169.915344763604338, -46.301626593995891 ], [ 169.914526196508405, -46.301882007573717 ], [ 169.913701280640595, -46.30212845999845 ], [ 169.912916278015786, -46.30242739458803 ], [ 169.912086017510632, -46.302693043055129 ], [ 169.911256208861715, -46.302956912726117 ], [ 169.910563015094596, -46.303353170567462 ] ] } },
{ "type": "Feature", "properties": { "group_id": "nzd0527" }, "geometry": { "type": "LineString", "coordinates": [ [ 169.907881995995126, -46.305881601479015 ], [ 169.907099230668365, -46.306186196186601 ], [ 169.906368512491412, -46.306550193633569 ], [ 169.905705609380107, -46.306991592417852 ], [ 169.905005162227411, -46.307390138303127 ], [ 169.904236137224984, -46.307680492670308 ], [ 169.903437417779145, -46.307905642066693 ], [ 169.902653905596992, -46.308189471990225 ], [ 169.901871305796902, -46.308498709562997 ], [ 169.901123101013127, -46.308878967228758 ], [ 169.900389945550387, -46.309277221137783 ], [ 169.899693047469754, -46.309693570101011 ], [ 169.898942665631921, -46.310035901877448 ], [ 169.898117423912993, -46.310270620841415 ], [ 169.897327915360506, -46.310541605389417 ], [ 169.896530772076659, -46.310826189769358 ], [ 169.895714360863479, -46.311084515857118 ], [ 169.894936624960195, -46.311402149152187 ] ] } },
{ "type": "Feature", "properties": { "group_id": "nzd0528" }, "geometry": { "type": "LineString", "coordinates": [ [ 169.890629048993247, -46.314964635718134 ], [ 169.889718645983777, -46.315030936943643 ], [ 169.888801580850014, -46.315275949097348 ], [ 169.887946599824801, -46.315479745376656 ], [ 169.887083963834186, -46.315654931449764 ], [ 169.886234032193471, -46.315854550212379 ], [ 169.885395369386401, -46.316068813224391 ], [ 169.884535924965576, -46.316247249768175 ], [ 169.883665247705522, -46.316403015355277 ], [ 169.882825874139286, -46.316626295921552 ], [ 169.881989136681796, -46.316853172708313 ], [ 169.881159226991031, -46.31709173843236 ], [ 169.880316695348341, -46.317306811019016 ], [ 169.879468755385375, -46.317511164601946 ], [ 169.878598713812124, -46.317670945131056 ], [ 169.877748229445785, -46.317870428147643 ], [ 169.876926084592412, -46.318130173147317 ], [ 169.876076404974697, -46.318331109871131 ], [ 169.875255195261104, -46.31858910403556 ], [ 169.874395826870483, -46.3187663163514 ], [ 169.873550542534019, -46.318975069377892 ], [ 169.872727066746165, -46.319226827142586 ], [ 169.871905382067382, -46.319474783052812 ], [ 169.871069806519046, -46.319694634034953 ], [ 169.870247197905741, -46.31994278673659 ], [ 169.869402149215915, -46.320153120652527 ], [ 169.868576390208602, -46.320407322363202 ], [ 169.867813114026461, -46.320727780883587 ], [ 169.867044531722229, -46.321012226609795 ] ] } },
{ "type": "Feature", "properties": { "group_id": "nzd0530" }, "geometry": { "type": "LineString", "coordinates": [ [ 168.139431232362227, -46.354181639577384 ], [ 168.138685697341117, -46.353836679523283 ], [ 168.137949161909972, -46.353482525099423 ], [ 168.13721845352822, -46.353122417077572 ], [ 168.136443175326121, -46.352807833197417 ], [ 168.135762518413372, -46.352396597437206 ], [ 168.135009234614415, -46.352059544313811 ], [ 168.134360368838202, -46.351615833898201 ], [ 168.133558892022478, -46.351328003405605 ], [ 168.132827119729086, -46.350968973199009 ], [ 168.131883554828676, -46.350826267237998 ], [ 168.131177141531936, -46.350441331251602 ], [ 168.130455475509734, -46.350071973012653 ], [ 168.12973284138522, -46.349703602208862 ], [ 168.129063082548583, -46.34928122439063 ], [ 168.128312546990514, -46.34894134889025 ], [ 168.127447677274944, -46.348718248206126 ], [ 168.126626719383637, -46.348450294287723 ], [ 168.125981098247223, -46.348003258552019 ], [ 168.125253237346925, -46.347640217003288 ], [ 168.124329280749691, -46.347477452388233 ], [ 168.123394096908982, -46.347248450008152 ], [ 168.122452339705148, -46.347023252632333 ], [ 168.121614510526598, -46.346742604263348 ], [ 168.120784011005924, -46.346507648186758 ], [ 168.119938283656296, -46.346298436410756 ], [ 168.11909415597853, -46.346086519408971 ], [ 168.118220109330082, -46.345925181234648 ], [ 168.117378835409482, -46.345708437540019 ], [ 168.116569032233372, -46.345438492017621 ], [ 168.115773761673893, -46.345143980437463 ], [ 168.114964760046348, -46.344872682270292 ], [ 168.114150446517499, -46.344610364539612 ], [ 168.113335425204042, -46.344349244035129 ], [ 168.112482500500164, -46.344152195406899 ], [ 168.111640334710245, -46.343936959196846 ], [ 168.110778946821284, -46.3437542138604 ], [ 168.109928597809017, -46.343552807854905 ], [ 168.109082177488347, -46.343344760214585 ], [ 168.10819352112776, -46.343208100446702 ], [ 168.107369809609082, -46.342961667336553 ], [ 168.106500400251321, -46.34279247200633 ], [ 168.105616775775502, -46.342647300020602 ], [ 168.104794458158068, -46.342398509349401 ], [ 168.103916542251767, -46.342243685111576 ], [ 168.103042200543456, -46.342082817515589 ], [ 168.102172808874428, -46.341913581694293 ], [ 168.101288376609887, -46.341729998529914 ], [ 168.100381318605372, -46.341536523979116 ], [ 168.099504910039656, -46.341320146813857 ], [ 168.09864683813737, -46.341137590451524 ], [ 168.097746293874678, -46.341060844283184 ], [ 168.096876025575455, -46.340908672078179 ], [ 168.096026867175254, -46.340703913282333 ], [ 168.095156211335564, -46.34055270830892 ], [ 168.094289926898455, -46.340390614487518 ], [ 168.093405767478117, -46.340273046363656 ], [ 168.092534359342125, -46.340123715248112 ], [ 168.091646393986792, -46.340015624534161 ], [ 168.090756002275583, -46.339913575044243 ], [ 168.089870691615658, -46.33979886807149 ], [ 168.088932176176542, -46.339816669024401 ], [ 168.087982779159717, -46.339766774249192 ], [ 168.087038049772559, -46.339559683169618 ], [ 168.086089779905734, -46.339569989537353 ], [ 168.085192675488486, -46.339547372586878 ], [ 168.084296038155486, -46.339503941389751 ], [ 168.083400784130362, -46.339398840817523 ], [ 168.082503864631775, -46.339368145848191 ], [ 168.081605520881794, -46.339400991708104 ], [ 168.080708029806715, -46.339395828185339 ], [ 168.079812824914512, -46.339288869873485 ], [ 168.078915026708984, -46.339297472591475 ], [ 168.078017660407795, -46.339286867457638 ], [ 168.077123509935376, -46.339133283172892 ], [ 168.076222319466495, -46.339292778060923 ], [ 168.075324552284286, -46.339300050446077 ], [ 168.074431781986902, -46.339085455380477 ], [ 168.073531133990826, -46.33922071117621 ], [ 168.072631665029007, -46.339303547186617 ], [ 168.07173231461033, -46.339381060973558 ], [ 168.070833655869052, -46.339427863021825 ], [ 168.069935129328343, -46.339468779629044 ], [ 168.069035932339347, -46.339539352164458 ], [ 168.068136544402279, -46.339618319513725 ], [ 168.067236837043367, -46.339711350613378 ], [ 168.066337126779189, -46.339804433504703 ], [ 168.065383572436559, -46.339853824482951 ], [ 168.064372912642682, -46.339896902569841 ], [ 168.063458637507722, -46.340117105279646 ], [ 168.062602896185666, -46.340312031229239 ], [ 168.061672234640525, -46.340284792034161 ], [ 168.060825962387128, -46.340507793962175 ], [ 168.059963454365203, -46.340682650656589 ], [ 168.05907063024469, -46.340767600074379 ], [ 168.058247584953165, -46.341059490692494 ], [ 168.057406590651482, -46.341298154456723 ], [ 168.056525673924739, -46.341418415130299 ], [ 168.055680111927359, -46.341643535306815 ], [ 168.054803284893524, -46.341872387870474 ], [ 168.05381875209568, -46.342022261540251 ], [ 168.052966722783907, -46.342354677425838 ], [ 168.052195625718724, -46.342674665884154 ], [ 168.051385002399513, -46.342941035030265 ], [ 168.050576860216864, -46.343210767241722 ], [ 168.049799141494447, -46.343521767841032 ], [ 168.049001184516186, -46.343805312333558 ], [ 168.048215249765519, -46.344105163755017 ], [ 168.047413081285129, -46.34438299065912 ], [ 168.046678756725839, -46.344752853351793 ], [ 168.04591656675251, -46.345084912725817 ], [ 168.045149670023733, -46.345410585618588 ] ] } },
{ "type": "Feature", "properties": { "group_id": "nzd0532" }, "geometry": { "type": "LineString", "coordinates": [ [ 167.948703394906147, -46.361986359610377 ], [ 167.94799326446045, -46.361586111040985 ], [ 167.94707949373273, -46.361399367259274 ], [ 167.946191402849081, -46.361259406788051 ], [ 167.945327599705479, -46.36108664473587 ], [ 167.944497911925964, -46.360839933616212 ], [ 167.943610483952597, -46.360725767780416 ], [ 167.94276324194837, -46.360578262053401 ], [ 167.941948917214262, -46.360358908541571 ], [ 167.941038160662117, -46.36022419636285 ], [ 167.940154765522948, -46.360092621382819 ], [ 167.939287959886627, -46.359935005941885 ], [ 167.938432125939272, -46.359766744399231 ], [ 167.937568611422108, -46.359608226428982 ], [ 167.936694539572414, -46.35945392598574 ], [ 167.935834390557545, -46.359269966637257 ], [ 167.934947950644244, -46.359135428682087 ], [ 167.93407856785646, -46.358996635427644 ], [ 167.933241514335947, -46.358785341769703 ], [ 167.932360554313078, -46.358669109233055 ], [ 167.931480182146231, -46.358556068234179 ], [ 167.930598056729849, -46.358453546902389 ], [ 167.929707783721938, -46.358364903241259 ], [ 167.928809809494169, -46.358274197503711 ], [ 167.927906639433928, -46.358190778622543 ], [ 167.927035001099171, -46.358093766331294 ], [ 167.926177603205986, -46.35796329259054 ], [ 167.925303760105351, -46.357851441762733 ], [ 167.924424337899012, -46.357719438019394 ], [ 167.923530333282656, -46.357663046494061 ], [ 167.922636008095083, -46.357601868785956 ], [ 167.921739259401392, -46.357568678846562 ], [ 167.920840961123162, -46.357565959711046 ], [ 167.919951843318614, -46.357483729821517 ], [ 167.919070704300566, -46.357416128273726 ], [ 167.918177536936525, -46.357394262766029 ], [ 167.917272128690939, -46.357394855386104 ], [ 167.916375043573765, -46.357342365256841 ], [ 167.915473360215941, -46.357330751562642 ], [ 167.914573319687975, -46.357318268958956 ], [ 167.913665731297471, -46.357326604285234 ], [ 167.912763611743287, -46.35736116413063 ], [ 167.911865009854182, -46.357370482127116 ], [ 167.910974051524391, -46.357382474077539 ], [ 167.910080373996635, -46.357435901021006 ], [ 167.909177678750638, -46.357422072243537 ], [ 167.908269624320553, -46.35747525275859 ], [ 167.907374306435514, -46.357557340823575 ], [ 167.906483020032852, -46.357633003893262 ], [ 167.905597321059787, -46.357743641775727 ], [ 167.904694162493399, -46.357818448017731 ], [ 167.903790354080826, -46.35789316568691 ], [ 167.902901145679834, -46.358016129473548 ], [ 167.901992009375221, -46.358102847518943 ], [ 167.901071358949963, -46.358261312574996 ], [ 167.9001689024943, -46.358457272921044 ], [ 167.899294527140768, -46.358615362187088 ], [ 167.898459749950092, -46.358842674760737 ], [ 167.897626715595123, -46.359073032246158 ], [ 167.896747481484113, -46.359222615544482 ], [ 167.895960110545076, -46.359498553599224 ], [ 167.895163278535819, -46.359758480126906 ], [ 167.894321187623632, -46.359969067773591 ], [ 167.893474549619157, -46.360180415237004 ], [ 167.892593642436339, -46.36038006864603 ], [ 167.891745074814594, -46.360632578299771 ], [ 167.89089599526082, -46.360893929927762 ], [ 167.890076911259143, -46.361252034309715 ], [ 167.889332034106587, -46.361679774477331 ], [ 167.888541907980141, -46.362008302344435 ], [ 167.887765914526369, -46.362362222628711 ], [ 167.887015395825387, -46.362745881352247 ], [ 167.886289798559858, -46.363163564577114 ], [ 167.885558552395935, -46.363560932295982 ], [ 167.88486993378072, -46.363959152861149 ], [ 167.88415340553675, -46.364369992857355 ], [ 167.883487450003372, -46.364826483863254 ], [ 167.882808165993595, -46.365265126293153 ], [ 167.882173765265776, -46.365767988413658 ], [ 167.881525879832793, -46.366266970054248 ], [ 167.880906484622386, -46.366779952707084 ], [ 167.880375063271714, -46.367278195753691 ], [ 167.879958830949278, -46.367802742565296 ], [ 167.879493978606916, -46.368336245018583 ], [ 167.878952363846565, -46.368871087206045 ], [ 167.878481160334985, -46.369502058184352 ], [ 167.877980742642279, -46.370143939027493 ], [ 167.877906875621591, -46.370853930714162 ], [ 167.877867904983901, -46.371506805566881 ] ] } },
{ "type": "Feature", "properties": { "group_id": "nzd0533" }, "geometry": { "type": "LineString", "coordinates": [ [ 167.857468493230641, -46.378744976225818 ], [ 167.856883131390163, -46.378272749689032 ], [ 167.856210992396882, -46.377861138075076 ], [ 167.855618753245238, -46.377393709659898 ], [ 167.854937710715944, -46.376988311345578 ], [ 167.854267518688346, -46.37657533027437 ], [ 167.853564025188604, -46.37618560836578 ], [ 167.852867385726427, -46.375780453075159 ], [ 167.852188828113071, -46.375360409463042 ], [ 167.851509354002133, -46.374951537485671 ] ] } },
{ "type": "Feature", "properties": { "group_id": "nzd0534" }, "geometry": { "type": "LineString", "coordinates": [ [ 168.009406785497333, -46.383090457629507 ], [ 168.008555618698978, -46.382950611189386 ], [ 168.00790979545684, -46.382871950726582 ], [ 168.007190474316872, -46.382647150500077 ], [ 168.006370713753341, -46.382346341590335 ], [ 168.005601176413194, -46.382020283080074 ], [ 168.004781692184707, -46.381691959370464 ], [ 168.003902204608977, -46.381449484943964 ] ] } },
{ "type": "Feature", "properties": { "group_id": "nzd0535" }, "geometry": { "type": "LineString", "coordinates": [ [ 168.029072610130356, -46.384128842899749 ], [ 168.028235814652106, -46.383897046166389 ], [ 168.027366168814439, -46.383742626450555 ], [ 168.026500258679391, -46.383579408003207 ], [ 168.02562790099779, -46.383431375227488 ], [ 168.024744116867765, -46.383310253086862 ], [ 168.023891066162264, -46.383116748913842 ], [ 168.023019790386627, -46.382966167335866 ], [ 168.02207607213407, -46.382880449880695 ], [ 168.021135664934491, -46.382823486739191 ], [ 168.020244453280668, -46.382657546368989 ], [ 168.019344687126846, -46.382671608087179 ] ] } },
{ "type": "Feature", "properties": { "group_id": "nzd0536" }, "geometry": { "type": "LineString", "coordinates": [ [ 168.015562228194199, -46.383771736236284 ], [ 168.014707127310345, -46.383582959144221 ], [ 168.013845411197536, -46.383409875685402 ], [ 168.012978965385003, -46.383248012166383 ], [ 168.012101817416919, -46.383111534384689 ] ] } },
{ "type": "Feature", "properties": { "group_id": "nzd0537" }, "geometry": { "type": "LineString", "coordinates": [ [ 168.221250121021598, -46.422507457385741 ], [ 168.2206262061259, -46.42202729689636 ], [ 168.220156965343563, -46.421496137709873 ], [ 168.21976072998811, -46.420940904538661 ], [ 168.219171304564753, -46.420449357018875 ], [ 168.218553086578964, -46.419967296140356 ], [ 168.218171215543833, -46.41940731115043 ], [ 168.2177632622614, -46.418855919402489 ], [ 168.217385352366904, -46.418294617399518 ], [ 168.216916855765987, -46.41776317463632 ], [ 168.216374535307295, -46.417256064736719 ], [ 168.216003487819876, -46.416692483910019 ], [ 168.215632146271162, -46.416128994439362 ], [ 168.215300404981718, -46.415552443779227 ], [ 168.214974579694797, -46.414973936977958 ], [ 168.214727408875717, -46.414369492909664 ], [ 168.214269146808419, -46.413834637674981 ], [ 168.213892601588213, -46.413272835699438 ], [ 168.213585192308585, -46.412685709332592 ], [ 168.213052808536361, -46.412168677404878 ], [ 168.212710309387461, -46.411588167004005 ], [ 168.212366001552994, -46.411013807845819 ], [ 168.211909430938391, -46.410480127553882 ], [ 168.211507957650156, -46.409926474537265 ], [ 168.211159048965044, -46.409353766463795 ], [ 168.210738489678874, -46.408807019564762 ], [ 168.210449828110541, -46.408212466469102 ], [ 168.20985006731587, -46.407730653114569 ], [ 168.209214419958613, -46.407261839867154 ], [ 168.208725823711234, -46.406739729009161 ], [ 168.208214249675962, -46.406225940193281 ], [ 168.207827831860016, -46.405666788707073 ], [ 168.207202450596327, -46.40519423387066 ], [ 168.206651857203809, -46.404694570107246 ], [ 168.206081116145555, -46.404202202635439 ], [ 168.205613870794423, -46.403672322664214 ], [ 168.205245065427107, -46.4031067623132 ], [ 168.204948517421599, -46.402515009882158 ], [ 168.204654719964168, -46.401922254849843 ], [ 168.204170087075909, -46.401398655154544 ], [ 168.203876635429907, -46.400805763744223 ], [ 168.203700777815698, -46.400170248423187 ], [ 168.203255032639106, -46.399632539315164 ], [ 168.202894817972265, -46.39906382696023 ], [ 168.2023500104969, -46.398562009466168 ], [ 168.20189064368725, -46.398029221301059 ], [ 168.201306049270613, -46.397541812854321 ], [ 168.200717676931646, -46.39705576822557 ], [ 168.200219587123456, -46.396536998298522 ], [ 168.199628815694325, -46.396051812505235 ], [ 168.199207273343717, -46.395505290003733 ], [ 168.198731474810359, -46.394978425592832 ], [ 168.198100660862508, -46.394507736078367 ], [ 168.197681872753492, -46.393960199709504 ], [ 168.197399005259115, -46.39336339789147 ], [ 168.196916249672597, -46.392839033834953 ], [ 168.19652568927458, -46.392281251131806 ], [ 168.195993086161252, -46.391762422720511 ], [ 168.195465984930934, -46.391225434360841 ], [ 168.194830512071718, -46.390756157226626 ], [ 168.19411672248188, -46.390350709721517 ], [ 168.19356387180656, -46.389862756479765 ], [ 168.192984771860722, -46.389388254999886 ], [ 168.192423487644419, -46.388904616489441 ], [ 168.19193244105449, -46.388384968205223 ], [ 168.191484074789258, -46.387843436525479 ], [ 168.190849420926497, -46.387397396486364 ], [ 168.190237641003421, -46.38693962633414 ], [ 168.189657646792512, -46.386465557759315 ], [ 168.189107186029844, -46.385976345375582 ], [ 168.188532703923954, -46.385499442649781 ], [ 168.188014210137339, -46.384993834729258 ], [ 168.187448205698018, -46.384512577650987 ], [ 168.186871374925033, -46.384036866150815 ], [ 168.186263544009734, -46.383577041763481 ], [ 168.185702346162316, -46.383093307940463 ], [ 168.185083336023979, -46.382639205688129 ], [ 168.184613081318304, -46.382108843924335 ], [ 168.184070142241211, -46.381613347673557 ], [ 168.183510969900908, -46.381117316771629 ], [ 168.18300537367378, -46.38059222702082 ], [ 168.18258085272285, -46.380030064050466 ], [ 168.181913620034123, -46.379607734903075 ], [ 168.181476734448211, -46.379052688003739 ] ] } },
{ "type": "Feature", "properties": { "group_id": "nzd0538" }, "geometry": { "type": "LineString", "coordinates": [ [ 169.78325543763782, -46.385670656596623 ], [ 169.782946791054513, -46.386253278668562 ], [ 169.782762718036992, -46.386872661513586 ], [ 169.782446042845407, -46.387452901698246 ], [ 169.782259248712023, -46.388084320098827 ], [ 169.7822027425442, -46.388716004943049 ], [ 169.7819821583372, -46.38932551320827 ], [ 169.782010884904253, -46.389946411401866 ], [ 169.781923593860199, -46.390557574583326 ], [ 169.781664279818472, -46.391149404010925 ], [ 169.781296506449621, -46.391725964100402 ], [ 169.781144475220458, -46.392366282620088 ], [ 169.781139673926788, -46.393013695599429 ], [ 169.781480368404601, -46.393627793514497 ], [ 169.781282228823585, -46.394247588664804 ], [ 169.781198905434906, -46.394862185258695 ], [ 169.781209580587387, -46.39548003111269 ], [ 169.781082775814582, -46.396098151505591 ], [ 169.780767231915206, -46.396795116453838 ], [ 169.781141494079776, -46.397438267778519 ] ] } },
{ "type": "Feature", "properties": { "group_id": "nzd0539" }, "geometry": { "type": "LineString", "coordinates": [ [ 168.272048103832105, -46.500267729353475 ], [ 168.271258813214871, -46.499915930723141 ], [ 168.270509582027273, -46.49954119875796 ], [ 168.269842320653055, -46.499119546194933 ], [ 168.26890772112381, -46.498850901412652 ], [ 168.268457737075323, -46.498304881340744 ], [ 168.267604564650725, -46.497989622400468 ], [ 168.267035561435449, -46.497511715419947 ], [ 168.266389954873944, -46.497077648186199 ], [ 168.265712625957036, -46.496661733029619 ], [ 168.265213138333991, -46.496144027699962 ], [ 168.264721591565291, -46.495621773507374 ], [ 168.264109223071813, -46.495168667162375 ], [ 168.263622228920184, -46.494643799542175 ], [ 168.263088504352311, -46.494145673971524 ], [ 168.262700647779837, -46.493564057074842 ], [ 168.262205619778285, -46.4930437755893 ], [ 168.261543375082482, -46.492619196980179 ], [ 168.261139071814029, -46.49204698126033 ], [ 168.26086077865844, -46.491402638131525 ], [ 168.260510078227355, -46.490725023669064 ], [ 168.26042136460805, -46.490034512849732 ], [ 168.260099709892216, -46.489455860180627 ], [ 168.25965492129194, -46.488904428361295 ], [ 168.259163270143119, -46.488363157422043 ], [ 168.258829624159517, -46.487787600095309 ], [ 168.258726835547776, -46.48716195026774 ], [ 168.258523471339686, -46.486558114508838 ], [ 168.25811093801957, -46.485999653920956 ], [ 168.257803630061943, -46.485418357387914 ], [ 168.257685034832036, -46.484796110988775 ], [ 168.257308195587996, -46.484229887679589 ], [ 168.257067893143557, -46.483634034561533 ], [ 168.256913410036987, -46.483019555111994 ], [ 168.256626577494927, -46.482433784722978 ], [ 168.256239832632275, -46.481869685938236 ], [ 168.255945812637862, -46.481288303219166 ], [ 168.255775046357627, -46.480669179641659 ], [ 168.255536806464363, -46.480061103319507 ], [ 168.255047983987168, -46.479536341131535 ], [ 168.254547924404676, -46.479015208410928 ], [ 168.254222538176123, -46.478437566781004 ], [ 168.254057258769791, -46.477808127351366 ], [ 168.253646788084836, -46.477257997598429 ], [ 168.253365673596107, -46.476666017178736 ], [ 168.253029802495035, -46.476091744058316 ], [ 168.252498173695983, -46.47558079097923 ], [ 168.251831821824254, -46.475113413580345 ], [ 168.251481967376208, -46.474543647632011 ], [ 168.236549043089497, -46.452737113807359 ], [ 168.235984267916024, -46.452230525185314 ], [ 168.235746197951187, -46.451641520075761 ], [ 168.235694417747055, -46.45101320263403 ], [ 168.235444917878709, -46.450419138352053 ], [ 168.235162259922475, -46.449831435867154 ], [ 168.234942357731171, -46.449231674351964 ], [ 168.234571533402686, -46.448660892103966 ], [ 168.234398346032094, -46.448052145850518 ], [ 168.233959789806647, -46.447494359454069 ], [ 168.233697312663082, -46.446902749324103 ], [ 168.233629799319175, -46.446273687992473 ], [ 168.233361780221372, -46.445683129319129 ], [ 168.23293723005645, -46.445123764592083 ], [ 168.232612590967221, -46.444544928578523 ], [ 168.232451844212875, -46.443934380630807 ], [ 168.232069055541189, -46.443364963895569 ], [ 168.232022358183087, -46.442733015951184 ], [ 168.231983852930227, -46.442099536732833 ], [ 168.23170289546519, -46.441511156502713 ], [ 168.231393037446367, -46.440928146574898 ], [ 168.230996173874217, -46.440361316860681 ], [ 168.23086698929896, -46.439744681481379 ], [ 168.230523129404759, -46.439167978236696 ], [ 168.230276990537817, -46.43857308834842 ], [ 168.230069248659902, -46.437971048477316 ], [ 168.229919133190066, -46.437358280907219 ], [ 168.229644901566616, -46.436768598158487 ], [ 168.229465842736658, -46.436161202282626 ], [ 168.229379623671491, -46.435536526881798 ], [ 168.228917837789169, -46.434981719423369 ], [ 168.228519688171446, -46.434415065984368 ], [ 168.228606675027549, -46.433758145894927 ], [ 168.228187474042358, -46.433195396643683 ], [ 168.227862605142434, -46.432615090244646 ], [ 168.227356738038253, -46.432068452613372 ], [ 168.227092069177047, -46.431476933203641 ], [ 168.226831695843998, -46.430884608190908 ], [ 168.22665332942168, -46.430277019045171 ], [ 168.226449771313241, -46.429674110351257 ], [ 168.226066179199165, -46.429104691579838 ], [ 168.225578725355064, -46.428554590362289 ], [ 168.225226180803787, -46.427944710687981 ], [ 168.224771700830246, -46.427368727448986 ], [ 168.224178524011279, -46.426875539412187 ], [ 168.223838558931078, -46.426301809320528 ], [ 168.223509418610718, -46.425724504873493 ], [ 168.22302076225526, -46.42519978356718 ], [ 168.222610992519918, -46.424649049703554 ], [ 168.222298368571813, -46.424066283425901 ], [ 168.2220561847017, -46.423460288540433 ], [ 168.221358948441718, -46.423004310276212 ] ] } },
{ "type": "Feature", "properties": { "group_id": "nzd0540" }, "geometry": { "type": "LineString", "coordinates": [ [ 169.758004371052522, -46.466625856634472 ], [ 169.757482720074478, -46.467208208062182 ], [ 169.756932928927597, -46.467824802518024 ], [ 169.756313961698538, -46.468370585304996 ], [ 169.755854713068459, -46.468958350534919 ], [ 169.755323134282378, -46.469555236844329 ], [ 169.754803502739463, -46.470186757579235 ], [ 169.754820151846985, -46.47085546871137 ], [ 169.754646074646246, -46.471440895630444 ], [ 169.754281216977745, -46.47204830168841 ], [ 169.754035167135925, -46.472734854867682 ], [ 169.753956914441943, -46.473382106871696 ], [ 169.753809021206251, -46.473985233149634 ] ] } },
{ "type": "Feature", "properties": { "group_id": "nzd0541" }, "geometry": { "type": "LineString", "coordinates": [ [ 169.749595954099192, -46.477867353222727 ], [ 169.748878948363597, -46.477476936795441 ], [ 169.748248446338579, -46.477044634253332 ], [ 169.747450912098003, -46.476759685838644 ], [ 169.746625637093729, -46.476523978909199 ], [ 169.74583911821901, -46.476215225145424 ], [ 169.744997932358558, -46.475969812589 ] ] } },
{ "type": "Feature", "properties": { "group_id": "nzd0543" }, "geometry": { "type": "LineString", "coordinates": [ [ 169.614181723527963, -46.540908192218481 ], [ 169.613724133471806, -46.541470695521511 ], [ 169.613440709975407, -46.542059967811902 ], [ 169.613133396201022, -46.542645560392693 ], [ 169.612806851911927, -46.543228189593457 ], [ 169.612575667936483, -46.543825472760858 ] ] } },
{ "type": "Feature", "properties": { "group_id": "nzd0544" }, "geometry": { "type": "LineString", "coordinates": [ [ 169.524002300327084, -46.555819357407017 ], [ 169.52316657498551, -46.556114949614013 ], [ 169.522312176538435, -46.556429929417895 ], [ 169.521412794024059, -46.556418649042108 ], [ 169.520556683625188, -46.556434571985029 ], [ 169.519726995849112, -46.556456317428001 ], [ 169.518903186223497, -46.556359746385581 ], [ 169.518001269481346, -46.55636799886404 ], [ 169.517075491870287, -46.556261921589702 ], [ 169.516133176407408, -46.556219393745245 ], [ 169.515218452178942, -46.556283207026439 ], [ 169.514324801510952, -46.556229687485228 ], [ 169.51342474588111, -46.556273709134238 ], [ 169.512511615382323, -46.556223261366178 ], [ 169.511588811961559, -46.556185032304867 ], [ 169.510699894606887, -46.556071701593297 ], [ 169.509828845115976, -46.556105315056833 ], [ 169.508937880596136, -46.55616665995894 ], [ 169.508022986082352, -46.556230103422344 ], [ 169.507090461669861, -46.556328696350441 ], [ 169.506172071038378, -46.556306945277235 ], [ 169.505272435337275, -46.556338973681001 ] ] } },
{ "type": "Feature", "properties": { "group_id": "nzd0545" }, "geometry": { "type": "LineString", "coordinates": [ [ 169.56262445662972, -46.562091750578674 ], [ 169.561600759578482, -46.562546905716587 ], [ 169.561236152901699, -46.560342900426299 ], [ 169.560325254350403, -46.560343028629816 ], [ 169.55943814074908, -46.560247192084312 ], [ 169.558545091755462, -46.560175300681543 ], [ 169.557661305415081, -46.560092141025947 ], [ 169.556781085284513, -46.559996188600337 ], [ 169.555934948613867, -46.559749772825768 ], [ 169.555095123534272, -46.55947771593268 ], [ 169.554179427133505, -46.559486787985158 ], [ 169.553278753589979, -46.55944019152394 ], [ 169.552395228154467, -46.559268975359245 ], [ 169.55147697502963, -46.559053030180102 ], [ 169.550527730155636, -46.559076118069619 ], [ 169.549620942958313, -46.559103518215821 ] ] } },
{ "type": "Feature", "properties": { "group_id": "nzd0546" }, "geometry": { "type": "LineString", "coordinates": [ [ 168.794242639438465, -46.582028261553639 ], [ 168.793541567930703, -46.581727951484609 ], [ 168.79317192028364, -46.581283081457819 ], [ 168.792398515242525, -46.581046572174479 ], [ 168.791509898775757, -46.580836975507651 ], [ 168.790488360822252, -46.580692851406603 ], [ 168.789506897388321, -46.580631544435619 ], [ 168.788693083938142, -46.580366253241742 ], [ 168.787862284877946, -46.580131826125367 ], [ 168.787068044367743, -46.579831019293664 ], [ 168.786259729122605, -46.579555770557953 ], [ 168.785474987626486, -46.579321101724794 ], [ 168.784773609973712, -46.579017511777387 ], [ 168.784016270708975, -46.578717636729969 ], [ 168.783211654648909, -46.57843870916691 ], [ 168.782392019726018, -46.578176461343695 ], [ 168.691204513855638, -46.569381625439078 ], [ 168.690309047788389, -46.569442581095494 ], [ 168.68941207932258, -46.569468362719213 ], [ 168.68851531802099, -46.569498988914859 ], [ 168.687619366788738, -46.569548590407976 ], [ 168.686723492022821, -46.569599988482572 ], [ 168.685827861462826, -46.569657117022949 ], [ 168.6849317352615, -46.569702631173115 ], [ 168.684036501326545, -46.569769076776019 ], [ 168.683142008251707, -46.569852918174391 ], [ 168.682246130276383, -46.569904280338918 ], [ 168.681350443307821, -46.569960131728138 ], [ 168.680454744468847, -46.570015712123435 ], [ 168.679555407594961, -46.570078031574901 ], [ 168.678649239314126, -46.57016134729961 ], [ 168.677760455509514, -46.570316185614274 ], [ 168.676870897413664, -46.570401367676062 ], [ 168.67598011331728, -46.570478629925439 ], [ 168.675096441691807, -46.570601835751368 ], [ 168.67420183603997, -46.570654409393725 ], [ 168.673305816731414, -46.57069784432624 ], [ 168.67241780507419, -46.570793011949675 ], [ 168.671526952108906, -46.570869820673828 ], [ 168.670643209939612, -46.570992578797515 ], [ 168.669750304050211, -46.571056119847754 ], [ 168.668859014979006, -46.571130106806443 ], [ 168.667973411525281, -46.571240840994243 ], [ 168.667086268107397, -46.571341623837817 ], [ 168.666197073394358, -46.571429147675417 ], [ 168.665307689680532, -46.57151544933506 ], [ 168.664421330660758, -46.571621306552863 ], [ 168.663534249373413, -46.571722496006672 ], [ 168.662648323123989, -46.571831156068647 ], [ 168.661763180103975, -46.571944883922107 ], [ 168.660872077768886, -46.572063006060169 ], [ 168.660004757851738, -46.572255706265182 ], [ 168.659132699211739, -46.572406280892039 ], [ 168.658249867947916, -46.572518768862416 ], [ 168.657371098218704, -46.572644712530959 ], [ 168.656504070258876, -46.572809564325581 ], [ 168.655626375052464, -46.572939066250292 ], [ 168.654756586195504, -46.573094768541402 ], [ 168.653875434059529, -46.573212810964549 ], [ 168.652999151015621, -46.573346988428597 ], [ 168.652126978942334, -46.573494789960549 ], [ 168.651256444266437, -46.573648018266766 ], [ 168.650393542769933, -46.573826547912304 ], [ 168.649533783486788, -46.57401549501725 ], [ 168.648667407714811, -46.574182511642476 ], [ 168.647785902609627, -46.574299375275622 ], [ 168.646904718440794, -46.574417300146173 ], [ 168.646031621254679, -46.574562032818882 ], [ 168.645158374671553, -46.574711205717726 ], [ 168.644299111258562, -46.574904343787608 ], [ 168.643444049974619, -46.575102484025059 ], [ 168.642584379130966, -46.575284719369641 ], [ 168.641720138266095, -46.57545372148801 ], [ 168.640853513085773, -46.575615818660694 ], [ 168.639980186666691, -46.575758508625718 ], [ 168.639096410331888, -46.575870933173547 ], [ 168.638222021661193, -46.576010541858842 ], [ 168.63735597914453, -46.576174320826411 ], [ 168.636484274643294, -46.576321700233677 ], [ 168.635620583601735, -46.576492288305914 ], [ 168.63475241130169, -46.576649896198347 ], [ 168.633888525474731, -46.576819919266455 ], [ 168.633029599193435, -46.57700430833772 ], [ 168.632167415547002, -46.577179262218806 ], [ 168.631294661309965, -46.577323594632617 ], [ 168.630442489555378, -46.577527551681499 ], [ 168.629584882748446, -46.577718989988171 ], [ 168.628726027204976, -46.577906538543679 ], [ 168.627869610920072, -46.578095705105923 ], [ 168.626994530909144, -46.578235229773448 ], [ 168.626136789149655, -46.578418431945529 ], [ 168.625272477756113, -46.578585081910781 ], [ 168.624411816548644, -46.578760926723007 ], [ 168.624225760952498, -46.578798929121966 ] ] } },
{ "type": "Feature", "properties": { "group_id": "nzd0547" }, "geometry": { "type": "LineString", "coordinates": [ [ 169.456672383222951, -46.576792092261599 ], [ 169.455793393741402, -46.576919834524404 ], [ 169.454922230789549, -46.577069256489494 ], [ 169.454066751070144, -46.577262126945989 ], [ 169.453284289321061, -46.577657298109528 ], [ 169.452475428228638, -46.577979338347347 ], [ 169.451655846782415, -46.578271683771369 ], [ 169.450790513429865, -46.578437268422633 ], [ 169.449962189526957, -46.578705399453867 ], [ 169.449153347858328, -46.578963271326373 ], [ 169.44842890188815, -46.579254896741546 ], [ 169.447669910156321, -46.579524737259391 ], [ 169.446880927554474, -46.579809120873051 ], [ 169.446139616668859, -46.58014928076588 ], [ 169.445367497870222, -46.580459584610189 ], [ 169.444605829107729, -46.580789795927004 ], [ 169.44384760054848, -46.581133331337767 ], [ 169.443154780185239, -46.581514314158589 ] ] } },
{ "type": "Feature", "properties": { "group_id": "nzd0548" }, "geometry": { "type": "LineString", "coordinates": [ [ 168.806376367824981, -46.590815518475722 ], [ 168.806395778650284, -46.590193989368665 ], [ 168.806123586902117, -46.589478385991391 ], [ 168.805720515565724, -46.588826601297455 ], [ 168.805224134205019, -46.588260888709094 ], [ 168.804621379159698, -46.587732936402304 ], [ 168.803935103562992, -46.587307856161708 ], [ 168.803236854344647, -46.586882158100565 ], [ 168.802450677827665, -46.586539649557835 ] ] } },
{ "type": "Feature", "properties": { "group_id": "nzd0549" }, "geometry": { "type": "LineString", "coordinates": [ [ 168.623381591687206, -46.579016324598669 ], [ 168.622519894896044, -46.579189558734058 ], [ 168.621665236556993, -46.579380526162076 ], [ 168.620793475054398, -46.579528397772798 ], [ 168.619925070499249, -46.579684725578126 ], [ 168.619081192445833, -46.579902854902038 ], [ 168.618229396393616, -46.580101032431266 ], [ 168.617358150857171, -46.580250197183744 ], [ 168.616493941285711, -46.580417090512093 ], [ 168.615634950189133, -46.580597133524883 ], [ 168.614773527648879, -46.580771047867884 ], [ 168.613930301631484, -46.580997165817188 ], [ 168.613087618986413, -46.581222791213435 ], [ 168.612250393968765, -46.581453788215221 ], [ 168.611384109049112, -46.581616233269649 ], [ 168.610523163933266, -46.581790871069146 ], [ 168.609646787470552, -46.581930262992785 ], [ 168.608811394747818, -46.582163256813956 ], [ 168.607971115626555, -46.582385090754961 ], [ 168.607124256480745, -46.582591895683102 ], [ 168.606265940560263, -46.582772531419018 ], [ 168.605415536867014, -46.582971238428293 ], [ 168.604560642913583, -46.583159687778448 ], [ 168.603706889895022, -46.583350742029808 ], [ 168.602867848955185, -46.583575402559951 ], [ 168.602034829008176, -46.583813817795011 ], [ 168.601195051192207, -46.584036796024087 ], [ 168.600344737324832, -46.584235704922705 ], [ 168.599491059164876, -46.584426927075306 ], [ 168.598643177640952, -46.584631391094135 ], [ 168.597788433539591, -46.584823137829801 ], [ 168.596934066856704, -46.585017090205909 ], [ 168.59609143745314, -46.585233458858198 ], [ 168.595241938330076, -46.585433210416141 ], [ 168.59440557357766, -46.585661315148542 ], [ 168.593574248816623, -46.585900300401654 ], [ 168.592738901733298, -46.586130602348739 ], [ 168.59188716543926, -46.58632552110943 ], [ 168.59104323526816, -46.58653729168455 ], [ 168.590203765861474, -46.586758692455831 ], [ 168.589362111316717, -46.586975375025752 ], [ 168.588524203683079, -46.587200147127049 ], [ 168.587669413236483, -46.587386008555562 ], [ 168.586828594335429, -46.587602504438557 ], [ 168.585975694902515, -46.587794631413132 ], [ 168.585125682862895, -46.587994318769148 ], [ 168.58426047727022, -46.588159121226305 ], [ 168.583418435960397, -46.588377107356891 ], [ 168.582570322843367, -46.588581152169198 ], [ 168.581726301019643, -46.588794590646948 ], [ 168.580868185188109, -46.588975666348013 ], [ 168.580027117600281, -46.589195887547795 ], [ 168.579182681534064, -46.589408373894514 ], [ 168.578338666980557, -46.589621828041253 ], [ 168.577493430187985, -46.589832475317401 ], [ 168.576653140458973, -46.590054483143462 ], [ 168.575801881191211, -46.590251299464818 ], [ 168.574966074359679, -46.590483602620466 ], [ 168.574124925424655, -46.590703637713617 ], [ 168.573275535740095, -46.590904746620723 ], [ 168.572436698464799, -46.591130090960974 ], [ 168.571602823222065, -46.591366832491794 ], [ 168.570764074311484, -46.591582669982991 ], [ 168.56994238877428, -46.591824302524564 ], [ 168.569093712292329, -46.59202520256779 ], [ 168.568267707969568, -46.592267750304977 ], [ 168.56745092302927, -46.592526805574529 ], [ 168.566619738577316, -46.592760075386941 ], [ 168.565774146515082, -46.592967543851195 ], [ 168.564947118845197, -46.593208254010683 ], [ 168.56412281946055, -46.593453848720316 ], [ 168.563290832284963, -46.593685675046913 ], [ 168.562456901353357, -46.593914018900882 ], [ 168.561633886250291, -46.594161909972755 ], [ 168.56079627757893, -46.594383664418011 ], [ 168.559957483615136, -46.594603855780882 ], [ 168.559145687613238, -46.594872107311744 ], [ 168.558320437709142, -46.595115734267274 ], [ 168.557497371284512, -46.595362557099698 ], [ 168.556666359093924, -46.59559575859528 ], [ 168.555825652156898, -46.595812340031856 ], [ 168.555001939996288, -46.596058051176577 ], [ 168.554168156416068, -46.596286496422827 ], [ 168.553363333499078, -46.596564585144648 ], [ 168.552545756912394, -46.596820851920604 ], [ 168.55173150668486, -46.597084713603778 ], [ 168.550921412541442, -46.597354252577993 ], [ 168.550105815347621, -46.59761285855155 ], [ 168.549291855668457, -46.597874162621096 ], [ 168.548473957133325, -46.598128972340412 ], [ 168.547660700975371, -46.598391433676362 ], [ 168.546858591166256, -46.598672269032512 ], [ 168.54605096841874, -46.598944015366634 ], [ 168.545235110098844, -46.599202183756873 ], [ 168.544431450613672, -46.599480462026143 ], [ 168.543609609154657, -46.59972846108662 ], [ 168.542796225815636, -46.599989798481772 ], [ 168.541980155727003, -46.600247963002019 ], [ 168.541158549801963, -46.600497443932184 ], [ 168.540339757275916, -46.600751789364168 ], [ 168.539523112008766, -46.601009847452879 ], [ 168.538693533330218, -46.601245535947434 ], [ 168.537857310597644, -46.601469731501396 ], [ 168.537040366079452, -46.601727268376919 ], [ 168.536208472024953, -46.601958947359471 ], [ 168.5353634959896, -46.602167997308477 ], [ 168.534522321711052, -46.602380132343384 ], [ 168.53370174486983, -46.602618963580888 ], [ 168.532853129994351, -46.602809376482931 ], [ 168.532016469254813, -46.603034825035934 ], [ 168.531183112246822, -46.603267021804186 ], [ 168.530339240034152, -46.603477737268918 ], [ 168.52950107779867, -46.603700116307706 ], [ 168.528663294161959, -46.603923268016018 ], [ 168.527826779710153, -46.604149011883379 ], [ 168.526976375029363, -46.604346377177414 ], [ 168.526131917526243, -46.60455589106833 ], [ 168.525283069175003, -46.604756432693804 ], [ 168.524444648417898, -46.604952863237308 ], [ 168.523612184093935, -46.605165766745209 ], [ 168.522766911826523, -46.605379554886177 ], [ 168.521916583704893, -46.605583576768339 ], [ 168.521052552154742, -46.605751234892402 ], [ 168.520198028638362, -46.605944123903356 ], [ 168.519333755209487, -46.606111138479619 ], [ 168.518463677214299, -46.606262747019507 ], [ 168.517602280674481, -46.606437393956874 ], [ 168.516746965873637, -46.606627255057049 ], [ 168.515900119382792, -46.60681195262066 ], [ 168.515032727994878, -46.606944301915853 ], [ 168.514163183460198, -46.607108685921254 ], [ 168.513278558986684, -46.60721324551016 ], [ 168.512397618316982, -46.607332418159622 ], [ 168.511516430290015, -46.607450608188117 ], [ 168.510642321495254, -46.607596886344822 ], [ 168.509766483550152, -46.607736304359712 ], [ 168.508889470641464, -46.607864554181852 ], [ 168.508010901037608, -46.607977814154864 ], [ 168.507135292397322, -46.6081181432695 ], [ 168.506248967715351, -46.608216760386718 ], [ 168.505366748281659, -46.608335857883681 ], [ 168.504485988862371, -46.60846224098988 ], [ 168.503593204523753, -46.608528625232225 ], [ 168.502712797886005, -46.608656768998081 ], [ 168.501826583133038, -46.608756168565904 ], [ 168.500947494537797, -46.608893588751222 ], [ 168.500060769473635, -46.608992204948194 ], [ 168.499184088463437, -46.609135923029569 ], [ 168.49829754456357, -46.609232875212079 ], [ 168.497418364653754, -46.609304172153948 ], [ 168.496541580460359, -46.60940638630688 ], [ 168.495645241198361, -46.609455698162805 ], [ 168.494747036074187, -46.609477039159152 ], [ 168.493848211634571, -46.609526403365791 ], [ 168.492950768672756, -46.609513239054216 ], [ 168.492051886245491, -46.609565186033322 ], [ 168.491155475581024, -46.609542933749175 ], [ 168.490265935372349, -46.60944544334123 ], [ 168.48936850542168, -46.609438570516375 ], [ 168.488471107457968, -46.609416907793275 ], [ 168.487575522611564, -46.609375134099544 ], [ 168.486675668060968, -46.609380725206165 ], [ 168.485778274018486, -46.609359023857003 ], [ 168.484879620261125, -46.609351293155761 ], [ 168.483978117466506, -46.609375149222927 ], [ 168.483081404179046, -46.609345899345612 ], [ 168.482182800656602, -46.609363417507083 ], [ 168.481281459293797, -46.609376400994883 ], [ 168.480393757304086, -46.609282519155435 ], [ 168.479490073188288, -46.609285306816275 ], [ 168.478582787224298, -46.609310208246562 ], [ 168.477682111536637, -46.609294506207441 ], [ 168.476776049766897, -46.609311873586961 ], [ 168.475878083708892, -46.609279523628167 ], [ 168.474992853576396, -46.609168977214154 ], [ 168.474109323782784, -46.609048000812408 ], [ 168.473221923548721, -46.608959228218644 ], [ 168.472332581828113, -46.608886734950218 ], [ 168.471433765176954, -46.608840924987298 ], [ 168.470541685036807, -46.608765531360767 ], [ 168.469653908591198, -46.608673262879371 ], [ 168.468772750733763, -46.60855504578462 ], [ 168.467875405153791, -46.608500295645854 ], [ 168.466984522547278, -46.608420205950118 ], [ 168.466094139478571, -46.608338157634101 ], [ 168.465206147601947, -46.608249472421882 ], [ 168.464312359182287, -46.608174902855417 ], [ 168.463429895313993, -46.608058082344421 ], [ 168.462544478949354, -46.607950103847415 ], [ 168.461659225707024, -46.607841657798865 ], [ 168.460784101418369, -46.607704245278057 ], [ 168.459897358290675, -46.607600058523417 ], [ 168.459018269578849, -46.607473982747614 ], [ 168.458143828850552, -46.607334616578761 ], [ 168.457265017784835, -46.60720774746747 ] ] } },
{ "type": "Feature", "properties": { "group_id": "nzd0550" }, "geometry": { "type": "LineString", "coordinates": [ [ 168.821201153479365, -46.600669882860096 ], [ 168.820454346234442, -46.600327060011296 ], [ 168.819634953414493, -46.600063931890645 ], [ 168.818808308127331, -46.599808763919526 ], [ 168.818038105628631, -46.599491622703475 ], [ 168.817306541565443, -46.599132057704061 ], [ 168.816553860238173, -46.598795676787908 ], [ 168.815963019038833, -46.598281607729056 ], [ 168.815210043829524, -46.597945548184505 ], [ 168.814411420182807, -46.597659604862137 ], [ 168.813571777191754, -46.597418694058071 ], [ 168.812815962573922, -46.59708574681121 ], [ 168.812025749088718, -46.596790563702719 ], [ 168.81121922532904, -46.596513284965987 ], [ 168.81036550163526, -46.59628782211729 ], [ 168.809542198455915, -46.596028959132994 ] ] } },
{ "type": "Feature", "properties": { "group_id": "nzd0551" }, "geometry": { "type": "LineString", "coordinates": [ [ 168.456785118163822, -46.607157768800718 ], [ 168.455896607665039, -46.607071700836954 ], [ 168.45499844097489, -46.607039148518048 ], [ 168.454101203926086, -46.6070020970038 ], [ 168.453206852750014, -46.606947475807672 ], [ 168.45230324902397, -46.606949206878745 ], [ 168.451409510343751, -46.606894683955147 ], [ 168.450514656248714, -46.606852244877331 ], [ 168.449618090757355, -46.606810777576804 ], [ 168.448714652741472, -46.606813660196927 ], [ 168.447814360354243, -46.606797063723135 ], [ 168.446917456010652, -46.606815274092654 ], [ 168.446025092532409, -46.606810720124983 ], [ 168.445120429900129, -46.606810582288972 ], [ 168.444217818826701, -46.60678614616905 ], [ 168.443331597705878, -46.606725740813729 ], [ 168.442445010557748, -46.60674653134047 ], [ 168.441546657264041, -46.606756310141776 ], [ 168.440646941777885, -46.606822569789969 ], [ 168.439749088020619, -46.606833924317911 ], [ 168.438851199860778, -46.606847420223289 ], [ 168.437959325511031, -46.606924360245834 ], [ 168.437073675430469, -46.606950033987687 ], [ 168.436175864192791, -46.606962682830314 ], [ 168.435275189170568, -46.606970455707717 ], [ 168.434378479133784, -46.606981424786689 ], [ 168.433480535961451, -46.606977859388145 ], [ 168.432587064291397, -46.606942848163328 ], [ 168.43169875296789, -46.606853973786961 ], [ 168.430830561548248, -46.606704541393299 ], [ 168.429979898519377, -46.60651439146627 ], [ 168.429123097795809, -46.606352248047166 ], [ 168.428357497849589, -46.60608853244765 ], [ 168.427603265338803, -46.605817360631306 ], [ 168.426789214760817, -46.605573706648322 ], [ 168.425978866514157, -46.605327319348945 ], [ 168.425207740186153, -46.605068695011269 ], [ 168.42441026224293, -46.604802267106407 ], [ 168.423610679430112, -46.604548703147486 ], [ 168.422865550426536, -46.60432554917881 ], [ 168.422120393692893, -46.604057873511046 ], [ 168.421379961131947, -46.603737394212843 ], [ 168.420657749454563, -46.603381330106629 ], [ 168.419960877209007, -46.602999293834607 ], [ 168.419291195380055, -46.602605558523926 ], [ 168.418596775040754, -46.602166994246936 ], [ 168.417882022278633, -46.601770911148769 ], [ 168.417163375713443, -46.601409695876349 ], [ 168.416385545122495, -46.601061649661432 ], [ 168.415527072619426, -46.600801203185895 ], [ 168.414692235082015, -46.600514847396454 ], [ 168.413830520569149, -46.600283515368588 ], [ 168.412979666566486, -46.600048211395787 ], [ 168.412152985656206, -46.599791881278456 ], [ 168.411331243509153, -46.599537759065157 ], [ 168.41053393802656, -46.599251186834238 ], [ 168.409737590970281, -46.598959661678123 ], [ 168.408967391125742, -46.598640319737633 ], [ 168.40813080977, -46.598385837050714 ], [ 168.407313844323284, -46.598096713065928 ], [ 168.406472703785539, -46.597866434827665 ], [ 168.40565093987297, -46.597609209930951 ], [ 168.404772124728311, -46.597428331035694 ], [ 168.403893871017857, -46.597258516451852 ], [ 168.403001768614104, -46.597115365325607 ], [ 168.402105897442482, -46.596953615020468 ], [ 168.401224631254536, -46.596786084354029 ], [ 168.400369822468861, -46.596638963385857 ], [ 168.39953157801952, -46.596421674532458 ], [ 168.398638466862906, -46.59626104760315 ], [ 168.397780385199326, -46.596091518518534 ], [ 168.396919592385757, -46.595956711762476 ], [ 168.396023610398458, -46.595845211445429 ], [ 168.395122532052682, -46.595735658752766 ], [ 168.394237193321914, -46.595599061141058 ], [ 168.393351079874634, -46.595479238905853 ], [ 168.392485365025578, -46.595350378194311 ], [ 168.391602955142105, -46.595240936775113 ], [ 168.390705155501735, -46.595140664675931 ], [ 168.389823878093154, -46.595004500240634 ], [ 168.388961633440402, -46.594878129800684 ], [ 168.388092392854048, -46.59479220247232 ], [ 168.387192264869981, -46.594665088282113 ], [ 168.386255554954147, -46.594674749953818 ], [ 168.385342554609139, -46.594727375638307 ], [ 168.384436388021129, -46.594711394469122 ], [ 168.383528175042272, -46.594770894985537 ], [ 168.382652004748564, -46.594901974209378 ], [ 168.381760843689619, -46.594973613756402 ], [ 168.380857987100342, -46.594985347255594 ], [ 168.379970301598576, -46.595072551559888 ], [ 168.379065982997588, -46.595158690160858 ], [ 168.378175531257824, -46.59529125767245 ], [ 168.377311798530656, -46.595492325852845 ], [ 168.376448347591037, -46.595680322821622 ], [ 168.375607201576656, -46.595910554512237 ], [ 168.374766187308666, -46.596161642555799 ], [ 168.373943666036979, -46.596460412792219 ], [ 168.373217805906307, -46.59686570911667 ], [ 168.372509261171331, -46.597244726194475 ], [ 168.371860544267207, -46.597670385824813 ], [ 168.371242740617191, -46.598140173804438 ], [ 168.37068057822907, -46.598622365287376 ], [ 168.3702203995378, -46.599158139670706 ], [ 168.369809643792053, -46.599707145305352 ] ] } },
{ "type": "Feature", "properties": { "group_id": "nzd0553" }, "geometry": { "type": "LineString", "coordinates": [ [ 168.83211494785948, -46.613513485106111 ], [ 168.832314643830784, -46.612896189442075 ], [ 168.832533210127707, -46.612225098703661 ], [ 168.832627485934296, -46.611552649764278 ], [ 168.832644947355163, -46.61092555915225 ], [ 168.832481032649724, -46.610266473311007 ], [ 168.83216463198525, -46.609637722568756 ], [ 168.831905418692799, -46.60902835813922 ], [ 168.831535447217846, -46.60846624470669 ] ] } },
{ "type": "Feature", "properties": { "group_id": "nzd0554" }, "geometry": { "type": "LineString", "coordinates": [ [ 169.379177848719394, -46.607726214079129 ], [ 169.378355205020824, -46.607986227827041 ], [ 169.377514409633051, -46.608206044397662 ], [ 169.376623639810418, -46.608315184243523 ], [ 169.375797725867727, -46.608567956730013 ], [ 169.374999229940045, -46.608881455113554 ] ] } },
{ "type": "Feature", "properties": { "group_id": "nzd0556" }, "geometry": { "type": "LineString", "coordinates": [ [ 169.268527889391095, -46.624543759342231 ], [ 169.267823287512897, -46.624930618122505 ], [ 169.267057411070653, -46.625274236582172 ], [ 169.266352819338863, -46.625661093825293 ], [ 169.265581735239408, -46.626001028293871 ], [ 169.264898322283159, -46.626402821161435 ], [ 169.264168116229285, -46.626771591259931 ], [ 169.263522078468299, -46.627199749182076 ], [ 169.262914871776786, -46.627655304023065 ], [ 169.262389887188363, -46.62816887437809 ], [ 169.261951644539295, -46.628743649532915 ], [ 169.26147309435521, -46.6292899786474 ], [ 169.260884630490722, -46.629758745433541 ] ] } },
{ "type": "Feature", "properties": { "group_id": "nzd0557" }, "geometry": { "type": "LineString", "coordinates": [ [ 169.130731043746664, -46.640952447594955 ], [ 169.129901774789573, -46.64120391157914 ], [ 169.129021075276654, -46.64133105103695 ], [ 169.128135694682584, -46.641446870316152 ], [ 169.12723578218197, -46.641527553933123 ], [ 169.126384753317978, -46.64172641126018 ], [ 169.12550615965327, -46.641858626635354 ], [ 169.124646299030786, -46.642036129408211 ], [ 169.123783203307767, -46.642205809223434 ], [ 169.122904102034795, -46.642336788639426 ], [ 169.122011669629956, -46.642435530964747 ], [ 169.121123361904552, -46.642544241146794 ], [ 169.120236186370505, -46.642655684071762 ], [ 169.119375152695, -46.64283033599078 ], [ 169.11857115967652, -46.643142919953448 ], [ 169.117766450516882, -46.643453777216763 ], [ 169.116852884509001, -46.64370613154955 ], [ 169.115839090086951, -46.643972698557945 ], [ 169.114851117775657, -46.644202687534538 ], [ 169.114041136218532, -46.644478044495784 ], [ 169.113222127907676, -46.644743853353702 ], [ 169.112514170873908, -46.645127077217481 ], [ 169.111741264936512, -46.645441625677194 ], [ 169.111087179104743, -46.645881806284024 ], [ 169.11035951666554, -46.646244188724076 ], [ 169.109696511304008, -46.64667493530375 ], [ 169.108983191153328, -46.647052479082781 ], [ 169.108123869299959, -46.647464733473377 ], [ 169.107307894728905, -46.648095396493197 ], [ 169.106558533724694, -46.648655570200681 ], [ 169.10593854248549, -46.649116951783284 ], [ 169.10538585799776, -46.64960691393982 ], [ 169.105040598545031, -46.650184967350057 ], [ 169.104596114232208, -46.650720873156295 ], [ 169.104269604252806, -46.651351106861256 ], [ 169.103727018987769, -46.652105472219176 ], [ 169.103038255252613, -46.652837931534343 ], [ 169.102721116565391, -46.653424060476809 ], [ 169.102561908158037, -46.654030553326585 ], [ 169.102529429385498, -46.654653385634454 ], [ 169.102405488458004, -46.655264413725668 ], [ 169.102281888192636, -46.655939531236072 ], [ 169.102136634306589, -46.656691411136727 ], [ 169.102317508629, -46.657389990358844 ], [ 169.102450963227653, -46.658007320116617 ], [ 169.102701629503855, -46.658625591256332 ], [ 169.102939113443995, -46.659404117230892 ], [ 169.103427246214665, -46.660388136361476 ], [ 169.104465369289699, -46.660937496609478 ], [ 169.105204820058248, -46.661306458194161 ] ] } },
{ "type": "Feature", "properties": { "group_id": "nzd0558" }, "geometry": { "type": "LineString", "coordinates": [ [ 168.845709309427974, -46.655281782444327 ], [ 168.845999707439404, -46.654698321665997 ], [ 168.845988879626702, -46.654017162391014 ], [ 168.845996758272747, -46.653359816193181 ], [ 168.845843432219226, -46.652728181948802 ], [ 168.845623681415077, -46.652092933116791 ], [ 168.845281659564108, -46.651459886051057 ], [ 168.844733575721591, -46.650937347389991 ], [ 168.844175127663988, -46.650450508732661 ], [ 168.843605631850295, -46.649937913422953 ], [ 168.842993494155365, -46.649430725965622 ], [ 168.842301435864584, -46.64899906717222 ], [ 168.841568464749145, -46.648548417350455 ], [ 168.840761788504068, -46.648150980446424 ], [ 168.839984058180704, -46.647840248988039 ], [ 168.83916020608649, -46.647575195369733 ], [ 168.838339770831169, -46.647305824893024 ], [ 168.83749225516749, -46.647095271510771 ], [ 168.836728524120758, -46.646761299250926 ], [ 168.836067648895181, -46.646607819540989 ], [ 168.835694545532903, -46.646369119064481 ], [ 168.83521484304643, -46.645851084484505 ], [ 168.834522535631748, -46.645323842122053 ], [ 168.833736721249778, -46.644931061037809 ], [ 168.832900345608607, -46.644542479305777 ], [ 168.83204473893548, -46.644219773756419 ], [ 168.831308077004479, -46.643859810935133 ] ] } },
{ "type": "Feature", "properties": { "group_id": "nzd0559" }, "geometry": { "type": "LineString", "coordinates": [ [ 168.946504465334954, -46.658210829630228 ], [ 168.945562247206794, -46.658287449663717 ], [ 168.944728609832936, -46.658017099860331 ], [ 168.943805536797441, -46.658032532028763 ], [ 168.942886629825495, -46.658034643531394 ], [ 168.941969050998409, -46.658032503126819 ], [ 168.941105717510652, -46.657857046546916 ], [ 168.94020666680899, -46.657748790566515 ], [ 168.939296528244768, -46.657673628431674 ], [ 168.938389956540504, -46.657647246394085 ], [ 168.937479633889581, -46.657653627501517 ], [ 168.93658526365175, -46.657590567876547 ], [ 168.935733363730407, -46.657342664139861 ], [ 168.934839576883803, -46.657175253189536 ], [ 168.933914066360245, -46.657171337432437 ], [ 168.93298544587293, -46.657350048802186 ], [ 168.932061433507215, -46.65750082242559 ], [ 168.931146648379013, -46.657587842047917 ], [ 168.930241343277402, -46.657609378129038 ], [ 168.929357043066489, -46.657485869151415 ], [ 168.928473678057173, -46.65735591602423 ], [ 168.927591015302482, -46.657221128406526 ], [ 168.92669085314725, -46.657207159062665 ], [ 168.925782248530084, -46.657251461769874 ], [ 168.924869457128068, -46.657324648892846 ], [ 168.923968070807661, -46.657318980713313 ], [ 168.865736136780441, -46.657918399634141 ], [ 168.864906564900934, -46.658178594201715 ], [ 168.864056089484279, -46.658382800760464 ], [ 168.863230649714524, -46.658590781356679 ], [ 168.862487843897185, -46.658853753450508 ], [ 168.861669580200811, -46.658997246107745 ], [ 168.860784225328445, -46.659128109012727 ], [ 168.859907447783314, -46.659332703572453 ], [ 168.859017586950813, -46.659424864882389 ], [ 168.858125102108914, -46.659494473005232 ], [ 168.857232740582816, -46.659565140884681 ], [ 168.856350336958513, -46.659721427622287 ], [ 168.855485624993122, -46.659960004410934 ], [ 168.854599633842213, -46.659413137538841 ], [ 168.853704620237892, -46.659358341991734 ], [ 168.852805821681358, -46.659479328166206 ], [ 168.851903791794143, -46.659969474787935 ] ] } },
{ "type": "Feature", "properties": { "group_id": "nzd0560" }, "geometry": { "type": "LineString", "coordinates": [ [ 169.056317802249424, -46.665441097526681 ], [ 169.055703473177374, -46.664990678423131 ], [ 169.05496456892206, -46.664612452590909 ], [ 169.054613627924567, -46.664009379698342 ], [ 169.054023004168471, -46.66352108344423 ], [ 169.053329939778905, -46.663038964690607 ], [ 169.052459214200582, -46.662735355388371 ], [ 169.051968911319364, -46.662148250776632 ], [ 169.051192628706673, -46.661833650742707 ], [ 169.05038859949164, -46.661545487061773 ], [ 169.049468117843929, -46.66128507728564 ], [ 169.048597519907247, -46.660953816740964 ], [ 169.047641107999397, -46.660889026212786 ], [ 169.046725978992157, -46.660806381041027 ], [ 169.045857772625936, -46.660639482400043 ], [ 169.044949804669244, -46.660525462390396 ], [ 169.044047197441358, -46.660330338361575 ], [ 169.043097312649962, -46.660295876686192 ], [ 169.042201774531748, -46.660350139071646 ], [ 169.041304209231782, -46.66036523823788 ], [ 169.040407584250261, -46.660398497326184 ], [ 169.039507039547232, -46.660355983977944 ], [ 169.038587373866847, -46.660383677756329 ], [ 169.03767358594564, -46.660498830390992 ], [ 169.036788520867589, -46.660640432139537 ], [ 169.035918707451259, -46.660824099419514 ], [ 169.035049400687228, -46.6610103545841 ], [ 169.034148968071804, -46.661116331908609 ], [ 169.033242650758098, -46.661227413986097 ], [ 169.032341914102119, -46.661326633075525 ], [ 169.031511662586979, -46.661573872075479 ], [ 169.030703653208008, -46.661873706763842 ] ] } },
{ "type": "Feature", "properties": { "group_id": "nzd0561" }, "geometry": { "type": "LineString", "coordinates": [ [ 168.530317729366431, -46.777129674806076 ], [ 168.529290803692646, -46.77634290385695 ], [ 168.52838610063236, -46.776506310449307 ], [ 168.527486229082029, -46.776738364841087 ], [ 168.526638852128258, -46.777068590166671 ], [ 168.525857339592278, -46.7774326723084 ], [ 168.525141826456149, -46.777847942126456 ], [ 168.524476511603922, -46.778311229261398 ], [ 168.523875169195037, -46.778812723716818 ], [ 168.523412676383145, -46.779354813652887 ] ] } },
{ "type": "Feature", "properties": { "group_id": "nzd0562" }, "geometry": { "type": "LineString", "coordinates": [ [ 174.921595317795294, -36.878662463209459 ], [ 174.920729291696659, -36.878469796790426 ], [ 174.920013210793115, -36.878098946474296 ], [ 174.919377378023739, -36.877585573915844 ], [ 174.918621750114141, -36.877117499116359 ], [ 174.917978345279806, -36.876565634972955 ], [ 174.917323424483641, -36.876022372279806 ], [ 174.91671441738896, -36.875444831661895 ], [ 174.916100801550925, -36.874876395917497 ], [ 174.915401281895413, -36.874180984826594 ], [ 174.91472990043664, -36.873464658960643 ], [ 174.914094007876429, -36.872728341455847 ], [ 174.913448318900208, -36.871995427183762 ], [ 174.912941939769354, -36.87135597800853 ], [ 174.912457712534547, -36.870708847044952 ], [ 174.91200791690801, -36.870046707002942 ], [ 174.911624596674159, -36.869354403855283 ], [ 174.911187075822454, -36.868756393600634 ], [ 174.91084549470375, -36.868121201495562 ] ] } },
{ "type": "Feature", "properties": { "group_id": "nzd0563" }, "geometry": { "type": "LineString", "coordinates": [ [ 176.937651095386315, -39.335980950153093 ], [ 176.937036134255749, -39.337903024707295 ], [ 176.935643795908334, -39.336519479672447 ] ] } },
{ "type": "Feature", "properties": { "group_id": "nzd0564" }, "geometry": { "type": "LineString", "coordinates": [ [ 173.324024893806154, -41.202144815939917 ], [ 173.324814577262941, -41.201740344875695 ], [ 173.325634157189853, -41.201368834040416 ], [ 173.326397329359537, -41.200961427609656 ], [ 173.327140185444449, -41.200509132218215 ], [ 173.327915864951706, -41.200088269262842 ], [ 173.328714020938406, -41.199671712306326 ], [ 173.329447649479334, -41.199205302160394 ], [ 173.330182961529943, -41.198740651109865 ], [ 173.331001444291758, -41.198342793411925 ], [ 173.331788244809616, -41.197933476388719 ], [ 173.332624554332057, -41.197635252383783 ], [ 173.333411249041319, -41.197226234242713 ], [ 173.334227850609949, -41.196846913750264 ], [ 173.335123223967969, -41.196468548814579 ], [ 173.336018586787048, -41.196219188936432 ], [ 173.336943020790471, -41.196035215814597 ], [ 173.337848351766297, -41.195818908845922 ], [ 173.338754267671959, -41.195591997598108 ], [ 173.339616097706454, -41.195343157359339 ], [ 173.340492822947112, -41.195055500450124 ], [ 173.341350675405181, -41.194740185696475 ], [ 173.342189232072258, -41.194395659911052 ], [ 173.34296797495864, -41.194005947418042 ], [ 173.343800698857876, -41.193652242943116 ], [ 173.344591434085373, -41.193248503042383 ], [ 173.345347373448135, -41.19283838789994 ], [ 173.346095980817609, -41.192391696426135 ], [ 173.346873239446751, -41.191971457496173 ], [ 173.347613769546939, -41.191503623339933 ], [ 173.348351235606998, -41.191041685025645 ], [ 173.349153320114993, -41.190650810418006 ], [ 173.34994770543841, -41.190251389880181 ], [ 173.35074070239898, -41.189850975230286 ], [ 173.351530038820442, -41.189446288796034 ], [ 173.352361801466571, -41.189065390966519 ], [ 173.353176266196982, -41.18868840980813 ], [ 173.353998273998769, -41.1883216954948 ], [ 173.354821547088562, -41.187975299996715 ], [ 173.355660171539711, -41.187630311382463 ], [ 173.356501715852033, -41.187289423922024 ], [ 173.357318912286843, -41.186917663901909 ], [ 173.358157423203437, -41.186562094985746 ], [ 173.358981786505552, -41.186198751292679 ], [ 173.359779532011544, -41.185798287937828 ], [ 173.360571634980715, -41.185459811951937 ], [ 173.361402862472914, -41.185095146486667 ], [ 173.362168762533457, -41.184665519186794 ], [ 173.362863907045124, -41.184186842482546 ], [ 173.363613497991281, -41.183738815432896 ], [ 173.364360095429191, -41.183288139121167 ] ] } },
{ "type": "Feature", "properties": { "group_id": "nzd0565" }, "geometry": { "type": "LineString", "coordinates": [ [ 173.018253049036474, -41.019441275113699 ], [ 173.018297417627764, -41.01871915325134 ], [ 173.018658329202765, -41.018016181774016 ] ] } },
{ "type": "Feature", "properties": { "group_id": "nzd0566" }, "geometry": { "type": "LineString", "coordinates": [ [ 173.479732214834968, -41.156946087440289 ], [ 173.478800813027789, -41.157104257485592 ], [ 173.477871746329612, -41.157272590585961 ], [ 173.476945379929134, -41.157430321953363 ], [ 173.476008872329828, -41.157569580300773 ], [ 173.475073099485911, -41.15770569584479 ], [ 173.474139456571265, -41.157853530646783 ], [ 173.473206600804104, -41.158004863324592 ], [ 173.472269737236104, -41.158139137788517 ], [ 173.471333520857797, -41.158271634533811 ], [ 173.470394931181801, -41.158398480693059 ], [ 173.469452481826522, -41.158512942176912 ] ] } },
{ "type": "Feature", "properties": { "group_id": "nzd0567" }, "geometry": { "type": "LineString", "coordinates": [ [ 173.022636322024624, -41.033263864205999 ], [ 173.021640286318529, -41.032959899702512 ] ] } },
{ "type": "Feature", "properties": { "group_id": "nzd0568" }, "geometry": { "type": "LineString", "coordinates": [ [ 173.019913918942791, -41.026909561355012 ], [ 173.019492090816811, -41.026263271996214 ], [ 173.019074653213579, -41.025617323786719 ], [ 173.01876458536708, -41.025005120214864 ] ] } },
{ "type": "Feature", "properties": { "group_id": "nzd0569" }, "geometry": { "type": "LineString", "coordinates": [ [ 172.761340814910994, -40.787029501044131 ], [ 172.760421588150962, -40.786839219611309 ], [ 172.759527601304683, -40.786598502340311 ], [ 172.758641361534387, -40.786342309869148 ], [ 172.757779376976373, -40.786037655493189 ], [ 172.756969925052545, -40.785720025016303 ], [ 172.756136094812831, -40.785376963586685 ], [ 172.755315105695786, -40.785016405028792 ], [ 172.754491330979732, -40.784659264817641 ], [ 172.753725131669654, -40.784301661549328 ], [ 172.75299237170978, -40.783844017970594 ], [ 172.752217549777612, -40.783424672906108 ], [ 172.751579955226475, -40.782916681546489 ], [ 172.75090261971107, -40.782411573370325 ], [ 172.750293484362572, -40.781857499567899 ], [ 172.749665378782993, -40.781317108572715 ], [ 172.749012482919824, -40.780794531807864 ], [ 172.748357547205757, -40.780283534192037 ], [ 172.747679368817444, -40.779777173385973 ], [ 172.746989360614663, -40.779278724491419 ], [ 172.746428342656088, -40.778694040267965 ], [ 172.745881255835457, -40.778114628610318 ], [ 172.745218412610399, -40.777594467483965 ], [ 172.744575591630962, -40.777062226497343 ], [ 172.743980888748837, -40.776500951759672 ], [ 172.743364252627003, -40.775952915277486 ] ] } },
{ "type": "Feature", "properties": { "group_id": "nzd0570" }, "geometry": { "type": "LineString", "coordinates": [ [ 173.088463140981048, -41.234960437209068 ], [ 173.087989287966735, -41.23433468890947 ], [ 173.087476127209698, -41.2337268969112 ], [ 173.087039681587271, -41.233084154350117 ], [ 173.086495091026933, -41.232496298027201 ], [ 173.086115096920821, -41.231832999446311 ], [ 173.085734472302534, -41.2311821503123 ], [ 173.085341873059519, -41.230525295573962 ], [ 173.085003402551024, -41.229853671380383 ], [ 173.084615672910957, -41.229195062174945 ], [ 173.084199298467837, -41.228545569863378 ], [ 173.083797316449505, -41.227896779708018 ], [ 173.083452689427617, -41.227224337033562 ], [ 173.083147543121726, -41.226546658758139 ], [ 173.082944054206394, -41.225842582898593 ], [ 173.083131229129521, -41.225134914102107 ], [ 173.083599098267342, -41.22450625169202 ], [ 173.083842685964612, -41.223888241889647 ], [ 173.083709783574477, -41.223166337794559 ], [ 173.083383401079146, -41.222491224165751 ], [ 173.08318840548057, -41.221795333645709 ], [ 173.083081002669417, -41.221081002051278 ], [ 173.083308665390149, -41.220378513558011 ], [ 173.083424473576741, -41.219665068238186 ], [ 173.083384201279017, -41.218945057756997 ], [ 173.083336621422717, -41.218225588932228 ], [ 173.083493136647093, -41.217520099039163 ], [ 173.083527377195225, -41.216797160953398 ], [ 173.083633785835758, -41.216068648950156 ], [ 173.083945579404372, -41.215384139349183 ], [ 173.084251329156473, -41.214702401800345 ], [ 173.084600388022835, -41.214007933429826 ], [ 173.085442109900981, -41.213495609704147 ] ] } },
{ "type": "Feature", "properties": { "group_id": "nzd0571" }, "geometry": { "type": "LineString", "coordinates": [ [ 172.87565085112891, -40.833367088769897 ], [ 172.874702982342285, -40.833327374686561 ], [ 172.873747707122135, -40.833334827482744 ], [ 172.872798849664235, -40.833309585781528 ], [ 172.871850021364793, -40.833338274591618 ], [ 172.87092018937426, -40.833310445747372 ], [ 172.869976582040266, -40.833227617628495 ], [ 172.869044830148653, -40.833186727322179 ], [ 172.868105472591594, -40.833083714985477 ], [ 172.867179991636817, -40.832904489078423 ], [ 172.866247491534352, -40.832856963914097 ], [ 172.865337562707111, -40.832636681734115 ], [ 172.864412164952796, -40.83250140609784 ], [ 172.863467337528306, -40.83241040706092 ], [ 172.862550496110345, -40.832219895240094 ], [ 172.861636958886038, -40.831975982154972 ], [ 172.860703473598051, -40.831846852734024 ] ] } },
{ "type": "Feature", "properties": { "group_id": "nzd0572" }, "geometry": { "type": "LineString", "coordinates": [ [ 173.068636326241489, -41.190654191188159 ], [ 173.068155678948045, -41.19003050120201 ], [ 173.067656571572542, -41.189421392846747 ], [ 173.067309140216764, -41.188776223856976 ], [ 173.0669927733191, -41.188097991138996 ], [ 173.066777896272157, -41.187397331552624 ], [ 173.066838212994497, -41.186677358827097 ], [ 173.06646479255997, -41.185988579831779 ], [ 173.066134221338643, -41.185321312287641 ], [ 173.065850299643273, -41.184627985362987 ], [ 173.06597484093038, -41.183793840151331 ], [ 173.065168282938117, -41.183328249822573 ] ] } },
{ "type": "Feature", "properties": { "group_id": "nzd0573" }, "geometry": { "type": "LineString", "coordinates": [ [ 173.064561125318022, -41.182728359553657 ], [ 173.063899643442454, -41.18220677861509 ], [ 173.063307991044155, -41.181641203999057 ], [ 173.06271171308174, -41.18108585965075 ], [ 173.06213382284551, -41.180512488145169 ], [ 173.061602639145178, -41.179918677721112 ], [ 173.061086620597052, -41.179283586964175 ], [ 173.060455407059436, -41.178755890013903 ], [ 173.059842622723522, -41.178203595774569 ], [ 173.059238122449983, -41.177659413479674 ], [ 173.05864015194868, -41.177081441786804 ], [ 173.05799296273608, -41.176530828955748 ], [ 173.057284168994812, -41.176047037962746 ], [ 173.05667991171407, -41.175479313909676 ], [ 173.055984244844268, -41.174974388239157 ], [ 173.05524704412673, -41.174490474008543 ], [ 173.05456376627933, -41.174048351649915 ], [ 173.053900755818546, -41.173522873751878 ], [ 173.053274720930119, -41.17303090618983 ], [ 173.052748910219719, -41.172422267424253 ], [ 173.052289479732167, -41.17181802736571 ], [ 173.051852608765387, -41.171174304608357 ], [ 173.051563082406972, -41.170407578351409 ], [ 173.051416940858388, -41.169561158769731 ], [ 173.05074298301767, -41.169023607294982 ] ] } },
{ "type": "Feature", "properties": { "group_id": "nzd0575" }, "geometry": { "type": "LineString", "coordinates": [ [ 173.187357248833848, -41.276206665491301 ], [ 173.186749094724433, -41.275620618999071 ], [ 173.186029631001503, -41.275144166074284 ], [ 173.185122079212363, -41.274734556616437 ], [ 173.184219008801847, -41.274463361109049 ], [ 173.183245825450996, -41.274277830291567 ], [ 173.182413786354999, -41.273922395248796 ], [ 173.181574165412286, -41.273521215606721 ], [ 173.180659913164135, -41.273283915680501 ], [ 173.179728242275218, -41.273071588571135 ], [ 173.178965258274729, -41.272618564384729 ], [ 173.178147345916528, -41.272244009208258 ], [ 173.177222003097398, -41.271984881963128 ], [ 173.176354637300619, -41.271681838731105 ], [ 173.175499423955984, -41.27135776371874 ], [ 173.174619441311705, -41.27107813994089 ], [ 173.173719462234999, -41.270832697806192 ], [ 173.172860288857208, -41.270519179579992 ], [ 173.171979522821658, -41.270240216874143 ], [ 173.171058380799053, -41.270031791722481 ], [ 173.170134988260742, -41.269827488941914 ], [ 173.169294402707635, -41.269478289712282 ], [ 173.168390316034561, -41.269232306203193 ], [ 173.167513853012281, -41.268945518008046 ], [ 173.166618169946986, -41.268694537571278 ], [ 173.165720131580827, -41.268447828691357 ], [ 173.164852504072485, -41.268144381248838 ], [ 173.163972284975841, -41.267864056084392 ], [ 173.163045847168092, -41.267671249991345 ], [ 173.162148923225374, -41.267422658027186 ], [ 173.161292134288118, -41.267076376620672 ], [ 173.160371907428868, -41.266880655700803 ], [ 173.159484049267121, -41.266611758222986 ], [ 173.158617479780332, -41.266293592324907 ], [ 173.157707954688533, -41.266102155698007 ], [ 173.156825230786524, -41.265826187056689 ], [ 173.155932506436017, -41.265570646481976 ], [ 173.155042280833669, -41.265309610094377 ], [ 173.154141954459277, -41.265078939640752 ], [ 173.153266061161986, -41.264790591717713 ], [ 173.152397585124703, -41.264489367233153 ], [ 173.151505893417152, -41.264230464309726 ], [ 173.150634346523248, -41.263934451972737 ], [ 173.149752006983107, -41.263659185198975 ], [ 173.148880245269879, -41.263367394618356 ], [ 173.147985769030271, -41.263113889985021 ], [ 173.147101826560402, -41.262841057636763 ], [ 173.146238798644134, -41.262529916163189 ], [ 173.145352630927505, -41.26226118070479 ], [ 173.144468820172193, -41.261988127204425 ], [ 173.143597801043342, -41.261697291077667 ], [ 173.142688679929478, -41.261469712545995 ], [ 173.14185647048123, -41.261103022064489 ], [ 173.14093638279013, -41.260895953625017 ], [ 173.14007157078953, -41.260588694330863 ], [ 173.13920244759251, -41.260289197191952 ], [ 173.138335980637549, -41.259988585438279 ], [ 173.137411915208247, -41.259787020884438 ], [ 173.13655667298363, -41.259463008179644 ], [ 173.13568814711752, -41.259162767359406 ], [ 173.134814614047542, -41.258871365726264 ], [ 173.133933806256806, -41.258617793680514 ], [ 173.133052656489326, -41.258338861466356 ], [ 173.132178774524675, -41.258047393557277 ], [ 173.131312623677644, -41.257743911046603 ], [ 173.130505515660843, -41.257416939581951 ], [ 173.129698774749869, -41.257030586010941 ], [ 173.128885357472967, -41.256652798635855 ], [ 173.128077091855744, -41.256268412687518 ], [ 173.127272246857927, -41.25587964775341 ] ] } },
{ "type": "Feature", "properties": { "group_id": "nzd0577" }, "geometry": { "type": "LineString", "coordinates": [ [ 173.020231688381386, -41.042880333396319 ], [ 173.019367970952999, -41.042449754518614 ], [ 173.018924389538824, -41.041859816447094 ], [ 173.01846226467643, -41.041223501824717 ], [ 173.018120610111794, -41.04055083691172 ] ] } }
]
}
