{
"type": "FeatureCollection",
"name": "oslr_lines_shoreline_50_shiftedqtl_2100_1.9",
"crs": { "type": "name", "properties": { "name": "urn:ogc:def:crs:OGC:1.3:CRS84" } },
"features": [
{ "type": "Feature", "properties": { "group_id": "nzd0001" }, "geometry": { "type": "LineString", "coordinates": [ [ 172.986625866611632, -34.417153973044989 ], [ 172.987235209491075, -34.416608015720627 ], [ 172.987820569944887, -34.416044931420025 ], [ 172.988399482293232, -34.415476857593944 ] ] } },
{ "type": "Feature", "properties": { "group_id": "nzd0002" }, "geometry": { "type": "LineString", "coordinates": [ [ 172.936556268377956, -34.42690675099449 ], [ 172.937455601364547, -34.426946425027246 ], [ 172.938354418849144, -34.426962537450834 ], [ 172.939251531541231, -34.426900847624225 ], [ 172.940148752715373, -34.426844136062748 ] ] } },
{ "type": "Feature", "properties": { "group_id": "nzd0003" }, "geometry": { "type": "LineString", "coordinates": [ [ 173.012546709818878, -34.423043853082419 ], [ 173.012092466438617, -34.423684017944701 ], [ 173.011619686872024, -34.424316131895985 ], [ 173.011290150503356, -34.425010416557505 ], [ 173.010870075236653, -34.425665396933063 ], [ 173.010457703475026, -34.426323715912318 ], [ 173.010116426577781, -34.427012888781853 ], [ 173.009766115118481, -34.427698134859234 ], [ 173.009412296609526, -34.428398143675807 ], [ 173.009085930675639, -34.429105491758072 ], [ 173.008810462128849, -34.429813262698943 ], [ 173.00846855764155, -34.430500612531219 ], [ 173.008173974767999, -34.43120070989923 ], [ 173.007853978866194, -34.431893952415727 ], [ 173.007561677935598, -34.432597420602221 ], [ 173.00734943410211, -34.433330819694973 ], [ 173.007125353324881, -34.43405790062441 ], [ 173.00679634103966, -34.434754843868056 ], [ 173.006590805358115, -34.435476095692124 ], [ 173.006462819220985, -34.436212612102743 ], [ 173.00625644739921, -34.436933686794923 ], [ 173.005980525956602, -34.437641059863019 ], [ 173.005846113502429, -34.438385874531768 ], [ 173.005650609758163, -34.439128209332537 ], [ 173.005603017493911, -34.439879749887176 ], [ 173.005288556848484, -34.440595258288759 ], [ 173.005351969985526, -34.441347325911508 ], [ 173.005221849581318, -34.442080659417144 ], [ 173.00507450827152, -34.442812320054941 ], [ 173.004969357302116, -34.443555462222079 ], [ 173.004789813599245, -34.444297035674417 ], [ 173.004680924036649, -34.445036447359165 ] ] } },
{ "type": "Feature", "properties": { "group_id": "nzd0004" }, "geometry": { "type": "LineString", "coordinates": [ [ 172.79865501243475, -34.453975319850365 ], [ 172.799562029920793, -34.453994693315714 ], [ 172.80045919910367, -34.453943840446961 ], [ 172.801348971073168, -34.453840246442404 ], [ 172.80223741591891, -34.453727192901169 ], [ 172.803138798661337, -34.453706372183198 ], [ 172.804031322829957, -34.453622398023001 ], [ 172.804925276735531, -34.453548614703287 ], [ 172.805816213241542, -34.453453323121863 ], [ 172.806716170823734, -34.453422328207175 ], [ 172.807607008924037, -34.453326333750681 ], [ 172.808497464232005, -34.453227612138718 ], [ 172.809383418582627, -34.453096816652113 ], [ 172.810270152531388, -34.452971580713623 ], [ 172.811154048005989, -34.452826122650009 ], [ 172.812040085328448, -34.452695931365341 ], [ 172.81292113253167, -34.452530190057125 ], [ 172.813802650588258, -34.452367810866946 ], [ 172.814698437008531, -34.452204758739228 ], [ 172.815582701533089, -34.452010832503142 ], [ 172.81646597104978, -34.451804582584252 ], [ 172.817322673015155, -34.451570716863827 ], [ 172.818166730491328, -34.451313197655473 ], [ 172.819021619327913, -34.451075935699571 ], [ 172.819862692154146, -34.450812829681524 ], [ 172.820720036920051, -34.450580156537576 ], [ 172.821584776337744, -34.450361311424693 ], [ 172.822436187313258, -34.450117534665388 ], [ 172.823288381781026, -34.449875220924604 ], [ 172.824137593105235, -34.449627325440424 ], [ 172.824965632374301, -34.449339830219998 ], [ 172.82579467423642, -34.449054208744855 ], [ 172.826624041646284, -34.448769194722487 ], [ 172.827442827898153, -34.448464390294134 ], [ 172.828260536027472, -34.448157568583362 ], [ 172.829060620924878, -34.44781778743107 ], [ 172.829854747229348, -34.447466862488973 ], [ 172.830661648064023, -34.447139827613903 ], [ 172.831462813611097, -34.446802066526054 ], [ 172.832250963316824, -34.446439964145071 ], [ 172.833026610629645, -34.446054481317169 ], [ 172.833816868282668, -34.445696321403403 ], [ 172.834603951840165, -34.44533222581039 ], [ 172.835372589951788, -34.444933636674136 ], [ 172.836144003985737, -34.44454023932132 ], [ 172.836907919151628, -34.44413281966812 ], [ 172.837671134659075, -34.443724092535284 ], [ 172.838418537888202, -34.443285797625244 ], [ 172.839168552804409, -34.442860707908928 ], [ 172.839808314028744, -34.442436960628513 ], [ 172.840442579401213, -34.442024611930449 ], [ 172.84111070620699, -34.441529045234844 ], [ 172.841816148630443, -34.441065989341652 ], [ 172.842463173516933, -34.440552029612341 ], [ 172.843119661691816, -34.440046312327993 ], [ 172.843726032590922, -34.439496923799595 ], [ 172.844377796192077, -34.438987083731448 ], [ 172.845024625329899, -34.438472941066593 ] ] } },
{ "type": "Feature", "properties": { "group_id": "nzd0005" }, "geometry": { "type": "LineString", "coordinates": [ [ 172.664394006621251, -34.468087941023249 ], [ 172.665132560289919, -34.467642418782425 ], [ 172.665795058884356, -34.467138827354169 ], [ 172.666457231586207, -34.466634983386392 ], [ 172.667083944700863, -34.466106726515463 ], [ 172.667681604755359, -34.465563707350277 ], [ 172.668000226532541, -34.464781723020408 ], [ 172.668835174290308, -34.464425795639229 ], [ 172.669743748007392, -34.464131722188206 ], [ 172.670398899343326, -34.463624724883999 ], [ 172.670591281269651, -34.462728916056768 ], [ 172.67085528447177, -34.461952467579536 ], [ 172.671065457665634, -34.461342201251071 ], [ 172.67135818361561, -34.460723027706067 ], [ 172.671761233073937, -34.460055876713618 ], [ 172.672214581395053, -34.459403867210554 ], [ 172.67262184827797, -34.458737974695076 ], [ 172.673018609488224, -34.458068912671877 ], [ 172.673408455485031, -34.457397762396198 ], [ 172.673738616450834, -34.45670863253978 ], [ 172.674062592593145, -34.456017634370255 ], [ 172.674364783980366, -34.455320070026509 ], [ 172.674620723163599, -34.454608571168585 ], [ 172.674918712300098, -34.453909729665533 ], [ 172.675176063174291, -34.453198644184383 ], [ 172.675450457437364, -34.452492685421014 ], [ 172.675658192065924, -34.451785114532079 ], [ 172.675899359163452, -34.451097484535431 ], [ 172.676079969620019, -34.450378266295154 ], [ 172.676403088522164, -34.449675625557994 ], [ 172.676604639174911, -34.448953334143788 ], [ 172.676801844414086, -34.448230334234459 ], [ 172.677069252306154, -34.447518672135537 ], [ 172.677244778527239, -34.446792156471822 ], [ 172.677330193607276, -34.446051073238131 ], [ 172.677635891054422, -34.445345579540586 ], [ 172.677896163431456, -34.444632739180761 ], [ 172.677827509028646, -34.443866740423061 ], [ 172.677766536276778, -34.443109772105707 ], [ 172.677809659784657, -34.442376491698226 ], [ 172.677777749853448, -34.441627937870756 ], [ 172.677854792866526, -34.440889137690618 ] ] } },
{ "type": "Feature", "properties": { "group_id": "nzd0006" }, "geometry": { "type": "LineString", "coordinates": [ [ 173.003439578046454, -34.454913268853595 ], [ 173.003318063970653, -34.455651963972741 ], [ 173.003039041523351, -34.456387792005955 ], [ 173.002989070866079, -34.457127773073886 ], [ 173.002966549776716, -34.457868246095835 ], [ 173.00297856585675, -34.4586093397876 ], [ 173.002912934057406, -34.459340657621325 ], [ 173.002868970714474, -34.460063748953118 ], [ 173.002838584329226, -34.460797197857339 ], [ 173.002901355043292, -34.461545464183352 ], [ 173.002941819011852, -34.462295828284319 ], [ 173.002856212982294, -34.463041208132701 ], [ 173.002877243778187, -34.463786612883723 ], [ 173.002759417370697, -34.464525235600554 ] ] } },
{ "type": "Feature", "properties": { "group_id": "nzd0007" }, "geometry": { "type": "LineString", "coordinates": [ [ 173.002622611802906, -34.482290731534 ], [ 173.002186475362606, -34.482938419122895 ], [ 173.001748054927958, -34.483585124896813 ], [ 173.001452109858491, -34.484292748798246 ], [ 173.001352882580989, -34.485111752404634 ], [ 173.001376868473614, -34.485916571455327 ], [ 173.001262635019174, -34.486660691808233 ], [ 173.001137889830176, -34.487397874989007 ], [ 173.001387292677123, -34.488144601768582 ], [ 173.001306712712221, -34.488886441298284 ], [ 173.001424736482591, -34.489623349811673 ], [ 173.001218806716963, -34.490396944559237 ], [ 173.001542966660651, -34.491105876618427 ], [ 173.001664657299074, -34.491839497789471 ], [ 173.001765582045977, -34.492575645361235 ], [ 173.001836344583353, -34.493315465366578 ], [ 173.001885819449484, -34.494057875305202 ], [ 173.001960276466377, -34.494800036564683 ], [ 173.002114140817582, -34.495533888310639 ], [ 173.002121258652977, -34.496285679412779 ], [ 173.002208108589087, -34.49702457113834 ], [ 173.002243103300771, -34.497770788673748 ], [ 173.002292976238039, -34.498516689873739 ], [ 173.00234246132365, -34.499276098477168 ], [ 173.0026855212584, -34.499986501976039 ], [ 173.002840589408009, -34.50071611026631 ], [ 173.002808917498072, -34.501477870738313 ], [ 173.003069422229231, -34.502189309093922 ], [ 173.003241616138979, -34.502915949109962 ], [ 173.003390216632255, -34.503637895081383 ], [ 173.003595487602325, -34.504299988282845 ], [ 173.00374635820458, -34.504984581985141 ], [ 173.004005524163432, -34.505712043264161 ], [ 173.004112421507926, -34.506448033030665 ], [ 173.00432399661176, -34.507242049765395 ], [ 173.004664436660647, -34.507993082803907 ] ] } },
{ "type": "Feature", "properties": { "group_id": "nzd0008" }, "geometry": { "type": "LineString", "coordinates": [ [ 172.702487015348197, -34.506655512556023 ], [ 172.702507454913189, -34.505889074756965 ], [ 172.702309833383453, -34.505166794179729 ], [ 172.702089561788739, -34.504449094721949 ], [ 172.701841079013946, -34.503732788661786 ], [ 172.701451937954914, -34.503013003217973 ], [ 172.700906414147767, -34.502378092742781 ], [ 172.700461684022599, -34.501729756725901 ], [ 172.699839719091955, -34.501186551906407 ], [ 172.699248134735456, -34.50062532096068 ], [ 172.698734773013626, -34.500017684195825 ], [ 172.698216277550245, -34.499413088423182 ], [ 172.697639494808072, -34.498843064201424 ], [ 172.697110510495662, -34.49824468174144 ], [ 172.696569810248832, -34.497651597789705 ], [ 172.695969964338275, -34.497096223248064 ], [ 172.695390645370054, -34.496529771687747 ], [ 172.694778324472111, -34.495985565098358 ], [ 172.69415850341548, -34.495446328703949 ], [ 172.693620710774866, -34.49485268546217 ], [ 172.693065698358964, -34.494270458723982 ], [ 172.692460644228134, -34.493721416607492 ], [ 172.691882163389351, -34.493166049868954 ], [ 172.691303412187835, -34.492609157435574 ], [ 172.690720933486205, -34.492036100442832 ], [ 172.690075712919338, -34.491519945959119 ], [ 172.689464665914585, -34.49097213444314 ], [ 172.688822417081639, -34.490453221780641 ], [ 172.688172825561566, -34.489939258443059 ], [ 172.687452627976626, -34.489438921012329 ], [ 172.686673244141105, -34.488959120898137 ], [ 172.685876353935953, -34.488609257676188 ], [ 172.68509548904666, -34.488227145932434 ], [ 172.684329208045341, -34.487815687220021 ] ] } },
{ "type": "Feature", "properties": { "group_id": "nzd0009" }, "geometry": { "type": "LineString", "coordinates": [ [ 172.893430462967331, -34.679128201020461 ], [ 172.893017168121077, -34.678466574252106 ], [ 172.892669828818953, -34.677768503953381 ], [ 172.892288331010093, -34.677089300490678 ], [ 172.891875566046679, -34.676427366670396 ], [ 172.891427879105208, -34.675784721868219 ], [ 172.891003303564702, -34.675129303811133 ], [ 172.890549782254169, -34.674489873137887 ], [ 172.890048455579148, -34.673876849556905 ], [ 172.88966764861388, -34.673197236120288 ], [ 172.889198029896306, -34.672566685205965 ], [ 172.888705954110492, -34.671948536955753 ], [ 172.888178900347356, -34.671349709036647 ], [ 172.8876707874484, -34.670740411998885 ], [ 172.887226713057544, -34.67009572993372 ], [ 172.887313435347693, -34.669157781532903 ], [ 172.886489444495481, -34.668722991855688 ], [ 172.885728877847924, -34.668253155037362 ], [ 172.885093614158222, -34.667714084601002 ], [ 172.884519858287234, -34.667141027209226 ], [ 172.883982882906594, -34.666547644530993 ], [ 172.883429803341926, -34.66596315464097 ], [ 172.882917586556829, -34.665356084104786 ], [ 172.882519416084307, -34.664685999955964 ], [ 172.881934400079757, -34.664119140961887 ], [ 172.881312425904042, -34.66357269620616 ], [ 172.880754256389224, -34.662990995700817 ], [ 172.880196382298607, -34.662409127415991 ], [ 172.879703956841894, -34.661791095268072 ], [ 172.879215069626753, -34.661171103746675 ], [ 172.878682225613346, -34.660575393134209 ], [ 172.878203397566097, -34.659949834989092 ], [ 172.877540776800771, -34.659400967459767 ], [ 172.87695867541234, -34.658778986260366 ], [ 172.876437390383359, -34.658144280281547 ], [ 172.875825594583887, -34.65759956130853 ], [ 172.875294608454254, -34.657003168179727 ], [ 172.874781032235745, -34.656395638965101 ], [ 172.874228116804318, -34.655813259301084 ], [ 172.87369080760098, -34.655220896836042 ], [ 172.87314826688953, -34.654631875310272 ], [ 172.872684181905782, -34.653992684672325 ], [ 172.872244932717621, -34.653337609611931 ], [ 172.871750777426001, -34.652717637712328 ], [ 172.871114704536865, -34.652188404955915 ], [ 172.870471202333732, -34.651663918279468 ], [ 172.870146340093555, -34.65093568689614 ], [ 172.869591385861895, -34.650354573912935 ], [ 172.869015277687481, -34.649786982832175 ], [ 172.86843618775157, -34.649221294184905 ], [ 172.867951203747964, -34.648595429314923 ], [ 172.867345887283307, -34.648046501916888 ], [ 172.866771328606916, -34.647477903597398 ], [ 172.866263512189789, -34.646866625663918 ], [ 172.865699917954515, -34.646291008383287 ], [ 172.865156473246259, -34.645702503230069 ], [ 172.864620661446594, -34.645109113427289 ], [ 172.864010392006975, -34.644563328264155 ], [ 172.863465648537101, -34.643975641220003 ], [ 172.862967271152343, -34.643358303271185 ], [ 172.862386794374686, -34.642793456135983 ], [ 172.861830476800861, -34.642213157321969 ], [ 172.861240327992078, -34.641654486288324 ], [ 172.860621796259693, -34.641113959277092 ], [ 172.860077554807134, -34.640525926584075 ], [ 172.859516741136844, -34.639948486126237 ], [ 172.858989076423654, -34.639349845979424 ], [ 172.858340824206721, -34.638828305788095 ], [ 172.857755038444509, -34.638266820173662 ], [ 172.857192517281561, -34.637690455008737 ], [ 172.856603122308968, -34.637131268862156 ], [ 172.856036359311332, -34.636557607687777 ], [ 172.85547866849106, -34.635978141647335 ], [ 172.854937460515544, -34.635388132368149 ], [ 172.854410187009307, -34.634789209279234 ], [ 172.853845042302055, -34.634214496928294 ], [ 172.853345344957205, -34.633597933415125 ], [ 172.852755875600337, -34.633038766036982 ], [ 172.852143462739463, -34.63249426456148 ], [ 172.851558107194791, -34.631932458510626 ], [ 172.850961453006875, -34.631377872638794 ], [ 172.85047108319165, -34.630755324711558 ], [ 172.849758023276507, -34.630275159962544 ], [ 172.849268107217569, -34.629652313800314 ], [ 172.848760842479095, -34.629040556162849 ], [ 172.848147578871675, -34.628496569661706 ], [ 172.84747521962376, -34.627977035605873 ], [ 172.84684606850837, -34.627392887612388 ], [ 172.846243566171495, -34.626803268921009 ], [ 172.845649750323247, -34.626248427771216 ], [ 172.845026085265602, -34.625716063283903 ], [ 172.844426032224703, -34.625165912367912 ], [ 172.843856151479969, -34.624593034363514 ], [ 172.843220267796823, -34.624069861241068 ], [ 172.842690840242255, -34.623466509850701 ], [ 172.842128697305839, -34.622887793653881 ], [ 172.84148394127871, -34.622371291799666 ], [ 172.840914874508002, -34.621797783005135 ], [ 172.840330774266732, -34.621235592707066 ], [ 172.839794616887588, -34.620637291992509 ], [ 172.839196825542388, -34.62008540567669 ], [ 172.838628487185474, -34.619511334089147 ], [ 172.837979727459242, -34.618997826017235 ], [ 172.837378226645797, -34.618448722640885 ], [ 172.836748884624939, -34.61792058342342 ], [ 172.836158932173873, -34.617362775589811 ], [ 172.835581734068057, -34.616795358670075 ], [ 172.83498462786801, -34.616242931326667 ], [ 172.834380627111386, -34.615695692814128 ], [ 172.833789367014987, -34.615138855529167 ], [ 172.833212124203271, -34.614571458047067 ], [ 172.832615273066068, -34.61401882433546 ], [ 172.832025464112547, -34.613460883483192 ], [ 172.831475556463033, -34.612872888827731 ], [ 172.830896364208996, -34.612306945281134 ], [ 172.830310515512537, -34.611746011239561 ], [ 172.829678255351467, -34.611220026716509 ], [ 172.829054807595099, -34.610687401826475 ], [ 172.828453991440512, -34.610137729222195 ], [ 172.827862985787448, -34.609580664655141 ], [ 172.827292232672164, -34.609008344141763 ], [ 172.826690704026532, -34.608459197418945 ], [ 172.826021765516174, -34.607960813998439 ], [ 172.825420989603174, -34.607411093179387 ], [ 172.824804812690473, -34.606872967355592 ], [ 172.824192103060284, -34.606332226702136 ], [ 172.823576141276106, -34.605793931657068 ], [ 172.822914240423927, -34.605290229779442 ], [ 172.822307866087385, -34.604744707169282 ], [ 172.821709643669152, -34.60419304177011 ], [ 172.82108088855864, -34.603664366913392 ], [ 172.820477062231902, -34.603116914633688 ], [ 172.819889057988718, -34.602557543217898 ], [ 172.819334841761645, -34.601972722604934 ], [ 172.818845189968414, -34.601339275102745 ], [ 172.818034456024151, -34.600947629827189 ], [ 172.817305349571541, -34.600494506949325 ], [ 172.816698581404751, -34.599949248520929 ], [ 172.815999765267264, -34.599473306620439 ], [ 172.81530296883011, -34.598995839783051 ], [ 172.814597630443075, -34.598524801794063 ], [ 172.813839794558106, -34.598093294452788 ], [ 172.813106749707515, -34.597643113328914 ], [ 172.81238309417148, -34.597185857248668 ], [ 172.811649429255823, -34.596736134790291 ], [ 172.810955421492793, -34.596256543884508 ], [ 172.810299606281262, -34.595748187796893 ], [ 172.809668730017563, -34.595221105960896 ], [ 172.809111653172323, -34.594638535652024 ], [ 172.808616871019325, -34.594009107284798 ], [ 172.808093425617216, -34.593401174851174 ], [ 172.807643760571835, -34.592737785139157 ], [ 172.807203196396131, -34.592067551281232 ], [ 172.806834504888741, -34.591343293156839 ], [ 172.80638614492571, -34.590678910727334 ], [ 172.805852615838063, -34.590078539001539 ], [ 172.805341439128881, -34.589461363264775 ], [ 172.804870678852637, -34.588813806145566 ], [ 172.804290423089299, -34.588248544300569 ], [ 172.803678132995543, -34.587707356487769 ], [ 172.8030641079948, -34.587167469056673 ], [ 172.802465199903082, -34.586616215904563 ], [ 172.801843898983947, -34.586081789965384 ], [ 172.801214824584235, -34.585553203058367 ], [ 172.800618498751561, -34.584999998266326 ], [ 172.799989778598672, -34.584471137860731 ], [ 172.799355305710094, -34.583946597628099 ], [ 172.798750804900834, -34.583399526448311 ], [ 172.798179007939694, -34.582827871173542 ], [ 172.797433420786462, -34.582386834319195 ], [ 172.796843110732397, -34.581829086442291 ], [ 172.796219698712548, -34.581296214565135 ], [ 172.795778988438428, -34.580626019624781 ], [ 172.795055919958486, -34.580168042917649 ], [ 172.794367257527995, -34.579684202532491 ], [ 172.794364148245052, -34.578685093009355 ], [ 172.79313774432336, -34.578605415376792 ], [ 172.79237113477248, -34.578180148373171 ], [ 172.791695050109411, -34.577686839298039 ], [ 172.791035426814886, -34.577181154216071 ], [ 172.790473970234046, -34.576601684423338 ], [ 172.789764883796693, -34.576133167897112 ], [ 172.789071670828974, -34.575652717132336 ], [ 172.788471563666008, -34.575102285827548 ], [ 172.787883836659546, -34.574542546234817 ], [ 172.787354472784159, -34.573938938363305 ], [ 172.786840566694082, -34.573323709077378 ], [ 172.785920441069067, -34.573013783081812 ], [ 172.785135635724316, -34.57260214808214 ], [ 172.784520567280282, -34.572062939503361 ], [ 172.783912911715532, -34.571517505263749 ], [ 172.783239085623563, -34.571005307160647 ], [ 172.78259761350705, -34.570469575005639 ], [ 172.781941574886133, -34.569964167318588 ], [ 172.781281982932853, -34.569461801140669 ], [ 172.780647170766599, -34.568938199049221 ], [ 172.780031982180617, -34.568397779273994 ], [ 172.779393940675476, -34.567876938044286 ], [ 172.778697504038121, -34.567406129647232 ], [ 172.778036204228783, -34.566905210927459 ], [ 172.77738907933562, -34.566392143263855 ], [ 172.776707552907993, -34.565908549217113 ], [ 172.776045366996016, -34.565408380096926 ], [ 172.775362185272684, -34.56492619780667 ], [ 172.774781031331116, -34.564356590903834 ], [ 172.774132918023383, -34.563844354327891 ], [ 172.773506573310385, -34.563313462470461 ], [ 172.772885086992687, -34.562778404671732 ], [ 172.77225493102668, -34.562250772239068 ], [ 172.771633646414728, -34.561715535432256 ], [ 172.771034910707471, -34.561160974911594 ], [ 172.770383461574284, -34.560651577858543 ], [ 172.769622196292488, -34.560236271118491 ], [ 172.768903631477514, -34.559784373792183 ], [ 172.768216282859271, -34.559305726290241 ], [ 172.76755144234815, -34.558807790117363 ], [ 172.766891946920509, -34.558305270967921 ], [ 172.766239054112333, -34.557797091401376 ], [ 172.765611615985819, -34.557267098782894 ], [ 172.764970979754025, -34.556748411344671 ], [ 172.76434025930422, -34.556221224837444 ], [ 172.76364736621656, -34.555747305186046 ], [ 172.762993999992489, -34.555239515389907 ], [ 172.762308587427668, -34.554759179787531 ], [ 172.761675611176855, -34.554233913438942 ], [ 172.761031398235815, -34.553718271560342 ], [ 172.760402510457368, -34.553189495977534 ], [ 172.759727746055376, -34.552700024179963 ], [ 172.759098496652342, -34.552171552171771 ], [ 172.758484444004154, -34.551630056593012 ], [ 172.757824368166155, -34.551127990213921 ], [ 172.757261220293373, -34.550542873725057 ], [ 172.75658256156612, -34.550056722746348 ], [ 172.755803728366715, -34.549656396435367 ], [ 172.755209090732933, -34.549098250855494 ], [ 172.754531236447804, -34.548611400726898 ], [ 172.753898142444626, -34.548086197658897 ], [ 172.753254983233603, -34.547569615122718 ], [ 172.752626739369077, -34.547040250330703 ], [ 172.751976218999005, -34.546529968385293 ], [ 172.751275691466589, -34.54606252800572 ], [ 172.750645874260584, -34.545534501785717 ], [ 172.749997361301382, -34.545022490393571 ], [ 172.749353599378736, -34.544506405310436 ], [ 172.748693354959016, -34.544004438704029 ], [ 172.748072825832338, -34.543468442298668 ], [ 172.74741505150746, -34.542964353078951 ], [ 172.746765482935757, -34.542453230304972 ], [ 172.746120391212401, -34.541938268790233 ], [ 172.74542206382776, -34.541468914076304 ], [ 172.744831579544126, -34.540907161033722 ], [ 172.744233963900399, -34.540351127935054 ], [ 172.743623061353219, -34.539806145669061 ], [ 172.742973665256926, -34.539294680099488 ], [ 172.742402874172484, -34.538715611216439 ], [ 172.741915394650988, -34.538064699639783 ], [ 172.741077916482311, -34.537715588780948 ], [ 172.740498098357648, -34.537144294878836 ], [ 172.739846860384915, -34.536634582933665 ], [ 172.739310435513829, -34.536025865241271 ], [ 172.738714808878143, -34.535468193899568 ], [ 172.737922065482877, -34.535080491696149 ], [ 172.737226825607166, -34.534608709490392 ], [ 172.736567045203685, -34.534106347805576 ], [ 172.73586819372133, -34.533637673214081 ], [ 172.735165948790893, -34.533171921339992 ], [ 172.734496084797371, -34.532678244791647 ], [ 172.733861649789873, -34.53215401554192 ], [ 172.733186514717289, -34.531656783454416 ], [ 172.732507338095047, -34.531153593233299 ], [ 172.731836919694246, -34.530644393203389 ], [ 172.731102728909519, -34.530217132181676 ], [ 172.73040933667599, -34.529745740247158 ], [ 172.729703417396081, -34.529287895469793 ], [ 172.729025112994009, -34.528800179879489 ], [ 172.728310174554395, -34.528352085698302 ], [ 172.727578607581933, -34.527921974517071 ], [ 172.726853339402737, -34.527485048027664 ], [ 172.726110590106799, -34.527067026423296 ] ] } },
{ "type": "Feature", "properties": { "group_id": "nzd0010" }, "geometry": { "type": "LineString", "coordinates": [ [ 172.988267557849554, -34.530530275592177 ], [ 172.988810722649504, -34.531137955004503 ], [ 172.989384609587745, -34.531733785324974 ], [ 172.989831864017361, -34.532378427911901 ], [ 172.99018398513337, -34.532988377136931 ], [ 172.990489801086341, -34.533435874614156 ], [ 172.991805266455913, -34.535438372479739 ], [ 172.991773312310841, -34.536181277144181 ], [ 172.991746687064705, -34.536923912559367 ], [ 172.991817749259411, -34.537661727345409 ], [ 172.992070024736194, -34.54063536582288 ], [ 172.992124199452434, -34.541380353294876 ], [ 172.992091571203503, -34.542131707690807 ], [ 172.992080033281439, -34.542880567199468 ], [ 172.992156936310295, -34.543618986366816 ], [ 172.992202273097348, -34.544361122972525 ], [ 172.992311578939251, -34.545095706497349 ], [ 172.99232449931381, -34.545841654225327 ], [ 172.992374723469823, -34.546583194617639 ], [ 172.992508675986585, -34.547314851134828 ], [ 172.992637988921672, -34.548047048535004 ], [ 172.992664094616003, -34.548791414631161 ], [ 172.992714125793299, -34.549532951719122 ], [ 172.992792210375427, -34.550271172918762 ], [ 172.992894113876019, -34.551006577816999 ], [ 172.992922183091196, -34.551750686047434 ], [ 172.992967542464839, -34.552492748081001 ], [ 172.993177916707623, -34.55321533798778 ], [ 172.993234389167981, -34.553956076145596 ], [ 172.993287212484688, -34.554697238220264 ], [ 172.993445764841113, -34.555425921876221 ], [ 172.993620504302299, -34.556152689649601 ], [ 172.993705570253155, -34.556890028954236 ], [ 172.993880526412596, -34.557616758304242 ], [ 172.993944224870518, -34.558356605190717 ], [ 172.994026591374819, -34.559094243489085 ], [ 172.993979998503306, -34.559847087028267 ], [ 172.994334868380804, -34.560552568429323 ], [ 172.994509556769628, -34.561279297211556 ], [ 172.994731028367909, -34.562000501063444 ], [ 172.994871166796031, -34.562731292456348 ], [ 172.995068194212365, -34.563470342331968 ], [ 172.99508771702051, -34.564253152653507 ], [ 172.995267752177682, -34.564998389095493 ], [ 172.995492580428788, -34.565715571640943 ], [ 172.995640998886302, -34.566445633736087 ], [ 172.995834209586889, -34.56716813569745 ], [ 172.996021417828558, -34.567891643608874 ], [ 172.996168802802316, -34.568621860985743 ], [ 172.996253589677593, -34.569362628439102 ], [ 172.996413711618175, -34.570090685124541 ], [ 172.996638862076679, -34.570807769259751 ], [ 172.996845597945622, -34.571527952486136 ], [ 172.997016197626152, -34.572254223298359 ], [ 172.997173657521245, -34.572982703621811 ], [ 172.997400447867363, -34.573699486036631 ], [ 172.997468955416792, -34.574442954162272 ], [ 172.997806064729417, -34.575141120387961 ], [ 172.99796915084849, -34.575868626671813 ], [ 172.998095807396481, -34.576602269871493 ], [ 172.998257325776109, -34.577330027831977 ], [ 172.998408994475454, -34.578059440426927 ], [ 172.998604978906258, -34.578760889375232 ], [ 172.998766004525919, -34.579462593101624 ], [ 172.999014490167667, -34.58017306239352 ], [ 172.999161769518935, -34.580902666341288 ], [ 172.99934496538296, -34.581627422051866 ], [ 172.999539488465132, -34.582350644370464 ], [ 172.999773985418386, -34.583068471489675 ], [ 172.999945002932236, -34.583794849770101 ], [ 173.000129370956387, -34.584519421897667 ], [ 173.000332720284803, -34.585241428797303 ], [ 173.000549324967835, -34.585966577969792 ], [ 173.000728671054503, -34.586720394255074 ], [ 173.00094113269293, -34.587463413916922 ], [ 173.001142835216115, -34.588184077534841 ], [ 173.001325201015845, -34.588908444220003 ], [ 173.00154226993439, -34.589626147646094 ], [ 173.001773055374855, -34.590341213646532 ], [ 173.001970722415791, -34.591062626401516 ], [ 173.002159890091548, -34.591785663299298 ], [ 173.002381187552771, -34.592502530642633 ], [ 173.002548071260577, -34.593229829642496 ], [ 173.002733923917191, -34.593953483658026 ], [ 173.002944534649657, -34.594672382241342 ], [ 173.003102314457976, -34.595401408734389 ], [ 173.003374142881711, -34.596108551926122 ], [ 173.003532123856274, -34.59683867258498 ], [ 173.003743901766541, -34.597558996904702 ], [ 173.003941550786493, -34.598280920139025 ], [ 173.004131890243627, -34.599003717887221 ], [ 173.004334961297189, -34.599724026672796 ], [ 173.004364985892863, -34.600478073678815 ], [ 173.004739999856724, -34.601164840721019 ], [ 173.00500206195693, -34.601873627403911 ], [ 173.005297558876094, -34.602575888007202 ], [ 173.005546482156802, -34.60328722438954 ], [ 173.005764591344104, -34.604004563384805 ], [ 173.005928502683361, -34.604732464815591 ], [ 173.006241188024973, -34.605431348873879 ], [ 173.00642045812711, -34.6061562428754 ], [ 173.00670697287444, -34.60686214732317 ], [ 173.00696664660677, -34.60758933564459 ], [ 173.007142125344245, -34.608334426929375 ], [ 173.007397912283437, -34.609043179822407 ], [ 173.0076570059299, -34.609751115764034 ], [ 173.007931931515571, -34.610455163213281 ], [ 173.008196339912558, -34.611161783745167 ], [ 173.008442069638079, -34.611872978762882 ], [ 173.008697482609506, -34.612581793124754 ], [ 173.008939576742847, -34.613293867563648 ], [ 173.00914163207176, -34.614015754455771 ], [ 173.009415432575537, -34.614720041550207 ], [ 173.009580868084925, -34.615450896261756 ], [ 173.009817889207085, -34.616164190372473 ], [ 173.010124557213999, -34.61686039947535 ], [ 173.01037466054899, -34.617571017487677 ], [ 173.0106371368162, -34.618284973335854 ], [ 173.010902331481503, -34.618997738390377 ], [ 173.011189899467638, -34.619698241078254 ], [ 173.011399862156594, -34.620418969753608 ], [ 173.011675709350669, -34.621122516105309 ], [ 173.011919676967523, -34.6218343675311 ], [ 173.012225306938944, -34.62253013750297 ], [ 173.012406997356095, -34.623258212584325 ], [ 173.012360424319297, -34.624045789064596 ], [ 173.012931714076757, -34.624672284371364 ], [ 173.013305465934167, -34.625350271211992 ], [ 173.013595901993511, -34.626049972391549 ], [ 173.013882460870462, -34.626750678376752 ], [ 173.014181593055582, -34.62744810056698 ], [ 173.014486914548144, -34.628143903265155 ], [ 173.01476214817572, -34.628851075557563 ], [ 173.015056595861125, -34.629557235364942 ], [ 173.015368622335728, -34.630254882937471 ], [ 173.015691282693041, -34.630945340835183 ], [ 173.01597330292168, -34.631647153421113 ], [ 173.016238326124039, -34.632353711430184 ], [ 173.016444017509372, -34.633076849004162 ], [ 173.016736008500089, -34.633775856571717 ], [ 173.017043401508005, -34.634470552806292 ], [ 173.017342549443555, -34.635167547951092 ], [ 173.017669208354448, -34.635856846897603 ], [ 173.017958453061652, -34.636556598569832 ], [ 173.01826276028703, -34.63725213383789 ], [ 173.018562619457555, -34.637948906599824 ], [ 173.01880589194792, -34.638665743300699 ], [ 173.019181201585667, -34.639357777975043 ], [ 173.019507676386695, -34.640059643891746 ], [ 173.019761348600213, -34.640771935949132 ], [ 173.020040025757226, -34.641476067926227 ], [ 173.020327510376546, -34.642177321966052 ], [ 173.020602421911093, -34.642882670335744 ], [ 173.020951098771548, -34.643563957960865 ], [ 173.021354595962322, -34.644227362941606 ], [ 173.021573663590971, -34.644950904836634 ], [ 173.022018787945086, -34.645600723917525 ], [ 173.022419628145627, -34.64626497839501 ], [ 173.022728685054716, -34.646959157720026 ], [ 173.022921357581026, -34.647691283984798 ], [ 173.023359501394395, -34.648343356915227 ], [ 173.023795242264981, -34.648996207766423 ], [ 173.024107167895522, -34.649689428810461 ], [ 173.024491979339871, -34.65035887631641 ], [ 173.024835934843111, -34.651041641151366 ], [ 173.025146308928612, -34.651732940169559 ], [ 173.025389041355709, -34.652443946116414 ], [ 173.025682835913301, -34.653140932360564 ], [ 173.025875631207555, -34.653871468634605 ], [ 173.026027557970423, -34.654614866328529 ], [ 173.026952325996518, -34.655906148162799 ], [ 173.027285326675184, -34.656591484913932 ], [ 173.027814444123067, -34.657212582361304 ], [ 173.028337888639498, -34.657838576193903 ], [ 173.028728551398103, -34.658507709162244 ], [ 173.029080646089369, -34.659188499004792 ], [ 173.029506909896668, -34.659846855000886 ], [ 173.02990421937875, -34.66051396075683 ], [ 173.030258785196679, -34.661193986072355 ], [ 173.030689801465002, -34.661847264047537 ], [ 173.031118860305497, -34.662487928868806 ], [ 173.031473030004406, -34.663164154979704 ], [ 173.031833028651761, -34.663843272167291 ], [ 173.032201568278452, -34.664518686163817 ], [ 173.03257517519242, -34.665191900970747 ], [ 173.032923877758066, -34.665875893086522 ], [ 173.03327399087155, -34.666559269184582 ], [ 173.033674454848949, -34.667220840271817 ], [ 173.03409119704682, -34.667875358422577 ], [ 173.034512652055326, -34.668526436381953 ], [ 173.03493727179395, -34.669175785821814 ], [ 173.035337332722492, -34.66983679556494 ], [ 173.035790372071318, -34.670476437069205 ], [ 173.036209991812001, -34.671129864449213 ], [ 173.036595304314574, -34.671797443955647 ], [ 173.037043031223533, -34.672439261998967 ], [ 173.037474630100803, -34.673087730262246 ], [ 173.03789202074708, -34.673743254966787 ], [ 173.038329223544849, -34.674390291706537 ], [ 173.038789883439591, -34.675024811214016 ], [ 173.039230542195611, -34.67566911863198 ], [ 173.039616320550863, -34.676340963174113 ], [ 173.040009087206869, -34.677009295642989 ], [ 173.04043997083474, -34.67765443976802 ], [ 173.040838760734914, -34.678312191840021 ], [ 173.041281822431642, -34.678953109514573 ], [ 173.041768156919801, -34.679575741743172 ], [ 173.042210746824992, -34.680218585926418 ], [ 173.042676218275687, -34.680850850201274 ], [ 173.043134831681954, -34.681487122429758 ], [ 173.043565918926902, -34.682136788970972 ], [ 173.044001537552703, -34.682783550216321 ], [ 173.044444683732195, -34.683426131589314 ], [ 173.044933281705539, -34.684047126882973 ], [ 173.045420043977771, -34.684668988861375 ], [ 173.045930769117462, -34.685281991216499 ], [ 173.046355195010705, -34.68594007017505 ], [ 173.046816682836123, -34.686577754521181 ], [ 173.047290111108879, -34.687206116974771 ], [ 173.047753814317332, -34.687839853588514 ], [ 173.048232049946023, -34.688465548041549 ], [ 173.048719867092274, -34.689085938597906 ], [ 173.049182644008454, -34.689720173789816 ], [ 173.049675468294254, -34.69033054211927 ], [ 173.050146317189615, -34.690945820762657 ], [ 173.050629155469494, -34.691563354442025 ], [ 173.051125727684479, -34.692180419075235 ], [ 173.051620451105663, -34.692798359847608 ], [ 173.052138020794331, -34.69340540804253 ], [ 173.052650241988914, -34.694019356385432 ], [ 173.053102814927229, -34.694667193559468 ], [ 173.053620005976285, -34.695275442275914 ], [ 173.054073420695914, -34.695919714071493 ], [ 173.05452910463228, -34.696562565717215 ], [ 173.055081534541813, -34.697145050563506 ], [ 173.055615550096633, -34.697739020454215 ], [ 173.056062576942935, -34.698379890509514 ], [ 173.056608871563697, -34.698946771051581 ], [ 173.057089771784234, -34.699558977128859 ], [ 173.05762827677799, -34.700152060171838 ], [ 173.058155047354461, -34.700751408060661 ], [ 173.058657516685315, -34.701363735039358 ], [ 173.059048417956632, -34.702035666115464 ], [ 173.059670567923689, -34.702618284850494 ], [ 173.060258894270049, -34.703229450509824 ], [ 173.060963487559263, -34.703709277552854 ], [ 173.061695557619004, -34.704144540345844 ], [ 173.062337527341782, -34.704658222171751 ], [ 173.062923693103698, -34.705218782605677 ], [ 173.063602111091086, -34.705702160926904 ], [ 173.064253953031141, -34.706210307371151 ], [ 173.064946075383176, -34.706683390687253 ] ] } },
{ "type": "Feature", "properties": { "group_id": "nzd0011" }, "geometry": { "type": "LineString", "coordinates": [ [ 172.947897411924885, -34.741032699372319 ], [ 172.947389972362458, -34.740423303249507 ], [ 172.946873869699658, -34.739819033101988 ], [ 172.94642029363095, -34.739177729999589 ], [ 172.945867194578057, -34.738595360625617 ], [ 172.945303535582156, -34.738019240552013 ], [ 172.94480839345178, -34.737402540061744 ], [ 172.944309981662997, -34.73678777151639 ], [ 172.9437422475701, -34.736214051719209 ], [ 172.943230432828386, -34.735607211795802 ], [ 172.942907228789494, -34.734888670744787 ], [ 172.942356323140871, -34.734305103696244 ], [ 172.941750542979122, -34.733757348107723 ], [ 172.941518820269579, -34.732974855119743 ], [ 172.940764005719956, -34.732521052479029 ], [ 172.940175255545995, -34.73196191778009 ], [ 172.939767805741042, -34.731287787881826 ], [ 172.939192261279203, -34.730720269152066 ], [ 172.938612747225449, -34.730155264006449 ], [ 172.938222303549054, -34.729470335230445 ], [ 172.937685594784909, -34.728878172210813 ], [ 172.936986010050106, -34.728389310568303 ], [ 172.936365544914935, -34.727850262323841 ], [ 172.936034258886338, -34.72712779592468 ], [ 172.935316736356697, -34.726650298963968 ], [ 172.934974953445106, -34.725934481907551 ], [ 172.934260830808228, -34.725454820343415 ], [ 172.933615658925959, -34.724931421775857 ], [ 172.933077930637808, -34.724339872312733 ], [ 172.932626831858698, -34.723693373409695 ], [ 172.932065469518079, -34.723116805720821 ], [ 172.931658473215009, -34.722442326045595 ], [ 172.930994675035294, -34.721930720847851 ], [ 172.9305314221088, -34.721291914119938 ], [ 172.930109029301832, -34.720627187199 ], [ 172.929390793050032, -34.720150097525625 ], [ 172.928967200379049, -34.719486123473708 ], [ 172.928577101372667, -34.718800901276389 ], [ 172.927831318078773, -34.718341271441282 ], [ 172.92727272852909, -34.717762907871609 ], [ 172.926894710594553, -34.717070010890858 ], [ 172.926389873054092, -34.716457546266334 ], [ 172.925762272713513, -34.71592294118399 ], [ 172.925052895361318, -34.715440199559495 ], [ 172.924702245666168, -34.714729927581971 ], [ 172.924173097983129, -34.714132865400856 ], [ 172.923435992028772, -34.713667698556634 ], [ 172.922921558021642, -34.713061295878354 ], [ 172.92250326157324, -34.712393912902485 ], [ 172.921976965295642, -34.711795025642871 ], [ 172.921273744210168, -34.711308350428467 ], [ 172.920763286205784, -34.71069940938284 ], [ 172.920335891060205, -34.710037780772964 ], [ 172.91959025685432, -34.70957799392319 ], [ 172.91919417426729, -34.708896496949528 ], [ 172.918443878093512, -34.708439548791368 ], [ 172.91780729279921, -34.707910652909419 ], [ 172.917291530952355, -34.707304956139723 ], [ 172.916743318432424, -34.706719928875295 ], [ 172.916156764484583, -34.706159318175246 ], [ 172.915574209972704, -34.705596155972529 ], [ 172.915010671372926, -34.705020877900608 ], [ 172.914536415570751, -34.704388729163966 ], [ 172.913989913203011, -34.70380259203251 ], [ 172.913439469256417, -34.703218961273109 ], [ 172.912849666902673, -34.702660394785283 ], [ 172.912229080039964, -34.70212143154582 ], [ 172.911700858634418, -34.701523634317539 ], [ 172.911166797333806, -34.700929552535285 ], [ 172.91064003074186, -34.700330820445032 ], [ 172.91007168667312, -34.699758565960167 ], [ 172.909531863447484, -34.699168141718147 ], [ 172.908994644330249, -34.69857605473085 ], [ 172.908413842613726, -34.698011722444363 ], [ 172.907871486247757, -34.697422899250391 ], [ 172.907278875489482, -34.696866080145369 ], [ 172.906796660109791, -34.696238943479358 ], [ 172.906223493184029, -34.695669731900701 ], [ 172.905613598599729, -34.695123908869576 ], [ 172.905149077320829, -34.694485490076545 ], [ 172.904539409243313, -34.693939514544951 ], [ 172.904101194490977, -34.693284332216599 ], [ 172.903516816287095, -34.692722240763089 ], [ 172.903018877059424, -34.692105090096817 ], [ 172.902669739782993, -34.691393159298393 ], [ 172.901842566134235, -34.690985698194609 ], [ 172.901198479348665, -34.690461619884779 ], [ 172.900697639035656, -34.689846300608409 ], [ 172.900062277645446, -34.689316656563186 ], [ 172.899494720986041, -34.688743822093571 ], [ 172.898970911634478, -34.688143119956301 ], [ 172.898475116772687, -34.687544470963807 ], [ 172.898009058332207, -34.686814042839586 ], [ 172.897244580646884, -34.686423053422281 ], [ 172.896466846223916, -34.68605154908078 ], [ 172.895629934062157, -34.68575492458573 ] ] } },
{ "type": "Feature", "properties": { "group_id": "nzd0016" }, "geometry": { "type": "LineString", "coordinates": [ [ 173.117496802978366, -34.738823218228923 ], [ 173.117200880299492, -34.739521136032216 ], [ 173.117250194224965, -34.740263087136057 ], [ 173.117344611613333, -34.740995986891313 ], [ 173.117435198564863, -34.741737453200251 ], [ 173.117794457441761, -34.742438178560029 ], [ 173.118113049972209, -34.743131570834905 ], [ 173.118444025197249, -34.743801282811241 ], [ 173.118744295789554, -34.744490110266383 ], [ 173.119066358301097, -34.745183797058736 ], [ 173.119402677652118, -34.745865727287594 ], [ 173.119732665088463, -34.746538653451807 ], [ 173.120117102906335, -34.747212252451092 ], [ 173.120524226636405, -34.747869476665265 ], [ 173.120928300012736, -34.748512265599274 ], [ 173.12135832112395, -34.749174181867353 ], [ 173.121784951931403, -34.749812288946607 ], [ 173.122235581963054, -34.750420440894409 ], [ 173.122664168286974, -34.751065981053692 ], [ 173.123157541956147, -34.751691999373108 ], [ 173.123605459685422, -34.752325374878104 ], [ 173.124125178125979, -34.752949825176387 ], [ 173.124668170631992, -34.753554392623144 ], [ 173.125198854411309, -34.75411232181807 ], [ 173.125767057419722, -34.754679616700898 ], [ 173.126266786731719, -34.755292714630457 ], [ 173.126751119230875, -34.755913659334972 ], [ 173.127236893159363, -34.756506592015 ], [ 173.127738172554501, -34.757092091435837 ], [ 173.128306711787218, -34.757697196383937 ], [ 173.128873438515001, -34.758280451978152 ], [ 173.129420801585098, -34.75884264663032 ], [ 173.129945839297534, -34.759425376161786 ], [ 173.130502009864529, -34.760004979225556 ], [ 173.131111371036127, -34.760555912967874 ], [ 173.131757093317191, -34.761086070569327 ], [ 173.132363950798123, -34.761641001011796 ], [ 173.133086769794687, -34.762085841452816 ], [ 173.133799033487378, -34.762531368686808 ], [ 173.134442924557476, -34.763034129248318 ], [ 173.135068237773709, -34.763576286171421 ], [ 173.135726635282879, -34.764077089657548 ], [ 173.136391775518092, -34.764562210764126 ], [ 173.137081966995993, -34.765050257323175 ], [ 173.137770935744328, -34.765526755475456 ], [ 173.138462767453376, -34.765990852834612 ], [ 173.139148963694765, -34.766472949888282 ], [ 173.139840889174224, -34.766945929332593 ], [ 173.140568181521019, -34.767410179558858 ], [ 173.141300752430141, -34.767852776970848 ], [ 173.14200555886498, -34.768252801040326 ], [ 173.142748919117111, -34.768624536024411 ], [ 173.143573137134723, -34.768977901699557 ], [ 173.144420530917898, -34.7692627518609 ], [ 173.145260037856502, -34.769514936215039 ], [ 173.146125736150395, -34.769696171664755 ], [ 173.147005204123445, -34.769785428011367 ], [ 173.147895050311092, -34.769807590160056 ] ] } },
{ "type": "Feature", "properties": { "group_id": "nzd0017" }, "geometry": { "type": "LineString", "coordinates": [ [ 172.997924265447438, -34.798193698578309 ], [ 172.997378148936633, -34.797607580097591 ], [ 172.996952499240564, -34.796950356066212 ], [ 172.99635181324814, -34.796396436570731 ], [ 172.99592895917587, -34.795737553740935 ], [ 172.995308178218551, -34.795195485901537 ], [ 172.994784554779471, -34.79459606990779 ], [ 172.994230093735951, -34.794014850337653 ], [ 172.993711368840422, -34.79341253443846 ], [ 172.993277504831013, -34.792760128029855 ], [ 172.992641765285441, -34.792226867155996 ], [ 172.992049540000608, -34.791667919083999 ], [ 172.991563067798324, -34.791046549795368 ], [ 172.991041165526582, -34.790446087432549 ], [ 172.990550101690189, -34.789827419435348 ], [ 172.990129742920146, -34.789167015833016 ], [ 172.989508068027106, -34.788625427699976 ], [ 172.989134152273294, -34.787937603902343 ], [ 172.988662693247761, -34.787307347219176 ], [ 172.988004619443245, -34.786786390938339 ], [ 172.987534894011731, -34.786154125043417 ], [ 172.986897257394617, -34.785619397260788 ], [ 172.986393407549713, -34.785008495718941 ], [ 172.985955317372088, -34.784359856427969 ], [ 172.985325452340135, -34.783821254239378 ], [ 172.984929118188404, -34.78314864620409 ], [ 172.984385435906631, -34.782560582990477 ], [ 172.983743601210449, -34.782028835743461 ], [ 172.983211066421575, -34.781434367125385 ], [ 172.982773844562303, -34.780785202991567 ], [ 172.982317304320162, -34.780147119324454 ], [ 172.981753016283449, -34.779570857637417 ], [ 172.981158965605204, -34.779011669461461 ], [ 172.980785387806606, -34.778325968060159 ], [ 172.980219258581712, -34.777750749568241 ], [ 172.979801976427808, -34.777090116987033 ], [ 172.97915316029281, -34.776562336049878 ], [ 172.978605407676184, -34.77597655958224 ], [ 172.978179394774457, -34.775320923525129 ], [ 172.977742958240384, -34.774671264051698 ], [ 172.977028200625568, -34.774181303136515 ], [ 172.976811645754907, -34.773405464651404 ], [ 172.976162191795567, -34.772878023388003 ], [ 172.975490599929458, -34.772363280331149 ], [ 172.975146494133213, -34.771660618496469 ], [ 172.974591784989741, -34.771078798306561 ], [ 172.974164286648175, -34.770424277891522 ], [ 172.973356287826846, -34.769995237362075 ], [ 172.972982681216422, -34.769311148868105 ], [ 172.97244973983328, -34.768717109598256 ], [ 172.971917290163191, -34.768122769068874 ], [ 172.971446099228416, -34.767491427106279 ], [ 172.970901180626782, -34.766904608597152 ], [ 172.970372787204695, -34.766307805427765 ], [ 172.969844463901779, -34.765710955619276 ], [ 172.969352643730559, -34.765092055461096 ], [ 172.96887274000585, -34.764465954033334 ], [ 172.968278783468634, -34.763908730574165 ], [ 172.967706368721537, -34.763338492617478 ], [ 172.967111121307596, -34.762782040101001 ], [ 172.966741650948762, -34.762089225358757 ], [ 172.96631658526988, -34.761429982849869 ], [ 172.965618389542726, -34.760935693429396 ], [ 172.965050978485806, -34.760362412053439 ], [ 172.964699936681313, -34.75965844996383 ], [ 172.964035286590104, -34.759143887739576 ], [ 172.963400669526351, -34.758611182531475 ], [ 172.96286075632031, -34.758021276665581 ], [ 172.962326817214489, -34.75742775845967 ], [ 172.961867304385464, -34.75678928626261 ], [ 172.961391693716763, -34.756160531989138 ], [ 172.960772019743047, -34.755618780509593 ], [ 172.960244443544838, -34.755021402269861 ], [ 172.959724421318583, -34.754419457519894 ], [ 172.959300570559435, -34.753759425628736 ], [ 172.958735753395644, -34.753184526245157 ], [ 172.958171114572821, -34.752609514847038 ], [ 172.957686011953257, -34.751986463183627 ], [ 172.957156402171364, -34.751390287380325 ], [ 172.956624315523129, -34.750795603194987 ], [ 172.95605037841878, -34.750225364401942 ], [ 172.955664557414849, -34.749542300744416 ], [ 172.955028823491176, -34.749008717826293 ], [ 172.954519036649259, -34.748400770050637 ], [ 172.954065424839627, -34.747759550748114 ], [ 172.953529733217522, -34.74716693521674 ], [ 172.952892222795157, -34.746634612952782 ], [ 172.952348571013573, -34.746046702757582 ], [ 172.951799501438472, -34.745461996650704 ], [ 172.951265333298693, -34.744868461508041 ], [ 172.950756658608583, -34.744259824699007 ], [ 172.950277489007902, -34.74363371048252 ], [ 172.949870273532753, -34.742964980180247 ], [ 172.949321543930097, -34.742380051058419 ], [ 172.948731391082617, -34.741819648681449 ], [ 172.948147847189688, -34.74125532804463 ] ] } },
{ "type": "Feature", "properties": { "group_id": "nzd0018" }, "geometry": { "type": "LineString", "coordinates": [ [ 173.149302998645226, -34.77197375558584 ], [ 173.148667982200323, -34.772494504620987 ], [ 173.148164975292843, -34.773085136943777 ], [ 173.147760769192217, -34.773737407247317 ], [ 173.14743088511355, -34.774412933986113 ], [ 173.147258335952614, -34.775124647069184 ], [ 173.147128107494041, -34.775851261753772 ], [ 173.147025933949351, -34.7765847580905 ], [ 173.147178062301066, -34.777315412169415 ], [ 173.14722462812972, -34.778053993704511 ], [ 173.147500681698432, -34.778762681715016 ], [ 173.1477932130976, -34.779452067275464 ], [ 173.148081980128637, -34.780128024302911 ], [ 173.148469395508215, -34.780791039307076 ], [ 173.148853739907196, -34.78145077911239 ], [ 173.149230627723711, -34.78210194184549 ], [ 173.149675927018251, -34.782734340957703 ], [ 173.150145438504154, -34.783363545037851 ], [ 173.150642315756556, -34.78397829497807 ], [ 173.151132932874333, -34.784587946574938 ], [ 173.151637750302598, -34.785187448355487 ], [ 173.152139606737364, -34.785802480956015 ], [ 173.152815347827385, -34.786304077539619 ], [ 173.153425373802349, -34.786850208723763 ], [ 173.153952736121909, -34.787448148128945 ] ] } },
{ "type": "Feature", "properties": { "group_id": "nzd0019" }, "geometry": { "type": "LineString", "coordinates": [ [ 173.388831426730462, -34.801451346457583 ], [ 173.389710578094963, -34.801490929688086 ], [ 173.390569666846176, -34.801443478818065 ], [ 173.391439685763856, -34.80128552333759 ], [ 173.392276387568359, -34.801094349995083 ], [ 173.3929647063338, -34.80088365942904 ], [ 173.393720816371456, -34.800641416861851 ], [ 173.394491118845195, -34.80029393596152 ], [ 173.395197477157069, -34.799928642277237 ], [ 173.39580282814498, -34.799482904506483 ], [ 173.396389739153051, -34.799004712639672 ], [ 173.396960865382226, -34.798476737174106 ] ] } },
{ "type": "Feature", "properties": { "group_id": "nzd0020" }, "geometry": { "type": "LineString", "coordinates": [ [ 173.165675340978282, -34.804096953091772 ], [ 173.165106354460562, -34.804688891932003 ], [ 173.164682896662526, -34.80535359058684 ] ] } },
{ "type": "Feature", "properties": { "group_id": "nzd0021" }, "geometry": { "type": "LineString", "coordinates": [ [ 173.163748992384484, -34.80758760344289 ], [ 173.16359724304121, -34.808315858787296 ], [ 173.16358978899143, -34.809057812112059 ] ] } },
{ "type": "Feature", "properties": { "group_id": "nzd0022" }, "geometry": { "type": "LineString", "coordinates": [ [ 173.386509245631004, -34.8116273282835 ], [ 173.387168583109371, -34.811115992652752 ], [ 173.387696983631486, -34.810536377924755 ], [ 173.388137306655295, -34.809923216953507 ], [ 173.388549325588002, -34.809283432787879 ], [ 173.388817763590595, -34.808625297301568 ], [ 173.38906749365654, -34.807949264722545 ] ] } },
{ "type": "Feature", "properties": { "group_id": "nzd0023" }, "geometry": { "type": "LineString", "coordinates": [ [ 173.163414912149335, -34.810070937702015 ], [ 173.163540860060124, -34.810799993194678 ], [ 173.163730479021012, -34.811515987905786 ], [ 173.163928923755947, -34.812225076568616 ], [ 173.164241224611885, -34.81291120603295 ], [ 173.164556092479899, -34.813600975656584 ], [ 173.164907588694604, -34.814278408689255 ] ] } },
{ "type": "Feature", "properties": { "group_id": "nzd0024" }, "geometry": { "type": "LineString", "coordinates": [ [ 173.408145535577944, -34.82200379102531 ], [ 173.407682727476043, -34.822630288478123 ] ] } },
{ "type": "Feature", "properties": { "group_id": "nzd0025" }, "geometry": { "type": "LineString", "coordinates": [ [ 173.0474053306462, -34.855445623107443 ], [ 173.046872196588083, -34.854852277799495 ], [ 173.046338131354929, -34.85425950339949 ], [ 173.045800677916986, -34.85366881747909 ], [ 173.045286661425877, -34.853063651620197 ], [ 173.044757764824652, -34.852467672156592 ], [ 173.044267196513005, -34.851848015159163 ], [ 173.043750276325341, -34.851244630045443 ], [ 173.04320746987338, -34.850657229260221 ], [ 173.042688415025708, -34.850055154153104 ], [ 173.042172838335887, -34.849450926539468 ], [ 173.041676742387438, -34.848834662457698 ], [ 173.041159110860889, -34.848231695532668 ], [ 173.0406639003794, -34.847614994201933 ], [ 173.040134750742794, -34.847019357723383 ], [ 173.039617830334663, -34.846416405805272 ], [ 173.039111155155354, -34.845807525166109 ], [ 173.038583078646042, -34.845211027405867 ], [ 173.038089518557513, -34.844594546773543 ], [ 173.037645813333569, -34.843949205144533 ], [ 173.037023104587888, -34.843407468303027 ], [ 173.036577254920815, -34.84276335908325 ], [ 173.03605729632821, -34.842162140487297 ], [ 173.035459299115615, -34.841606087086184 ], [ 173.034988199816354, -34.840976579367712 ], [ 173.034495800155241, -34.840359396086228 ], [ 173.033989794158629, -34.839750083881526 ], [ 173.033462090139437, -34.839153326334454 ], [ 173.032982591166927, -34.838528662683565 ], [ 173.032460364655321, -34.837928725847874 ], [ 173.032067805427488, -34.837253731338635 ], [ 173.031432842198171, -34.836719039283572 ], [ 173.030906471494802, -34.836121487903924 ], [ 173.03042089632919, -34.835500319088332 ], [ 173.029856282138212, -34.834924894728189 ], [ 173.029281512355169, -34.834355344111465 ], [ 173.028818643562744, -34.833721019315838 ], [ 173.028217861671948, -34.833166516011786 ], [ 173.027671571793206, -34.832580467584997 ], [ 173.027168639738704, -34.831969318697325 ], [ 173.026673684572415, -34.831353548256089 ], [ 173.026163462344755, -34.830746610160446 ], [ 173.025632239784471, -34.830151795320496 ], [ 173.025126069619319, -34.829542479147051 ], [ 173.024607322882048, -34.828940446915254 ], [ 173.024025676592174, -34.828374698574159 ], [ 173.023575799229121, -34.827732949059893 ], [ 173.023019262199568, -34.827152710302336 ], [ 173.022514473556839, -34.826542621599899 ], [ 173.02202288590783, -34.825924914874655 ], [ 173.021437794869712, -34.825361131165714 ], [ 173.020903691128552, -34.824767936450627 ], [ 173.020377078161289, -34.824170417059115 ], [ 173.019910367762208, -34.823538344854349 ], [ 173.01938391286464, -34.82294072544186 ], [ 173.018871751446142, -34.822334857929448 ], [ 173.018318559670547, -34.821752649980056 ], [ 173.017836270563294, -34.821129544947887 ], [ 173.017520339884129, -34.820410488899931 ], [ 173.017049975364813, -34.819780497348312 ], [ 173.016334470736211, -34.819291885180441 ], [ 173.015935242155592, -34.818620857480674 ], [ 173.015297310595713, -34.818087496400587 ], [ 173.014807301751318, -34.817468817034879 ], [ 173.014294708311553, -34.816863248080857 ], [ 173.013651524053842, -34.816333598864489 ], [ 173.013144015521419, -34.815725010194136 ], [ 173.012650483637572, -34.815108221271451 ], [ 173.012149993371764, -34.814495476494869 ], [ 173.011597731119423, -34.813912849588299 ], [ 173.011053034477726, -34.813325816406667 ], [ 173.010509912023878, -34.812737862916038 ], [ 173.010005750553091, -34.812127236544399 ], [ 173.009448665069613, -34.81154739829055 ], [ 173.008959704933375, -34.810927918595134 ], [ 173.008425740054463, -34.810334619391242 ], [ 173.008056419610512, -34.80964552126936 ], [ 173.007628706991881, -34.80899039265897 ], [ 173.006875302169703, -34.808524756514046 ], [ 173.006549633438652, -34.807810247277452 ], [ 173.005851318128293, -34.807312549730725 ], [ 173.005327300518189, -34.806713436537656 ], [ 173.004808235833224, -34.806111437199178 ], [ 173.004367578139892, -34.805463814123264 ], [ 173.003907393554385, -34.804827608244906 ], [ 173.003289111303275, -34.804283661659447 ], [ 173.002867887663541, -34.803624506344626 ], [ 173.002074382388855, -34.803182985682596 ], [ 173.001665706432476, -34.802516396579222 ], [ 173.001015327162463, -34.801991160951417 ], [ 173.000439921798176, -34.801422073103048 ], [ 172.99989029544696, -34.800837904284101 ], [ 172.999382479327295, -34.800229278848697 ], [ 172.998867417435576, -34.799625010084974 ], [ 172.998395592235738, -34.798996314190113 ], [ 172.99792641690459, -34.79836568363843 ] ] } },
{ "type": "Feature", "properties": { "group_id": "nzd0027" }, "geometry": { "type": "LineString", "coordinates": [ [ 173.336975038359697, -34.856912676625797 ], [ 173.337840319844418, -34.8567363559185 ], [ 173.338706272525712, -34.856557399440625 ], [ 173.339589995260098, -34.856374340576401 ], [ 173.340417678443345, -34.856200541600678 ], [ 173.341229354033203, -34.855936702853505 ], [ 173.342065540248569, -34.855842448045635 ], [ 173.342716291067148, -34.85571456405507 ], [ 173.343603825719157, -34.855463048394341 ], [ 173.344471160662209, -34.855234672370159 ], [ 173.345290145826226, -34.855028615311731 ], [ 173.346077677221672, -34.854827651885209 ], [ 173.346907406246601, -34.854588590271462 ], [ 173.347838690881332, -34.854325747205806 ], [ 173.348719495512142, -34.8540717617173 ], [ 173.349459120491559, -34.853840411818808 ], [ 173.350264972442886, -34.85360023183987 ], [ 173.351159311177128, -34.853315513962151 ], [ 173.351986543540221, -34.853036560993118 ], [ 173.352737970056495, -34.852780920152092 ], [ 173.353611649451523, -34.85249612109277 ], [ 173.354524658675359, -34.852197638800895 ], [ 173.355282503671447, -34.851961363859587 ], [ 173.356010423805884, -34.851716189662021 ], [ 173.356847639897552, -34.85144466173324 ], [ 173.397070765203324, -34.82044883954439 ], [ 173.397112386485958, -34.819728341482822 ], [ 173.397078147301329, -34.81900646877363 ], [ 173.39701071913214, -34.818270427587635 ], [ 173.3968555714535, -34.817545245498167 ], [ 173.396669203551113, -34.81683264166503 ], [ 173.39640735817153, -34.816136085431012 ], [ 173.395835212194811, -34.815556967463657 ] ] } },
{ "type": "Feature", "properties": { "group_id": "nzd0028" }, "geometry": { "type": "LineString", "coordinates": [ [ 173.295705408314404, -34.861295173311042 ], [ 173.296511408742589, -34.861479316921759 ], [ 173.297347741788656, -34.861575775638471 ], [ 173.29820616484642, -34.861615164530647 ], [ 173.299043974997318, -34.861645686595132 ], [ 173.299955021894476, -34.86161619308605 ], [ 173.300840785002691, -34.861582001138018 ], [ 173.301697240996816, -34.861540706260037 ], [ 173.302579586217917, -34.861486768949298 ], [ 173.303477363595022, -34.861400503309859 ], [ 173.3043830158243, -34.861343285663743 ], [ 173.305274389356441, -34.861281123174784 ], [ 173.306165997564563, -34.861249970871434 ], [ 173.307068399423144, -34.861230899823674 ], [ 173.307983453636098, -34.861199120302764 ], [ 173.308881305018247, -34.86118048219209 ], [ 173.309759657488797, -34.861153064950884 ], [ 173.310651410178536, -34.861036936515085 ], [ 173.311558838111239, -34.860986293801695 ], [ 173.31245196285002, -34.860920033354532 ], [ 173.313337576912858, -34.860854562831733 ], [ 173.314213299253993, -34.860775305849522 ], [ 173.315094676526343, -34.860689741728628 ], [ 173.315987781841358, -34.860571474036902 ], [ 173.316867138041289, -34.860468506987942 ], [ 173.317751274728693, -34.860399407601022 ], [ 173.318646296200768, -34.86030268032281 ], [ 173.319550608708852, -34.86020486638121 ], [ 173.320455239105144, -34.860125754423443 ], [ 173.321331195474954, -34.86001209997886 ], [ 173.322208550760507, -34.859893497648009 ], [ 173.323112996894594, -34.859797468170349 ], [ 173.324004742582787, -34.859671566822669 ], [ 173.324823753892787, -34.859537660966552 ], [ 173.325667673418678, -34.859437573092663 ], [ 173.326583464449243, -34.859293184819364 ], [ 173.327510123258975, -34.85917516200422 ], [ 173.328411931583929, -34.859070976409541 ] ] } },
{ "type": "Feature", "properties": { "group_id": "nzd0029" }, "geometry": { "type": "LineString", "coordinates": [ [ 173.155108147447208, -34.826079271987183 ], [ 173.155377293001237, -34.826778522661179 ], [ 173.155590533999742, -34.827500623401832 ], [ 173.155582387200496, -34.828245791992686 ], [ 173.155610720054256, -34.828988511351454 ], [ 173.155439385915287, -34.82970673224623 ], [ 173.155438074974768, -34.830436401801826 ], [ 173.155319914832887, -34.831152187122647 ], [ 173.155366835483505, -34.83188163383511 ], [ 173.155368241571068, -34.83261639835677 ], [ 173.155416672356381, -34.833348155289372 ], [ 173.155579431998461, -34.834051248368517 ], [ 173.155666127999751, -34.834754598012111 ], [ 173.155882860384423, -34.835479980509298 ], [ 173.156106537490842, -34.83616644868917 ], [ 173.156216575039679, -34.836886542518222 ], [ 173.156519530203269, -34.83758358609964 ], [ 173.156806564100947, -34.838283130642964 ], [ 173.157129475348682, -34.838973668192693 ], [ 173.157405005903286, -34.839654291597185 ], [ 173.157760994646679, -34.840308186171221 ], [ 173.158125758232416, -34.840965122536623 ], [ 173.158546527607427, -34.841587266376266 ], [ 173.158954417516952, -34.842230364311632 ], [ 173.159389079989381, -34.842886850743874 ], [ 173.159955481954626, -34.84346377427169 ], [ 173.160496498623758, -34.844035851573956 ], [ 173.161045570300331, -34.844603572573988 ], [ 173.16161498054791, -34.845175951634957 ], [ 173.162199828521267, -34.845724989065182 ], [ 173.162797389190928, -34.84623745191675 ], [ 173.16341265959511, -34.846766174518741 ], [ 173.164054538862786, -34.84728194068348 ], [ 173.164689079691982, -34.847803803022281 ], [ 173.165361115373514, -34.848308819962959 ], [ 173.166025648589851, -34.848832003641135 ], [ 173.166650811973653, -34.849342623912918 ], [ 173.167285251857692, -34.849829459624807 ], [ 173.167916880374861, -34.850334767446704 ], [ 173.168497343127342, -34.850859061944327 ], [ 173.169146233763598, -34.851384002946006 ], [ 173.169826629907078, -34.851882259355797 ], [ 173.170479579577176, -34.852405455154731 ], [ 173.171147543173646, -34.852925859810256 ], [ 173.171733454593237, -34.853467201160555 ], [ 173.172365120003349, -34.853986796628021 ], [ 173.172950850543913, -34.854538273674578 ], [ 173.173556757805073, -34.855082750441575 ], [ 173.174172773753526, -34.855590534999841 ], [ 173.174842292380561, -34.856011481095067 ], [ 173.175537965645361, -34.856472205402213 ], [ 173.176321914137191, -34.85689305183412 ], [ 173.177079750257036, -34.85731347812613 ], [ 173.177776112504631, -34.857738184886593 ], [ 173.178462317666202, -34.858234542950456 ], [ 173.17909863024002, -34.858763562113204 ], [ 173.179759424781338, -34.859260901564156 ], [ 173.180461658736931, -34.859755126875562 ], [ 173.181087953058579, -34.860270240590523 ], [ 173.181693223954056, -34.860768665014795 ], [ 173.182354657746004, -34.861281813054354 ], [ 173.183052246306346, -34.861739780646865 ], [ 173.183727104848941, -34.862162955991458 ], [ 173.184442977821277, -34.862586106664367 ], [ 173.185171242958546, -34.862946415882995 ], [ 173.185945981075548, -34.863301686393413 ], [ 173.186798216454264, -34.86366293821709 ], [ 173.187601057104615, -34.864020734781789 ], [ 173.188291075295979, -34.864423246455267 ], [ 173.189041112116854, -34.864829741907705 ], [ 173.189798954112177, -34.865271960373001 ], [ 173.190513451265929, -34.86570816450071 ], [ 173.191215046437918, -34.866117901769066 ], [ 173.191971043405005, -34.866493884928211 ], [ 173.192787598400713, -34.866831041531889 ], [ 173.193579575403021, -34.867162024851019 ], [ 173.194354240661141, -34.867496375222039 ], [ 173.195192836337526, -34.867844612349813 ], [ 173.196029012645027, -34.8681766578854 ], [ 173.196777854710803, -34.868492247175581 ], [ 173.19758492386589, -34.868840670278665 ], [ 173.198395120014141, -34.869237686279007 ], [ 173.199142631409757, -34.869646454541424 ], [ 173.199907422638091, -34.870023799850465 ], [ 173.200604220798226, -34.870393252090324 ], [ 173.201308650507514, -34.870692482358329 ], [ 173.202063392743639, -34.870999906051075 ], [ 173.202853234881502, -34.871271206703959 ], [ 173.203701690469956, -34.871572974168537 ], [ 173.204571143258534, -34.871868115857758 ], [ 173.205398812714975, -34.872127687753611 ], [ 173.20619734795045, -34.872361623348418 ], [ 173.207042957500335, -34.87262456251014 ], [ 173.207925734459479, -34.872861360848397 ], [ 173.208761159329356, -34.873135384979648 ], [ 173.209598062223648, -34.87337769573179 ], [ 173.210419691945816, -34.873703848405015 ], [ 173.211248524816483, -34.874004251662093 ], [ 173.212029421108667, -34.87431531855924 ], [ 173.212856417339083, -34.874602554208479 ], [ 173.213710819299934, -34.874937195037262 ], [ 173.21452805374787, -34.875277625133592 ], [ 173.215332893679687, -34.875577697108817 ], [ 173.21610901924717, -34.875916636924899 ], [ 173.216843445116524, -34.876189327854547 ], [ 173.217620474500876, -34.876427719726742 ], [ 173.218495098216692, -34.876638224029925 ], [ 173.219337731704798, -34.876834260089112 ], [ 173.220119678421383, -34.876882757766481 ], [ 173.221026538867847, -34.87705933641714 ], [ 173.221974436445805, -34.877339774000674 ], [ 173.222832594397943, -34.877630043780151 ], [ 173.223634759461419, -34.877877289796984 ], [ 173.224420176528071, -34.87813829512546 ], [ 173.225265411823102, -34.878376402346632 ], [ 173.226099576328693, -34.878553932906122 ], [ 173.226949460393627, -34.878734274000614 ], [ 173.227836231552971, -34.878925831037179 ], [ 173.228724243904765, -34.879099082891599 ], [ 173.229589311206865, -34.879236841953698 ], [ 173.230441400091479, -34.879349218912317 ], [ 173.231308234327969, -34.879458468715931 ], [ 173.232159796510871, -34.879486758006941 ], [ 173.233044775255422, -34.879545946431662 ], [ 173.233955249711158, -34.879643333337206 ], [ 173.234831519786582, -34.879766444366723 ], [ 173.235738463054048, -34.879865209901688 ], [ 173.236608151081157, -34.880085786292767 ], [ 173.237486835221944, -34.880252446886857 ], [ 173.238377045302144, -34.880346419457155 ], [ 173.239254234320128, -34.88049466921801 ], [ 173.240149229431353, -34.880583672143509 ], [ 173.241041597050668, -34.880643759980629 ], [ 173.241916337616544, -34.880804304043984 ], [ 173.242812460344226, -34.880897243531642 ], [ 173.243688748146781, -34.881061233210282 ], [ 173.244567300349189, -34.881205900136997 ], [ 173.245462940047446, -34.881296196872817 ], [ 173.246347687212392, -34.881418869285923 ], [ 173.247229532738743, -34.881506070544766 ], [ 173.24811881568931, -34.881627085397533 ], [ 173.24901512863039, -34.881685053971978 ], [ 173.249920023745005, -34.881695150201487 ], [ 173.250815286060288, -34.881780266175554 ], [ 173.251709989904867, -34.881814201727011 ], [ 173.252598215949916, -34.881936918329856 ], [ 173.253498888538218, -34.881981888192705 ], [ 173.254382654158491, -34.882122205068264 ], [ 173.255274596805066, -34.882213251118877 ], [ 173.256168054754681, -34.882277436820686 ], [ 173.257051844537187, -34.882392482117012 ], [ 173.25792693397031, -34.882435288448207 ], [ 173.258802066989517, -34.882472154730479 ], [ 173.259711722993728, -34.882509124737759 ], [ 173.26062981732457, -34.882527673313533 ], [ 173.261567458908132, -34.882517414645363 ], [ 173.262431739538954, -34.882617992720718 ], [ 173.263245276285545, -34.882640937975417 ], [ 173.264188753617617, -34.882709070265719 ], [ 173.265145278826594, -34.882821109871117 ], [ 173.266030789011637, -34.882863400713688 ], [ 173.266902634873674, -34.882958744119939 ], [ 173.267793988538955, -34.883142385405669 ], [ 173.268710744871839, -34.883385062082766 ], [ 173.269632843055945, -34.883637196179258 ], [ 173.270506557638072, -34.883954524159172 ], [ 173.271376925144864, -34.884259801787834 ], [ 173.272194344842035, -34.884637223523328 ], [ 173.273036342094315, -34.884993057608483 ], [ 173.273982785145392, -34.885301299561092 ], [ 173.274826647362858, -34.885743375372329 ], [ 173.275455293735263, -34.886092768667687 ], [ 173.276039248884928, -34.886452000771087 ], [ 173.276778110713906, -34.886951287664992 ], [ 173.277508102010984, -34.887528210484575 ], [ 173.278242297022132, -34.888062004779144 ], [ 173.278942017491943, -34.888642914853378 ], [ 173.279686518101215, -34.889133055573716 ], [ 173.280398827070883, -34.889569434016344 ] ] } },
{ "type": "Feature", "properties": { "group_id": "nzd0030" }, "geometry": { "type": "LineString", "coordinates": [ [ 173.095065673224582, -34.913702876367118 ], [ 173.094578356571162, -34.913083745129221 ], [ 173.094104773574912, -34.912455733569296 ], [ 173.093662637909006, -34.911812136841434 ], [ 173.093187438866238, -34.911186991635773 ], [ 173.092668230485089, -34.910584269145517 ], [ 173.092212016702575, -34.909949439364659 ], [ 173.09174101685042, -34.909322139893042 ], [ 173.091265121409862, -34.908697330475157 ], [ 173.090783656916443, -34.908075354320111 ], [ 173.090281548123812, -34.907463893915988 ], [ 173.089823488097807, -34.906829981081891 ], [ 173.089371506764593, -34.906192965688341 ], [ 173.088893695502179, -34.905569108705436 ], [ 173.08833478277532, -34.904986577102157 ], [ 173.08788982728322, -34.904345966952029 ], [ 173.087387813496946, -34.903734429528519 ], [ 173.086849698667407, -34.903141284805379 ], [ 173.086366039753955, -34.902520384015268 ], [ 173.085976705284338, -34.901851409645658 ], [ 173.085449884918518, -34.90125444195877 ], [ 173.084939370382472, -34.900652131168172 ], [ 173.084449113102323, -34.90003726975312 ], [ 173.084060931246114, -34.899365045593846 ], [ 173.083450172169421, -34.898812430674397 ], [ 173.08302546826846, -34.898159824335949 ], [ 173.082590974152481, -34.897512474571705 ], [ 173.081984829610036, -34.896957365996776 ], [ 173.081598990773131, -34.896283859361937 ], [ 173.08115485263383, -34.89564167835281 ], [ 173.080592475752837, -34.895063035024528 ], [ 173.080042010855152, -34.894477985460007 ], [ 173.079600212744054, -34.893834533040824 ], [ 173.079058042419234, -34.893245016681703 ], [ 173.078585707735186, -34.892617965544027 ], [ 173.078031485908298, -34.892034916490552 ], [ 173.077478075088294, -34.891451426942282 ], [ 173.077098733215422, -34.890774386940244 ], [ 173.076574217187357, -34.890175359915993 ], [ 173.07608983128867, -34.889557422394617 ], [ 173.075546005782996, -34.888976888284184 ], [ 173.075054184650924, -34.888364445471296 ], [ 173.074555905583111, -34.887751052170294 ], [ 173.074019873452414, -34.887159424814449 ], [ 173.073484215989907, -34.886567576971451 ], [ 173.073017209408704, -34.885936137014411 ], [ 173.072517313940011, -34.885323658059299 ], [ 173.072061823133055, -34.884685568539012 ], [ 173.071597777121752, -34.884052407911703 ], [ 173.071089913723569, -34.883444510347225 ], [ 173.070669683464786, -34.882786074119984 ], [ 173.07003506422825, -34.882251262239691 ], [ 173.069552779513486, -34.881628601274542 ], [ 173.069036435375182, -34.881025576439654 ], [ 173.068480025412043, -34.88044357357154 ], [ 173.068024009675639, -34.879802071070571 ], [ 173.067579615676038, -34.879157494411032 ], [ 173.06715197501174, -34.878506681410194 ], [ 173.066556556715085, -34.877945060429163 ], [ 173.066100439659181, -34.877309377213905 ], [ 173.065664708725478, -34.876662851273949 ], [ 173.06501220483122, -34.876131565130812 ], [ 173.064636812469956, -34.875452951739312 ], [ 173.064049597107243, -34.874886946548834 ], [ 173.06360661699685, -34.874244255931394 ], [ 173.063106865455524, -34.873631742433389 ], [ 173.062516579889888, -34.873067355508077 ], [ 173.062009339582261, -34.872458814010479 ], [ 173.061460333724426, -34.871873705456167 ], [ 173.060929504427833, -34.871292602522367 ], [ 173.060447539486461, -34.870682669761891 ], [ 173.059932987012985, -34.870078380629479 ], [ 173.059533106011543, -34.869405742374489 ], [ 173.058945107118859, -34.868845219017366 ], [ 173.058421353716938, -34.868246400656467 ], [ 173.057977775069219, -34.867599793321943 ], [ 173.057366506715852, -34.867053125724048 ], [ 173.056939069714531, -34.866396889174709 ], [ 173.056441732653468, -34.865782309122729 ], [ 173.0559017189141, -34.86519316035362 ], [ 173.055369961667878, -34.864597562126463 ], [ 173.054813529860866, -34.864014663681601 ], [ 173.054264547919672, -34.863428499725998 ], [ 173.053761064167333, -34.862817993210321 ], [ 173.053214706682326, -34.862231944059815 ], [ 173.052763271796039, -34.861591731849103 ], [ 173.052225990269818, -34.861000495454157 ], [ 173.051696456153678, -34.860404834266383 ], [ 173.051172901470352, -34.859805757017739 ], [ 173.050655691236045, -34.859203055446137 ], [ 173.050158316394203, -34.858589272647428 ], [ 173.049606564552562, -34.858014616257996 ], [ 173.049095523084873, -34.857415883455637 ], [ 173.048589932726316, -34.856805539767507 ], [ 173.048069623231584, -34.856204283027516 ], [ 173.047547382069354, -34.855604215139387 ] ] } },
{ "type": "Feature", "properties": { "group_id": "nzd0031" }, "geometry": { "type": "LineString", "coordinates": [ [ 173.382604067910961, -34.874895017555296 ], [ 173.381723588919897, -34.875028677498946 ], [ 173.380885003711114, -34.875180931104673 ], [ 173.380188907692059, -34.875595645619335 ], [ 173.37945814616927, -34.876025952270425 ], [ 173.37878560928803, -34.876514763677662 ], [ 173.378153308140668, -34.877042912994376 ], [ 173.377504850347776, -34.87754974117523 ], [ 173.376904716083317, -34.878070449154663 ], [ 173.376354462447807, -34.878613637374059 ], [ 173.375767637124568, -34.879158045887927 ], [ 173.375249508902499, -34.879753604747741 ], [ 173.374821467349705, -34.880398272660038 ], [ 173.37437145496267, -34.881024478053476 ], [ 173.373954112002423, -34.881656744765607 ], [ 173.373543723406044, -34.882294815773513 ], [ 173.373136710239493, -34.882953187438261 ], [ 173.372810912107724, -34.883624765369433 ], [ 173.372440820679628, -34.884292392620225 ], [ 173.372150739244489, -34.88498573780906 ], [ 173.371876384524711, -34.885678018481123 ], [ 173.371625200501938, -34.886374386045574 ], [ 173.371404765739243, -34.887097609189354 ], [ 173.371110647704313, -34.88781953033449 ], [ 173.370820766252933, -34.888503562522885 ], [ 173.370631314332115, -34.889026941873631 ], [ 173.370496365062763, -34.889717276143458 ], [ 173.370272242520713, -34.890462338299969 ], [ 173.37006827540398, -34.891184588601078 ], [ 173.369891508560698, -34.891897951806065 ], [ 173.369740412569769, -34.892617115581317 ], [ 173.369604233846729, -34.893343895377399 ], [ 173.369492312958386, -34.894079852760392 ], [ 173.369379811430832, -34.894805487817258 ], [ 173.369301826916058, -34.895537490614487 ], [ 173.369247774601831, -34.896269043711378 ], [ 173.369182027096372, -34.896965297487156 ], [ 173.369117308360359, -34.897680510003489 ], [ 173.369108721768811, -34.898403082717707 ], [ 173.369112112306539, -34.899142204511726 ], [ 173.369133492032546, -34.899872262933826 ], [ 173.36920243297314, -34.900578124668336 ], [ 173.369258241498841, -34.901307898252576 ], [ 173.369363042011116, -34.902049759163575 ], [ 173.369445682439107, -34.902785992550754 ], [ 173.369579700228712, -34.903515908875747 ], [ 173.369708549779347, -34.904247243366207 ], [ 173.369817252303562, -34.904971575843895 ], [ 173.369919236137008, -34.905693492171928 ], [ 173.370033770430638, -34.906419529352263 ], [ 173.370142332586511, -34.907166592873025 ], [ 173.370231382807248, -34.907901903011997 ], [ 173.370342379015455, -34.908610533737921 ], [ 173.370460299078019, -34.909335803638143 ], [ 173.370588449691553, -34.910066554641112 ], [ 173.370753026788378, -34.910786284606132 ], [ 173.370902559516992, -34.911506848988452 ], [ 173.371066969713752, -34.912229278717106 ], [ 173.371243805071373, -34.912953969714842 ], [ 173.371393462889444, -34.913669363849145 ], [ 173.371576218971683, -34.914373629762132 ], [ 173.371759398321984, -34.915103316150677 ], [ 173.371945635337141, -34.915829040273387 ], [ 173.372102868190211, -34.916552747501918 ], [ 173.372298495111693, -34.917273460218674 ], [ 173.372442020200026, -34.918003295563288 ], [ 173.37247005033646, -34.918712000141234 ], [ 173.372813198597271, -34.919345559841979 ], [ 173.373127793462572, -34.920037265316559 ], [ 173.373352055690987, -34.920746422039272 ], [ 173.373621305615529, -34.921451179235028 ], [ 173.373833703304285, -34.922160299043682 ], [ 173.374058238723109, -34.922857453092711 ], [ 173.374295591384708, -34.923564544393109 ], [ 173.374548151892242, -34.92427162465416 ], [ 173.3747879000409, -34.924976144080247 ], [ 173.375028659032779, -34.925682882091174 ], [ 173.375287180056773, -34.926388710722009 ], [ 173.375561704349451, -34.92709400601057 ], [ 173.375833019873312, -34.927800890720668 ], [ 173.376064369195063, -34.928519132422451 ], [ 173.376371695385387, -34.92920679899791 ], [ 173.376663753976828, -34.929891573665962 ], [ 173.376968797124164, -34.930593819749411 ], [ 173.377275970420214, -34.931278689525051 ], [ 173.377564372437774, -34.931955173122539 ], [ 173.377849242523524, -34.932666741813676 ], [ 173.378167653613332, -34.933350211000828 ], [ 173.378484487632136, -34.934029400766484 ], [ 173.378795154819358, -34.934723760308849 ], [ 173.37914419580531, -34.935417662866783 ], [ 173.379472933154005, -34.936111252757335 ], [ 173.379814637592375, -34.936750759050568 ], [ 173.380181532911507, -34.937417808133532 ], [ 173.380537730718174, -34.938102636562768 ], [ 173.380925833607023, -34.938777235447411 ], [ 173.381313790321059, -34.939452073270559 ], [ 173.381716685725451, -34.940105655408644 ], [ 173.382111157182436, -34.940754829280472 ], [ 173.382530815667053, -34.941405041987117 ], [ 173.382952816840572, -34.94205463330335 ], [ 173.383378553025921, -34.942707513226047 ], [ 173.383805294751369, -34.943357422628459 ], [ 173.384266755542484, -34.943988953543226 ], [ 173.384721429251158, -34.94462445535612 ], [ 173.385133947005443, -34.94527644359524 ], [ 173.38559537343113, -34.945909303983697 ], [ 173.386021709284847, -34.946557174061311 ], [ 173.386474605917329, -34.94719080717784 ], [ 173.386935092431202, -34.947825484270318 ], [ 173.387387496030414, -34.948454058240159 ], [ 173.387869137560131, -34.949072679613558 ], [ 173.388341859206207, -34.949696628106437 ], [ 173.388834515799886, -34.950303643536614 ], [ 173.389333754835235, -34.95091866118689 ], [ 173.389832303841246, -34.951531390119513 ], [ 173.390370738858195, -34.952120049139282 ], [ 173.39088912510212, -34.952720772713782 ], [ 173.391412013895973, -34.953320804020102 ], [ 173.391946306243398, -34.95391314684553 ], [ 173.392464079331262, -34.954510844674729 ], [ 173.392993604585143, -34.955103486633412 ], [ 173.393532789761537, -34.955688168536113 ], [ 173.394067376837171, -34.956281204986908 ], [ 173.394622093733972, -34.95686289100361 ], [ 173.395170888878795, -34.957445961201394 ], [ 173.395731895982948, -34.958021266831253 ], [ 173.396300092130247, -34.958591707010733 ], [ 173.396878035754412, -34.959155762978682 ], [ 173.397450272328655, -34.959723507023369 ], [ 173.398033460459885, -34.960284157761031 ], [ 173.398609332575205, -34.960848512865667 ], [ 173.399175527677755, -34.961419063974006 ], [ 173.399734073315869, -34.961995832458335 ] ] } },
{ "type": "Feature", "properties": { "group_id": "nzd0032" }, "geometry": { "type": "LineString", "coordinates": [ [ 173.573744465091949, -34.939733479624614 ], [ 173.572926140381355, -34.940264965098976 ], [ 173.572801177598024, -34.941032106445796 ], [ 173.572846087620206, -34.941784187559172 ] ] } },
{ "type": "Feature", "properties": { "group_id": "nzd0033" }, "geometry": { "type": "LineString", "coordinates": [ [ 173.137120412047722, -34.974666537292386 ], [ 173.136693591797609, -34.974018216364911 ], [ 173.136273538404737, -34.973367170655145 ], [ 173.13591722448848, -34.972690503922031 ], [ 173.135526382751038, -34.97202770791101 ], [ 173.135109972167754, -34.971375182235526 ], [ 173.13470185725339, -34.970719317350039 ], [ 173.134322612055911, -34.970051844863171 ], [ 173.133936705515424, -34.969387044104671 ], [ 173.133571234976841, -34.968714025055512 ], [ 173.133173731944709, -34.968053874047101 ], [ 173.132764326651113, -34.967398501063883 ], [ 173.132336715895889, -34.966750991596534 ], [ 173.131992022250699, -34.966070351103859 ], [ 173.131601778512277, -34.965407479622421 ], [ 173.131197543063934, -34.964749972445901 ], [ 173.130770079072704, -34.964102392431215 ], [ 173.130377856205826, -34.963439738310122 ], [ 173.129936439916889, -34.962798113821911 ], [ 173.12950921392914, -34.962150416441247 ], [ 173.129084824356767, -34.961501501025126 ], [ 173.128656654725859, -34.960854196749743 ], [ 173.128234304579877, -34.960204398886226 ], [ 173.12781905689593, -34.959551558828181 ], [ 173.127356691636464, -34.958918860929622 ], [ 173.12697294222238, -34.958252541879439 ], [ 173.126539396519462, -34.957607510418896 ], [ 173.126142660404128, -34.956946734011431 ], [ 173.125719061987752, -34.956297438696538 ], [ 173.125299580809383, -34.955646377649266 ], [ 173.124892527331696, -34.954989997298597 ], [ 173.124487834303096, -34.954332602396597 ], [ 173.124032943095443, -34.953698217073295 ], [ 173.123610824716081, -34.95305164702534 ], [ 173.12315089254443, -34.952420732724931 ], [ 173.122725519907732, -34.951771959208678 ], [ 173.122284241325133, -34.951130615477297 ], [ 173.12186129023965, -34.950480700031001 ], [ 173.121433291038812, -34.949833139169819 ], [ 173.121028891261318, -34.949174542310388 ], [ 173.120584945392892, -34.948534425283505 ], [ 173.120119605257997, -34.947904303507926 ], [ 173.11966222883683, -34.947270454293374 ], [ 173.119201472631687, -34.946638179892439 ], [ 173.118755283995995, -34.945999091219612 ], [ 173.118317576130949, -34.945355466842919 ], [ 173.117898606944919, -34.944702187835993 ], [ 173.117453908059048, -34.944060960126073 ], [ 173.116999101628835, -34.94342530266438 ], [ 173.116530310715262, -34.942795777883084 ], [ 173.116029735755575, -34.942183150581045 ], [ 173.115572148146185, -34.94155642504429 ], [ 173.115163936819727, -34.940902870473408 ], [ 173.114688227185894, -34.940277965307239 ], [ 173.114253226029859, -34.939633312610304 ], [ 173.113785220407436, -34.939004661379016 ], [ 173.113354599216194, -34.938357874651714 ], [ 173.112883626673295, -34.937730652499347 ], [ 173.112465495751081, -34.937077798406079 ], [ 173.112008192209629, -34.936443937263114 ], [ 173.111575249002072, -34.93579825694124 ], [ 173.111158714761388, -34.935144613644269 ], [ 173.110720902249142, -34.93450128495531 ], [ 173.110266055648793, -34.933866212567914 ], [ 173.10981849933907, -34.933227599604372 ], [ 173.109355343411863, -34.932596547277853 ], [ 173.108862431236503, -34.931979921336463 ], [ 173.108365256921473, -34.931365357568929 ], [ 173.107889828271482, -34.930738436957817 ], [ 173.107457436513783, -34.930090528292475 ], [ 173.107000297314357, -34.929455987257697 ], [ 173.106547820759374, -34.928819697528787 ], [ 173.106070132202888, -34.928195169200769 ], [ 173.10566070265611, -34.92753877950647 ], [ 173.105219527217628, -34.92690322767163 ], [ 173.104764833384991, -34.92627404082581 ], [ 173.104211937746442, -34.925689253923679 ], [ 173.103793032156887, -34.925035174354242 ], [ 173.103292538904924, -34.924423168447511 ], [ 173.102780918875453, -34.923816896386057 ], [ 173.102308192089737, -34.923190560574149 ], [ 173.101849293475368, -34.922557088182828 ], [ 173.101372537264751, -34.921932821023638 ], [ 173.100933323183369, -34.921289410291301 ], [ 173.100422991834705, -34.920685024821026 ], [ 173.099925090951956, -34.92007420063954 ], [ 173.09949729121044, -34.919423658823774 ], [ 173.099006289714453, -34.918806837130482 ], [ 173.098544727330648, -34.918174301876633 ], [ 173.098022267446112, -34.917574257280926 ], [ 173.097517722735375, -34.916964648378588 ], [ 173.097048907588317, -34.916335969276552 ], [ 173.096565587386522, -34.915715025512405 ], [ 173.096066414798287, -34.915102536051151 ], [ 173.095587627283436, -34.914479164294612 ], [ 173.095152578041734, -34.913832448724882 ] ] } },
{ "type": "Feature", "properties": { "group_id": "nzd0034" }, "geometry": { "type": "LineString", "coordinates": [ [ 173.573312897748622, -34.94347461311699 ], [ 173.573820692622945, -34.943994044677197 ], [ 173.574528338526164, -34.944373551977314 ], [ 173.575337261624611, -34.944646199676228 ], [ 173.576175002567851, -34.944826978935104 ], [ 173.577007238478984, -34.94489479905608 ], [ 173.577850453963066, -34.944935534614075 ] ] } },
{ "type": "Feature", "properties": { "group_id": "nzd0035" }, "geometry": { "type": "LineString", "coordinates": [ [ 173.619691080276027, -34.950508135703537 ], [ 173.61979795084946, -34.951224762551576 ], [ 173.620123072223635, -34.951882020553249 ], [ 173.620753272507585, -34.952379661739158 ] ] } },
{ "type": "Feature", "properties": { "group_id": "nzd0036" }, "geometry": { "type": "LineString", "coordinates": [ [ 173.670171666305436, -34.961631221066625 ], [ 173.671078540627036, -34.9616687047357 ], [ 173.671971522821849, -34.961570153973341 ], [ 173.67283586344243, -34.961356588391766 ], [ 173.673677205368563, -34.96110257293703 ], [ 173.674503896778447, -34.960806547298574 ], [ 173.675307455819336, -34.960472019007518 ], [ 173.676065849464663, -34.960068666982181 ], [ 173.676779170311562, -34.959618293877746 ], [ 173.677447124724011, -34.959109676155073 ], [ 173.678004423764406, -34.958504088542199 ], [ 173.678439209771483, -34.95784492441944 ] ] } },
{ "type": "Feature", "properties": { "group_id": "nzd0037" }, "geometry": { "type": "LineString", "coordinates": [ [ 173.641626634404048, -34.964043359235269 ], [ 173.642357843125865, -34.964476707581852 ], [ 173.643092174213649, -34.964916282063534 ], [ 173.643891956587169, -34.965293333325121 ], [ 173.644716168046898, -34.96564868201402 ], [ 173.645624540508635, -34.965902563237194 ], [ 173.646589061774392, -34.965829017309403 ], [ 173.647486943725312, -34.965622344550255 ], [ 173.648381745122521, -34.965497114994427 ], [ 173.649273161604896, -34.96576844267662 ], [ 173.650207982919511, -34.965702057816756 ], [ 173.651039864915788, -34.965371996820778 ] ] } },
{ "type": "Feature", "properties": { "group_id": "nzd0038" }, "geometry": { "type": "LineString", "coordinates": [ [ 173.652992890970182, -34.966531648376204 ], [ 173.653876184477497, -34.966681955328532 ], [ 173.654785972813556, -34.966640169333147 ] ] } },
{ "type": "Feature", "properties": { "group_id": "nzd0040" }, "geometry": { "type": "LineString", "coordinates": [ [ 173.504574715616855, -34.989198618098285 ], [ 173.505350364853058, -34.989570133080349 ], [ 173.506150197621992, -34.989881626637803 ], [ 173.507017894076483, -34.990069844399613 ], [ 173.507917018724328, -34.990113100738697 ], [ 173.508818779193405, -34.990026328214583 ], [ 173.509708510552343, -34.989925859929116 ], [ 173.510614172530154, -34.989918094171301 ], [ 173.511523442027681, -34.989927191870947 ], [ 173.512421998301591, -34.989835306925237 ], [ 173.513314747952563, -34.989689166139435 ], [ 173.514185115539448, -34.989486207689986 ], [ 173.515054559263348, -34.989301109697905 ], [ 173.515916587415745, -34.989061754613033 ], [ 173.516788353601981, -34.988838485576402 ], [ 173.517617708906698, -34.988539239140231 ], [ 173.518412159667292, -34.988171571551653 ], [ 173.519153104215917, -34.98773609639008 ], [ 173.519830456877315, -34.987226301917197 ], [ 173.520428175290363, -34.986668943055982 ] ] } },
{ "type": "Feature", "properties": { "group_id": "nzd0041" }, "geometry": { "type": "LineString", "coordinates": [ [ 173.479801077539264, -34.989096223161994 ], [ 173.480488057334952, -34.989534920872622 ], [ 173.48134286241455, -34.989700296172501 ], [ 173.482223809409248, -34.989833762365365 ], [ 173.483086398387201, -34.990038820103564 ], [ 173.483954411280735, -34.990186962853997 ], [ 173.48482391137324, -34.990264578256301 ], [ 173.485714496601531, -34.990348199364334 ], [ 173.486602143605694, -34.990414918280905 ] ] } },
{ "type": "Feature", "properties": { "group_id": "nzd0044" }, "geometry": { "type": "LineString", "coordinates": [ [ 173.791328175948564, -35.001747381426753 ], [ 173.792205497339722, -35.001916380619114 ], [ 173.793095353272321, -35.001968891390852 ], [ 173.793979890244827, -35.001949773168214 ], [ 173.794839759463542, -35.001819064744055 ], [ 173.795630912813067, -35.001534406828938 ] ] } },
{ "type": "Feature", "properties": { "group_id": "nzd0045" }, "geometry": { "type": "LineString", "coordinates": [ [ 173.779840287949156, -35.006912787101534 ], [ 173.780622009757394, -35.006727529172522 ], [ 173.781423609923053, -35.006500972139158 ], [ 173.782253905191368, -35.00621003919747 ], [ 173.783073853721191, -35.005915521354162 ], [ 173.783869880211, -35.005599478263726 ], [ 173.784631187433547, -35.005261384873513 ], [ 173.785357034405138, -35.004867561068735 ], [ 173.786004487212068, -35.004421090103669 ], [ 173.786647140216957, -35.003932676626121 ], [ 173.787299886080717, -35.003406563963303 ], [ 173.787996038886206, -35.002930563000618 ], [ 173.788732496587102, -35.002522709698987 ] ] } },
{ "type": "Feature", "properties": { "group_id": "nzd0046" }, "geometry": { "type": "LineString", "coordinates": [ [ 173.167811337055525, -35.039653454182222 ], [ 173.167583243459205, -35.038942004937603 ], [ 173.167345689906142, -35.038232618003391 ], [ 173.167127523185968, -35.037518989726024 ], [ 173.166861596451326, -35.036815927222676 ], [ 173.166580493332589, -35.036116217956163 ], [ 173.166316647328387, -35.035412682579441 ], [ 173.166073150826833, -35.03470463655659 ], [ 173.165852568942739, -35.033991512051038 ], [ 173.16560107227383, -35.033285224589001 ], [ 173.165317663431352, -35.032585994988274 ], [ 173.165076496811992, -35.031877408582112 ], [ 173.164835935253905, -35.031168682074032 ], [ 173.164632888693632, -35.030452805307661 ], [ 173.164331925510254, -35.02976369446165 ], [ 173.16407025607927, -35.029062888957107 ], [ 173.163752607353018, -35.028374565768658 ], [ 173.1634662380946, -35.027677286445225 ], [ 173.163184759264965, -35.026978601859227 ], [ 173.162942671755218, -35.026268639905489 ], [ 173.162696162218765, -35.025559858998818 ], [ 173.162419073320905, -35.024859913677361 ], [ 173.162125903041982, -35.024164546361682 ], [ 173.161821557950617, -35.023472304128411 ], [ 173.161547686335751, -35.022771532629264 ], [ 173.161308060100879, -35.022061176794331 ], [ 173.161032669812556, -35.021360818124684 ], [ 173.160739430321115, -35.020665445923711 ], [ 173.160467247781554, -35.019964178148584 ], [ 173.160158911386475, -35.01927301669965 ], [ 173.159825422380521, -35.018588884562995 ], [ 173.159481998517066, -35.017907970046615 ], [ 173.159182643598058, -35.017215523482157 ], [ 173.158842422658864, -35.01653506009113 ], [ 173.158541286142395, -35.015841695382861 ], [ 173.15824115891553, -35.015148008390987 ], [ 173.157942728627802, -35.014453783492399 ], [ 173.15763997971635, -35.013760906937669 ], [ 173.157328432024912, -35.013070783550567 ], [ 173.157032993925498, -35.012375554235746 ], [ 173.156729392014029, -35.011682796003811 ], [ 173.156404719030462, -35.010996774360621 ], [ 173.156095409387319, -35.010305867273324 ], [ 173.155794867868366, -35.009612167596842 ], [ 173.155441227110117, -35.00893533889689 ], [ 173.155140869955403, -35.008241569077114 ], [ 173.154782694893498, -35.007566170062248 ], [ 173.154489086008482, -35.00687024385423 ], [ 173.154167096062935, -35.006183332397178 ], [ 173.153886552238902, -35.005484612993641 ], [ 173.153567243382753, -35.004798428154686 ], [ 173.153277853583432, -35.004102104541992 ], [ 173.153062570018108, -35.003384236863234 ], [ 173.152631044068272, -35.002728350904263 ], [ 173.152341670935783, -35.00203170982661 ], [ 173.15191316553063, -35.001374946284066 ], [ 173.151564105355845, -35.000697147790419 ], [ 173.15119988702412, -35.000033261049438 ], [ 173.150889118770579, -34.999346936694046 ], [ 173.150570351753913, -34.99865619215106 ], [ 173.150289709275313, -34.9979505421204 ], [ 173.150036788416429, -34.997234052110208 ], [ 173.149632879639739, -34.996576566442741 ], [ 173.149213941436017, -34.995924949289254 ], [ 173.148789824384181, -34.995276041758849 ], [ 173.148403779545106, -34.994613755103877 ], [ 173.148042337277559, -34.993941316329028 ], [ 173.147726320963329, -34.993251842663938 ], [ 173.147337537133154, -34.992587443565029 ], [ 173.146977520631424, -34.991913123847993 ], [ 173.146579242960513, -34.991251985731907 ], [ 173.146192678279135, -34.990586804989988 ], [ 173.145826385433168, -34.989914631691107 ], [ 173.145416942476288, -34.989257325068728 ], [ 173.145061962692807, -34.988581241365701 ], [ 173.144657987947852, -34.987922038869051 ], [ 173.144281038204866, -34.987255220189418 ], [ 173.14390137534977, -34.98659373323148 ], [ 173.143526946137712, -34.985928492572363 ], [ 173.143193112399814, -34.98524348692257 ], [ 173.142820545099397, -34.984573642983662 ], [ 173.142434602670818, -34.983909031040561 ], [ 173.142040565563434, -34.983247583407184 ], [ 173.141681380488109, -34.982572483040684 ], [ 173.14128632372649, -34.981911423892129 ], [ 173.140942657938979, -34.981230235615847 ], [ 173.140522744219084, -34.980578899206051 ], [ 173.140136955213649, -34.979914194797772 ], [ 173.139759715605919, -34.979246806131826 ], [ 173.139376061522086, -34.978581915110844 ], [ 173.139005618479416, -34.97791102467523 ], [ 173.138611780145851, -34.977249475067637 ], [ 173.138228240602785, -34.976583781261425 ], [ 173.137799355021372, -34.975936305687995 ], [ 173.13741782266041, -34.975269794556681 ] ] } },
{ "type": "Feature", "properties": { "group_id": "nzd0047" }, "geometry": { "type": "LineString", "coordinates": [ [ 173.776966248787062, -35.007469817173032 ], [ 173.777857778607284, -35.007371272862336 ] ] } },
{ "type": "Feature", "properties": { "group_id": "nzd0050" }, "geometry": { "type": "LineString", "coordinates": [ [ 173.859117015228776, -35.018310911095419 ], [ 173.859629542759905, -35.0189097032547 ], [ 173.860764153859492, -35.018803190127308 ] ] } },
{ "type": "Feature", "properties": { "group_id": "nzd0051" }, "geometry": { "type": "LineString", "coordinates": [ [ 173.865942482742014, -35.021110449558591 ], [ 173.866829940533847, -35.021003952004371 ], [ 173.867710572279947, -35.020877153522839 ], [ 173.868549790244771, -35.020738605678957 ], [ 173.869371450662101, -35.020558201252136 ], [ 173.870165264505033, -35.020295475988931 ], [ 173.870868086348963, -35.019927799011121 ], [ 173.871431072203904, -35.019418540293572 ] ] } },
{ "type": "Feature", "properties": { "group_id": "nzd0052" }, "geometry": { "type": "LineString", "coordinates": [ [ 173.862483159583746, -35.020523571053992 ], [ 173.863231952768587, -35.020904342578419 ], [ 173.864045530367207, -35.021167375182699 ] ] } },
{ "type": "Feature", "properties": { "group_id": "nzd0054" }, "geometry": { "type": "LineString", "coordinates": [ [ 173.17481785015147, -35.108875000569313 ], [ 173.174982235086588, -35.108149466021807 ], [ 173.175030523566761, -35.107415078953046 ], [ 173.17510527246742, -35.106682701456513 ], [ 173.175184161448868, -35.105950632843246 ], [ 173.175293772949288, -35.105220815329531 ], [ 173.175336278895088, -35.104485962362787 ], [ 173.175353256195706, -35.103750147514255 ], [ 173.175411292321655, -35.10301674838086 ], [ 173.175482275439947, -35.102284081325671 ], [ 173.175582553685473, -35.101553079073632 ], [ 173.175641423241956, -35.100819707717662 ], [ 173.175708688818787, -35.10008680879298 ], [ 173.175762428684124, -35.099353131579001 ], [ 173.175778126242278, -35.098617277278002 ], [ 173.175875025907885, -35.097886049336196 ], [ 173.175903129985073, -35.097151447346235 ], [ 173.175937321419013, -35.096418821233279 ], [ 173.17596964727511, -35.095684995154521 ], [ 173.175983787651745, -35.094950069786975 ], [ 173.176055128512559, -35.09421554425402 ], [ 173.17607010731615, -35.093480611594551 ], [ 173.176092670453045, -35.092745726201613 ], [ 173.176125189122217, -35.092010904921857 ], [ 173.176078692647593, -35.091275515568377 ], [ 173.176125342367811, -35.090540781456937 ], [ 173.176116352598967, -35.089805645362411 ], [ 173.176157244083953, -35.089070857084202 ], [ 173.176198375822139, -35.088335699126837 ], [ 173.176173918089603, -35.08760024850676 ], [ 173.176123008263914, -35.086865196102131 ], [ 173.176103317023177, -35.086130136487576 ], [ 173.176088288416395, -35.085395065865306 ], [ 173.176059987156634, -35.084660001080316 ], [ 173.176062991076037, -35.083925384534844 ], [ 173.176001014698528, -35.083192202535329 ], [ 173.175941881091205, -35.082458484688942 ], [ 173.1759012057218, -35.081724098568472 ], [ 173.175846971704772, -35.080990121386328 ], [ 173.175847522719465, -35.080254458501472 ], [ 173.175753179198409, -35.079522908522101 ], [ 173.175743411377027, -35.078788741247656 ], [ 173.175675633726513, -35.07805607869566 ], [ 173.175576877512071, -35.077324651533651 ], [ 173.175543540637392, -35.076589692149369 ], [ 173.175435045536744, -35.075858776659643 ], [ 173.17541989809655, -35.07512427779141 ], [ 173.17532403441183, -35.074396116453308 ], [ 173.175239028662844, -35.0736654646755 ], [ 173.175182671103641, -35.072930933338519 ], [ 173.175064835666547, -35.072201891215357 ], [ 173.175000993584462, -35.071468015830163 ], [ 173.174874835255849, -35.070739704647757 ], [ 173.174750935995206, -35.070013401237915 ], [ 173.174691599903412, -35.069279894907524 ], [ 173.174613714594869, -35.068546294561649 ], [ 173.17448562012973, -35.067818565062261 ], [ 173.174362073137758, -35.067090294580709 ], [ 173.174222350230849, -35.066363918860503 ], [ 173.174100790512625, -35.065635401819627 ], [ 173.17401376716191, -35.064902818980734 ], [ 173.173878777416832, -35.064175867467647 ], [ 173.173755079452292, -35.063447639465117 ], [ 173.173613079359228, -35.062722123403617 ], [ 173.173473853862589, -35.061995860198763 ], [ 173.173344720513967, -35.061267641647859 ], [ 173.173225411050339, -35.060537930620001 ], [ 173.173064795805004, -35.059814461368681 ], [ 173.172932207457109, -35.059086746129204 ], [ 173.172722456316222, -35.058370696766076 ], [ 173.172621604198355, -35.057638167984607 ], [ 173.172447036732393, -35.056916783630491 ], [ 173.172307303609387, -35.056190123482423 ], [ 173.172151536255399, -35.055465882415476 ], [ 173.171954897895944, -35.054747817537468 ], [ 173.171809263505622, -35.054021455636189 ], [ 173.171626030067699, -35.053300914307222 ], [ 173.171413269796574, -35.05258573596592 ], [ 173.171285215565547, -35.051856820143691 ], [ 173.171079009265469, -35.05114058087181 ], [ 173.170918764309363, -35.050416876361872 ], [ 173.170738467469789, -35.049696107579464 ], [ 173.170545673580591, -35.048977123075787 ], [ 173.17030804726005, -35.048266635989449 ], [ 173.170179765848815, -35.047536535770753 ], [ 173.169989921873253, -35.046817696061019 ], [ 173.169777268658578, -35.04610302449219 ], [ 173.169571873453208, -35.045387018293667 ], [ 173.169410948980897, -35.044661917995519 ], [ 173.169158320817928, -35.043954388444568 ], [ 173.168956786969744, -35.043237284414872 ], [ 173.168739922413351, -35.042523554243566 ], [ 173.168486628315748, -35.041817424072654 ], [ 173.168282002422757, -35.041101126119074 ], [ 173.168067263787606, -35.04038693340334 ] ] } },
{ "type": "Feature", "properties": { "group_id": "nzd0057" }, "geometry": { "type": "LineString", "coordinates": [ [ 174.012098747517996, -35.121738772721464 ], [ 174.012968041180216, -35.121549010346158 ] ] } },
{ "type": "Feature", "properties": { "group_id": "nzd0059" }, "geometry": { "type": "LineString", "coordinates": [ [ 173.160804672761486, -35.149554466725696 ], [ 173.161202921405618, -35.148895824739547 ], [ 173.161603626815094, -35.148238108659825 ], [ 173.161986362431577, -35.147573574932736 ], [ 173.16236720408375, -35.146908317765813 ], [ 173.162761809911132, -35.146248714915885 ], [ 173.163102147194166, -35.145569289407007 ], [ 173.163458128527452, -35.144894959559743 ], [ 173.163844150952258, -35.144231141051314 ], [ 173.164180104894399, -35.143549654422074 ], [ 173.164544936429735, -35.142878349295366 ], [ 173.164901408071557, -35.142204089474582 ], [ 173.165237520884602, -35.141522642071131 ], [ 173.165594778375947, -35.14084864828488 ], [ 173.165901342284684, -35.14015676562007 ], [ 173.166216115035695, -35.139467773133617 ], [ 173.166566997467584, -35.138791513563731 ], [ 173.166890760802488, -35.138111774674655 ], [ 173.16724317974149, -35.137444435364621 ], [ 173.167621108927932, -35.136772550138112 ], [ 173.167869566395353, -35.136066558946197 ], [ 173.168104340078912, -35.135357249622849 ], [ 173.168376422105467, -35.134656964328698 ], [ 173.16867945275439, -35.133964163803661 ], [ 173.168919493122843, -35.133256110955578 ], [ 173.169149017851879, -35.132545506757786 ], [ 173.169407391993872, -35.131841879241499 ], [ 173.169697956751577, -35.131145868228941 ], [ 173.169891321730404, -35.130427311110239 ], [ 173.17016327232821, -35.129725901439464 ], [ 173.170367180037772, -35.129010284852839 ], [ 173.170603970238943, -35.128301400030722 ], [ 173.170848965735644, -35.127594190357122 ], [ 173.171069329839952, -35.126881927187299 ], [ 173.171264310111724, -35.126164456294234 ], [ 173.17150548694562, -35.125455160939914 ], [ 173.17167567626791, -35.124732438341915 ], [ 173.171889300236415, -35.124018121734608 ], [ 173.172024650036292, -35.123290929618811 ], [ 173.172212451163574, -35.122572361661945 ], [ 173.172379186556981, -35.121850321086342 ], [ 173.1726057393536, -35.121138176288241 ], [ 173.172768928623185, -35.120415645704725 ], [ 173.172917358657742, -35.119690554048688 ], [ 173.173098511293517, -35.118970867379339 ], [ 173.173271231599756, -35.118249763504849 ], [ 173.173358459716894, -35.117514349145459 ], [ 173.173522522494693, -35.116791783943846 ], [ 173.173673311254049, -35.116066991399521 ], [ 173.173825895350376, -35.115345489617638 ], [ 173.17393702807172, -35.114622293920576 ], [ 173.174091484034847, -35.113899087213632 ], [ 173.174173718172995, -35.113167265352693 ], [ 173.174309830548054, -35.112440116403924 ], [ 173.174447747357277, -35.111713117632256 ], [ 173.174546044903622, -35.110982671283843 ], [ 173.174705553176551, -35.110257534703649 ], [ 173.174765946203848, -35.109523783153982 ] ] } },
{ "type": "Feature", "properties": { "group_id": "nzd0060" }, "geometry": { "type": "LineString", "coordinates": [ [ 173.095288154555618, -35.171716368505777 ], [ 173.096059742032793, -35.172089940638038 ], [ 173.096773595104764, -35.172504687287429 ], [ 173.09752641488231, -35.172898540864402 ], [ 173.098343786182483, -35.173190285579523 ], [ 173.099244579368019, -35.173291825351562 ], [ 173.100142187396614, -35.17317892874776 ], [ 173.101013886320118, -35.173007876299486 ] ] } },
{ "type": "Feature", "properties": { "group_id": "nzd0061" }, "geometry": { "type": "LineString", "coordinates": [ [ 173.117722549503753, -35.177518166228566 ], [ 173.118337262943697, -35.178062382072255 ], [ 173.119152473187341, -35.178424913558537 ], [ 173.120016907794735, -35.178666693925663 ], [ 173.120846443490791, -35.178847568879803 ], [ 173.121715864703958, -35.178945308432453 ], [ 173.122597353408707, -35.178861222183166 ], [ 173.123477531830503, -35.178842050781974 ] ] } },
{ "type": "Feature", "properties": { "group_id": "nzd0062" }, "geometry": { "type": "LineString", "coordinates": [ [ 173.108571285010783, -35.238531073371298 ], [ 173.108029267632645, -35.237945317124243 ], [ 173.107470964660024, -35.23737041959501 ], [ 173.107012297224543, -35.23672905978755 ], [ 173.106389909677603, -35.23619689960632 ], [ 173.105839584909461, -35.235616668542349 ], [ 173.105425874136898, -35.234945309949197 ], [ 173.104793210940528, -35.234419991891947 ], [ 173.104111081356194, -35.233927664398188 ], [ 173.103605489731393, -35.233317579822931 ], [ 173.103116687990706, -35.232696292141668 ], [ 173.102547315271181, -35.232128675247594 ], [ 173.101970699148779, -35.231565841472083 ], [ 173.101478090473421, -35.230947395054557 ], [ 173.100887869737818, -35.230393639484411 ], [ 173.100232679164947, -35.22988293554311 ], [ 173.099656332860405, -35.229319977228556 ], [ 173.099042867030107, -35.228781614013847 ], [ 173.098492301880157, -35.228201562461749 ], [ 173.09795071024854, -35.227616520540877 ], [ 173.0973842470124, -35.22704846581739 ], [ 173.096831099537553, -35.226470115201401 ], [ 173.096275170237021, -35.22589315338773 ], [ 173.095752577992982, -35.22529320376313 ], [ 173.095214695389245, -35.224703792056147 ], [ 173.094685186534122, -35.224108603253342 ], [ 173.094064138779515, -35.223576521295918 ], [ 173.093548512142917, -35.222971753784556 ], [ 173.092948170442241, -35.222425816196719 ], [ 173.092412287636392, -35.22183869771672 ], [ 173.09192005265146, -35.221224521016943 ], [ 173.091236920781654, -35.220728596191684 ], [ 173.090659611109402, -35.220165650936309 ], [ 173.090081356549661, -35.219603299886472 ], [ 173.08949348090141, -35.219047037568252 ], [ 173.088926478948309, -35.218477552022804 ], [ 173.088373422784201, -35.217899230629804 ], [ 173.087814914647197, -35.217325936170042 ], [ 173.087349758903855, -35.216690333916077 ], [ 173.086614112464673, -35.216247080472414 ], [ 173.086081911316995, -35.215648723879461 ], [ 173.085543260120119, -35.215055303007709 ], [ 173.084970568856448, -35.214487945432857 ], [ 173.084312696505066, -35.213985813224575 ], [ 173.083701222087399, -35.213448147441817 ], [ 173.083033402619208, -35.212953625089028 ], [ 173.082470798611723, -35.212378529051712 ], [ 173.081795684552702, -35.211889585390033 ], [ 173.081168666408502, -35.211363808115365 ], [ 173.080600448499126, -35.210793000500338 ], [ 173.080086784688461, -35.210179879936682 ], [ 173.079468953139127, -35.209646086965428 ], [ 173.078837915159028, -35.209123145629142 ], [ 173.078190038463362, -35.208613879100398 ], [ 173.077569047420127, -35.208083516765598 ], [ 173.076932295621219, -35.207565515533055 ], [ 173.076369128368697, -35.206989782592302 ], [ 173.075749543906198, -35.206458306429475 ], [ 173.075186728517224, -35.205882290649193 ], [ 173.074566880874812, -35.205351014098348 ], [ 173.073922231891942, -35.204839191043867 ], [ 173.073327098080199, -35.204288519261802 ], [ 173.072557266397894, -35.203874896082574 ], [ 173.071696674472776, -35.20353247005793 ], [ 173.071101679705379, -35.202981678672295 ], [ 173.070548859691314, -35.202395193446641 ], [ 173.069986232133147, -35.201816125445312 ], [ 173.069430662507926, -35.201236094575087 ], [ 173.068859807350066, -35.20066930341094 ], [ 173.068253206268423, -35.200126256039866 ], [ 173.067662737830489, -35.199622890304795 ], [ 173.067065230385083, -35.199054127345057 ] ] } },
{ "type": "Feature", "properties": { "group_id": "nzd0063" }, "geometry": { "type": "LineString", "coordinates": [ [ 174.059057327274019, -35.221132324198493 ], [ 174.058563819084952, -35.221752920239858 ], [ 174.058255810462583, -35.222479457421102 ], [ 174.058210816458683, -35.223251168535619 ], [ 174.058195142993526, -35.223991085497246 ], [ 174.058213872738492, -35.224727879143948 ], [ 174.058239869110224, -35.225461509253435 ], [ 174.058240351556805, -35.226196157690573 ], [ 174.058263804500683, -35.226930082412679 ], [ 174.058249656489295, -35.22766505138771 ], [ 174.058327021004004, -35.22840506159374 ], [ 174.058500331285188, -35.229139448727366 ], [ 174.058787001901322, -35.229843962596306 ], [ 174.059164008819295, -35.230517747070834 ], [ 174.059674011333925, -35.231129647473658 ] ] } },
{ "type": "Feature", "properties": { "group_id": "nzd0064" }, "geometry": { "type": "LineString", "coordinates": [ [ 174.131361135900846, -35.257157325462352 ], [ 174.131709891712973, -35.257785102787722 ], [ 174.132267416742479, -35.258314551807814 ], [ 174.132877463553882, -35.258827235111852 ], [ 174.133606965660789, -35.25923687956535 ], [ 174.134358537993052, -35.259600457164595 ], [ 174.13515785798603, -35.259895599684192 ], [ 174.135995615677757, -35.260158812728044 ], [ 174.136843899253819, -35.260373465348451 ], [ 174.137697842332273, -35.260559816562228 ], [ 174.138591306486774, -35.260680860801848 ], [ 174.139461265229386, -35.260878190751455 ] ] } },
{ "type": "Feature", "properties": { "group_id": "nzd0066" }, "geometry": { "type": "LineString", "coordinates": [ [ 174.080063788490321, -35.273005949724222 ], [ 174.080347502831728, -35.273696800431189 ], [ 174.080568017682481, -35.274406243958829 ], [ 174.080881154049706, -35.27509552466541 ], [ 174.081438985608713, -35.275654975117796 ], [ 174.082047163746921, -35.27612201936774 ], [ 174.082735778050989, -35.276560358096397 ], [ 174.083498103085191, -35.276899465578843 ], [ 174.084236595799268, -35.277229640618742 ], [ 174.084995330361465, -35.277552914858461 ], [ 174.085809098409754, -35.277824877861782 ], [ 174.086644478573447, -35.278053944132957 ], [ 174.087496649376277, -35.278240577689381 ], [ 174.088372092634074, -35.27838197501206 ] ] } },
{ "type": "Feature", "properties": { "group_id": "nzd0067" }, "geometry": { "type": "LineString", "coordinates": [ [ 173.159818943987773, -35.291307683111107 ], [ 173.15913638357344, -35.29081456539037 ], [ 173.158523708333718, -35.290275708082184 ], [ 173.157915890378661, -35.289733667868731 ], [ 173.157370258665935, -35.289150926854632 ], [ 173.15681778218763, -35.288572661224109 ], [ 173.156306410063252, -35.287967491500787 ], [ 173.155759202925708, -35.287385769334314 ], [ 173.155228319868257, -35.286793360092261 ], [ 173.154712137590025, -35.286191326104564 ], [ 173.154182191597812, -35.285598295494552 ], [ 173.153679929714684, -35.284987143380754 ], [ 173.153134010540441, -35.284405012984578 ], [ 173.152580801786542, -35.28382972170516 ], [ 173.152099325875525, -35.283205174992197 ], [ 173.151665356849605, -35.282546376261465 ], [ 173.151064607799668, -35.282000387025292 ], [ 173.150576707876809, -35.281378060316584 ], [ 173.149902725100503, -35.280881599963493 ], [ 173.149301358860754, -35.28033601626263 ], [ 173.14872706025605, -35.27977211954213 ], [ 173.148148437554227, -35.279211143760541 ], [ 173.147549237546087, -35.278664082849353 ], [ 173.146994373272719, -35.278087028555255 ], [ 173.146421617803355, -35.277522072207553 ], [ 173.145896682756302, -35.276926454913394 ], [ 173.145328394082071, -35.276359807182715 ], [ 173.14479752917623, -35.275761266002021 ], [ 173.144298296834677, -35.275138159302543 ], [ 173.143785964165374, -35.274525069265316 ], [ 173.143184613667415, -35.273980064202973 ], [ 173.142628935817214, -35.273400121274761 ] ] } },
{ "type": "Feature", "properties": { "group_id": "nzd0068" }, "geometry": { "type": "LineString", "coordinates": [ [ 173.186721197441386, -35.333218969652812 ], [ 173.186070218039362, -35.332702546062471 ], [ 173.185577007469249, -35.332087653984459 ], [ 173.184982189788656, -35.331536171129599 ], [ 173.184407133841091, -35.33097235065469 ] ] } },
{ "type": "Feature", "properties": { "group_id": "nzd0069" }, "geometry": { "type": "LineString", "coordinates": [ [ 173.239852218329247, -35.396757751410156 ], [ 173.23929483908347, -35.396181629642562 ], [ 173.238727420062503, -35.39561284041902 ], [ 173.238170973704285, -35.395036029624144 ], [ 173.237633422336671, -35.394445408284696 ], [ 173.237057740462205, -35.393882645833159 ], [ 173.236431863563467, -35.393356557945971 ], [ 173.235790636734237, -35.392841682676668 ], [ 173.235211398027985, -35.392281508160146 ], [ 173.234703175612964, -35.391669437474654 ], [ 173.234137962782967, -35.391099006731032 ], [ 173.23356477083945, -35.390534402751484 ], [ 173.232967202527192, -35.389987607201832 ], [ 173.232302455668588, -35.389489896007461 ], [ 173.231671582657384, -35.3889674290158 ], [ 173.231056423536501, -35.388433475992841 ], [ 173.230490070270378, -35.387863856483193 ], [ 173.229892803101762, -35.387316822280852 ] ] } },
{ "type": "Feature", "properties": { "group_id": "nzd0070" }, "geometry": { "type": "LineString", "coordinates": [ [ 173.263223607746966, -35.420079005654024 ], [ 173.262526071548365, -35.419600742248079 ], [ 173.261960261907888, -35.419034368928394 ], [ 173.261397510766329, -35.418463892926205 ], [ 173.260904036460175, -35.417849829925721 ], [ 173.260324843998887, -35.417289180732226 ], [ 173.259786286840892, -35.416703204125888 ], [ 173.259238309228778, -35.41612309395704 ], [ 173.258767495499029, -35.415494892423389 ], [ 173.258161153577845, -35.414951145420424 ], [ 173.257649298115325, -35.414348511939416 ], [ 173.257105426860562, -35.413765825899816 ], [ 173.256529815571866, -35.41320291544254 ], [ 173.255960303825162, -35.412635854477195 ], [ 173.255259571114919, -35.412155820494021 ], [ 173.254650177196737, -35.411621061998268 ], [ 173.254091716783194, -35.411046518091865 ], [ 173.253536633568757, -35.410469565994831 ], [ 173.252979015315589, -35.409894414965336 ], [ 173.252472590441641, -35.409282812664365 ], [ 173.252102353193493, -35.40857424635805 ], [ 173.251406265874721, -35.408097668494257 ], [ 173.250784566655426, -35.407568125348924 ], [ 173.250160849429591, -35.407040015075729 ], [ 173.24966548692035, -35.406420518030565 ], [ 173.249152762064142, -35.405813378406478 ], [ 173.24841756083768, -35.405364628537072 ] ] } },
{ "type": "Feature", "properties": { "group_id": "nzd0071" }, "geometry": { "type": "LineString", "coordinates": [ [ 174.431479958711208, -35.42906881049948 ], [ 174.431234352403067, -35.429760446723677 ], [ 174.431159308735857, -35.430462535192447 ], [ 174.43126729162671, -35.431151519996462 ] ] } },
{ "type": "Feature", "properties": { "group_id": "nzd0074" }, "geometry": { "type": "LineString", "coordinates": [ [ 174.416673195099577, -35.439607553016501 ], [ 174.417494317913736, -35.43924572598732 ], [ 174.418296483930305, -35.438891238796806 ], [ 174.419057328498639, -35.438487057992958 ], [ 174.419812774522796, -35.438047519873933 ], [ 174.420496122406519, -35.437536443346389 ], [ 174.421136922228726, -35.437007635694592 ], [ 174.421701918227342, -35.436424415316928 ], [ 174.422215877744122, -35.435803396325497 ], [ 174.422676651633594, -35.435153017381431 ], [ 174.422993025372932, -35.434466952112565 ] ] } },
{ "type": "Feature", "properties": { "group_id": "nzd0075" }, "geometry": { "type": "LineString", "coordinates": [ [ 174.430583434861745, -35.433453649303402 ], [ 174.430116924989903, -35.434034667732462 ], [ 174.429739522999029, -35.434679501382 ], [ 174.429363326666561, -35.435341703186936 ], [ 174.429169554547144, -35.436044680209051 ], [ 174.428760322721274, -35.436702659925679 ], [ 174.428445627750619, -35.437387206754934 ], [ 174.4281053405401, -35.438054531297681 ], [ 174.427745442998514, -35.438715363390259 ], [ 174.427464166368338, -35.439402421061779 ], [ 174.427226913232744, -35.440078367555358 ], [ 174.426999050569833, -35.440775605518517 ], [ 174.426818085760601, -35.441474011033499 ], [ 174.426689618134191, -35.442183971478201 ], [ 174.426590842474667, -35.442894219606664 ], [ 174.426598273056641, -35.443600920503201 ], [ 174.426674983576902, -35.444291064297829 ], [ 174.42694774288131, -35.444953593064618 ], [ 174.427406629324707, -35.445547972104841 ] ] } },
{ "type": "Feature", "properties": { "group_id": "nzd0077" }, "geometry": { "type": "LineString", "coordinates": [ [ 174.427119403035078, -35.447089907328767 ], [ 174.42678843971413, -35.447845788727278 ], [ 174.426653872684284, -35.448648877510017 ], [ 174.426667543192963, -35.449402790245429 ], [ 174.426699647856282, -35.450144984182586 ], [ 174.426784070354245, -35.450890575221898 ], [ 174.426935240739823, -35.451626342534936 ], [ 174.427205341537274, -35.452344086860037 ], [ 174.427481820230668, -35.453050882550386 ] ] } },
{ "type": "Feature", "properties": { "group_id": "nzd0078" }, "geometry": { "type": "LineString", "coordinates": [ [ 174.427896573752747, -35.45437020308691 ], [ 174.428071901487044, -35.455116944900979 ], [ 174.428567769135157, -35.455761510229458 ], [ 174.429204954222087, -35.456316084614834 ], [ 174.429955459081555, -35.456762458128928 ], [ 174.430793263859471, -35.457075455996154 ], [ 174.431703466626828, -35.457210144849412 ] ] } },
{ "type": "Feature", "properties": { "group_id": "nzd0079" }, "geometry": { "type": "LineString", "coordinates": [ [ 173.416847470090318, -35.468043423624117 ], [ 173.416846399505971, -35.467326896861316 ], [ 173.416919720695233, -35.466595760334471 ], [ 173.4167741273194, -35.465873247646797 ], [ 173.416695509842583, -35.465172617042924 ], [ 173.416632050281748, -35.46444739439881 ], [ 173.416625158427564, -35.463707017885426 ], [ 173.416291553131117, -35.463015266885122 ], [ 173.416007859794462, -35.462318015235404 ], [ 173.41557313740384, -35.461669807990667 ], [ 173.415386657113572, -35.460968612948257 ], [ 173.415268548293568, -35.460222976920591 ], [ 173.41519609376968, -35.459479100366309 ], [ 173.414883982661962, -35.458799447569966 ], [ 173.414554151219932, -35.458135219595469 ], [ 173.41483689606477, -35.457443446846668 ], [ 173.415038050326615, -35.456750902699802 ], [ 173.414903460145041, -35.456022138984359 ], [ 173.414735946799539, -35.45532170610516 ], [ 173.414692251127775, -35.454586005066709 ], [ 173.414418599844055, -35.453857174602554 ], [ 173.413841706954742, -35.45331759904014 ], [ 173.414009662615427, -35.452587286059511 ], [ 173.41450735517185, -35.451897623100407 ], [ 173.415373229868834, -35.451612546218541 ], [ 173.4161732934013, -35.451366922423475 ], [ 173.416952935760179, -35.450962271168365 ], [ 173.417872091966473, -35.450720809855 ], [ 173.418799538161579, -35.450774266261242 ], [ 173.419711017043426, -35.45075077054112 ], [ 173.4205734880276, -35.450819549241004 ], [ 173.421307080507233, -35.450541959460125 ] ] } },
{ "type": "Feature", "properties": { "group_id": "nzd0080" }, "geometry": { "type": "LineString", "coordinates": [ [ 174.433036577243854, -35.459520161106482 ], [ 174.433404341386222, -35.46018925830495 ], [ 174.433876521054941, -35.460813692897702 ], [ 174.434426021633556, -35.461405052890015 ] ] } },
{ "type": "Feature", "properties": { "group_id": "nzd0081" }, "geometry": { "type": "LineString", "coordinates": [ [ 174.43596681407621, -35.462944540277483 ], [ 174.436696160225239, -35.463415127725845 ], [ 174.437528382837371, -35.463690853587266 ] ] } },
{ "type": "Feature", "properties": { "group_id": "nzd0082" }, "geometry": { "type": "LineString", "coordinates": [ [ 173.345091818982951, -35.512140363126463 ], [ 173.344348008550071, -35.511673560755881 ], [ 173.343730638806477, -35.511133619551266 ], [ 173.343249565551673, -35.510514839466964 ], [ 173.342742439242642, -35.509911124110239 ], [ 173.342266313557985, -35.50928947338975 ], [ 173.341837502136457, -35.508640451316076 ], [ 173.341393079855919, -35.508000454093526 ], [ 173.340891014641954, -35.507393793502516 ], [ 173.340251298742061, -35.506866746659774 ], [ 173.33976094381282, -35.506254151481734 ], [ 173.339259377886094, -35.505650195703403 ], [ 173.338588709934555, -35.505148935153329 ], [ 173.338005008740765, -35.504591548911343 ], [ 173.337484177908351, -35.50399526501527 ], [ 173.337007892244657, -35.503371419927291 ], [ 173.336521947164641, -35.502753546144426 ], [ 173.336040769985772, -35.502132718501116 ], [ 173.33553125034075, -35.501529420124328 ], [ 173.334983102793274, -35.500946269799137 ], [ 173.334456992013145, -35.5003491038592 ], [ 173.333895680402975, -35.499774226729642 ], [ 173.333341617560592, -35.499195807828684 ], [ 173.332861598633087, -35.498577431638829 ], [ 173.332280830132589, -35.498013413275714 ], [ 173.331802482641564, -35.497394125944901 ], [ 173.33129309431726, -35.496791582976435 ], [ 173.330723095763716, -35.496221739409108 ], [ 173.330168781794697, -35.495643428083014 ], [ 173.329653935666073, -35.495070032238516 ], [ 173.329170360082458, -35.494480360479159 ], [ 173.328661991083607, -35.49387741993511 ], [ 173.328103472500345, -35.493304468487111 ], [ 173.327554485651461, -35.49272515648321 ], [ 173.327021315020886, -35.492135292906411 ], [ 173.326528740321805, -35.491518352542194 ], [ 173.326040297451186, -35.490898652664157 ], [ 173.325534771319042, -35.490290341319252 ], [ 173.325006761323351, -35.48969702013904 ], [ 173.324509529579132, -35.489083169320907 ], [ 173.324016578277678, -35.488466459876022 ], [ 173.323455544762453, -35.487895149669399 ], [ 173.322910230804268, -35.487313352268103 ], [ 173.322389227246504, -35.486721906022623 ], [ 173.321863841656835, -35.48614228148007 ], [ 173.321321322259934, -35.485562412536687 ], [ 173.320847391378663, -35.484940918753885 ], [ 173.320389376169146, -35.484311081420657 ], [ 173.319905577680203, -35.483694748170272 ], [ 173.31939629598898, -35.483091761806328 ], [ 173.318881023250242, -35.482491909655828 ], [ 173.318408368418488, -35.481869723653915 ], [ 173.317932201921792, -35.481249372810979 ], [ 173.317541152388458, -35.480584421089439 ], [ 173.316868236939797, -35.480067145221355 ], [ 173.316275555585548, -35.479507826698438 ] ] } },
{ "type": "Feature", "properties": { "group_id": "nzd0083" }, "geometry": { "type": "LineString", "coordinates": [ [ 174.469241436161582, -35.503286921438217 ], [ 174.469408974901086, -35.504015182154269 ], [ 174.469838296612153, -35.504675972406119 ], [ 174.470269000269496, -35.505345506625687 ], [ 174.470810523243642, -35.505932735371488 ] ] } },
{ "type": "Feature", "properties": { "group_id": "nzd0084" }, "geometry": { "type": "LineString", "coordinates": [ [ 174.472676140771853, -35.507934355219177 ], [ 174.473134969083645, -35.5085653926945 ], [ 174.473670552495463, -35.509152785105464 ], [ 174.474229420194405, -35.50972693423703 ] ] } },
{ "type": "Feature", "properties": { "group_id": "nzd0085" }, "geometry": { "type": "LineString", "coordinates": [ [ 174.477524056296318, -35.511508589632271 ], [ 174.478396806070776, -35.511689183801167 ] ] } },
{ "type": "Feature", "properties": { "group_id": "nzd0088" }, "geometry": { "type": "LineString", "coordinates": [ [ 174.471061732752133, -35.550389848036787 ], [ 174.471214567505314, -35.551127687325994 ], [ 174.471558680325217, -35.55182645493025 ], [ 174.47206193955202, -35.552446841578117 ] ] } },
{ "type": "Feature", "properties": { "group_id": "nzd0089" }, "geometry": { "type": "LineString", "coordinates": [ [ 174.474247636884542, -35.555535375691129 ], [ 174.474852261238198, -35.556087528828826 ], [ 174.475482501621713, -35.556617311051006 ], [ 174.47625134902961, -35.557064844219475 ], [ 174.477108493540783, -35.557381149543694 ] ] } },
{ "type": "Feature", "properties": { "group_id": "nzd0090" }, "geometry": { "type": "LineString", "coordinates": [ [ 174.486134990945033, -35.559771227029096 ], [ 174.486925467986907, -35.560126158462019 ], [ 174.48773238232593, -35.560449729690589 ], [ 174.488561656729132, -35.560730639622683 ], [ 174.489417229770709, -35.560965939008724 ], [ 174.490303299275013, -35.561200341732807 ], [ 174.4911958010604, -35.561403917991193 ], [ 174.492058703886585, -35.561607143531418 ], [ 174.492994013035144, -35.561746078528252 ], [ 174.493942959571513, -35.561750367299915 ], [ 174.494848019294295, -35.56184674537063 ] ] } },
{ "type": "Feature", "properties": { "group_id": "nzd0091" }, "geometry": { "type": "LineString", "coordinates": [ [ 174.508731040339825, -35.560187925976429 ], [ 174.507909831900292, -35.560701801432572 ], [ 174.507550866306843, -35.561485372056623 ], [ 174.507276368470229, -35.562288800421932 ], [ 174.507182612910611, -35.563121829315975 ], [ 174.507459070051169, -35.56401703825 ], [ 174.508024827158465, -35.564825191507595 ], [ 174.508839837729255, -35.565428665805541 ], [ 174.509693016971596, -35.565821510049055 ] ] } },
{ "type": "Feature", "properties": { "group_id": "nzd0093" }, "geometry": { "type": "LineString", "coordinates": [ [ 174.530458397076728, -35.636450814189125 ], [ 174.530650793641769, -35.63562273275047 ], [ 174.530068619102224, -35.635076402629757 ], [ 174.529282480329641, -35.634705779033332 ], [ 174.528386921981337, -35.634526008056213 ], [ 174.527471431239121, -35.63454830570074 ], [ 174.526580675273379, -35.634676229970282 ], [ 174.52568755001036, -35.634761486012628 ] ] } },
{ "type": "Feature", "properties": { "group_id": "nzd0094" }, "geometry": { "type": "LineString", "coordinates": [ [ 174.514812344392055, -35.631869341033727 ], [ 174.514187819798423, -35.63243251601677 ], [ 174.51394830871368, -35.633150950922065 ], [ 174.513602535140961, -35.633810419857149 ], [ 174.513056664749058, -35.634357125764609 ], [ 174.512438636374128, -35.634879804062663 ], [ 174.511795714402098, -35.635390618615688 ], [ 174.511189839127127, -35.635930475549401 ], [ 174.510588343017702, -35.636473740578523 ], [ 174.510036312735167, -35.637053253687149 ], [ 174.509466164499628, -35.637618993129855 ], [ 174.508905337493786, -35.638190143211325 ], [ 174.508400304706726, -35.638776207310251 ], [ 174.507922773780621, -35.639382823343638 ], [ 174.5074832390398, -35.640019757930631 ], [ 174.507043950164586, -35.640657408087513 ], [ 174.506636328633761, -35.64131006664438 ], [ 174.50621246248835, -35.641955576189503 ], [ 174.50578647878649, -35.642599012674104 ], [ 174.505390553536188, -35.643246453461018 ], [ 174.50496424356885, -35.643876535179913 ], [ 174.504563488854302, -35.644527957915962 ], [ 174.504200914888429, -35.645185474464597 ], [ 174.503814892334248, -35.6458391251225 ], [ 174.503541007167712, -35.646533699195352 ], [ 174.503134184749001, -35.647194353307427 ], [ 174.502874223885215, -35.64789237564802 ], [ 174.502740615492058, -35.648610075439329 ] ] } },
{ "type": "Feature", "properties": { "group_id": "nzd0095" }, "geometry": { "type": "LineString", "coordinates": [ [ 174.508266482147377, -35.67350957571729 ], [ 174.508367683409404, -35.674234776868182 ], [ 174.50842447465439, -35.674959322975297 ], [ 174.508540758851211, -35.675679150133462 ], [ 174.508639273230273, -35.67640568962247 ], [ 174.50877224757258, -35.677127523371212 ], [ 174.508932757016368, -35.677845332536812 ], [ 174.509073405290962, -35.678565191734791 ], [ 174.509320445225228, -35.679245229377337 ], [ 174.509768913642233, -35.67985120007485 ], [ 174.510036441725447, -35.680502807671907 ], [ 174.509907269575905, -35.681236495988877 ], [ 174.51006534723868, -35.681963784328694 ], [ 174.510204240717854, -35.682687136221368 ], [ 174.510407272664281, -35.683397487417821 ], [ 174.510573508829509, -35.684113368349379 ], [ 174.510788693069514, -35.684822715263344 ], [ 174.511068937570116, -35.685500420977249 ], [ 174.511582689948511, -35.686098695244581 ] ] } },
{ "type": "Feature", "properties": { "group_id": "nzd0096" }, "geometry": { "type": "LineString", "coordinates": [ [ 173.539675963588223, -35.734128782022907 ], [ 173.539224701167058, -35.733486115074477 ], [ 173.538690726250053, -35.732898527896573 ], [ 173.538131574393844, -35.732327703740914 ], [ 173.537552964888732, -35.731769833727014 ], [ 173.537013887337622, -35.731185632701795 ], [ 173.536557764435457, -35.730546182499317 ], [ 173.535987582378112, -35.729982688067572 ], [ 173.535422346805149, -35.72941589540833 ], [ 173.534903716829689, -35.728818060879746 ], [ 173.534401824959218, -35.72820907525881 ], [ 173.533836506708042, -35.727642325637227 ], [ 173.533141478579523, -35.727161954551072 ], [ 173.532535775607414, -35.726622091661326 ], [ 173.532004350459772, -35.726032758286344 ], [ 173.531453289591354, -35.725456497603638 ], [ 173.530910431404834, -35.724874770205986 ], [ 173.530427305588518, -35.724253259076896 ], [ 173.530045196927546, -35.723564469608618 ], [ 173.529476291753781, -35.723000076654863 ], [ 173.528845357759394, -35.722476988887173 ], [ 173.528236660833187, -35.721939087831466 ], [ 173.527658836176755, -35.721380622824057 ], [ 173.5271250794938, -35.72079350965582 ], [ 173.526603066659021, -35.720211892688276 ], [ 173.526257286185796, -35.71952407921178 ], [ 173.525662373099323, -35.718974498917191 ], [ 173.525084096136283, -35.718414836922861 ], [ 173.524660813783896, -35.717761282707073 ], [ 173.523965517277276, -35.717272496559701 ], [ 173.523273735057359, -35.716781576857272 ], [ 173.523045150653559, -35.716010072117136 ], [ 173.522092435248453, -35.715677203152232 ], [ 173.521755316909832, -35.714971434521942 ], [ 173.521038481191084, -35.714495673276353 ], [ 173.520688663309471, -35.713797588684109 ], [ 173.520095186284294, -35.713247095011226 ], [ 173.519388465891893, -35.712765193308066 ], [ 173.518897878160999, -35.712152366403181 ], [ 173.518385475907991, -35.711552749146726 ], [ 173.517815116829382, -35.710988234487502 ], [ 173.517272443187778, -35.710406945257702 ], [ 173.51676745103785, -35.709802826442072 ], [ 173.516302394487099, -35.709174512579594 ], [ 173.515655115483383, -35.708656574312812 ], [ 173.515107415883108, -35.708074745326357 ], [ 173.514525527595481, -35.707513372841696 ], [ 173.513969573025548, -35.706938149059646 ], [ 173.513488251748242, -35.706314365270437 ], [ 173.459098672883272, -35.652890012297128 ], [ 173.458407806159784, -35.652409167971513 ], [ 173.457715757144967, -35.651927635467018 ], [ 173.457113125515406, -35.651381250820798 ], [ 173.456504729831806, -35.65084051983272 ], [ 173.455898022746794, -35.650301795808915 ], [ 173.455301866301795, -35.649755666788955 ], [ 173.454668903659126, -35.649235352814188 ], [ 173.454064682835309, -35.648694873033406 ], [ 173.453505871998004, -35.648122535133716 ], [ 173.452869952076981, -35.64760428390818 ], [ 173.45229672989143, -35.647042047597097 ], [ 173.451677938077637, -35.646511773548539 ], [ 173.451037495372816, -35.645996683163396 ], [ 173.45038345756214, -35.645491125402586 ], [ 173.449724351161677, -35.644989119072214 ], [ 173.448933946397773, -35.644579210299462 ] ] } },
{ "type": "Feature", "properties": { "group_id": "nzd0097" }, "geometry": { "type": "LineString", "coordinates": [ [ 174.514644446727544, -35.694549779062022 ], [ 174.514806883275838, -35.695269053941857 ], [ 174.514751093455885, -35.695997029025079 ], [ 174.514802057269776, -35.69673158429233 ], [ 174.515053343300679, -35.697432143129376 ], [ 174.515316029062461, -35.698129741211048 ], [ 174.515639377649819, -35.698812048741118 ], [ 174.515965712019153, -35.699490758566753 ], [ 174.516266325721574, -35.700176244046496 ], [ 174.516596651865768, -35.700855056729132 ], [ 174.516927635617293, -35.701533673509246 ], [ 174.517255794645536, -35.702207206291121 ], [ 174.517573256426317, -35.702883031196301 ], [ 174.517900893721844, -35.703561712444078 ], [ 174.518244098833236, -35.704233014664034 ], [ 174.518605469687373, -35.704891189137179 ], [ 174.518974062681053, -35.705549346771122 ], [ 174.519387919821554, -35.706190052134318 ], [ 174.519808907920122, -35.706831962905206 ], [ 174.520260830188136, -35.707462696941199 ], [ 174.520703498603666, -35.708097802111176 ], [ 174.521168804033408, -35.708721441040467 ], [ 174.521680342689791, -35.709320707585007 ], [ 174.522176033834342, -35.709920834001167 ], [ 174.522643127270214, -35.710543402880838 ], [ 174.523219058434051, -35.711103489986165 ], [ 174.523806317492671, -35.71165564293247 ], [ 174.524449744917064, -35.712169430745199 ], [ 174.524999547877769, -35.712745145980278 ] ] } },
{ "type": "Feature", "properties": { "group_id": "nzd0098" }, "geometry": { "type": "LineString", "coordinates": [ [ 174.537755058035088, -35.714561862176126 ], [ 174.538642740791801, -35.714617352183815 ], [ 174.539483270527967, -35.714461889186865 ] ] } },
{ "type": "Feature", "properties": { "group_id": "nzd0099" }, "geometry": { "type": "LineString", "coordinates": [ [ 174.53155306495708, -35.714150770768015 ], [ 174.53230292403245, -35.714561761070982 ], [ 174.53311963115496, -35.714847021295405 ], [ 174.533945713743947, -35.715093565904915 ], [ 174.534794958479125, -35.715297373764606 ] ] } },
{ "type": "Feature", "properties": { "group_id": "nzd0100" }, "geometry": { "type": "LineString", "coordinates": [ [ 174.556880100808542, -35.809303203190957 ], [ 174.557174492316847, -35.809975920301085 ], [ 174.557430375913555, -35.810674455314157 ], [ 174.557701961436408, -35.811353391960346 ], [ 174.558033326494893, -35.812021958027131 ], [ 174.558380328898266, -35.812705962011371 ], [ 174.558695367123988, -35.813378760090892 ], [ 174.559025370263726, -35.814026912321495 ], [ 174.559387871964958, -35.814681771331244 ], [ 174.559726430864259, -35.815378200962797 ], [ 174.560048708971436, -35.816058883676369 ], [ 174.560417144616935, -35.816723496621087 ], [ 174.560764479092853, -35.817399484134057 ], [ 174.561125053447654, -35.818055509907317 ], [ 174.56145250339577, -35.81868874882727 ], [ 174.561823705837043, -35.819339320319173 ], [ 174.562200284699799, -35.819994345017378 ], [ 174.562626344962098, -35.820628667325927 ], [ 174.563009693325171, -35.82129099235074 ], [ 174.56342310177493, -35.821932990818219 ], [ 174.563806610521624, -35.822594781098324 ], [ 174.564193980504029, -35.823253369570089 ], [ 174.564636554716941, -35.823883663498272 ], [ 174.565097795832656, -35.824503733352479 ], [ 174.565648753574521, -35.825087586765228 ], [ 174.566186641326709, -35.825677455052244 ], [ 174.567037194529092, -35.826123302494473 ], [ 174.567136485267952, -35.826915180710657 ], [ 174.567409560324393, -35.827627007011998 ], [ 174.56773264553027, -35.828342855271089 ], [ 174.568063505587588, -35.829023156666814 ], [ 174.568384870104666, -35.829668223643047 ], [ 174.568759134397965, -35.83032001508694 ], [ 174.569162818671543, -35.830980836543716 ], [ 174.569552072091597, -35.831617883532033 ], [ 174.569969482611725, -35.83221721040541 ], [ 174.57044946080569, -35.832833458511054 ], [ 174.570912337708364, -35.83346130070904 ], [ 174.571414532722514, -35.834047336658024 ] ] } },
{ "type": "Feature", "properties": { "group_id": "nzd0101" }, "geometry": { "type": "LineString", "coordinates": [ [ 173.670324758337159, -35.873937444596415 ], [ 173.669838883847888, -35.873322858628896 ], [ 173.669393260929894, -35.872683814953803 ], [ 173.668853617841506, -35.872101885413898 ], [ 173.668296876488739, -35.871530338970764 ], [ 173.6677333025537, -35.870962939074012 ], [ 173.667194747285379, -35.870380335703565 ], [ 173.666652760419879, -35.869799812749562 ], [ 173.66625929041254, -35.869129059568401 ], [ 173.665850369273187, -35.868467688560955 ], [ 173.665156405016603, -35.867979481214988 ], [ 173.664541398343232, -35.867443301458074 ], [ 173.663923129622503, -35.866909098983221 ], [ 173.663346145870463, -35.866349811054931 ], [ 173.662818583964196, -35.865760494545647 ], [ 173.662309823659228, -35.865159751561613 ], [ 173.661766053126058, -35.864580273316427 ], [ 173.661203143309535, -35.864012418042506 ], [ 173.660629067485218, -35.863451341875553 ], [ 173.66009429541586, -35.862866384014154 ], [ 173.659539584943815, -35.862293534573645 ], [ 173.6590536474869, -35.861678900648663 ], [ 173.658771482472361, -35.860940468343458 ], [ 173.658199645474014, -35.860378010642904 ], [ 173.657438906806362, -35.859930308208014 ], [ 173.656926669644321, -35.859331634297874 ], [ 173.656381896312411, -35.858752722063535 ], [ 173.656257930931901, -35.857918159793407 ], [ 173.655366593040071, -35.857549781153708 ], [ 173.655055187924205, -35.856829082277784 ], [ 173.654134558085957, -35.856478489133615 ], [ 173.653569427329302, -35.855911922521642 ], [ 173.652963035313235, -35.855370417964046 ], [ 173.652469284140551, -35.854760479267192 ], [ 173.652128782578956, -35.854057436084624 ], [ 173.651442496573139, -35.853564454842704 ], [ 173.650905652007054, -35.852980682621002 ], [ 173.650394301703045, -35.852381418185871 ], [ 173.650172589757005, -35.851605877819679 ], [ 173.649672937453687, -35.850996373231006 ], [ 173.648953940711095, -35.850523827294765 ], [ 173.648184843062438, -35.850085433336666 ], [ 173.647658970826484, -35.849494620483753 ], [ 173.647141656589525, -35.848898440642898 ], [ 173.646806558188047, -35.848188072846156 ], [ 173.646312663585604, -35.84757720876685 ], [ 173.645628125314829, -35.847085805653926 ], [ 173.645108816249063, -35.84649085894057 ], [ 173.644521578859667, -35.845938474582738 ], [ 173.643943557472056, -35.845380310857557 ], [ 173.643583438784503, -35.84468559645817 ], [ 173.643286148858806, -35.843951505949043 ], [ 173.642708925092506, -35.843392830029494 ], [ 173.642212634957161, -35.842783433211608 ], [ 173.641589359548448, -35.842253606856339 ], [ 173.641040824429496, -35.84167694065345 ], [ 173.640190811893547, -35.841289188276839 ], [ 173.639541626281328, -35.840775584867927 ], [ 173.639049501442059, -35.840163557171273 ], [ 173.638534391937355, -35.839565928271924 ], [ 173.638404424082182, -35.838726949608208 ], [ 173.637936713114954, -35.838099610050378 ], [ 173.637037894485559, -35.837742416786789 ], [ 173.63643611496795, -35.837199081746441 ], [ 173.635776460679324, -35.836692008829125 ], [ 173.635233466212497, -35.836111828352209 ], [ 173.634734484015667, -35.835504063994776 ], [ 173.634454526602866, -35.834759045977599 ], [ 173.633689019184118, -35.834318288084653 ], [ 173.633121986871856, -35.833753153724096 ], [ 173.632679048289759, -35.833110253462813 ], [ 173.632284075100529, -35.832437291808091 ], [ 173.631624970647351, -35.831929840879994 ], [ 173.631050685176206, -35.831369234788319 ], [ 173.630521673000516, -35.830780254531675 ], [ 173.630179492043709, -35.830074194304657 ], [ 173.62946633164313, -35.829600600095858 ], [ 173.628979540317374, -35.828985149988995 ], [ 173.628532744625744, -35.828344632769586 ], [ 173.627888556128141, -35.827827805392253 ], [ 173.627258167732919, -35.827302325936252 ], [ 173.626906541507623, -35.826602159366459 ], [ 173.626271697830589, -35.826079463473825 ], [ 173.625681545840791, -35.825528757741544 ], [ 173.625184866308842, -35.824919474462497 ], [ 173.624848665744594, -35.824209624445935 ], [ 173.62413992596359, -35.823733217984959 ], [ 173.623527138083318, -35.82319667986949 ], [ 173.622935563700281, -35.822646844298085 ], [ 173.622521029724822, -35.821986064530527 ], [ 173.621751474959353, -35.821547749346351 ], [ 173.621184596269785, -35.820982425816133 ], [ 173.620638313726204, -35.820404191834072 ], [ 173.620114586483083, -35.819811819742078 ], [ 173.619729751261843, -35.819132408911734 ], [ 173.619061117418994, -35.818630831831435 ], [ 173.618594477332039, -35.818002674329087 ], [ 173.618107644653008, -35.817387165919527 ], [ 173.617527899325211, -35.816829875602295 ], [ 173.617079026104989, -35.816190571999655 ], [ 173.616448629214887, -35.81566501331298 ], [ 173.615847393203808, -35.815121144714261 ], [ 173.615243639978331, -35.814577925315582 ], [ 173.614680948373035, -35.81400907374055 ], [ 173.614189795362222, -35.813395786926137 ], [ 173.613746143185409, -35.812752370147578 ], [ 173.61309281919722, -35.812241926106744 ], [ 173.612576980835968, -35.81164428253085 ], [ 173.611879013648945, -35.811162143147051 ], [ 173.611372372483061, -35.810558658301694 ], [ 173.610842376019548, -35.809969981464199 ], [ 173.610338691061798, -35.80936461337685 ], [ 173.609805911412394, -35.808777693306538 ], [ 173.609232884897807, -35.808216294098465 ], [ 173.608699246882338, -35.807629910058296 ], [ 173.608152314218756, -35.807051953458284 ], [ 173.60774835724817, -35.806383315697573 ], [ 173.607093520020101, -35.805873785206906 ], [ 173.606525305693708, -35.805309313142715 ], [ 173.605957091703573, -35.804744836668462 ], [ 173.605428595714244, -35.804155166430128 ], [ 173.604919349620417, -35.803553283515129 ], [ 173.604593193246018, -35.802835278450637 ], [ 173.603914972151927, -35.802340553376645 ], [ 173.603273869093584, -35.801822283119236 ], [ 173.602773859448007, -35.801214525633654 ], [ 173.602212271436599, -35.800645817645183 ], [ 173.601652628634611, -35.800075871794924 ], [ 173.601211852405584, -35.799430535258125 ], [ 173.600533886930776, -35.798935622583656 ], [ 173.599989934940396, -35.798355712910613 ] ] } },
{ "type": "Feature", "properties": { "group_id": "nzd0102" }, "geometry": { "type": "LineString", "coordinates": [ [ 174.572812891017065, -35.835719902492947 ], [ 174.573290010011874, -35.836344426786013 ], [ 174.573824527305277, -35.836936729516779 ], [ 174.574487652033582, -35.837435032350299 ], [ 174.575173374736607, -35.837915749462653 ], [ 174.575900497428535, -35.838356585573671 ], [ 174.576706525910225, -35.838701800874048 ] ] } },
{ "type": "Feature", "properties": { "group_id": "nzd0103" }, "geometry": { "type": "LineString", "coordinates": [ [ 174.579367893082036, -35.839219647956256 ], [ 174.579531049356063, -35.839956680843585 ], [ 174.580499777519066, -35.840507047489957 ] ] } },
{ "type": "Feature", "properties": { "group_id": "nzd0104" }, "geometry": { "type": "LineString", "coordinates": [ [ 174.501502232510489, -35.841061279084897 ], [ 174.501013699479614, -35.841676443938965 ], [ 174.500508538794975, -35.842284670445757 ], [ 174.500021924210586, -35.842877428888336 ], [ 174.499559887840093, -35.843468193841126 ], [ 174.49908898032453, -35.844088435842579 ], [ 174.498566278813598, -35.844682454330801 ], [ 174.497930823914572, -35.845191126907309 ], [ 174.497319982132979, -35.845708092453506 ], [ 174.496656803624035, -35.846195835163421 ], [ 174.496000590720115, -35.846693634234008 ], [ 174.49533011933525, -35.847178251967748 ], [ 174.494665575833523, -35.847668345840653 ], [ 174.494003774241179, -35.848160971197139 ], [ 174.493316924198325, -35.848630628323669 ], [ 174.492631093298087, -35.84910242077131 ], [ 174.49190246532217, -35.849541179647929 ], [ 174.491285039390391, -35.850070672631048 ], [ 174.490654269141345, -35.850589181591843 ], [ 174.490007284742887, -35.851094344934246 ], [ 174.489364231624592, -35.851602740043823 ], [ 174.488749302291893, -35.852138024519633 ], [ 174.488113174606923, -35.852662227435587 ], [ 174.487531425050975, -35.853218879562299 ], [ 174.486941536402355, -35.853765195907229 ], [ 174.48635234145533, -35.854307966424216 ], [ 174.48575991883834, -35.854853146785224 ], [ 174.485198255164079, -35.855421944002735 ], [ 174.48465110937363, -35.856000872949309 ], [ 174.484073273232354, -35.85655837199274 ], [ 174.48350938721731, -35.857125606391904 ], [ 174.482940722695758, -35.857689500958259 ], [ 174.482351682815278, -35.858239166917478 ], [ 174.4817682431013, -35.858792738795685 ], [ 174.481171517312561, -35.859337031355921 ], [ 174.480580663267745, -35.859885419432445 ], [ 174.479990748522198, -35.860435621009685 ], [ 174.479413147187273, -35.860994936954512 ], [ 174.478836706425056, -35.861554152505747 ], [ 174.478246907469497, -35.862104824778854 ], [ 174.477689673971184, -35.862675880005924 ], [ 174.477179521325041, -35.863276405322381 ], [ 174.476704951083263, -35.863898237686044 ], [ 174.476236654300351, -35.864516463321571 ], [ 174.475793708646194, -35.865149384289758 ], [ 174.475359681188905, -35.865785175028797 ], [ 174.47498402913115, -35.86644366409724 ], [ 174.474611997475648, -35.867105875153413 ], [ 174.474224017520726, -35.867762967375633 ], [ 174.473870386078687, -35.868432134535709 ], [ 174.463433708333355, -35.899066365697401 ], [ 174.462928923731454, -35.899653238605381 ] ] } },
{ "type": "Feature", "properties": { "group_id": "nzd0105" }, "geometry": { "type": "LineString", "coordinates": [ [ 173.766086238412782, -35.979300446215881 ], [ 173.765606991315479, -35.978683811207851 ], [ 173.765044751159309, -35.978115739710709 ], [ 173.764437486667134, -35.97757401215145 ], [ 173.763885004845974, -35.977000221092453 ], [ 173.763318337312995, -35.976434727088481 ], [ 173.762794426006991, -35.975844207603586 ], [ 173.762263079747129, -35.97525803462981 ], [ 173.761744209156603, -35.974664556434071 ], [ 173.761262643062224, -35.974049243127411 ], [ 173.760868768635333, -35.97338260784462 ], [ 173.760419366740621, -35.972748462874272 ], [ 173.759817578280689, -35.972203490889704 ], [ 173.759231615225701, -35.971648705516778 ], [ 173.758627271475916, -35.971103144355865 ], [ 173.758117329894048, -35.970502394706592 ], [ 173.757587202707924, -35.969915467607898 ], [ 173.757169673432344, -35.969261168059958 ], [ 173.756497617282463, -35.968759149226216 ], [ 173.755948981947085, -35.968183282530937 ], [ 173.755419390923265, -35.967596017159813 ], [ 173.754896472439299, -35.967004755206808 ], [ 173.754536968063405, -35.966315717209909 ], [ 173.75398032493672, -35.965744624209563 ], [ 173.753427082564599, -35.965171492129649 ], [ 173.752875036957903, -35.964597639635372 ], [ 173.752312529547766, -35.964030042115951 ], [ 173.751745961545538, -35.963464869676365 ], [ 173.751226794459456, -35.962871332654117 ], [ 173.750772316946211, -35.96223908712296 ], [ 173.750227383178526, -35.961660957715033 ], [ 173.749603720294942, -35.961129927948072 ], [ 173.749030222674634, -35.960568879621434 ], [ 173.748503841158822, -35.95997963717987 ], [ 173.748002510500044, -35.959375402349991 ], [ 173.747488213739985, -35.958778920812165 ], [ 173.746985819678684, -35.958175313465617 ], [ 173.746475946352575, -35.957576176619796 ], [ 173.745992800775866, -35.956961044046288 ], [ 173.745553423174186, -35.956319720401154 ], [ 173.745009017309542, -35.955741231464671 ], [ 173.744805511498697, -35.954958774467748 ], [ 173.743992644363829, -35.95454089985671 ], [ 173.74345099330904, -35.953960749595822 ], [ 173.742944449087616, -35.953359590293594 ], [ 173.742419040638396, -35.952769713225997 ], [ 173.741877589615996, -35.952189430178116 ], [ 173.741338699447397, -35.951607610580481 ], [ 173.740966141832985, -35.950926268482711 ], [ 173.740259033426128, -35.95044508648693 ], [ 173.7397573945766, -35.949840966063263 ], [ 173.739234554660896, -35.949249526009815 ], [ 173.738700291545513, -35.948664916166962 ], [ 173.738205096801465, -35.948056927071569 ], [ 173.737853995334973, -35.94736272125882 ], [ 173.737424141400254, -35.946715629153772 ], [ 173.736521285560087, -35.946351534138607 ], [ 173.735986119733894, -35.945767442536869 ], [ 173.735338866147742, -35.945250409157303 ], [ 173.734803908478284, -35.944666184257791 ], [ 173.734340926810773, -35.944038891480432 ], [ 173.733803805845014, -35.943455952160534 ], [ 173.733283312265144, -35.942863060236931 ], [ 173.732667821655525, -35.94232700100126 ], [ 173.732171788198656, -35.941719465783549 ], [ 173.731759089258048, -35.941062066767159 ], [ 173.73119283462259, -35.940496536426359 ], [ 173.730676635664764, -35.939901053164789 ], [ 173.730141006346855, -35.939317190808552 ], [ 173.729542080911017, -35.938771194391933 ], [ 173.728992007593234, -35.938195965174316 ], [ 173.728415244475286, -35.937636700145859 ], [ 173.727851689218426, -35.937069528425589 ], [ 173.72728986831828, -35.936501314646428 ], [ 173.726792912473542, -35.935894287668546 ], [ 173.726255130300046, -35.935311682758041 ], [ 173.725727234947527, -35.934723158182479 ], [ 173.725308912775205, -35.934069071387789 ], [ 173.724723101762891, -35.933515189156587 ], [ 173.724266788613221, -35.93288363563407 ], [ 173.72376847929084, -35.93227655961158 ], [ 173.723191373273067, -35.93171701094731 ], [ 173.72272795509619, -35.93108960160702 ], [ 173.722426419281334, -35.930364695294671 ], [ 173.721670029048539, -35.929913717356399 ], [ 173.721129595486275, -35.929332676732017 ], [ 173.720675494181592, -35.928699638936727 ], [ 173.720148866607616, -35.92811027508958 ], [ 173.719622805883546, -35.927520565513873 ], [ 173.719102733261451, -35.926927245304853 ], [ 173.718515860175131, -35.926374150754079 ], [ 173.717939802726846, -35.925814538185783 ], [ 173.717563112742511, -35.925134853987771 ], [ 173.716888004573462, -35.924634885209009 ], [ 173.716519141197693, -35.92395047878729 ], [ 173.715794038614746, -35.923480609970724 ], [ 173.715281752735478, -35.922882569860654 ], [ 173.714770633976769, -35.922283822512142 ], [ 173.714333147741797, -35.921640726294186 ], [ 173.713751772888827, -35.921084281335098 ], [ 173.713164837645536, -35.920531180665968 ], [ 173.712521270717616, -35.920012181344248 ], [ 173.712151043659304, -35.919328561805486 ], [ 173.711582489871034, -35.918764378039086 ], [ 173.71110659185257, -35.918144388914087 ], [ 173.710544727821485, -35.917576167622499 ], [ 173.710083286818957, -35.916947463179717 ], [ 173.70939423336975, -35.916455831686847 ], [ 173.708829260090823, -35.915889469783096 ], [ 173.708232582332471, -35.915342197108885 ], [ 173.707836472351488, -35.914674130676083 ], [ 173.707166926793377, -35.914170733058839 ], [ 173.706801831378044, -35.913483979779478 ], [ 173.706261176382185, -35.912902950760234 ], [ 173.705623311256801, -35.91238046100397 ], [ 173.705312124973233, -35.911661228321854 ], [ 173.704624750216908, -35.911168546674467 ], [ 173.70406336433922, -35.910599985167416 ], [ 173.703582834793508, -35.909982724581027 ], [ 173.703022211861651, -35.909413694913361 ], [ 173.702452823075021, -35.908849940001872 ], [ 173.702160833551403, -35.908119120177425 ], [ 173.701473245440155, -35.907626540983152 ], [ 173.700856999763033, -35.907090992012883 ], [ 173.700549332747613, -35.906369600820113 ], [ 173.699779724087193, -35.905926404318656 ], [ 173.699207035635112, -35.905364610447798 ], [ 173.698645173490149, -35.904796292216062 ], [ 173.698416493667935, -35.904027314816233 ], [ 173.69772077277787, -35.903539602921327 ], [ 173.697239024369253, -35.90292302422494 ], [ 173.696828436478796, -35.902263585474309 ], [ 173.696056067845149, -35.901822020594054 ], [ 173.695505946193379, -35.90124660575259 ], [ 173.694976626000567, -35.90065865918487 ], [ 173.694465020321161, -35.900060039961183 ], [ 173.693901507955729, -35.899492676436282 ], [ 173.693368236491551, -35.898907096422548 ], [ 173.692871574268707, -35.898299464688101 ], [ 173.692407734259149, -35.897672061860277 ], [ 173.692146150971979, -35.896922847625959 ], [ 173.691401198931032, -35.896464732628736 ], [ 173.690778379915798, -35.8959330597107 ], [ 173.690190663501767, -35.895380242292532 ], [ 173.689603737507269, -35.894826944448816 ], [ 173.689081045853925, -35.894234958138156 ], [ 173.688571483383697, -35.893635060639333 ], [ 173.688019202701469, -35.893060885154256 ], [ 173.687536198944855, -35.89244498439605 ], [ 173.687022177764504, -35.891847759036736 ], [ 173.686542924035166, -35.891229591140217 ], [ 173.685993138864347, -35.89065389542106 ], [ 173.685500777297506, -35.89004361282111 ], [ 173.68487763417366, -35.889512087132715 ], [ 173.684323393056985, -35.888939010766428 ], [ 173.683771284251577, -35.888363935319894 ], [ 173.683200045567446, -35.887800598099041 ], [ 173.682699377216551, -35.887195102392582 ], [ 173.682192353436506, -35.88659346338121 ], [ 173.681679719706665, -35.885995228181145 ], [ 173.68117260506358, -35.885393635717392 ], [ 173.6805616242724, -35.884855139343664 ], [ 173.680045183308039, -35.884259204155725 ], [ 173.679604263241828, -35.883617384424738 ], [ 173.679176901568837, -35.882967323252799 ], [ 173.678571702120706, -35.882425297509187 ], [ 173.678106802970177, -35.88179803240125 ], [ 173.677559686693797, -35.881220711414059 ], [ 173.677174365374128, -35.880545092437842 ], [ 173.676607932227398, -35.879979498254833 ], [ 173.676196958126695, -35.879319455025268 ], [ 173.67527004559102, -35.878972850335686 ], [ 173.675066923703156, -35.878186524726338 ], [ 173.674476523051197, -35.877635474031926 ], [ 173.673464847760016, -35.877340349926833 ], [ 173.67344638814015, -35.876441826693657 ], [ 173.673028963784162, -35.875785676198923 ], [ 173.672451633344281, -35.875226667874969 ], [ 173.671334408413202, -35.874995650039118 ], [ 173.670851589787759, -35.874379215502074 ] ] } },
{ "type": "Feature", "properties": { "group_id": "nzd0106" }, "geometry": { "type": "LineString", "coordinates": [ [ 174.461882687051883, -35.901817324762604 ], [ 174.462367479466678, -35.902489280328759 ], [ 174.462416907785155, -35.903228951180047 ], [ 174.462373205807779, -35.903961401640608 ], [ 174.462225722958806, -35.904697308589043 ], [ 174.462095225424861, -35.905419075506444 ], [ 174.461963390019321, -35.906140262407014 ], [ 174.46179751026915, -35.906856327643403 ], [ 174.461665374713164, -35.907571769739974 ], [ 174.461527654810794, -35.908289456454455 ], [ 174.46138977260577, -35.909008444385634 ], [ 174.461326098674334, -35.90973605825419 ], [ 174.461249533433573, -35.910464301657633 ], [ 174.46127254612901, -35.911195091515978 ], [ 174.461222449410798, -35.911921601186258 ], [ 174.461212994711616, -35.912649319527134 ], [ 174.461185770930257, -35.913376123285353 ], [ 174.461217765567937, -35.914101654566863 ], [ 174.46119329126617, -35.914827982991206 ], [ 174.461156925894187, -35.915556424678186 ], [ 174.461142682245878, -35.916284418826166 ], [ 174.461110125359653, -35.917012363247508 ], [ 174.461129635444564, -35.91773937683049 ], [ 174.461103481484287, -35.918466962489326 ], [ 174.461116112626428, -35.919194385744184 ], [ 174.461142851120144, -35.919921746244349 ], [ 174.461145246387787, -35.920649200648086 ], [ 174.461177926385261, -35.921376419031887 ], [ 174.461209658673624, -35.922103641042639 ], [ 174.461218685048095, -35.922830788649911 ], [ 174.461228280134577, -35.923556858917429 ], [ 174.461259042802453, -35.924282926227306 ], [ 174.461262478121569, -35.925011057953739 ], [ 174.461341493015254, -35.925736212448676 ], [ 174.461373389369129, -35.926462554477176 ], [ 174.461416965739488, -35.927188407403506 ], [ 174.461409047694588, -35.927917970558319 ], [ 174.461473418278899, -35.928643477148142 ], [ 174.461556043606464, -35.929367742139021 ], [ 174.461623924608119, -35.930092416152497 ], [ 174.461704076380016, -35.930816501883399 ], [ 174.46176282794741, -35.93154263284729 ], [ 174.461929439682223, -35.932260353955058 ], [ 174.462001721525354, -35.932982777742865 ], [ 174.462188400064321, -35.933692538968401 ], [ 174.462265977416678, -35.934418301718694 ], [ 174.462423156291806, -35.935134616344342 ], [ 174.462546493553333, -35.935853878153274 ], [ 174.462680548023286, -35.936570921026323 ], [ 174.46281390515054, -35.937289633703948 ], [ 174.462951830678833, -35.938008588854885 ], [ 174.463097166468316, -35.938726431669885 ], [ 174.463205321916348, -35.939449840777598 ], [ 174.463367383816546, -35.94016522594498 ], [ 174.463522317354034, -35.940881634887511 ], [ 174.463650070943345, -35.941602029660707 ], [ 174.463787328095833, -35.942321012392156 ], [ 174.463940599413235, -35.943038576097806 ], [ 174.464018270447724, -35.943764681588192 ], [ 174.464108863146521, -35.944488448527736 ], [ 174.464171260540866, -35.945215034524658 ], [ 174.464232549689314, -35.945941675774442 ], [ 174.464421733313003, -35.946655433005866 ], [ 174.46450395577429, -35.947379875221543 ], [ 174.46466091270986, -35.948097050680907 ], [ 174.464809286045352, -35.948815051673094 ], [ 174.464907853389292, -35.949533886045856 ], [ 174.465086723316006, -35.950240843054225 ], [ 174.465289434879651, -35.950948338908255 ], [ 174.465495315639146, -35.951656143568158 ], [ 174.465730897205248, -35.952357634917504 ], [ 174.465968227383996, -35.953055957160124 ], [ 174.466203258135749, -35.953755263815843 ], [ 174.466411022471476, -35.954463302775423 ], [ 174.466651513799775, -35.955163889036562 ], [ 174.466893280363905, -35.955864364948823 ], [ 174.467060535145777, -35.956581732318448 ], [ 174.467196863261989, -35.957305674643877 ], [ 174.467443441264351, -35.958004874031346 ], [ 174.467715188442696, -35.958698332579907 ], [ 174.467963677089671, -35.959394863111442 ] ] } },
{ "type": "Feature", "properties": { "group_id": "nzd0107" }, "geometry": { "type": "LineString", "coordinates": [ [ 174.486364208859669, -35.997402275809542 ], [ 174.486715234218025, -35.998067607618509 ], [ 174.487032843654049, -35.998745940359633 ], [ 174.487336389696736, -35.999430408104843 ], [ 174.487675241349223, -36.000103443825665 ], [ 174.48799190783734, -36.000783653651048 ], [ 174.488333755528345, -36.001455708120524 ], [ 174.488691083276507, -36.002122746895061 ], [ 174.489029160420188, -36.002796010036882 ], [ 174.489375364731615, -36.003466435686597 ], [ 174.489716995803661, -36.004138862013285 ], [ 174.490072766378972, -36.004806574415852 ], [ 174.490428040653086, -36.005474406022856 ], [ 174.490818176900461, -36.006128984969799 ], [ 174.491207118526177, -36.006784012329014 ], [ 174.491622595338498, -36.007428951145606 ], [ 174.492041725815739, -36.008072496100148 ], [ 174.492456555771071, -36.008717669677772 ], [ 174.492874310330109, -36.009359825801248 ], [ 174.493298755389787, -36.009992438240658 ], [ 174.493705371295704, -36.010635646382823 ], [ 174.494115624168813, -36.011282950808855 ], [ 174.494550726083958, -36.011918716390312 ], [ 174.494960294732152, -36.012566328144644 ], [ 174.495393089047468, -36.013203154573858 ], [ 174.495862145428589, -36.013823144870017 ], [ 174.49633987683174, -36.014437857960161 ], [ 174.496787654713046, -36.015065216865359 ], [ 174.497231718210202, -36.015695976012282 ], [ 174.497687341439047, -36.016322253153213 ], [ 174.498145383885429, -36.016947328368985 ], [ 174.498626746985735, -36.017560440000125 ], [ 174.499108259229473, -36.018170530574984 ], [ 174.49956513744894, -36.018794197876495 ], [ 174.5000417687138, -36.019410230038417 ], [ 174.500522474134016, -36.020024089933806 ], [ 174.500989755360735, -36.020645086967107 ], [ 174.501468956850147, -36.02126008092123 ], [ 174.501935997739253, -36.021883468165775 ], [ 174.502393336083173, -36.022510874116691 ], [ 174.502844148927466, -36.023139313160478 ], [ 174.503288143871373, -36.023771039325382 ], [ 174.50375035908209, -36.024393962553084 ], [ 174.50419573763125, -36.025020491071139 ], [ 174.504660649551568, -36.025637893304342 ], [ 174.5051557281665, -36.026244897056749 ], [ 174.505653567787732, -36.026851138189414 ], [ 174.506193737344176, -36.027431561525638 ], [ 174.506765165558107, -36.027990194631613 ], [ 174.50733649847578, -36.028552900925952 ], [ 174.507922009821215, -36.029107846128113 ], [ 174.508822499233474, -36.02940201330567 ] ] } },
{ "type": "Feature", "properties": { "group_id": "nzd0108" }, "geometry": { "type": "LineString", "coordinates": [ [ 173.859276886509917, -36.085950094503659 ], [ 173.858842853515455, -36.085308085866032 ], [ 173.858405477171914, -36.084668018731612 ], [ 173.857896582789181, -36.08406957613095 ], [ 173.857330507778045, -36.083504412630496 ], [ 173.856870832016739, -36.082877312056404 ], [ 173.856500046051053, -36.08219846599733 ], [ 173.855815865425683, -36.081702036031693 ], [ 173.855302535740435, -36.081106152826194 ], [ 173.854750871269971, -36.080532578989484 ], [ 173.854188322590971, -36.079965336124332 ], [ 173.853647646354204, -36.079385357341287 ], [ 173.853152341086002, -36.078778964717614 ], [ 173.852634953286525, -36.078185421361056 ], [ 173.85212876025318, -36.077585357328523 ], [ 173.851630507322682, -36.076980667078558 ], [ 173.851111392424826, -36.076388115649166 ], [ 173.850620552687985, -36.075779101415449 ], [ 173.850164649153868, -36.075149747080992 ], [ 173.849642487210247, -36.074558955895277 ], [ 173.849105371677666, -36.073976864421915 ], [ 173.848558277067696, -36.073400577092642 ], [ 173.848044118536365, -36.07280503529055 ], [ 173.847524468151164, -36.072212529149645 ], [ 173.847049671036132, -36.071593834972099 ], [ 173.846561155291823, -36.070983315781731 ], [ 173.845981801550181, -36.07042595041267 ], [ 173.84543000616506, -36.069852453471228 ], [ 173.844923071291788, -36.069252699820026 ], [ 173.844416513882919, -36.068652720831523 ], [ 173.843906462015269, -36.068054782347957 ], [ 173.843399101762884, -36.067455264291006 ], [ 173.842867739909991, -36.066869787488343 ], [ 173.842313508017554, -36.066297689741553 ], [ 173.841770314040645, -36.065719128177093 ], [ 173.841239731153678, -36.065133182189648 ], [ 173.840717409730956, -36.064542397173788 ], [ 173.840235326946498, -36.063928060163931 ], [ 173.839735820411505, -36.06332391503647 ], [ 173.83927642638821, -36.062696291658014 ], [ 173.838727162170045, -36.062121255774656 ], [ 173.838196744270817, -36.061535186598412 ], [ 173.837737552726054, -36.060907431375995 ], [ 173.837226854027364, -36.060309813652069 ], [ 173.83671553289426, -36.059712555732986 ], [ 173.836192986080789, -36.059121862640971 ], [ 173.835635039022264, -36.058551881324142 ], [ 173.835109397179451, -36.057962990558011 ], [ 173.834605599828279, -36.057361311962879 ], [ 173.834120152409156, -36.056748890536326 ], [ 173.833632419639343, -36.056137802035146 ], [ 173.833147857826958, -36.055524853423407 ], [ 173.832669379457883, -36.054908340301729 ], [ 173.832238078585704, -36.054264214272358 ], [ 173.831752476717497, -36.053651860873181 ], [ 173.831187482564729, -36.0530859637257 ], [ 173.830620093102226, -36.052521463847967 ], [ 173.829998753373985, -36.051988531283904 ], [ 173.829455920938756, -36.051409651621853 ], [ 173.828875370550975, -36.050852840067186 ], [ 173.828331862059798, -36.05027434712229 ], [ 173.827809394091588, -36.049683536826954 ], [ 173.827320450293001, -36.049073103751333 ], [ 173.826816776376745, -36.048471286289342 ], [ 173.826318538930394, -36.047866282954047 ], [ 173.825814647657012, -36.047264583794458 ], [ 173.825295600885539, -36.046671749205935 ], [ 173.824777335185729, -36.046078453092107 ], [ 173.824251336027487, -36.045489678166774 ], [ 173.823689092824992, -36.044922108844794 ], [ 173.823166915385997, -36.044331088562572 ], [ 173.822661553242853, -36.043730223517279 ], [ 173.822131272835975, -36.043143936216005 ], [ 173.821622670937273, -36.042544958194561 ], [ 173.821183994563, -36.041905055193112 ], [ 173.820699011408408, -36.041292246514686 ], [ 173.820253795590503, -36.040656161372297 ], [ 173.819869630674674, -36.039984344332794 ], [ 173.819206912140857, -36.039475533927366 ], [ 173.818645795913511, -36.03890726080715 ], [ 173.818117834633881, -36.038319580841126 ], [ 173.817575092741464, -36.037740546095627 ], [ 173.817028660753863, -36.037163666355937 ], [ 173.816522561045218, -36.036563179611882 ], [ 173.816087812031697, -36.035920933725308 ], [ 173.815529417942884, -36.035351040964677 ], [ 173.815027780412095, -36.034747929596243 ], [ 173.814515676322628, -36.034150938856364 ], [ 173.813946471029794, -36.03358735952623 ], [ 173.813396018005932, -36.033012801836648 ], [ 173.812893069548807, -36.032410439880721 ], [ 173.812411203322284, -36.031795736075736 ], [ 173.811911142133226, -36.031191675577986 ], [ 173.811378972752777, -36.030606400489972 ], [ 173.810919757665943, -36.029978427766082 ], [ 173.810494236367617, -36.029330732706228 ], [ 173.809849022781378, -36.028811598448108 ], [ 173.809317274329288, -36.028226059274544 ], [ 173.808816048352355, -36.027622653760986 ], [ 173.808336693452645, -36.02700644472349 ], [ 173.80791853371008, -36.026354419380588 ], [ 173.807299151259571, -36.025820146468014 ], [ 173.806772265284394, -36.025231739554528 ], [ 173.806165924497151, -36.024689825557388 ], [ 173.805636661564193, -36.024102800762698 ], [ 173.805221637181432, -36.023448918545448 ], [ 173.804749762392788, -36.022828300971995 ], [ 173.804123128183221, -36.022298245128134 ], [ 173.803582683527196, -36.021717746178993 ], [ 173.803093137575758, -36.021107456610025 ], [ 173.802622922169235, -36.020485850230443 ], [ 173.80206366368941, -36.019916347941262 ], [ 173.801539390819329, -36.01932636742459 ], [ 173.801000891034732, -36.018744708136104 ], [ 173.800461651200266, -36.018163477484279 ], [ 173.799975915695455, -36.017550931375752 ], [ 173.799445630069215, -36.016964451798984 ], [ 173.798924105355269, -36.016372840847822 ], [ 173.798391098288164, -36.015787944992788 ], [ 173.797823583454573, -36.015223238809511 ], [ 173.797295743221184, -36.014635310411244 ], [ 173.796848256214389, -36.014000354456904 ], [ 173.79630654213301, -36.013420536239046 ], [ 173.795790039864158, -36.012825959488822 ], [ 173.795299834048677, -36.012215989460536 ], [ 173.794781688581878, -36.011622365437582 ], [ 173.794228037288661, -36.011049515194244 ], [ 173.793675593134736, -36.010475954070877 ], [ 173.793192736584672, -36.009861665467334 ], [ 173.792741675703724, -36.009228765359985 ], [ 173.792203797853091, -36.008646666663623 ], [ 173.791642851347035, -36.008078063445076 ], [ 173.791084785489659, -36.007507769990923 ], [ 173.790532698799183, -36.006933973038393 ], [ 173.790039999596871, -36.006325417780687 ], [ 173.789567488144456, -36.005705044074645 ], [ 173.789081528477368, -36.005092535877182 ], [ 173.788615993521404, -36.004468070520566 ], [ 173.788269355316885, -36.003774021124769 ], [ 173.787647955523255, -36.003240760400985 ], [ 173.787012987359162, -36.002715435382633 ], [ 173.786467406934435, -36.00213779546123 ], [ 173.785888687036248, -36.001579544516332 ], [ 173.785382083628349, -36.000979086108572 ], [ 173.784919452292115, -36.00035289050259 ], [ 173.784399972494725, -35.999759958554719 ], [ 173.783891224652052, -35.999160741749165 ], [ 173.783436832064183, -35.998529711364512 ], [ 173.78290890909264, -35.997941707114421 ], [ 173.782445206112271, -35.99731611631163 ], [ 173.78179555230497, -35.996799341093237 ], [ 173.781231095794084, -35.996232703201052 ], [ 173.780684690251746, -35.995655497304085 ], [ 173.780082676079019, -35.995110829426636 ], [ 173.779533113519648, -35.99453546211096 ], [ 173.779004996891302, -35.993947540096833 ], [ 173.778490084447469, -35.993351886497763 ], [ 173.777986130516183, -35.992749815486704 ], [ 173.77747742588798, -35.992150520163342 ], [ 173.776947625432541, -35.991563565782855 ], [ 173.776472232107579, -35.990944767627767 ], [ 173.775909461171949, -35.990377098874042 ], [ 173.775289891804732, -35.98984266431318 ], [ 173.774852336927523, -35.989201709687492 ], [ 173.774368700505079, -35.988587717689974 ], [ 173.773824541777884, -35.988009139218576 ], [ 173.773302756648945, -35.987417463162302 ], [ 173.772745278689627, -35.986846670282681 ], [ 173.772217777625713, -35.986258330341116 ], [ 173.771647927531603, -35.985694768780647 ], [ 173.771089517240881, -35.985124508138341 ], [ 173.770573412070007, -35.9845294859647 ], [ 173.770115630170892, -35.983900328358914 ], [ 173.769534054342273, -35.983343610975098 ], [ 173.769041744160319, -35.982734650576049 ], [ 173.768539337200394, -35.98213159439986 ], [ 173.768034396500951, -35.981530016534442 ], [ 173.767557330864889, -35.980912121603652 ], [ 173.76705934746775, -35.980306463392978 ], [ 173.766497509529529, -35.979738168755233 ] ] } },
{ "type": "Feature", "properties": { "group_id": "nzd0109" }, "geometry": { "type": "LineString", "coordinates": [ [ 174.532161055011642, -36.043176992933368 ], [ 174.53278375457748, -36.043693892275805 ], [ 174.533380903674953, -36.044220437336378 ], [ 174.533989462238935, -36.04468656804422 ], [ 174.534684852542767, -36.045112167634166 ], [ 174.535420975368993, -36.045554814319054 ], [ 174.536131459350599, -36.046004231441017 ], [ 174.536829486416508, -36.046425830953289 ], [ 174.537555989946242, -36.046814486482724 ], [ 174.538359661722552, -36.047144488579555 ], [ 174.539164104980898, -36.047447936143556 ], [ 174.539935861093113, -36.04770330664001 ], [ 174.540726494400019, -36.047825669543549 ], [ 174.541487039305537, -36.04785232795534 ], [ 174.542264539943034, -36.047893856189674 ], [ 174.543079174810458, -36.047648474251375 ], [ 174.543949516736546, -36.047390340322458 ] ] } },
{ "type": "Feature", "properties": { "group_id": "nzd0110" }, "geometry": { "type": "LineString", "coordinates": [ [ 174.546340075350884, -36.04664948478473 ], [ 174.547109468507841, -36.047027029297432 ], [ 174.547921303445889, -36.047309677953137 ], [ 174.548771896569889, -36.047504040981316 ], [ 174.549625889407537, -36.047713291755755 ], [ 174.550505122201997, -36.047835898557963 ], [ 174.551380948495506, -36.047961592593822 ], [ 174.552253867587211, -36.04798932627061 ], [ 174.553128510961614, -36.047938701856111 ] ] } },
{ "type": "Feature", "properties": { "group_id": "nzd0111" }, "geometry": { "type": "LineString", "coordinates": [ [ 174.564759286170442, -36.047975719257899 ], [ 174.565622306610635, -36.048193631457266 ], [ 174.56650075670197, -36.048318103058229 ], [ 174.5673804111685, -36.048380143871093 ], [ 174.568259735870782, -36.048473485336601 ], [ 174.569139873089313, -36.048363834802799 ] ] } },
{ "type": "Feature", "properties": { "group_id": "nzd0112" }, "geometry": { "type": "LineString", "coordinates": [ [ 174.592896254121683, -36.068694681082576 ], [ 174.592957080419694, -36.069433061593223 ], [ 174.593172078339194, -36.070138158278276 ], [ 174.593424728185596, -36.070835121677582 ], [ 174.593681612146014, -36.071546639902607 ], [ 174.593989718663835, -36.072254963565356 ], [ 174.59432221434588, -36.072943800337185 ], [ 174.594673401121383, -36.073612336363027 ], [ 174.595020296464924, -36.074282197149216 ], [ 174.595413090637607, -36.074931987901707 ], [ 174.59580343666147, -36.075583332122505 ], [ 174.596196402011259, -36.076236834788034 ], [ 174.596521460340909, -36.076914314335639 ], [ 174.596929379912382, -36.077564956271942 ], [ 174.597309893799576, -36.078230232091236 ], [ 174.597697343369362, -36.078891003205726 ], [ 174.59806940161306, -36.079552530130222 ], [ 174.598488172880394, -36.080203996831521 ], [ 174.598902412986291, -36.080863243315633 ], [ 174.599244325889714, -36.081552519672535 ] ] } },
{ "type": "Feature", "properties": { "group_id": "nzd0113" }, "geometry": { "type": "LineString", "coordinates": [ [ 174.598464501806632, -36.083900817664997 ], [ 174.598771343395981, -36.084604971703371 ], [ 174.599239918640052, -36.085224570571562 ], [ 174.599647106134881, -36.085876256464168 ], [ 174.600042490913808, -36.086534004364907 ], [ 174.600393550440344, -36.087195099486038 ], [ 174.600708752823436, -36.087863662763937 ], [ 174.601028251908588, -36.088549170547523 ], [ 174.601408875115794, -36.089203933590568 ], [ 174.601738943648257, -36.089837577201799 ], [ 174.602076849866336, -36.090470623304888 ], [ 174.602389816591653, -36.091151143388991 ], [ 174.602738051479577, -36.091820450423945 ], [ 174.603100948735459, -36.092485092355041 ], [ 174.603476510690655, -36.093145703986849 ], [ 174.603828690404868, -36.093813739977584 ], [ 174.604230471326844, -36.094466008333214 ], [ 174.604573356689457, -36.095136986138336 ], [ 174.604944260794326, -36.095805147020279 ], [ 174.605281188746488, -36.09648690570004 ], [ 174.605623327960728, -36.097161077184282 ], [ 174.60594747248507, -36.097838930528354 ], [ 174.606343926045867, -36.098490807919902 ], [ 174.60667488363228, -36.099166202973471 ], [ 174.607040401577564, -36.099829179800672 ], [ 174.607371619879189, -36.100504469864589 ], [ 174.607739690550687, -36.101166518561044 ], [ 174.608052272511799, -36.101848490577979 ], [ 174.608387032083243, -36.102522561889842 ], [ 174.608722621972021, -36.103196880212806 ], [ 174.609110267543571, -36.103852370329783 ], [ 174.609478417421684, -36.104514357020022 ], [ 174.609820407574944, -36.105185792483127 ], [ 174.610198982442455, -36.105844000193734 ], [ 174.610571073599061, -36.106504545555076 ], [ 174.610876404952478, -36.107189212892109 ], [ 174.611214236480635, -36.107862128675954 ], [ 174.611569090104183, -36.108528886877458 ], [ 174.611967684259213, -36.109179831290675 ], [ 174.612320009551297, -36.109847491976517 ], [ 174.612684668867104, -36.110529044442323 ], [ 174.613026061595804, -36.111230558998344 ], [ 174.613446723596098, -36.111879802060244 ], [ 174.613865390268131, -36.112522288271428 ], [ 174.614259546865213, -36.113165208355937 ], [ 174.614665908334615, -36.113776816508967 ], [ 174.615061016659638, -36.114405883360945 ], [ 174.615487161098343, -36.115047123544933 ], [ 174.615917467161751, -36.115686874514346 ], [ 174.616350066750385, -36.116325802218505 ], [ 174.616762003792218, -36.116972090205252 ], [ 174.617165974685406, -36.11762121237804 ], [ 174.617587765504993, -36.118263976327434 ], [ 174.618056416782395, -36.118890029436933 ], [ 174.618475816683571, -36.119534819651783 ], [ 174.618898620934601, -36.120175938440759 ], [ 174.61929674923806, -36.120827892390999 ], [ 174.619748354519004, -36.121455156965382 ], [ 174.620179190642062, -36.122091917576924 ], [ 174.620637465177452, -36.122716120923229 ], [ 174.621070372675803, -36.123351923667634 ], [ 174.621460434372977, -36.124007321683564 ], [ 174.621854947184147, -36.124660678272036 ], [ 174.622279694016157, -36.125299779884394 ], [ 174.622703714787917, -36.125938001142799 ], [ 174.623092695916853, -36.12659171193787 ], [ 174.623520994805176, -36.12722946794635 ], [ 174.623945231865889, -36.127868972692646 ], [ 174.624366611953945, -36.128510192754511 ], [ 174.624796390016172, -36.129148567827592 ], [ 174.625213553607892, -36.129792431953469 ], [ 174.625664945977462, -36.130419711273269 ], [ 174.62610693063283, -36.131051300907998 ], [ 174.626515446896889, -36.13169823779068 ], [ 174.626942011296904, -36.132336890605224 ], [ 174.627376069207514, -36.132972100910898 ], [ 174.62781722968441, -36.133604048047495 ], [ 174.628261199331632, -36.134234701450559 ], [ 174.628751629917559, -36.13484403756631 ], [ 174.629218794124199, -36.135464524466883 ], [ 174.629685533292303, -36.136084841605751 ], [ 174.630124262279395, -36.136721183926973 ], [ 174.630567736449308, -36.137354594195514 ], [ 174.631017768124025, -36.137984432167485 ], [ 174.631466032234272, -36.138615227037896 ], [ 174.631912330250458, -36.139241985271262 ], [ 174.632354735325322, -36.139858927373218 ], [ 174.632804110761015, -36.140478230232993 ], [ 174.633246727529013, -36.141109548166789 ], [ 174.633696841684298, -36.141737555318201 ], [ 174.63416475380788, -36.142357710213226 ], [ 174.63463602243462, -36.142976380019178 ], [ 174.635083522140121, -36.143605524209576 ], [ 174.635560613714517, -36.144221616261426 ], [ 174.636060073950091, -36.144827840833678 ], [ 174.636438653101948, -36.145486792453525 ], [ 174.636871780744315, -36.146125476448603 ], [ 174.637311875554417, -36.146762411346735 ], [ 174.637889935393616, -36.14732109933599 ], [ 174.638425442155352, -36.14790379755928 ], [ 174.638896830046946, -36.148522508789931 ], [ 174.639398722892508, -36.149123957979768 ], [ 174.639915854777513, -36.149717048816619 ], [ 174.640411007533373, -36.150322396619124 ], [ 174.640867795894678, -36.150949142276829 ], [ 174.641320577555518, -36.151578118505554 ], [ 174.641780347076406, -36.152203191744036 ], [ 174.642231439066393, -36.152833101271163 ], [ 174.64270376995546, -36.153446764646219 ], [ 174.643184532083239, -36.154054286056443 ], [ 174.643709354224001, -36.154643352090162 ], [ 174.644205590934007, -36.155247996995776 ], [ 174.644688002140498, -36.155862060239144 ], [ 174.645174919319601, -36.156475377677445 ], [ 174.645668847819451, -36.157082954591949 ], [ 174.646165094525827, -36.157687676333772 ], [ 174.646686038877505, -36.158293244039044 ], [ 174.647226603919847, -36.15889302396873 ], [ 174.647799926615136, -36.159452626847759 ] ] } },
{ "type": "Feature", "properties": { "group_id": "nzd0114" }, "geometry": { "type": "LineString", "coordinates": [ [ 175.424802490155287, -36.116162350274799 ], [ 175.424414582052265, -36.116818208570372 ], [ 175.42409008642008, -36.117494899363962 ], [ 175.423770750408323, -36.118173279928612 ], [ 175.423461133561688, -36.118912187569229 ], [ 175.42316661343321, -36.119699546690534 ], [ 175.42294821760575, -36.120458420110374 ], [ 175.422810379218532, -36.121175963266509 ], [ 175.422746589820974, -36.121900336376527 ], [ 175.4226483185424, -36.122621519335596 ], [ 175.422629838230137, -36.123350062181778 ], [ 175.422591917907425, -36.124076803537164 ], [ 175.422627843565408, -36.124874358589871 ], [ 175.422825125778246, -36.125665357532462 ], [ 175.422890302602269, -36.126423245633937 ], [ 175.423042708686438, -36.127139699162335 ], [ 175.423245180156584, -36.12784651442734 ], [ 175.423449679931792, -36.128552933086659 ], [ 175.423680827061759, -36.129254218812967 ], [ 175.423936253431577, -36.129950827196929 ], [ 175.424264886536406, -36.130633345272365 ], [ 175.424557168437104, -36.131322850365912 ], [ 175.424846244942898, -36.132012965719916 ], [ 175.425159028244337, -36.132718039123681 ], [ 175.425535009353155, -36.133401547625859 ], [ 175.425931017780727, -36.134055853111875 ], [ 175.426315023598164, -36.134714692878859 ], [ 175.42667503553389, -36.135384815455346 ], [ 175.427111232200588, -36.136019091530692 ], [ 175.427523463205603, -36.13666463718851 ], [ 175.427914190482795, -36.137326523126077 ], [ 175.42822744530082, -36.138044279324248 ], [ 175.428365823898702, -36.138862295079065 ], [ 175.428421392158214, -36.139709689045539 ], [ 175.428491608840716, -36.140549007118452 ], [ 175.429007354315161, -36.141142927371256 ], [ 175.430557514897686, -36.141167090891066 ], [ 175.430962970355665, -36.141821749594286 ] ] } },
{ "type": "Feature", "properties": { "group_id": "nzd0115" }, "geometry": { "type": "LineString", "coordinates": [ [ 173.948202681585258, -36.194712938256558 ], [ 173.947766380337072, -36.194079132037231 ], [ 173.947309175629073, -36.193455075892203 ], [ 173.946825458367499, -36.192843387469196 ], [ 173.946346922650264, -36.192229275881715 ], [ 173.945859004067842, -36.191619537994335 ], [ 173.945388488127634, -36.191001673647996 ], [ 173.944917887906911, -36.190383843573329 ], [ 173.944497786168654, -36.189742441972832 ], [ 173.944018384242781, -36.189128709328571 ], [ 173.94354189600466, -36.188513611873503 ], [ 173.943072231727598, -36.187895324772967 ], [ 173.94258526798572, -36.187285105875745 ], [ 173.942083587976413, -36.186681749656131 ], [ 173.941586968406625, -36.18607602678091 ], [ 173.94109241803227, -36.185469333196451 ], [ 173.940607096639326, -36.184858327605284 ], [ 173.940158091545698, -36.184230369007558 ], [ 173.939676757319774, -36.183617492584297 ], [ 173.939209648624086, -36.182997972384783 ], [ 173.938764604090011, -36.182368150297386 ], [ 173.938318774254441, -36.181738689620047 ], [ 173.937827980391376, -36.181130207560315 ], [ 173.937331356853832, -36.180524441011727 ], [ 173.936855810686325, -36.179908833084447 ], [ 173.936388753041484, -36.179289258702227 ], [ 173.935913471226115, -36.178673517290036 ], [ 173.935463346622811, -36.178046030527213 ], [ 173.934969539424088, -36.177438924368055 ], [ 173.934483542200866, -36.176828168411937 ], [ 173.934014815394193, -36.176209347693913 ], [ 173.933561268396488, -36.175583437847678 ], [ 173.933070478153638, -36.174974903510147 ], [ 173.932578596314897, -36.174366873533344 ], [ 173.932065769513628, -36.17376861301377 ], [ 173.931570338018474, -36.173162229447627 ], [ 173.931109731447805, -36.172539588863373 ], [ 173.930666114008147, -36.171909014789065 ], [ 173.930188133464412, -36.171294472106531 ], [ 173.929683836690032, -36.170692205528972 ], [ 173.929203313150538, -36.17007883948434 ], [ 173.92872575798242, -36.169464083113098 ], [ 173.928239153554983, -36.168853544756033 ], [ 173.92776246191147, -36.168238375281867 ], [ 173.927268804501921, -36.167631118262499 ], [ 173.926791942433709, -36.16701601820489 ], [ 173.926307816861708, -36.166404302789473 ], [ 173.925826162041943, -36.165791429275487 ], [ 173.925329921640554, -36.165185357434211 ], [ 173.924854280002592, -36.164569667599444 ], [ 173.92439035356827, -36.163948505510284 ], [ 173.923880793140512, -36.16334863461671 ], [ 173.923393194450483, -36.162738509663953 ], [ 173.922927360254533, -36.162118222711207 ], [ 173.922437180769151, -36.161509292034509 ], [ 173.921958427855429, -36.160895023806582 ], [ 173.921469862778963, -36.160285329607731 ], [ 173.921003976467944, -36.159665046747641 ], [ 173.92048546924363, -36.159069315663032 ], [ 173.919988599196131, -36.158463481996208 ], [ 173.919497278646304, -36.157855053462221 ], [ 173.91901792516984, -36.157241035152246 ], [ 173.918555038467787, -36.156619327176053 ], [ 173.918183073784121, -36.155955183151654 ], [ 173.917767026735305, -36.155311606114132 ], [ 173.917156022904436, -36.154759005512979 ], [ 173.916596473953234, -36.154182387020924 ], [ 173.916135039600476, -36.153559975993076 ], [ 173.915580476595579, -36.152981020505415 ], [ 173.915102519377996, -36.152433996481513 ], [ 173.914680661807921, -36.151894468000812 ], [ 173.914247534470888, -36.15128699497928 ], [ 173.913762460960328, -36.150675182217284 ], [ 173.913264935812492, -36.150070612417423 ], [ 173.912802985500463, -36.149445331879711 ], [ 173.912246951377227, -36.148874808175705 ], [ 173.911773176758004, -36.148256401014486 ], [ 173.911257679042961, -36.147662274243153 ], [ 173.910738062608175, -36.147070540305307 ], [ 173.910236316217038, -36.146468400666492 ], [ 173.909709377122851, -36.145880919950983 ], [ 173.90917645103633, -36.145296919494378 ], [ 173.908702391016135, -36.14467865163855 ], [ 173.908159284646473, -36.144100567691055 ], [ 173.907686349563562, -36.143481636123695 ], [ 173.907256466535898, -36.142837641561805 ], [ 173.906764742229569, -36.142229637267071 ], [ 173.906199759944798, -36.141664268433608 ], [ 173.905697420819905, -36.141062433595003 ], [ 173.905204483363008, -36.140455122030886 ], [ 173.904711127526667, -36.139848049511109 ], [ 173.904214731395172, -36.139242742129937 ], [ 173.903697136109685, -36.138649769309019 ], [ 173.90318247864775, -36.138055082057697 ], [ 173.902670604823356, -36.137458770119601 ], [ 173.902187237306322, -36.136845861523824 ], [ 173.901661758460335, -36.13625745950997 ], [ 173.901149624935158, -36.135661285341577 ], [ 173.900657059389914, -36.135053717088219 ], [ 173.900142382511092, -36.134459014362193 ], [ 173.899683588870346, -36.133831780061712 ], [ 173.899210780067932, -36.133212698848801 ], [ 173.898729954421896, -36.13259827939568 ], [ 173.898206707953193, -36.132008546798055 ], [ 173.897710280945091, -36.131403199284996 ], [ 173.897183749082188, -36.130815370053035 ], [ 173.896695049209228, -36.130205515972868 ], [ 173.896187191018186, -36.129606808667063 ], [ 173.895673406397663, -36.129011546423229 ], [ 173.895126843612502, -36.128435358503793 ], [ 173.894628856227826, -36.127830892436293 ], [ 173.89415768943573, -36.127210810745154 ], [ 173.893674898428088, -36.126597490536724 ], [ 173.893196367786345, -36.125981686054601 ], [ 173.892710000958346, -36.125370438218049 ], [ 173.892242786284015, -36.124748038171894 ], [ 173.891763965902072, -36.124132388862414 ], [ 173.891192166356831, -36.123570854716242 ], [ 173.890620361541949, -36.123009319132294 ], [ 173.890090948329686, -36.122423104586368 ], [ 173.889556567090153, -36.121839777269322 ], [ 173.88907404524096, -36.12122626019373 ], [ 173.888639954174948, -36.120584548922679 ], [ 173.888118676750537, -36.119993581015002 ], [ 173.887600103810172, -36.119401034468638 ], [ 173.887064270882945, -36.118818529846571 ], [ 173.886531758475257, -36.118234088012628 ], [ 173.886037056069426, -36.117627633953525 ], [ 173.885558026187311, -36.117012053029434 ], [ 173.885053652147775, -36.116411219522838 ], [ 173.884566406083451, -36.115800411979968 ], [ 173.884058061356512, -36.115201880733203 ], [ 173.88354960362193, -36.114603410801251 ], [ 173.883058878600167, -36.113994614823113 ], [ 173.882519570026972, -36.113414093143817 ], [ 173.882095615525571, -36.112766423427409 ], [ 173.881591068907255, -36.112165659100846 ], [ 173.881071881526907, -36.111573412205594 ], [ 173.880580963939821, -36.110964705948888 ], [ 173.880076260941735, -36.110364019252394 ], [ 173.879564836381206, -36.109767240492999 ], [ 173.879033830280036, -36.109181855044653 ], [ 173.878535058673322, -36.108577702494458 ], [ 173.878068754316132, -36.107954647327411 ], [ 173.877569132456074, -36.107350980734836 ], [ 173.877082184572259, -36.106739932544386 ], [ 173.87658885880208, -36.106132592249537 ], [ 173.876064143837453, -36.105543518187531 ], [ 173.875508444956949, -36.104972474451834 ], [ 173.874977916620793, -36.104386775250241 ], [ 173.874522782874266, -36.103757186707249 ], [ 173.873997541123316, -36.103168401433223 ], [ 173.873474629665566, -36.10257825530563 ], [ 173.873039556282237, -36.101936976759774 ], [ 173.872705929897393, -36.10123664401025 ], [ 173.872215948976162, -36.100627316481209 ], [ 173.871606693026479, -36.100087411428262 ], [ 173.871031146473314, -36.099527880478199 ], [ 173.870517898243861, -36.098932082897647 ], [ 173.869936598210188, -36.098375891922856 ], [ 173.869370637315797, -36.09781076796191 ], [ 173.868818214061434, -36.097237759649275 ], [ 173.868276936901083, -36.096658259053939 ], [ 173.867773959443696, -36.096056460883744 ], [ 173.867282445430021, -36.095447985713726 ], [ 173.866844986310213, -36.094808042242398 ], [ 173.866385821916197, -36.09418072825855 ], [ 173.865868703956693, -36.093587143003958 ], [ 173.865381951339572, -36.092975878424525 ], [ 173.86487139474076, -36.092378465051411 ], [ 173.86434955432685, -36.09178761523421 ], [ 173.86384028156948, -36.091189445649938 ], [ 173.863298503502762, -36.090610192104776 ], [ 173.862727884755088, -36.090047721482925 ], [ 173.862198905503192, -36.089461009152302 ], [ 173.861674239860804, -36.088871781526628 ], [ 173.861209967714842, -36.08824739600071 ], [ 173.860708690033704, -36.087644545937927 ], [ 173.860210928187939, -36.087039644931593 ], [ 173.859676096983577, -36.086456316588766 ] ] } },
{ "type": "Feature", "properties": { "group_id": "nzd0116" }, "geometry": { "type": "LineString", "coordinates": [ [ 175.440379037165997, -36.148080205861056 ], [ 175.440995159725645, -36.148659854854941 ], [ 175.441753842404182, -36.149048412800596 ] ] } },
{ "type": "Feature", "properties": { "group_id": "nzd0117" }, "geometry": { "type": "LineString", "coordinates": [ [ 175.44677002455893, -36.151973535730193 ], [ 175.447484296174537, -36.15256583155179 ], [ 175.44835914395648, -36.152736042418162 ] ] } },
{ "type": "Feature", "properties": { "group_id": "nzd0118" }, "geometry": { "type": "LineString", "coordinates": [ [ 175.4843269856608, -36.168523856932367 ], [ 175.485210892026231, -36.168663131645182 ], [ 175.486087427599017, -36.168698980958858 ], [ 175.486947716789814, -36.16866664335447 ], [ 175.487826482614963, -36.168625777636784 ], [ 175.488674133970392, -36.16845156687117 ], [ 175.489495435287949, -36.168167057646443 ] ] } },
{ "type": "Feature", "properties": { "group_id": "nzd0119" }, "geometry": { "type": "LineString", "coordinates": [ [ 174.65106367302343, -36.165344311871202 ], [ 174.651192701461781, -36.166065232925256 ], [ 174.651494214348503, -36.166769477592986 ], [ 174.651870142892307, -36.167447566176314 ], [ 174.652302805893839, -36.168088143885406 ], [ 174.652737010909448, -36.168724914257773 ], [ 174.653147328483982, -36.169370620614572 ], [ 174.653579763805055, -36.170007805586039 ], [ 174.654012418100962, -36.170640616045837 ], [ 174.654428302574303, -36.171280576779708 ], [ 174.654889926705835, -36.171902778113747 ], [ 174.655303877239049, -36.172546979431758 ], [ 174.655739300927308, -36.173181264073051 ], [ 174.656146227513403, -36.173828395671869 ], [ 174.656593082260144, -36.174456199140401 ], [ 174.657037529764494, -36.175086516059061 ], [ 174.657507512105241, -36.175704520806434 ], [ 174.657967921178823, -36.176327428271577 ], [ 174.658432238227419, -36.176948481222283 ], [ 174.658900285008002, -36.177569081704917 ], [ 174.659392751281558, -36.178177519115977 ], [ 174.659869558371014, -36.178791709839857 ], [ 174.660383981641957, -36.179383572608664 ], [ 174.660879886420787, -36.179988165749783 ], [ 174.661373203752987, -36.180594174382911 ], [ 174.661849809161453, -36.181209350931162 ], [ 174.662351993543751, -36.181810483420058 ], [ 174.662850747389228, -36.182413494142466 ], [ 174.663370536227887, -36.183001503209823 ], [ 174.663888018113425, -36.183593660986844 ], [ 174.664400600899029, -36.184191915914035 ], [ 174.6649322818119, -36.184769554735517 ], [ 174.665439227931557, -36.185355918905202 ], [ 174.665934541638251, -36.18596345925755 ], [ 174.69679131984708, -36.217049090431935 ], [ 174.697391578179321, -36.217588247596652 ], [ 174.697991232019092, -36.218127076253424 ], [ 174.698585505471272, -36.218670028527789 ], [ 174.699184970170592, -36.219209736467505 ], [ 174.699792444988191, -36.219743551690662 ], [ 174.700394707483639, -36.220281195186963 ], [ 174.70097900326769, -36.220832043898398 ], [ 174.701571626234369, -36.221376766795295 ], [ 174.702155862018486, -36.221927652149375 ], [ 174.702761198050837, -36.222463020985202 ], [ 174.703350678301604, -36.223010043151625 ], [ 174.703942747869519, -36.223555157920899 ], [ 174.704545469422897, -36.22409243763007 ], [ 174.705154667728607, -36.224624951869131 ], [ 174.705721882215641, -36.225188328828672 ], [ 174.706309009647413, -36.225737062076512 ], [ 174.706913656023033, -36.226272750090594 ], [ 174.707512182820921, -36.226813045551737 ], [ 174.708122208904683, -36.227344940445633 ], [ 174.708751419300427, -36.227862176292632 ], [ 174.709376838834288, -36.228382315267524 ], [ 174.710000962580665, -36.2289031113269 ], [ 174.710605847372278, -36.229437308121497 ], [ 174.711234815693047, -36.229953621595136 ], [ 174.711855696490005, -36.230478178310918 ], [ 174.712489353818114, -36.230991993193591 ], [ 174.713114386688261, -36.231513053614101 ], [ 174.713744754872209, -36.232029626466506 ], [ 174.714373024640423, -36.232547959765625 ], [ 174.714980896997389, -36.233082957495917 ], [ 174.715585801263273, -36.233618372349071 ], [ 174.71619826934392, -36.234147420529951 ], [ 174.716825143718694, -36.234666339756302 ], [ 174.717441937036966, -36.235193263139365 ], [ 174.718054492851593, -36.235723549016441 ], [ 174.718660298434799, -36.236256286633747 ], [ 174.71927256135271, -36.236781091872174 ], [ 174.719912055124126, -36.237290138770724 ], [ 174.720515457620508, -36.237826914858275 ], [ 174.72115572343327, -36.238337474406208 ], [ 174.721772008826235, -36.238861625722095 ], [ 174.722408023163837, -36.239368213490962 ], [ 174.72304853904393, -36.239877133768609 ], [ 174.723659655962649, -36.240413636565378 ], [ 174.724274539752884, -36.240946685804083 ], [ 174.724923991899402, -36.241448064721901 ], [ 174.725513786753993, -36.242004091914687 ], [ 174.725904986616143, -36.24274204580226 ], [ 174.726756460848179, -36.243058347236463 ], [ 174.727507887801636, -36.243466296403085 ], [ 174.728207319655127, -36.243917090184119 ], [ 174.728845790455125, -36.244397113020412 ], [ 174.729502782173284, -36.244883862475753 ], [ 174.730170364935788, -36.245383540516499 ], [ 174.730798219358917, -36.245898423572896 ], [ 174.731394999974867, -36.246402064510036 ], [ 174.732041506262846, -36.246886743052777 ], [ 174.73268819996926, -36.247395585049574 ], [ 174.73331029079705, -36.247929722707873 ], [ 174.734021907218249, -36.248371803088688 ], [ 174.734691280001215, -36.248856618414109 ], [ 174.735374200627092, -36.249325943673902 ], [ 174.736054676808692, -36.249798136068186 ], [ 174.736738891570923, -36.250267492970281 ], [ 174.737406435924186, -36.250752915766022 ], [ 174.738081537835882, -36.251231036050044 ], [ 174.738779889264833, -36.251686747330659 ], [ 174.739473354743211, -36.252147176666561 ], [ 174.740149568397726, -36.25262422700915 ], [ 174.740834588753017, -36.253092788322107 ], [ 174.741520343000815, -36.253560639568441 ], [ 174.742212305918855, -36.254022559877747 ], [ 174.742928189297999, -36.254460582564192 ], [ 174.743593810347107, -36.25495463340512 ], [ 174.744325755750538, -36.255374488956896 ], [ 174.745040505140594, -36.255813762185284 ], [ 174.745740358124834, -36.256269856320422 ], [ 174.746455526591291, -36.256707903256434 ], [ 174.747187129623285, -36.2571260060773 ], [ 174.747913107965786, -36.257551313361702 ], [ 174.748704748721934, -36.25790703755456 ], [ 174.749468119200486, -36.258273871459586 ], [ 174.750287647144916, -36.258547899970793 ], [ 174.751048081133973, -36.258945102070541 ] ] } },
{ "type": "Feature", "properties": { "group_id": "nzd0120" }, "geometry": { "type": "LineString", "coordinates": [ [ 175.48130021211108, -36.249642105528501 ], [ 175.481806710719781, -36.250228274835933 ], [ 175.482314221889425, -36.250827112702702 ], [ 175.482773584984585, -36.251455623382938 ], [ 175.483237969801024, -36.252081825255807 ], [ 175.483783810124692, -36.252661264637261 ], [ 175.484476718626865, -36.253129001747809 ], [ 175.485247286263615, -36.253507576208264 ], [ 175.485967214490103, -36.253816849158866 ], [ 175.486760530981115, -36.254098886466927 ] ] } },
{ "type": "Feature", "properties": { "group_id": "nzd0121" }, "geometry": { "type": "LineString", "coordinates": [ [ 174.011937677245783, -36.313782781395439 ], [ 174.011893138941389, -36.31302498726771 ], [ 174.011699079254953, -36.312311359069128 ], [ 174.01164925996423, -36.311555111658613 ], [ 174.011528566242077, -36.310819796029875 ], [ 174.011330103082372, -36.31010744974931 ], [ 174.011241764507645, -36.309362562317688 ], [ 174.011058505212361, -36.308645711620997 ], [ 174.01095902421855, -36.307904103005477 ], [ 174.010766977744026, -36.307189835771645 ], [ 174.010664304485005, -36.306449157277186 ], [ 174.010557018942905, -36.305709834859655 ], [ 174.010373490891652, -36.304993031869913 ], [ 174.010211414508319, -36.304269884649727 ], [ 174.010055670506318, -36.303544860151959 ], [ 174.009917714706518, -36.302814573616715 ], [ 174.00970940702706, -36.302105066837697 ], [ 174.009565948619354, -36.301376393394136 ], [ 174.00924590935486, -36.300699886774247 ], [ 174.009196520225771, -36.299943406662656 ], [ 174.008978851562063, -36.299236640909136 ], [ 174.008770149749324, -36.298527219591222 ], [ 174.008548526694568, -36.297821609957815 ], [ 174.008365918011521, -36.297104466532275 ], [ 174.008111833559468, -36.296408436085819 ], [ 174.007936416448558, -36.295689155350708 ], [ 174.007705691889925, -36.294986210426835 ], [ 174.007421664054448, -36.294299009353097 ], [ 174.007215331620046, -36.293588844937361 ], [ 174.006997583976329, -36.292882047327055 ], [ 174.006735451978699, -36.292188358366509 ], [ 174.006466262714071, -36.291496748684871 ], [ 174.006246059076091, -36.290790658519043 ], [ 174.005979037632017, -36.29009839621316 ], [ 174.005735243252559, -36.289399264610537 ], [ 174.005515159289132, -36.288693120801206 ], [ 174.005210904068576, -36.288011842553466 ], [ 174.004935511638649, -36.287322029702125 ], [ 174.004669369363228, -36.286629477520904 ], [ 174.004370786464818, -36.285946505249626 ], [ 174.004120057393806, -36.285249386588198 ], [ 174.003832770038002, -36.284563064608619 ], [ 174.003544681809785, -36.283876973304785 ], [ 174.003160851790113, -36.283219167165527 ], [ 174.002957900477696, -36.282507906461014 ], [ 174.002745272080574, -36.281799499123252 ], [ 174.002340694698233, -36.281147806065071 ], [ 174.00204179206861, -36.280464880545935 ], [ 174.001849592806991, -36.279750418405527 ], [ 174.001376982175998, -36.279118811361734 ], [ 174.001107147693773, -36.27842727841233 ], [ 174.000808887673912, -36.277744139185643 ], [ 174.000401880677771, -36.277093128658151 ], [ 174.000108403340079, -36.276408564300631 ], [ 173.999855288714798, -36.275712066778041 ], [ 173.999423089230277, -36.275068482932681 ], [ 173.999113755337021, -36.274388586361937 ], [ 173.998806372306916, -36.273708107361671 ], [ 173.998386722287592, -36.273060797410466 ], [ 173.998097345560865, -36.272374985693268 ], [ 173.997702919500625, -36.27172021021493 ], [ 173.997370514125606, -36.271047101649181 ], [ 173.997052640622059, -36.27036969296713 ], [ 173.996656318519314, -36.269715460025161 ], [ 173.9963539938895, -36.269033444783091 ], [ 173.995952132100115, -36.268380836994801 ], [ 173.995589207946864, -36.267716717156979 ], [ 173.995189848929215, -36.267063357939307 ], [ 173.994857423028833, -36.266390213998129 ], [ 173.994484857480415, -36.265728925443867 ], [ 173.994133499806338, -36.265061364020866 ], [ 173.99372960960244, -36.26440932008844 ], [ 173.993364281887011, -36.263745874986576 ], [ 173.992959357975479, -36.263094124654273 ], [ 173.992635825264216, -36.26241831727544 ], [ 173.992255136305573, -36.261759393668541 ], [ 173.991902241517778, -36.261092250954242 ], [ 173.991546646603041, -36.260425900208929 ], [ 173.991166099589236, -36.259766916898485 ], [ 173.990699043348798, -36.259133491103064 ], [ 173.990329624683881, -36.258471207512692 ], [ 173.989968190160823, -36.257806558697055 ], [ 173.989692990098234, -36.25711642172741 ], [ 173.989249303567505, -36.256476066498465 ], [ 173.988820623682443, -36.255831270840851 ], [ 173.988454771776333, -36.255167903678625 ], [ 173.988122043953354, -36.254494742484987 ], [ 173.987710210051802, -36.25384495108586 ], [ 173.987353704998753, -36.253178804189986 ], [ 173.987023186207267, -36.252533124817482 ], [ 173.986670942955755, -36.251932654547232 ], [ 173.98633684251115, -36.251287224204667 ], [ 173.985946158585705, -36.250632583922936 ], [ 173.985532989180513, -36.249988430674556 ], [ 173.985158179901589, -36.249326372633348 ], [ 173.985021132015191, -36.248553363925623 ], [ 173.9844997541297, -36.247959688052497 ], [ 173.984107394451087, -36.247305803773969 ], [ 173.983657005057154, -36.246678992634436 ], [ 173.983230633364542, -36.246040969085442 ], [ 173.982803347640242, -36.245403366953909 ], [ 173.982433233822263, -36.244739081592776 ], [ 173.981987382566359, -36.244110132486895 ], [ 173.98159255008531, -36.243457371328127 ], [ 173.981178706473742, -36.24281347623819 ], [ 173.980782172552836, -36.242161498744728 ], [ 173.980470479570755, -36.241469926293142 ], [ 173.980127329560275, -36.240793027462537 ], [ 173.979803523335789, -36.240107096741596 ], [ 173.979373261176988, -36.239470837402479 ], [ 173.978975723345769, -36.238819302437555 ], [ 173.978590714966913, -36.238161915543955 ], [ 173.978173675771984, -36.237519470468335 ], [ 173.97778131949002, -36.236865502126619 ], [ 173.97733723279282, -36.236235668412867 ], [ 173.976946067589836, -36.235581134001301 ], [ 173.976511100892026, -36.234947034290101 ], [ 173.976109954447708, -36.234297147338012 ], [ 173.975676830796743, -36.233662177381909 ], [ 173.975311274697702, -36.232995671944835 ], [ 173.974903517910661, -36.232348854298152 ], [ 173.97447306087281, -36.231712624645915 ], [ 173.974075447910536, -36.231061063123029 ], [ 173.973624763258329, -36.230434262557281 ], [ 173.97318642599663, -36.229801694963982 ], [ 173.972720033398389, -36.229182214430608 ], [ 173.972277847405422, -36.228551432717076 ], [ 173.971853761478371, -36.227912199438528 ], [ 173.971464767228099, -36.227256585314464 ], [ 173.971060898476594, -36.226607907322297 ], [ 173.970645941662724, -36.225964398533471 ], [ 173.970253546625969, -36.225310355970748 ], [ 173.969832761353132, -36.224669556847346 ], [ 173.969370423904621, -36.224048143384067 ], [ 173.968910126616436, -36.223425772794364 ], [ 173.968450005515535, -36.222803314920007 ], [ 173.96806717146535, -36.222144785090414 ], [ 173.967641864973444, -36.221506070397872 ], [ 173.967241504907633, -36.220855709020078 ], [ 173.966841555932064, -36.220205150661123 ], [ 173.96639889947545, -36.219574517271901 ], [ 173.965948502918621, -36.218947490845146 ], [ 173.965515349376375, -36.218312412618197 ], [ 173.965043387097438, -36.217695440042753 ], [ 173.964574370865137, -36.217077087585068 ], [ 173.964102104727147, -36.216460246687312 ], [ 173.963701949035936, -36.215809749167263 ], [ 173.963237078668982, -36.215189446777075 ], [ 173.962802382597943, -36.214555057947699 ], [ 173.962394016416567, -36.213908376693588 ], [ 173.961950631584301, -36.213278032461169 ], [ 173.961468078918472, -36.212665961594269 ], [ 173.961039579747279, -36.212028660537307 ], [ 173.960628869758267, -36.211383052695851 ], [ 173.960195520876766, -36.21074800466593 ], [ 173.959760653590138, -36.210113660147634 ], [ 173.959266585844119, -36.209506937758576 ], [ 173.95883890030612, -36.208869231581389 ], [ 173.958385838133751, -36.208243362902145 ], [ 173.957898615685195, -36.207633430830874 ], [ 173.957442698225378, -36.207008884512113 ], [ 173.957003059621229, -36.206376736219298 ], [ 173.956558733787602, -36.205746770255466 ], [ 173.956104725736367, -36.205121317659163 ], [ 173.955632890028909, -36.204504179705943 ], [ 173.955132806997284, -36.203900218986625 ], [ 173.954607699360508, -36.203307931516093 ], [ 173.954178828273371, -36.202670727932144 ], [ 173.953710754913601, -36.20205181394855 ], [ 173.953270730713314, -36.201419805082516 ], [ 173.952820470014075, -36.200792568255601 ], [ 173.952335059419795, -36.200181729934258 ], [ 173.951876477528657, -36.199558366273273 ], [ 173.95139874133838, -36.198943936381148 ], [ 173.950907799953711, -36.198335663959931 ], [ 173.950454333266094, -36.197709897981007 ], [ 173.950024357255643, -36.197073164412352 ], [ 173.949623180001311, -36.196422986053065 ], [ 173.949143137159552, -36.195809607324094 ], [ 173.948656052235322, -36.195199509909244 ] ] } },
{ "type": "Feature", "properties": { "group_id": "nzd0123" }, "geometry": { "type": "LineString", "coordinates": [ [ 174.794852096598675, -36.309751991734359 ], [ 174.794826705822032, -36.310478106180064 ], [ 174.795026854211557, -36.31119508983187 ], [ 174.795213378195541, -36.311900474370994 ], [ 174.795502749370655, -36.312569405525295 ], [ 174.795571813356531, -36.313310588497785 ] ] } },
{ "type": "Feature", "properties": { "group_id": "nzd0124" }, "geometry": { "type": "LineString", "coordinates": [ [ 174.780454674618085, -36.325367164204302 ], [ 174.780259958621969, -36.326075293042138 ], [ 174.780168200328291, -36.326773032041032 ], [ 174.780080089066729, -36.327465916430661 ], [ 174.780005932386985, -36.328182980255185 ], [ 174.779965735489839, -36.328892234455793 ], [ 174.779964053568733, -36.329595208758583 ], [ 174.779955131384128, -36.330298332371584 ], [ 174.779938496382925, -36.331004982995921 ], [ 174.779927171800381, -36.331725733205523 ], [ 174.779907480712694, -36.332439944410915 ], [ 174.779948903390647, -36.333125901437619 ], [ 174.780004753216019, -36.333807437163252 ], [ 174.780117130171362, -36.334500959043297 ], [ 174.780227981061756, -36.335216005796546 ], [ 174.78042659331112, -36.335930058528753 ], [ 174.780613005230208, -36.336653134555839 ], [ 174.780806666379931, -36.337348021735743 ], [ 174.781021057810676, -36.338020061822057 ], [ 174.781255133163597, -36.338687856127116 ], [ 174.781501906113618, -36.339347004443852 ], [ 174.781780942536273, -36.340040178206188 ], [ 174.782086856663511, -36.34073793645144 ], [ 174.782414470993331, -36.341404924257198 ], [ 174.782753984253844, -36.342058504160306 ], [ 174.783125342129921, -36.342707794647183 ], [ 174.783477882000966, -36.343371892365482 ], [ 174.783879494940209, -36.344017844752464 ], [ 174.784288337916053, -36.344646954340348 ], [ 174.784696504260779, -36.345249196437614 ], [ 174.785168948335496, -36.345844951814321 ], [ 174.785667923791863, -36.346454205813465 ], [ 174.78615530278492, -36.347036411142938 ], [ 174.786673666595391, -36.347593292169208 ], [ 174.78722870917511, -36.348129365656042 ], [ 174.787803517702571, -36.348639603727293 ], [ 174.788387117289773, -36.349156967354638 ], [ 174.789003980979345, -36.349638125330394 ], [ 174.789622022309771, -36.350078042329706 ], [ 174.790341160322811, -36.350430620695803 ], [ 174.7911525769062, -36.350705411445247 ] ] } },
{ "type": "Feature", "properties": { "group_id": "nzd0125" }, "geometry": { "type": "LineString", "coordinates": [ [ 174.816406190856384, -36.35817011072637 ], [ 174.816670733744644, -36.35885258685979 ], [ 174.817156117800607, -36.359430090467676 ], [ 174.817736259585587, -36.359942285568465 ], [ 174.818405562568074, -36.360418517382598 ], [ 174.81909956274751, -36.360876096864082 ], [ 174.819803647738269, -36.361320422082777 ], [ 174.820517381574916, -36.36174489502983 ], [ 174.82123635101712, -36.362162065071665 ], [ 174.821982692046362, -36.362551963057506 ], [ 174.822733066313106, -36.36295475236232 ], [ 174.823507583810027, -36.363319666936349 ], [ 174.8243438996154, -36.363502744511088 ], [ 174.825159441076295, -36.363691644318976 ], [ 174.826014704502626, -36.363986620628928 ], [ 174.826591465159794, -36.364533233355779 ], [ 174.827203328931859, -36.365030813508881 ], [ 174.827859753793774, -36.365542386088926 ], [ 174.828586576509792, -36.365975495785499 ], [ 174.829359207238809, -36.366364105072975 ], [ 174.83016176701048, -36.366687616750838 ], [ 174.831026393247811, -36.366896648448375 ], [ 174.831872599873606, -36.36713953133971 ], [ 174.832795868744199, -36.367239148800806 ], [ 174.833519804912072, -36.367716149744687 ], [ 174.834254965653258, -36.368152627890503 ], [ 174.835039395424076, -36.368506313185875 ] ] } },
{ "type": "Feature", "properties": { "group_id": "nzd0126" }, "geometry": { "type": "LineString", "coordinates": [ [ 174.102903902241991, -36.391361686824695 ], [ 174.102010488436946, -36.391439156848598 ], [ 174.101084309667158, -36.391319721181382 ], [ 174.100196908105175, -36.391433310533721 ], [ 174.0992783171653, -36.391359445263305 ], [ 174.098362318903412, -36.391301144692747 ], [ 174.097472150134422, -36.391398088271245 ], [ 174.096579876296829, -36.391482378289908 ], [ 174.095671387902001, -36.39146919098809 ], [ 174.094779696562512, -36.391556976157382 ], [ 174.093885558269278, -36.391630049066734 ], [ 174.092979338257408, -36.391630476329823 ], [ 174.092080700860663, -36.391676487964581 ], [ 174.09117531074088, -36.391681887852272 ], [ 174.090275737086642, -36.391722256759252 ], [ 174.08938348112423, -36.391806629137356 ], [ 174.088484469838846, -36.391850371562491 ], [ 174.087591039509221, -36.391927676767111 ], [ 174.086694660010323, -36.39198724098592 ], [ 174.085810594836602, -36.392120877546517 ], [ 174.08491204256336, -36.392167368115913 ], [ 174.084008927608437, -36.392186404189168 ], [ 174.083124779364596, -36.392319544180999 ], [ 174.082234616599322, -36.39241650093129 ], [ 174.081347243572907, -36.392530244499063 ], [ 174.080450067328627, -36.392585000483663 ], [ 174.079558383109116, -36.392672802180385 ], [ 174.078659099076646, -36.392714867094021 ], [ 174.077773317317082, -36.392838189220406 ], [ 174.076875119413444, -36.392886785003576 ], [ 174.075987826890156, -36.393001016803737 ], [ 174.075104135824859, -36.39313692996631 ], [ 174.074215779559836, -36.393244764697101 ], [ 174.073331481217735, -36.393377030425249 ], [ 174.07245682904437, -36.393567374705214 ], [ 174.071566495195299, -36.393663314514235 ], [ 174.070682120427392, -36.393795135006926 ], [ 174.069785226742368, -36.393851578510926 ], [ 174.068897641708702, -36.393964072565502 ], [ 174.067985088647447, -36.393926209316525 ], [ 174.067074105097788, -36.393897783634188 ], [ 174.066159999911179, -36.393850543271597 ], [ 174.065249869369865, -36.39382722701643 ], [ 174.064342576003781, -36.393820987513621 ], [ 174.063399119270514, -36.393596892766467 ], [ 174.062490291276873, -36.393581373478106 ], [ 174.061568597406705, -36.393488330014499 ], [ 174.060669098142341, -36.39352898731557 ], [ 174.059736338772865, -36.393369235768809 ], [ 174.058766896717742, -36.392988414048084 ], [ 174.0580906838874, -36.392916753654234 ], [ 174.059138092016894, -36.393269300354817 ], [ 174.060078366306698, -36.393273462507366 ], [ 174.058878166103199, -36.393216762664849 ], [ 174.057937435765325, -36.392951310112011 ], [ 174.056849301247723, -36.392804431386715 ], [ 174.055414426099901, -36.392936475021926 ], [ 174.054379841748016, -36.392746490521354 ], [ 174.053213869507005, -36.392662185961385 ], [ 174.05221013286814, -36.392447365404443 ], [ 174.051047619805303, -36.39236025271812 ], [ 174.050021856266795, -36.392163129091919 ], [ 174.049069253101578, -36.391907148414305 ], [ 174.048145803936819, -36.391627709609914 ], [ 174.047224422995129, -36.391346599705152 ], [ 174.046340506218598, -36.391035348862935 ], [ 174.04549756094076, -36.390691137153752 ], [ 174.044604723192265, -36.390387048420941 ], [ 174.043717254271229, -36.390078634621702 ], [ 174.042885560442187, -36.389725354658587 ], [ 174.042137188998908, -36.389305054081596 ], [ 174.036577176215786, -36.379223075719025 ], [ 174.034689396583502, -36.377567436458406 ], [ 174.034341465159599, -36.376897989284053 ], [ 174.034505158408791, -36.374385043823104 ], [ 174.033417902225466, -36.374024518015517 ], [ 174.034054171611075, -36.372943771002632 ], [ 174.033300900492662, -36.372443673682682 ], [ 174.021216352547128, -36.356233679158997 ], [ 174.020462695428023, -36.355381958421717 ], [ 174.017430877909447, -36.351134848737168 ], [ 174.017433337894204, -36.35040183400978 ], [ 174.017530435529466, -36.349656607674 ], [ 174.017177111876151, -36.348969462573258 ], [ 174.016988529093936, -36.348261065317978 ], [ 174.016968754489767, -36.347530891549646 ], [ 174.016891293383424, -36.34680815055377 ], [ 174.0167938916872, -36.346087974568313 ], [ 174.01659578365323, -36.345380779512837 ], [ 174.016565513180893, -36.344651932830004 ], [ 174.016539550673969, -36.343922523872173 ], [ 174.016487800683393, -36.343196433944556 ], [ 174.016364030134781, -36.342479625665334 ], [ 174.016224487605314, -36.341764844877339 ], [ 174.016184379964983, -36.341037233633635 ], [ 174.016034915367328, -36.340323719323806 ], [ 174.015871641923297, -36.33961197934174 ], [ 174.015722966560759, -36.338898350102902 ], [ 174.015648441794212, -36.338175151219652 ], [ 174.015635351908344, -36.337444022491304 ], [ 174.015417311433168, -36.336739319520063 ], [ 174.015255276649299, -36.336027386948764 ], [ 174.015175528756714, -36.33530483532369 ], [ 174.015074566278145, -36.334585013134514 ], [ 174.014825401114791, -36.333884298027989 ], [ 174.014780173578515, -36.333157274592956 ], [ 174.014782124412363, -36.33242415984364 ], [ 174.014627158554646, -36.331711276187917 ], [ 174.014503813407572, -36.330994307793148 ], [ 174.01434885412823, -36.33028141014843 ], [ 174.014208746263307, -36.329566590523307 ], [ 174.014103812193781, -36.328847227899402 ], [ 174.014121615346397, -36.328112028917218 ], [ 174.013891700916275, -36.327408772193742 ], [ 174.013683626163527, -36.32670269213294 ], [ 174.01356426732562, -36.325985163598702 ], [ 174.013520534386998, -36.325257874787553 ], [ 174.013421290849607, -36.324537738734399 ], [ 174.013317760184492, -36.323818149018486 ], [ 174.013163537875187, -36.323105090635316 ], [ 174.013079446763811, -36.322382980555197 ], [ 174.013041324404554, -36.321654935029002 ], [ 174.012926607844292, -36.320936761659929 ], [ 174.012804396770463, -36.32021954832485 ], [ 174.012756713979314, -36.319492716000802 ], [ 174.012643329651524, -36.318774351046585 ], [ 174.012528776171877, -36.318056130306033 ], [ 174.01233704205697, -36.317347857558772 ], [ 174.012259600234614, -36.316624837104484 ], [ 174.012197722421973, -36.315899802612535 ], [ 174.012084734928777, -36.315181353569649 ], [ 174.011967164600691, -36.314676033178003 ], [ 174.011917850962305, -36.314150873234929 ] ] } },
{ "type": "Feature", "properties": { "group_id": "nzd0127" }, "geometry": { "type": "LineString", "coordinates": [ [ 174.837328573327028, -36.368852021650135 ], [ 174.838081712889704, -36.369200566629502 ], [ 174.838933643465481, -36.369351616807819 ], [ 174.83981437730742, -36.369451325793399 ], [ 174.840717296681106, -36.369348661185931 ] ] } },
{ "type": "Feature", "properties": { "group_id": "nzd0128" }, "geometry": { "type": "LineString", "coordinates": [ [ 174.766612036800581, -36.44583848955579 ], [ 174.766130624934618, -36.446442001359685 ], [ 174.765667613942696, -36.447050631979721 ], [ 174.76530291950661, -36.447711843874899 ], [ 174.765011795419838, -36.448395805392899 ], [ 174.764714540135373, -36.449075982675012 ], [ 174.764467475118636, -36.449769029756332 ], [ 174.764187154178671, -36.450460495329708 ], [ 174.764004845089175, -36.451167553720992 ], [ 174.763792661825391, -36.451875159917066 ], [ 174.763628028130739, -36.452572911043241 ], [ 174.76358326298012, -36.453287866668781 ], [ 174.763571210026896, -36.453994249642058 ], [ 174.763371338462775, -36.454706625277886 ], [ 174.763519235001098, -36.455421187479075 ], [ 174.763656730844474, -36.456114287021059 ], [ 174.763754144626773, -36.456828069745207 ], [ 174.764046058949418, -36.457511378753956 ] ] } },
{ "type": "Feature", "properties": { "group_id": "nzd0129" }, "geometry": { "type": "LineString", "coordinates": [ [ 174.742855798420493, -36.49446915211994 ], [ 174.742171551820917, -36.494937765245609 ], [ 174.74155245009743, -36.495481419291842 ], [ 174.740954177894366, -36.496038994440454 ], [ 174.740540419911611, -36.496706258214878 ], [ 174.740247206097081, -36.497391829179129 ], [ 174.74003188254045, -36.498085947950408 ], [ 174.739918473659714, -36.498798862634047 ] ] } },
{ "type": "Feature", "properties": { "group_id": "nzd0130" }, "geometry": { "type": "LineString", "coordinates": [ [ 174.721790972106703, -36.518527719981613 ], [ 174.721173764250409, -36.519125627012492 ], [ 174.720823614283773, -36.519788941581865 ], [ 174.720534671049165, -36.520467150120865 ], [ 174.720315846941645, -36.521157417153709 ], [ 174.720189787792577, -36.521856080331737 ], [ 174.72000726494872, -36.522557540556043 ], [ 174.719971071409901, -36.523263896452335 ], [ 174.720353145811544, -36.5239246000883 ] ] } },
{ "type": "Feature", "properties": { "group_id": "nzd0131" }, "geometry": { "type": "LineString", "coordinates": [ [ 174.714630123997267, -36.528167320083227 ], [ 174.71456066721521, -36.528887142140832 ], [ 174.714400345520886, -36.529618850843079 ], [ 174.714183200278086, -36.530333196664131 ], [ 174.7139671103198, -36.531022487657822 ], [ 174.713848661522093, -36.531732955200233 ], [ 174.713671613195828, -36.532446922445068 ], [ 174.713592435309835, -36.533150600730657 ], [ 174.713540158371103, -36.533843032569202 ] ] } },
{ "type": "Feature", "properties": { "group_id": "nzd0132" }, "geometry": { "type": "LineString", "coordinates": [ [ 174.291993721611391, -36.635294999710091 ], [ 174.29149459954624, -36.634700334941819 ], [ 174.291019686707386, -36.634093378510151 ], [ 174.290553993324664, -36.633476249087366 ], [ 174.290081047452958, -36.632862979177624 ], [ 174.289694672568487, -36.63220357764741 ], [ 174.289224047888894, -36.63158906141085 ], [ 174.288726039416304, -36.630989131126718 ], [ 174.288239493260676, -36.630383368241006 ], [ 174.287763148150873, -36.629772180020467 ], [ 174.287264150488141, -36.629172869626458 ], [ 174.286770779837468, -36.628570214690946 ], [ 174.286270119793528, -36.627971600866175 ], [ 174.285781122503721, -36.627366509384082 ], [ 174.285349034723879, -36.626729827451022 ], [ 174.284862255797066, -36.626123495455232 ], [ 174.284360018515542, -36.625525738513467 ], [ 174.283883956984198, -36.624913448893274 ], [ 174.283413868598473, -36.624297839414062 ], [ 174.282959333493864, -36.623675272525972 ], [ 174.282461445969631, -36.623080709413834 ], [ 174.281992943938889, -36.622469111180557 ], [ 174.281507397051541, -36.621862487741609 ], [ 174.281042587404386, -36.621245485878532 ], [ 174.280564923160568, -36.620634909434237 ], [ 174.280145690126346, -36.61999509863216 ], [ 174.279644994767779, -36.61939543633801 ], [ 174.279229393006233, -36.618751514630425 ], [ 174.278763198265949, -36.618133611134326 ], [ 174.2782011458211, -36.617566659310789 ], [ 174.277626487506922, -36.617006232017452 ], [ 174.277152188964436, -36.616393816890088 ], [ 174.276683643419034, -36.615778417076804 ], [ 174.276252467751419, -36.615143656049852 ], [ 174.275794018000369, -36.614523017262705 ], [ 174.275279640995251, -36.613931342197198 ], [ 174.274743848561627, -36.613350754809176 ], [ 174.274276857083009, -36.612734525924679 ], [ 174.273775601203198, -36.612136040078738 ], [ 174.27329814466944, -36.611524807861258 ], [ 174.272833670652119, -36.610904170331715 ], [ 174.272323686582183, -36.610307411161557 ], [ 174.271804465079583, -36.60971880545933 ], [ 174.271288419260287, -36.609128305606163 ], [ 174.270783730890884, -36.608531042920575 ], [ 174.270301410343365, -36.607920465501614 ], [ 174.269781517953419, -36.60733224136068 ], [ 174.26928387670992, -36.606730771910989 ], [ 174.268797822135753, -36.606122403199159 ], [ 174.26829101009568, -36.605526382133156 ], [ 174.267740066829504, -36.604956617669536 ], [ 174.267239137715933, -36.604357087045635 ], [ 174.266729643217133, -36.60376264897728 ], [ 174.266290127008006, -36.603126564676458 ], [ 174.265805847502008, -36.602524261898871 ], [ 174.265313773105476, -36.601930547752566 ], [ 174.264873540402732, -36.601301375828328 ], [ 174.264288262175967, -36.600749181056507 ], [ 174.263742617174046, -36.600175160420783 ], [ 174.263260119109361, -36.599566367885402 ], [ 174.262743059026434, -36.598976599756199 ], [ 174.262260444266104, -36.598367862172012 ], [ 174.261777369435237, -36.597759373236293 ], [ 174.261257656491694, -36.597171051780329 ], [ 174.260732606467769, -36.59658566415159 ], [ 174.260282425119271, -36.595959050851917 ], [ 174.259740107298938, -36.595383161208233 ], [ 174.259245570116633, -36.594780959953582 ], [ 174.258749062203663, -36.594178299314308 ], [ 174.258227196350276, -36.593585511698052 ], [ 174.257742949000971, -36.592972393103153 ], [ 174.257221046892454, -36.592385381436678 ], [ 174.256688918331946, -36.591804297244686 ], [ 174.256226335418006, -36.591182867815178 ], [ 174.255702379800965, -36.590597033837192 ], [ 174.255252440422538, -36.589968261334448 ], [ 174.254734011665136, -36.589379212453231 ], [ 174.25415649577414, -36.58882443330539 ], [ 174.253590758687864, -36.588262817178716 ], [ 174.253011991667961, -36.587708754665627 ], [ 174.252486941357205, -36.587123528711004 ], [ 174.25198070376905, -36.586527385756696 ], [ 174.2514843260183, -36.585925519007631 ], [ 174.250868978737003, -36.58539066113326 ], [ 174.250494649544919, -36.584712111879455 ], [ 174.24991506180271, -36.584157735694284 ], [ 174.24942095603808, -36.583553707009195 ], [ 174.248998786769562, -36.582906392480886 ], [ 174.248468008265689, -36.582324419590478 ], [ 174.247911065012261, -36.58175818465687 ], [ 174.247409928613195, -36.581158368476714 ], [ 174.246899037986168, -36.580564416662078 ], [ 174.246337892620147, -36.580000696842902 ], [ 174.245815343664049, -36.579413750648179 ], [ 174.245320132585334, -36.578810351911429 ], [ 174.244755421992778, -36.5782487640098 ], [ 174.244201961460334, -36.577687471710831 ], [ 174.243698764415001, -36.577103829549536 ], [ 174.243180029849952, -36.576521762208863 ], [ 174.242627110566815, -36.575951514474582 ], [ 174.242089709144352, -36.57537273354928 ], [ 174.241568411199808, -36.57478509760432 ], [ 174.241063972468311, -36.574188191303861 ], [ 174.240516793305886, -36.57361477017983 ], [ 174.240013256322584, -36.573017358987038 ], [ 174.239457178557529, -36.572448819137705 ], [ 174.239005984570468, -36.571822631352035 ], [ 174.238515807541773, -36.571217863675557 ], [ 174.238039399154445, -36.570605524193425 ], [ 174.237521759849329, -36.570010482192771 ], [ 174.23697002948046, -36.569431172277049 ], [ 174.236376914893896, -36.568882496488406 ], [ 174.235844576423261, -36.56830134074157 ], [ 174.235309477388171, -36.567721847426085 ], [ 174.234800588575268, -36.567126524283907 ], [ 174.234297740584054, -36.566527549382208 ], [ 174.233836104407146, -36.565903686788467 ], [ 174.233303364614699, -36.565322751531411 ], [ 174.232761791032004, -36.564747145667532 ], [ 174.232215559440988, -36.564174347891978 ], [ 174.231722314256245, -36.563569553054364 ], [ 174.231262327402987, -36.56294467272626 ], [ 174.230644630367976, -36.562415012072137 ], [ 174.230206192254371, -36.561777112092365 ], [ 174.229640088987168, -36.56121629085299 ], [ 174.229120751074959, -36.560627228722147 ], [ 174.228582306936659, -36.560049698394749 ], [ 174.228185129839972, -36.55938686778638 ], [ 174.227682425697736, -36.558787749182628 ], [ 174.227167978172048, -36.558200682957185 ], [ 174.226651490005139, -36.557615711998366 ], [ 174.226150468105516, -36.557016754852853 ], [ 174.225667952313728, -36.556406314296297 ], [ 174.225179216253593, -36.555799519808673 ], [ 174.2245794793767, -36.555257864887253 ], [ 174.223987156856623, -36.554711854087756 ], [ 174.223496976163119, -36.554105894122344 ], [ 174.223031361867982, -36.553485512210862 ], [ 174.222556337671818, -36.552870648268005 ], [ 174.222005743638078, -36.552300130187071 ], [ 174.221454309894739, -36.551730100441617 ], [ 174.220914468674806, -36.551148103283651 ], [ 174.220491880038622, -36.550492921770349 ], [ 174.219895114316216, -36.549948157355594 ], [ 174.219465125025835, -36.549304501183762 ], [ 174.218969521478471, -36.548700790137836 ], [ 174.218420250664508, -36.548129750340514 ], [ 174.217876867087455, -36.547555121722141 ], [ 174.217399908618631, -36.546940045506936 ], [ 174.216855731768447, -36.546365891206655 ], [ 174.216380869122901, -36.545749530230403 ], [ 174.21587023599065, -36.545154943966274 ], [ 174.215375268969723, -36.544550814940976 ], [ 174.2147901183871, -36.544001590415675 ], [ 174.214225592881206, -36.543439803808113 ], [ 174.213633480766362, -36.542894809055753 ], [ 174.213111459633183, -36.54230713475458 ], [ 174.212626386808552, -36.541696959973542 ], [ 174.21218206735216, -36.541061967898514 ], [ 174.211681262869831, -36.540461362675536 ], [ 174.211097887463154, -36.53991102693039 ], [ 174.210579350893795, -36.53932120932749 ], [ 174.210056633870181, -36.538733932677765 ], [ 174.209595997794167, -36.538114000846974 ], [ 174.209059806697638, -36.537543550031621 ], [ 174.208499137537245, -36.536982477883441 ], [ 174.208019915362058, -36.536369590559367 ], [ 174.207558202286634, -36.535746302064247 ], [ 174.20696242139195, -36.535202617174193 ], [ 174.206430455983195, -36.534621034915709 ], [ 174.205992083241284, -36.533983873945921 ], [ 174.205460464631159, -36.533402076939161 ], [ 174.205083977825097, -36.532728159681461 ], [ 174.204394458153104, -36.532240114021924 ], [ 174.203904745202152, -36.531633420620373 ], [ 174.203403749319136, -36.531033422477755 ], [ 174.202912785105781, -36.530427463199501 ], [ 174.202399226107588, -36.529834916066129 ], [ 174.201870014282576, -36.529251659017895 ], [ 174.201330342483686, -36.528674608583252 ], [ 174.200896208979771, -36.52803488604355 ], [ 174.20034665311843, -36.5274636958667 ], [ 174.199812004018014, -36.52688364975814 ], [ 174.199388485196181, -36.526243170263193 ], [ 174.19896146307201, -36.525606100413341 ], [ 174.198565843652858, -36.524945175382548 ], [ 174.197923896751689, -36.524427914621889 ], [ 174.19741748014701, -36.523831287874032 ], [ 174.196895498465807, -36.523243770985722 ], [ 174.19644004893766, -36.522617290887467 ], [ 174.195867694893309, -36.522059261264417 ], [ 174.195358122157046, -36.521464464783158 ], [ 174.1947733170189, -36.52091371708201 ], [ 174.194345155815483, -36.520271240165037 ], [ 174.193806954646874, -36.519693194045544 ], [ 174.19329756480019, -36.519098272627375 ], [ 174.192757371389519, -36.518521384166711 ], [ 174.192214243884962, -36.517946209332685 ], [ 174.191741531896952, -36.51732979735938 ], [ 174.191289853083191, -36.516701064622566 ], [ 174.190774389664227, -36.51610967735656 ], [ 174.190222584697921, -36.515539565926275 ], [ 174.189732290449314, -36.514933431586762 ], [ 174.189292414825616, -36.514297769393401 ], [ 174.188749163393055, -36.513722635976222 ], [ 174.188313653040694, -36.513084408631805 ], [ 174.187767216955507, -36.512511131143171 ], [ 174.187235360900161, -36.511929311618402 ], [ 174.186733724697717, -36.511329791919856 ], [ 174.186358998523389, -36.510655953379789 ], [ 174.185791990015304, -36.510108316756778 ], [ 174.185269934471506, -36.509566465045879 ], [ 174.184816592812609, -36.508972928112108 ], [ 174.184309041889549, -36.508377191848851 ], [ 174.183843569718732, -36.507758742517595 ], [ 174.183314634337762, -36.50717453727416 ], [ 174.182843177025148, -36.506559308502837 ], [ 174.182297281977185, -36.505984246378866 ], [ 174.181757893885106, -36.505405667967473 ], [ 174.181274422151262, -36.504796908865018 ], [ 174.180758825533502, -36.504205481675591 ], [ 174.180295298628039, -36.503585949678033 ], [ 174.179760156617164, -36.503005061028333 ], [ 174.179255780908619, -36.5024075642336 ], [ 174.178771348445053, -36.501799300103436 ], [ 174.178149142442322, -36.501265382505281 ], [ 174.177618536098777, -36.500682027276639 ], [ 174.177089530429726, -36.500097803517725 ], [ 174.176597647295807, -36.499493541477996 ], [ 174.176060663312171, -36.498913613899603 ], [ 174.175539876309159, -36.498324940742478 ], [ 174.175044243196282, -36.497722688330867 ], [ 174.174585878682109, -36.497100318818866 ], [ 174.174128714288116, -36.496477296916517 ], [ 174.173641903143078, -36.495870269515926 ], [ 174.173116702597184, -36.49528395471588 ], [ 174.172633267484798, -36.494688718700125 ], [ 174.17218656342186, -36.494089873949633 ], [ 174.171640874112455, -36.493527990607255 ], [ 174.171243726307694, -36.492875700520827 ], [ 174.170758474086227, -36.492267949199508 ], [ 174.170294267811073, -36.491649552615677 ], [ 174.169821559385213, -36.491035449658305 ], [ 174.169357684157916, -36.49041687593477 ], [ 174.168896282392751, -36.489797046791573 ], [ 174.168455283772545, -36.489166897321596 ], [ 174.16800475567436, -36.488541560868171 ], [ 174.167573785568266, -36.487906331340206 ], [ 174.167131569405626, -36.487276782701223 ], [ 174.166684466781277, -36.486649699667723 ], [ 174.166352891141827, -36.486070905448898 ], [ 174.166016387519193, -36.485599551720775 ], [ 174.165662281228833, -36.485026662341113 ], [ 174.165324194077527, -36.484357435558039 ], [ 174.164922542065227, -36.48370799074204 ], [ 174.164546051612859, -36.483050707235151 ], [ 174.164160471077935, -36.482396247619512 ], [ 174.163818396988262, -36.481728238533947 ], [ 174.163491871440158, -36.481055383287696 ], [ 174.163125558429698, -36.480394908080562 ], [ 174.162812986936103, -36.479717697152786 ], [ 174.162502501628325, -36.479148760638012 ], [ 174.162298268008129, -36.478662303409791 ], [ 174.162037083041525, -36.478055638939423 ], [ 174.161789220247812, -36.477347443712603 ], [ 174.161560505897626, -36.476637958457133 ], [ 174.161344935641921, -36.475927585578987 ], [ 174.161153616265921, -36.475215580899125 ], [ 174.160959825611172, -36.474503735014395 ], [ 174.160778807314358, -36.473791026527053 ], [ 174.160590505694614, -36.473078799273146 ], [ 174.160452035640986, -36.472363226372636 ], [ 174.160389533734246, -36.471642556663468 ], [ 174.160367969666282, -36.470919137275601 ], [ 174.160358820967275, -36.47019487928015 ], [ 174.160256340972836, -36.469476868175008 ], [ 174.160249759251229, -36.468763133484885 ], [ 174.160178545807298, -36.468065160104693 ], [ 174.160204357570819, -36.467354168850896 ], [ 174.160163669470791, -36.466631385097145 ], [ 174.160269172564341, -36.465909822707196 ], [ 174.160208746187209, -36.465186859679427 ], [ 174.160182806048738, -36.464464179595517 ], [ 174.160127215644337, -36.463741243632676 ], [ 174.16012165030628, -36.463018721227058 ], [ 174.160134146675944, -36.462296343850632 ], [ 174.160088875656612, -36.461573474320666 ], [ 174.160059079018254, -36.460850728059668 ], [ 174.160077057327186, -36.460128456915349 ], [ 174.160108189296665, -36.45940686247188 ], [ 174.160158402848538, -36.458685495883664 ], [ 174.160232599528769, -36.457963869724786 ], [ 174.160257081606716, -36.457241601311111 ], [ 174.160349909256922, -36.456520199855674 ], [ 174.160432247937507, -36.455798657572004 ], [ 174.160578562695918, -36.455077926289796 ], [ 174.160668915517277, -36.454356472928012 ], [ 174.160781362745837, -36.453635295200783 ], [ 174.160929931929275, -36.452914572335395 ], [ 174.161162619130351, -36.452194917538854 ], [ 174.16136103026858, -36.451500069092461 ], [ 174.161599121475405, -36.450906884239274 ], [ 174.161885454125894, -36.450309701477259 ], [ 174.162200321669047, -36.449625246758202 ], [ 174.162565030227142, -36.448949472175777 ], [ 174.162977942611832, -36.44828209225399 ], [ 174.163396549146995, -36.44765571222851 ], [ 174.163414932737339, -36.447597047675664 ], [ 174.163501083421721, -36.447495954840733 ], [ 174.163968685424152, -36.446819252765096 ] ] } },
{ "type": "Feature", "properties": { "group_id": "nzd0133" }, "geometry": { "type": "LineString", "coordinates": [ [ 174.71030552013292, -36.543402222047654 ], [ 174.709396206811306, -36.543977009930387 ], [ 174.709145622093985, -36.54465417934766 ], [ 174.70880806209243, -36.545305499451054 ], [ 174.70847828095242, -36.545980303003667 ], [ 174.708207228614981, -36.546679198060545 ], [ 174.708356069938191, -36.547420218727765 ] ] } },
{ "type": "Feature", "properties": { "group_id": "nzd0134" }, "geometry": { "type": "LineString", "coordinates": [ [ 174.709725166922539, -36.551724173673691 ], [ 174.709805131727848, -36.552442166202923 ], [ 174.709945372185729, -36.55314738919531 ], [ 174.710000431838608, -36.553871645514356 ] ] } },
{ "type": "Feature", "properties": { "group_id": "nzd0135" }, "geometry": { "type": "LineString", "coordinates": [ [ 174.707432096259083, -36.556190375293305 ], [ 174.707222873498523, -36.556883986817738 ], [ 174.707278143457614, -36.557601318307043 ], [ 174.707447640415324, -36.558307921520992 ], [ 174.707646594419657, -36.559007453308375 ], [ 174.707874195653631, -36.559703783274152 ], [ 174.708153165140942, -36.56038788031718 ] ] } },
{ "type": "Feature", "properties": { "group_id": "nzd0137" }, "geometry": { "type": "LineString", "coordinates": [ [ 174.697806571164534, -36.562008846951507 ], [ 174.69750402310504, -36.562691841106449 ], [ 174.69644435407514, -36.563178716114862 ], [ 174.696086559905666, -36.563843088106601 ], [ 174.695633597869886, -36.56446401832499 ], [ 174.695294649316224, -36.56513405165893 ], [ 174.695060721195375, -36.565827879363006 ], [ 174.694834992034657, -36.566524322243303 ], [ 174.694712750758015, -36.567227175979568 ], [ 174.694743872222602, -36.567941484951774 ], [ 174.694750612525382, -36.568654877417245 ], [ 174.694784180410238, -36.569348128298408 ], [ 174.694974480138001, -36.570024192692372 ] ] } },
{ "type": "Feature", "properties": { "group_id": "nzd0138" }, "geometry": { "type": "LineString", "coordinates": [ [ 174.692615638732462, -36.574585625246733 ], [ 174.692832421343979, -36.575288508046981 ], [ 174.693090630956789, -36.575979983924753 ], [ 174.693324051055583, -36.576674737074789 ], [ 174.693602634615587, -36.577355042096187 ], [ 174.693816612611954, -36.578054140259447 ], [ 174.694086258362091, -36.578742624473726 ], [ 174.694346392525802, -36.579440760888978 ], [ 174.694603277438006, -36.580144385796508 ], [ 174.694870907376639, -36.580836641440989 ], [ 174.69517274711032, -36.581517226138715 ], [ 174.695455868657859, -36.582197203060353 ], [ 174.695748405696833, -36.58287122422329 ], [ 174.696045907540253, -36.583550580406907 ], [ 174.696333347467117, -36.584234201765604 ], [ 174.696612996271682, -36.584927415435232 ], [ 174.696950126759816, -36.585607978646458 ], [ 174.697263492390135, -36.586290301659233 ], [ 174.697630087301633, -36.586948762745429 ], [ 174.697925741921864, -36.58763231141851 ], [ 174.698287864744913, -36.588292362543669 ], [ 174.698660362598986, -36.588949163742647 ], [ 174.699002047098134, -36.589616880828132 ], [ 174.699356301133719, -36.590279695200344 ], [ 174.699703128124213, -36.590945145149561 ], [ 174.70000123332224, -36.591627916234899 ], [ 174.700301915747275, -36.592319877455061 ], [ 174.70058822371675, -36.593027394996717 ], [ 174.700920647060116, -36.593708511431593 ], [ 174.701295778815251, -36.594364539588227 ], [ 174.701636273935748, -36.595157312622881 ], [ 174.701844021165016, -36.59612363071367 ] ] } },
{ "type": "Feature", "properties": { "group_id": "nzd0139" }, "geometry": { "type": "LineString", "coordinates": [ [ 175.524805800607766, -36.58874095800784 ], [ 175.524046096003161, -36.58911922230272 ], [ 175.523393814009182, -36.589615909325985 ], [ 175.522937581634949, -36.590241451176553 ], [ 175.522682938981774, -36.59093726096053 ] ] } },
{ "type": "Feature", "properties": { "group_id": "nzd0141" }, "geometry": { "type": "LineString", "coordinates": [ [ 174.708182069772079, -36.601824953914104 ], [ 174.708596710137613, -36.602467090335523 ], [ 174.709023460421946, -36.603116248691087 ], [ 174.709509249225817, -36.603753207305864 ], [ 174.709966033259235, -36.604389863099065 ], [ 174.710418783129541, -36.605013169146375 ], [ 174.710902354707542, -36.605622124677936 ], [ 174.711437114528621, -36.606220449310889 ], [ 174.711941893848518, -36.606835642984628 ], [ 174.712421359063285, -36.607451930197179 ] ] } },
{ "type": "Feature", "properties": { "group_id": "nzd0142" }, "geometry": { "type": "LineString", "coordinates": [ [ 175.56488780439426, -36.613562054677374 ], [ 175.56549733153264, -36.614081829820023 ], [ 175.566242938851275, -36.614435661605405 ], [ 175.56705147029956, -36.614697238769928 ], [ 175.567921534994298, -36.614809294310575 ] ] } },
{ "type": "Feature", "properties": { "group_id": "nzd0143" }, "geometry": { "type": "LineString", "coordinates": [ [ 174.829925798249292, -36.616160211254673 ], [ 174.829217533332695, -36.615708190363328 ], [ 174.828491425258051, -36.615276320608665 ], [ 174.8277364714518, -36.614858174983098 ], [ 174.826900521729669, -36.614584390215136 ], [ 174.826026456003746, -36.61441074864635 ], [ 174.825138437875751, -36.614252642421789 ], [ 174.824227558680292, -36.614192096088139 ], [ 174.823317460857538, -36.614193795106559 ], [ 174.822413115611425, -36.614259251732129 ], [ 174.821511820905783, -36.614384431596193 ], [ 174.820636655426142, -36.614610302041669 ], [ 174.819834384001467, -36.614952911961154 ] ] } },
{ "type": "Feature", "properties": { "group_id": "nzd0144" }, "geometry": { "type": "LineString", "coordinates": [ [ 174.765954755071988, -36.622173339670823 ], [ 174.766759507513797, -36.621852218513695 ], [ 174.76754916471819, -36.621504525178629 ], [ 174.768270627208551, -36.621070539560037 ], [ 174.768969803073645, -36.62061613303878 ], [ 174.769587409113797, -36.620094943866341 ], [ 174.770184064879061, -36.619559918518995 ], [ 174.770685102045348, -36.618960875097414 ], [ 174.77120152160586, -36.618367055209546 ] ] } },
{ "type": "Feature", "properties": { "group_id": "nzd0145" }, "geometry": { "type": "LineString", "coordinates": [ [ 174.725661774451765, -36.616055340187266 ], [ 174.726209500503074, -36.616632183904258 ], [ 174.726845663903305, -36.617139034825541 ], [ 174.72747321959028, -36.617644038204674 ], [ 174.728102813051493, -36.618153160958755 ], [ 174.728748939665991, -36.618654366783964 ], [ 174.729375068190933, -36.619174377823384 ], [ 174.730015557174426, -36.61968358030142 ], [ 174.730714924034004, -36.620136056301583 ], [ 174.7313737624157, -36.620628155749756 ], [ 174.732101124807912, -36.621052670089448 ], [ 174.732839080117941, -36.621464626438453 ], [ 174.73354699042153, -36.621904517050019 ], [ 174.734284477184218, -36.622306578123592 ], [ 174.735017460428537, -36.622727298430199 ], [ 174.735808000794407, -36.623068439252926 ], [ 174.736632635961456, -36.623348058583289 ], [ 174.737473232469227, -36.623585841070444 ], [ 174.738302993098557, -36.6238502737815 ], [ 174.739176753247051, -36.624023544041279 ], [ 174.740067995989364, -36.624115520903175 ], [ 174.740963327627895, -36.624146881957131 ], [ 174.74185383178164, -36.624090064570304 ] ] } },
{ "type": "Feature", "properties": { "group_id": "nzd0146" }, "geometry": { "type": "LineString", "coordinates": [ [ 174.776006375517312, -36.623571452799141 ], [ 174.775124556948469, -36.623789782574995 ], [ 174.774246422524044, -36.62395074712289 ], [ 174.773413300442655, -36.624222503762581 ], [ 174.772637762927872, -36.624582854270109 ], [ 174.771887567340542, -36.624992173394617 ], [ 174.771255445487782, -36.625512962688703 ] ] } },
{ "type": "Feature", "properties": { "group_id": "nzd0147" }, "geometry": { "type": "LineString", "coordinates": [ [ 174.753575437874844, -36.627268747194044 ], [ 174.754453939322332, -36.627419045167933 ], [ 174.755331427978604, -36.627525586440498 ], [ 174.756193730423917, -36.627632325492343 ], [ 174.75707905967576, -36.627692720142932 ], [ 174.757971944449537, -36.62777584473362 ], [ 174.758867824916166, -36.627738791608671 ], [ 174.759735979950051, -36.627691502342692 ], [ 174.760567019792944, -36.627581185311776 ], [ 174.761400663114046, -36.627452246875265 ], [ 174.76220717191373, -36.627211630233845 ], [ 174.762986795096111, -36.62688071322696 ], [ 174.763750836753218, -36.62650764826035 ], [ 174.764517622196252, -36.626135696320041 ], [ 174.76522985052199, -36.62569954427191 ] ] } },
{ "type": "Feature", "properties": { "group_id": "nzd0148" }, "geometry": { "type": "LineString", "coordinates": [ [ 174.750742301665696, -36.63910505683225 ], [ 174.750029795852072, -36.639564842457787 ], [ 174.749262472126503, -36.639973812444232 ], [ 174.748538611927273, -36.640423827711267 ], [ 174.747915387485477, -36.640946028647306 ], [ 174.747338706690442, -36.641508061449898 ], [ 174.746756743780253, -36.642050602807664 ] ] } },
{ "type": "Feature", "properties": { "group_id": "nzd0149" }, "geometry": { "type": "LineString", "coordinates": [ [ 174.747417809573221, -36.671367075134924 ], [ 174.74728281178443, -36.672070990974909 ], [ 174.747220536036423, -36.672786902514218 ], [ 174.747353472738752, -36.673499409309656 ], [ 174.747550106842908, -36.674201475158824 ], [ 174.74781529307964, -36.674889034766551 ] ] } },
{ "type": "Feature", "properties": { "group_id": "nzd0151" }, "geometry": { "type": "LineString", "coordinates": [ [ 174.74895609900156, -36.680032221964169 ], [ 174.749149367024131, -36.680774441178087 ], [ 174.749498430572089, -36.681438097691348 ], [ 174.749819214841239, -36.682109792075401 ], [ 174.750067013893215, -36.682799074645324 ], [ 174.750369610848367, -36.68347119641804 ], [ 174.750665381579182, -36.684148261104468 ], [ 174.750974162060345, -36.684824748850772 ], [ 174.751271870288207, -36.685504361105153 ], [ 174.751573217904735, -36.686176201645218 ], [ 174.751842993946696, -36.686859936409505 ], [ 174.752202814655845, -36.687519251236488 ], [ 174.752540919260952, -36.688188344251486 ] ] } },
{ "type": "Feature", "properties": { "group_id": "nzd0152" }, "geometry": { "type": "LineString", "coordinates": [ [ 175.604167480114143, -36.693625106848337 ], [ 175.604281851673449, -36.694346777712703 ], [ 175.604578486675649, -36.695050202818386 ], [ 175.604942963352357, -36.69573038377893 ], [ 175.605404233147198, -36.696355976650061 ], [ 175.60590463569622, -36.69696124356124 ], [ 175.606436630070135, -36.697546134694441 ], [ 175.606990074193192, -36.698116652426421 ], [ 175.607581014636793, -36.698671341167781 ], [ 175.608202824481538, -36.699196444652657 ], [ 175.608885612978668, -36.699672704326979 ], [ 175.609616907984588, -36.700122196239683 ], [ 175.61042453179877, -36.700470719457854 ] ] } },
{ "type": "Feature", "properties": { "group_id": "nzd0153" }, "geometry": { "type": "LineString", "coordinates": [ [ 175.744932521312563, -36.706866785896935 ], [ 175.745753311054585, -36.707159349321294 ], [ 175.746622251960815, -36.707363450433057 ], [ 175.747474131689671, -36.707479709309006 ], [ 175.748336651930117, -36.707531541280467 ], [ 175.749233410039722, -36.7075720860812 ], [ 175.750112260051822, -36.707536221561242 ], [ 175.750956139747188, -36.707488908978263 ], [ 175.751834534725532, -36.707441656101125 ], [ 175.75273359714086, -36.707385759501598 ], [ 175.753628419167001, -36.707299261357676 ], [ 175.754525314037267, -36.707227650485912 ], [ 175.755421563250508, -36.707164179506862 ], [ 175.756315841992944, -36.707079970208952 ], [ 175.757212900415681, -36.706994594826753 ], [ 175.758115231369061, -36.706966665917321 ], [ 175.759012162853566, -36.706923264526154 ], [ 175.759878299315602, -36.706797056511824 ], [ 175.760720285864068, -36.706625223317545 ], [ 175.76157389851727, -36.706416250617856 ], [ 175.762467184559114, -36.706300593868605 ], [ 175.763329823427881, -36.706102438577048 ], [ 175.764209831937052, -36.705940217794826 ], [ 175.765058552220211, -36.705709863824353 ], [ 175.765889986552111, -36.705444431337753 ], [ 175.766692376412834, -36.705119601063764 ], [ 175.767508914522466, -36.704819390201862 ] ] } },
{ "type": "Feature", "properties": { "group_id": "nzd0154" }, "geometry": { "type": "LineString", "coordinates": [ [ 175.608830731958108, -36.706938035440025 ], [ 175.609437220247173, -36.707474462881258 ], [ 175.609960493599857, -36.708059723537133 ], [ 175.610578827810315, -36.708589189501566 ], [ 175.611126182345913, -36.709178640850098 ], [ 175.611649141829616, -36.709799480231638 ], [ 175.612238671377753, -36.710358399531117 ], [ 175.612868992983323, -36.710872095279854 ], [ 175.613545063547377, -36.711368590692224 ], [ 175.614243101832898, -36.711863217081849 ], [ 175.614961779044705, -36.712320727666359 ], [ 175.615667573609841, -36.712770584634562 ], [ 175.616405583127971, -36.713201369279872 ], [ 175.617146971361109, -36.713623264657031 ], [ 175.617874260071801, -36.714045970548263 ], [ 175.618634402295868, -36.714448630919854 ], [ 175.619404973849271, -36.714840507629873 ], [ 175.620168683866694, -36.715222203597165 ], [ 175.620958415518857, -36.71558175298307 ], [ 175.621765853528075, -36.715916726271729 ], [ 175.62257724718873, -36.716226781025782 ] ] } },
{ "type": "Feature", "properties": { "group_id": "nzd0155" }, "geometry": { "type": "LineString", "coordinates": [ [ 174.750746270321343, -36.711427969591476 ], [ 174.750396579188333, -36.712104104524521 ], [ 174.750147385304842, -36.712825959085038 ], [ 174.750119367424304, -36.713585225171641 ], [ 174.750037904010611, -36.714323161902392 ], [ 174.750076103542199, -36.715051283725181 ], [ 174.750104716446543, -36.715787069021616 ], [ 174.75002875670711, -36.716556827667397 ], [ 174.750151960026813, -36.717284347139682 ] ] } },
{ "type": "Feature", "properties": { "group_id": "nzd0156" }, "geometry": { "type": "LineString", "coordinates": [ [ 175.789129786754927, -36.701163821716186 ], [ 175.78898110415156, -36.701876843560953 ], [ 175.788991563713751, -36.702599757467219 ], [ 175.789141455694875, -36.703361262903691 ], [ 175.789417946688616, -36.704075621760246 ], [ 175.789585795538301, -36.704794887361039 ], [ 175.789764735831994, -36.705511134807331 ], [ 175.790099980427186, -36.706195665268893 ], [ 175.790474096292229, -36.706862620626673 ], [ 175.790868018976994, -36.707509742886025 ], [ 175.791248337722834, -36.708162046168141 ], [ 175.791626870725537, -36.708815024679694 ], [ 175.792004452258254, -36.709468360345802 ], [ 175.792403765098328, -36.710114431055523 ], [ 175.792786220715357, -36.710767510802405 ], [ 175.793215246065017, -36.711401159887316 ], [ 175.793615110106629, -36.712045856306645 ], [ 175.794043802675901, -36.712686702542221 ], [ 175.794567429235968, -36.713279873184533 ], [ 175.795054178116146, -36.713887698600097 ], [ 175.795567231179916, -36.714479244825185 ], [ 175.796054881043318, -36.715088392600926 ], [ 175.796614310620299, -36.71565603977502 ], [ 175.797169481131789, -36.716224620808227 ], [ 175.797754291537018, -36.716772614361481 ], [ 175.79836988338181, -36.717303425748064 ], [ 175.799002628118956, -36.717819611601371 ], [ 175.799665194884653, -36.718306268200074 ], [ 175.800338911268852, -36.718782851447678 ], [ 175.80105429649123, -36.719208779180128 ], [ 175.801772002882672, -36.719643271947326 ], [ 175.802505539213826, -36.720060733958604 ], [ 175.803295218006213, -36.72039548880408 ], [ 175.804132611880618, -36.72065168366192 ], [ 175.804980083162434, -36.720893822115372 ], [ 175.805835216657044, -36.721114872233343 ], [ 175.806683810222978, -36.72136074262977 ], [ 175.807567666836746, -36.721503258080809 ], [ 175.808455955949711, -36.7216443140968 ], [ 175.809352700479224, -36.721691457156631 ], [ 175.810246964169664, -36.721776695282152 ], [ 175.811146162838469, -36.721805244289037 ], [ 175.812046830755634, -36.721719787471585 ], [ 175.812948245853335, -36.721662945100377 ], [ 175.81385164967196, -36.721563027759885 ], [ 175.814717801368005, -36.721331481033417 ], [ 175.815570062733059, -36.72109213812341 ], [ 175.816387333800208, -36.720770067924171 ], [ 175.817167720095313, -36.720414421769433 ] ] } },
{ "type": "Feature", "properties": { "group_id": "nzd0157" }, "geometry": { "type": "LineString", "coordinates": [ [ 175.717125715608887, -36.723825622712333 ], [ 175.718023565933692, -36.723764103740884 ], [ 175.718911484327549, -36.723673611743088 ], [ 175.719784102962393, -36.72353271136317 ], [ 175.720650046900403, -36.723344996953834 ], [ 175.721510242525795, -36.723136453286934 ], [ 175.72238237289497, -36.722959015047564 ], [ 175.723231428527811, -36.722723029180628 ], [ 175.724080698538188, -36.722503892502175 ], [ 175.724879066582901, -36.722195571174787 ], [ 175.725672891271103, -36.72185796376958 ], [ 175.726410711495134, -36.721452233243454 ], [ 175.727098100242728, -36.72099211168203 ], [ 175.727798529223861, -36.720546604972462 ], [ 175.72835520192524, -36.719952407450251 ] ] } },
{ "type": "Feature", "properties": { "group_id": "nzd0158" }, "geometry": { "type": "LineString", "coordinates": [ [ 175.702104648127602, -36.726721308915948 ], [ 175.703003598725076, -36.726688106287526 ], [ 175.703896217901899, -36.726617330861956 ], [ 175.704792669788048, -36.726582021850504 ], [ 175.705686063418256, -36.726511274547441 ], [ 175.706595008827918, -36.72651099581482 ], [ 175.707491521385776, -36.726433470238305 ], [ 175.708360515716834, -36.726243526572148 ], [ 175.709245354812822, -36.726118816077765 ], [ 175.710108665346638, -36.725908336497447 ] ] } },
{ "type": "Feature", "properties": { "group_id": "nzd0159" }, "geometry": { "type": "LineString", "coordinates": [ [ 175.634954201147252, -36.725945209948712 ], [ 175.635713463000968, -36.7255233850737 ], [ 175.63647551585575, -36.725107331071122 ], [ 175.637246609311319, -36.724988008880615 ], [ 175.637897189410523, -36.724841413667889 ], [ 175.638744147851554, -36.724718268608548 ], [ 175.639655661956994, -36.72467535719634 ], [ 175.640554015696551, -36.7247182103835 ], [ 175.641457960523638, -36.724724613174928 ], [ 175.642361230127136, -36.72473611138026 ], [ 175.643227820425409, -36.724927710429483 ], [ 175.644084163092913, -36.725131108643062 ], [ 175.644970199600294, -36.725262683999318 ], [ 175.645821195095465, -36.725498047773883 ], [ 175.646677515387353, -36.725717640009705 ], [ 175.647552413304226, -36.725882203070974 ], [ 175.648418888353916, -36.726071714260279 ], [ 175.649296426680252, -36.726228452095214 ], [ 175.65016535243231, -36.726398896005975 ], [ 175.651036833038773, -36.726561030908435 ], [ 175.651914235026396, -36.726718878264883 ], [ 175.652804284200812, -36.726817360487395 ], [ 175.65369043881438, -36.726934656156125 ], [ 175.654575348406865, -36.727057965977025 ], [ 175.655458853641903, -36.727188060466332 ], [ 175.656346886246098, -36.727296278969561 ], [ 175.657232329350308, -36.727417008215525 ], [ 175.658110127523457, -36.72757467854462 ], [ 175.658999984731082, -36.727656606312785 ], [ 175.65988214974405, -36.727781233870722 ], [ 175.660772304376081, -36.727877127792929 ], [ 175.661661577983267, -36.727979523361654 ], [ 175.662549341518798, -36.728092016733505 ], [ 175.66344378312175, -36.72815985407388 ], [ 175.664330213881158, -36.728281260621415 ], [ 175.665219625809556, -36.728382731761243 ], [ 175.666114746714271, -36.728446020462876 ], [ 175.667007999108449, -36.728521802982662 ], [ 175.667901710912389, -36.728594510124317 ], [ 175.668793644503978, -36.728643701298303 ], [ 175.669672314024751, -36.728760235308783 ], [ 175.670564366098233, -36.728804091574005 ], [ 175.671460201225813, -36.728862175270734 ], [ 175.672356786290919, -36.728906646923626 ], [ 175.673251976576836, -36.72897644513808 ], [ 175.674148483706858, -36.72900289556533 ], [ 175.675038721489443, -36.729040073846619 ], [ 175.675933128545779, -36.729113173327562 ], [ 175.676832484930259, -36.729159315461189 ] ] } },
{ "type": "Feature", "properties": { "group_id": "nzd0160" }, "geometry": { "type": "LineString", "coordinates": [ [ 175.686030145311094, -36.727599214647206 ], [ 175.686926469113899, -36.727647280736626 ], [ 175.687806830106297, -36.727674602596096 ], [ 175.688683088881504, -36.727678867146452 ], [ 175.689586017975699, -36.727709621247087 ], [ 175.690486905527678, -36.727732411100483 ], [ 175.691373071985424, -36.727715280887949 ], [ 175.692265260718926, -36.727701160450835 ] ] } },
{ "type": "Feature", "properties": { "group_id": "nzd0161" }, "geometry": { "type": "LineString", "coordinates": [ [ 174.426032063050286, -36.830182257608094 ], [ 174.42592745387438, -36.829468108395439 ], [ 174.425752582223481, -36.828761208892423 ], [ 174.42559438736663, -36.828050557188085 ], [ 174.425425256542781, -36.827340032033355 ], [ 174.42521102132747, -36.82663756247608 ], [ 174.424931417482384, -36.825953510551109 ], [ 174.424612231128776, -36.825278769444139 ], [ 174.42430894593366, -36.824605990546033 ], [ 174.423918354179278, -36.823960188242559 ], [ 174.423577875921552, -36.823294729733909 ], [ 174.423162065841325, -36.822660155444808 ], [ 174.422774845802138, -36.82201788810714 ], [ 174.422381857105279, -36.821372111501802 ], [ 174.422005158895729, -36.82071868213346 ], [ 174.421586976394963, -36.820082227065569 ], [ 174.421190017731249, -36.819437079560444 ], [ 174.420785233444747, -36.818795129742021 ], [ 174.420418500054836, -36.818137601122821 ], [ 174.420054500380218, -36.817478947326585 ], [ 174.419706916618082, -36.816813567475165 ], [ 174.419304360385183, -36.816170626796534 ], [ 174.41890473762561, -36.815526458670249 ], [ 174.418511440248778, -36.814879789475455 ], [ 174.41812233360227, -36.814231459955465 ], [ 174.417723658107377, -36.813587001906797 ], [ 174.417345634851074, -36.812934170943208 ], [ 174.416964151028424, -36.812282665596221 ], [ 174.416610400392841, -36.811623029495244 ], [ 174.416256652757426, -36.810960737083214 ], [ 174.415905967515414, -36.81029697229588 ], [ 174.415523530264295, -36.80964204946406 ], [ 174.415113807132883, -36.809002529827481 ], [ 174.414777479358577, -36.808383319835457 ], [ 174.414432054419223, -36.807741670743518 ], [ 174.414191540465538, -36.807003645137868 ], [ 174.413545411212567, -36.806485291946117 ], [ 174.413105981689966, -36.805853362957954 ], [ 174.412708449902027, -36.805206990886056 ], [ 174.41232332418474, -36.804557070542231 ], [ 174.411936184483551, -36.803907907236955 ], [ 174.41153249673016, -36.803265395264916 ], [ 174.411135094192019, -36.802620349490176 ], [ 174.410706162783185, -36.801988034495203 ], [ 174.410297021438367, -36.801348191825376 ], [ 174.409821726953652, -36.800736364589412 ], [ 174.409413677993456, -36.800095466617222 ], [ 174.408995094479565, -36.799459054727798 ], [ 174.408540429078329, -36.798838021053854 ], [ 174.408127298763077, -36.798199273566482 ], [ 174.407722061382714, -36.797558027299864 ], [ 174.407301114530185, -36.796924967751814 ], [ 174.406873584383021, -36.796293525636273 ], [ 174.406457854988275, -36.795655147038985 ], [ 174.406080374113799, -36.794999082812943 ], [ 174.405672407502209, -36.794357105496246 ], [ 174.405255452763498, -36.793719277809039 ], [ 174.404851455411659, -36.793075901143979 ], [ 174.404461201262023, -36.792428620793672 ], [ 174.404035777927334, -36.791796560530102 ], [ 174.403666027153662, -36.791139627882501 ], [ 174.403260142356061, -36.790497827179394 ], [ 174.402812886456218, -36.7898733524083 ], [ 174.402425330705398, -36.789223862535671 ], [ 174.402017016648813, -36.788583063425087 ], [ 174.401611458705531, -36.787941104349613 ], [ 174.401173501388314, -36.787312712804876 ], [ 174.400788687821574, -36.786662308836668 ], [ 174.400313131373792, -36.786049768234761 ], [ 174.399843897668319, -36.785433790533418 ], [ 174.399406843384128, -36.78480463435946 ], [ 174.398985107458287, -36.78416926890921 ], [ 174.398599970053311, -36.783519075795454 ], [ 174.398235781796814, -36.782860559385504 ], [ 174.397839998938963, -36.782215423239236 ], [ 174.397420709038528, -36.781579750429465 ], [ 174.397063835460386, -36.780916498792436 ], [ 174.396650737771211, -36.780277526560909 ], [ 174.396283230414753, -36.779618857238653 ], [ 174.395813388560327, -36.779004383873051 ], [ 174.395428454488666, -36.778353231045159 ], [ 174.395030898689583, -36.777707524594085 ], [ 174.394518638331476, -36.77711157879834 ], [ 174.394065425717429, -36.776490886380053 ], [ 174.393635716139784, -36.775859294200579 ], [ 174.393160101152858, -36.775248324858886 ], [ 174.392699163586883, -36.774630621328924 ], [ 174.392242415831163, -36.774010991788856 ], [ 174.391839695903002, -36.773366587320382 ], [ 174.391406683674035, -36.772736065604768 ], [ 174.390989674021796, -36.77209820211408 ], [ 174.390628776622265, -36.77143460787898 ], [ 174.390182659690424, -36.770810078733966 ], [ 174.389760362936357, -36.770174623671593 ], [ 174.389346523576847, -36.769535285997229 ], [ 174.388915053826111, -36.768904026132176 ], [ 174.38847551804335, -36.768276459139926 ], [ 174.387997492411131, -36.76766653370386 ], [ 174.387548534600739, -36.767043263248681 ], [ 174.387099135664357, -36.766420177666291 ], [ 174.38669063101986, -36.765778470654084 ], [ 174.386274405056753, -36.765140275780837 ], [ 174.385856588406227, -36.764502800337297 ], [ 174.385448077319637, -36.763861080679767 ], [ 174.384994517455937, -36.763239877240061 ], [ 174.384504161686721, -36.762635430554518 ], [ 174.384036286233595, -36.762020738097206 ], [ 174.383621143754368, -36.761382018647438 ], [ 174.383158453772722, -36.760764953710627 ], [ 174.382743382727966, -36.760126191378134 ], [ 174.382378966144415, -36.759464348746235 ], [ 174.381933563695753, -36.758839393183003 ], [ 174.381520578204515, -36.758199665218115 ], [ 174.381040505480854, -36.757590493063084 ], [ 174.380643758895133, -36.756943357269122 ], [ 174.380184622106782, -36.756324637631337 ], [ 174.379767101776281, -36.755686954787905 ], [ 174.379300776063303, -36.755071499703945 ], [ 174.378790312603996, -36.754476146076797 ], [ 174.378377547201126, -36.753836281704785 ], [ 174.377902983938043, -36.753224563724132 ], [ 174.37747612334644, -36.752591109984074 ], [ 174.377103423658752, -36.751932978394827 ], [ 174.376664410419778, -36.751305050356315 ], [ 174.376212067426735, -36.750683189460602 ], [ 174.375794722457044, -36.750045380222055 ], [ 174.375362778232642, -36.749414216435156 ], [ 174.3749172466608, -36.748789237150177 ], [ 174.374522846372003, -36.748140923231837 ], [ 174.37406095539086, -36.747523373046498 ], [ 174.37361448774368, -36.746898795074188 ], [ 174.373138823732972, -36.746287657757762 ], [ 174.372683073859065, -36.74566735350686 ], [ 174.372208055724286, -36.745055908792764 ], [ 174.371743336916353, -36.744439720586236 ], [ 174.371326263100627, -36.743801607411299 ], [ 174.370918746754541, -36.743159091994876 ], [ 174.370486231972137, -36.742528072376885 ], [ 174.370070387805583, -36.741889377991733 ], [ 174.369673225037303, -36.741242083703106 ], [ 174.369234431035494, -36.740613937503809 ], [ 174.368754939150051, -36.740004510040343 ], [ 174.368302458223411, -36.739382650524107 ], [ 174.367806546352256, -36.738780767146899 ], [ 174.367398989576969, -36.738138229121198 ], [ 174.36696426995718, -36.737508182756279 ], [ 174.366559353576434, -36.736864419625476 ], [ 174.366109304061126, -36.736241415819485 ], [ 174.365653620786247, -36.735620998819016 ], [ 174.36520883207973, -36.734995564398737 ], [ 174.364764678230216, -36.734369832763697 ], [ 174.364310926788761, -36.733748511589027 ], [ 174.363830470113982, -36.733139471646524 ], [ 174.363404198920989, -36.732505497288166 ], [ 174.362974295815491, -36.731873188727583 ], [ 174.362529362962903, -36.731247789824167 ], [ 174.362096116684882, -36.730617692716983 ], [ 174.361663093569121, -36.729987729189865 ], [ 174.361137855250007, -36.729401399574265 ], [ 174.360647246196606, -36.72879783904515 ], [ 174.360153310081813, -36.728195885343581 ], [ 174.359719466596886, -36.7275648141717 ], [ 174.359269298190497, -36.72694164675606 ], [ 174.358894204223361, -36.726282103634198 ], [ 174.358446973217298, -36.725657503101324 ], [ 174.358017289558177, -36.725024396507131 ], [ 174.357593363320319, -36.724388495612395 ], [ 174.357178668583089, -36.723748117332278 ], [ 174.356683377771873, -36.723146780020684 ], [ 174.356233597648838, -36.722523389364049 ], [ 174.355817440245204, -36.721883704624467 ], [ 174.355366154689477, -36.721261033261754 ], [ 174.354966850313559, -36.720613173687774 ], [ 174.354550799449299, -36.719973422176494 ], [ 174.354091118734914, -36.719354802942746 ], [ 174.353674477406855, -36.718715327418188 ], [ 174.353249152645446, -36.718080053708888 ], [ 174.352765719888083, -36.717472926618356 ], [ 174.352295730807242, -36.716859281458504 ], [ 174.351835148916535, -36.716241073785397 ], [ 174.351389339525213, -36.715615704249466 ], [ 174.350970152716314, -36.714977431786593 ], [ 174.350533393355164, -36.71434766770841 ], [ 174.350137644395062, -36.713698030117271 ], [ 174.349668739185915, -36.713083829823859 ], [ 174.349234059815331, -36.712453737461274 ], [ 174.348751608409287, -36.711849180132205 ], [ 174.348313009111962, -36.711223146936824 ], [ 174.347843767828209, -36.710608743106 ], [ 174.347365130750944, -36.70999864813983 ], [ 174.346941318553718, -36.709363375682564 ], [ 174.346502499893944, -36.708734988166341 ], [ 174.346058070832981, -36.708109171481027 ], [ 174.345571030556556, -36.707502914272169 ], [ 174.34511544605445, -36.706882209261316 ], [ 174.344658451758647, -36.706262146414886 ], [ 174.344200388038416, -36.705642569455584 ], [ 174.343767307279478, -36.70501151661643 ], [ 174.343287024558123, -36.704402131092017 ], [ 174.342858057730183, -36.703769179098082 ], [ 174.34243830685682, -36.70313199050215 ], [ 174.341978927912095, -36.702512991756485 ], [ 174.341519911193899, -36.701893821566266 ], [ 174.341057449938518, -36.701276227786153 ], [ 174.340606180074417, -36.700653490408968 ], [ 174.340149930225692, -36.700033034433382 ], [ 174.339685599267199, -36.699416283728176 ], [ 174.339235381401494, -36.698793047935872 ], [ 174.338835463143425, -36.698146712154099 ], [ 174.338393348048271, -36.697519745722808 ], [ 174.33793201036741, -36.696901600141594 ], [ 174.337429328626484, -36.696302432410967 ], [ 174.336937643665635, -36.69569821041069 ], [ 174.336426648331297, -36.695102849545016 ], [ 174.336006265698472, -36.69446678880891 ], [ 174.335574159961226, -36.693839054372553 ], [ 174.33512596963962, -36.693217498005339 ], [ 174.334681258571806, -36.692591166506517 ], [ 174.334270558982354, -36.691947999669573 ], [ 174.33391638879408, -36.691276854481664 ], [ 174.33353204234632, -36.690620636753415 ], [ 174.333065816512743, -36.690004931816723 ], [ 174.332652330342228, -36.689363123790997 ], [ 174.332195535841009, -36.688742741857276 ], [ 174.331720696275369, -36.688131284561941 ], [ 174.331257517149709, -36.687514052158136 ], [ 174.33080346869545, -36.686892296491031 ], [ 174.330335430943251, -36.686277458479871 ], [ 174.329889607075017, -36.685651622962055 ], [ 174.32946458345279, -36.685015489440474 ], [ 174.32904243140274, -36.684377929917993 ], [ 174.328644414184794, -36.683728422177488 ], [ 174.328165097318134, -36.683119803252261 ], [ 174.327771586327827, -36.682470764675209 ], [ 174.327342491282252, -36.681838817712851 ], [ 174.326877799846528, -36.681222310181461 ], [ 174.326380340512856, -36.680621515634179 ], [ 174.325877532544638, -36.680023281675545 ], [ 174.325442990476176, -36.679392297133653 ], [ 174.324972772739926, -36.678778420356871 ], [ 174.324498830413262, -36.678166325159879 ], [ 174.324061428873364, -36.677536697144745 ], [ 174.32362058021198, -36.676908717594451 ], [ 174.323086618834736, -36.676325397151281 ], [ 174.322656249877866, -36.675692380682932 ], [ 174.322160007661722, -36.675090957149521 ], [ 174.321715651021862, -36.674464640211831 ], [ 174.321252678298208, -36.673847247979879 ], [ 174.320832664121099, -36.673209244397356 ], [ 174.320365545654454, -36.672593830737064 ], [ 174.319936683645381, -36.671959088272203 ], [ 174.319509662522876, -36.671322975049385 ], [ 174.319004996254392, -36.670725889807663 ], [ 174.318520964894276, -36.670118778566341 ], [ 174.317993329816176, -36.669533055894298 ], [ 174.317551238270426, -36.668905357565791 ], [ 174.317096450878438, -36.668283883292247 ], [ 174.316678125559804, -36.667644514405033 ], [ 174.31624501564994, -36.667012394375135 ], [ 174.315770570321433, -36.666400550086223 ], [ 174.315362000788696, -36.665756379621691 ], [ 174.314908467700349, -36.665134265026481 ], [ 174.314448003513746, -36.664515546129046 ], [ 174.314000829340898, -36.66389030164418 ], [ 174.313598309886061, -36.663243142728376 ], [ 174.313068179588839, -36.662658589977084 ], [ 174.312596316733163, -36.662045443853906 ], [ 174.312083668160312, -36.661452120456723 ], [ 174.31161395954436, -36.660837521202509 ], [ 174.311111910244563, -36.660239109469416 ], [ 174.310681397911821, -36.65960547553864 ], [ 174.310236770343607, -36.658978825990495 ], [ 174.309802797871271, -36.658346895445547 ], [ 174.309350004100509, -36.657724279588898 ], [ 174.308887315221369, -36.657106558501155 ], [ 174.308356915673983, -36.656522088791142 ], [ 174.307840513722653, -36.655930648803789 ], [ 174.307404272345764, -36.655299374083356 ], [ 174.306916419103544, -36.654694186971007 ], [ 174.306455645580144, -36.654075402211248 ], [ 174.305987006657716, -36.653460560601481 ], [ 174.30556595300672, -36.652821828461377 ], [ 174.305114831606346, -36.65219818401426 ], [ 174.304633956155243, -36.651589469847721 ], [ 174.304168906661033, -36.650972806853794 ], [ 174.303673129653333, -36.650371562795833 ], [ 174.303188773445299, -36.649764581103014 ], [ 174.302724321790294, -36.649147603304577 ], [ 174.302243546557634, -36.64853881431285 ], [ 174.301730702162899, -36.64794563166906 ], [ 174.301287988587092, -36.647316781073783 ], [ 174.300838218558226, -36.646691986663754 ], [ 174.300380401109862, -36.646071393177778 ], [ 174.299891597043143, -36.645466707991957 ], [ 174.299412944995339, -36.644856804400781 ], [ 174.298933902969253, -36.644247096237606 ], [ 174.298448840370128, -36.643640475093825 ], [ 174.297974123872336, -36.643028535866641 ], [ 174.297583617249586, -36.642377113803171 ], [ 174.297137324696791, -36.641757216791902 ], [ 174.296671271481586, -36.641142796808587 ], [ 174.296150053877398, -36.640552190724755 ], [ 174.295658726242294, -36.639947647389839 ], [ 174.295146128729613, -36.639353013141871 ], [ 174.294632437633055, -36.638758883516417 ], [ 174.294202759726574, -36.638125589140536 ], [ 174.293758619804407, -36.637499030598619 ], [ 174.293326714899507, -36.636866764038075 ], [ 174.292868258474755, -36.636246868424649 ], [ 174.292364868451273, -36.635647911926469 ] ] } },
{ "type": "Feature", "properties": { "group_id": "nzd0162" }, "geometry": { "type": "LineString", "coordinates": [ [ 175.811259608243148, -36.737460691347401 ], [ 175.810262148041886, -36.737443626168627 ], [ 175.809329118398438, -36.73750132199536 ], [ 175.808426818236256, -36.73758448503802 ], [ 175.807536741926612, -36.737752618699325 ], [ 175.806636017433931, -36.737959168045684 ], [ 175.805874757781083, -36.738352941772838 ] ] } },
{ "type": "Feature", "properties": { "group_id": "nzd0163" }, "geometry": { "type": "LineString", "coordinates": [ [ 175.168510457940982, -36.745641317513098 ], [ 175.168618910684955, -36.74634051312735 ], [ 175.168912915766356, -36.747020756861723 ], [ 175.169071648882721, -36.747700142827895 ], [ 175.169347535731191, -36.748360837721521 ], [ 175.169798663876691, -36.748957513754021 ], [ 175.170317574940867, -36.7495292028674 ], [ 175.170942643641268, -36.750032204899931 ], [ 175.171623852294829, -36.750500189821196 ] ] } },
{ "type": "Feature", "properties": { "group_id": "nzd0164" }, "geometry": { "type": "LineString", "coordinates": [ [ 175.757424728567742, -36.757698346821314 ], [ 175.756473061620085, -36.757777179286556 ], [ 175.755670189554735, -36.75817290165682 ] ] } },
{ "type": "Feature", "properties": { "group_id": "nzd0165" }, "geometry": { "type": "LineString", "coordinates": [ [ 175.144655818909882, -36.764534630856183 ], [ 175.145450103303659, -36.764742482968657 ], [ 175.146203185593095, -36.764549962113129 ], [ 175.146934229399704, -36.764241543802676 ], [ 175.147641450410987, -36.763847637638641 ], [ 175.148317813641285, -36.763385998117066 ] ] } },
{ "type": "Feature", "properties": { "group_id": "nzd0166" }, "geometry": { "type": "LineString", "coordinates": [ [ 175.750458387035877, -36.764023762506703 ], [ 175.750069115513185, -36.764698244473628 ], [ 175.749879033695208, -36.765468239901288 ], [ 175.750163645783999, -36.766228829361815 ] ] } },
{ "type": "Feature", "properties": { "group_id": "nzd0168" }, "geometry": { "type": "LineString", "coordinates": [ [ 175.749544068414309, -36.768304936860076 ], [ 175.749331344302533, -36.769012623129932 ], [ 175.7491688442623, -36.769731946168442 ], [ 175.748995118434436, -36.770461937179682 ], [ 175.749056942391746, -36.771177915216562 ] ] } },
{ "type": "Feature", "properties": { "group_id": "nzd0170" }, "geometry": { "type": "LineString", "coordinates": [ [ 175.748648680330149, -36.772403748737275 ], [ 175.748499474133439, -36.773113752070294 ], [ 175.748393294374495, -36.773831912042873 ], [ 175.748241558467271, -36.774550963038287 ], [ 175.748089990646037, -36.775272310390484 ], [ 175.748064487224383, -36.775993711259474 ] ] } },
{ "type": "Feature", "properties": { "group_id": "nzd0171" }, "geometry": { "type": "LineString", "coordinates": [ [ 175.009164820276993, -36.778140481725401 ], [ 175.009239236321804, -36.778878310500986 ], [ 175.00949936978293, -36.779581186606116 ], [ 175.009894119950985, -36.780253664762483 ], [ 175.010448670687595, -36.780835984466044 ], [ 175.011035561519577, -36.781390151338044 ], [ 175.011678755810664, -36.781894428032452 ], [ 175.012360193320376, -36.782375806998807 ], [ 175.013104385374987, -36.782816776432092 ], [ 175.013884991924556, -36.783178686637612 ] ] } },
{ "type": "Feature", "properties": { "group_id": "nzd0172" }, "geometry": { "type": "LineString", "coordinates": [ [ 175.097854080908633, -36.785609783429656 ], [ 175.098738663548659, -36.785685626348382 ], [ 175.099580070777847, -36.785478575393768 ], [ 175.100412096294576, -36.785232041408563 ], [ 175.10122977881494, -36.784938439218287 ] ] } },
{ "type": "Feature", "properties": { "group_id": "nzd0173" }, "geometry": { "type": "LineString", "coordinates": [ [ 175.066874967201329, -36.785144906762618 ], [ 175.067726789202283, -36.785378902653932 ], [ 175.068601334136531, -36.785544093021556 ], [ 175.069442007415375, -36.785810443611645 ], [ 175.070307470355544, -36.786001991322522 ], [ 175.07118405988308, -36.786159101262001 ], [ 175.072066276231368, -36.7862967675146 ], [ 175.072930252400653, -36.786454320556544 ], [ 175.07380340405814, -36.786562777885614 ], [ 175.074692679117049, -36.786684486843875 ], [ 175.075584703781004, -36.786795798226649 ], [ 175.076475927836441, -36.786894807439253 ], [ 175.077365181240623, -36.786970545754009 ], [ 175.078240017128792, -36.787076155992082 ], [ 175.079128041467726, -36.787138323140979 ], [ 175.080023617885786, -36.787193518083953 ], [ 175.080918130369298, -36.787242910078852 ], [ 175.081809119628787, -36.787331970963386 ], [ 175.082706654488902, -36.787355801968218 ], [ 175.08360188648092, -36.787417920927609 ], [ 175.084498630673778, -36.787474887851161 ], [ 175.085403474690878, -36.787521391840542 ], [ 175.08630246762678, -36.78761000731118 ] ] } },
{ "type": "Feature", "properties": { "group_id": "nzd0174" }, "geometry": { "type": "LineString", "coordinates": [ [ 174.7755745279716, -36.787485424280774 ], [ 174.775997561957809, -36.788111951488162 ], [ 174.776499199277822, -36.788696321036618 ], [ 174.777041805990933, -36.789264040211094 ], [ 174.77758715583505, -36.789836195188208 ], [ 174.778181678408146, -36.79037505407868 ], [ 174.778796232996456, -36.790894757431353 ], [ 174.779412515832689, -36.791413034062138 ], [ 174.780036306364593, -36.791930726656091 ], [ 174.78065984956848, -36.792446247723852 ], [ 174.781291166019031, -36.792946927673825 ], [ 174.781898264279391, -36.793471461536534 ] ] } },
{ "type": "Feature", "properties": { "group_id": "nzd0176" }, "geometry": { "type": "LineString", "coordinates": [ [ 175.706243305877052, -36.804832020466613 ], [ 175.705468438201621, -36.805196305069629 ], [ 175.704689970046019, -36.805567742181971 ], [ 175.703873676898098, -36.805913229899055 ], [ 175.703108056696209, -36.80637438981654 ], [ 175.70241798896086, -36.806913803014297 ], [ 175.701512014590122, -36.807348283348659 ], [ 175.701378017356262, -36.808202669731251 ], [ 175.701225830911369, -36.808951403678272 ], [ 175.70097889441098, -36.809647275720422 ], [ 175.700785058186653, -36.810357430215639 ], [ 175.700603650479167, -36.811069116919192 ], [ 175.700501281195585, -36.811789023314596 ], [ 175.700399576706161, -36.81251357286682 ], [ 175.700417023778073, -36.813238679716633 ], [ 175.70046271621311, -36.813961200445284 ], [ 175.700442802413761, -36.814684940896811 ], [ 175.700431172466097, -36.815410500159508 ], [ 175.700450299453905, -36.816133823957465 ], [ 175.700591742217597, -36.816849086684812 ], [ 175.700830438873055, -36.81755795699236 ], [ 175.701057263913924, -36.818260453117119 ], [ 175.701232198725222, -36.818965542022369 ], [ 175.701338685695504, -36.819681206488603 ], [ 175.701644837641425, -36.820364098884099 ], [ 175.701820701139013, -36.82106924974093 ], [ 175.702038730169306, -36.821767398855485 ], [ 175.702229996513267, -36.822469851761753 ], [ 175.702386008093669, -36.823178557620501 ], [ 175.702599125182218, -36.823876320815991 ], [ 175.702733391668175, -36.824592162571975 ], [ 175.702918478165486, -36.825297367678722 ], [ 175.703180354360995, -36.825986614126201 ], [ 175.703528900690515, -36.826652169961804 ], [ 175.703972512379011, -36.827264000025558 ], [ 175.704453988199703, -36.827851942482894 ], [ 175.704985783669258, -36.828424143800326 ], [ 175.705546946519206, -36.82897898295311 ], [ 175.706172610441001, -36.829465352538151 ], [ 175.70689162806525, -36.829860684009539 ], [ 175.707626166721013, -36.830222903868119 ], [ 175.708298366219992, -36.830672556322057 ] ] } },
{ "type": "Feature", "properties": { "group_id": "nzd0177" }, "geometry": { "type": "LineString", "coordinates": [ [ 175.714842285679168, -36.827188871224394 ], [ 175.715239864867186, -36.827834447979569 ], [ 175.715654178649174, -36.828471978614374 ], [ 175.716105633804773, -36.82908665232992 ], [ 175.716586620311404, -36.829683896697944 ], [ 175.71712135784054, -36.830246855266203 ], [ 175.717752645465339, -36.830755664573957 ], [ 175.718516335732289, -36.831134152218347 ] ] } },
{ "type": "Feature", "properties": { "group_id": "nzd0178" }, "geometry": { "type": "LineString", "coordinates": [ [ 174.427732741822922, -36.836326852989288 ], [ 174.427490144686971, -36.835631581375331 ], [ 174.426894877619333, -36.835043406557297 ], [ 174.426477871195999, -36.834401089600533 ], [ 174.426197061571713, -36.833717405187024 ] ] } },
{ "type": "Feature", "properties": { "group_id": "nzd0179" }, "geometry": { "type": "LineString", "coordinates": [ [ 175.732662575649073, -36.831203655143511 ], [ 175.733291046570287, -36.831717915472069 ], [ 175.733929538353891, -36.832223713348 ], [ 175.734602876680526, -36.83270036180096 ], [ 175.735295001623513, -36.83316005628231 ], [ 175.735979378426492, -36.833620864190522 ], [ 175.736698821883749, -36.8340347637495 ], [ 175.737427425655454, -36.834450203376676 ], [ 175.73819420720136, -36.834823564700088 ], [ 175.73896065050954, -36.835182797769825 ], [ 175.739737882169919, -36.835506193538322 ], [ 175.740539910858843, -36.835827896126951 ], [ 175.741368988626675, -36.836107080310029 ], [ 175.742208746691546, -36.836364329051491 ], [ 175.743056571928975, -36.836602223196245 ], [ 175.743931109387574, -36.836764764027151 ], [ 175.744793591783207, -36.836946846097113 ], [ 175.745674537051826, -36.837060040230533 ], [ 175.746549601700309, -36.837179280703133 ], [ 175.747445411146856, -36.837225805226055 ], [ 175.748344200749614, -36.837246261924548 ], [ 175.749242601575787, -36.837233592486761 ], [ 175.750156548785156, -36.837224906610786 ], [ 175.751050457645363, -36.837136473792604 ], [ 175.751943365934324, -36.837028735704436 ], [ 175.752794224671334, -36.836764814133659 ], [ 175.753674875909553, -36.836605986919814 ], [ 175.754549427850264, -36.836437878866874 ], [ 175.755424504010477, -36.836272577600639 ], [ 175.756262722921008, -36.836006743900242 ] ] } },
{ "type": "Feature", "properties": { "group_id": "nzd0180" }, "geometry": { "type": "LineString", "coordinates": [ [ 175.80227652881365, -36.835691295394732 ], [ 175.803063302418735, -36.836039655699743 ], [ 175.803872346382235, -36.836359131731108 ], [ 175.804630817186933, -36.836744191802396 ], [ 175.805378239179873, -36.837147843106848 ], [ 175.806120977728142, -36.837557468700886 ], [ 175.806842531610528, -36.837988351911044 ], [ 175.807588376417414, -36.838384731956204 ], [ 175.80833144026218, -36.83878120112449 ], [ 175.809080506066465, -36.839175796537788 ], [ 175.809808581104534, -36.839603238370636 ], [ 175.810524574057496, -36.84004473213966 ], [ 175.811240113197414, -36.840482735334781 ], [ 175.811950278316374, -36.840916998087167 ], [ 175.812652784054393, -36.841364377656859 ], [ 175.81336933183178, -36.841798942963862 ] ] } },
{ "type": "Feature", "properties": { "group_id": "nzd0185" }, "geometry": { "type": "LineString", "coordinates": [ [ 175.841516827065163, -36.953245520837278 ], [ 175.841605202228237, -36.953967255168223 ], [ 175.841697514678827, -36.954699793903195 ], [ 175.842000866183241, -36.955406407815204 ], [ 175.842351453454995, -36.956101132370847 ], [ 175.842798359251844, -36.956790706751931 ], [ 175.843331556902825, -36.957445640601442 ] ] } },
{ "type": "Feature", "properties": { "group_id": "nzd0186" }, "geometry": { "type": "LineString", "coordinates": [ [ 175.843051657660908, -36.961718897136542 ], [ 175.843136709203975, -36.962437530760759 ], [ 175.843388895070092, -36.963147304988169 ], [ 175.843686226170746, -36.963863847105102 ], [ 175.844086863288226, -36.964537684654481 ], [ 175.844457479482372, -36.965192810046275 ], [ 175.844864212544053, -36.965833838296717 ], [ 175.845187524819551, -36.966510740945658 ] ] } },
{ "type": "Feature", "properties": { "group_id": "nzd0187" }, "geometry": { "type": "LineString", "coordinates": [ [ 174.468913547645627, -36.980207454022612 ], [ 174.468750175745555, -36.979500625801457 ], [ 174.468440655381016, -36.978822406785866 ], [ 174.46819680734589, -36.978131322849016 ], [ 174.467975600355203, -36.977435799438837 ] ] } },
{ "type": "Feature", "properties": { "group_id": "nzd0189" }, "geometry": { "type": "LineString", "coordinates": [ [ 175.864344091902296, -37.006555503224341 ], [ 175.864521638343518, -37.007263498550969 ], [ 175.864646266475717, -37.007985188272698 ], [ 175.864848342309472, -37.008686820128879 ], [ 175.865135427342238, -37.009366436668934 ], [ 175.865482681650718, -37.010030469058329 ], [ 175.865823959108099, -37.01069663478382 ], [ 175.86606511323447, -37.011392100325011 ], [ 175.866307191756192, -37.012088739515391 ], [ 175.866607209610464, -37.012764813242057 ], [ 175.866907711938637, -37.013440736278412 ], [ 175.867171313217796, -37.014129266692528 ], [ 175.867439983733362, -37.014818156955933 ], [ 175.867717313908429, -37.01550323313208 ], [ 175.868001900949565, -37.016184656624937 ], [ 175.868270267234578, -37.016871238546827 ], [ 175.86856729797961, -37.017547600330808 ], [ 175.868877369894903, -37.018216968384856 ], [ 175.869176156443473, -37.018890707471733 ], [ 175.869490328587659, -37.019562500231345 ], [ 175.869828512146228, -37.02022704358162 ], [ 175.870165274564783, -37.02089627763452 ], [ 175.870504733829222, -37.021567465239684 ], [ 175.870868816832029, -37.022226230734731 ], [ 175.871190196182454, -37.022896442504283 ], [ 175.871530267605579, -37.023564864201305 ], [ 175.871900694519184, -37.024230173063899 ], [ 175.872293962628362, -37.024883313962796 ], [ 175.872697490133248, -37.025535744004337 ], [ 175.873110057984036, -37.026187442840211 ], [ 175.873580540219905, -37.026795695458979 ], [ 175.87403474267478, -37.027411363325392 ] ] } },
{ "type": "Feature", "properties": { "group_id": "nzd0190" }, "geometry": { "type": "LineString", "coordinates": [ [ 174.502259219176295, -37.049995779940247 ], [ 174.501428915614241, -37.050356510656613 ], [ 174.500598525565806, -37.05071687893318 ], [ 174.499758314698965, -37.051034564815843 ], [ 174.498919447162791, -37.051358102285079 ], [ 174.498039752427673, -37.05167479701246 ], [ 174.496962926493666, -37.051994100284354 ], [ 174.495190301928517, -37.053082300724867 ], [ 174.494308522381004, -37.052897208967842 ], [ 174.493507901528659, -37.052570674646987 ], [ 174.492705672517417, -37.052246942107459 ], [ 174.491800279421966, -37.052102992788249 ], [ 174.491004284551195, -37.051768392578772 ], [ 174.490389357764883, -37.051118250102419 ], [ 174.490792608722984, -37.048693714030854 ], [ 174.488835397060086, -37.050121612573093 ], [ 174.487633004554965, -37.049862054600375 ], [ 174.487009843574725, -37.049133136682762 ], [ 174.486530058946556, -37.048469765507221 ], [ 174.486018357010778, -37.047837412339817 ], [ 174.485475009456138, -37.04723581332243 ], [ 174.484927640792705, -37.046638120035503 ], [ 174.484490641616418, -37.045933154850715 ], [ 174.48396838462341, -37.045311050205378 ], [ 174.483493073377161, -37.044643315636719 ], [ 174.482967088749916, -37.044024828909052 ], [ 174.482488121126693, -37.043360642790738 ], [ 174.482142882929963, -37.042738475482494 ], [ 174.481816624751758, -37.042197809707673 ], [ 174.48143085558857, -37.041556060070121 ], [ 174.480995720778992, -37.040928735939396 ], [ 174.480687563926409, -37.040243467044121 ], [ 174.480333754034177, -37.03957902409018 ], [ 174.479968241485778, -37.03891991572889 ], [ 174.479620268188825, -37.038252798876307 ], [ 174.479330496763566, -37.037559118926723 ], [ 174.478958272664102, -37.036903057056982 ], [ 174.478671987854597, -37.036207775158523 ], [ 174.478424174678366, -37.035494932627877 ], [ 174.478056142572512, -37.034836941782125 ], [ 174.477937986396967, -37.034467266977025 ], [ 174.477779645679306, -37.034181188725135 ], [ 174.477368372509204, -37.033533776973066 ], [ 174.477106750477276, -37.032826591255031 ], [ 174.476798318634565, -37.032121340874355 ], [ 174.476498925290059, -37.031415708068877 ], [ 174.476244395525555, -37.030708206386642 ], [ 174.476011071466672, -37.029999817689209 ], [ 174.475761735430211, -37.029292086260917 ], [ 174.475479287243729, -37.028585721475231 ], [ 174.475166985190583, -37.027880587955607 ], [ 174.474875141610937, -37.027174598356183 ], [ 174.474760165917502, -37.0264612645421 ], [ 174.474571428236061, -37.025756753809794 ], [ 174.47438765552829, -37.025068520334138 ], [ 174.474258428768906, -37.024372659850499 ], [ 174.474268192975046, -37.023649995388986 ], [ 174.47432904128209, -37.022922688810837 ], [ 174.474451423706626, -37.022189791645175 ], [ 174.474612526102845, -37.021453373744286 ], [ 174.474657966427145, -37.020727444242418 ], [ 174.47469550051224, -37.020002225285516 ], [ 174.474718187341324, -37.019278346780219 ], [ 174.474703200361745, -37.018557880238504 ], [ 174.474754793655535, -37.017831364835025 ], [ 174.474394984585928, -37.017142176765688 ], [ 174.474653405574145, -37.016396878614792 ], [ 174.474663598805222, -37.015674099829504 ], [ 174.47473730538988, -37.014945550215003 ], [ 174.474826559224283, -37.014215582620487 ], [ 174.474833012339332, -37.013516228425289 ], [ 174.474833313408169, -37.012825159969786 ], [ 174.47487752488712, -37.01210951833 ], [ 174.474919432305683, -37.01138967587881 ], [ 174.474802963019357, -37.01067614206238 ], [ 174.474775073815891, -37.009959069289557 ], [ 174.474794093776467, -37.009240119215214 ], [ 174.474831581701977, -37.008520425914867 ], [ 174.474803569319562, -37.007803337763903 ], [ 174.474619902481919, -37.007092449755781 ], [ 174.474424239452702, -37.006382033147872 ], [ 174.474345750119994, -37.005666937464454 ], [ 174.474171159244719, -37.004954500437123 ], [ 174.47401200451398, -37.004223487200271 ], [ 174.473834795146473, -37.003499377890101 ], [ 174.473700288885624, -37.002789700440601 ], [ 174.473698720064135, -37.002067569726314 ], [ 174.473627246771315, -37.001351977262807 ], [ 174.473376988182508, -37.000653117381837 ], [ 174.473326989213462, -36.999935500985146 ], [ 174.473312731333436, -36.999214531478266 ], [ 174.473185157711754, -36.99850416482883 ], [ 174.473062187892026, -36.997793360442834 ], [ 174.472913723816305, -36.997084936351222 ], [ 174.472749810052534, -36.9963779520833 ], [ 174.472583977848416, -36.99566769384878 ], [ 174.472272123625032, -36.994970273281623 ], [ 174.472048332647148, -36.994269299551981 ], [ 174.472097270508073, -36.99353291580001 ], [ 174.472004558407747, -36.99281714331039 ], [ 174.471870732660506, -36.992107348610155 ], [ 174.471651229965516, -36.991410018310887 ], [ 174.471492512360612, -36.990703833688535 ], [ 174.471259146744188, -36.990008508120113 ], [ 174.470977484063184, -36.989320205956133 ], [ 174.470861152155692, -36.988607832119861 ], [ 174.470631654710388, -36.987911923796624 ], [ 174.470607084083241, -36.987186180194776 ], [ 174.470258936635872, -36.98650752922908 ], [ 174.470042686715345, -36.985809672934352 ], [ 174.469712987978767, -36.985128323262693 ] ] } },
{ "type": "Feature", "properties": { "group_id": "nzd0191" }, "geometry": { "type": "LineString", "coordinates": [ [ 175.88633852673874, -37.093038070368486 ], [ 175.886293921821391, -37.093753818835815 ], [ 175.886324884256879, -37.094475781584258 ], [ 175.886267966014117, -37.095210944019868 ], [ 175.886310722479891, -37.095941415216423 ], [ 175.886360060393173, -37.096656842219417 ], [ 175.886407152827815, -37.097372396037002 ], [ 175.886461706962336, -37.098087499245473 ], [ 175.886501381035686, -37.098803480826675 ], [ 175.886557540296963, -37.099518475043382 ], [ 175.886650012335735, -37.100231302455725 ], [ 175.886706911218198, -37.100948013047855 ], [ 175.886798698459529, -37.101662532321633 ], [ 175.886944172960256, -37.102371638558651 ], [ 175.887015545608477, -37.103085693131924 ], [ 175.887106512525776, -37.103798416738009 ], [ 175.887173296348237, -37.104518118365313 ], [ 175.887278563392982, -37.105236672659558 ], [ 175.887365591289665, -37.105952739546396 ], [ 175.887500450305311, -37.10666089348512 ], [ 175.887610445776289, -37.107372073404115 ], [ 175.887728676866345, -37.108082242153785 ], [ 175.887838987907202, -37.108793370257928 ], [ 175.888013274078276, -37.109495409004467 ], [ 175.888122613104628, -37.110204904036365 ], [ 175.888267977183148, -37.110911711235239 ], [ 175.888316536976703, -37.1116293389886 ] ] } },
{ "type": "Feature", "properties": { "group_id": "nzd0192" }, "geometry": { "type": "LineString", "coordinates": [ [ 175.880140143163288, -37.149633926655781 ], [ 175.880265565591088, -37.15033908462437 ], [ 175.880415337361967, -37.151054592450379 ], [ 175.880608956017625, -37.151765161614961 ], [ 175.880958666297317, -37.152430411816653 ] ] } },
{ "type": "Feature", "properties": { "group_id": "nzd0193" }, "geometry": { "type": "LineString", "coordinates": [ [ 175.881547623815038, -37.165897444189291 ], [ 175.881653986019217, -37.166608237694128 ], [ 175.881953766271579, -37.167303502994365 ] ] } },
{ "type": "Feature", "properties": { "group_id": "nzd0194" }, "geometry": { "type": "LineString", "coordinates": [ [ 175.882134185427788, -37.169375923734741 ], [ 175.882503135520409, -37.170043597330107 ], [ 175.882969126792204, -37.170675133037747 ], [ 175.883407475692394, -37.17114429833105 ], [ 175.88321136730093, -37.17177873122165 ], [ 175.8830735638997, -37.172500076300018 ], [ 175.883122654107154, -37.173226499472761 ], [ 175.883317863277881, -37.173930652323428 ], [ 175.883457718276105, -37.174635582028493 ], [ 175.883623349748973, -37.175334341293336 ], [ 175.883857852706967, -37.176029845716762 ], [ 175.884044807556023, -37.176724622788491 ], [ 175.884256264608609, -37.177412610214958 ] ] } },
{ "type": "Feature", "properties": { "group_id": "nzd0195" }, "geometry": { "type": "LineString", "coordinates": [ [ 175.885120148444145, -37.181060088941358 ], [ 175.885279447694614, -37.18176468242676 ], [ 175.885526426526638, -37.182458405021499 ], [ 175.885782019431474, -37.183136524008603 ], [ 175.886056001726473, -37.183817030517076 ], [ 175.886291308366452, -37.184518127400992 ] ] } },
{ "type": "Feature", "properties": { "group_id": "nzd0196" }, "geometry": { "type": "LineString", "coordinates": [ [ 174.613803654945485, -37.208126618911564 ], [ 174.613711328918669, -37.207376403827908 ], [ 174.613042205667398, -37.206830380757843 ], [ 174.612641311637361, -37.206189393467035 ], [ 174.612327034386851, -37.20551773648603 ], [ 174.612007957336004, -37.204847772943594 ], [ 174.611835991602192, -37.204128292590077 ], [ 174.611314076261976, -37.203530401247313 ], [ 174.610951877712864, -37.202875780674923 ], [ 174.610571543666623, -37.202227079832987 ], [ 174.610695971790591, -37.201408445063251 ], [ 174.610387864181661, -37.200735417326193 ], [ 174.610255619329109, -37.200003178540982 ] ] } },
{ "type": "Feature", "properties": { "group_id": "nzd0199" }, "geometry": { "type": "LineString", "coordinates": [ [ 175.91500837083754, -37.301951989495471 ], [ 175.915420086154654, -37.302587322853697 ], [ 175.915850119327786, -37.30321733764567 ], [ 175.916262301404572, -37.303856967880165 ], [ 175.91674683024155, -37.304462916693112 ], [ 175.917216991645716, -37.305073656792437 ], [ 175.917687708884699, -37.305686812668156 ], [ 175.918204850813197, -37.306272668290632 ], [ 175.918744672252473, -37.306844278934548 ], [ 175.919363302064824, -37.307366285431719 ], [ 175.920109731252609, -37.307716425940484 ], [ 175.921145346051986, -37.307277098314351 ] ] } },
{ "type": "Feature", "properties": { "group_id": "nzd0200" }, "geometry": { "type": "LineString", "coordinates": [ [ 174.685984716721521, -37.349844200877342 ], [ 174.685537683190944, -37.349055629676535 ], [ 174.685134878989004, -37.348316671691819 ], [ 174.684733703327851, -37.34764253098988 ], [ 174.684347046259631, -37.346971874931576 ], [ 174.684084010445503, -37.346269840383286 ], [ 174.683770149330087, -37.345605444611323 ], [ 174.683439866462919, -37.344952536532972 ], [ 174.683245539942902, -37.344263486145451 ], [ 174.682962579620977, -37.343578412636191 ], [ 174.6826567135478, -37.342901370415838 ], [ 174.682315973217442, -37.342260958406442 ], [ 174.681991597746446, -37.341613282703904 ], [ 174.681669583484279, -37.340946268174761 ], [ 174.681312894252585, -37.34028599756288 ], [ 174.680988573725102, -37.339616103327877 ], [ 174.680674854258598, -37.33895292846784 ], [ 174.680350350575537, -37.338291931922384 ], [ 174.679993547615112, -37.337611479827792 ], [ 174.679701610917476, -37.336919084024316 ], [ 174.679422706495359, -37.336257710727232 ], [ 174.679141675321489, -37.335598625698417 ], [ 174.678911647171219, -37.334909417735282 ], [ 174.678572807133861, -37.334243898958391 ], [ 174.678262268084438, -37.333565070846859 ], [ 174.677933218822915, -37.332901642618182 ], [ 174.677573858718063, -37.332262465771315 ], [ 174.677254474489956, -37.331614306153305 ], [ 174.676915767433513, -37.330921341502126 ], [ 174.676562569122098, -37.330250600424449 ], [ 174.676298966807821, -37.329548733989526 ], [ 174.675989550854268, -37.32892050891445 ], [ 174.675718609962757, -37.328288307232896 ], [ 174.675366519912274, -37.32756730808191 ], [ 174.675079792453289, -37.326909047396533 ], [ 174.674695306213607, -37.326283316497751 ], [ 174.674456757666746, -37.325638583898524 ], [ 174.674192652023493, -37.324945224550845 ], [ 174.673934666373185, -37.324347002336737 ], [ 174.673611473889508, -37.32374305995635 ], [ 174.673298972145233, -37.323016016750906 ], [ 174.672954127127269, -37.322351931483432 ], [ 174.672612725040324, -37.321671038193273 ], [ 174.672195841669776, -37.320945155651444 ], [ 174.671990351554001, -37.320218968562791 ], [ 174.671696664652984, -37.319662433970166 ], [ 174.671427288228188, -37.319063632168927 ], [ 174.67106180232318, -37.318448312734688 ], [ 174.670807504769698, -37.317734160324086 ], [ 174.670367669749936, -37.316901337806563 ], [ 174.670174322001401, -37.316388887001196 ], [ 174.669886815553241, -37.315934109382852 ], [ 174.669487002373984, -37.315158333597445 ], [ 174.669182815460999, -37.314539939748727 ], [ 174.668835887255284, -37.313867714849088 ], [ 174.668493376740685, -37.313141527946179 ], [ 174.668112364721765, -37.31249069925731 ], [ 174.667855299556578, -37.311855116573504 ], [ 174.66761604441831, -37.311225228925167 ], [ 174.667264115673817, -37.310531277436205 ], [ 174.666924237277186, -37.309820227757818 ], [ 174.666711659997958, -37.309121028136502 ], [ 174.666323159537114, -37.308503563865656 ], [ 174.666002675151475, -37.307870954588473 ], [ 174.665721917370433, -37.30716064883768 ], [ 174.665350196008092, -37.306476714604472 ], [ 174.665026083901523, -37.305809731009646 ], [ 174.664666611654638, -37.30515663597307 ], [ 174.664369013009235, -37.304507589881467 ], [ 174.664068743360559, -37.303871066593942 ], [ 174.663773291460728, -37.303207926798812 ], [ 174.663404528118321, -37.302522979215873 ], [ 174.663068780652708, -37.301788541351961 ], [ 174.66283951689482, -37.301157006357023 ], [ 174.662527781858188, -37.300598249293863 ], [ 174.662156492978227, -37.299938847988606 ], [ 174.661869418269958, -37.299251280945846 ], [ 174.66145318864551, -37.29861008583687 ], [ 174.661125900253097, -37.29802543924324 ], [ 174.660745975809675, -37.297281029490286 ], [ 174.66033814893899, -37.296620991843731 ], [ 174.660054760229656, -37.296055562672372 ], [ 174.659682932925676, -37.29539391648192 ], [ 174.659339572582383, -37.294655807014657 ], [ 174.658961792995768, -37.293929995860211 ], [ 174.658702557201337, -37.293400638286265 ], [ 174.658418123965021, -37.292812287180098 ], [ 174.658187670227193, -37.292111136421198 ], [ 174.657854740758438, -37.291331435317069 ], [ 174.657619161198454, -37.290692983251226 ], [ 174.657280834703357, -37.290177669688418 ], [ 174.656906028907429, -37.289488483496619 ], [ 174.656546322326335, -37.288833606501385 ], [ 174.656154191732014, -37.288190320849743 ], [ 174.655835655351325, -37.287520707143173 ], [ 174.655358843239298, -37.286907698071687 ], [ 174.654933431659742, -37.286257909920266 ], [ 174.654646843260679, -37.285610905855656 ], [ 174.654309450560334, -37.285021452766749 ], [ 174.654008772052265, -37.284269001471124 ], [ 174.653665807081097, -37.283549588778364 ], [ 174.653505605151651, -37.282864340106649 ], [ 174.653052330478744, -37.282255286954715 ], [ 174.652704238622846, -37.281653456707708 ], [ 174.652394671403556, -37.28103685300745 ], [ 174.65229675862804, -37.28024775232246 ], [ 174.651698771957001, -37.279664390912295 ], [ 174.651343818767657, -37.278993254871338 ], [ 174.650976329230389, -37.278349271888352 ], [ 174.651121013061783, -37.277498765108504 ], [ 174.650919919985768, -37.276782866910189 ], [ 174.650489109195973, -37.276156167775653 ], [ 174.65026031447789, -37.275453105824901 ], [ 174.649796600164422, -37.274834220323015 ] ] } },
{ "type": "Feature", "properties": { "group_id": "nzd0201" }, "geometry": { "type": "LineString", "coordinates": [ [ 175.937866697093682, -37.359578461651218 ], [ 175.937819903268178, -37.360293377454411 ], [ 175.937686194656749, -37.361003838922599 ], [ 175.937660145447779, -37.36172164576918 ], [ 175.937724341799594, -37.362438546605247 ] ] } },
{ "type": "Feature", "properties": { "group_id": "nzd0203" }, "geometry": { "type": "LineString", "coordinates": [ [ 175.937433154910821, -37.381309792156664 ], [ 175.937627641755768, -37.382006528800922 ], [ 175.937978471566197, -37.382661955752802 ], [ 175.938320879190684, -37.383312108666274 ], [ 175.938641890433132, -37.383973385899495 ], [ 175.939030284452542, -37.384616525011744 ], [ 175.939411908654762, -37.38526474310769 ], [ 175.939793743235128, -37.385903530896499 ], [ 175.940425472518569, -37.386417278291226 ] ] } },
{ "type": "Feature", "properties": { "group_id": "nzd0204" }, "geometry": { "type": "LineString", "coordinates": [ [ 175.938473087016376, -37.394942159744019 ], [ 175.938551121897945, -37.395664807640401 ], [ 175.938794960221543, -37.396351549790445 ], [ 175.93912284244189, -37.397032361114711 ], [ 175.939347677517958, -37.39775019035892 ], [ 175.939797203201323, -37.398380370329313 ], [ 175.940219578283859, -37.39900995713311 ], [ 175.940559662259886, -37.399671488893311 ], [ 175.941061715306006, -37.400271385113456 ], [ 175.941428329984461, -37.400922999738867 ], [ 175.941768076636606, -37.401584869629218 ], [ 175.942120566512642, -37.402241610836185 ], [ 175.942477297472067, -37.402895065876763 ], [ 175.942841868896181, -37.403545581459433 ], [ 175.943233013903267, -37.404188014113252 ], [ 175.943612861998247, -37.404834525600627 ], [ 175.943998541295286, -37.405479527942063 ], [ 175.944392563277148, -37.406121766283761 ], [ 175.944775501874034, -37.406768177552735 ], [ 175.945121452981795, -37.407428246309131 ], [ 175.945482895557205, -37.408080210197042 ], [ 175.945841115514185, -37.408733581697341 ], [ 175.946178695264393, -37.409395836841306 ], [ 175.946562041823341, -37.410040962826386 ], [ 175.946925644090612, -37.410693470389894 ], [ 175.947240531898757, -37.411365391938972 ], [ 175.9475215599374, -37.412057143112015 ], [ 175.94797189096596, -37.412680855349855 ], [ 175.948494613944916, -37.413267312795242 ], [ 175.948928109945882, -37.413892078380243 ], [ 175.949392338832126, -37.414504685346039 ], [ 175.949859339976626, -37.415115063300149 ], [ 175.950318004282877, -37.415731019562038 ], [ 175.950794966585107, -37.416336083991681 ], [ 175.951254801212713, -37.416950429602991 ], [ 175.951750571371178, -37.417545287595296 ], [ 175.952208788617781, -37.418157893348258 ], [ 175.952604646813256, -37.418797210103662 ], [ 175.953091534161956, -37.419394351722275 ], [ 175.9536314591397, -37.41996917033196 ], [ 175.95412865411501, -37.420564107959727 ], [ 175.954639743123607, -37.421150352533573 ], [ 175.955132464706963, -37.421747832898518 ], [ 175.955626183134569, -37.422344749283134 ], [ 175.956129752653538, -37.42293593104332 ], [ 175.956568828258241, -37.423562831498131 ], [ 175.957034199901159, -37.42416770325196 ], [ 175.957469022581989, -37.424788441076871 ], [ 175.957933625490853, -37.425398901178497 ], [ 175.958380140411407, -37.426019062454628 ], [ 175.958838788058699, -37.42663349857564 ], [ 175.959295821514985, -37.427248038913106 ], [ 175.959745426699669, -37.427866184050806 ], [ 175.960177544487209, -37.428493155284066 ], [ 175.960631941074581, -37.429108774377838 ], [ 175.961059541791542, -37.429736654841804 ], [ 175.961509914047213, -37.430352921739029 ], [ 175.961944278708557, -37.430978344011436 ], [ 175.962348514526298, -37.431618709349671 ], [ 175.962792489009132, -37.432239353724448 ], [ 175.963245159550723, -37.432855678620847 ], [ 175.963709536206778, -37.433467471306038 ], [ 175.964176161230228, -37.434078782517297 ], [ 175.964662974086622, -37.434678651156631 ], [ 175.965134772655546, -37.435285531766134 ], [ 175.965643544492565, -37.4358788657593 ], [ 175.966155333851731, -37.43647895975235 ], [ 175.966666400346583, -37.437075851341255 ], [ 175.967164596455405, -37.437670696138021 ], [ 175.967686000990625, -37.438251635235261 ], [ 175.968170752154435, -37.438854524254836 ], [ 175.968646087572239, -37.439455990425323 ], [ 175.969129268984545, -37.440048941471815 ], [ 175.969612961002156, -37.44064828304397 ], [ 175.970109379502674, -37.441242334916332 ], [ 175.970577262463138, -37.441844350786369 ], [ 175.971059869416422, -37.442438151367391 ], [ 175.971578069931297, -37.443020938959357 ], [ 175.972064388455806, -37.443620465979578 ], [ 175.972566511828973, -37.444211687483637 ], [ 175.973034001991351, -37.444821093363565 ], [ 175.973461691115148, -37.44545139771467 ], [ 175.97389061512456, -37.44606075847652 ], [ 175.974301030307629, -37.446645289992446 ], [ 175.974753613270309, -37.447258901185634 ], [ 175.97521711217064, -37.447902572938915 ], [ 175.97567894780812, -37.448528311548081 ], [ 175.976148002854757, -37.449136520203801 ], [ 175.976637596928811, -37.449738262128903 ], [ 175.977134270023384, -37.450346349889287 ], [ 175.977629936170558, -37.450952578042205 ], [ 175.978137354647174, -37.451541300486241 ], [ 175.978640351566895, -37.452132590404958 ], [ 175.979137477943084, -37.452727290679775 ], [ 175.979619167253844, -37.453330966190805 ], [ 175.980093098346998, -37.453916648532243 ], [ 175.980541734860566, -37.454513118977971 ], [ 175.981013264031901, -37.455119646623473 ], [ 175.981517282992627, -37.455711314209395 ], [ 175.982020487452019, -37.456303968055252 ], [ 175.98258203601776, -37.45686607283065 ], [ 175.983088438391576, -37.457455303723151 ], [ 175.983601965439277, -37.458040934315257 ], [ 175.984211036502785, -37.458578345590951 ], [ 175.984772675618899, -37.459140212545449 ], [ 175.985231941901162, -37.459758500022112 ], [ 175.985715066565518, -37.460380019400681 ], [ 175.986296541832075, -37.460924140847411 ], [ 175.986919212226297, -37.461438059939589 ], [ 175.987577155240643, -37.461928690462933 ], [ 175.98824153388577, -37.462412503654583 ], [ 175.988848107998223, -37.462939702179526 ] ] } },
{ "type": "Feature", "properties": { "group_id": "nzd0205" }, "geometry": { "type": "LineString", "coordinates": [ [ 174.734432717773984, -37.487608612166582 ], [ 174.734003084819761, -37.486979146637253 ], [ 174.733719429045493, -37.486300280515337 ], [ 174.733466162501315, -37.4856091426809 ], [ 174.733051751886904, -37.484962466850355 ], [ 174.732834399455726, -37.484245727760509 ], [ 174.732260301769912, -37.483674133013196 ], [ 174.731809473495247, -37.483072648734442 ], [ 174.731560418528744, -37.482400219731112 ], [ 174.731288700806829, -37.481719057168384 ], [ 174.730962157735178, -37.481055024583014 ], [ 174.730665706824823, -37.480381580558465 ], [ 174.730015719785428, -37.479818630231669 ], [ 174.729730809360433, -37.479141567507988 ], [ 174.729288265021069, -37.478497014652405 ], [ 174.728953757823291, -37.477812526325287 ], [ 174.728825888791107, -37.477056975510926 ], [ 174.728376846857657, -37.476439206607068 ] ] } },
{ "type": "Feature", "properties": { "group_id": "nzd0206" }, "geometry": { "type": "LineString", "coordinates": [ [ 174.763637806146647, -37.549305283362905 ], [ 174.763248766206118, -37.548663322140854 ], [ 174.7628663516372, -37.548018918360789 ], [ 174.762720031222671, -37.547287669651922 ], [ 174.762162448975289, -37.546707684128592 ], [ 174.761839352255748, -37.546041445268479 ], [ 174.761486511207664, -37.54538614116602 ], [ 174.761174200647218, -37.544715923505912 ], [ 174.760840113134037, -37.544053710080938 ], [ 174.760510189256735, -37.543397884979328 ], [ 174.760198830848566, -37.542738471069413 ], [ 174.75975777387859, -37.542114252146312 ], [ 174.759400532107691, -37.541460707747277 ], [ 174.759049258943008, -37.540805184343434 ], [ 174.758750834749463, -37.540132183691519 ], [ 174.758372182372, -37.539485699918956 ], [ 174.758016564738654, -37.5388315952179 ], [ 174.757700326451896, -37.538164466162023 ], [ 174.757378363883561, -37.537499223631031 ], [ 174.757031298615232, -37.536842274023677 ], [ 174.756626766161702, -37.536204316867995 ], [ 174.756218390113446, -37.535559832229815 ], [ 174.755828789645165, -37.534903780635098 ], [ 174.7554864125797, -37.534228866444039 ], [ 174.755087465465692, -37.533588560224572 ], [ 174.754652968167733, -37.532964839098376 ], [ 174.75432329381556, -37.532302475422007 ], [ 174.754144195871106, -37.53162977084618 ], [ 174.754044293408896, -37.530942436420673 ], [ 174.753483860862133, -37.530349645333246 ], [ 174.753066195237921, -37.529713620366401 ], [ 174.752645987838235, -37.52907835900583 ], [ 174.752270042805122, -37.528432537405983 ], [ 174.751938599800837, -37.52778058629719 ], [ 174.751824884304, -37.527069122495028 ], [ 174.75155644555187, -37.526388245970288 ], [ 174.751260421220337, -37.525714410873874 ], [ 174.750947648186127, -37.525045884473464 ], [ 174.750410038583055, -37.524423719746132 ], [ 174.750044787591037, -37.523760397900382 ] ] } },
{ "type": "Feature", "properties": { "group_id": "nzd0207" }, "geometry": { "type": "LineString", "coordinates": [ [ 175.997101157773926, -37.474991012698091 ], [ 175.997913489713568, -37.475298031938763 ], [ 175.998720326843369, -37.475615845993303 ], [ 175.999561401921056, -37.475866394472035 ], [ 176.00043426240552, -37.476054493005932 ], [ 176.00128968196239, -37.476276854124947 ], [ 176.002148069885692, -37.476493380479496 ], [ 176.002988660427803, -37.476744871626444 ], [ 176.003810454801084, -37.47703329143927 ], [ 176.00467582576232, -37.477330800736908 ], [ 176.005534169572627, -37.477684625619048 ], [ 176.006308023326994, -37.478079199842185 ], [ 176.007098212080706, -37.478445330144879 ], [ 176.007780571096902, -37.478910217231082 ], [ 176.008467295920781, -37.479381679255319 ], [ 176.009099670544856, -37.479899164729801 ], [ 176.00965243115445, -37.480475196772744 ], [ 176.010121299959764, -37.481123742483334 ], [ 176.01062654742924, -37.481740839097967 ], [ 176.011164612634445, -37.482333454576349 ], [ 176.011646667632277, -37.482947060137704 ], [ 176.012146600865577, -37.483533954759814 ], [ 176.01262186781409, -37.484139274058897 ], [ 176.013094949262666, -37.48474576460805 ], [ 176.013542026104261, -37.485366243815527 ], [ 176.014042050166921, -37.485958226546948 ], [ 176.01451090039194, -37.486566979574356 ], [ 176.014994669260233, -37.487167699865033 ], [ 176.015479801065311, -37.487767681941655 ], [ 176.015941655901059, -37.488380184883376 ], [ 176.01645138058953, -37.488966923588123 ], [ 176.016949054940852, -37.489560141947273 ], [ 176.017413382252897, -37.490171809062559 ], [ 176.017900129986231, -37.490773792000702 ], [ 176.018363066947984, -37.491390280211824 ], [ 176.018793577934758, -37.492023196686816 ], [ 176.019248518084595, -37.492641953136847 ], [ 176.019682631896416, -37.493272772679262 ], [ 176.020084831642777, -37.493919093886646 ], [ 176.020502907759209, -37.49451596938701 ], [ 176.020928330763752, -37.495107654259741 ], [ 176.021379329848173, -37.495723926443354 ], [ 176.021806617050316, -37.496350763303461 ], [ 176.022248593253494, -37.496971047007058 ], [ 176.02271599552725, -37.497579991329175 ], [ 176.023178391656131, -37.498191161929661 ], [ 176.02365577026913, -37.498795648536174 ], [ 176.024116380017432, -37.49940760485751 ], [ 176.024601463838508, -37.500008646130183 ], [ 176.025072393889673, -37.500615991397488 ], [ 176.025539384165825, -37.501225087595202 ], [ 176.025996317513687, -37.50184301539813 ], [ 176.026446690690847, -37.502468132619484 ], [ 176.026885128431388, -37.503098099018835 ], [ 176.027329505696912, -37.503720092983301 ], [ 176.027750524821357, -37.504354731403026 ], [ 176.028211335021325, -37.504967816719329 ], [ 176.028643358480025, -37.505596486252983 ], [ 176.029089699808054, -37.506217397350916 ], [ 176.029557854845592, -37.506826490796428 ], [ 176.030042937473667, -37.507426412606264 ], [ 176.030536266223578, -37.508015783152679 ], [ 176.0310271857945, -37.508605673203583 ], [ 176.031538415712959, -37.509191116935348 ], [ 176.032051623819854, -37.509776193112764 ], [ 176.032542422818352, -37.510372810350432 ], [ 176.033041101062906, -37.510965362985502 ], [ 176.033529864949941, -37.511563018939675 ], [ 176.034007392476866, -37.512166459362348 ], [ 176.034492297872021, -37.512766093511196 ], [ 176.034979348389953, -37.513364617490524 ], [ 176.035449847955135, -37.513971664217365 ], [ 176.035934823360577, -37.514570208523708 ], [ 176.036421729553496, -37.515167727483743 ], [ 176.036895410771223, -37.515773000491727 ], [ 176.037395918543325, -37.516364659789176 ], [ 176.037869775093498, -37.516969862429448 ], [ 176.03836095369698, -37.51756625434205 ], [ 176.038821174596393, -37.518178378830321 ], [ 176.039276106532895, -37.518793187030433 ], [ 176.039745325225681, -37.519403556673211 ], [ 176.040211924880339, -37.520016387374746 ], [ 176.040691016428639, -37.520619823176268 ], [ 176.041160288679379, -37.521227999185854 ], [ 176.041650859125895, -37.521824754909154 ], [ 176.042145224788982, -37.522419471648661 ], [ 176.042642575625308, -37.523012250531579 ], [ 176.043129886995388, -37.523607109263246 ], [ 176.043639514525978, -37.524190879808174 ], [ 176.044147183546215, -37.524778832844227 ], [ 176.044685623919719, -37.525351142256085 ], [ 176.045192847658939, -37.52593931162901 ], [ 176.04572792028307, -37.526513322599342 ], [ 176.046257821301282, -37.527089956888659 ], [ 176.046764924525576, -37.527678172562439 ], [ 176.047311931961161, -37.528246102955777 ], [ 176.047826145546964, -37.528817616414649 ], [ 176.048304689677678, -37.529392649405672 ], [ 176.048820085933812, -37.52997549867635 ], [ 176.049324623233929, -37.530581814075674 ], [ 176.049843982283392, -37.531176461872406 ], [ 176.050362559687443, -37.53177172132289 ], [ 176.050852320539462, -37.532389654708126 ], [ 176.051369792869593, -37.532985776845671 ], [ 176.051828676488043, -37.533550091973758 ], [ 176.05229895985849, -37.534084806657319 ], [ 176.052786152206949, -37.534678462278997 ], [ 176.053281288085941, -37.535272702443798 ], [ 176.053791023569715, -37.535859051907437 ], [ 176.054266733472616, -37.536463775345752 ], [ 176.054778117106082, -37.537049224986347 ], [ 176.05528974716924, -37.537634536720859 ], [ 176.055790827215532, -37.538225542211535 ], [ 176.056307623447367, -37.538808053863988 ], [ 176.056783663908618, -37.539412574820112 ], [ 176.057279836271022, -37.540006216806091 ], [ 176.057803281425038, -37.540603111125392 ], [ 176.058340036275069, -37.54121010678243 ], [ 176.058882883876322, -37.541798611972595 ], [ 176.059420432209976, -37.542371297576878 ], [ 176.059971228547994, -37.542934937987255 ], [ 176.060535648987383, -37.543489276515189 ], [ 176.06107484032006, -37.544060828759314 ], [ 176.061636246121168, -37.544617216564397 ], [ 176.062189295209805, -37.545179303423701 ], [ 176.062740401905131, -37.545742711847758 ], [ 176.063261488504708, -37.546326603693714 ], [ 176.063811469239056, -37.546890772483351 ], [ 176.064340701404006, -37.5474690972761 ], [ 176.064879474690144, -37.54804090662666 ], [ 176.065392904215912, -37.548610583580093 ], [ 176.065891221255555, -37.549173465545145 ], [ 176.066415665760616, -37.549738236995466 ], [ 176.06695650198597, -37.550306709190437 ], [ 176.067496892445462, -37.550875448664954 ], [ 176.068042835236213, -37.55144079931226 ], [ 176.068602258392076, -37.551997928624857 ], [ 176.069156022081074, -37.552558503183654 ], [ 176.06972717235476, -37.553108475346463 ], [ 176.070297724662453, -37.553658807514196 ], [ 176.070870628462075, -37.554207701848014 ], [ 176.07141508715543, -37.554773930420993 ], [ 176.071999023857387, -37.555316090688976 ], [ 176.072552629787907, -37.555876734641352 ], [ 176.073114285319519, -37.556432467482423 ], [ 176.073682131881782, -37.556984422089343 ], [ 176.074247003218773, -37.557538185783059 ], [ 176.074795885078913, -37.558101691488062 ], [ 176.07536394115445, -37.558653504974913 ], [ 176.075905278694876, -37.559228404898917 ], [ 176.076458939070676, -37.559798500103803 ], [ 176.077017738813453, -37.560358572142711 ], [ 176.077562490559643, -37.560925110350908 ], [ 176.078092344065169, -37.561501314846652 ], [ 176.078648280260069, -37.562060584756757 ], [ 176.079182329325874, -37.562634057477446 ], [ 176.079694932496039, -37.563221446619693 ], [ 176.080233068575779, -37.563792258029096 ], [ 176.0807782267905, -37.564358507123337 ], [ 176.081323497669615, -37.56492467886968 ], [ 176.081875414462814, -37.565481343361448 ], [ 176.08242877963167, -37.566036542963069 ], [ 176.082990860443999, -37.566591377330226 ], [ 176.08355115490258, -37.56714771035243 ], [ 176.084092506909514, -37.567715979109344 ], [ 176.084632455109585, -37.568285128415667 ], [ 176.085166436371168, -37.568858034575108 ], [ 176.085704148808446, -37.569428584529973 ], [ 176.086232132391132, -37.570005262613904 ], [ 176.086779029156475, -37.570570014728141 ], [ 176.087319911026015, -37.571138553927561 ], [ 176.087882715372501, -37.57169327025251 ], [ 176.088435203860541, -37.572254484710598 ], [ 176.089001553467, -37.57280695763248 ], [ 176.089558812669878, -37.573365156245401 ], [ 176.090138706801582, -37.573909082796796 ], [ 176.090683996035494, -37.574474817886561 ], [ 176.091227755117359, -37.575041513172827 ], [ 176.091760841557118, -37.575614931559535 ], [ 176.092271294652846, -37.57620261239699 ], [ 176.092788654425561, -37.576785120706056 ], [ 176.093314890791078, -37.577360811794392 ], [ 176.093871981059152, -37.57791796617726 ], [ 176.094446679430689, -37.578465257818628 ], [ 176.095010691058803, -37.579019205699744 ], [ 176.095604669381544, -37.579554472020916 ], [ 176.096203279361049, -37.580086847124377 ], [ 176.096797011462428, -37.580622257973658 ], [ 176.097397765772342, -37.581153287634862 ], [ 176.097988364863369, -37.581690642261435 ], [ 176.098580862779301, -37.582226808949898 ], [ 176.099191771986341, -37.582752153484705 ], [ 176.099773788040949, -37.583296284875523 ], [ 176.100353869091208, -37.583843369285084 ], [ 176.10094658709238, -37.584378950624412 ], [ 176.101525410865491, -37.584925071171007 ], [ 176.102112753819029, -37.585464723752402 ], [ 176.102709859707176, -37.585996964583074 ], [ 176.103294152006896, -37.586538924668808 ], [ 176.103912619248064, -37.587054949150264 ], [ 176.104518069663953, -37.587580847079245 ], [ 176.105112637703513, -37.588114998887441 ], [ 176.105717510076545, -37.588641328043373 ], [ 176.106339499063324, -37.589154665297968 ], [ 176.106950402235412, -37.589676410800763 ], [ 176.107556836573025, -37.590201543576768 ], [ 176.108153031928282, -37.590734442098984 ], [ 176.108776921975561, -37.591246321856687 ], [ 176.109394897791645, -37.591762685652341 ], [ 176.110020563829551, -37.592273210232293 ], [ 176.110654163118511, -37.592777711135966 ], [ 176.111279606345079, -37.593288397222679 ], [ 176.11188961605842, -37.593810790834532 ], [ 176.112499794620788, -37.594333052599787 ], [ 176.113130607526159, -37.594839853729667 ], [ 176.113759349601281, -37.595348196448143 ], [ 176.114388225342566, -37.595856308548981 ], [ 176.115029065659968, -37.596354830235086 ], [ 176.115667148838469, -37.596855555224387 ], [ 176.116277055674203, -37.597378829936019 ], [ 176.116888546226676, -37.597900833505705 ], [ 176.117509457797212, -37.598415292657741 ], [ 176.11813808724213, -37.598923566272454 ], [ 176.118760095259631, -37.599437042538952 ], [ 176.119394941519829, -37.599940498319469 ], [ 176.120014681584422, -37.600456592956135 ], [ 176.120624843085949, -37.600980632780953 ], [ 176.121268562318733, -37.601476822192453 ], [ 176.121883381394753, -37.601996990356 ], [ 176.12252512601313, -37.602494811546741 ], [ 176.123167432472201, -37.602992163068571 ], [ 176.123790097603205, -37.603505810231333 ], [ 176.124422536143868, -37.604011343698261 ], [ 176.125080294852523, -37.604495862079062 ], [ 176.125733255654609, -37.604984358452576 ], [ 176.126369829435845, -37.605486617302049 ], [ 176.127009070276586, -37.605988164898235 ], [ 176.127691729741542, -37.606450851438979 ], [ 176.128364904348757, -37.606921941862538 ], [ 176.128999350959589, -37.607428987402571 ], [ 176.129655136083869, -37.607916217692988 ], [ 176.130316826334649, -37.60839922260633 ], [ 176.130999258789984, -37.608866333157707 ], [ 176.131677393542077, -37.609341265094855 ], [ 176.132380252714427, -37.609785256426456 ], [ 176.133038281776265, -37.610278085868799 ], [ 176.133629417705833, -37.61084379062072 ], [ 176.134156051896809, -37.611387898043446 ], [ 176.134656603431381, -37.611903348734835 ], [ 176.135213738633496, -37.612452056042429 ], [ 176.135790944017259, -37.612997449931754 ], [ 176.136429764210476, -37.613499494363801 ], [ 176.137032873500743, -37.614026657050665 ], [ 176.137650303180692, -37.61454374138777 ], [ 176.138194374953855, -37.615112428696385 ], [ 176.138729074985491, -37.615687705072688 ], [ 176.139323715152671, -37.616225748470171 ], [ 176.139953578849941, -37.616756540025179 ], [ 176.140597184727284, -37.617271881746433 ], [ 176.141206684193691, -37.617795178506505 ], [ 176.141854645178711, -37.618287916904663 ], [ 176.14245146494568, -37.618821279690593 ], [ 176.143082750794463, -37.61932725811338 ], [ 176.143702506123248, -37.619842393160013 ], [ 176.144358796718222, -37.620328499785288 ], [ 176.145002745676749, -37.620825534708707 ], [ 176.14563020138047, -37.621348196177422 ], [ 176.146263860938973, -37.62186623322917 ], [ 176.146872492644889, -37.622392765431108 ], [ 176.147504547692762, -37.622899167970701 ], [ 176.148118139740319, -37.62342143168074 ], [ 176.148728502723912, -37.623946466828478 ], [ 176.149334873857384, -37.624457181436583 ], [ 176.149903058738659, -37.62492167040336 ], [ 176.150490045815559, -37.625398665307813 ], [ 176.151099434477999, -37.625925784439964 ], [ 176.151718604509, -37.626477548520313 ], [ 176.152373161194475, -37.627005890082899 ], [ 176.152951187950521, -37.627562203496069 ], [ 176.153528043735889, -37.628111471302404 ], [ 176.154094131394089, -37.628669310134491 ], [ 176.154640462280327, -37.629239219052991 ], [ 176.155080567609417, -37.62972059241585 ], [ 176.15549158377587, -37.630219595723084 ], [ 176.155966189919241, -37.630828131877742 ], [ 176.156395544368678, -37.63146119235536 ], [ 176.156845291548649, -37.632113064466097 ], [ 176.157249461908208, -37.632785710749303 ], [ 176.157593245621996, -37.633459346129975 ], [ 176.15799929505485, -37.634099956988628 ], [ 176.158489543906029, -37.634782482312609 ], [ 176.159005687337952, -37.635507854548408 ], [ 176.159582830487409, -37.63609670719044 ] ] } },
{ "type": "Feature", "properties": { "group_id": "nzd0208" }, "geometry": { "type": "LineString", "coordinates": [ [ 177.976675485541335, -37.588790772804515 ], [ 177.977375075751894, -37.588341663697904 ], [ 177.978064515588528, -37.587884022725952 ], [ 177.978726922590425, -37.587403664630273 ], [ 177.979368323574107, -37.586905653505013 ], [ 177.98001465078525, -37.586411778697077 ], [ 177.980619737865851, -37.585906187760401 ], [ 177.98122694781469, -37.585400662482947 ] ] } },
{ "type": "Feature", "properties": { "group_id": "nzd0210" }, "geometry": { "type": "LineString", "coordinates": [ [ 177.94413592976457, -37.618292259295686 ], [ 177.945044919836278, -37.618211029803369 ], [ 177.945942081230555, -37.61810005437615 ], [ 177.946746306975911, -37.617755408730027 ], [ 177.947557892661649, -37.617429272128682 ], [ 177.948354487018491, -37.617134779047049 ], [ 177.949095516730267, -37.616887972692155 ], [ 177.949857523199228, -37.616587066931523 ], [ 177.950665484368898, -37.616259337361626 ], [ 177.951453754787565, -37.615909814526496 ], [ 177.952228809905165, -37.61554566473383 ], [ 177.953031856009005, -37.615222900450881 ], [ 177.953708836026891, -37.614773096661303 ], [ 177.954381921309306, -37.614299004856882 ], [ 177.954991605441336, -37.613777325472242 ], [ 177.955617398488414, -37.613264074795893 ], [ 177.956220897566368, -37.612729520276751 ], [ 177.956778974259947, -37.612169664078323 ], [ 177.957262279995007, -37.611562717903041 ], [ 177.957675755934218, -37.610920239864413 ], [ 177.958045228647791, -37.610270967521984 ] ] } },
{ "type": "Feature", "properties": { "group_id": "nzd0214" }, "geometry": { "type": "LineString", "coordinates": [ [ 176.12326578736068, -37.661743114586464 ], [ 176.123799807792494, -37.661177907567016 ], [ 176.124141484036784, -37.660541465215118 ], [ 176.124328574869622, -37.659866090601646 ], [ 176.124873703774597, -37.659602761609136 ], [ 176.125750223353492, -37.659454439604232 ], [ 176.126643863848557, -37.659406723616016 ], [ 176.127531984585261, -37.659347288005996 ], [ 176.128427179763293, -37.659392783945442 ], [ 176.129283882963676, -37.659628440374213 ], [ 176.130140939776027, -37.659855653465911 ], [ 176.131032917811183, -37.65994996044401 ], [ 176.131866854194755, -37.660206267083353 ], [ 176.132706512605864, -37.660451984205039 ] ] } },
{ "type": "Feature", "properties": { "group_id": "nzd0215" }, "geometry": { "type": "LineString", "coordinates": [ [ 178.484740380304459, -37.643305187414356 ], [ 178.484858446352888, -37.644106987759045 ], [ 178.485274294353729, -37.644743981095992 ], [ 178.485730262082626, -37.645358766198783 ], [ 178.486117027900519, -37.646011844701938 ], [ 178.486662906500214, -37.646576861019703 ], [ 178.487223978339813, -37.647133464036848 ], [ 178.487818171053505, -37.647664752952139 ], [ 178.488417081449626, -37.648184627980712 ], [ 178.488932892356985, -37.648772863069361 ], [ 178.489550376069332, -37.649288857250347 ], [ 178.490153136251195, -37.649815468854882 ], [ 178.490792203580668, -37.650315884334525 ], [ 178.49141425507122, -37.650814587772203 ], [ 178.492036131518773, -37.651287207665625 ], [ 178.492689543866703, -37.65175671729925 ], [ 178.493409259183636, -37.652181414215207 ], [ 178.49413033755016, -37.652604680867782 ], [ 178.494814783668772, -37.653066301977795 ], [ 178.495524076356105, -37.6534921109916 ], [ 178.496184947336644, -37.65397030112792 ], [ 178.496845426614669, -37.654461723099459 ], [ 178.497545611064567, -37.654910040485674 ], [ 178.498237211809879, -37.655368295750748 ], [ 178.499028472741401, -37.655720324249693 ], [ 178.499640642393814, -37.6562716446821 ], [ 178.500271752973873, -37.656785326566244 ], [ 178.500866391877139, -37.657318710897179 ], [ 178.501486413420821, -37.657824349139808 ], [ 178.502078016252881, -37.658371285488855 ], [ 178.502711583303494, -37.658883788962001 ], [ 178.503335661789038, -37.659405940749231 ], [ 178.504016983329109, -37.659869868537633 ], [ 178.504637183781881, -37.660395959770362 ], [ 178.505303533311633, -37.660875110339234 ], [ 178.50603536118723, -37.661287659710901 ], [ 178.506780064180219, -37.661687110262598 ], [ 178.507486165720451, -37.662125819685919 ], [ 178.508225406651633, -37.662530819099047 ], [ 178.50888596177785, -37.663015848999734 ], [ 178.509588070111448, -37.663458611018093 ], [ 178.510275614986483, -37.663916183147066 ], [ 178.510998946715034, -37.66433735193457 ], [ 178.511716194172294, -37.664764552387261 ], [ 178.512446540917239, -37.665177271092119 ], [ 178.513252218410997, -37.665509598381902 ], [ 178.513998897461278, -37.665905443693006 ], [ 178.514680254453111, -37.66637090963372 ], [ 178.515319771918399, -37.666880968113134 ], [ 178.516010117820315, -37.667336848308253 ], [ 178.516595179374946, -37.667904837677106 ], [ 178.517211998518917, -37.668445571056075 ], [ 178.517961600543543, -37.668837595643964 ], [ 178.518633334411874, -37.669317359992746 ], [ 178.5193672289262, -37.669726450549277 ], [ 178.520125731561791, -37.670109674732814 ], [ 178.520918447715104, -37.670448962525676 ], [ 178.521683012359318, -37.670821041599851 ], [ 178.522448958821144, -37.671191540246504 ], [ 178.523220912046952, -37.67155443475243 ], [ 178.524016278351695, -37.67188593682927 ], [ 178.524808751412053, -37.672074902259801 ], [ 178.525562723245088, -37.672333977981388 ], [ 178.526418802573971, -37.672571875703099 ], [ 178.527269368807822, -37.672832299387153 ], [ 178.528128179352194, -37.673059048622967 ], [ 178.528990496295222, -37.673270023594903 ], [ 178.529867126886273, -37.673426884809956 ], [ 178.530766830953013, -37.673434118840298 ], [ 178.531659139525459, -37.673490792098569 ], [ 178.532536063701826, -37.673458436622241 ], [ 178.533400996911524, -37.673313608188451 ], [ 178.534275893854613, -37.673134805230546 ] ] } },
{ "type": "Feature", "properties": { "group_id": "nzd0216" }, "geometry": { "type": "LineString", "coordinates": [ [ 174.812157115883139, -37.685380584353261 ], [ 174.811693229864289, -37.684761932856674 ], [ 174.811392903509272, -37.684091364220329 ], [ 174.811688504746542, -37.683231649018857 ], [ 174.811333533343287, -37.682578411891441 ], [ 174.810599789548888, -37.682045387493012 ], [ 174.810510023144673, -37.681309355627562 ], [ 174.810545783372703, -37.680537414560575 ], [ 174.810232342304545, -37.679873820390576 ], [ 174.809695046520147, -37.679276804457281 ], [ 174.809520183682594, -37.678567587410015 ], [ 174.808941531159888, -37.677983362032883 ], [ 174.80840453476165, -37.677386235241293 ], [ 174.80824952147222, -37.676683289223703 ], [ 174.807870131090624, -37.676057436517098 ], [ 174.807520557614112, -37.675408776920953 ], [ 174.807212359140919, -37.674740327303603 ], [ 174.806889784642465, -37.67407549097544 ], [ 174.806534716277952, -37.673410763443933 ], [ 174.806147225074113, -37.67274367517247 ], [ 174.805860586675976, -37.672045846843247 ] ] } },
{ "type": "Feature", "properties": { "group_id": "nzd0217" }, "geometry": { "type": "LineString", "coordinates": [ [ 176.177326498041396, -37.629806451498879 ], [ 176.178018954609712, -37.630265042046645 ], [ 176.17871201382826, -37.630722926351027 ], [ 176.179446094127201, -37.631132859604634 ], [ 176.180234032479632, -37.631479835769987 ], [ 176.181033223852751, -37.631787850403555 ], [ 176.181865800935839, -37.632005813833729 ], [ 176.182762727269306, -37.632104389484219 ], [ 176.184347206266239, -37.630265391351621 ], [ 176.18490485689091, -37.631323902713909 ], [ 176.186115108240585, -37.630540823132151 ], [ 176.185885499434931, -37.633565406182363 ], [ 176.186469057350592, -37.633896625491367 ], [ 176.18713673687796, -37.63430312901373 ], [ 176.187879638195625, -37.634718812256587 ], [ 176.188516989665175, -37.635219877436136 ], [ 176.189063928684618, -37.635794079656058 ], [ 176.189588835564365, -37.636364103474882 ], [ 176.190043090931709, -37.636942096198261 ], [ 176.190442893817135, -37.637565237078555 ], [ 176.190927361627928, -37.638166333878587 ], [ 176.191443248370661, -37.638748841120304 ], [ 176.192004459325887, -37.639304533469975 ], [ 176.192635813112332, -37.63981872991878 ], [ 176.193264012079794, -37.640334787732485 ], [ 176.193855935983237, -37.640872298576781 ], [ 176.19445243355861, -37.641407099292849 ], [ 176.195041157324823, -37.641946493809826 ], [ 176.195620165642424, -37.642491630709586 ], [ 176.196241509770346, -37.643017120916106 ], [ 176.196901276658025, -37.643505829976412 ], [ 176.197526969644258, -37.644016548936925 ], [ 176.198160395137705, -37.644520866462692 ], [ 176.198789872804895, -37.645028425711175 ], [ 176.199400262248474, -37.645551672352333 ], [ 176.20001323535655, -37.646072791818057 ], [ 176.200608859802827, -37.64660816884043 ], [ 176.201234726635136, -37.64711868269778 ], [ 176.201849720469198, -37.647638130987751 ], [ 176.202435920655574, -37.648181244958685 ], [ 176.203031856725431, -37.648716352500763 ], [ 176.203643392760114, -37.649238633151562 ], [ 176.204250366140343, -37.649764661067493 ], [ 176.204855193593517, -37.65029244964937 ], [ 176.205490261037113, -37.650795862149273 ], [ 176.206101858867498, -37.651328151992374 ], [ 176.206756057180769, -37.651825568956227 ], [ 176.207397006607209, -37.652324882123246 ], [ 176.208057276512022, -37.652807001413812 ], [ 176.208715804658482, -37.653290667282725 ], [ 176.209371989565852, -37.65377641492892 ], [ 176.210033789401137, -37.654257163359141 ], [ 176.210738359996753, -37.654699851881688 ], [ 176.211441668913665, -37.655143659515566 ], [ 176.212136762987768, -37.655594773148088 ], [ 176.212846747005244, -37.656032634326635 ], [ 176.213552717720006, -37.656474062983001 ], [ 176.214232826528558, -37.656938500160521 ], [ 176.214885955384801, -37.657426940982496 ], [ 176.21553915584758, -37.65791531493732 ], [ 176.2161904214407, -37.658405407412594 ], [ 176.216883871446697, -37.658860252499046 ], [ 176.217578231395549, -37.659315062663211 ], [ 176.218275156964438, -37.659766158057934 ], [ 176.218993699748438, -37.660192857694796 ], [ 176.219686905046331, -37.660647426803472 ], [ 176.220394007075299, -37.661083779840993 ], [ 176.22109948622105, -37.661515767182607 ], [ 176.221800568904655, -37.661956283650639 ], [ 176.222480473299782, -37.662420804970743 ], [ 176.223152805949951, -37.662892418641775 ], [ 176.223835094825404, -37.663354699401971 ], [ 176.224524413796985, -37.663810389205906 ], [ 176.225174986025934, -37.664302385490309 ], [ 176.225847204282701, -37.664774094345844 ], [ 176.226525843643742, -37.66523978293899 ], [ 176.227206377684013, -37.665703692962545 ], [ 176.227869347974831, -37.666185289368997 ], [ 176.228558599690786, -37.666642973437504 ], [ 176.229244038241546, -37.667103934553786 ], [ 176.229928253067015, -37.667565682587949 ], [ 176.230594527960022, -37.668045830547499 ], [ 176.231281783025679, -37.66850445485548 ], [ 176.232003886781314, -37.668927328999885 ], [ 176.232707906290528, -37.669372559421817 ], [ 176.233413389500924, -37.669818917028245 ], [ 176.234118852256358, -37.670261994287785 ], [ 176.234844958938993, -37.670680645953318 ], [ 176.235556598137379, -37.671115840534561 ], [ 176.236292088944595, -37.671523755663472 ], [ 176.237014955062904, -37.671946106295728 ], [ 176.237721690528502, -37.672386902223032 ], [ 176.238442548914975, -37.672807059372737 ], [ 176.239164232653508, -37.673225430869408 ], [ 176.239885882641914, -37.673648186863659 ], [ 176.24058476330012, -37.67409586682902 ], [ 176.241314619825204, -37.674510102808881 ], [ 176.242040590154033, -37.6749285316033 ], [ 176.242761784160024, -37.675352114275661 ], [ 176.243466237378897, -37.675794081420818 ], [ 176.244218218789342, -37.67618555014775 ], [ 176.244956711905957, -37.676591100691049 ], [ 176.245699729518321, -37.676990594627433 ], [ 176.246448079461345, -37.677384141326897 ], [ 176.247200286225024, -37.677773385587074 ], [ 176.247960109266955, -37.678142025600998 ], [ 176.248713078472122, -37.67851719362131 ], [ 176.249481575364769, -37.678887027108068 ], [ 176.25025567085774, -37.679249569784133 ], [ 176.251039668119404, -37.679596989718448 ], [ 176.251815021109991, -37.6799576094363 ], [ 176.252585542085939, -37.680325607278412 ], [ 176.253351722907013, -37.680700232269544 ], [ 176.254091625356125, -37.681111446460712 ], [ 176.254838823812605, -37.681499303562212 ], [ 176.255594668269964, -37.681876237615711 ], [ 176.256360469273915, -37.682247526104966 ], [ 176.257118448053234, -37.682629089837768 ], [ 176.257886969133011, -37.682996800342174 ], [ 176.258657777357627, -37.683361503632774 ], [ 176.259440158798412, -37.683711782094292 ], [ 176.260208664724445, -37.684082953591037 ], [ 176.260985459089994, -37.684442883214807 ], [ 176.261751245314173, -37.684815724683418 ], [ 176.262506599487239, -37.685203561140007 ], [ 176.263275877081753, -37.685571380768579 ], [ 176.264042795963064, -37.685942589634806 ], [ 176.264828869423468, -37.686286260904048 ], [ 176.265615584687453, -37.686629007556689 ], [ 176.266418521735062, -37.686948431798392 ], [ 176.267197568749054, -37.687302198243813 ], [ 176.267976120640526, -37.687656674698061 ], [ 176.268773581190771, -37.687983965574809 ], [ 176.269566345726844, -37.688318005414686 ], [ 176.27037226864573, -37.688632450610861 ], [ 176.271158282557963, -37.688973534685665 ], [ 176.271953331871316, -37.689306111486609 ], [ 176.272744834977118, -37.68964657127259 ], [ 176.273549643091968, -37.689963372939317 ], [ 176.274314461465622, -37.690351280257026 ], [ 176.275165102599317, -37.690586583183894 ], [ 176.275997159054128, -37.690854929783555 ], [ 176.27680286156172, -37.691170136519126 ], [ 176.277613717799454, -37.69147617785292 ], [ 176.278396285645243, -37.69183252114081 ], [ 176.279152941084703, -37.692221042104904 ], [ 176.279899244995448, -37.692599272692263 ], [ 176.280628083799513, -37.693010096541023 ], [ 176.281389339259078, -37.69338811616425 ], [ 176.282156497350343, -37.693758002880003 ], [ 176.282942189139362, -37.694102356322169 ], [ 176.283725872903261, -37.69444947374177 ], [ 176.284522144872142, -37.694779247531471 ], [ 176.285314819246025, -37.695113974891591 ], [ 176.286087751726598, -37.695475896637873 ], [ 176.286866345958884, -37.69583001664305 ], [ 176.287634999331289, -37.696197829507604 ], [ 176.288437787304247, -37.696518614904008 ], [ 176.289217704897197, -37.696873380029984 ], [ 176.29002375279876, -37.69719176786279 ], [ 176.290834601174907, -37.697501538228856 ], [ 176.291648663665569, -37.697801842110316 ], [ 176.292457167763217, -37.698112022560693 ], [ 176.293275318219941, -37.698405058967701 ], [ 176.294088198080431, -37.698707460543837 ], [ 176.2949072892375, -37.698998822217128 ], [ 176.295735737606265, -37.699273552659079 ], [ 176.2965671592695, -37.699542996913003 ], [ 176.297399511625827, -37.699805425473308 ], [ 176.298222270781395, -37.700079828754859 ], [ 176.299062276992515, -37.700326776300813 ], [ 176.299894497875329, -37.700595889429195 ], [ 176.30072213484101, -37.700875220081954 ], [ 176.30154521468296, -37.701164708992557 ], [ 176.302366450672935, -37.701458308333677 ], [ 176.30319071610532, -37.701745154847337 ], [ 176.304018656332005, -37.70202380960859 ], [ 176.304852194330351, -37.702289985460915 ], [ 176.305688353749389, -37.702550316950727 ], [ 176.30652772531252, -37.702803486898439 ], [ 176.3073602289154, -37.703071967042703 ], [ 176.308185738989977, -37.703356038023927 ], [ 176.309007798932782, -37.703647800837587 ], [ 176.309867680084722, -37.703855243452125 ] ] } },
{ "type": "Feature", "properties": { "group_id": "nzd0218" }, "geometry": { "type": "LineString", "coordinates": [ [ 178.530760294828411, -37.71172786101917 ], [ 178.530263857200055, -37.712330001773914 ], [ 178.52972951574074, -37.71292761572068 ], [ 178.529228351579434, -37.713541270881791 ], [ 178.528769299360903, -37.714153036683769 ], [ 178.528302608634846, -37.714761687224708 ], [ 178.527840487366205, -37.715372193143686 ], [ 178.527434200905873, -37.716012773943213 ], [ 178.527081953313086, -37.716676462215986 ], [ 178.52666122286422, -37.717308941658182 ], [ 178.526218167988901, -37.717930439434149 ], [ 178.525845951704156, -37.718576663786664 ], [ 178.525478273087742, -37.719219765213722 ], [ 178.525107190774321, -37.719860299713254 ], [ 178.524799111606882, -37.720530052457207 ], [ 178.524374579537294, -37.721156335111779 ], [ 178.524008416483383, -37.721816904461001 ], [ 178.523750749648315, -37.72250795277553 ], [ 178.523502635383437, -37.723191190348835 ] ] } },
{ "type": "Feature", "properties": { "group_id": "nzd0219" }, "geometry": { "type": "LineString", "coordinates": [ [ 177.697791449624674, -37.726875485760303 ], [ 177.698654664710659, -37.726656761134336 ], [ 177.699470635661442, -37.726360216209976 ], [ 177.700227598094386, -37.726008877513493 ], [ 177.700959480983812, -37.725630609104066 ], [ 177.701712475287593, -37.725242772094155 ], [ 177.702424543797264, -37.72480992383506 ] ] } },
{ "type": "Feature", "properties": { "group_id": "nzd0220" }, "geometry": { "type": "LineString", "coordinates": [ [ 176.470341331721983, -37.744333377530801 ], [ 176.47075872914462, -37.744963012713335 ], [ 176.471147090354833, -37.745599253944981 ], [ 176.47156670429257, -37.746207778425756 ], [ 176.472054166207954, -37.746790640986589 ], [ 176.472545376801548, -37.747383551291207 ], [ 176.473079409934314, -37.7479528375749 ], [ 176.473591321664173, -37.748535093120431 ], [ 176.474050385095438, -37.749145007754457 ], [ 176.474546661578529, -37.749736248538994 ], [ 176.475086388520566, -37.750306006821347 ], [ 176.475619921030471, -37.750879437292518 ], [ 176.4761880908043, -37.751430601966909 ], [ 176.476666431135925, -37.752026741271493 ], [ 176.47714806891716, -37.7526319554891 ], [ 176.477660151378871, -37.753216958011357 ] ] } },
{ "type": "Feature", "properties": { "group_id": "nzd0221" }, "geometry": { "type": "LineString", "coordinates": [ [ 174.830157844795451, -37.756971522846328 ], [ 174.830020312050749, -37.756268778475693 ], [ 174.829912956145876, -37.755561064773438 ], [ 174.829692849632977, -37.754863277814515 ], [ 174.829545791450158, -37.75414504056458 ], [ 174.829284862174916, -37.753458682119224 ], [ 174.829115223179969, -37.752757456736752 ], [ 174.828789094448439, -37.752091470068308 ], [ 174.828597403221636, -37.751394800581451 ], [ 174.828339490765785, -37.750713557056109 ], [ 174.827980993454247, -37.750052278810593 ], [ 174.827663837379106, -37.749382965516816 ], [ 174.827342534456307, -37.748718817897512 ], [ 174.827073905856992, -37.748040337880823 ], [ 174.826830012107251, -37.747354039883717 ], [ 174.826550886946791, -37.74667762190014 ], [ 174.826329787213126, -37.745986712907992 ], [ 174.826068150585684, -37.745329030622102 ], [ 174.825830433966246, -37.744669777282887 ], [ 174.825664226625804, -37.743974976894123 ], [ 174.825540218911186, -37.743267837738415 ], [ 174.825298143232942, -37.74257952388426 ] ] } },
{ "type": "Feature", "properties": { "group_id": "nzd0222" }, "geometry": { "type": "LineString", "coordinates": [ [ 176.444298339272791, -37.753889828323132 ], [ 176.445191211247447, -37.753969175789742 ], [ 176.446081217028819, -37.754052709261487 ], [ 176.446972934908331, -37.75411986753457 ], [ 176.447868278547389, -37.754174385383742 ], [ 176.448765455771422, -37.754205734756979 ], [ 176.449658308357073, -37.754275312942347 ], [ 176.450553307531237, -37.754268576689647 ], [ 176.451451199956978, -37.754309764312396 ], [ 176.452348060169157, -37.754317858587143 ], [ 176.453243614524496, -37.754279320814071 ] ] } },
{ "type": "Feature", "properties": { "group_id": "nzd0223" }, "geometry": { "type": "LineString", "coordinates": [ [ 174.833750513125409, -37.775682403622717 ], [ 174.833663891707261, -37.774973120269109 ], [ 174.833474769758169, -37.774278307044192 ], [ 174.833430133482807, -37.773559555808554 ], [ 174.833349849729927, -37.772848867017288 ], [ 174.833455875106779, -37.772125596279068 ], [ 174.833232325600733, -37.771433066988031 ], [ 174.833090405781348, -37.77073270023886 ], [ 174.833015874878157, -37.770022585340278 ], [ 174.83283477668391, -37.769325662860503 ], [ 174.832692403728032, -37.768623815246286 ], [ 174.832547390718361, -37.767925118225321 ], [ 174.832518471248193, -37.76721147037091 ], [ 174.832428480986067, -37.766503333142886 ], [ 174.832244865223487, -37.765808002030639 ], [ 174.832433755679261, -37.765057660603127 ] ] } },
{ "type": "Feature", "properties": { "group_id": "nzd0224" }, "geometry": { "type": "LineString", "coordinates": [ [ 178.460076007970116, -37.803554365069523 ], [ 178.459613112176129, -37.804162096229589 ], [ 178.459147324346276, -37.8047684666099 ], [ 178.458701304809068, -37.805384100357998 ], [ 178.458217490619262, -37.805982009485803 ], [ 178.45768612163431, -37.806557618126298 ], [ 178.457135369788716, -37.80712261853224 ], [ 178.456665411603979, -37.8077256581957 ], [ 178.456223194453571, -37.808342574750299 ], [ 178.455773484664576, -37.808956543825722 ], [ 178.45530049250263, -37.809560319732221 ], [ 178.454847686627261, -37.810172923960394 ], [ 178.454360523374561, -37.810770488770586 ], [ 178.45389078273638, -37.811374667838429 ], [ 178.453381601654968, -37.811959984798648 ], [ 178.452944043839523, -37.812579844222427 ], [ 178.452498407025416, -37.813199221927867 ], [ 178.452082313827418, -37.813829053758013 ], [ 178.451670543343539, -37.814460410534274 ], [ 178.45124256676209, -37.815086024320074 ], [ 178.450789877957931, -37.815702883680515 ], [ 178.450378135899058, -37.816334234194244 ], [ 178.449954998247904, -37.816961544828082 ], [ 178.449618575946687, -37.817622876926755 ], [ 178.449298879639599, -37.818291281440672 ], [ 178.448914865130632, -37.818964710537649 ], [ 178.448630060405435, -37.819645346202329 ], [ 178.448343498758817, -37.820325734083852 ], [ 178.448120132445553, -37.821014795902265 ], [ 178.447913670395423, -37.821706173164955 ], [ 178.447680442302158, -37.822412356944668 ], [ 178.447649248637504, -37.823185360225352 ], [ 178.44768403255074, -37.823952614234557 ], [ 178.447628840731937, -37.824680501869842 ], [ 178.447667818828393, -37.825395168739597 ], [ 178.44790698601463, -37.826081738524195 ], [ 178.44819242561033, -37.826761808510049 ], [ 178.44849193231039, -37.827439897643799 ] ] } },
{ "type": "Feature", "properties": { "group_id": "nzd0225" }, "geometry": { "type": "LineString", "coordinates": [ [ 174.836191384345199, -37.792799454599503 ], [ 174.836024324894566, -37.792074204021922 ], [ 174.835977458490561, -37.791309608274503 ], [ 174.835911356283759, -37.790575125153737 ], [ 174.835923154003609, -37.789859918167245 ], [ 174.835956694424311, -37.789142680458653 ], [ 174.835951304891552, -37.788430135983127 ], [ 174.835894815349008, -37.787725277747704 ], [ 174.835899493313917, -37.787020646227951 ], [ 174.835805943115872, -37.786318644192441 ], [ 174.835677355055793, -37.785615980953011 ], [ 174.835541315967561, -37.78491319254703 ], [ 174.835473567310771, -37.784203243585551 ], [ 174.835446950635259, -37.783489949094331 ], [ 174.83524190343536, -37.782801213287037 ], [ 174.835145991840989, -37.782098428123184 ], [ 174.835044268735089, -37.781390502277524 ] ] } },
{ "type": "Feature", "properties": { "group_id": "nzd0226" }, "geometry": { "type": "LineString", "coordinates": [ [ 176.481485464754627, -37.757432553961891 ], [ 176.482169000804419, -37.757893174896736 ], [ 176.482831560977786, -37.758372587993165 ], [ 176.483470788648162, -37.758878989549324 ], [ 176.484069288574972, -37.759419919583245 ], [ 176.484721161072542, -37.759910738971001 ], [ 176.485338326646655, -37.760429153749833 ], [ 176.485951902458766, -37.760952389739138 ], [ 176.48653973320404, -37.76148881146014 ], [ 176.487189152757168, -37.761970242651188 ], [ 176.487828794651875, -37.762465994579792 ], [ 176.48847345644046, -37.762964931711679 ], [ 176.489074747362849, -37.763497346344352 ], [ 176.489706024855622, -37.763998656702512 ], [ 176.490375914780486, -37.764457015130731 ], [ 176.491050646893001, -37.764915164680566 ], [ 176.491723325173211, -37.765395513928446 ], [ 176.492351062490059, -37.765914967003937 ], [ 176.492971142830129, -37.766424245802881 ], [ 176.493643304374075, -37.766887456697283 ], [ 176.494298851652815, -37.767373910377415 ], [ 176.494961142828856, -37.767854083747771 ], [ 176.49562653775115, -37.768331360426174 ], [ 176.496302859975714, -37.768798322672431 ], [ 176.49699911750966, -37.769246706759326 ], [ 176.497680432352695, -37.769700461215827 ], [ 176.498358015622529, -37.770158373040971 ], [ 176.499033170315414, -37.770628500257821 ], [ 176.499727246334402, -37.771079717227742 ], [ 176.500395019926287, -37.7715599495452 ], [ 176.501043366438921, -37.772058930431761 ], [ 176.501735056763977, -37.772512491616922 ], [ 176.502421800613604, -37.772970087482143 ], [ 176.503106050770583, -37.773428556214817 ], [ 176.503826459919338, -37.773850591934391 ], [ 176.504513241475991, -37.774308825880411 ], [ 176.505208156054152, -37.774758970341665 ], [ 176.505895568229079, -37.775216834220814 ], [ 176.506568132913287, -37.775689977813343 ], [ 176.507274470286177, -37.776132046631055 ], [ 176.507964843369876, -37.776591109962055 ], [ 176.508638915675874, -37.777052953305699 ], [ 176.509364896704085, -37.777451788043258 ], [ 176.510083370355346, -37.777871133585954 ], [ 176.510769411300544, -37.77833229937653 ], [ 176.51146874035021, -37.778779023568198 ], [ 176.512170631348312, -37.779222961452348 ], [ 176.512869364848882, -37.779670526335586 ], [ 176.513574279582855, -37.780111937682101 ], [ 176.514278832690195, -37.780553279685002 ], [ 176.514990009784242, -37.780985591502713 ], [ 176.515722434066305, -37.781394254716446 ], [ 176.516446658929283, -37.781813330438425 ], [ 176.517153465549058, -37.782249593376378 ], [ 176.5178906264305, -37.782645558228928 ], [ 176.518649721885765, -37.78301841221851 ], [ 176.519372521192849, -37.783443647407729 ], [ 176.520114818610949, -37.783844160554963 ], [ 176.520840729940602, -37.784268216395262 ], [ 176.521548529531032, -37.784713118835697 ], [ 176.522238756679229, -37.785171234860776 ], [ 176.522952401425414, -37.785601275222959 ], [ 176.523690741798589, -37.786004088434694 ], [ 176.524422323492075, -37.786415163835329 ], [ 176.525146063152221, -37.786835444640523 ], [ 176.525867650477323, -37.787258114487571 ], [ 176.526591663702362, -37.787678086276621 ], [ 176.527327936735276, -37.788084432875735 ], [ 176.528043583860153, -37.788513813992502 ], [ 176.528793573133186, -37.788906573730458 ], [ 176.529517634969295, -37.789327844534135 ], [ 176.530239658439882, -37.789746221679884 ], [ 176.530969938182636, -37.790152405321116 ], [ 176.531709406746245, -37.790552051375997 ], [ 176.532412109195121, -37.790997782107304 ], [ 176.533113369431419, -37.791445198895993 ], [ 176.533823711613479, -37.791885245371525 ], [ 176.534525492378265, -37.79233376756256 ], [ 176.535229558653839, -37.792776160736842 ], [ 176.535953762003913, -37.793195764590237 ], [ 176.536647224108009, -37.793647635368323 ], [ 176.537351898566357, -37.794084394509902 ], [ 176.538114977441751, -37.79445564785685 ], [ 176.538840640964906, -37.794879314310407 ], [ 176.539525293972559, -37.795346737708158 ], [ 176.540239156963793, -37.795778236673186 ], [ 176.540972852261376, -37.79618785877495 ], [ 176.541711320064223, -37.796592440876807 ], [ 176.542416836106213, -37.797031325479118 ], [ 176.543124424400446, -37.797465713671201 ], [ 176.543842620889222, -37.797885191031668 ], [ 176.544580516450054, -37.79828286619599 ], [ 176.545325359641566, -37.798677166347552 ], [ 176.546058535908628, -37.799087533827958 ], [ 176.546806948470675, -37.799479674429804 ], [ 176.547540792138449, -37.799889239108609 ], [ 176.548297620626812, -37.800269387329486 ], [ 176.549040362539301, -37.800666546579343 ], [ 176.549809124238095, -37.801034862904146 ], [ 176.550542346828848, -37.801446308031686 ], [ 176.551270658224098, -37.801862782867381 ], [ 176.551988163836995, -37.802292308340917 ], [ 176.552698507850209, -37.802733757865006 ], [ 176.553408554590362, -37.803175397151655 ], [ 176.554103226853584, -37.803631766873188 ], [ 176.554809832261583, -37.804072576240074 ], [ 176.555546475949313, -37.804479023586275 ], [ 176.556264161420387, -37.804905721410115 ], [ 176.557011849895162, -37.805299569232162 ], [ 176.557712029872107, -37.805742407928925 ], [ 176.558439049389904, -37.806148218858347 ], [ 176.559197786538931, -37.806523998819024 ], [ 176.559923802614435, -37.806948679605128 ], [ 176.560647363872107, -37.807371801415677 ], [ 176.561395491504925, -37.80776425356882 ], [ 176.562125407389544, -37.80817810302193 ], [ 176.562879672342035, -37.808562503186934 ], [ 176.563613773120693, -37.808962177709681 ], [ 176.564359068126123, -37.809350988883857 ], [ 176.565123690349367, -37.809723669621668 ], [ 176.565865066329735, -37.810125719732774 ], [ 176.566590635695235, -37.810548167576826 ], [ 176.567329964852576, -37.810953147254601 ], [ 176.568109407689207, -37.81131030870209 ], [ 176.568837362568019, -37.811735000585671 ], [ 176.569564958814965, -37.812154882820948 ], [ 176.570283104495132, -37.812582168989557 ], [ 176.571004692013872, -37.81300545804433 ], [ 176.571725080144688, -37.813430137004964 ], [ 176.572467047353399, -37.813826846451356 ], [ 176.573236826036606, -37.814187844779646 ], [ 176.573990744160653, -37.814571457995378 ], [ 176.574739092360176, -37.814963917541455 ], [ 176.575504379016365, -37.81533518603986 ], [ 176.576246363684334, -37.815734730043921 ], [ 176.576993722551606, -37.816127432710999 ], [ 176.577751042978889, -37.816508450678612 ], [ 176.578492649028902, -37.816909621639134 ], [ 176.579237535229908, -37.817306637512161 ], [ 176.62270672198747, -37.838573285388925 ], [ 176.623127579698178, -37.838743440852966 ] ] } },
{ "type": "Feature", "properties": { "group_id": "nzd0227" }, "geometry": { "type": "LineString", "coordinates": [ [ 177.633307016273534, -37.812491945133758 ], [ 177.634217605091578, -37.812412145873381 ], [ 177.635102791433809, -37.812269858216695 ], [ 177.635964870188673, -37.812070730502114 ] ] } },
{ "type": "Feature", "properties": { "group_id": "nzd0228" }, "geometry": { "type": "LineString", "coordinates": [ [ 174.824547456257875, -37.821510416418135 ], [ 174.825301189171711, -37.821116133238199 ], [ 174.825930002420648, -37.820620142841079 ], [ 174.8265929520187, -37.820153897690922 ], [ 174.827135839322665, -37.819600669007649 ] ] } },
{ "type": "Feature", "properties": { "group_id": "nzd0229" }, "geometry": { "type": "LineString", "coordinates": [ [ 176.623930909513689, -37.839060901656183 ], [ 176.624756873048199, -37.839340218381672 ], [ 176.625572759051209, -37.839636515874915 ], [ 176.626366823075045, -37.839975574728847 ], [ 176.627155650481257, -37.840330974774666 ], [ 176.6279371197557, -37.840690093840195 ], [ 176.628713896724065, -37.841047243675519 ], [ 176.629507313135434, -37.84137938462122 ], [ 176.63031131851622, -37.841695609320425 ], [ 176.631098543820968, -37.842035914999222 ], [ 176.631883761425712, -37.842373130307841 ], [ 176.632661957525727, -37.842723415194335 ], [ 176.633434770473912, -37.843088615352741 ], [ 176.634247811719149, -37.843390161514307 ], [ 176.635073880229726, -37.843671092257857 ], [ 176.635869630522876, -37.843994372903673 ], [ 176.636649928180248, -37.844338962093296 ], [ 176.637426116049255, -37.844697643929209 ], [ 176.638201729389579, -37.845061667198131 ], [ 176.639005275544008, -37.845378703752743 ], [ 176.639815497025864, -37.845684510086613 ], [ 176.640638425029209, -37.845968940406031 ], [ 176.641433183801951, -37.846291997749624 ], [ 176.642226262122648, -37.846617688792243 ], [ 176.643029319633541, -37.846935504589318 ], [ 176.719336179874375, -37.873679049723513 ], [ 176.720149047348997, -37.873992808112568 ], [ 176.720967670304276, -37.874296840195768 ], [ 176.721780479441236, -37.87460470916519 ], [ 176.722609770495581, -37.874876805363051 ], [ 176.723459277053308, -37.875108855632654 ], [ 176.724308779006122, -37.875340912586218 ], [ 176.725141551738488, -37.875606106795871 ], [ 176.725961563611435, -37.875896578440887 ], [ 176.726780759574496, -37.876188665611537 ], [ 176.727616377924988, -37.876448218863544 ], [ 176.728450226107924, -37.876711277274254 ], [ 176.72927570976421, -37.876990904955044 ], [ 176.730116452223541, -37.877240302200107 ], [ 176.730955412451948, -37.877493228361288 ], [ 176.731769050121869, -37.877779642754824 ], [ 176.732603602149482, -37.878020326459762 ], [ 176.73342915310883, -37.878305014819162 ], [ 176.734262058134561, -37.878575938104099 ], [ 176.735102790270162, -37.878827639807064 ], [ 176.735939164649437, -37.87909004344759 ], [ 176.736769259248859, -37.879367869902836 ], [ 176.737602083927158, -37.87963899212172 ], [ 176.738431546518228, -37.879918372117537 ], [ 176.739282695210619, -37.880144490936352 ], [ 176.740140270078314, -37.880354825435376 ], [ 176.740992661825175, -37.880578004586582 ], [ 176.741838761432689, -37.880815573717953 ], [ 176.742672777495102, -37.881080146038364 ], [ 176.743512517563602, -37.881331809628712 ], [ 176.744374917501716, -37.881527457212243 ], [ 176.745234197465663, -37.881725222445098 ], [ 176.746105289250153, -37.881897498673126 ], [ 176.746965588305983, -37.882100811070963 ], [ 176.747824954654618, -37.882306683020097 ], [ 176.748672080922461, -37.882546158166186 ], [ 176.749511145731162, -37.882807766205126 ] ] } },
{ "type": "Feature", "properties": { "group_id": "nzd0230" }, "geometry": { "type": "LineString", "coordinates": [ [ 177.555377511815522, -37.882863673036425 ], [ 177.556163751248505, -37.882515967524398 ], [ 177.556931639039732, -37.88214695663256 ], [ 177.557679546082426, -37.881754749647307 ], [ 177.558435235264255, -37.881371574419255 ], [ 177.559201272705621, -37.881000409564486 ], [ 177.55997956827602, -37.880641426087521 ], [ 177.560754805008457, -37.880281372453517 ], [ 177.561539325111823, -37.879935679124507 ], [ 177.562318726906909, -37.879583647064493 ], [ 177.563085807592699, -37.87921521041163 ], [ 177.563858480945413, -37.878854218005721 ], [ 177.564653433910905, -37.878520621053831 ], [ 177.565449339134119, -37.878189390970917 ], [ 177.566247408211893, -37.877863548375302 ], [ 177.567028509756852, -37.877514032138095 ], [ 177.567818036664391, -37.877176302629458 ], [ 177.568602964479993, -37.876837996953995 ], [ 177.569378764558849, -37.876489152727089 ], [ 177.570164496198174, -37.876145907333857 ], [ 177.570940815111982, -37.875788672914673 ], [ 177.571697055027414, -37.875411642090143 ], [ 177.572454206193186, -37.875042325627938 ], [ 177.573196978928479, -37.874647501747461 ], [ 177.573926752053211, -37.874233593588279 ], [ 177.574647424691221, -37.873810494801951 ], [ 177.575339057189211, -37.873371004411872 ], [ 177.576010273020614, -37.872917241516291 ], [ 177.57665551765038, -37.872425584551713 ], [ 177.577291019698379, -37.871923304501522 ], [ 177.577900745395482, -37.871402856734868 ], [ 177.578486451902876, -37.870868483250838 ], [ 177.579053955408398, -37.870332838095386 ], [ 177.579605012816302, -37.869776701238912 ], [ 177.580163876810417, -37.86921691772055 ] ] } },
{ "type": "Feature", "properties": { "group_id": "nzd0232" }, "geometry": { "type": "LineString", "coordinates": [ [ 174.772825807984788, -37.911655393274749 ], [ 174.772609311340858, -37.91096468971832 ], [ 174.772383036626763, -37.910276637247946 ], [ 174.772213721134506, -37.909573098800657 ], [ 174.771995994191911, -37.908882710738425 ], [ 174.771609271060186, -37.908238244570647 ], [ 174.771299826087812, -37.907572770406205 ], [ 174.771005321262436, -37.90690322982055 ], [ 174.77070938023104, -37.906234073407887 ], [ 174.770377529311844, -37.905574670109637 ], [ 174.770140594648922, -37.904889465184333 ], [ 174.769905360416459, -37.904203791901566 ], [ 174.769582275956026, -37.903541987726925 ], [ 174.769294342631099, -37.9028706242905 ], [ 174.769122200890649, -37.902167785524874 ], [ 174.768914446639712, -37.901474618998314 ], [ 174.768678259925395, -37.900797439541932 ], [ 174.768401786235756, -37.900131243154988 ], [ 174.768037977817301, -37.899477830953579 ], [ 174.76775377175403, -37.898805192687817 ], [ 174.767489665735667, -37.898127720663602 ], [ 174.767255194065314, -37.897443085003424 ], [ 174.767032104540874, -37.89675539196984 ], [ 174.766808804518206, -37.896067719459772 ], [ 174.766463148041424, -37.89540996175333 ], [ 174.766209513479822, -37.894729927137647 ], [ 174.766066696602053, -37.894023066591096 ], [ 174.765691411371563, -37.893372460796975 ], [ 174.765409483715388, -37.89269925470856 ], [ 174.765140039117625, -37.892023021249884 ] ] } },
{ "type": "Feature", "properties": { "group_id": "nzd0234" }, "geometry": { "type": "LineString", "coordinates": [ [ 176.905507256810523, -37.912686604712633 ], [ 176.906392799457763, -37.912805250329718 ], [ 176.907275527945018, -37.912939183236773 ], [ 176.908152568759448, -37.913104042294222 ], [ 176.909037665934278, -37.913225409299983 ], [ 176.909925544084302, -37.913331768100143 ], [ 176.910810910365882, -37.913452253638354 ], [ 176.9117029841224, -37.913534684647196 ], [ 176.912587151288051, -37.91366197216378 ], [ 176.913474007715166, -37.913774001596622 ], [ 176.914366554543619, -37.91385374173381 ], [ 176.915256584406791, -37.913947760812064 ], [ 176.916143210761561, -37.914061091666085 ], [ 176.917026014586014, -37.914196114834454 ], [ 176.917903833418507, -37.914359430448684 ], [ 176.918785710973935, -37.91449971470913 ], [ 176.919669794453057, -37.914627480581125 ], [ 176.920550936290624, -37.914771943957213 ], [ 176.921434832386268, -37.914900775725613 ], [ 176.922313833526687, -37.915046863206378 ], [ 176.923198970923096, -37.91515492313053 ], [ 176.92409805635117, -37.915218379686763 ], [ 176.924987246159844, -37.915322812395573 ] ] } },
{ "type": "Feature", "properties": { "group_id": "nzd0235" }, "geometry": { "type": "LineString", "coordinates": [ [ 178.39264734512156, -37.913863520740058 ], [ 178.392171824062359, -37.914483028594212 ], [ 178.391765262772395, -37.915121394755218 ], [ 178.391383097234296, -37.915766428603661 ], [ 178.391033514281389, -37.916420369631972 ], [ 178.390771871513209, -37.917098360853814 ], [ 178.390520932722325, -37.917779274021996 ], [ 178.390315810170904, -37.918472713896648 ], [ 178.390134888097776, -37.919165603957936 ], [ 178.390009472800813, -37.919828978955103 ], [ 178.389888345851944, -37.920508764372784 ], [ 178.389778844549369, -37.92121512695045 ], [ 178.389696700891506, -37.921921971117307 ], [ 178.389665068838525, -37.92262971016973 ], [ 178.389586366841513, -37.923336602190425 ], [ 178.389576067525411, -37.924044708397581 ], [ 178.389579260956566, -37.92473956694645 ], [ 178.389567558574782, -37.925436512109215 ], [ 178.389609067991529, -37.926144855448534 ], [ 178.389608487375057, -37.926859410552773 ], [ 178.389709922603856, -37.927563095049393 ], [ 178.389790455802114, -37.928268998668727 ], [ 178.389870318954621, -37.928970571387062 ], [ 178.390031090531295, -37.929669627565453 ], [ 178.390163757726043, -37.930382323642895 ], [ 178.390323235408971, -37.931087666830841 ], [ 178.390506211234566, -37.931789103409102 ], [ 178.390773114947194, -37.932475269917759 ], [ 178.391049990580683, -37.933158669950892 ], [ 178.39135222855964, -37.933826343632866 ], [ 178.391718798669046, -37.934472846742864 ], [ 178.392213419065058, -37.935077216541025 ] ] } },
{ "type": "Feature", "properties": { "group_id": "nzd0236" }, "geometry": { "type": "LineString", "coordinates": [ [ 177.507089310494649, -37.92853020410282 ], [ 177.507918062322574, -37.92825746653206 ], [ 177.50874166362712, -37.927975392346767 ], [ 177.509576300358418, -37.92771332041378 ] ] } },
{ "type": "Feature", "properties": { "group_id": "nzd0237" }, "geometry": { "type": "LineString", "coordinates": [ [ 174.776643901797371, -37.922370046821001 ], [ 174.776431599617183, -37.921680184371461 ], [ 174.776292657613737, -37.920976383667401 ], [ 174.775936143783838, -37.920326280509187 ], [ 174.775614109291297, -37.919663076816754 ], [ 174.775310339120892, -37.918993614582369 ], [ 174.775110756170164, -37.918302234642937 ], [ 174.774767783782409, -37.917641004125265 ], [ 174.774640932502308, -37.916934315363456 ] ] } },
{ "type": "Feature", "properties": { "group_id": "nzd0238" }, "geometry": { "type": "LineString", "coordinates": [ [ 177.449329830394646, -37.961056376974028 ], [ 177.450214757237234, -37.960920198483763 ], [ 177.451101671726633, -37.960789390411378 ], [ 177.451975851259959, -37.960624158616497 ], [ 177.452836413126477, -37.960422119342823 ], [ 177.453697140603964, -37.960220528207714 ], [ 177.45456159283421, -37.96002900466415 ], [ 177.455419736367958, -37.959820430725138 ], [ 177.456277628109234, -37.959611177049887 ], [ 177.457134893126153, -37.959400230385633 ], [ 177.457987389927553, -37.959176398238704 ] ] } },
{ "type": "Feature", "properties": { "group_id": "nzd0239" }, "geometry": { "type": "LineString", "coordinates": [ [ 177.024016783962026, -37.956218980066332 ], [ 177.024567267126912, -37.956780041128219 ], [ 177.025243027834449, -37.957254376041512 ], [ 177.026000013594683, -37.957672478794677 ], [ 177.026757621322872, -37.958090145838447 ], [ 177.027528852018378, -37.958459515404165 ], [ 177.028215317573, -37.958788368525653 ], [ 177.028947918541974, -37.959136315708534 ], [ 177.029718450282473, -37.959503324563521 ], [ 177.030491905615492, -37.959865816094172 ], [ 177.031271965287232, -37.960218104266374 ], [ 177.03203016215096, -37.960604164427856 ], [ 177.03283720863854, -37.960914760981545 ], [ 177.03361630954177, -37.961268526140806 ], [ 177.034374164632197, -37.961632144220303 ], [ 177.035171883476835, -37.961931605602913 ], [ 177.035996942596825, -37.962207728717921 ], [ 177.036814500561263, -37.962504016874995 ], [ 177.037604719547858, -37.962856480062484 ], [ 177.03841885015504, -37.963159810796114 ], [ 177.039186174312192, -37.963559320394594 ], [ 177.040015793521718, -37.963830825326113 ], [ 177.040842141233753, -37.964109051736415 ], [ 177.041674220209273, -37.964375500050522 ], [ 177.042516343535368, -37.964621306616792 ], [ 177.043323705988229, -37.964938543925591 ], [ 177.044152499853197, -37.965211739959898 ], [ 177.044974379860207, -37.965499143147362 ], [ 177.045789953665036, -37.96579950531666 ], [ 177.046624073724388, -37.966061753138945 ], [ 177.047443507385708, -37.966354181849496 ], [ 177.048249703082377, -37.966673815966459 ], [ 177.049063852455276, -37.966977104215275 ], [ 177.049923125985714, -37.967187653229225 ], [ 177.05076802760621, -37.967427736948096 ], [ 177.051605873923734, -37.967682319178301 ], [ 177.052448207393354, -37.967927677446539 ], [ 177.053275848873369, -37.968207026864981 ], [ 177.054102007344596, -37.96850007589213 ], [ 177.054947574365514, -37.968750224318164 ], [ 177.05580177611435, -37.968969081875613 ], [ 177.056626191049418, -37.969266520346821 ], [ 177.057468511113171, -37.969516723898067 ], [ 177.058284627358034, -37.96983605959219 ], [ 177.059085239136465, -37.970196303165018 ], [ 177.059968982797983, -37.970337222291633 ], [ 177.06085392553976, -37.97047497376559 ], [ 177.061731413240551, -37.970632390780366 ], [ 177.062587523664121, -37.970846208323984 ], [ 177.06344552611904, -37.971055032640294 ], [ 177.06429982293912, -37.971273633421738 ], [ 177.065163902106946, -37.971466421186221 ], [ 177.066004896226531, -37.971720121651664 ], [ 177.066870876797054, -37.971907889604182 ], [ 177.067725857029671, -37.972124683255551 ], [ 177.068571890021076, -37.972365086487585 ], [ 177.069424599798936, -37.972587870320226 ], [ 177.070295884534886, -37.972761634926947 ], [ 177.071162207556142, -37.972948490941377 ], [ 177.072020015441836, -37.973157816879095 ], [ 177.072871696179675, -37.973383311892704 ], [ 177.073739073659056, -37.973567379967534 ], [ 177.074599033589919, -37.973771022414034 ], [ 177.075476045196069, -37.973928099355298 ], [ 177.076342444099623, -37.974106487982446 ], [ 177.07721713321726, -37.974263121286839 ], [ 177.078080697850368, -37.974466095415941 ], [ 177.078947557662417, -37.974656601090885 ], [ 177.079819023430503, -37.974829676589287 ], [ 177.080683843316763, -37.975027904362449 ], [ 177.081543731811394, -37.975244797675167 ], [ 177.082414018558296, -37.975422337939179 ], [ 177.083288233411452, -37.975585010912262 ], [ 177.084160398552058, -37.975755441680874 ], [ 177.085029784007645, -37.975936393988164 ], [ 177.085908230768496, -37.976083047328551 ], [ 177.08678214873018, -37.976246842510172 ], [ 177.087658527666974, -37.976401321254805 ], [ 177.088532067825469, -37.976566545544564 ], [ 177.089404564966827, -37.976735718070827 ], [ 177.090279126066577, -37.976897076696382 ], [ 177.091138593476131, -37.977115578551114 ], [ 177.09202144811502, -37.977245537985773 ], [ 177.092891727602137, -37.977423106554362 ], [ 177.093776279529749, -37.977546636177976 ], [ 177.094652771660435, -37.977700680497868 ], [ 177.095521031014442, -37.977885897194803 ], [ 177.096391758781778, -37.97806176781441 ], [ 177.097259658109181, -37.978248349205884 ], [ 177.098134252590029, -37.978410357836594 ], [ 177.099013536419903, -37.978563994495424 ], [ 177.099906916853882, -37.97865755506259 ], [ 177.100792000130696, -37.978776929581478 ], [ 177.101672426957776, -37.978916900685626 ], [ 177.102547943325504, -37.979078594206634 ], [ 177.103425817623645, -37.979229857182418 ], [ 177.104314517133304, -37.979333228163028 ], [ 177.105197040899554, -37.979463919254094 ], [ 177.106084180315918, -37.979574187412467 ], [ 177.106961272147146, -37.979728909416345 ], [ 177.107845531561082, -37.979851917073979 ], [ 177.108714624116885, -37.980042034808413 ], [ 177.109587947320477, -37.980213434531194 ], [ 177.11046759563655, -37.980356845910904 ], [ 177.11135958490695, -37.980445643791832 ], [ 177.112248329959016, -37.980548794810808 ], [ 177.113119533776569, -37.980729574350981 ], [ 177.113980216089317, -37.980956922279667 ], [ 177.114857837984857, -37.981109301590081 ], [ 177.115743488375728, -37.981226146098365 ], [ 177.116631271241374, -37.981333549471579 ], [ 177.117508484256405, -37.981487736643594 ], [ 177.118387958420726, -37.981631915035166 ], [ 177.119247237643464, -37.981865490604157 ], [ 177.120133915309651, -37.981977782433688 ], [ 177.121015662375243, -37.982111899657511 ], [ 177.121899738341511, -37.982235705390856 ], [ 177.122797998571372, -37.98229671076232 ], [ 177.123678081450265, -37.982438190238902 ], [ 177.124563722812923, -37.98255505816136 ], [ 177.125439696368147, -37.982714504525759 ], [ 177.126317297101195, -37.982866795408057 ], [ 177.127206373430255, -37.98296778941183 ], [ 177.1280995943562, -37.983050265893873 ], [ 177.129003951081557, -37.983082397808502 ], [ 177.129908581560414, -37.983113283849676 ], [ 177.13083583520941, -37.983041884301038 ], [ 177.131720248303964, -37.983164153997457 ], [ 177.132638618942593, -37.983132891795222 ], [ 177.133524356485651, -37.983252427729887 ], [ 177.134407661502763, -37.98339550659837 ], [ 177.135254604700464, -37.98369291863591 ], [ 177.136097205728362, -37.983996959167079 ], [ 177.136906487256937, -37.984445820574578 ], [ 177.137716044541321, -37.984893501603636 ], [ 177.138545471820265, -37.985254838353846 ], [ 177.139362520046973, -37.985669993829298 ], [ 177.140130099674224, -37.986071823709707 ], [ 177.140828734876806, -37.986449918234655 ], [ 177.141539707326217, -37.986894693011251 ], [ 177.142292608683874, -37.987343983997896 ] ] } },
{ "type": "Feature", "properties": { "group_id": "nzd0240" }, "geometry": { "type": "LineString", "coordinates": [ [ 177.157029814513322, -37.987236681992037 ], [ 177.157946663622738, -37.986881524740404 ], [ 177.158854293497143, -37.9867062906876 ], [ 177.159752568804919, -37.986713708187622 ], [ 177.160658950604812, -37.986562744107928 ], [ 177.161558414101108, -37.98654689429933 ], [ 177.162452951384523, -37.986627292702373 ], [ 177.16334532246313, -37.986750039699459 ], [ 177.164244481162655, -37.986740123530645 ], [ 177.165142893607282, -37.986744779002066 ], [ 177.166035297058556, -37.986866922643621 ], [ 177.16692813150442, -37.98698065993112 ], [ 177.208066436111466, -37.989994991578357 ], [ 177.208963783678399, -37.990038961558255 ], [ 177.20986158779499, -37.990050819287944 ], [ 177.210759207521477, -37.990075641299455 ], [ 177.211655523139171, -37.990192338091191 ], [ 177.212554060172891, -37.990152538313772 ], [ 177.213451727198873, -37.990174025526343 ], [ 177.214347248334889, -37.990346948011968 ], [ 177.215245087867743, -37.990356322721745 ], [ 177.216141734466646, -37.990449961187167 ], [ 177.217039349717538, -37.990475194757131 ], [ 177.217937202991237, -37.990483587614335 ], [ 177.21883618611966, -37.990411991994151 ], [ 177.219732761633679, -37.990510777128328 ], [ 177.220629881450265, -37.990571075185841 ], [ 177.221527095244767, -37.990624746354051 ], [ 177.22242605175677, -37.990554823852086 ], [ 177.223323803016768, -37.99057033340511 ], [ 177.224221420537816, -37.990595325354811 ], [ 177.225118970019906, -37.99066984536227 ], [ 177.226019712686735, -37.990692944321964 ], [ 177.226921501380787, -37.990771351719907 ], [ 177.227819572926961, -37.990775227177295 ], [ 177.228718404604024, -37.990822134412426 ], [ 177.229616524640079, -37.990828747043089 ], [ 177.230514827116082, -37.990845680956546 ], [ 177.231413493637092, -37.9908831872837 ], [ 177.232311965686506, -37.990909682199153 ], [ 177.233210053921738, -37.990914487894479 ], [ 177.234107392972874, -37.990877009368255 ], [ 177.235006301315025, -37.990928118308204 ], [ 177.235905070736464, -37.990971356275892 ], [ 177.31399869105033, -37.989567892377892 ], [ 177.314892713860587, -37.989499276460748 ], [ 177.315789499433663, -37.989448019666696 ], [ 177.316679715238479, -37.989355484063232 ], [ 177.317574298260979, -37.989290388365681 ], [ 177.318467326134197, -37.989215522539283 ], [ 177.319366609610711, -37.98917995492544 ], [ 177.320253858159475, -37.989068784870973 ], [ 177.321154674522262, -37.989042843254353 ], [ 177.32204601496764, -37.98896084073337 ], [ 177.322947152636573, -37.988950412769753 ], [ 177.323840093970375, -37.988884055909395 ], [ 177.324739756146926, -37.988855847070106 ], [ 177.325628471270079, -37.988752173733907 ], [ 177.326523831213251, -37.988694307297244 ], [ 177.327416339241239, -37.988616783750572 ], [ 177.328316584973322, -37.98859259162036 ], [ 177.32920673068017, -37.988498788483774 ], [ 177.330104687288014, -37.988458817150139 ], [ 177.330999607697663, -37.988397921144369 ], [ 177.331891067165827, -37.988313177125413 ], [ 177.332788452186179, -37.988269264557864 ], [ 177.333681066074433, -37.988192477632929 ], [ 177.334583840965564, -37.988185697072694 ], [ 177.335473711923953, -37.988090013646207 ], [ 177.336369973183025, -37.988038355478267 ], [ 177.337258583939047, -37.987933996690174 ], [ 177.338155977505068, -37.987877383863932 ], [ 177.339046880534454, -37.987776211220805 ], [ 177.339939771980653, -37.987698092017382 ], [ 177.340832146968381, -37.987618592893931 ], [ 177.341744448944752, -37.987658155868793 ], [ 177.342642074135455, -37.987610020361579 ], [ 177.343523841547693, -37.987467143346066 ], [ 177.34440064259644, -37.987294603487463 ], [ 177.345289681415636, -37.987195178590987 ], [ 177.346193531312878, -37.987184230182933 ], [ 177.347088419406816, -37.987119745248485 ], [ 177.347971027150322, -37.986981909910192 ], [ 177.348862579728404, -37.986897505116254 ], [ 177.34976381894009, -37.986864922314503 ], [ 177.350645233171946, -37.986716944284794 ], [ 177.351539410480825, -37.986638432683726 ], [ 177.352428880932735, -37.986540089867553 ], [ 177.353341188453811, -37.986550345159586 ], [ 177.354221347995576, -37.986407723813066 ], [ 177.355117015576269, -37.986338846318787 ], [ 177.356009803979873, -37.986256276862498 ], [ 177.356897166666357, -37.986147909136569 ], [ 177.357788824561823, -37.986059963664921 ], [ 177.358674645919336, -37.985944898582012 ], [ 177.359565331070968, -37.985854657711577 ], [ 177.360454262866455, -37.985755674811941 ], [ 177.361359442854024, -37.985735080389055 ], [ 177.362240445940273, -37.985595644779579 ], [ 177.363128442594046, -37.985490586623818 ], [ 177.364017289090697, -37.985389706319289 ], [ 177.364911227788468, -37.98531385329683 ], [ 177.365800116664388, -37.98521318161832 ], [ 177.410944013109287, -37.979301987889038 ], [ 177.411811491850187, -37.979115138230661 ], [ 177.412673370364757, -37.978945672679181 ], [ 177.413533060093954, -37.978794268729509 ], [ 177.414419568017536, -37.978630027350292 ], [ 177.415268597323916, -37.978391034958101 ], [ 177.416113497994047, -37.978151100289679 ], [ 177.416964277227237, -37.977926645873929 ], [ 177.4178057220781, -37.977678418311605 ], [ 177.418624688524176, -37.977374054205306 ], [ 177.41942813699356, -37.97704552832591 ], [ 177.420198588717852, -37.976674960730989 ] ] } },
{ "type": "Feature", "properties": { "group_id": "nzd0241" }, "geometry": { "type": "LineString", "coordinates": [ [ 174.794596493723731, -38.015294425749588 ], [ 174.793922772033596, -38.014768580578981 ], [ 174.795007013084557, -38.01355045538039 ], [ 174.795166405115737, -38.010735443585787 ], [ 174.794703215948317, -38.009367706495169 ], [ 174.794571960192769, -38.008663953212007 ], [ 174.7937273740813, -38.008101488159369 ], [ 174.792778882941519, -38.007582994883677 ], [ 174.792193661768295, -38.006963230263992 ], [ 174.791653224216162, -38.006301765191132 ], [ 174.791299553215964, -38.005621455851788 ], [ 174.790900299731106, -38.004945282909283 ], [ 174.790668704386405, -38.00425386187478 ], [ 174.790400424638278, -38.003565768654468 ], [ 174.790255419219903, -38.00286646264891 ], [ 174.790079641878748, -38.00216994708839 ], [ 174.789928948744461, -38.001471144554479 ], [ 174.789864069821249, -38.000837397897207 ], [ 174.78978628323253, -38.00022129150031 ], [ 174.789646346716012, -37.999537520896986 ], [ 174.789545510392827, -37.99882293087375 ], [ 174.78930946965923, -37.998139804108774 ], [ 174.789134416873111, -37.997442475546571 ], [ 174.788912069834453, -37.996756148730498 ], [ 174.788736552436774, -37.996058915473398 ], [ 174.788648697744719, -37.995341271208531 ], [ 174.788536548748112, -37.994629275069123 ], [ 174.788414815183984, -37.993905081426142 ], [ 174.78841029957124, -37.993156336106431 ], [ 174.788305203003773, -37.992436710908038 ], [ 174.788273510202345, -37.991729017416269 ], [ 174.78827882927007, -37.991019537594056 ], [ 174.788288839891919, -37.990309825361422 ], [ 174.788219470107265, -37.989603922917283 ], [ 174.788182958362995, -37.988896433841276 ], [ 174.788072454803284, -37.988192495460581 ], [ 174.788070827158663, -37.987483315538377 ], [ 174.788081550361852, -37.986782133060437 ], [ 174.788054147472394, -37.98607662740509 ], [ 174.787917256371742, -37.985376900772415 ] ] } },
{ "type": "Feature", "properties": { "group_id": "nzd0242" }, "geometry": { "type": "LineString", "coordinates": [ [ 178.346323920689485, -37.996450348488302 ], [ 178.345684176023212, -37.996961685012529 ], [ 178.345174407739961, -37.997544002560744 ], [ 178.344737428988111, -37.99816606886781 ], [ 178.344407228527444, -37.998846445868658 ], [ 178.34389096900307, -37.999440582337051 ], [ 178.343338264609997, -38.000031292660857 ], [ 178.342891997143795, -38.000658892876373 ], [ 178.342448306107968, -38.001274366635876 ], [ 178.341974553042832, -38.001877471918611 ], [ 178.341626298310842, -38.002532184399946 ], [ 178.34121098706035, -38.00315931399696 ], [ 178.340729848855005, -38.003780469014565 ], [ 178.340334788866954, -38.004443253235969 ], [ 178.340022572618153, -38.00511264590444 ], [ 178.339671874305537, -38.005765155276677 ], [ 178.339340984807308, -38.00642319644529 ], [ 178.338967349336428, -38.007069365739078 ], [ 178.338639379438945, -38.007729963850124 ], [ 178.338383024710652, -38.008410181982526 ], [ 178.338093880662484, -38.009079813691535 ], [ 178.337889046090027, -38.009772388009843 ], [ 178.337616126192586, -38.010446423648226 ], [ 178.33728818730691, -38.011105477486637 ], [ 178.337045648402068, -38.011804460084214 ], [ 178.33695288823472, -38.012525192593046 ], [ 178.336856333334225, -38.013239410773068 ], [ 178.336861159458749, -38.013947188985711 ], [ 178.33697080850888, -38.014651277373815 ] ] } },
{ "type": "Feature", "properties": { "group_id": "nzd0243" }, "geometry": { "type": "LineString", "coordinates": [ [ 178.335824885126414, -38.018097529823649 ], [ 178.335505478284006, -38.018764034860268 ], [ 178.335337892855051, -38.019459808150515 ], [ 178.335118004479796, -38.020154977478725 ], [ 178.335031792148072, -38.020870118797099 ], [ 178.334931845107974, -38.021574510134585 ], [ 178.334849403649685, -38.02228120975613 ], [ 178.334795679220036, -38.022988215350338 ], [ 178.334752166646155, -38.023696633622009 ], [ 178.334688096379409, -38.024404463313999 ], [ 178.334676082360573, -38.025111775535855 ], [ 178.334733186825645, -38.025818402824569 ], [ 178.334756449375988, -38.026525355223441 ], [ 178.334723059640311, -38.027232856622689 ], [ 178.334698369484443, -38.027939397624834 ], [ 178.334763776328714, -38.028642970331475 ], [ 178.334880506148352, -38.029343805646633 ], [ 178.334951523773981, -38.030049123610986 ], [ 178.335058026672243, -38.030751212540324 ], [ 178.335110950512501, -38.031458159920469 ], [ 178.335232817038616, -38.032155776388635 ], [ 178.335393943315722, -38.032828053560849 ], [ 178.335561539275261, -38.033514262850844 ], [ 178.335837048149529, -38.034187692365862 ], [ 178.3361287324974, -38.034856473630313 ], [ 178.336473258269336, -38.035510084203061 ], [ 178.336821173031325, -38.036140625165366 ], [ 178.337176449084041, -38.036734974337847 ], [ 178.337614370452229, -38.037325754088656 ], [ 178.338193881279125, -38.037835287863999 ], [ 178.338959004173461, -38.038221971457965 ], [ 178.339823191730744, -38.038336611080808 ], [ 178.340709778536507, -38.0383441874529 ], [ 178.34159022796041, -38.038230562386438 ], [ 178.342479688074235, -38.038161795551247 ] ] } },
{ "type": "Feature", "properties": { "group_id": "nzd0244" }, "geometry": { "type": "LineString", "coordinates": [ [ 174.780926115139039, -38.083047958689953 ], [ 174.780800265835353, -38.082347900653609 ], [ 174.780703441698961, -38.081644709796066 ], [ 174.780728594876791, -38.080928374778715 ], [ 174.780380191549483, -38.080252266366323 ], [ 174.780297735563693, -38.079547507835201 ], [ 174.779999712597913, -38.078865959636161 ], [ 174.779649542888961, -38.078190020669766 ], [ 174.779330331985562, -38.077510740372119 ], [ 174.779018389152128, -38.076830670303252 ], [ 174.778724332181838, -38.07612307613563 ], [ 174.778707451676866, -38.075359955986578 ], [ 174.778708659680348, -38.074622337768062 ], [ 174.778769263472014, -38.073914571607396 ], [ 174.778876563431794, -38.073206335299481 ], [ 174.778831388454165, -38.072499604892435 ], [ 174.778849948239127, -38.07179223531729 ], [ 174.778867180081448, -38.071084872080235 ], [ 174.778815397129648, -38.07037818670026 ], [ 174.778846901704242, -38.069670668197176 ], [ 174.778881162829038, -38.068963115506548 ], [ 174.779010988473857, -38.068254607816989 ], [ 174.77930475546782, -38.067544466254368 ], [ 174.779325159721594, -38.066837030495137 ], [ 174.779282685617773, -38.066130211926946 ], [ 174.779396676501165, -38.065417226264408 ], [ 174.779505742944622, -38.064695302829712 ], [ 174.779756204692177, -38.063992369386348 ], [ 174.779947205010188, -38.063296789437921 ], [ 174.780161908820759, -38.062603097824613 ], [ 174.780317789472861, -38.061904696577677 ], [ 174.780436055871547, -38.061203281358331 ], [ 174.780601586030372, -38.060505638122983 ], [ 174.780671890338766, -38.059800374872701 ], [ 174.780836782742199, -38.059102667195177 ], [ 174.781017125215328, -38.058406188012171 ], [ 174.781176561829938, -38.057710505610551 ], [ 174.781310572342278, -38.057019976060957 ], [ 174.781502587045821, -38.056334651525454 ], [ 174.781653374595066, -38.055637396981645 ], [ 174.781728209583264, -38.054929798325375 ], [ 174.781826418618692, -38.054225374241419 ], [ 174.781925227272041, -38.053521025049619 ], [ 174.782058558165261, -38.052821367896946 ], [ 174.782215257414265, -38.052124884729963 ], [ 174.782315753083026, -38.051420745106562 ], [ 174.782323126403696, -38.050703923767635 ], [ 174.782418376391746, -38.04999905660555 ], [ 174.782562394863788, -38.049304588821371 ], [ 174.782702261199518, -38.048612743511782 ], [ 174.782876321373578, -38.047918354173859 ], [ 174.783091153360118, -38.047224241507656 ], [ 174.783216941365367, -38.046523204513214 ], [ 174.783340610675026, -38.04582199618455 ], [ 174.783328599074736, -38.045110240314465 ], [ 174.78334837702306, -38.04440094722905 ], [ 174.78342252231235, -38.043695871111403 ], [ 174.783435636005891, -38.042986046592802 ], [ 174.783544375933189, -38.04228364461229 ], [ 174.783723401661149, -38.041586696520625 ], [ 174.783842569414247, -38.040885091226428 ], [ 174.784006643774404, -38.040186580843113 ], [ 174.784150354301659, -38.039486294002579 ], [ 174.784254286534065, -38.038782897429563 ], [ 174.784259652922231, -38.038070003081273 ], [ 174.784301443872579, -38.037360842247388 ], [ 174.784295006948213, -38.036646721969518 ], [ 174.784359797430682, -38.035939909288004 ], [ 174.784605619030657, -38.035251680472065 ], [ 174.784946475183546, -38.034573204166769 ], [ 174.785389157013384, -38.033905177335015 ], [ 174.785798215425444, -38.033233690545551 ], [ 174.786197877812043, -38.032561231786282 ], [ 174.78660160790227, -38.031938419634557 ], [ 174.786901856548155, -38.031443690322213 ], [ 174.787227075318583, -38.030899825780317 ], [ 174.787616011603347, -38.03026105088518 ], [ 174.788526167775728, -38.029845280216684 ], [ 174.788834223086241, -38.029171889744632 ], [ 174.789348775132396, -38.02889209503364 ], [ 174.789756911339225, -38.02874033368883 ], [ 174.790519127820261, -38.028498241345815 ], [ 174.791421416576242, -38.028297436552101 ], [ 174.792312498580657, -38.028082734856532 ], [ 174.792977265721191, -38.027587492718915 ], [ 174.79376025797535, -38.026876762792163 ], [ 174.794371070441144, -38.026009323888772 ], [ 174.794713918210448, -38.025245161324939 ], [ 174.794905279800531, -38.024480595479091 ], [ 174.794951462855806, -38.023633169606505 ], [ 174.794846972445526, -38.022699743844413 ], [ 174.795323308028372, -38.022097794878178 ] ] } },
{ "type": "Feature", "properties": { "group_id": "nzd0245" }, "geometry": { "type": "LineString", "coordinates": [ [ 174.76213563035293, -38.102260838716134 ], [ 174.763025193361557, -38.101802207511462 ], [ 174.763423764404052, -38.101168302486805 ], [ 174.763847550509155, -38.100543392799167 ], [ 174.764182853940326, -38.099886892164854 ], [ 174.764557287859816, -38.099244354172811 ], [ 174.764905037572987, -38.098592285117235 ], [ 174.765259538067568, -38.097942620215044 ], [ 174.765643513166395, -38.097303471243755 ], [ 174.766047703505336, -38.096671532938252 ], [ 174.766380606770497, -38.096014141511652 ] ] } },
{ "type": "Feature", "properties": { "group_id": "nzd0246" }, "geometry": { "type": "LineString", "coordinates": [ [ 174.733421930868474, -38.123945921036643 ], [ 174.734251699684535, -38.12366584555857 ], [ 174.735018382487453, -38.123286301379139 ], [ 174.73571190432321, -38.12287593885803 ], [ 174.736395491872429, -38.122416685411459 ], [ 174.73709123106471, -38.121966007547684 ], [ 174.737702859185788, -38.121447125250192 ], [ 174.738370692730342, -38.120973859408977 ], [ 174.739036793534495, -38.1204996853795 ], [ 174.73973062832664, -38.12005067475809 ], [ 174.740400258486744, -38.119580725588143 ], [ 174.741014396354899, -38.119061268028688 ], [ 174.741597842239059, -38.118527172424741 ], [ 174.742224569255484, -38.118021632036687 ], [ 174.742785063733464, -38.117468880933409 ] ] } },
{ "type": "Feature", "properties": { "group_id": "nzd0248" }, "geometry": { "type": "LineString", "coordinates": [ [ 174.71242648207658, -38.203844950974293 ], [ 174.712230033525202, -38.20315617279487 ], [ 174.712064591460972, -38.202462058741787 ], [ 174.712040893302657, -38.201743575335101 ], [ 174.711841454259655, -38.201055291436937 ], [ 174.71159942253513, -38.200374321800027 ], [ 174.711418702308237, -38.199682807412756 ], [ 174.711138513745027, -38.199008383058882 ], [ 174.710962654259703, -38.198316020112706 ], [ 174.710754903048809, -38.197629132148187 ], [ 174.710633193850981, -38.196927448686488 ], [ 174.710344803465858, -38.196254407919362 ], [ 174.71018121795484, -38.195559909066681 ], [ 174.710062203012541, -38.194857742769052 ], [ 174.709948891045656, -38.194154589576506 ], [ 174.71012583793572, -38.193401538516397 ], [ 174.709626381085513, -38.192764744519138 ], [ 174.709620637186617, -38.192043082043384 ], [ 174.709335507678588, -38.191369435259126 ], [ 174.709079222248334, -38.190686531359496 ], [ 174.708711251656467, -38.190025086914126 ], [ 174.696804899804164, -38.155239186300584 ], [ 174.696523144250591, -38.154568421114256 ], [ 174.69619494611689, -38.153909099143505 ], [ 174.695896565104221, -38.153242420120783 ], [ 174.695663090995964, -38.152559733345342 ], [ 174.695491685813948, -38.151861738318367 ], [ 174.695308796105536, -38.151166568161862 ], [ 174.695049585711075, -38.150490207229758 ], [ 174.694743354066077, -38.149825432349139 ], [ 174.694601691219759, -38.14912007933868 ], [ 174.694169787321499, -38.148486274519605 ], [ 174.693853544130661, -38.147823949071466 ], [ 174.693522607831, -38.147165239720977 ], [ 174.693276027629764, -38.146485727469269 ], [ 174.693063128080212, -38.145797905458799 ], [ 174.692840125797915, -38.145112567792999 ], [ 174.692530310866687, -38.144448626306179 ], [ 174.692281737055623, -38.143769580391314 ], [ 174.692000349835126, -38.14309711200535 ], [ 174.691686859220852, -38.142432730197115 ], [ 174.691385805750627, -38.141766204574424 ], [ 174.691093503811118, -38.141097993474347 ] ] } },
{ "type": "Feature", "properties": { "group_id": "nzd0249" }, "geometry": { "type": "LineString", "coordinates": [ [ 178.33369728801182, -38.205738600793651 ], [ 178.333757303012732, -38.206442408045937 ], [ 178.333795990679562, -38.207147412940202 ], [ 178.333855003927567, -38.207851263065812 ], [ 178.333974161122256, -38.208551709540394 ], [ 178.334030470204112, -38.209235673504558 ], [ 178.3340727518069, -38.209922898639952 ], [ 178.333931805089009, -38.21062354490364 ], [ 178.333838069903237, -38.211326181695263 ], [ 178.333690035178108, -38.212016893781147 ], [ 178.333511618316805, -38.212678791138757 ], [ 178.333340517347295, -38.213349875496107 ], [ 178.333243077227593, -38.214054027019785 ], [ 178.333147926550879, -38.214801118208165 ], [ 178.333179879097941, -38.215562535643947 ], [ 178.333317495536704, -38.216295537988216 ] ] } },
{ "type": "Feature", "properties": { "group_id": "nzd0250" }, "geometry": { "type": "LineString", "coordinates": [ [ 174.713462041141611, -38.224577187655278 ], [ 174.713961013399029, -38.223939700909618 ], [ 174.714264307091327, -38.223269141086263 ], [ 174.714530639693635, -38.22259232900592 ], [ 174.714735844588176, -38.221905180919222 ], [ 174.71464623266661, -38.221116883672295 ], [ 174.714715580699618, -38.220353656729984 ], [ 174.714736989573737, -38.219639026105284 ], [ 174.714676149086273, -38.218934907204009 ], [ 174.714643587999689, -38.218229056078698 ], [ 174.714697020265646, -38.217507968715601 ], [ 174.714527344140549, -38.21679930754231 ], [ 174.714267152369018, -38.21610979706152 ], [ 174.714092148193089, -38.215415577071525 ], [ 174.713979796585733, -38.214715366223061 ], [ 174.713887959375398, -38.21401318923413 ] ] } },
{ "type": "Feature", "properties": { "group_id": "nzd0251" }, "geometry": { "type": "LineString", "coordinates": [ [ 178.311930211074184, -38.228551481050154 ], [ 178.311612849521026, -38.229211275132975 ], [ 178.311295553925504, -38.229871081698498 ], [ 178.311008792626751, -38.230539412512087 ], [ 178.310837725700623, -38.231240057905026 ], [ 178.310601850673038, -38.231967923676173 ], [ 178.310409401774933, -38.232717546802739 ], [ 178.310296095675454, -38.233437674555205 ], [ 178.310267491423531, -38.234145072356831 ], [ 178.310447349418155, -38.234871868437558 ], [ 178.310478178875513, -38.235592513990731 ], [ 178.310579898516949, -38.236300845686962 ], [ 178.310675452084041, -38.237006398971147 ], [ 178.310835608614838, -38.237700450036968 ], [ 178.31095736417916, -38.238420035547975 ], [ 178.311236694607004, -38.239121985908824 ], [ 178.311511926571029, -38.239809688746845 ], [ 178.311882776639521, -38.240453877846278 ], [ 178.312304961467987, -38.241076085469189 ], [ 178.312787018665148, -38.241672656712922 ], [ 178.313269364751903, -38.242269098729622 ], [ 178.313757321467222, -38.24287618930768 ], [ 178.314255225049692, -38.243483388759415 ], [ 178.314837372353338, -38.244029869269163 ], [ 178.315403356255388, -38.244581076617358 ], [ 178.315922801018132, -38.245171361242271 ], [ 178.316454451832868, -38.245753174285461 ], [ 178.316981727341755, -38.246335065654598 ], [ 178.317564466983185, -38.246873947218127 ], [ 178.31813242773967, -38.247437143894793 ], [ 178.318832562857239, -38.247894971793556 ], [ 178.319613767851138, -38.24827219347474 ], [ 178.320378626571738, -38.248685501021868 ], [ 178.321180398110897, -38.249023047196914 ], [ 178.321973338434788, -38.249417903734745 ], [ 178.322790640578688, -38.249763613502303 ], [ 178.323658616146901, -38.250047801552569 ], [ 178.324497220508306, -38.250457242140868 ] ] } },
{ "type": "Feature", "properties": { "group_id": "nzd0252" }, "geometry": { "type": "LineString", "coordinates": [ [ 174.715760781496044, -38.278997605095022 ], [ 174.715621060970847, -38.278260658534911 ], [ 174.715965296179377, -38.277490787916967 ], [ 174.715886542246466, -38.276788042185103 ], [ 174.715790349068754, -38.276086908691198 ], [ 174.715451971113652, -38.275408252067649 ], [ 174.715359697687745, -38.274706741174803 ], [ 174.715444222985468, -38.273988810071501 ], [ 174.715245082978441, -38.273297206805317 ], [ 174.715038105098728, -38.272606324345844 ], [ 174.714876988617647, -38.271911177478202 ], [ 174.714674608365584, -38.271219854549187 ], [ 174.714610209347228, -38.270515715328813 ], [ 174.71436925238595, -38.269827960080619 ], [ 174.714245521029795, -38.269129315440097 ], [ 174.714925550229935, -38.268356044801386 ], [ 174.714612558973215, -38.267674957615718 ], [ 174.714028245343997, -38.267019051940132 ], [ 174.714325185068674, -38.26628132635522 ], [ 174.714186326084331, -38.265584052338383 ] ] } },
{ "type": "Feature", "properties": { "group_id": "nzd0253" }, "geometry": { "type": "LineString", "coordinates": [ [ 178.330293968144304, -38.274506359559425 ], [ 178.330490318024346, -38.27520613860603 ], [ 178.330756144328404, -38.275882911582642 ], [ 178.331032891626393, -38.276556063162751 ], [ 178.3313383883021, -38.277217636040589 ], [ 178.331678154292661, -38.277864451573464 ], [ 178.332038661652604, -38.278507064712578 ], [ 178.332351109624312, -38.279167781319643 ], [ 178.332721169051723, -38.279818357733618 ], [ 178.333097388193494, -38.280473813768808 ], [ 178.333553042611442, -38.281091019183187 ], [ 178.334009392102843, -38.281710354498884 ], [ 178.334522204398155, -38.2823031886495 ], [ 178.335112871576939, -38.282836478943643 ], [ 178.335706988034161, -38.283369169411181 ], [ 178.336318916871647, -38.283895592587072 ], [ 178.336911687940386, -38.284436756265485 ], [ 178.337514462338532, -38.284955093595734 ], [ 178.338151081850384, -38.285468013202603 ], [ 178.338893099928129, -38.285907146731027 ], [ 178.339711478445253, -38.286233378098061 ] ] } },
{ "type": "Feature", "properties": { "group_id": "nzd0254" }, "geometry": { "type": "LineString", "coordinates": [ [ 178.335216111585368, -38.297897713775697 ], [ 178.33441290327707, -38.29826094758301 ], [ 178.333705400302648, -38.298700883463141 ], [ 178.332983845613768, -38.299129553828891 ], [ 178.332426425534038, -38.299689772270334 ], [ 178.332052089478793, -38.300396725588151 ], [ 178.331216292715169, -38.300733824596122 ], [ 178.330485685567652, -38.301186115637698 ], [ 178.329881547018999, -38.301780257140784 ], [ 178.329307904346138, -38.302363924321092 ], [ 178.328793065686398, -38.302944708455954 ], [ 178.328271014442265, -38.303520720402013 ], [ 178.327735760510308, -38.304088000083944 ], [ 178.327265965290451, -38.304698551126322 ], [ 178.326645903187313, -38.305348324038064 ], [ 178.326177503702695, -38.306093600950312 ], [ 178.325884721010937, -38.306783413804688 ], [ 178.32555065443799, -38.307442411722107 ], [ 178.325290678591756, -38.308115222830466 ], [ 178.324969042877342, -38.308749138757328 ], [ 178.324683919613904, -38.309391131092106 ], [ 178.324472432815412, -38.310078953625109 ], [ 178.32423179712589, -38.310801139183987 ], [ 178.324048034035968, -38.31155020330899 ], [ 178.323838166248891, -38.312263501984027 ], [ 178.323689071516498, -38.312959392867739 ], [ 178.32360649455299, -38.313660821906254 ], [ 178.323545852121072, -38.314418232509844 ], [ 178.323597775580822, -38.315217367478667 ], [ 178.323795454940807, -38.31596331191853 ], [ 178.324046508091584, -38.316641083868824 ], [ 178.324248368806252, -38.317331889910236 ], [ 178.324497387250204, -38.318009393366722 ], [ 178.324884560730482, -38.318683178582653 ], [ 178.325461795654888, -38.319290341596137 ], [ 178.326152752790449, -38.319807336411102 ], [ 178.32687886419933, -38.320297785887178 ] ] } },
{ "type": "Feature", "properties": { "group_id": "nzd0255" }, "geometry": { "type": "LineString", "coordinates": [ [ 178.325286083570546, -38.333478202728699 ], [ 178.324930052001378, -38.33412898754942 ], [ 178.324583510903039, -38.334782059474286 ], [ 178.324535431991421, -38.335551608342577 ], [ 178.324470310530756, -38.336410550245773 ], [ 178.324513545535325, -38.337228032547117 ], [ 178.326291665824954, -38.343506880412342 ], [ 178.326614216498484, -38.344181111052031 ], [ 178.326909954934848, -38.344846143988995 ], [ 178.327144641978975, -38.34552888415746 ], [ 178.327400969315704, -38.346203425575126 ], [ 178.327729421784341, -38.346857269548266 ], [ 178.328017023046101, -38.347539941723191 ], [ 178.328345461779946, -38.348218300242827 ], [ 178.328728501119315, -38.348861738417433 ] ] } },
{ "type": "Feature", "properties": { "group_id": "nzd0257" }, "geometry": { "type": "LineString", "coordinates": [ [ 174.655177016958902, -38.384600030491107 ], [ 174.655696700327468, -38.384013683024833 ], [ 174.656156636820953, -38.383405230960712 ], [ 174.656658242977244, -38.382812186076279 ], [ 174.65708894803376, -38.38219291094785 ], [ 174.657562913490437, -38.381589631373281 ], [ 174.657943077181358, -38.380951651092275 ], [ 174.658262564241141, -38.380291222184347 ], [ 174.658562659025563, -38.379606257175652 ], [ 174.658815591872752, -38.378906195100953 ], [ 174.658989493029196, -38.378204137366644 ], [ 174.659259653832123, -38.377532333970677 ], [ 174.659465953167597, -38.376846109003672 ], [ 174.659598128926007, -38.376143145761233 ], [ 174.65971830983554, -38.375437468265801 ], [ 174.659938293453251, -38.37475235612321 ], [ 174.66019851687193, -38.374074458076031 ], [ 174.660519377230543, -38.373414526169192 ], [ 174.660913831152214, -38.372778330332523 ], [ 174.661283719903338, -38.372134926899953 ], [ 174.661574157501775, -38.371468555278504 ], [ 174.661956572747215, -38.370828314439756 ], [ 174.662352913565854, -38.37019166115293 ], [ 174.662698487832273, -38.369540687281891 ], [ 174.663017892056217, -38.368882328253427 ], [ 174.663384516197084, -38.368234885198483 ], [ 174.663736227106199, -38.367581219075738 ], [ 174.663720694080638, -38.366837085968164 ] ] } },
{ "type": "Feature", "properties": { "group_id": "nzd0258" }, "geometry": { "type": "LineString", "coordinates": [ [ 174.641604903017281, -38.426065545157741 ], [ 174.641471646656271, -38.425369524720935 ], [ 174.641416638182619, -38.424663220930363 ], [ 174.641353943357103, -38.423957919826655 ], [ 174.640915863682551, -38.423301913179614 ], [ 174.640802377997346, -38.422603269438625 ], [ 174.640694895958546, -38.421902953616993 ], [ 174.640528124614576, -38.421209309063961 ], [ 174.640423314526487, -38.420507173497271 ], [ 174.640166921495137, -38.419829175065985 ], [ 174.640003395916693, -38.419137154554356 ], [ 174.639794993247875, -38.418451900212659 ], [ 174.639598334209126, -38.417764866906751 ] ] } },
{ "type": "Feature", "properties": { "group_id": "nzd0259" }, "geometry": { "type": "LineString", "coordinates": [ [ 174.644413582666374, -38.460186792660046 ], [ 174.644324657485015, -38.459484918736237 ], [ 174.644245551000807, -38.458782849126074 ], [ 174.644142658226713, -38.458079961518493 ], [ 174.644023032955545, -38.457373207153204 ], [ 174.643938771098618, -38.456667864610381 ], [ 174.643891608935519, -38.455965135568434 ], [ 174.64380792756009, -38.455264733019099 ], [ 174.643655716865908, -38.454568702154035 ], [ 174.643543087849366, -38.453870135469941 ], [ 174.643404124303913, -38.453172190439076 ], [ 174.643233316132097, -38.452482793681568 ], [ 174.643576334815549, -38.451667188976764 ], [ 174.643312402740321, -38.450994771780437 ] ] } },
{ "type": "Feature", "properties": { "group_id": "nzd0261" }, "geometry": { "type": "LineString", "coordinates": [ [ 174.63438384966733, -38.536292124937837 ], [ 174.634437609979472, -38.535586153057018 ], [ 174.634364780583638, -38.534885581419346 ], [ 174.634247479706545, -38.534186902440005 ], [ 174.634202629873073, -38.53348512198626 ], [ 174.634234625401234, -38.532780052366498 ], [ 174.634147458489849, -38.532080065717871 ], [ 174.634169170106077, -38.531375421643013 ], [ 174.634042336823285, -38.530677115576736 ], [ 174.634013429691493, -38.529974619907655 ], [ 174.633901822236055, -38.529275649755157 ], [ 174.63383471658841, -38.528574771944022 ], [ 174.633989728511239, -38.52786439995937 ], [ 174.633760064399297, -38.52716960313569 ], [ 174.633595200927004, -38.526475421754995 ], [ 174.633476930985637, -38.525778691850327 ], [ 174.63336438979627, -38.525081342881215 ], [ 174.633282996601622, -38.524381428011679 ], [ 174.633267770853507, -38.523676070025758 ], [ 174.633211061604669, -38.522974113490349 ], [ 174.63301709841366, -38.522283426972265 ], [ 174.63285222303233, -38.521590343749871 ], [ 174.632773296853117, -38.5208901921864 ], [ 174.632702987105944, -38.52018932589435 ], [ 174.632661395654338, -38.519486093295107 ], [ 174.632702326938301, -38.518776073705695 ], [ 174.632493570500031, -38.518086561882484 ], [ 174.632295820800692, -38.517396138848127 ], [ 174.63217900286034, -38.516707641248743 ], [ 174.632106344726935, -38.516018236293682 ], [ 174.632053539994587, -38.515310491595059 ], [ 174.631839402939363, -38.51462789009053 ], [ 174.631777078967644, -38.513917351192987 ], [ 174.631633853487187, -38.513221690056092 ], [ 174.631475063915303, -38.512528885860497 ], [ 174.631365845645121, -38.511826954688424 ] ] } },
{ "type": "Feature", "properties": { "group_id": "nzd0262" }, "geometry": { "type": "LineString", "coordinates": [ [ 178.289052364898822, -38.52827417046133 ], [ 178.28815637468918, -38.528517944574212 ], [ 178.287384306390123, -38.528885645065117 ], [ 178.286632988357809, -38.529274094636762 ], [ 178.285937776755759, -38.529718652650402 ], [ 178.285129459964367, -38.530162882532821 ], [ 178.28430819688657, -38.530736269051289 ], [ 178.283635875745148, -38.531341049194751 ], [ 178.283259216467087, -38.531989871729429 ], [ 178.282903940878015, -38.532650056518463 ], [ 178.282577916777939, -38.533475321563415 ], [ 178.282274257501911, -38.534277287841007 ], [ 178.282039852059086, -38.534966904912885 ], [ 178.282020638765545, -38.535664453223482 ], [ 178.281861375140238, -38.536340757347318 ], [ 178.281633346427128, -38.53701607367838 ], [ 178.28152111227871, -38.537713794408027 ], [ 178.281348259705197, -38.538402891682928 ] ] } },
{ "type": "Feature", "properties": { "group_id": "nzd0264" }, "geometry": { "type": "LineString", "coordinates": [ [ 174.629629247854211, -38.584786260698557 ], [ 174.629936311201675, -38.584097677496601 ], [ 174.630040687977413, -38.583399231525021 ], [ 174.630066251226083, -38.582690591230488 ], [ 174.63027935912308, -38.581978917039613 ], [ 174.630177553410817, -38.581270030557128 ], [ 174.630176061082949, -38.580567829152905 ], [ 174.63000282160678, -38.579866629861002 ], [ 174.630057911933022, -38.57916408232299 ], [ 174.630073404608964, -38.578461760525848 ], [ 174.630066801056955, -38.577763697795938 ], [ 174.630521320285652, -38.577075032865004 ], [ 174.630371259575071, -38.576371210151258 ], [ 174.630415905657827, -38.575669667033715 ], [ 174.630398648717062, -38.574966781510369 ], [ 174.630569296243124, -38.574277489764235 ], [ 174.630425059805674, -38.573578219575417 ], [ 174.630265879090501, -38.572866961759551 ], [ 174.630380458570585, -38.572167026424623 ], [ 174.630671828499914, -38.571467440076184 ], [ 174.630857028833447, -38.570762116509052 ], [ 174.630558873559352, -38.570055433992422 ], [ 174.630527130043902, -38.569353108368716 ] ] } },
{ "type": "Feature", "properties": { "group_id": "nzd0265" }, "geometry": { "type": "LineString", "coordinates": [ [ 178.202222544271876, -38.589289566656255 ], [ 178.201753928955839, -38.589904198880888 ], [ 178.201309407807884, -38.590584343478724 ], [ 178.201004715504865, -38.591296967082286 ] ] } },
{ "type": "Feature", "properties": { "group_id": "nzd0266" }, "geometry": { "type": "LineString", "coordinates": [ [ 174.626443234332839, -38.608541689289602 ], [ 174.626699339964631, -38.607865986639389 ], [ 174.626881880426993, -38.607178687232086 ], [ 174.627053539611012, -38.606488859977119 ], [ 174.627165839990596, -38.605783597683569 ], [ 174.627199023383497, -38.605073439559256 ], [ 174.627389547979163, -38.604384006754103 ], [ 174.627539600244916, -38.603690915481742 ], [ 174.62759473225131, -38.602989252982653 ], [ 174.627706981644195, -38.60228840472849 ], [ 174.627632472338007, -38.601577670563458 ], [ 174.627738882378566, -38.600877623402745 ], [ 174.627937751402811, -38.600180483948463 ], [ 174.628009222250654, -38.599479966492545 ], [ 174.62806888730492, -38.598779129796405 ], [ 174.628071865604539, -38.598078235632308 ], [ 174.628098368566839, -38.59737915490642 ], [ 174.62803939776029, -38.596674433409845 ], [ 174.62816705363025, -38.595977049951777 ], [ 174.628159556848544, -38.595273441843254 ], [ 174.628238637334391, -38.594573809977902 ], [ 174.628332969099944, -38.593875735359653 ], [ 174.628376915581015, -38.593175966432007 ], [ 174.628424968760214, -38.592475306537523 ], [ 174.62852637659114, -38.5917773912713 ], [ 174.62866486081316, -38.591081878450019 ], [ 174.628732184560562, -38.590379253320179 ], [ 174.628707349096487, -38.589672743214372 ], [ 174.628937734856692, -38.588975329679855 ], [ 174.628871469634504, -38.588271284111102 ], [ 174.628858012477025, -38.587568503764601 ] ] } },
{ "type": "Feature", "properties": { "group_id": "nzd0268" }, "geometry": { "type": "LineString", "coordinates": [ [ 178.140753200484596, -38.653096855381193 ], [ 178.13986902405901, -38.653006252356711 ], [ 178.139042891819344, -38.652747975683774 ], [ 178.138499128480134, -38.65193797610327 ], [ 178.137363650301296, -38.652278735259891 ], [ 178.136966930783387, -38.651315779763806 ], [ 178.136135110130141, -38.651093167597935 ], [ 178.134982839592681, -38.651308774457434 ], [ 178.13418254916391, -38.650992202821207 ], [ 178.133365188551238, -38.65068911405033 ], [ 178.132513778058467, -38.650487602656192 ], [ 178.131639329689278, -38.650386479485114 ], [ 178.130796234685761, -38.650338621743472 ], [ 178.129923839699956, -38.650417530650557 ], [ 178.129027431687547, -38.650514725352188 ], [ 178.128114019275358, -38.650555343745964 ], [ 178.127236165340889, -38.650701708601119 ], [ 178.126377934980013, -38.650938806983518 ], [ 178.125524002357707, -38.651178277159651 ], [ 178.124742122630494, -38.651525542739044 ], [ 178.123952362436398, -38.651859930994874 ], [ 178.123190520818042, -38.652226294135033 ], [ 178.122470730291553, -38.652639279976768 ], [ 178.121733348570416, -38.653032981147263 ], [ 178.121035524522597, -38.653406987089461 ], [ 178.120256577866826, -38.653737054036171 ], [ 178.119494413525302, -38.654106444217639 ], [ 178.118756330003237, -38.654501189109972 ], [ 178.118027283053038, -38.654862692051289 ], [ 178.117279502712222, -38.655178528816613 ], [ 178.116511524009098, -38.655546064025025 ], [ 178.115730502966358, -38.655877226866259 ], [ 178.115047493274687, -38.656201618298368 ], [ 178.114285846630992, -38.65647793856418 ], [ 178.113597107810449, -38.656784356697528 ], [ 178.112843774326876, -38.657156033770136 ], [ 178.112095523734382, -38.65752992762026 ], [ 178.11136745864377, -38.657938669096168 ], [ 178.110683078891469, -38.658392991757367 ], [ 178.109913998180559, -38.65877584780884 ], [ 178.109272881357981, -38.65926803220048 ], [ 178.10862654943864, -38.659755721499799 ], [ 178.108006889235241, -38.66025714866079 ], [ 178.107401705412798, -38.660812913748281 ], [ 178.106861293362641, -38.661359730098091 ], [ 178.106500950522843, -38.662001227854958 ] ] } },
{ "type": "Feature", "properties": { "group_id": "nzd0269" }, "geometry": { "type": "LineString", "coordinates": [ [ 174.622182715963817, -38.630445878542027 ], [ 174.622253607351951, -38.629747783262104 ], [ 174.622149926993387, -38.629035609419482 ], [ 174.62212265318405, -38.628324642363474 ], [ 174.622332807386954, -38.627639841683596 ], [ 174.622599970582201, -38.626967214164033 ], [ 174.623146099543959, -38.626370683080907 ], [ 174.623502995954169, -38.625690230410981 ], [ 174.623627580808318, -38.624953785229536 ], [ 174.623556187029294, -38.624238630901502 ], [ 174.623516591859214, -38.623536439957263 ], [ 174.623532534319708, -38.622836125030013 ], [ 174.623626867029628, -38.622137774116233 ], [ 174.623614463339067, -38.621434569961089 ], [ 174.623700217808647, -38.620735279783055 ], [ 174.62380408692664, -38.620044567517098 ], [ 174.623812909814262, -38.619354754665444 ], [ 174.624021450629215, -38.618678130036699 ], [ 174.624337801561296, -38.61801299367032 ], [ 174.624558634182762, -38.617321439939587 ], [ 174.624751021154339, -38.616623775365653 ], [ 174.624890980662997, -38.615929694135318 ] ] } },
{ "type": "Feature", "properties": { "group_id": "nzd0270" }, "geometry": { "type": "LineString", "coordinates": [ [ 178.101600408843979, -38.666615766631914 ], [ 178.100714435679976, -38.666807535404729 ], [ 178.099979019850593, -38.667220860828202 ], [ 178.099278453187111, -38.667685470591842 ] ] } },
{ "type": "Feature", "properties": { "group_id": "nzd0271" }, "geometry": { "type": "LineString", "coordinates": [ [ 177.981746574854355, -38.67816828688683 ], [ 177.980958055495591, -38.678506570811287 ], [ 177.980172477318774, -38.678848446450765 ], [ 177.979405604840053, -38.67921317623717 ], [ 177.978628135897594, -38.679564956650196 ], [ 177.977850864040278, -38.679916976032821 ], [ 177.977074656345195, -38.680270293875409 ], [ 177.97630455198302, -38.680631067629136 ], [ 177.975568723617272, -38.681033722148662 ], [ 177.974816722328995, -38.681416613314241 ], [ 177.974066064995554, -38.681801145233294 ], [ 177.973313876118624, -38.682183804250982 ], [ 177.972582374507255, -38.682611320663455 ], [ 177.971852085955618, -38.683047116063925 ], [ 177.9711248011306, -38.683478996075181 ], [ 177.970394531453366, -38.68389520778252 ], [ 177.969693477597957, -38.684335903312693 ], [ 177.968999016189514, -38.684782121211946 ], [ 177.968330691709042, -38.685250242708733 ], [ 177.967652765774403, -38.685710313825048 ], [ 177.96699612665455, -38.686188223571371 ], [ 177.966329944499478, -38.686658131908501 ], [ 177.965679605951578, -38.687141316729132 ], [ 177.965026634071734, -38.687622291540691 ], [ 177.964364685275143, -38.688095739410144 ], [ 177.963742744674875, -38.688602717589475 ], [ 177.963116981349629, -38.689106488899021 ], [ 177.96248216486913, -38.689602669400728 ], [ 177.961862738123983, -38.690111011272528 ], [ 177.961241387223453, -38.690612953432698 ], [ 177.960617051321009, -38.691120685866935 ], [ 177.960040534405692, -38.691658335048636 ], [ 177.959408632762887, -38.692162105750654 ], [ 177.958828991185754, -38.692697835770559 ], [ 177.958233540025816, -38.693223892281281 ], [ 177.957646999086336, -38.693755394446178 ], [ 177.957085109162875, -38.694301969682606 ], [ 177.956554959279146, -38.694867953760244 ], [ 177.955978437040528, -38.695407327229212 ], [ 177.955396790987095, -38.695949741882394 ], [ 177.937784123451962, -38.740496773367212 ], [ 177.937820242367991, -38.741169685754819 ], [ 177.937981050751205, -38.741859270323083 ], [ 177.938110372934688, -38.742554452368559 ], [ 177.938156939986186, -38.743264356947122 ], [ 177.938202185807626, -38.7439744898642 ], [ 177.938428783172071, -38.744652338453768 ], [ 177.938556605899663, -38.74534776068613 ], [ 177.938772335462943, -38.746027530314393 ], [ 177.938978488717623, -38.746703824750469 ], [ 177.939315559112686, -38.747327632796996 ], [ 177.939636660206332, -38.747970723698394 ], [ 177.939934218533068, -38.74863972444475 ], [ 177.940263340064973, -38.74929577272394 ], [ 177.940615453068062, -38.749942384618045 ], [ 177.940964730352277, -38.750590154051487 ] ] } },
{ "type": "Feature", "properties": { "group_id": "nzd0273" }, "geometry": { "type": "LineString", "coordinates": [ [ 174.59176785702212, -38.795196153761786 ], [ 174.592076898042592, -38.794532816426241 ], [ 174.592225644600859, -38.793841261358864 ], [ 174.592477974035262, -38.793167930040013 ], [ 174.592560302391377, -38.792464672330517 ], [ 174.592701471134063, -38.791768509012861 ], [ 174.592951729597644, -38.791089350814978 ], [ 174.593196299880987, -38.790412243309596 ], [ 174.593416686743154, -38.78973215120854 ], [ 174.59358794079921, -38.789044829963366 ], [ 174.593743302856268, -38.788355165948218 ], [ 174.594065205140339, -38.787718768788189 ], [ 174.594279781575239, -38.787072714267019 ], [ 174.594728681008604, -38.78645811797773 ], [ 174.594938446393115, -38.785773584335111 ], [ 174.595230858407973, -38.785111522011853 ] ] } },
{ "type": "Feature", "properties": { "group_id": "nzd0274" }, "geometry": { "type": "LineString", "coordinates": [ [ 174.590436692181896, -38.798597064695983 ], [ 174.590613944076949, -38.797907463968059 ], [ 174.590814906069227, -38.797223444164679 ] ] } },
{ "type": "Feature", "properties": { "group_id": "nzd0275" }, "geometry": { "type": "LineString", "coordinates": [ [ 177.919670331890103, -38.811125166160522 ], [ 177.919692379613423, -38.811825146937387 ], [ 177.919710600864619, -38.812525323645737 ] ] } },
{ "type": "Feature", "properties": { "group_id": "nzd0276" }, "geometry": { "type": "LineString", "coordinates": [ [ 174.514927637521282, -38.892868283102949 ], [ 174.515766851299958, -38.892604264246067 ], [ 174.516694052080283, -38.892463325492088 ], [ 174.517367256833154, -38.891967075308578 ], [ 174.518130563518639, -38.891569076644004 ], [ 174.518866705152931, -38.891082344102358 ], [ 174.519486377526391, -38.89052402535377 ], [ 174.520141571375945, -38.890045540572252 ], [ 174.52081613847389, -38.889582521257928 ], [ 174.521487538455744, -38.88911696973846 ], [ 174.522187934078488, -38.888685126925623 ], [ 174.522858494624302, -38.888232387550708 ], [ 174.523561939706639, -38.887797133392901 ], [ 174.524212695741426, -38.887314711742654 ], [ 174.524936964987802, -38.886896057584671 ], [ 174.52557008704332, -38.88639153605525 ], [ 174.526274753566526, -38.885927892619655 ], [ 174.526908574098542, -38.885412861856885 ], [ 174.527550198898837, -38.884922767589181 ], [ 174.528209323309738, -38.884445052532122 ], [ 174.528687929574147, -38.883833264371098 ], [ 174.529359631043405, -38.883362751296104 ], [ 174.529997174090539, -38.882869344036756 ], [ 174.530706732948062, -38.882427913447302 ], [ 174.531402788910327, -38.881974709793838 ], [ 174.531951704814475, -38.881415511556064 ], [ 174.532501122969762, -38.880858730039648 ], [ 174.533000958520233, -38.880266760083074 ], [ 174.53369125182661, -38.879810770873121 ], [ 174.534324092915057, -38.879308337563188 ], [ 174.534880172943559, -38.878748292016482 ], [ 174.535429796784285, -38.878189919731447 ], [ 174.535936925755436, -38.877597999413666 ], [ 174.536453591529295, -38.877011124812242 ], [ 174.536966186250794, -38.876430806520418 ], [ 174.537445642696099, -38.875838541015362 ], [ 174.537978905926138, -38.875275490172307 ], [ 174.538442199324379, -38.874674438289155 ], [ 174.538837053361561, -38.874036216227118 ], [ 174.539448189719707, -38.873516494268983 ], [ 174.540136514572623, -38.873054693146045 ], [ 174.54083608031047, -38.872612058290791 ], [ 174.541439527491519, -38.872093574298248 ], [ 174.541857315974795, -38.871451996868295 ], [ 174.542494320910038, -38.870957408872556 ], [ 174.543112330710983, -38.870468906285936 ], [ 174.543731939779263, -38.869980884644782 ], [ 174.544543446025187, -38.869629853976157 ], [ 174.545170130666122, -38.869128130361723 ], [ 174.545790516721553, -38.868638713209592 ], [ 174.546386914939063, -38.868125633783819 ], [ 174.54714111189611, -38.867741046752599 ], [ 174.547579638952158, -38.867054853419084 ], [ 174.548448128157844, -38.866761501133546 ], [ 174.549241563232727, -38.866367071273153 ], [ 174.549837501620829, -38.865820487176968 ], [ 174.550444364415597, -38.865283646331442 ], [ 174.550873146430291, -38.864647589126704 ], [ 174.551480679933178, -38.864127898317783 ] ] } },
{ "type": "Feature", "properties": { "group_id": "nzd0277" }, "geometry": { "type": "LineString", "coordinates": [ [ 174.143564283037961, -39.019302062954111 ], [ 174.14448697747153, -39.019288502952023 ], [ 174.145385121161041, -39.019200295503289 ], [ 174.146262073400862, -39.019047659131466 ], [ 174.147124555652908, -39.018851032124623 ], [ 174.147969852411052, -39.018602162386223 ], [ 174.148788566497444, -39.018272486470082 ], [ 174.149642322958613, -39.018049341328428 ], [ 174.150486778269908, -39.01778148717051 ], [ 174.151369803014234, -39.017604124754691 ], [ 174.152284229917967, -39.017461741548779 ], [ 174.153228667296162, -39.017383278041741 ], [ 174.154039170239344, -39.017082293559483 ], [ 174.154845607562379, -39.016774553676662 ], [ 174.155666375260296, -39.016401970495515 ], [ 174.156416189007757, -39.015918867390084 ], [ 174.157173819681645, -39.015488532534121 ], [ 174.157926758793224, -39.01509278511535 ], [ 174.158581899934603, -39.01461524714523 ], [ 174.159261510201702, -39.014176714373875 ], [ 174.159916116704835, -39.013733839466809 ], [ 174.160596173851417, -39.013293536465405 ], [ 174.161320063434061, -39.012879559507503 ], [ 174.161992767744863, -39.012415250516632 ], [ 174.162733701033488, -39.012018026942982 ], [ 174.163561931240537, -39.011706636514909 ], [ 174.164343996925538, -39.011349850409843 ], [ 174.165077984528153, -39.01094578806628 ], [ 174.165712316679787, -39.01044373679408 ] ] } },
{ "type": "Feature", "properties": { "group_id": "nzd0278" }, "geometry": { "type": "LineString", "coordinates": [ [ 174.130508175947455, -39.023769387566247 ], [ 174.131038272342266, -39.023204486079962 ], [ 174.131503146349218, -39.022597869798005 ], [ 174.131990784636656, -39.022005807461667 ], [ 174.132603291935141, -39.021493596923563 ], [ 174.13375835222368, -39.021328350178642 ], [ 174.134296294160265, -39.020858171910142 ], [ 174.134730760271594, -39.020352165282304 ], [ 174.13533758848979, -39.019871353412157 ] ] } },
{ "type": "Feature", "properties": { "group_id": "nzd0279" }, "geometry": { "type": "LineString", "coordinates": [ [ 177.886240018557061, -39.016253786753424 ], [ 177.886161801574247, -39.01694966351954 ], [ 177.88606209496885, -39.017644973691922 ], [ 177.886042007138883, -39.018342350860685 ], [ 177.886040150058477, -39.019040195958702 ], [ 177.886068274478106, -39.019738814978929 ], [ 177.886067547627476, -39.020436675609766 ], [ 177.886081594693849, -39.021134914052851 ], [ 177.886152063220464, -39.021834614812377 ], [ 177.88618294748332, -39.022524147303869 ], [ 177.886166884398364, -39.023165008296154 ], [ 177.886246454423826, -39.023822184371163 ], [ 177.886299512937455, -39.02452951747695 ], [ 177.886304342000244, -39.025245833762227 ], [ 177.886370041460566, -39.025950796896396 ], [ 177.886401617941914, -39.026662113687685 ], [ 177.886515292922013, -39.027358120734014 ], [ 177.886707250630508, -39.02803952948608 ], [ 177.886817262242545, -39.028736206060039 ], [ 177.88689598653076, -39.029438707733981 ], [ 177.887027708888809, -39.030127539035561 ], [ 177.887103809379937, -39.030816589669769 ], [ 177.887200175481951, -39.031504008124855 ] ] } },
{ "type": "Feature", "properties": { "group_id": "nzd0280" }, "geometry": { "type": "LineString", "coordinates": [ [ 177.64383980149853, -39.050945933876648 ], [ 177.642949929561098, -39.051079576778079 ], [ 177.642052233841156, -39.051100000342238 ], [ 177.641153175727595, -39.051100702645229 ], [ 177.640252678825533, -39.051080570408914 ], [ 177.63935237666243, -39.051063249687246 ], [ 177.638456096450227, -39.051104166818973 ], [ 177.637559836011491, -39.051145376822973 ], [ 177.636661160730171, -39.051151613500203 ], [ 177.635764438898462, -39.051178880634858 ], [ 177.634867519767852, -39.051208028336809 ], [ 177.633968944058637, -39.051229443239357 ], [ 177.633068925110535, -39.051238808558331 ], [ 177.632167580482559, -39.051236027672012 ], [ 177.631268355231072, -39.051252654085637 ], [ 177.630371553760313, -39.051291480807684 ], [ 177.629478874720007, -39.051368074696811 ], [ 177.628583846601259, -39.051423152585848 ], [ 177.627682527390732, -39.051420590254658 ], [ 177.626780595107647, -39.051412404180411 ], [ 177.625881413740785, -39.051429420974749 ], [ 177.624978292798261, -39.051410329428712 ], [ 177.624077931560834, -39.051416523530797 ], [ 177.623180677382436, -39.051451193087644 ], [ 177.622286671147492, -39.051514479831965 ], [ 177.621392320860906, -39.05157307262192 ], [ 177.620497465787906, -39.051628103331517 ], [ 177.619597528767258, -39.051636390724489 ], [ 177.618701278802718, -39.051679748969789 ], [ 177.61780511852109, -39.051723961959922 ], [ 177.616908553077849, -39.051764321709086 ], [ 177.616009501603259, -39.051781027337157 ], [ 177.615111738128832, -39.051809986865266 ], [ 177.614212129401324, -39.051821384815419 ], [ 177.61331145379188, -39.051822625130882 ], [ 177.612410199656438, -39.051818353671166 ], [ 177.611515238185376, -39.051873976347281 ], [ 177.610628893038864, -39.052011627933673 ], [ 177.60973599197564, -39.052086880063655 ], [ 177.60884087965573, -39.052141084810643 ], [ 177.607940798155255, -39.052147976260684 ], [ 177.607039023929786, -39.052138743981033 ], [ 177.606138750327034, -39.052139479050012 ], [ 177.605243280149722, -39.052184693412968 ], [ 177.604345180474752, -39.052207559479356 ], [ 177.603453177625028, -39.052293568997513 ], [ 177.602558831714845, -39.052355592804034 ], [ 177.60166692226511, -39.05244257587141 ], [ 177.600768319684363, -39.052461012984615 ], [ 177.599869576377387, -39.052478006622749 ], [ 177.598971017680924, -39.052496889311939 ], [ 177.598072251963941, -39.052513649147933 ], [ 177.597175080587249, -39.052546742710064 ], [ 177.596281893275943, -39.05262066186291 ], [ 177.595390061825555, -39.052708483237929 ], [ 177.594496260132871, -39.052757052986813 ], [ 177.593611390716831, -39.052857979448746 ], [ 177.592715728250056, -39.052905024493199 ], [ 177.591814173401673, -39.052928511244467 ], [ 177.590908491731341, -39.052927556497153 ], [ 177.590009749487649, -39.052967688792542 ], [ 177.589110222141727, -39.053003168828006 ], [ 177.588204589083517, -39.053002485087873 ], [ 177.587308321145287, -39.053057261290981 ], [ 177.586411247573068, -39.053107264377552 ], [ 177.585524000784289, -39.05321547244715 ], [ 177.58463205012626, -39.053295820682273 ], [ 177.583731896590251, -39.053327577417726 ], [ 177.582835376892547, -39.053349435939325 ], [ 177.581941925992624, -39.053362795471216 ], [ 177.581043060353124, -39.05337256641927 ], [ 177.580148311488813, -39.053430285186792 ], [ 177.579258690970988, -39.053537228901568 ], [ 177.578367107003061, -39.053625337822396 ], [ 177.577474195767792, -39.053700714491171 ], [ 177.576575707404658, -39.053722556844932 ], [ 177.575675767430425, -39.053730460598999 ], [ 177.574773797549227, -39.053718869757432 ], [ 177.573876695725545, -39.05375401689502 ], [ 177.572983049813217, -39.05382235211389 ], [ 177.572089213610809, -39.053888865336894 ], [ 177.571198359906276, -39.053984029800631 ], [ 177.570302049546569, -39.054026790390026 ], [ 177.569401508426949, -39.054028315891415 ], [ 177.568503925204908, -39.054055136858246 ], [ 177.567606418102912, -39.054081728684388 ], [ 177.566709551855581, -39.054116377022829 ], [ 177.565816286811213, -39.054192361446063 ], [ 177.564919218646054, -39.054224699919729 ], [ 177.564021204983902, -39.054246185607354 ], [ 177.563123338741889, -39.054269363326398 ], [ 177.562229212686475, -39.054335486546265 ], [ 177.561333839039548, -39.054387291251601 ], [ 177.560433495022465, -39.054382019440183 ], [ 177.55953734893933, -39.054424957435273 ], [ 177.558634830738299, -39.054394704853841 ], [ 177.557734290188193, -39.054387160496098 ], [ 177.556837521649612, -39.054422946163285 ], [ 177.555939869183248, -39.054448577751295 ], [ 177.555044589225332, -39.054501472246294 ], [ 177.554150343963755, -39.054566263082862 ], [ 177.553251888458647, -39.054582672348744 ], [ 177.552352016294492, -39.054582796539435 ], [ 177.551450557850302, -39.054564681037604 ], [ 177.550546595497678, -39.054517770865324 ], [ 177.54964478065483, -39.054495538352569 ], [ 177.54874595146876, -39.054499403668594 ], [ 177.547847764446431, -39.054500846365769 ], [ 177.546950718910097, -39.054527225932866 ], [ 177.546053591101582, -39.054556105434109 ], [ 177.54515468805792, -39.054559154731763 ], [ 177.544258943762429, -39.054608173901727 ], [ 177.54336141918634, -39.054631288048498 ], [ 177.54245978794944, -39.054594621201886 ], [ 177.541559572399677, -39.054578553398571 ], [ 177.540662629491919, -39.05461013172755 ], [ 177.539764439638333, -39.054623555041914 ], [ 177.538868057398588, -39.054663305525537 ], [ 177.537971346532061, -39.054698275245464 ], [ 177.53707359656363, -39.054718112095777 ], [ 177.536176081479482, -39.054741372557082 ], [ 177.535276110809662, -39.054728852907104 ], [ 177.534374905256215, -39.054698329967522 ], [ 177.533475107887085, -39.054688320866575 ], [ 177.532574931880276, -39.054672786325021 ], [ 177.531680581854374, -39.05474218129649 ], [ 177.53078285702864, -39.054762382603613 ], [ 177.529883481595448, -39.054758515353207 ], [ 177.528986128367109, -39.054763558768244 ], [ 177.528089794125918, -39.054771388965392 ], [ 177.527190804613838, -39.054750615290992 ], [ 177.526291278072478, -39.054726017392312 ], [ 177.525395245472509, -39.054777873606263 ], [ 177.524498374319165, -39.054811393215275 ], [ 177.523600328941484, -39.054819217508062 ], [ 177.522701861116531, -39.054817793779499 ], [ 177.521803502874747, -39.054818768768243 ], [ 177.520905248878023, -39.05482202686305 ], [ 177.520007550646596, -39.05483746154912 ], [ 177.519111091000639, -39.054880041931142 ], [ 177.51821396572663, -39.054908048808912 ], [ 177.517314929444922, -39.054894174621367 ], [ 177.516418178722972, -39.054930404898457 ], [ 177.515519822638083, -39.0549314441812 ], [ 177.514621084048258, -39.054924093745377 ], [ 177.513723125693133, -39.054933855750143 ], [ 177.512824787116529, -39.05493527825957 ], [ 177.511928015203551, -39.054971080772091 ], [ 177.511031628435575, -39.055001909042154 ], [ 177.510137340735923, -39.055038769179525 ], [ 177.509243638348181, -39.055094457207446 ], [ 177.508341563739492, -39.055091505523734 ], [ 177.507440931961213, -39.055100596841115 ], [ 177.506545206811182, -39.0551506625645 ], [ 177.505644053004346, -39.05515538732493 ], [ 177.504750867641121, -39.05522666675872 ], [ 177.503858561189162, -39.055305292178893 ], [ 177.502959125338037, -39.055324363066745 ], [ 177.50205904020828, -39.055338006207812 ], [ 177.501158827216813, -39.05535057702884 ], [ 177.500263108447456, -39.055400696737927 ], [ 177.499366570919364, -39.055443975649411 ], [ 177.498469505181248, -39.055482840455895 ], [ 177.497573355045176, -39.055529357017569 ], [ 177.496673383106071, -39.055543930905522 ] ] } },
{ "type": "Feature", "properties": { "group_id": "nzd0281" }, "geometry": { "type": "LineString", "coordinates": [ [ 177.794647970433402, -39.066421320468493 ], [ 177.793809792901897, -39.066135846941087 ], [ 177.792937255579204, -39.065971131656028 ], [ 177.792063295960759, -39.065811413701695 ], [ 177.791181440915921, -39.065679440227889 ], [ 177.790315402355844, -39.065491883927116 ], [ 177.789436752420727, -39.065348643739263 ], [ 177.788590154200222, -39.065092776215756 ], [ 177.723430932890579, -39.054900792665826 ], [ 177.722537153239898, -39.054824222545896 ], [ 177.72165096899667, -39.054694790114205 ], [ 177.720758092922836, -39.05462142941051 ], [ 177.719871762060308, -39.054493232652355 ], [ 177.718980915700314, -39.05440286823184 ], [ 177.718085312284586, -39.054352351653158 ], [ 177.71719835039076, -39.05422944870655 ], [ 177.716306109142977, -39.054150767021902 ], [ 177.715420028747303, -39.05402048805739 ], [ 177.714527416389785, -39.053944914828413 ], [ 177.713632542352485, -39.053888278156279 ], [ 177.712743018586252, -39.053786838956157 ], [ 177.711847549127157, -39.053713610584786 ], [ 177.71095307886938, -39.053621778074991 ], [ 177.710059824812589, -39.053543112438931 ], [ 177.709168132906029, -39.053451186797304 ], [ 177.708271972355675, -39.053408744928802 ], [ 177.707380072271633, -39.053319126586203 ], [ 177.706487508462914, -39.053236859220071 ], [ 177.705595893331719, -39.053144091981061 ], [ 177.704704050645347, -39.05305384712215 ] ] } },
{ "type": "Feature", "properties": { "group_id": "nzd0282" }, "geometry": { "type": "LineString", "coordinates": [ [ 177.378886608314275, -39.070528827497668 ], [ 177.37800274596205, -39.070674990086353 ], [ 177.377084381233061, -39.070741191847766 ], [ 177.376265635410107, -39.071038256151915 ], [ 177.375404912917986, -39.071238040154121 ], [ 177.374540436817171, -39.071429124226391 ], [ 177.373711158407247, -39.071701782442325 ], [ 177.372851410023202, -39.07190382336865 ], [ 177.371997389523017, -39.072119139284958 ], [ 177.371148398852739, -39.072346112953632 ], [ 177.370268659046246, -39.072501817194883 ], [ 177.369375492605798, -39.072626398609408 ], [ 177.368503302077244, -39.072799596111061 ], [ 177.367644395868979, -39.073000769804302 ], [ 177.366780424785645, -39.073180693110707 ], [ 177.365945087278874, -39.073432070097084 ], [ 177.365030668648586, -39.07350009753214 ], [ 177.364223030676669, -39.073828407279606 ], [ 177.363375321058953, -39.0740590414553 ], [ 177.362499855982605, -39.074222017897398 ], [ 177.361658519493545, -39.074468188549687 ], [ 177.360773348618835, -39.074607503042436 ], [ 177.359926397999146, -39.07483998860689 ], [ 177.359086627659025, -39.075089979517593 ], [ 177.358215751259678, -39.075264138948398 ], [ 177.357363045436784, -39.075482595883209 ], [ 177.356511584073303, -39.075704087244326 ], [ 177.355648150563837, -39.075894669778364 ], [ 177.354749311534619, -39.075995702615266 ], [ 177.353857013849989, -39.076113728754599 ], [ 177.352968430791179, -39.076242809642274 ], [ 177.351979787626533, -39.076121996049814 ], [ 177.351313343485742, -39.076805848205822 ], [ 177.35047122698947, -39.077050976414533 ], [ 177.349580376011261, -39.077174390799449 ], [ 177.348784069494457, -39.077533933561917 ], [ 177.347860742539893, -39.077576234382832 ], [ 177.346974335500732, -39.077710742498788 ], [ 177.346173124032418, -39.078058042202009 ], [ 177.345291750600779, -39.078205122344606 ] ] } },
{ "type": "Feature", "properties": { "group_id": "nzd0283" }, "geometry": { "type": "LineString", "coordinates": [ [ 177.868230222965082, -39.086584235946603 ], [ 177.871401697867469, -39.086136506439921 ], [ 177.87166247162304, -39.085456779717639 ], [ 177.871868486777061, -39.084772682620006 ], [ 177.872062789337519, -39.084087645439872 ], [ 177.872012286074693, -39.083382735319589 ], [ 177.871988233618509, -39.08268990089978 ], [ 177.871874977092403, -39.081993701985276 ], [ 177.871754694504602, -39.081300510525786 ], [ 177.871626673753156, -39.080608654960699 ], [ 177.871470402594809, -39.079907221733428 ], [ 177.871156294774011, -39.079236591328851 ], [ 177.870922318339495, -39.078537495345763 ], [ 177.870632213653323, -39.077868168477451 ], [ 177.870298034051274, -39.077216959936322 ], [ 177.869926393336755, -39.076581150183735 ], [ 177.869557099001895, -39.075944369972007 ], [ 177.869163788658852, -39.075317459836583 ], [ 177.868670531218697, -39.074731643539295 ], [ 177.868153441030188, -39.074154495041462 ], [ 177.867634078014362, -39.073554416183185 ], [ 177.867074492584663, -39.072977929884587 ], [ 177.866542798732979, -39.072411451861328 ], [ 177.865973838422008, -39.071871192692605 ], [ 177.865389696317834, -39.071341612266103 ], [ 177.864877603049109, -39.070761330284896 ], [ 177.86426710864626, -39.070250284758224 ], [ 177.863692536521, -39.069713958312256 ], [ 177.863105674225579, -39.069186275832394 ], [ 177.862450024155009, -39.068706991717463 ], [ 177.861826571533868, -39.068188626744742 ], [ 177.86113316676844, -39.067725183386003 ], [ 177.860450523142816, -39.067267390513535 ], [ 177.859743821295183, -39.066837552491478 ], [ 177.85900987939354, -39.06643437047304 ], [ 177.858321718222584, -39.065986380834758 ], [ 177.857634710546819, -39.065537259353846 ], [ 177.856890013899402, -39.065144592764369 ], [ 177.856121777722052, -39.064777954778201 ], [ 177.855395976855277, -39.064408245288867 ], [ 177.854666453248939, -39.064019990431653 ], [ 177.853906241096013, -39.063635087126748 ], [ 177.853148603247178, -39.063245831731919 ], [ 177.852373985925624, -39.062885282314639 ], [ 177.851602687897213, -39.062519120933622 ], [ 177.850828916822707, -39.062157140182578 ], [ 177.850049360686, -39.061804939107169 ], [ 177.849267393946832, -39.061421965486602 ], [ 177.848451087226152, -39.061080565841685 ], [ 177.84761334892363, -39.060828770497913 ], [ 177.846778112902882, -39.060572086732897 ], [ 177.84591247967407, -39.060324476734792 ], [ 177.845000307575958, -39.060159913001804 ], [ 177.844111844753684, -39.059979045180583 ], [ 177.843225645905733, -39.059867480754889 ], [ 177.842329478077801, -39.059801614550622 ], [ 177.841433094231519, -39.059736732572183 ], [ 177.840514735548737, -39.059694682765986 ], [ 177.839589073633874, -39.059617114477163 ], [ 177.838687376644941, -39.059615780354441 ], [ 177.837793876499063, -39.059684266074726 ], [ 177.836900130384066, -39.059750536517548 ], [ 177.836004232236462, -39.059797385387171 ] ] } },
{ "type": "Feature", "properties": { "group_id": "nzd0284" }, "geometry": { "type": "LineString", "coordinates": [ [ 177.344565940035693, -39.078341552510757 ], [ 177.343696929272795, -39.078519509258484 ], [ 177.342854954494697, -39.078764998087983 ], [ 177.341991514535067, -39.078956870003779 ], [ 177.341122537545345, -39.079134910239802 ], [ 177.340269844513671, -39.079353627441215 ], [ 177.339403646192864, -39.079538608156781 ], [ 177.33851820484125, -39.079680620869922 ], [ 177.337626464015017, -39.079822010929576 ], [ 177.336795188010456, -39.080096981508198 ], [ 177.335950698974045, -39.080333783345296 ], [ 177.335087438257517, -39.080530270015139 ], [ 177.334205788131925, -39.080687260537047 ], [ 177.333340856976434, -39.08088015626393 ], [ 177.33247880397542, -39.081079232155147 ], [ 177.331656539308426, -39.08136376411705 ], [ 177.330759959380401, -39.081488680867018 ], [ 177.329880429268258, -39.081650214640462 ], [ 177.328966776873528, -39.081738454195786 ], [ 177.328117663591883, -39.081965315541581 ], [ 177.327272830503716, -39.082201370309356 ], [ 177.32643523594524, -39.082452973459631 ], [ 177.325534421496513, -39.08256877757875 ], [ 177.324652057649672, -39.08272421112877 ], [ 177.323844679067747, -39.083040719628762 ], [ 177.323018115410633, -39.083316017907123 ], [ 177.32215061652019, -39.083503380957538 ], [ 177.321320800546573, -39.083771693466588 ], [ 177.320507253112225, -39.084074955611307 ], [ 177.319682368078162, -39.084353863329873 ], [ 177.318838384543682, -39.084593160464919 ], [ 177.317942387112026, -39.084722793730549 ], [ 177.317084991305791, -39.084933045535088 ], [ 177.316237434242311, -39.085163388884851 ], [ 177.315371157977211, -39.085354196007259 ], [ 177.314448113621182, -39.08542510232526 ], [ 177.263118172485804, -39.100367935763707 ], [ 177.262255507468751, -39.100583980570022 ], [ 177.261469992846543, -39.100924067506227 ], [ 177.260725319515757, -39.101329820660808 ], [ 177.259662266695869, -39.101223664052668 ], [ 177.25892977912693, -39.101649009100996 ], [ 177.258056292323545, -39.101847642347948 ], [ 177.257240991513299, -39.102139831245736 ], [ 177.25640958163325, -39.102406116715137 ], [ 177.255740302079744, -39.102933098693498 ], [ 177.254912642832352, -39.103205414894767 ], [ 177.254073355817127, -39.103459032452719 ], [ 177.253331265437936, -39.103868940096497 ], [ 177.252514654940398, -39.104159019903854 ], [ 177.251675960705427, -39.104413587442806 ], [ 177.250785997114775, -39.10458380760646 ], [ 177.249984806191463, -39.104896350595702 ], [ 177.249174874855186, -39.105196613892147 ], [ 177.248371068837486, -39.1055074098917 ], [ 177.247513352939137, -39.105730311328266 ], [ 177.246693154280138, -39.106014378780415 ], [ 177.245762883884311, -39.106118980809526 ], [ 177.245115550477067, -39.106684891644178 ], [ 177.244264636111609, -39.10691887642988 ], [ 177.243436345244305, -39.107189746110635 ], [ 177.242638346456658, -39.1075100054776 ], [ 177.241804000076314, -39.107770999468613 ], [ 177.240994376580574, -39.108072303252449 ], [ 177.240008187454663, -39.108085707067772 ], [ 177.239328697026565, -39.108599197605052 ], [ 177.238531827071625, -39.108921294227294 ], [ 177.237710357974123, -39.109203279318145 ], [ 177.236903612504648, -39.109509271864582 ], [ 177.236092581270412, -39.109808275325072 ], [ 177.235295659803654, -39.110130286077407 ], [ 177.234322763677625, -39.110165340315866 ], [ 177.233332142483647, -39.110171481652749 ], [ 177.232838263156594, -39.110987659859319 ], [ 177.232009078694517, -39.111257056761644 ], [ 177.231171237117508, -39.111512334851838 ], [ 177.230338572877855, -39.111776773493041 ], [ 177.229504548097282, -39.112043212683567 ], [ 177.22868812505817, -39.112337921694028 ], [ 177.227865772258582, -39.112619544114381 ], [ 177.227038361016923, -39.112893283579311 ], [ 177.226069167518091, -39.112946108076436 ], [ 177.225256624031346, -39.113243008021399 ], [ 177.224376171058907, -39.113434093217748 ], [ 177.223534047866877, -39.11368489948444 ], [ 177.222648441837379, -39.113867948802877 ] ] } },
{ "type": "Feature", "properties": { "group_id": "nzd0285" }, "geometry": { "type": "LineString", "coordinates": [ [ 177.167686526250833, -39.134083150020309 ], [ 177.166734206796605, -39.13415325965515 ], [ 177.165969028926753, -39.134557295177395 ], [ 177.165229152492685, -39.134948165716743 ], [ 177.164453667281094, -39.135228060253198 ], [ 177.163584019668576, -39.135509138883457 ], [ 177.162792074401636, -39.135833799351801 ], [ 177.16205842347793, -39.136176929545691 ], [ 177.161235015279317, -39.13641498595441 ], [ 177.160453723833257, -39.13678961156824 ], [ 177.159695618671691, -39.137195858857936 ], [ 177.158895056804255, -39.137512522079334 ], [ 177.158094983832996, -39.13782288745432 ], [ 177.157303240650123, -39.138143596908641 ], [ 177.156496047130929, -39.138443127904701 ], [ 177.155696037726926, -39.138772113586541 ], [ 177.154897622547281, -39.139098384742248 ], [ 177.154106591886006, -39.13941331841044 ], [ 177.153325693349302, -39.139745389077738 ], [ 177.152537151143946, -39.140068130796436 ], [ 177.151751587508585, -39.140404781959091 ], [ 177.150957556089367, -39.140735211862896 ], [ 177.150180824503195, -39.141082683089664 ], [ 177.149394967220388, -39.141417731557304 ], [ 177.148606928542392, -39.141749274534632 ], [ 177.147807423777465, -39.142064008434033 ], [ 177.14700483945046, -39.142380390990645 ], [ 177.146226540072206, -39.142688572183623 ], [ 177.145437943527668, -39.142993878300665 ], [ 177.144627758055208, -39.143304850585054 ], [ 177.143827258613442, -39.143621846752524 ], [ 177.14304086717982, -39.1439577772516 ], [ 177.142261671735412, -39.144306674332974 ], [ 177.141477344317877, -39.144652610844268 ], [ 177.140694975035416, -39.144985114000434 ], [ 177.139927928157618, -39.145314727232538 ], [ 177.139173654578997, -39.145670349749523 ], [ 177.138393769633012, -39.146020554375461 ], [ 177.137596075587311, -39.146359636581252 ], [ 177.13680357716342, -39.146698699205231 ], [ 177.136004857297621, -39.147036091715769 ], [ 177.135231281392379, -39.14737389309434 ], [ 177.134480704063378, -39.147686476916128 ], [ 177.133681416723704, -39.148016335580742 ], [ 177.132857144313618, -39.148340641151115 ], [ 177.132078970981041, -39.148680646774778 ], [ 177.131309822618022, -39.149007043271361 ], [ 177.130511741202326, -39.149333742611354 ], [ 177.129727283694336, -39.149668362977373 ], [ 177.128956563765826, -39.149986252086343 ], [ 177.128153832916752, -39.150317126526048 ], [ 177.127334225354559, -39.15063023154412 ], [ 177.065634765518752, -39.182372036081226 ], [ 177.06493142337473, -39.182796930906079 ], [ 177.064180236604614, -39.183187239509905 ], [ 177.063517045116498, -39.18365620480882 ], [ 177.062759883133168, -39.184029652765119 ], [ 177.062067440517211, -39.184473498966064 ], [ 177.061379269178957, -39.184913897334219 ], [ 177.060669958531406, -39.185337182949191 ], [ 177.059960215272213, -39.185768290182601 ], [ 177.059236992007385, -39.18618356792819 ], [ 177.058520508783658, -39.186596641046549 ], [ 177.057772605577952, -39.186992494114541 ], [ 177.057083390369087, -39.187435759534573 ], [ 177.056368617492467, -39.187856871163191 ], [ 177.055688321199995, -39.188310701069788 ], [ 177.055000140142226, -39.188756803617757 ], [ 177.054327909977332, -39.189211482179111 ], [ 177.053636051181257, -39.189655067263381 ], [ 177.052942377096997, -39.190099904506539 ], [ 177.052231763710836, -39.190527530198928 ], [ 177.051540880091181, -39.190972399121534 ], [ 177.050869118142288, -39.191439330772567 ], [ 177.050194171076726, -39.191897201199126 ], [ 177.049504043315437, -39.192325892538108 ], [ 177.048853062640632, -39.19277925730443 ], [ 177.048192154401193, -39.193242383726826 ], [ 177.047514992153054, -39.193712702219152 ], [ 177.046843718482222, -39.194179187961723 ], [ 177.046171731380724, -39.194643520781121 ], [ 177.045519509551383, -39.195123701421039 ], [ 177.044868721737089, -39.195606614091773 ], [ 177.044222405896988, -39.196096348955002 ], [ 177.043615887534258, -39.196621370353299 ], [ 177.042967158846693, -39.197119181903879 ], [ 177.042285632410056, -39.197579697374643 ], [ 177.04169946269792, -39.19810281105881 ], [ 177.041122207043514, -39.198636313816905 ], [ 177.040576812939833, -39.199189211450502 ], [ 177.040014168852764, -39.199731602329514 ], [ 177.039411869611257, -39.200271130952601 ], [ 177.038906633325325, -39.200900237470833 ], [ 177.038644829952972, -39.201604173398145 ], [ 177.038341230043159, -39.202259054941194 ], [ 177.038114393676892, -39.202935775973778 ], [ 177.037888291558971, -39.203612699686467 ] ] } },
{ "type": "Feature", "properties": { "group_id": "nzd0286" }, "geometry": { "type": "LineString", "coordinates": [ [ 177.941401071170588, -39.155823403226059 ], [ 177.940674681021079, -39.156233233459126 ], [ 177.939916044208815, -39.156611088316481 ], [ 177.939111197550091, -39.156943122482716 ], [ 177.938405086426059, -39.157373052242377 ], [ 177.937700847450685, -39.15780483605657 ], [ 177.936962626990947, -39.158202923929039 ], [ 177.936267834296217, -39.158673968222999 ], [ 177.935591788768647, -39.159173310406118 ], [ 177.934956203348719, -39.159686496640944 ], [ 177.93434720171814, -39.160199627691028 ], [ 177.933692066903347, -39.160683543944387 ], [ 177.933191561216006, -39.161267671885838 ], [ 177.932657255416899, -39.161830532055674 ], [ 177.932104078990164, -39.162379435526987 ], [ 177.931611964720673, -39.162965143242985 ], [ 177.931094616808139, -39.163535377319846 ], [ 177.930525932196929, -39.164074135382897 ], [ 177.929972461614312, -39.164622216387464 ], [ 177.929332616281698, -39.165117341352193 ], [ 177.928724823722092, -39.165633634111245 ], [ 177.928109033626697, -39.166153336906575 ], [ 177.927539710205764, -39.166703722097388 ], [ 177.926966591481261, -39.167245300513251 ], [ 177.926484376649341, -39.167832441356225 ], [ 177.925987024774969, -39.168411989841154 ], [ 177.925497542359238, -39.168995478336356 ], [ 177.925024965455606, -39.169602981824127 ], [ 177.924592627680909, -39.170233277171377 ], [ 177.924200735986972, -39.170871958652498 ], [ 177.923921175751047, -39.171546761757902 ], [ 177.923647174740751, -39.172238336467423 ], [ 177.923685061637457, -39.172954644966204 ], [ 177.923633395561382, -39.17365345920232 ], [ 177.923671736504417, -39.174351885524146 ], [ 177.923648771195531, -39.175050730903358 ], [ 177.923641093369469, -39.175743897381146 ], [ 177.923666324355679, -39.176438813092012 ], [ 177.923659112190336, -39.177135316403721 ], [ 177.92364959507546, -39.177834866212528 ], [ 177.923672801017148, -39.178544357246501 ], [ 177.923636884589172, -39.179259814262714 ], [ 177.923876898896538, -39.179934000159648 ], [ 177.924153273565508, -39.180600999576662 ], [ 177.924440748345347, -39.181265173370988 ], [ 177.924760399050314, -39.181916217387077 ], [ 177.925053041243245, -39.18257629056243 ], [ 177.92516811738443, -39.18327627337689 ], [ 177.925270864132273, -39.183968373827405 ], [ 177.925315051237391, -39.184662999610218 ], [ 177.925153506974624, -39.185354403930518 ], [ 177.924823149437657, -39.186009970417416 ], [ 177.924770149617927, -39.186708318419655 ], [ 177.924606114145433, -39.18739261657646 ], [ 177.924404652080256, -39.188072220899571 ], [ 177.924217395500563, -39.188753742954923 ], [ 177.924177833480627, -39.189453895336662 ], [ 177.924019286263473, -39.190140946729336 ], [ 177.923747366447287, -39.190803945043648 ], [ 177.923411126089519, -39.191451404229021 ], [ 177.92310938280076, -39.192107594971318 ], [ 177.92274596350839, -39.192744088168794 ], [ 177.922364060095617, -39.193374674115027 ] ] } },
{ "type": "Feature", "properties": { "group_id": "nzd0287" }, "geometry": { "type": "LineString", "coordinates": [ [ 177.920020327707732, -39.19695164544985 ], [ 177.919526664847695, -39.197539154309275 ], [ 177.919235001708842, -39.198202087402116 ], [ 177.918697230241577, -39.198764126830199 ], [ 177.918213196524135, -39.19936347979408 ], [ 177.91801613617335, -39.200068002823571 ], [ 177.917784182095915, -39.20075957316822 ], [ 177.917845652185605, -39.201465023399244 ], [ 177.917681364747978, -39.202151007564389 ], [ 177.917384919348962, -39.202805798850996 ], [ 177.917140309377515, -39.203450308769654 ], [ 177.916838846701921, -39.204103773652093 ], [ 177.916552519759563, -39.204764349214663 ], [ 177.916135331442547, -39.205390281889592 ], [ 177.915950205752779, -39.206075878196096 ], [ 177.915667736978889, -39.206736154036413 ], [ 177.915421637282805, -39.207404868034985 ], [ 177.915096507702259, -39.208054909274971 ], [ 177.914733241746006, -39.208696603338275 ], [ 177.914394455552866, -39.209343586458182 ], [ 177.914092299808402, -39.209998692092896 ] ] } },
{ "type": "Feature", "properties": { "group_id": "nzd0288" }, "geometry": { "type": "LineString", "coordinates": [ [ 177.027276166339618, -39.242436458364281 ], [ 177.026543028838915, -39.242862307915679 ], [ 177.02554949927719, -39.24310903804826 ], [ 177.02518724575819, -39.243789998294325 ], [ 177.024722549921023, -39.244400487619011 ], [ 177.024139141978253, -39.244928868408252 ], [ 177.023494851510009, -39.245413483800718 ], [ 177.022953895381448, -39.245971125538034 ], [ 177.022374714690443, -39.24650331462135 ], [ 177.021823393711088, -39.247055499005754 ], [ 177.021407188220337, -39.247650673003065 ] ] } },
{ "type": "Feature", "properties": { "group_id": "nzd0291" }, "geometry": { "type": "LineString", "coordinates": [ [ 176.951774381639865, -39.320724844339409 ], [ 176.951269554487169, -39.32130057968093 ], [ 176.950682236237157, -39.321827794031663 ], [ 176.950177479822969, -39.322403562552324 ], [ 176.949655383125418, -39.322969128234163 ], [ 176.949154526864248, -39.32354718209983 ], [ 176.948675031034668, -39.324131041335072 ], [ 176.948228494137794, -39.324725947300081 ], [ 176.947736036466665, -39.325306952955636 ], [ 176.947251693406628, -39.325892606596284 ], [ 176.946768215526674, -39.326476977712858 ], [ 176.946298473644475, -39.327068294528104 ], [ 176.945818619245671, -39.327657302319899 ], [ 176.945374868688702, -39.328261046606627 ], [ 176.944953467055655, -39.328874087958049 ] ] } },
{ "type": "Feature", "properties": { "group_id": "nzd0292" }, "geometry": { "type": "LineString", "coordinates": [ [ 173.772499849877988, -39.361491153904936 ], [ 173.772551327030072, -39.36078037738266 ], [ 173.772547727103671, -39.360076699496553 ], [ 173.772458699924726, -39.359384036208276 ], [ 173.772371695016858, -39.358691105213914 ], [ 173.772436981458696, -39.357978518870205 ], [ 173.772541031808913, -39.357260923833856 ], [ 173.772497550166605, -39.356562356604336 ], [ 173.772461299782748, -39.355862849467009 ], [ 173.772352643272399, -39.355172677715061 ], [ 173.77221562599027, -39.354486158488342 ], [ 173.772073274466209, -39.353781189374573 ], [ 173.771950539378196, -39.353072076712628 ], [ 173.771774794160677, -39.35239066060479 ], [ 173.771576202564205, -39.351713093772617 ], [ 173.77129997481893, -39.351047912713049 ], [ 173.771016240206677, -39.350383923259223 ], [ 173.770630510837492, -39.349736207508229 ], [ 173.770428380190737, -39.349059179158239 ], [ 173.770298478073329, -39.348370615081762 ], [ 173.77020291184661, -39.347676563569813 ], [ 173.770164615739901, -39.346973363670607 ], [ 173.770001501486774, -39.346298956279348 ], [ 173.769632289800171, -39.34565630378227 ], [ 173.769372889196035, -39.344988546491628 ], [ 173.76908935637934, -39.344322232436632 ], [ 173.768856056001738, -39.343648887755421 ], [ 173.768578994770166, -39.342981655333304 ], [ 173.768464671278224, -39.34229166104479 ], [ 173.768249156118145, -39.341615809437769 ], [ 173.768161241160954, -39.34092210906784 ], [ 173.768248600086764, -39.340203893298266 ], [ 173.768064370907581, -39.339523646947292 ], [ 173.768137275947538, -39.338807438176993 ], [ 173.767858113736679, -39.338104579583963 ], [ 173.767675578349127, -39.337366978324411 ], [ 173.767335714157895, -39.336702399085908 ], [ 173.766945137881805, -39.336071976826226 ], [ 173.766489598715481, -39.335459099230206 ], [ 173.766103361483516, -39.334827492351408 ], [ 173.76576630305135, -39.334182592868338 ], [ 173.765497650533945, -39.33351920622794 ], [ 173.765337911546482, -39.332826388352046 ], [ 173.765102375136024, -39.332154042203001 ], [ 173.764858304585147, -39.331483995454022 ], [ 173.764520974083865, -39.330824195860494 ], [ 173.76408880259342, -39.330172430815139 ], [ 173.763564329193429, -39.329575088626108 ], [ 173.763100733316776, -39.328978432353104 ] ] } },
{ "type": "Feature", "properties": { "group_id": "nzd0293" }, "geometry": { "type": "LineString", "coordinates": [ [ 176.897943602151457, -39.370814177056417 ], [ 176.897581542822024, -39.371442815663457 ], [ 176.897213148778434, -39.372075893296802 ], [ 176.896883930248919, -39.372722744654475 ], [ 176.89653669835397, -39.373363254390235 ], [ 176.896190398279913, -39.374004086188691 ], [ 176.895854931885509, -39.374648722817376 ], [ 176.895522973616494, -39.375294587625923 ], [ 176.895187180687799, -39.375939097950749 ], [ 176.894848955175064, -39.376582746954327 ], [ 176.894518330003166, -39.377228934494802 ], [ 176.894195718706698, -39.377873663617784 ], [ 176.893893491409813, -39.378524339185937 ], [ 176.893553052445867, -39.379168218441343 ], [ 176.877337745753437, -39.418854767547138 ], [ 176.877168079328243, -39.419529479921493 ], [ 176.877017741145949, -39.420205070642353 ], [ 176.876841182449255, -39.420886197632534 ], [ 176.876647181712968, -39.421566741937497 ], [ 176.876507016212116, -39.422252346286399 ], [ 176.876328474305268, -39.42293433206828 ], [ 176.876174437954717, -39.42361861747851 ], [ 176.876005268261906, -39.424301471876078 ], [ 176.875904282907811, -39.424990736686745 ], [ 176.875753997500652, -39.425675354887026 ], [ 176.875619301461995, -39.426361433515474 ], [ 176.875492096518229, -39.427048210396222 ], [ 176.875377383185281, -39.427736156123892 ], [ 176.875256773796735, -39.428423587666039 ], [ 176.875149650828121, -39.429112298344691 ], [ 176.875072653060641, -39.429803915170488 ], [ 176.875005712398689, -39.430496512561156 ], [ 176.87491264652914, -39.431186536076851 ], [ 176.874772541940331, -39.431871930892314 ], [ 176.874650988309014, -39.432559141717995 ], [ 176.874543514585923, -39.433247729207878 ], [ 176.874386381287167, -39.433931430604709 ], [ 176.874254884171251, -39.434617644150627 ], [ 176.874099524721345, -39.435301506370266 ], [ 176.873959177188908, -39.435986836837756 ], [ 176.873841190846662, -39.436674357615708 ], [ 176.873719735598598, -39.437361530793332 ], [ 176.873617306718131, -39.438050566569935 ], [ 176.87352001526412, -39.438740100302041 ], [ 176.873386279657637, -39.439426046603735 ], [ 176.873288604711689, -39.440107855007113 ], [ 176.873152510091728, -39.440777602751744 ], [ 176.873122132706044, -39.441461901003237 ], [ 176.873037703157621, -39.442154432653638 ], [ 176.872971728389473, -39.44284717941337 ], [ 176.872916365613548, -39.443540046938146 ], [ 176.872838466593635, -39.444232636485765 ], [ 176.872765806783889, -39.444925282169137 ], [ 176.872707446231402, -39.445618092971095 ], [ 176.872658516525178, -39.446311010325459 ], [ 176.872592376142165, -39.447002792441374 ], [ 176.872570821874319, -39.447690385811867 ], [ 176.872538688809158, -39.44838260063036 ], [ 176.872533223302639, -39.449077933561846 ], [ 176.872561985318896, -39.449771434134234 ], [ 176.872569243319077, -39.450466074679632 ], [ 176.872583406935576, -39.451160340027897 ], [ 176.87259128731111, -39.451854933577145 ], [ 176.872610735933023, -39.452548903262027 ], [ 176.87275912161752, -39.453235989456793 ], [ 176.87288440089273, -39.453924300994267 ], [ 176.872976073567713, -39.454614240569278 ], [ 176.873151038926693, -39.455278256668841 ], [ 176.873288057038593, -39.455943578752645 ], [ 176.873418183176113, -39.456631895210435 ], [ 176.87354185595936, -39.457321352615914 ], [ 176.87369018225229, -39.458006419057121 ], [ 176.873860781732446, -39.458687517879035 ], [ 176.874044026702791, -39.459366361244399 ], [ 176.874251263005448, -39.460040931475788 ], [ 176.874460032451623, -39.460715222424135 ], [ 176.874711820462352, -39.461381856524547 ], [ 176.874961750969618, -39.46202007821401 ], [ 176.875258542984, -39.462624981569476 ], [ 176.875554731305954, -39.463272702150903 ], [ 176.8758412116768, -39.463939553851816 ], [ 176.876152166749165, -39.464596476459754 ], [ 176.876490921032911, -39.465242122156653 ], [ 176.876856527927885, -39.465876874829078 ], [ 176.877229894818612, -39.466508475611057 ], [ 176.877607620090544, -39.467138303694824 ], [ 176.878014443314328, -39.467756328484676 ], [ 176.878396085886834, -39.468384499359729 ] ] } },
{ "type": "Feature", "properties": { "group_id": "nzd0294" }, "geometry": { "type": "LineString", "coordinates": [ [ 176.922286631891808, -39.480859517828165 ], [ 176.922128478506664, -39.481543414594441 ], [ 176.921924169567319, -39.482217165941776 ], [ 176.921720382250555, -39.482889893307167 ], [ 176.921567589926099, -39.483573000609134 ], [ 176.921495341926857, -39.484264228545463 ], [ 176.921388567306337, -39.484953214505154 ], [ 176.921290828282963, -39.485633385104109 ], [ 176.92122069177492, -39.486317242297901 ], [ 176.921134432985014, -39.487007967785033 ], [ 176.921041871910489, -39.487698426981758 ], [ 176.920980816326164, -39.488389860507169 ], [ 176.920829139393078, -39.489079406663343 ], [ 176.920812399520258, -39.489775559164734 ], [ 176.920740272463235, -39.490460965977732 ], [ 176.920703922383154, -39.491145300357793 ], [ 176.920642525450688, -39.491838446580637 ], [ 176.920579669210326, -39.492532812378663 ], [ 176.920526092210991, -39.493225442114053 ], [ 176.920488673160946, -39.493918684261722 ], [ 176.920454267749506, -39.494611200683686 ], [ 176.920356436796197, -39.495298290412833 ], [ 176.920305963200263, -39.495990309007283 ], [ 176.920228079684904, -39.496683077717101 ], [ 176.920235692916435, -39.497376858675032 ], [ 176.920173026865911, -39.498066328057689 ], [ 176.920129198755689, -39.498756686875261 ], [ 176.920104052672713, -39.499449306576309 ], [ 176.920057207831434, -39.500141223683087 ], [ 176.920003616469302, -39.50083059976437 ], [ 176.919946376221503, -39.501521483883266 ], [ 176.919906670393516, -39.502217452988027 ], [ 176.919885559737253, -39.502916732092729 ], [ 176.919850468816804, -39.503616197466677 ], [ 176.919802997236872, -39.504308468305368 ], [ 176.919776102184727, -39.504982156152309 ], [ 176.919745917109708, -39.505660512194474 ], [ 176.919733058355888, -39.50635926883605 ], [ 176.919711287092809, -39.507057509933823 ], [ 176.919666963037315, -39.50774720811259 ], [ 176.919620574278866, -39.508435475796546 ], [ 176.919585678779043, -39.509130164350566 ], [ 176.919542904365926, -39.509827327250427 ], [ 176.919509822890547, -39.510514385847692 ], [ 176.91947530837848, -39.511198374995793 ], [ 176.91944752991202, -39.511892917962101 ], [ 176.919371435997732, -39.512589369951932 ], [ 176.919378929979928, -39.513280661439119 ], [ 176.919346861901772, -39.513974302322538 ], [ 176.91929064976128, -39.514669115959734 ], [ 176.919291116396948, -39.515359903320771 ], [ 176.919303474162433, -39.516039782243396 ], [ 176.919292006364486, -39.516726400722533 ], [ 176.919310173693901, -39.517428137004735 ], [ 176.919334932474158, -39.518123182643158 ], [ 176.9193437771888, -39.518810963944738 ], [ 176.919371740435224, -39.519504121289835 ], [ 176.919368921799332, -39.520199269398745 ], [ 176.919377656338071, -39.520894372783573 ], [ 176.919389805425283, -39.521588648052003 ], [ 176.919405946846183, -39.522276128198165 ], [ 176.919431034373986, -39.522963570151312 ], [ 176.919465619727106, -39.523650837716431 ], [ 176.919511933157679, -39.524337772750016 ], [ 176.919564267042233, -39.525033974634319 ], [ 176.919581999879739, -39.52573171423807 ], [ 176.919503245557848, -39.526424301917338 ], [ 176.919644094028087, -39.527100692271887 ], [ 176.919683282136646, -39.527799164198861 ], [ 176.919762761489068, -39.528496324713075 ], [ 176.9197952400433, -39.529183093774677 ], [ 176.91985270039072, -39.529870503598708 ], [ 176.919834759668078, -39.530572160848671 ], [ 176.919897143451976, -39.531250896587956 ], [ 176.92000623365189, -39.531921579476126 ], [ 176.920079955858768, -39.532620251221935 ], [ 176.92013121679534, -39.533318930609809 ], [ 176.920260377868203, -39.534005423734399 ], [ 176.920283240030983, -39.534699790626981 ], [ 176.920348041032469, -39.535391260894684 ], [ 176.920421945355656, -39.53608178881813 ], [ 176.920495368212812, -39.536765676345006 ], [ 176.920580131476555, -39.537448262364897 ], [ 176.920634625147983, -39.538143638251917 ], [ 176.92069515666617, -39.538838875072571 ], [ 176.920769058399685, -39.53953056152033 ], [ 176.920883202266083, -39.54021766114478 ], [ 176.920969532340621, -39.540907627665689 ], [ 176.921034885477923, -39.54159894568307 ], [ 176.921142370529651, -39.542285528810162 ], [ 176.958076596347752, -39.615759577526092 ], [ 176.958585713631265, -39.616326750319189 ], [ 176.959095576851155, -39.61689222316565 ], [ 176.959616888780118, -39.617458992220676 ], [ 176.96014912425008, -39.618019356308714 ], [ 176.960697643172068, -39.61856872873669 ], [ 176.961285825230277, -39.619091333532133 ], [ 176.961844037973719, -39.619634156642341 ], [ 176.962375427108555, -39.620195051398738 ], [ 176.962941183098991, -39.620732644395673 ], [ 176.963497380354397, -39.621276648055485 ], [ 176.964076233532808, -39.621805502403106 ], [ 176.964660108046786, -39.622330974408385 ], [ 176.965250533204795, -39.622852035180486 ] ] } },
{ "type": "Feature", "properties": { "group_id": "nzd0295" }, "geometry": { "type": "LineString", "coordinates": [ [ 177.055597300829191, -39.688933229903327 ], [ 177.054960190833583, -39.68942100359402 ], [ 177.054182923906723, -39.689791006850335 ], [ 177.053457488692402, -39.690204558618561 ], [ 177.05273118569221, -39.690617377976679 ], [ 177.052029801788308, -39.691051132818338 ], [ 177.051255217865759, -39.691423376642902 ], [ 177.050543869549472, -39.691848752247807 ], [ 177.049869663651748, -39.692305334719819 ], [ 177.049219166764374, -39.69278183647706 ], [ 177.048590339324676, -39.693276543817504 ], [ 177.04793539186096, -39.693749300164008 ], [ 177.04731583632153, -39.694251792903771 ], [ 177.046673618737969, -39.694735240300737 ], [ 177.04604951798018, -39.69523880659542 ], [ 177.045407500054893, -39.695729684178531 ], [ 177.044823301744287, -39.696258050944422 ], [ 177.044229579313082, -39.696777943862614 ], [ 177.043644027567524, -39.697302739993304 ], [ 177.043086530615483, -39.697844381783263 ], [ 177.04249280076553, -39.698364257907343 ], [ 177.041945244722939, -39.698911862016374 ], [ 177.041417286875827, -39.699471232713137 ], [ 177.040890455815202, -39.70003127601727 ], [ 177.040363743053604, -39.700591386228908 ], [ 177.039837462001572, -39.701151751581662 ], [ 177.039311869885609, -39.701712526564236 ], [ 177.038820809302848, -39.702276776224465 ], [ 177.038266023435142, -39.70281305254197 ], [ 177.037756016837136, -39.703384878641955 ], [ 177.037256601097226, -39.703961426008817 ], [ 177.036777318919633, -39.704546668379201 ], [ 177.036339767994519, -39.705149938434602 ], [ 177.035882299143736, -39.705744596520013 ], [ 177.035465606496274, -39.706356869480672 ], [ 177.035039602230569, -39.706965113588666 ], [ 177.034608281196626, -39.70757105509918 ], [ 177.03420331819359, -39.708188381029792 ], [ 177.033760617720816, -39.708789395057053 ], [ 177.03327928792234, -39.709373711917209 ], [ 177.032803004528319, -39.709960204301076 ], [ 177.032305860664195, -39.710537677648148 ], [ 177.031849193013358, -39.711132635997039 ], [ 177.031424794989249, -39.711741533138522 ], [ 177.0309773980008, -39.712340487160454 ], [ 177.030556580161203, -39.712950921009046 ], [ 177.030145977652353, -39.713565763745663 ], [ 177.0296736566942, -39.714153932691147 ], [ 177.029162069419357, -39.714731398429109 ], [ 177.02867964257365, -39.715320672721994 ], [ 177.028157507604675, -39.715884262527894 ], [ 177.027660921087318, -39.716459970083399 ], [ 177.02715052702311, -39.717028973275198 ], [ 177.02663721853321, -39.71759655759093 ], [ 177.02609973131635, -39.718152405347247 ], [ 177.025584015024549, -39.718718811857372 ], [ 177.025058473474928, -39.719280446282809 ], [ 177.024552258704034, -39.719848597651094 ], [ 177.024058051798249, -39.720420443336685 ], [ 177.023599175457406, -39.721012624844235 ], [ 177.023131154080346, -39.721603749302744 ], [ 177.022650629089441, -39.722189831849484 ], [ 177.022172822403604, -39.722777004153698 ], [ 177.021655382701056, -39.723348206350856 ], [ 177.021212444595534, -39.723949413888811 ], [ 177.020726593332284, -39.724533330025181 ], [ 177.020282950769143, -39.725134243305725 ], [ 177.019812627472675, -39.725724403905623 ], [ 177.019371384996617, -39.726326273476886 ], [ 177.018951581688839, -39.726936773786782 ] ] } },
{ "type": "Feature", "properties": { "group_id": "nzd0296" }, "geometry": { "type": "LineString", "coordinates": [ [ 176.999131114226032, -39.785496258046699 ], [ 176.998807814283566, -39.786144358503599 ], [ 176.998531975249222, -39.786802064616587 ], [ 176.998198567097688, -39.787448105306019 ], [ 176.997858212116228, -39.788092732794802 ], [ 176.997536460417621, -39.78874112158082 ], [ 176.997188567811179, -39.789384209915504 ], [ 176.996880560958431, -39.790035369743798 ], [ 176.996687094439864, -39.79070972023878 ], [ 176.996467009383622, -39.791378673425484 ], [ 176.996290809023236, -39.792056507667866 ], [ 176.996072953310659, -39.792745294647474 ], [ 176.995823065004174, -39.793438402687983 ], [ 176.99566835118074, -39.794124079245243 ], [ 176.995548110982355, -39.79480808334722 ], [ 176.995395079140195, -39.795489424459092 ], [ 176.995220464920465, -39.796169010577991 ], [ 176.995041861007763, -39.796848266751816 ], [ 176.994936910687017, -39.797533482224225 ], [ 176.994816004247184, -39.798224845176641 ], [ 176.994611263959087, -39.798923321234021 ], [ 176.994676405121197, -39.79962686036108 ], [ 176.994662441793139, -39.800316780138594 ], [ 176.994664038139035, -39.801007121158293 ], [ 176.994692050440392, -39.801698182121882 ], [ 176.994657501636112, -39.802387514565801 ], [ 176.994532634247093, -39.803074354779717 ], [ 176.99454827546802, -39.803765054504161 ], [ 176.994503119718217, -39.80445407435262 ], [ 176.994462741695713, -39.805143218755106 ], [ 176.994549200402759, -39.805835846098951 ], [ 176.994477847194219, -39.806524124372466 ], [ 176.994415350848811, -39.807212639439236 ], [ 176.994395897200292, -39.807902331842385 ], [ 176.994358195672305, -39.808591515269462 ], [ 176.994358168018948, -39.80928172824688 ], [ 176.99423524592811, -39.809971572895847 ], [ 176.994256960013843, -39.810673681405987 ], [ 176.994189541084893, -39.811405616072271 ], [ 176.99446113542507, -39.812065453547071 ], [ 176.994601463206209, -39.812748321134535 ], [ 176.994709584207811, -39.813436834157201 ], [ 176.994802798661226, -39.814127956444729 ], [ 176.994970293801032, -39.814806036200288 ], [ 176.995043164262853, -39.815500333556201 ], [ 176.99521728732293, -39.816176546347542 ], [ 176.995415933054261, -39.816848864529959 ], [ 176.995622294108045, -39.817520114505562 ], [ 176.99581747146766, -39.818193294825647 ], [ 176.996085842083119, -39.818853791406234 ], [ 176.996315637552186, -39.819520962520734 ], [ 176.996642577689471, -39.820171301370998 ], [ 176.996895962437151, -39.820834373390255 ] ] } },
{ "type": "Feature", "properties": { "group_id": "nzd0297" }, "geometry": { "type": "LineString", "coordinates": [ [ 176.998232637495363, -39.841019252005665 ], [ 176.99761446668785, -39.8415207194993 ], [ 176.996990447129605, -39.842015855063821 ], [ 176.996454714883754, -39.842534782476022 ], [ 176.995958195633705, -39.84308466336941 ], [ 176.995545209971311, -39.843685864522669 ], [ 176.995119642421429, -39.844298796373792 ], [ 176.994827544713218, -39.844955679942096 ] ] } },
{ "type": "Feature", "properties": { "group_id": "nzd0298" }, "geometry": { "type": "LineString", "coordinates": [ [ 176.98555157686792, -39.85753722481352 ], [ 176.984847646041686, -39.857968250724376 ], [ 176.984129772137919, -39.858401806800394 ], [ 176.983544600289008, -39.858946869549627 ], [ 176.982909689973525, -39.859457179542723 ], [ 176.982280345967212, -39.859968236054272 ], [ 176.981786593199843, -39.860549371074917 ], [ 176.981353491419782, -39.861165322935129 ], [ 176.980995217017693, -39.861809052490436 ], [ 176.980646344948042, -39.862444330740658 ] ] } },
{ "type": "Feature", "properties": { "group_id": "nzd0299" }, "geometry": { "type": "LineString", "coordinates": [ [ 174.818306308518913, -39.863741075184947 ], [ 174.817471722162452, -39.863483768983365 ], [ 174.816646057589026, -39.863206535754344 ], [ 174.815792089781326, -39.862992518159764 ], [ 174.814948987360424, -39.86275423181214 ], [ 174.814109852674221, -39.862507083253206 ], [ 174.813279347256838, -39.862240661971548 ], [ 174.812429559044602, -39.862017306004645 ], [ 174.811579883848907, -39.861793696497891 ], [ 174.810754195630608, -39.861516516681853 ], [ 174.809906339279252, -39.861288843960232 ], [ 174.809050304200099, -39.861079434857494 ], [ 174.808205087297495, -39.860845865565587 ], [ 174.807348359791604, -39.860637999890962 ], [ 174.806514320442233, -39.860379468344505 ], [ 174.80566837313458, -39.860147527695688 ], [ 174.804800494754545, -39.859964558084791 ], [ 174.803965848626376, -39.859707379921829 ], [ 174.803109710641706, -39.859498191233484 ], [ 174.802265913789597, -39.859261444716374 ], [ 174.801407958822551, -39.859056310259781 ], [ 174.800624592292309, -39.858684632985181 ] ] } },
{ "type": "Feature", "properties": { "group_id": "nzd0300" }, "geometry": { "type": "LineString", "coordinates": [ [ 174.873125690331051, -39.876012764497254 ], [ 174.872315507011479, -39.875704333956797 ], [ 174.871490205331071, -39.875428332290454 ], [ 174.870667024962273, -39.875123105685383 ], [ 174.869842857053641, -39.874758170068823 ], [ 174.868955501117398, -39.874565902565067 ], [ 174.868095474168484, -39.874366951548332 ], [ 174.867227112393323, -39.874189883284622 ], [ 174.866366848428328, -39.87399155255229 ], [ 174.865500575704289, -39.87380899666487 ], [ 174.864621801290639, -39.873659261032934 ], [ 174.863741307839859, -39.873514035524359 ], [ 174.862873056369239, -39.873336668472135 ], [ 174.861958527834929, -39.87328023062792 ], [ 174.861114822958172, -39.873035503356576 ], [ 174.860259487314039, -39.872821764857228 ], [ 174.859411948005402, -39.872589639879649 ], [ 174.858538267578638, -39.87242680226656 ], [ 174.857663509597472, -39.872266818376062 ], [ 174.856827969792278, -39.872002889429275 ], [ 174.856010097033248, -39.871692139009753 ], [ 174.855109883501399, -39.871599617595997 ], [ 174.854271519965579, -39.871343175535337 ], [ 174.853455030682682, -39.871028764821872 ], [ 174.852656008136421, -39.870668069000338 ], [ 174.851775671298071, -39.870522866967612 ], [ 174.850859976956116, -39.870471359132182 ], [ 174.849976793734754, -39.870333691604358 ], [ 174.84909599119274, -39.870189712193742 ], [ 174.848256913819796, -39.869935165679841 ], [ 174.847391355915192, -39.869750787931373 ], [ 174.846560499947572, -39.869474458832634 ], [ 174.845702510511757, -39.869257049676463 ], [ 174.844839688412918, -39.869020017971344 ], [ 174.843948410188659, -39.868877347341204 ], [ 174.843083038366927, -39.8686920718255 ], [ 174.842218562293795, -39.868504120632323 ], [ 174.841337304466151, -39.868366291393421 ], [ 174.840468035431115, -39.868192653494809 ], [ 174.8395825403137, -39.86806747480081 ], [ 174.838692482373403, -39.86795591958397 ], [ 174.837825650103724, -39.867774999313141 ], [ 174.83695784272436, -39.867596990552009 ], [ 174.836108754039998, -39.86736308231584 ], [ 174.835251837761916, -39.867152550766626 ], [ 174.834385635962121, -39.866969747813975 ], [ 174.833500038700635, -39.866844860165969 ], [ 174.832611407324634, -39.86672902899096 ], [ 174.831748540463622, -39.866536264070035 ], [ 174.830879829044164, -39.866360950034334 ], [ 174.830004810070449, -39.866204467998315 ], [ 174.829173580847737, -39.865917242215289 ], [ 174.828325935359601, -39.865679033450206 ], [ 174.827436419285874, -39.865565833302895 ], [ 174.826508103933548, -39.865568462760855 ] ] } },
{ "type": "Feature", "properties": { "group_id": "nzd0301" }, "geometry": { "type": "LineString", "coordinates": [ [ 174.969546426501068, -39.932333285859755 ], [ 174.969057720134913, -39.931755406532666 ], [ 174.96853337851158, -39.931195176226986 ], [ 174.968061278425409, -39.930608877720246 ], [ 174.967519244086247, -39.930060763309378 ], [ 174.966993313616484, -39.929502605815173 ], [ 174.966504590032798, -39.928918581156239 ], [ 174.965967272436785, -39.928365461818466 ], [ 174.965414508787234, -39.927822163158325 ], [ 174.96486482338193, -39.927276902297606 ], [ 174.964303024651088, -39.926739342224913 ], [ 174.963769690287165, -39.926183672467303 ], [ 174.963219989252394, -39.925638408946909 ], [ 174.962661246543604, -39.925098892402836 ], [ 174.962088305365569, -39.924568402920059 ], [ 174.961512461143911, -39.924039755753455 ], [ 174.960958955710169, -39.923496895278305 ], [ 174.960380244297255, -39.922970063399212 ], [ 174.959807564842691, -39.922431589865781 ], [ 174.959198620426434, -39.921914856078999 ], [ 174.958606896235352, -39.921391230455939 ], [ 174.958030393076086, -39.920857603844375 ], [ 174.957400565293142, -39.920366185664086 ], [ 174.956779349696092, -39.91986794666002 ], [ 174.956173317723255, -39.919357684955074 ], [ 174.955548488887786, -39.918862299369827 ], [ 174.95493268520832, -39.918359766116595 ], [ 174.95432956961929, -39.917847185692104 ], [ 174.953691774212615, -39.917362054082965 ], [ 174.953047658691446, -39.916881921915355 ], [ 174.952413608778556, -39.91639381846435 ], [ 174.951780749000562, -39.915904769462472 ], [ 174.951129859483501, -39.915429988988976 ], [ 174.950487767290014, -39.914948241213622 ], [ 174.949851479511779, -39.914461895309579 ], [ 174.949211211706341, -39.913978696418958 ], [ 174.948543525612251, -39.913517197556217 ], [ 174.947868463691066, -39.913061533527987 ], [ 174.947219981808928, -39.912584826011148 ], [ 174.946565478525201, -39.912112881282994 ], [ 174.945914426573552, -39.91163820106334 ], [ 174.945283361098177, -39.911147696860887 ], [ 174.944629164707095, -39.910675498611674 ], [ 174.943955130800816, -39.910218999238154 ], [ 174.94331139109255, -39.909737876574845 ], [ 174.942630067129528, -39.909284273133551 ], [ 174.94197812580461, -39.908807112190132 ], [ 174.94133765100338, -39.908322846412162 ], [ 174.940816113773877, -39.907736321737616 ], [ 174.940185722446472, -39.90724338088372 ], [ 174.939580880785257, -39.906728470882122 ], [ 174.938903803264736, -39.906275661980303 ], [ 174.938263896941606, -39.905790892380359 ] ] } },
{ "type": "Feature", "properties": { "group_id": "nzd0302" }, "geometry": { "type": "LineString", "coordinates": [ [ 176.914411812154469, -39.974181124967558 ], [ 176.914208967259242, -39.974859111205056 ], [ 176.913978537351767, -39.975530779225338 ], [ 176.913749049640984, -39.976176527562465 ], [ 176.913479991151718, -39.97682358633142 ], [ 176.913147927105229, -39.977459258091123 ], [ 176.912789424877388, -39.978082710254455 ], [ 176.912363997061789, -39.978689819497397 ], [ 176.911798130067467, -39.979229548339738 ], [ 176.911153689345895, -39.979687667165848 ], [ 176.910473871541399, -39.980118785702864 ], [ 176.909815146780545, -39.980581415221629 ], [ 176.909336185988167, -39.981125393497621 ], [ 176.90897390748529, -39.981750759823129 ], [ 176.908699130198698, -39.982408745213512 ], [ 176.90829487085, -39.983014460415014 ], [ 176.908228556877788, -39.983660434028501 ], [ 176.908165221885355, -39.984324972108489 ], [ 176.908119390384257, -39.985005466105136 ], [ 176.90809610289503, -39.98567142236157 ], [ 176.908100599980685, -39.98636764612376 ] ] } },
{ "type": "Feature", "properties": { "group_id": "nzd0303" }, "geometry": { "type": "LineString", "coordinates": [ [ 175.084090796003636, -40.022451693881848 ], [ 175.08355552700661, -40.021879639151763 ], [ 175.083000015764668, -40.021336991785866 ], [ 175.08245722108478, -40.020788912636768 ], [ 175.081887753296655, -40.020256662639277 ], [ 175.081352328359117, -40.019704199784734 ], [ 175.080840212332333, -40.019137895946507 ], [ 175.080331431337584, -40.018569607940634 ], [ 175.079820257386274, -40.018002735994145 ], [ 175.079320423511405, -40.017429127950166 ], [ 175.078799022371214, -40.016868318157307 ], [ 175.078265892923923, -40.01631446604496 ], [ 175.077753995499023, -40.015748005813862 ], [ 175.077249534486413, -40.015177126765053 ], [ 175.07670139065587, -40.014632174128025 ], [ 175.076136611950631, -40.01409709175946 ], [ 175.075558747900317, -40.013569772564686 ], [ 175.074985041607363, -40.013039980767161 ], [ 175.074403213249639, -40.01251500583318 ], [ 175.07377609260098, -40.012016912371053 ], [ 175.073199136667199, -40.011489036045759 ], [ 175.072625373827321, -40.01095925977377 ], [ 175.072076916765809, -40.010414457314255 ], [ 175.071517538771872, -40.009876133141255 ], [ 175.071001862571308, -40.009311862836491 ], [ 175.070485878832926, -40.008747770650906 ], [ 175.06994960695377, -40.00819357109291 ], [ 175.069358880520042, -40.007668204953006 ], [ 175.068809219521853, -40.007118642098021 ], [ 175.068227323269952, -40.006594556790176 ], [ 175.067639564080423, -40.006074300495669 ], [ 175.067080674231761, -40.005535165446325 ], [ 175.066519363423538, -40.004997609095874 ], [ 175.065962579015718, -40.00445708930485 ], [ 175.065348142842822, -40.003954257669683 ], [ 175.064740586426069, -40.003446923887907 ], [ 175.064138070746225, -40.002936290321017 ], [ 175.063515627932588, -40.002438680655395 ], [ 175.062926707336572, -40.001919150404468 ], [ 175.062329181386531, -40.001405242038039 ], [ 175.061759043959484, -40.000873423339613 ], [ 175.061157268336729, -40.000362285006837 ], [ 175.060594395996844, -39.99982570826014 ], [ 175.059996196496883, -39.999312223600306 ], [ 175.059419648543781, -39.998784579435856 ], [ 175.058873200031002, -39.998237252773208 ], [ 175.058304370031692, -39.997704554540242 ], [ 175.057735825242247, -39.997171665722242 ], [ 175.057205577184817, -39.996613735264162 ], [ 175.056673972464125, -39.99605668766668 ], [ 175.056111288423722, -39.995519749407102 ], [ 175.055532706534592, -39.994992979895486 ], [ 175.05492512852183, -39.994485563546604 ], [ 175.054345792467274, -39.993959659824029 ], [ 175.053762608235871, -39.993436298218427 ], [ 175.053202129855464, -39.992897908838003 ], [ 175.052619266793556, -39.992374326550809 ], [ 175.052049592263046, -39.991842013792166 ], [ 175.05148117869453, -39.991308862625907 ], [ 175.050882568089776, -39.990795687622118 ], [ 175.050305361532651, -39.990268346265331 ], [ 175.0497393131607, -39.989733617894252 ], [ 175.049154322726707, -39.989211418646832 ], [ 175.048537457345191, -39.988710305605558 ], [ 175.047987188193446, -39.988165124546029 ], [ 175.047420837276405, -39.987630580039237 ], [ 175.046843317229673, -39.987103421580485 ], [ 175.0462698990045, -39.986573545043903 ], [ 175.045656607976184, -39.986070046409026 ], [ 175.045083185844192, -39.985540164262872 ], [ 175.04450778751152, -39.985011585591856 ], [ 175.043903396364385, -39.984502185941963 ], [ 175.043317609335617, -39.983980476754482 ], [ 175.042740994040798, -39.983453163730879 ], [ 175.042177558836215, -39.982915631991936 ], [ 175.041626727221342, -39.982368722185079 ], [ 175.041029251235472, -39.981854711368669 ], [ 175.040409271304412, -39.981356570851247 ], [ 175.039793371890624, -39.98085554803189 ], [ 175.039198972908338, -39.980339355071045 ], [ 175.038574423158224, -39.979844426307139 ], [ 175.037980959290991, -39.979327565972341 ], [ 175.0373878809541, -39.978810429831888 ], [ 175.036755052923183, -39.978321328712383 ], [ 175.03613763375651, -39.977821354448722 ], [ 175.035485136287633, -39.977346119854268 ], [ 175.034892467303479, -39.976828679398132 ], [ 175.034281276970233, -39.976329900108801 ], [ 175.033657927860162, -39.975846341868859 ], [ 175.032976369023743, -39.975403338158713 ], [ 175.032357987939577, -39.974897838378773 ] ] } },
{ "type": "Feature", "properties": { "group_id": "nzd0304" }, "geometry": { "type": "LineString", "coordinates": [ [ 176.890958264007793, -40.021675619091397 ], [ 176.890743150813933, -40.022357925181417 ], [ 176.890264898662849, -40.022945664996726 ], [ 176.889848082474714, -40.02355547666324 ], [ 176.889305354279088, -40.024123570954906 ], [ 176.888840883877378, -40.024723155348596 ], [ 176.888514279742253, -40.025364734342453 ], [ 176.888179908779648, -40.026003070903592 ], [ 176.887894462361885, -40.026657353307428 ] ] } },
{ "type": "Feature", "properties": { "group_id": "nzd0305" }, "geometry": { "type": "LineString", "coordinates": [ [ 176.884143533479062, -40.034714582015965 ], [ 176.883914637319407, -40.035382756292307 ], [ 176.883649494992284, -40.036046464143766 ], [ 176.883405627968131, -40.036703382968057 ], [ 176.883201942788475, -40.037353931485647 ], [ 176.882911447619449, -40.038000778546348 ], [ 176.88270725602726, -40.038681993043426 ], [ 176.882466517316487, -40.039353087422974 ], [ 176.882275482749321, -40.040019476464082 ], [ 176.882151220463584, -40.04070133281617 ], [ 176.881982541990794, -40.041380558631211 ], [ 176.881871298472845, -40.042065982803926 ], [ 176.881642464572508, -40.042732831649303 ], [ 176.881337599230335, -40.043380019535988 ], [ 176.88106259198247, -40.044026765838325 ], [ 176.880866099784299, -40.044699095681658 ], [ 176.880590931195854, -40.045363553104899 ], [ 176.880376181642333, -40.046040691391717 ], [ 176.880238110745097, -40.046720007516022 ], [ 176.880124626567493, -40.047402551385844 ], [ 176.880006297896188, -40.048089846094051 ], [ 176.880009577271466, -40.048782863040898 ], [ 176.879974731349733, -40.049470702750369 ], [ 176.879886399221732, -40.050157293081668 ], [ 176.879808884115732, -40.050843977035136 ], [ 176.879833069455543, -40.051531739064608 ], [ 176.879789131465998, -40.05221961601714 ], [ 176.879763289719506, -40.052907941504216 ], [ 176.879603270673556, -40.053597049085724 ], [ 176.879567037910277, -40.054284822624716 ], [ 176.879640711565116, -40.054971410930904 ], [ 176.879734297209268, -40.055659351119765 ], [ 176.879815663972153, -40.05634495397625 ], [ 176.879870940676454, -40.057032845095826 ], [ 176.879732240103891, -40.057738881470939 ], [ 176.879857397099101, -40.058419518091775 ], [ 176.879918118542804, -40.059106348876675 ], [ 176.880100295532287, -40.059781484338714 ] ] } },
{ "type": "Feature", "properties": { "group_id": "nzd0307" }, "geometry": { "type": "LineString", "coordinates": [ [ 175.19081115373271, -40.161134441201206 ], [ 175.190480342262816, -40.160496267998894 ], [ 175.190182929373435, -40.159848029546446 ], [ 175.189929102301392, -40.159186657505259 ], [ 175.189609583048536, -40.158545064964095 ], [ 175.189284998141119, -40.157904992053993 ], [ 175.188962488732301, -40.157264287948323 ], [ 175.188656130054397, -40.156618713337707 ], [ 175.188294508399935, -40.155989777257624 ], [ 175.187993672484822, -40.155342527084613 ], [ 175.187651202481078, -40.154707810592662 ], [ 175.187376210300897, -40.154052764336221 ], [ 175.187089547911881, -40.153401226904208 ], [ 175.186822858121417, -40.152743667737305 ], [ 175.186529958753653, -40.152093996571509 ], [ 175.18621385569304, -40.151451308113607 ], [ 175.185902920860116, -40.150805879030244 ], [ 175.185543026511084, -40.150174671185141 ], [ 175.185227882225377, -40.14953159220682 ], [ 175.184926375643101, -40.148884732555089 ], [ 175.184621009224855, -40.148238986452888 ], [ 175.184241310920385, -40.14761479710873 ], [ 175.183898978078389, -40.146979762328122 ], [ 175.183540520326858, -40.146349399091584 ], [ 175.183222708055496, -40.145707238915229 ], [ 175.182961976775118, -40.145048513964866 ], [ 175.182692794276107, -40.144392234428764 ], [ 175.182434034706404, -40.143732925082041 ], [ 175.182117874531258, -40.14309026105046 ], [ 175.181818476544521, -40.142442728283356 ], [ 175.181530367724463, -40.141791914443338 ], [ 175.181182503854814, -40.141158429062692 ], [ 175.180886714546631, -40.140513470872115 ], [ 175.180573411444954, -40.139878484775167 ], [ 175.180277606722939, -40.139232848670801 ], [ 175.17996206030648, -40.138588860297659 ], [ 175.179641766976033, -40.137946457860785 ], [ 175.179308275443418, -40.137308475537196 ], [ 175.178995768669267, -40.13666344997204 ], [ 175.178696785401144, -40.136013883274842 ], [ 175.178392933882094, -40.135365943189768 ], [ 175.17809876874739, -40.134714748731625 ], [ 175.17777162336111, -40.134074608473789 ], [ 175.177437613643065, -40.133436764296619 ], [ 175.177117273360835, -40.132794330022641 ], [ 175.176804531751344, -40.132149341511123 ], [ 175.176415579533199, -40.131529905102902 ], [ 175.176076933140507, -40.130893592209276 ], [ 175.175691718416431, -40.130272890623139 ], [ 175.175305235850573, -40.129652608338866 ], [ 175.174927203816253, -40.129029486189673 ], [ 175.174549147220631, -40.128406366392461 ], [ 175.1741610143402, -40.127786619910388 ], [ 175.17378458755914, -40.127162941767487 ], [ 175.173444105440666, -40.126528643351108 ], [ 175.173059792522821, -40.125912010215956 ], [ 175.172696451337373, -40.12528615610065 ], [ 175.172332476043209, -40.124657885213075 ], [ 175.171933139403762, -40.124042657334122 ], [ 175.171519283860903, -40.123432781391905 ], [ 175.171110022008691, -40.122821204623989 ], [ 175.170703289779851, -40.122209315179553 ], [ 175.17029456739391, -40.121603014193362 ], [ 175.169894758995866, -40.120992677868287 ], [ 175.169499462921067, -40.120375716325391 ], [ 175.169151621142504, -40.119739869554749 ], [ 175.168755497413855, -40.119123226141078 ], [ 175.168381180581918, -40.118497901270885 ], [ 175.167951559414803, -40.117894573720591 ], [ 175.167556723358501, -40.117277401321303 ], [ 175.167198326230334, -40.116645726041568 ], [ 175.166804979269784, -40.116027950052491 ], [ 175.166433528956162, -40.115401456830746 ], [ 175.166056525919942, -40.114777167190169 ], [ 175.16564627088303, -40.114166101449513 ], [ 175.165270078129396, -40.113541478283707 ], [ 175.164956424610693, -40.112891967848519 ], [ 175.164631599526643, -40.11224689638437 ], [ 175.164212204929527, -40.111639444627095 ], [ 175.16382901109418, -40.111017584501298 ], [ 175.163421220484366, -40.110405504880127 ], [ 175.163040710266245, -40.109782565907892 ], [ 175.162677687837345, -40.109152663629871 ], [ 175.162303178857172, -40.108527102305345 ], [ 175.161893560317367, -40.107914959614206 ], [ 175.161492224508635, -40.107298793082968 ], [ 175.16110775863703, -40.10667588792802 ], [ 175.1606946339746, -40.106065367265089 ], [ 175.160276759967076, -40.105456894489194 ], [ 175.159842009898824, -40.104855712298892 ], [ 175.159428307496029, -40.104245425297627 ], [ 175.158999337748554, -40.103641733402348 ], [ 175.158583219665786, -40.103032480024652 ], [ 175.158213131973696, -40.102403321048214 ], [ 175.157758611821322, -40.101810659214649 ], [ 175.1573746117285, -40.101187504175229 ], [ 175.156949618623656, -40.100582066224931 ], [ 175.156504795815579, -40.099985195887783 ], [ 175.156128487279403, -40.099357306276218 ], [ 175.155693907511647, -40.098751092178034 ], [ 175.155300957527061, -40.098126061548975 ], [ 175.154877293887324, -40.097518915533861 ], [ 175.154442780247422, -40.096916835456483 ], [ 175.154002156281848, -40.096317606080966 ], [ 175.153518658761868, -40.095738410016033 ], [ 175.153099135448969, -40.095129308176389 ], [ 175.152684983043912, -40.094517690849393 ], [ 175.152249703596055, -40.093915942835658 ], [ 175.151801540279479, -40.09332021141195 ], [ 175.151361785374263, -40.092720544833135 ], [ 175.150919722124598, -40.092121951978967 ], [ 175.150451368241193, -40.091535641910816 ], [ 175.149977828008531, -40.090951750730866 ] ] } },
{ "type": "Feature", "properties": { "group_id": "nzd0308" }, "geometry": { "type": "LineString", "coordinates": [ [ 176.864693799115685, -40.135197562472406 ], [ 176.864036714421417, -40.13566965927189 ] ] } },
{ "type": "Feature", "properties": { "group_id": "nzd0309" }, "geometry": { "type": "LineString", "coordinates": [ [ 175.219487694361533, -40.272665296986439 ], [ 175.219408097979368, -40.271981509384787 ], [ 175.21931106710133, -40.271299687736878 ], [ 175.219169305858145, -40.270622920749084 ], [ 175.219035728140454, -40.269945220925699 ], [ 175.218914239113076, -40.269266146372338 ], [ 175.218781831655349, -40.268588300478328 ], [ 175.218685508408214, -40.267906364606098 ], [ 175.218593715394263, -40.267223909264544 ], [ 175.218494965037621, -40.266542234167439 ], [ 175.218387939006107, -40.265861457415916 ], [ 175.218226070573678, -40.26518696510017 ], [ 175.218152751997195, -40.264502269121486 ], [ 175.21806594859865, -40.263819119990394 ], [ 175.21794641019784, -40.263139735726632 ], [ 175.217761257116479, -40.262467904727508 ], [ 175.217615595025165, -40.261791516784406 ], [ 175.217465769034931, -40.261115601784503 ], [ 175.217317365912322, -40.260439516025194 ], [ 175.217177534263072, -40.25976243585049 ], [ 175.217029434922296, -40.259086319892795 ], [ 175.216938879795975, -40.258404204168727 ], [ 175.216795448263326, -40.257728202421099 ], [ 175.216664214068743, -40.257050015111481 ], [ 175.216483057795784, -40.256378087218849 ], [ 175.216393881891008, -40.255694607162404 ], [ 175.21627793871491, -40.255014480120344 ], [ 175.216160550545652, -40.254334527646854 ], [ 175.216022304739994, -40.253657186446262 ], [ 175.215814862914925, -40.252988524019656 ], [ 175.215707075896432, -40.252307346017695 ], [ 175.215622470229079, -40.251623251431113 ], [ 175.215464535107941, -40.250948765151456 ], [ 175.2153106438885, -40.250274470859601 ], [ 175.215154884132147, -40.249599986161364 ], [ 175.215030959681712, -40.248920450440025 ], [ 175.214901519546942, -40.248241667489573 ], [ 175.21476318930948, -40.247564102002436 ], [ 175.214596010472718, -40.246890502440657 ], [ 175.214449998670545, -40.246213981241681 ], [ 175.214296537269746, -40.245538479153332 ], [ 175.214164646851799, -40.24485999978269 ], [ 175.214067855447553, -40.244176680159057 ], [ 175.213929123984315, -40.243499129306834 ], [ 175.213818007933327, -40.242817768744672 ], [ 175.213641816664392, -40.242144089343306 ], [ 175.213522778756584, -40.241462892941477 ], [ 175.213400058407927, -40.240783370540541 ], [ 175.21328724126613, -40.240103062394276 ], [ 175.213118228205843, -40.239428976168568 ], [ 175.212989985519499, -40.23875036413375 ], [ 175.212853446428056, -40.238072664843003 ], [ 175.212755914249385, -40.237390635196526 ], [ 175.212663669086368, -40.236708012690848 ], [ 175.212519277434382, -40.236031163298371 ], [ 175.212388817841145, -40.235352762840243 ], [ 175.212285955792254, -40.23467129661784 ], [ 175.21210902714239, -40.234002807849087 ], [ 175.211984370374722, -40.233328868354597 ], [ 175.211808731468295, -40.232657397232224 ], [ 175.211646072103918, -40.231982939536969 ], [ 175.211444570859385, -40.231314433946658 ], [ 175.21134672554038, -40.230630019523389 ], [ 175.211230266883518, -40.229948453844571 ], [ 175.211129209178864, -40.229264518663861 ], [ 175.211028572783988, -40.22858051205241 ], [ 175.21093447996256, -40.227895494752069 ], [ 175.210815539115345, -40.22721428276575 ], [ 175.210682656417191, -40.226535202945684 ], [ 175.210462099878271, -40.225869567143093 ], [ 175.210291771497111, -40.225196218734503 ], [ 175.210146450637978, -40.224519026996717 ], [ 175.21005422286072, -40.223833683021873 ], [ 175.209935332090993, -40.223152422882983 ], [ 175.209753911828102, -40.222480753529865 ], [ 175.209585212545477, -40.221807824413418 ], [ 175.209444929267391, -40.221130911117733 ], [ 175.209268998293226, -40.220458289378747 ], [ 175.209115767977266, -40.219782480673707 ], [ 175.208908423394405, -40.219114246285002 ], [ 175.208764495377437, -40.21843712088976 ], [ 175.208596852288537, -40.217763311075508 ], [ 175.208446907646731, -40.217087015062695 ], [ 175.208250992680775, -40.21641715247506 ], [ 175.208064351976873, -40.21574598386907 ], [ 175.207859439682011, -40.215077368254029 ], [ 175.207767597141867, -40.214392905476501 ], [ 175.20763739604692, -40.213713809731914 ], [ 175.207514125527211, -40.213033860304961 ], [ 175.207390522212251, -40.212353977629178 ], [ 175.207283986946237, -40.211670480713643 ], [ 175.207004787069053, -40.211014245146949 ], [ 175.206781593168841, -40.210349099519497 ], [ 175.206566675340525, -40.209682631545903 ], [ 175.206360749330656, -40.209014727445194 ], [ 175.206157140881345, -40.208346448232064 ], [ 175.20601543837418, -40.207668321052047 ], [ 175.205825924913455, -40.206997787756372 ], [ 175.205641781602708, -40.206326394066892 ], [ 175.205499741375007, -40.205648300451621 ], [ 175.205330139048527, -40.204974581746136 ], [ 175.20520174113318, -40.20429430592678 ], [ 175.20504831716039, -40.203618001866801 ], [ 175.20490526189127, -40.202940042730695 ], [ 175.204752754910828, -40.202263579460329 ], [ 175.204564045303215, -40.201592864815112 ], [ 175.204399123547262, -40.200918361786577 ], [ 175.204235521542415, -40.200243642246036 ], [ 175.204048983216722, -40.199572562340848 ], [ 175.203821617127346, -40.198909985820528 ], [ 175.203652425070032, -40.198238350623726 ], [ 175.203448889844225, -40.197570682739794 ], [ 175.203244729619627, -40.196902576459962 ], [ 175.203042652349524, -40.196234085595087 ], [ 175.202794793647001, -40.195573895536597 ], [ 175.202569115871512, -40.194909673960822 ], [ 175.202321168693203, -40.194249486743956 ], [ 175.202106132611306, -40.193583320932653 ], [ 175.201939607047166, -40.192908345853994 ], [ 175.201809536126262, -40.192226749071551 ], [ 175.201658738601367, -40.19154890664462 ], [ 175.201500880770681, -40.190872130502477 ], [ 175.201292367223147, -40.19020424848857 ], [ 175.201124767277435, -40.189529292050651 ], [ 175.200938432840786, -40.188857945843992 ], [ 175.200820490462974, -40.188174447977026 ], [ 175.200656294063975, -40.187499157184902 ], [ 175.200520535938949, -40.186818809629656 ], [ 175.20037542364733, -40.186140116501264 ], [ 175.200169295561324, -40.185472252026145 ], [ 175.199992657150744, -40.184799144069373 ], [ 175.199830958333592, -40.184123376440681 ], [ 175.199615471361852, -40.183457154055318 ], [ 175.199386339063722, -40.182793348234924 ], [ 175.199175552614776, -40.182126308235283 ], [ 175.198957754070875, -40.181463767354025 ], [ 175.198706076527941, -40.180808328248503 ], [ 175.198467321981497, -40.180146719613987 ], [ 175.198238751614042, -40.179482842035974 ], [ 175.198021369435565, -40.178816472449377 ], [ 175.197791523176164, -40.178152865372276 ], [ 175.197593148681193, -40.177482260103389 ], [ 175.197403454606871, -40.176809719881646 ], [ 175.197199965433185, -40.176140237857204 ], [ 175.196962179029839, -40.175478368838277 ], [ 175.196714864787566, -40.174818610075398 ], [ 175.196428262222099, -40.174167573211179 ], [ 175.196150468005413, -40.173514942097704 ], [ 175.195911476375301, -40.172853874057232 ], [ 175.195651967944571, -40.172197098632076 ], [ 175.195355562528249, -40.171548631892826 ], [ 175.195126267886678, -40.170884553082139 ], [ 175.194877635251601, -40.170224964631799 ], [ 175.194604458298528, -40.169571077233556 ], [ 175.194281713989454, -40.168928709686419 ], [ 175.194003259217226, -40.168276036789941 ], [ 175.193741482315346, -40.167619479269511 ], [ 175.193464418800858, -40.166966470056543 ], [ 175.193200988239738, -40.166310284268668 ], [ 175.192887018269346, -40.165665844408629 ], [ 175.192577969225084, -40.165034656161524 ], [ 175.192257939355756, -40.164410746679167 ], [ 175.191991693474989, -40.163755563209868 ], [ 175.191687985449278, -40.163109251498803 ], [ 175.191427663904022, -40.162449866406973 ], [ 175.191168059670275, -40.161790259090175 ] ] } },
{ "type": "Feature", "properties": { "group_id": "nzd0310" }, "geometry": { "type": "LineString", "coordinates": [ [ 176.776345930031056, -40.218004374948002 ], [ 176.775466922581131, -40.218170346272728 ], [ 176.774595023170917, -40.21835025774925 ], [ 176.773715424855311, -40.218515064532923 ], [ 176.77283492614194, -40.218678102148587 ], [ 176.771959730168277, -40.218851539097486 ], [ 176.771080678464614, -40.21901740958738 ], [ 176.770218059902191, -40.219215514903652 ], [ 176.769361965325942, -40.219426417028536 ], [ 176.768521845788257, -40.219668657693376 ], [ 176.767663651072041, -40.219875437361431 ], [ 176.766823470079657, -40.220117556010621 ], [ 176.76600660464112, -40.220405416774902 ], [ 176.765204633706844, -40.220722500048126 ], [ 176.764351529082433, -40.220939263593124 ], [ 176.763546659654025, -40.221250661912855 ], [ 176.76272430361783, -40.221527753013653 ], [ 176.761898955534264, -40.221798974152662 ], [ 176.76108515648437, -40.222092855341124 ], [ 176.76024446304632, -40.222333968781726 ], [ 176.759425466984482, -40.222617654111865 ], [ 176.758590565266218, -40.222870131240754 ], [ 176.757776337209947, -40.223163173034152 ], [ 176.756958205650164, -40.223448556375068 ], [ 176.756136690025329, -40.223727300209688 ], [ 176.755316871464771, -40.22402705532302 ], [ 176.754494999446905, -40.22434699911998 ], [ 176.753659608568341, -40.224643962157444 ], [ 176.752840798196758, -40.224935878297131 ], [ 176.752026168224518, -40.225233008989463 ], [ 176.751215987095378, -40.225535689396779 ], [ 176.750421125366785, -40.225857486311362 ], [ 176.749589191390896, -40.226133013966837 ], [ 176.748793174361509, -40.226453364551077 ], [ 176.748008610260058, -40.226788006889272 ], [ 176.74720571697722, -40.227099771478485 ], [ 176.746386220816078, -40.227390812280383 ], [ 176.745582082460572, -40.227701018312416 ], [ 176.74481815893219, -40.228061413910751 ], [ 176.744017822476593, -40.228376361053321 ], [ 176.743253754785428, -40.22873657347899 ], [ 176.742458103648687, -40.229057364528124 ], [ 176.741706296781615, -40.22943287682898 ], [ 176.740928943342084, -40.229776502251738 ], [ 176.740196732694727, -40.230176470723698 ], [ 176.739458419746796, -40.230568821616366 ], [ 176.738714331773764, -40.230953963293793 ], [ 176.737942246954844, -40.23130415910147 ], [ 176.737209646751012, -40.23170363699932 ] ] } },
{ "type": "Feature", "properties": { "group_id": "nzd0311" }, "geometry": { "type": "LineString", "coordinates": [ [ 175.215795677469032, -40.454058984662495 ], [ 175.215935667294843, -40.453384495450209 ], [ 175.216063044032182, -40.4527101229503 ], [ 175.216220357176496, -40.45203792371975 ], [ 175.216355889104193, -40.451362258527475 ], [ 175.216485258379066, -40.450685891072773 ], [ 175.216628573066032, -40.450011090636423 ], [ 175.216754631356395, -40.449334335950688 ], [ 175.2168837685509, -40.448657921944928 ], [ 175.216985003827858, -40.447978352226258 ], [ 175.217114586048666, -40.447301974848756 ], [ 175.217249855406237, -40.446626232523492 ], [ 175.217359428664707, -40.445947559854986 ], [ 175.217462558811235, -40.445268506608123 ], [ 175.217587015038816, -40.444591606113384 ], [ 175.217748919116474, -40.443917758139229 ], [ 175.217868747853203, -40.443240187248456 ], [ 175.218035910421406, -40.442566790079859 ], [ 175.218160309029173, -40.441889609160334 ], [ 175.218283514305995, -40.441212316016532 ], [ 175.218430203926687, -40.440537090215322 ], [ 175.218545203234612, -40.439859058657341 ], [ 175.218658093858608, -40.439180834019936 ], [ 175.218800897283216, -40.438505244522077 ], [ 175.218925776584598, -40.437828065098756 ], [ 175.21907134266209, -40.437152705969027 ], [ 175.219217236900647, -40.43647736900764 ], [ 175.219352029633541, -40.435801044707148 ], [ 175.21948078081104, -40.435124179972554 ], [ 175.219638303857806, -40.434449849661419 ], [ 175.219766211736271, -40.433772905127576 ], [ 175.219777916923334, -40.433085688654849 ], [ 175.219914139524406, -40.432409464252331 ], [ 175.22002299514952, -40.431730808646918 ], [ 175.220160964058181, -40.431054720914076 ], [ 175.220370450448115, -40.430384951194739 ], [ 175.22052402108821, -40.429710229619673 ], [ 175.220584406661203, -40.42902726014033 ], [ 175.220641132538702, -40.428343960088377 ], [ 175.220749118898027, -40.427665186596691 ], [ 175.220848491881696, -40.42698564449293 ], [ 175.220947707490581, -40.426306081619252 ], [ 175.221035703591497, -40.425625519621981 ], [ 175.221190597343565, -40.424950867328143 ], [ 175.221332715974114, -40.424275078364794 ], [ 175.221427102483347, -40.423595061038576 ], [ 175.221518422787881, -40.422914765669404 ], [ 175.221634160687415, -40.422236623026151 ], [ 175.221731594441962, -40.421556854650866 ], [ 175.221851249923958, -40.420879044821071 ], [ 175.221970545575431, -40.420201196335285 ], [ 175.222057818098506, -40.419520508706789 ], [ 175.222116224392693, -40.418837261085812 ], [ 175.222244257739106, -40.418159688608405 ], [ 175.222340182654875, -40.417478908884661 ], [ 175.222404324343842, -40.416796720610378 ], [ 175.222512964926551, -40.416116932402701 ], [ 175.222608364577326, -40.415436449785346 ], [ 175.222702368425303, -40.41475588779879 ], [ 175.222759850170291, -40.414073422536156 ], [ 175.222867835137293, -40.413393572718284 ], [ 175.222985017351959, -40.4127141935707 ], [ 175.22308539293968, -40.412033934857625 ], [ 175.223165103405847, -40.411352596222827 ], [ 175.223250678113914, -40.410671555188713 ], [ 175.223328208331253, -40.409990807527329 ], [ 175.223422959660951, -40.409314002557046 ], [ 175.223506741741005, -40.408635688736595 ], [ 175.223613566453878, -40.407956599822406 ], [ 175.223711894988469, -40.407276777068432 ], [ 175.223760772022843, -40.406592715991977 ], [ 175.223853932763546, -40.405912437298738 ], [ 175.223928489997263, -40.405230559850736 ], [ 175.224003388439485, -40.404548704713612 ], [ 175.224056559946149, -40.403864983488162 ], [ 175.22413820624223, -40.40318369199067 ], [ 175.224222337825324, -40.402502606290405 ], [ 175.224280975984755, -40.401819332153067 ], [ 175.224344992450682, -40.401144987144143 ], [ 175.22444349803223, -40.400472082809095 ], [ 175.224477488830132, -40.399789111840626 ], [ 175.224528856902367, -40.399105551147002 ], [ 175.224599135048919, -40.398422171017934 ], [ 175.224768022488092, -40.397739761652261 ], [ 175.224768053798726, -40.397055671135043 ], [ 175.224808677452501, -40.396371976138163 ], [ 175.224840176277695, -40.395688183725426 ], [ 175.224903901438211, -40.39500470389725 ], [ 175.224966268937663, -40.394321203663552 ], [ 175.225038485724809, -40.393639079257802 ], [ 175.225058979637566, -40.392957581361067 ], [ 175.225089831909912, -40.392274667237608 ], [ 175.225150113048102, -40.391592103479219 ], [ 175.22519593734151, -40.390908868958412 ], [ 175.225296093590089, -40.390228122405105 ], [ 175.225382761766014, -40.389546749587922 ], [ 175.225463516016333, -40.388865098303256 ], [ 175.225528394814148, -40.388182711115803 ], [ 175.225555593485495, -40.387498586728924 ], [ 175.227131906760803, -40.349220275920011 ], [ 175.227099680804571, -40.348536122659446 ], [ 175.22710979458185, -40.347851263301571 ], [ 175.227059561061594, -40.34716739348049 ], [ 175.227103583978021, -40.346481960304899 ], [ 175.227086659641913, -40.345797526569228 ], [ 175.227078646331506, -40.345112938739796 ], [ 175.227098797983388, -40.344427878892049 ], [ 175.227038915308725, -40.343744133637642 ], [ 175.226929510697317, -40.34306119905991 ], [ 175.226900025312631, -40.342376937935569 ], [ 175.226896181351435, -40.341692246502603 ], [ 175.226881660296669, -40.341007724403603 ], [ 175.226888472201694, -40.340322843140207 ], [ 175.226874136961243, -40.339638304073866 ], [ 175.226829004613876, -40.338957324316318 ], [ 175.226793763535596, -40.338279018253068 ], [ 175.226769996061762, -40.337597024197521 ], [ 175.226762699815907, -40.336911699952559 ], [ 175.226717832954336, -40.336227901459246 ], [ 175.226713099331334, -40.335542458788915 ], [ 175.226686691985776, -40.33485789335883 ], [ 175.22664123225249, -40.334174098235152 ], [ 175.226626059147009, -40.333489060622398 ], [ 175.226604373175348, -40.3328042817624 ], [ 175.226567340659045, -40.332120122030631 ], [ 175.226558742377819, -40.331434795371472 ], [ 175.226632900564084, -40.330746085621549 ], [ 175.22656512634498, -40.3300631592247 ], [ 175.226488175145903, -40.329380600261025 ], [ 175.226414498525827, -40.328697900753319 ], [ 175.226322254042316, -40.328015951769025 ], [ 175.22626053686065, -40.327332750466226 ], [ 175.226195087013821, -40.32664969448912 ], [ 175.226147020453766, -40.325965922425617 ], [ 175.226127895044783, -40.325280962786415 ], [ 175.226048300876755, -40.324598603671113 ], [ 175.226023733715266, -40.323924332472416 ], [ 175.225944406126729, -40.323252544105515 ] ] } },
{ "type": "Feature", "properties": { "group_id": "nzd0312" }, "geometry": { "type": "LineString", "coordinates": [ [ 176.603883689195129, -40.490943049469415 ], [ 176.602971438197471, -40.490968415478555 ], [ 176.601994824400833, -40.490772009293728 ], [ 176.601105691422305, -40.490877011860526 ], [ 176.600246053680934, -40.491083646466983 ], [ 176.599405706068978, -40.491356755980391 ], [ 176.598413174938713, -40.491105454677239 ], [ 176.597534878233745, -40.491247790655457 ], [ 176.596651196459248, -40.491371569157188 ], [ 176.595746572900026, -40.491423175492038 ], [ 176.594908620503304, -40.491704552057826 ], [ 176.594062322749238, -40.491957174430077 ], [ 176.59324783133377, -40.492319425245761 ], [ 176.592408464943958, -40.492595952952868 ], [ 176.591461985967243, -40.492503300239179 ], [ 176.590546923752669, -40.492518922148079 ], [ 176.589620267106483, -40.492494570944515 ], [ 176.588888049825044, -40.493140454220445 ], [ 176.587981381966529, -40.493235077057349 ], [ 176.587068501320431, -40.493327292048335 ], [ 176.586172955156201, -40.493429170646593 ], [ 176.539852167530938, -40.506331530244395 ], [ 176.539035648356077, -40.506619108703603 ], [ 176.538225349116743, -40.506915387704943 ], [ 176.53741549091211, -40.507212282060131 ], [ 176.53664702492361, -40.507567088375374 ], [ 176.535849917232298, -40.507881819841444 ], [ 176.535035868854578, -40.508172847072686 ], [ 176.534270211314293, -40.508531580025554 ], [ 176.533480952109329, -40.508857289114651 ], [ 176.532726636492725, -40.509231890176558 ], [ 176.531942298070391, -40.509571950308739 ], [ 176.531160100266163, -40.509920200021391 ], [ 176.53037161274716, -40.510265485133303 ], [ 176.529605451516517, -40.510628610234733 ], [ 176.528829289307453, -40.510981949672981 ], [ 176.528067517480054, -40.511349362542404 ], [ 176.527378243303389, -40.511787689053605 ], [ 176.526660773205037, -40.512198432331061 ], [ 176.525958918191947, -40.512624447839173 ], [ 176.525239120779361, -40.513032909798945 ], [ 176.524543545188834, -40.513465063247992 ], [ 176.523857805685424, -40.513906836203013 ], [ 176.523168759737558, -40.514345372589489 ], [ 176.52248530876011, -40.514789379865 ], [ 176.521727302702686, -40.515160453843052 ], [ 176.52097832523566, -40.515540357004824 ], [ 176.520214883956413, -40.51590610850603 ], [ 176.519505767567807, -40.51632499971187 ], [ 176.518790740278945, -40.516738106309681 ], [ 176.518114929040649, -40.517190339363495 ], [ 176.517428137586364, -40.517633085411319 ], [ 176.516670612184697, -40.518009350047919 ], [ 176.515815602698893, -40.518294115770338 ], [ 176.515009352235268, -40.518623848201585 ], [ 176.51429890123913, -40.519041934706252 ], [ 176.51353436244645, -40.519410132111169 ], [ 176.512807819981475, -40.519813371463037 ], [ 176.512118197190006, -40.52025066022513 ], [ 176.511454910364222, -40.520712237024995 ], [ 176.510788349997171, -40.521170792131748 ], [ 176.510103325192347, -40.521612314374146 ], [ 176.509434354337259, -40.522068641342472 ], [ 176.508824212834355, -40.522579226701595 ], [ 176.508176958452509, -40.523055579020706 ], [ 176.507480444255748, -40.523486494452278 ], [ 176.506744833208785, -40.523881346332082 ], [ 176.505955634227064, -40.524226768156936 ], [ 176.505170158739674, -40.524575620917439 ], [ 176.504460867885086, -40.524994740583068 ], [ 176.503743257988845, -40.525406184345016 ], [ 176.503081963072333, -40.52586344186733 ], [ 176.502441989462454, -40.526337943962659 ], [ 176.501832502820179, -40.526853375769292 ], [ 176.501138766808765, -40.527288011865473 ], [ 176.500400685115039, -40.527677604843738 ], [ 176.49966967538262, -40.52807437834155 ], [ 176.498999457781821, -40.528532895603611 ], [ 176.498322063748304, -40.52898412195546 ], [ 176.497472086033184, -40.529260053179378 ], [ 176.496662906256006, -40.529577419283044 ], [ 176.49582219609249, -40.529862755964039 ], [ 176.495026232945975, -40.530193539612981 ] ] } },
{ "type": "Feature", "properties": { "group_id": "nzd0315" }, "geometry": { "type": "LineString", "coordinates": [ [ 175.165263910933731, -40.631407737697216 ], [ 175.165533353747065, -40.630775877548558 ], [ 175.165730386278909, -40.630121754692112 ], [ 175.166020517158586, -40.629472917698884 ], [ 175.166258873514636, -40.628815041435224 ], [ 175.166456520196562, -40.628150056256715 ], [ 175.166665366559215, -40.62748701844469 ], [ 175.166881305756931, -40.626825211519495 ], [ 175.167138142145376, -40.626170533209745 ], [ 175.167345028535919, -40.625507133777631 ], [ 175.167576233563921, -40.624847970580106 ], [ 175.167872157426103, -40.624200092165225 ], [ 175.168120749508006, -40.623543949390182 ], [ 175.168342825423281, -40.622881399480917 ], [ 175.168616198164557, -40.622227709465285 ], [ 175.168849483414277, -40.621568489528116 ], [ 175.169119917926167, -40.620916967198234 ], [ 175.169394197213478, -40.620266161172246 ], [ 175.169600544420774, -40.619602578265706 ], [ 175.169833977486121, -40.618944080663795 ], [ 175.170078041932129, -40.618287575150802 ], [ 175.170352142380324, -40.61763670961642 ], [ 175.170597649413224, -40.616980462337452 ], [ 175.170849987032881, -40.616325492660181 ], [ 175.171068114592515, -40.615664085306911 ], [ 175.171335652794028, -40.615011960243102 ], [ 175.171564947277005, -40.61435263918451 ], [ 175.171824698942714, -40.613699037360881 ], [ 175.184847064628627, -40.57611513143344 ], [ 175.185019699278143, -40.575444792134896 ], [ 175.185245087528671, -40.574784342043216 ], [ 175.185471359863442, -40.574124051282844 ], [ 175.185694738535943, -40.573463211200028 ], [ 175.185917525342262, -40.572802253576882 ], [ 175.186135768680458, -40.572143423236987 ], [ 175.186370732224475, -40.571488752420052 ], [ 175.18658627077761, -40.570827364394106 ], [ 175.186782381059231, -40.570161416752271 ], [ 175.187056694334785, -40.569507549606499 ], [ 175.187299151514054, -40.568848752164755 ], [ 175.187511108770224, -40.568185234024874 ], [ 175.187742927234979, -40.567524779046479 ], [ 175.187972815930038, -40.56686401919648 ], [ 175.188185516721035, -40.566200596145244 ], [ 175.1884195486397, -40.565540463468778 ], [ 175.188621416548557, -40.564875352834143 ], [ 175.188780124484481, -40.564203615609358 ], [ 175.188945194505067, -40.563532802685017 ], [ 175.189145972659929, -40.56286655673054 ], [ 175.189321659988082, -40.562194927039101 ], [ 175.189508636052778, -40.561525756470509 ], [ 175.189786906658441, -40.560876520060383 ], [ 175.189968413844582, -40.560206142034119 ], [ 175.190243741987445, -40.559556250176442 ], [ 175.190457271858008, -40.558892853736801 ], [ 175.190670618273003, -40.558229410764262 ], [ 175.190914729919854, -40.557572681279154 ], [ 175.191168060274407, -40.556917959017056 ], [ 175.191364911656933, -40.556250893757024 ], [ 175.191597358906193, -40.555591597197747 ], [ 175.191771487411529, -40.55493011991895 ], [ 175.192027102626014, -40.554305794825261 ], [ 175.192166953854553, -40.553650376634764 ], [ 175.192415940408239, -40.552988605705508 ], [ 175.192596532886228, -40.552319069540353 ], [ 175.192809296334275, -40.551653176042691 ], [ 175.192991415286144, -40.550983799548916 ], [ 175.193193391741801, -40.550316668908962 ], [ 175.193339203225491, -40.549643160258725 ], [ 175.193530859953796, -40.54897484547498 ], [ 175.193723979518523, -40.548306689889408 ], [ 175.19393539898681, -40.547640603480239 ], [ 175.194171137356676, -40.546976853544187 ], [ 175.194313334973685, -40.546301757633536 ], [ 175.194479151315136, -40.54562970822677 ], [ 175.194615656875271, -40.544953340854057 ], [ 175.194821087900493, -40.544288872504382 ], [ 175.194959648886112, -40.543612846826328 ], [ 175.195159682696584, -40.542947432985457 ], [ 175.195350903790455, -40.542280490284533 ], [ 175.195509715685716, -40.541607942706598 ], [ 175.195683206044862, -40.540937924000851 ], [ 175.195845655483936, -40.54026799098564 ], [ 175.196018223849478, -40.539601098853296 ], [ 175.196170141078937, -40.538928954099831 ], [ 175.196373399924369, -40.538263898714234 ], [ 175.19654021830695, -40.537593026479094 ], [ 175.19672596213141, -40.536925165157932 ], [ 175.196881532425436, -40.536252486138636 ], [ 175.197070950555769, -40.535585197384201 ], [ 175.197332540462298, -40.534929409624965 ], [ 175.197474938051215, -40.534254610317959 ], [ 175.197675127889624, -40.533589019233858 ], [ 175.197862551828479, -40.532921386014721 ], [ 175.198052300960853, -40.532269230693629 ], [ 175.198273796143411, -40.531619934515483 ], [ 175.198467764639702, -40.53095229511743 ], [ 175.198720420929845, -40.530290158933575 ], [ 175.198870384097262, -40.529616829952332 ], [ 175.199060294404859, -40.528947845528933 ], [ 175.199208642101837, -40.528274327043484 ], [ 175.199358083911363, -40.527600920960339 ], [ 175.199317309255406, -40.526906787966062 ], [ 175.199687019452227, -40.526257361981273 ], [ 175.199598138060054, -40.525557975029542 ], [ 175.199775561465032, -40.52488758982863 ], [ 175.200156906240352, -40.524239411128384 ], [ 175.200012941289629, -40.523534003217797 ], [ 175.200195502339795, -40.522864157376567 ], [ 175.200490625029772, -40.522206566387275 ], [ 175.200582946116782, -40.521526876985632 ], [ 175.200697036608233, -40.520849552151617 ], [ 175.200780151758181, -40.520168846218624 ], [ 175.200869587592649, -40.519488821961559 ], [ 175.200976337395161, -40.51881067696759 ], [ 175.201147532157364, -40.518138476083983 ], [ 175.201272996617149, -40.517461129645035 ], [ 175.201416975884172, -40.51678694424475 ], [ 175.201619790232911, -40.516119572651881 ], [ 175.201775424122758, -40.515446836928625 ], [ 175.20194697458129, -40.514775901795183 ], [ 175.20210925413474, -40.514103907183177 ], [ 175.202300034769706, -40.513435142172597 ], [ 175.20250685562155, -40.512768191817948 ], [ 175.202648118961491, -40.512093790522371 ], [ 175.20284375007455, -40.511425556063955 ], [ 175.202968232114898, -40.510749235677409 ], [ 175.203157851169181, -40.510080305041249 ], [ 175.203325366440907, -40.509408925197988 ], [ 175.203491091787839, -40.508737743140067 ], [ 175.20363785793748, -40.508064282685652 ], [ 175.20375817085403, -40.507387496320625 ], [ 175.203911372824166, -40.506714302586317 ], [ 175.204063929113062, -40.50604103141594 ], [ 175.204207628248867, -40.505366784124639 ], [ 175.204394491334995, -40.504697254038682 ], [ 175.204479387874187, -40.504016557653848 ], [ 175.204616077414926, -40.503341522857056 ], [ 175.204781062908836, -40.502669578113 ], [ 175.20472694937277, -40.501973647146215 ], [ 175.205104861356858, -40.501324992781235 ], [ 175.205301213840642, -40.500657136607316 ], [ 175.205377843472405, -40.499977071470816 ], [ 175.205489168414033, -40.499299761547043 ], [ 175.205686659850841, -40.498630212653808 ], [ 175.205729474992637, -40.497945957780239 ], [ 175.205905905157891, -40.49727439381109 ], [ 175.205972295770465, -40.496592365649924 ], [ 175.206090659515723, -40.495915269815477 ], [ 175.206192283019845, -40.49523657625187 ], [ 175.206233936095543, -40.494552176512428 ], [ 175.206307407791485, -40.493870793761474 ], [ 175.206419650956121, -40.493193088867812 ], [ 175.206473067692627, -40.492507967608191 ], [ 175.206548474979257, -40.491817992837646 ], [ 175.206640524914633, -40.491130337820309 ] ] } },
{ "type": "Feature", "properties": { "group_id": "nzd0320" }, "geometry": { "type": "LineString", "coordinates": [ [ 172.2358221478639, -40.772968855243917 ], [ 172.236710672123365, -40.772831758398368 ], [ 172.237586123840742, -40.772666485958496 ], [ 172.238396538961723, -40.772364437390522 ], [ 172.239178952385544, -40.772046533748451 ], [ 172.239937154228869, -40.771700591305553 ], [ 172.240709857545994, -40.771353116636632 ], [ 172.241484943993527, -40.77102759911358 ], [ 172.242212463016017, -40.77065700216508 ], [ 172.242941297021275, -40.770266245756289 ], [ 172.243629609079278, -40.769828750531651 ], [ 172.244300290513479, -40.769374464887832 ], [ 172.244974067529967, -40.768923124297636 ], [ 172.245708035440799, -40.768529094067212 ], [ 172.246490484990602, -40.768181910098896 ], [ 172.247226964359129, -40.767789917366443 ], [ 172.247920852505587, -40.767357643435254 ], [ 172.248626652790563, -40.766935960749315 ], [ 172.249212883824924, -40.766391153699935 ], [ 172.249932106862872, -40.765896224849712 ], [ 172.250800536204906, -40.765655698847333 ], [ 172.251749784875244, -40.765640447604113 ], [ 172.252672161376609, -40.765655983022164 ], [ 172.253540017821877, -40.765461844621953 ] ] } },
{ "type": "Feature", "properties": { "group_id": "nzd0321" }, "geometry": { "type": "LineString", "coordinates": [ [ 175.024758232212065, -40.859110513412404 ], [ 175.025474107803433, -40.858660507146382 ], [ 175.026148849228434, -40.858176135910163 ], [ 175.026774267671868, -40.857763520271334 ], [ 175.027467473052354, -40.857380324496027 ], [ 175.028013121184472, -40.856835663058469 ], [ 175.028684700784083, -40.856382563631485 ], [ 175.029203158760282, -40.855906410794979 ], [ 175.029791922785819, -40.855423920989971 ], [ 175.030404441178746, -40.854874473046351 ], [ 175.031028265171955, -40.854356848194932 ], [ 175.031619531723862, -40.853849523710615 ], [ 175.032207339688625, -40.853346757839851 ], [ 175.032821051467806, -40.852856119737758 ], [ 175.033410233149169, -40.852345318892816 ], [ 175.034008300936762, -40.85183460569381 ], [ 175.03465232493059, -40.851357663986022 ], [ 175.035265442497717, -40.850869326038172 ], [ 175.03583652844577, -40.850350235678896 ], [ 175.036369452067703, -40.849794485812872 ], [ 175.036947849858393, -40.849268302279597 ], [ 175.03754267611248, -40.848762089264071 ], [ 175.038106512506886, -40.848234700897926 ], [ 175.038711453719856, -40.847731588069742 ], [ 175.039275824445724, -40.847204642062657 ], [ 175.039855368524684, -40.846688966895464 ], [ 175.040403870790442, -40.846152411783322 ], [ 175.0409743704287, -40.845627558748404 ], [ 175.041529424536748, -40.845105168072095 ], [ 175.042071798363935, -40.844577509590323 ], [ 175.04262717218694, -40.844045074554522 ], [ 175.043170711042279, -40.843505266554573 ], [ 175.043726244614902, -40.842974653476865 ], [ 175.044248521322601, -40.842415292564361 ], [ 175.044798277248304, -40.841866111775943 ], [ 175.045309635530288, -40.841326936559838 ], [ 175.04583105140361, -40.840794108289579 ], [ 175.046374651212915, -40.84025043637169 ], [ 175.046886844962614, -40.839685632234705 ], [ 175.047412521304864, -40.839124926808935 ], [ 175.047927552433521, -40.83856450533164 ], [ 175.048431889324632, -40.838009038419862 ], [ 175.048934320227119, -40.837452615851895 ], [ 175.049438614371866, -40.836900189099048 ], [ 175.049903374264517, -40.836329228400857 ], [ 175.05039666995475, -40.835750240952329 ], [ 175.050910285565294, -40.835181106099625 ], [ 175.05142042681689, -40.834624204825346 ], [ 175.051874207652304, -40.834038496903979 ], [ 175.052331429331076, -40.833453861923267 ], [ 175.05277918393702, -40.832886652463841 ], [ 175.0532770836856, -40.832338069999444 ], [ 175.05372068026287, -40.831747014137022 ], [ 175.054197007852196, -40.831163908231822 ], [ 175.05465592005234, -40.830576993472036 ], [ 175.055092203578027, -40.829985987815391 ], [ 175.055561527035252, -40.829406373918744 ], [ 175.05602554136189, -40.828824080226511 ], [ 175.056480620970603, -40.828237977283251 ], [ 175.05693795349265, -40.827652828343716 ], [ 175.057390079050407, -40.82706545727477 ], [ 175.05783642033137, -40.826475618268681 ], [ 175.058349651536048, -40.825921364384413 ], [ 175.058724680371512, -40.825315948803237 ], [ 175.059228291339565, -40.824749845262218 ], [ 175.059598836628339, -40.824130558376638 ], [ 175.06004768628955, -40.823539408456909 ], [ 175.060471255271068, -40.82293916709564 ], [ 175.0608513857118, -40.822323308306807 ], [ 175.061282838579956, -40.821725889259419 ], [ 175.061724738915757, -40.821132219480894 ], [ 175.062161974561945, -40.820536867639774 ], [ 175.062608213227008, -40.819944745936311 ], [ 175.063032927938565, -40.819344882911551 ], [ 175.063465354335676, -40.818747785914006 ], [ 175.063890605648737, -40.818148104600631 ], [ 175.064310043748605, -40.81754632842452 ], [ 175.06476525898691, -40.816957405109285 ], [ 175.06516488772121, -40.816350054850389 ], [ 175.065622631839545, -40.815766280905528 ], [ 175.066007029389681, -40.815151310661612 ], [ 175.06646235613735, -40.814564721806114 ], [ 175.066869536028037, -40.813958608626564 ], [ 175.067315204166505, -40.813368093473038 ], [ 175.06773567479263, -40.812767357746033 ], [ 175.068136034088468, -40.812158463362934 ], [ 175.068573230278048, -40.811564497617198 ], [ 175.068966420969844, -40.810952686265836 ], [ 175.069416239890757, -40.810363827235207 ], [ 175.069832535988979, -40.809761372347957 ], [ 175.070230773892746, -40.809151591075896 ], [ 175.070650189442972, -40.808550390124395 ], [ 175.071072646655949, -40.807950416955109 ], [ 175.071488592787688, -40.807348928139447 ], [ 175.071907089889237, -40.806749566106689 ], [ 175.072290591480538, -40.806135694971395 ], [ 175.072704979570346, -40.805532285589116 ], [ 175.073121521162392, -40.804929671109278 ], [ 175.073544383566883, -40.804329400465356 ], [ 175.073976603411836, -40.803732602339778 ], [ 175.074365292642568, -40.803119618957986 ], [ 175.074785153753993, -40.802518216220328 ], [ 175.075146909810456, -40.801895210984057 ], [ 175.075558382324004, -40.801290679228188 ], [ 175.075964698840892, -40.800684225512398 ], [ 175.076386644224016, -40.800083575371737 ], [ 175.076760404214326, -40.799465417653536 ], [ 175.077158434541047, -40.798859253151456 ], [ 175.077572041161716, -40.798257053923209 ], [ 175.077975759334095, -40.797648668708256 ], [ 175.078364918475216, -40.797035422540404 ], [ 175.078778053986724, -40.796430166428003 ], [ 175.079200114163172, -40.795827880854716 ], [ 175.079581758718604, -40.795212111492795 ], [ 175.079948120183246, -40.794591239659333 ], [ 175.080325273626755, -40.793973961059386 ], [ 175.080708963577592, -40.793358856562385 ], [ 175.081062931520307, -40.792733834324281 ], [ 175.081466261836994, -40.792125268203648 ], [ 175.081824220667329, -40.791501565831524 ], [ 175.0822236206713, -40.790892435692008 ], [ 175.082614464664999, -40.790280237037337 ], [ 175.083068557759589, -40.789691347248116 ], [ 175.083383383952793, -40.789050907774303 ], [ 175.083749503147715, -40.788429446739578 ], [ 175.08411576046143, -40.787808031204605 ], [ 175.084505883210909, -40.787195443012678 ], [ 175.08486171176051, -40.786570156411251 ], [ 175.085228607362211, -40.785954583216871 ], [ 175.085600206346328, -40.785341986645285 ], [ 175.08596527395747, -40.784721417247965 ], [ 175.08633155946913, -40.784100163029912 ], [ 175.086718185633316, -40.783485287059072 ], [ 175.087070027449158, -40.782859487845982 ], [ 175.087455978505233, -40.782244388303731 ], [ 175.087835305875132, -40.78162716228303 ], [ 175.088202779174736, -40.78100616115497 ], [ 175.088567902178028, -40.78038447734648 ], [ 175.088951489642966, -40.779768677435996 ], [ 175.089300527641541, -40.77914197025013 ], [ 175.08968796026943, -40.778527371940037 ], [ 175.090046808059668, -40.777903748351328 ], [ 175.128504695081858, -40.712707765328609 ], [ 175.128846701134194, -40.71207810853651 ], [ 175.12916152736662, -40.711440370746011 ], [ 175.12949770523386, -40.710808970471028 ], [ 175.129859284378824, -40.71018511090768 ], [ 175.130173551960468, -40.709547189183276 ], [ 175.130497063389555, -40.708912007798304 ], [ 175.130859381161031, -40.708288349830951 ], [ 175.131153873773854, -40.707644534946489 ], [ 175.131522190733421, -40.707022647450557 ] ] } },
{ "type": "Feature", "properties": { "group_id": "nzd0322" }, "geometry": { "type": "LineString", "coordinates": [ [ 172.210571306206305, -40.789572255488217 ], [ 172.211054354596996, -40.788985713028374 ], [ 172.211424104797459, -40.788365100100016 ], [ 172.211664879851014, -40.787705703177444 ], [ 172.2119671074135, -40.787073067953166 ], [ 172.212245407451718, -40.786436628636331 ], [ 172.212501913258194, -40.785786475236328 ], [ 172.212728376426355, -40.785128097486663 ], [ 172.21299611528795, -40.784478640766451 ], [ 172.213235624755129, -40.783825597655728 ], [ 172.213463028883382, -40.783171748521973 ], [ 172.21367350910262, -40.782511916947449 ], [ 172.213870535430914, -40.781848286436627 ], [ 172.214126132709424, -40.781194808701393 ] ] } },
{ "type": "Feature", "properties": { "group_id": "nzd0323" }, "geometry": { "type": "LineString", "coordinates": [ [ 172.125926486640168, -40.876310606748987 ], [ 172.126670045821243, -40.875916654482928 ], [ 172.127393892280026, -40.875501500721384 ], [ 172.128103383266279, -40.874999673758545 ], [ 172.128609188516123, -40.874371062830342 ], [ 172.12897390458042, -40.873749601942379 ], [ 172.129320640370508, -40.873121368968228 ], [ 172.129656593319226, -40.872489072424436 ], [ 172.129991334735763, -40.871853632221722 ], [ 172.130340179417288, -40.871205493067976 ], [ 172.130673731623034, -40.870550308923441 ], [ 172.130950153591527, -40.86990282268733 ], [ 172.131162573930197, -40.869242704422923 ], [ 172.131386273161382, -40.868584804580323 ], [ 172.131549192717614, -40.867914908177703 ], [ 172.131742342560898, -40.867250968702812 ], [ 172.131882082464728, -40.866576486342559 ], [ 172.132038330153478, -40.865905253837226 ], [ 172.132242187842593, -40.865243406919092 ], [ 172.132389926498064, -40.864567503000728 ], [ 172.132577124359301, -40.863899151154122 ], [ 172.132732306712143, -40.863228626772511 ], [ 172.132888603520882, -40.862559419230237 ], [ 172.133021196543496, -40.861887493943932 ], [ 172.133135322020848, -40.861213449748988 ], [ 172.133250458446099, -40.860539514336139 ], [ 172.133358442972565, -40.859864754135444 ], [ 172.133481113678869, -40.859191666732222 ], [ 172.133613756623589, -40.858519713014061 ], [ 172.133741254436501, -40.857845178367086 ], [ 172.133839597085455, -40.857167865442314 ], [ 172.133934636512322, -40.856492237540195 ], [ 172.134062509428446, -40.855819436164253 ], [ 172.134270100493154, -40.855153507151229 ], [ 172.134618160318411, -40.854499692644112 ], [ 172.135019774694058, -40.853850492025366 ], [ 172.134681006223502, -40.853137395765508 ] ] } },
{ "type": "Feature", "properties": { "group_id": "nzd0324" }, "geometry": { "type": "LineString", "coordinates": [ [ 176.21971811550884, -40.887355461300402 ], [ 176.219676689682444, -40.888046259443442 ], [ 176.219584334455817, -40.888722579516937 ], [ 176.219347850696835, -40.889394315928179 ], [ 176.219220577930145, -40.890069655690667 ], [ 176.219206130803315, -40.890748718388096 ], [ 176.219233131223632, -40.891429144245862 ], [ 176.219253483378026, -40.892109343278932 ], [ 176.219310756901734, -40.892784450587769 ], [ 176.219315928964306, -40.893467676110973 ], [ 176.219477148662037, -40.894140760694135 ], [ 176.219668600408653, -40.894805175712513 ], [ 176.219865642427891, -40.895468401737979 ], [ 176.220067649990256, -40.896146322511903 ], [ 176.220401951381632, -40.896797806761064 ], [ 176.220752734327164, -40.897434038130108 ], [ 176.22109403135849, -40.898067126054485 ], [ 176.221671290935262, -40.89861145292177 ], [ 176.222276208253305, -40.899138738644012 ], [ 176.222881039556086, -40.899676373348854 ], [ 176.223517749949451, -40.90016131358577 ], [ 176.224210792230679, -40.900593067286408 ], [ 176.224921990646692, -40.901047581097721 ], [ 176.225728037940968, -40.901435536663591 ], [ 176.226579607680122, -40.901739620374734 ], [ 176.227461430119263, -40.901883348383329 ] ] } },
{ "type": "Feature", "properties": { "group_id": "nzd0325" }, "geometry": { "type": "LineString", "coordinates": [ [ 174.975095446621339, -40.93433818507598 ], [ 174.975289766179316, -40.933671791247129 ], [ 174.975383431939036, -40.933011876660309 ], [ 174.975521715252484, -40.932345759027854 ], [ 174.975674223369055, -40.931670827284108 ], [ 174.975822515194039, -40.930994651641569 ], [ 174.975930597697413, -40.930323317417084 ], [ 174.976030411128619, -40.929657586163763 ], [ 174.976218205329673, -40.928997962152344 ], [ 174.976278332806686, -40.928315650698075 ], [ 174.976335063135991, -40.927634153270425 ], [ 174.976514721670355, -40.926963982473559 ], [ 174.976636870322807, -40.926292260829221 ], [ 174.976725736490181, -40.925618759605911 ], [ 174.976802445838842, -40.924941456026176 ], [ 174.976974474272396, -40.924269760705052 ], [ 174.977054690505241, -40.923592771249439 ], [ 174.977141451858159, -40.922913810275723 ], [ 174.977264738078929, -40.922241696142329 ], [ 174.977298621605456, -40.921572279698772 ], [ 174.977364379808648, -40.920893702853753 ], [ 174.977498966484461, -40.92021737230764 ], [ 174.977527940539318, -40.9195369563379 ], [ 174.977626905987506, -40.918854674077892 ], [ 174.977710232704425, -40.918168863609367 ], [ 174.97780118301381, -40.917491653700502 ], [ 174.977926319778078, -40.916819206546016 ], [ 174.977880084269543, -40.916139966351551 ], [ 174.977854552021796, -40.915457730933127 ], [ 174.977855530731034, -40.914777516254077 ], [ 174.977859984861226, -40.914097989762872 ], [ 174.97781346803103, -40.91341731371655 ], [ 174.97777982161341, -40.912735191832333 ], [ 174.977860960106085, -40.912049486747378 ], [ 174.977663468896395, -40.911374586280246 ], [ 174.977676546249626, -40.91069078824902 ], [ 174.977655783307625, -40.910013787076068 ], [ 174.977560795761349, -40.909336993824461 ], [ 174.977488458810342, -40.908649940263466 ], [ 174.977385485225483, -40.907964377954258 ], [ 174.977369579954882, -40.907274097757018 ], [ 174.977270055040947, -40.906607370494974 ], [ 174.977170699922425, -40.905956001066151 ], [ 174.977089437396415, -40.905300412145742 ], [ 174.977074210315806, -40.904626630949011 ], [ 174.976991706023824, -40.903949643696265 ], [ 174.976888911032319, -40.90327086080832 ], [ 174.976843783066187, -40.902590562861022 ], [ 174.976840270568516, -40.901911799935142 ], [ 174.976836586493903, -40.901234734037395 ], [ 174.976820092062411, -40.900556472118758 ], [ 174.976806887231987, -40.899881139877408 ], [ 174.976834119415599, -40.899205752851074 ], [ 174.976895619284164, -40.898527829449947 ], [ 174.976978638076361, -40.897850337791184 ], [ 174.977042183672239, -40.897172442186921 ], [ 174.977066856740919, -40.896505576774764 ], [ 174.977208186643139, -40.895847224419242 ], [ 174.977334899014608, -40.895175280849386 ], [ 174.977434857589202, -40.894502234507854 ], [ 174.977627724638978, -40.893841668126228 ], [ 174.977801167262868, -40.893176792832506 ], [ 174.978007402548968, -40.892515905994188 ], [ 174.978280969525571, -40.891868145915176 ], [ 174.978496609753648, -40.891211782784495 ], [ 174.978686726852175, -40.89055036165643 ], [ 174.978875193424699, -40.889918101659433 ], [ 174.979148095641762, -40.889298488592239 ], [ 174.979414112233457, -40.888646385917639 ], [ 174.979728443882721, -40.888009993329739 ], [ 174.980050834824226, -40.887376052696794 ], [ 174.980404178853234, -40.886751746770969 ], [ 174.980795612233521, -40.886136712254157 ], [ 174.981164348323375, -40.88551288731766 ], [ 174.981494386432303, -40.884878888592787 ], [ 174.981895565011001, -40.884249158253752 ], [ 174.98223889429056, -40.88359575559091 ], [ 174.982610446650114, -40.883054315374579 ], [ 174.982911872203232, -40.882571436549611 ], [ 174.983363618552175, -40.882008024316264 ], [ 174.983877552557715, -40.881449385788009 ], [ 174.984511487436976, -40.8809891306624 ], [ 174.985195991387286, -40.880560354086782 ], [ 174.985872857757215, -40.880112381478284 ], [ 174.986642539056362, -40.879753956197867 ], [ 174.987358626898526, -40.879354116511628 ], [ 174.988157890099501, -40.879053593171975 ] ] } },
{ "type": "Feature", "properties": { "group_id": "nzd0326" }, "geometry": { "type": "LineString", "coordinates": [ [ 176.213512391899883, -40.910136328200274 ], [ 176.21261307021021, -40.91020747998617 ], [ 176.211711618784847, -40.910271472523277 ], [ 176.210780385964142, -40.910512650731491 ], [ 176.209908319367997, -40.91086531712893 ], [ 176.209133245473708, -40.911231121772111 ], [ 176.208389952242612, -40.911646650137797 ], [ 176.207628083943348, -40.912047560920186 ], [ 176.206893983184614, -40.912460269569351 ], [ 176.206187541297936, -40.912895256080716 ], [ 176.205534580794733, -40.913393318092666 ], [ 176.204893202143893, -40.913898131169063 ], [ 176.204345678748524, -40.914436098674344 ] ] } },
{ "type": "Feature", "properties": { "group_id": "nzd0328" }, "geometry": { "type": "LineString", "coordinates": [ [ 172.098732551832569, -40.939498355261911 ], [ 172.09883688560717, -40.938806582824526 ], [ 172.098828601889693, -40.938124399592859 ], [ 172.098715009648885, -40.937451183150756 ], [ 172.098621165033677, -40.936776277057199 ], [ 172.098438363644362, -40.936108944493135 ], [ 172.098340960711397, -40.935434327893709 ], [ 172.098271017503833, -40.934757364429863 ], [ 172.098121995656783, -40.93408713278734 ], [ 172.098034540704106, -40.933411982696612 ], [ 172.097911242053186, -40.932740614391228 ], [ 172.097768199784014, -40.932070962019885 ], [ 172.097613783372623, -40.931401868305556 ], [ 172.09748216884725, -40.930730462960625 ], [ 172.097340177903163, -40.930060099634119 ], [ 172.097289390135217, -40.929380510596403 ], [ 172.097179569122176, -40.928706881810868 ], [ 172.096952213979591, -40.928043332159255 ], [ 172.096187588262296, -40.927420617384904 ], [ 172.09605463494313, -40.926726063130687 ], [ 172.096452101612243, -40.926011760660494 ], [ 172.0966203526051, -40.925326698681175 ], [ 172.096533022964394, -40.924649882882122 ], [ 172.096440330147544, -40.923973203193277 ], [ 172.096385777125732, -40.923295499070647 ], [ 172.096369480319964, -40.922616767408435 ], [ 172.096348135829402, -40.921938163439819 ], [ 172.096542883735339, -40.921258603358112 ], [ 172.096237837614922, -40.920616694378154 ], [ 172.096210311448772, -40.919932285564897 ], [ 172.096133319814982, -40.919252583263784 ], [ 172.095918288374321, -40.918592434492965 ] ] } },
{ "type": "Feature", "properties": { "group_id": "nzd0329" }, "geometry": { "type": "LineString", "coordinates": [ [ 172.100395932032995, -40.957505852932819 ], [ 172.100547716868476, -40.956788457970212 ], [ 172.100761750221352, -40.95606115820636 ], [ 172.100631814549075, -40.955388537189393 ], [ 172.100431323546161, -40.954727126896927 ], [ 172.099832448988053, -40.954129047642255 ], [ 172.099714466528155, -40.953454506558778 ], [ 172.099536004817224, -40.952787168622045 ], [ 172.099390314211234, -40.952113296394216 ], [ 172.099196973804311, -40.951443047890066 ], [ 172.099026655748929, -40.9507740425029 ], [ 172.098971089592368, -40.950096405464969 ], [ 172.098885469939461, -40.949421020346804 ] ] } },
{ "type": "Feature", "properties": { "group_id": "nzd0330" }, "geometry": { "type": "LineString", "coordinates": [ [ 176.160314921186369, -40.944541953672406 ], [ 176.159671595479381, -40.945015412350152 ], [ 176.159066348804828, -40.945517448640004 ], [ 176.158475381884756, -40.94603019960978 ], [ 176.157793820145969, -40.946474949566309 ], [ 176.15708794801651, -40.946919655866033 ], [ 176.156483552067868, -40.947440027828378 ], [ 176.155854801499856, -40.947928463737405 ], [ 176.155286000428646, -40.948453461036912 ], [ 176.154736573008364, -40.94900172147959 ], [ 176.154158062943026, -40.949533538423793 ], [ 176.153516541813417, -40.950020330545108 ], [ 176.152958106761872, -40.950552140371904 ], [ 176.152399637061336, -40.951083926590606 ], [ 176.151858358836961, -40.951625251128277 ], [ 176.151351819167047, -40.952185854043798 ], [ 176.1508346071993, -40.952741700225587 ], [ 176.150295468171322, -40.953291378405268 ], [ 176.14984936345283, -40.953888468276588 ], [ 176.149300335308396, -40.954426678636914 ], [ 176.148814780692987, -40.954997518923435 ], [ 176.148299852591805, -40.955552999267184 ], [ 176.147765432199463, -40.956098424426862 ], [ 176.1472056520374, -40.956630969621116 ], [ 176.146686021354469, -40.957184262208635 ], [ 176.146164229874074, -40.957736433348288 ], [ 176.145720005380241, -40.958330639206025 ], [ 176.145238085379276, -40.958917222263565 ], [ 176.14476534929301, -40.959510195720355 ], [ 176.144275504411269, -40.960084869415816 ], [ 176.143868380745459, -40.960684971058512 ], [ 176.143484320999193, -40.961291914292417 ], [ 176.14307440718818, -40.96189364810192 ], [ 176.142671903625484, -40.96250016091701 ], [ 176.142183468981443, -40.963071996359076 ], [ 176.14172144061871, -40.963654481127818 ], [ 176.141306577428196, -40.964255991101602 ], [ 176.140907127293389, -40.964863714663124 ], [ 176.140532342535522, -40.965481384902539 ], [ 176.140129003303713, -40.966092320608084 ], [ 176.13965818014168, -40.966683905995673 ], [ 176.139241944968859, -40.967289656153525 ], [ 176.138947960765591, -40.967931334668911 ], [ 176.138521211287639, -40.968532541973538 ], [ 176.138142391544989, -40.969148351859403 ], [ 176.137778866333463, -40.969767073537817 ], [ 176.13741870851274, -40.970385728741732 ], [ 176.136932271399189, -40.970965517037747 ], [ 176.136615917365447, -40.971600800630888 ], [ 176.136412570829179, -40.972272393963451 ], [ 176.136007649626663, -40.972879936436861 ], [ 176.135654319097227, -40.973512081618388 ], [ 176.135290392855296, -40.974143866570536 ], [ 176.135236665652855, -40.974843196192587 ], [ 176.134955904528852, -40.975487265344775 ], [ 176.134540179041664, -40.976095114001168 ], [ 176.134124481609632, -40.97668689706277 ], [ 176.133625166536916, -40.977248792973256 ], [ 176.133293602167868, -40.977905804576942 ], [ 176.133159280496358, -40.9786008240876 ], [ 176.132955915646988, -40.979261220813129 ], [ 176.132644974004762, -40.979903164760387 ], [ 176.132494786462331, -40.980572666697 ] ] } },
{ "type": "Feature", "properties": { "group_id": "nzd0332" }, "geometry": { "type": "LineString", "coordinates": [ [ 174.940441122019735, -40.998139797208687 ], [ 174.940938180069367, -40.997574725302222 ], [ 174.941442213641722, -40.997012908586662 ], [ 174.941979414609307, -40.996467029282194 ], [ 174.94248258214256, -40.995906009131815 ], [ 174.942974484859548, -40.995338187828814 ], [ 174.943466576397725, -40.994772203079116 ], [ 174.943962864682931, -40.994212394388995 ], [ 174.944422264157083, -40.993632148743622 ], [ 174.944879693584539, -40.993048522615432 ], [ 174.945402986356072, -40.992492993941461 ], [ 174.945868085930812, -40.991912955911602 ], [ 174.946322136463863, -40.99132795593399 ], [ 174.94679645201785, -40.990751971478289 ], [ 174.947261938181697, -40.99017185209609 ], [ 174.947755709857176, -40.989605121634519 ], [ 174.948245738142418, -40.989039228509732 ], [ 174.948709501463441, -40.988458466343374 ], [ 174.949157780150102, -40.987870620220733 ], [ 174.949538135999205, -40.98725553844826 ], [ 174.949896200929174, -40.986630471838545 ], [ 174.950313280452548, -40.986030078634393 ], [ 174.950780553944412, -40.985450286572693 ], [ 174.951252788764293, -40.984872312422624 ], [ 174.951698706128724, -40.984283548674341 ], [ 174.95211440167617, -40.983682388342075 ], [ 174.952546232254775, -40.983090296640682 ], [ 174.952930930644555, -40.982481653844353 ], [ 174.953366298455421, -40.981886072658895 ], [ 174.95381111916123, -40.98129506873601 ], [ 174.954206216518344, -40.980685968928647 ], [ 174.954642512626975, -40.980093218177529 ], [ 174.95503150173684, -40.97948208013382 ], [ 174.955446072323952, -40.978880338600746 ], [ 174.955860829055609, -40.978278676520191 ], [ 174.956241035245029, -40.977664108883545 ], [ 174.956648377777725, -40.977060100317836 ], [ 174.957051902616939, -40.97645452871668 ], [ 174.957462105846048, -40.975850996359092 ], [ 174.957854007641743, -40.975240806174604 ], [ 174.958240788819523, -40.974629141155297 ], [ 174.958598931075812, -40.974009380944167 ], [ 174.959042215649362, -40.973410573484635 ], [ 174.959518383359608, -40.972831904555903 ], [ 174.959787830882902, -40.972189341162576 ], [ 174.960136580701857, -40.97156231840389 ], [ 174.960432828231774, -40.970920255610402 ], [ 174.960791700579307, -40.970298341832752 ], [ 174.961177485418574, -40.969684726714846 ], [ 174.961548352029865, -40.96906705195876 ], [ 174.961892268557307, -40.968440675377181 ], [ 174.962240476803913, -40.967814247252029 ], [ 174.962611211625216, -40.967201965139601 ], [ 174.962971116796268, -40.966583892434393 ], [ 174.963279392463761, -40.965946716614297 ], [ 174.963606287989734, -40.965314143036395 ], [ 174.96395921807283, -40.964688974396182 ], [ 174.964289110460498, -40.964057877214245 ], [ 174.964615511702391, -40.963425871100924 ], [ 174.964896786949851, -40.962781549628879 ], [ 174.965234724448095, -40.962153067426549 ], [ 174.965552644184072, -40.961518670402228 ], [ 174.965885016703254, -40.960888558079347 ], [ 174.966213049100816, -40.960256363451144 ], [ 174.966501040104276, -40.959613786537531 ], [ 174.966834289634761, -40.958982555847932 ], [ 174.967126074355207, -40.958340917749013 ], [ 174.967415229987608, -40.957698576453105 ], [ 174.967698317511065, -40.95705477584562 ], [ 174.968041763300704, -40.956424581709122 ], [ 174.968442542967665, -40.955804712276091 ], [ 174.968651752142222, -40.95514402749 ], [ 174.968818699973809, -40.954475675732148 ], [ 174.969067351502929, -40.953825075781126 ], [ 174.969349972001538, -40.953181363319189 ], [ 174.969633060209276, -40.952537424877825 ], [ 174.969886257787294, -40.951886410388525 ], [ 174.970105305356157, -40.951228304431496 ], [ 174.970363277340226, -40.950577693882472 ], [ 174.970607431348583, -40.949925318714392 ], [ 174.970860217647157, -40.949274399505057 ], [ 174.971107584349568, -40.948622099077355 ], [ 174.97139067897217, -40.947977001245796 ], [ 174.971599950270729, -40.947317001161579 ], [ 174.971840189919504, -40.946663243294367 ], [ 174.972052805916377, -40.946002555095411 ], [ 174.972261096198878, -40.945340717797947 ] ] } },
{ "type": "Feature", "properties": { "group_id": "nzd0333" }, "geometry": { "type": "LineString", "coordinates": [ [ 172.109848901754134, -41.006091732157437 ], [ 172.109696734659622, -41.005423632651002 ], [ 172.109493068764493, -41.004762116083825 ] ] } },
{ "type": "Feature", "properties": { "group_id": "nzd0335" }, "geometry": { "type": "LineString", "coordinates": [ [ 172.111156222136941, -41.031494232858456 ], [ 172.111194396092372, -41.030809103521129 ], [ 172.111127654627751, -41.030132857505315 ], [ 172.110988328047938, -41.029462755391691 ], [ 172.110844645496798, -41.028793015534418 ], [ 172.110728144379237, -41.028120965479317 ], [ 172.110650883525437, -41.02744558334269 ], [ 172.110519572322374, -41.026774783595982 ], [ 172.110405831473145, -41.02610256039948 ], [ 172.110316024891432, -41.025428261733985 ], [ 172.110202752130959, -41.024755930405263 ], [ 172.110100360385331, -41.024082645218591 ], [ 172.110014214225714, -41.023407939272268 ], [ 172.110339140490396, -41.022670529438628 ], [ 172.109675883133747, -41.022084172220914 ], [ 172.10951519137285, -41.021411789654422 ], [ 172.109548010225154, -41.020693478724517 ] ] } },
{ "type": "Feature", "properties": { "group_id": "nzd0336" }, "geometry": { "type": "LineString", "coordinates": [ [ 172.107025333856228, -41.050991865030902 ], [ 172.106930339991976, -41.050318010285842 ], [ 172.106836638643102, -41.049644019858292 ], [ 172.106895923977021, -41.048954775969641 ], [ 172.106835746456284, -41.048277430673529 ], [ 172.106713020273304, -41.047606312166664 ], [ 172.106607663867806, -41.046933455707823 ], [ 172.106511953976224, -41.046259630990711 ], [ 172.106390248441329, -41.04558839021346 ] ] } },
{ "type": "Feature", "properties": { "group_id": "nzd0337" }, "geometry": { "type": "LineString", "coordinates": [ [ 172.10454669696918, -41.067039219773065 ], [ 172.104613804154781, -41.066345727555422 ], [ 172.104533609854087, -41.065669653925632 ], [ 172.104389546016307, -41.065001129269262 ], [ 172.104280044613489, -41.06432850901885 ], [ 172.104088081054755, -41.063665637400021 ], [ 172.104838260347123, -41.062891297573664 ] ] } },
{ "type": "Feature", "properties": { "group_id": "nzd0338" }, "geometry": { "type": "LineString", "coordinates": [ [ 174.853561907372978, -41.069705891484553 ], [ 174.853413514957623, -41.069035237886823 ], [ 174.853125951797239, -41.068406661173491 ], [ 174.85273609542682, -41.067801815836361 ], [ 174.852186949767884, -41.06726820137213 ], [ 174.851656365752746, -41.066723811799001 ] ] } },
{ "type": "Feature", "properties": { "group_id": "nzd0339" }, "geometry": { "type": "LineString", "coordinates": [ [ 172.103146948932363, -41.077415871069036 ], [ 172.103029657150103, -41.076744453181476 ], [ 172.102881001763308, -41.076075835747254 ], [ 172.102865999841583, -41.075395248236106 ], [ 172.102861900145939, -41.074713677834303 ], [ 172.102887671215797, -41.074029426574306 ], [ 172.102856033419073, -41.07335030708186 ] ] } },
{ "type": "Feature", "properties": { "group_id": "nzd0340" }, "geometry": { "type": "LineString", "coordinates": [ [ 172.103113133979377, -41.088792253557124 ], [ 172.103083721490378, -41.088111256561355 ], [ 172.103013446055058, -41.087434788389011 ], [ 172.102918490887532, -41.086761061050147 ], [ 172.102873727806326, -41.086081835490077 ], [ 172.102753440735228, -41.085410833286694 ], [ 172.102645441843663, -41.084741423179146 ], [ 172.102537539188887, -41.084072895198673 ], [ 172.102451560172284, -41.083399587575954 ], [ 172.102288915087087, -41.0827313563018 ] ] } },
{ "type": "Feature", "properties": { "group_id": "nzd0341" }, "geometry": { "type": "LineString", "coordinates": [ [ 176.069024490415188, -41.103799630506558 ], [ 176.068866427632457, -41.10446706645444 ] ] } },
{ "type": "Feature", "properties": { "group_id": "nzd0342" }, "geometry": { "type": "LineString", "coordinates": [ [ 174.831660339667252, -41.107570468129083 ], [ 174.832564296281987, -41.10761474242878 ], [ 174.833405007707228, -41.107459828959541 ], [ 174.834143866815083, -41.107080995974997 ], [ 174.834766008457621, -41.106623427589589 ], [ 174.835278086013716, -41.106089280404746 ], [ 174.835719228979798, -41.105531563698868 ], [ 174.836070616271655, -41.104906783675922 ], [ 174.836226679055159, -41.104227186192702 ], [ 174.836116932668261, -41.103545847873391 ] ] } },
{ "type": "Feature", "properties": { "group_id": "nzd0343" }, "geometry": { "type": "LineString", "coordinates": [ [ 176.060773601404037, -41.130843988391732 ], [ 176.059866513410554, -41.130993945961869 ], [ 176.059045820493026, -41.131270925906243 ], [ 176.05824319331839, -41.131574466581107 ], [ 176.057476203654829, -41.131930405125125 ], [ 176.056708570025904, -41.132285396611167 ], [ 176.055956169903169, -41.132662786539228 ], [ 176.055226671057198, -41.133073849811034 ], [ 176.054489901281272, -41.133482027879957 ], [ 176.053795333631314, -41.133925640935189 ], [ 176.053131912802826, -41.134386989164277 ], [ 176.05245914994228, -41.134841852633748 ], [ 176.051818243863664, -41.135317936099703 ], [ 176.051210968010338, -41.135816421229826 ], [ 176.050602983025868, -41.136314430157093 ], [ 176.050009063648957, -41.136850308749956 ], [ 176.049446608689777, -41.137415020254601 ], [ 176.048970567343275, -41.137996473446712 ], [ 176.048524397578035, -41.138584095458732 ], [ 176.048108285837344, -41.139183486443791 ], [ 176.047686600296146, -41.139780862296043 ], [ 176.047249020004585, -41.140372153994889 ] ] } },
{ "type": "Feature", "properties": { "group_id": "nzd0345" }, "geometry": { "type": "LineString", "coordinates": [ [ 172.09285827035734, -41.271589600919384 ], [ 172.092907116896924, -41.270915228145086 ], [ 172.093024593157025, -41.270244977786703 ], [ 172.093132824661552, -41.269574164234029 ], [ 172.093223831566064, -41.26890230736052 ], [ 172.093316553571611, -41.268230546737982 ], [ 172.10239858162538, -41.195635566311097 ], [ 172.102467752510933, -41.194961570559315 ], [ 172.102514784319283, -41.194286047306129 ], [ 172.102542747994335, -41.193609207445213 ], [ 172.102557414107622, -41.192931447288011 ], [ 172.10261304503311, -41.192256493791973 ], [ 172.102659740917318, -41.191586724703676 ], [ 172.102730471602882, -41.190931506173023 ], [ 172.102803875179347, -41.190269110198585 ], [ 172.10283722575852, -41.189593510665617 ], [ 172.102879979825815, -41.18891806350949 ], [ 172.102935522150403, -41.188242826082785 ], [ 172.102915936178164, -41.187566308518669 ], [ 172.102900719078917, -41.186889858004832 ], [ 172.102882117161869, -41.186213343142029 ], [ 172.102892683219068, -41.185537315610318 ], [ 172.102952669890982, -41.184862118632097 ], [ 172.103010088923099, -41.184186871145769 ], [ 172.103045946981467, -41.183511251290106 ], [ 172.103121207590362, -41.182836292163849 ], [ 172.103192234524272, -41.182161254287287 ], [ 172.103233498678975, -41.181485705078813 ], [ 172.103263008744477, -41.180809949715304 ], [ 172.103328522555103, -41.180134797440644 ], [ 172.103394871651034, -41.179459652318783 ], [ 172.103410933491062, -41.178783648140971 ], [ 172.103402371783773, -41.178107219762119 ], [ 172.103434771201023, -41.177431478454224 ], [ 172.103430855292885, -41.17675511483786 ], [ 172.103455763977422, -41.176079232651006 ], [ 172.10346912303001, -41.175403147787776 ], [ 172.103485129653336, -41.174727100807502 ], [ 172.103521490541709, -41.174051391732206 ], [ 172.1035408468654, -41.173375387553165 ], [ 172.103577772537506, -41.172699674087049 ], [ 172.103646776657769, -41.172024497155384 ], [ 172.103642894297195, -41.171348078300682 ], [ 172.103643995518581, -41.170671736904687 ], [ 172.103668409716022, -41.169995783533118 ], [ 172.103632950384252, -41.169320288957813 ], [ 172.103695208930162, -41.168646198734045 ], [ 172.103841879164833, -41.167970546965066 ], [ 172.103950472615963, -41.16729450760581 ], [ 172.104125301872926, -41.166618574713404 ], [ 172.104261106059482, -41.165942567702913 ], [ 172.104085998166994, -41.165266020900638 ], [ 172.103993893679387, -41.164589609277627 ], [ 172.103881010854337, -41.163913154960952 ], [ 172.103811002049213, -41.163236767178695 ], [ 172.103800961601792, -41.162560475344229 ], [ 172.103780663591493, -41.161884158922277 ], [ 172.103790840511721, -41.161207887836198 ], [ 172.103776764530693, -41.160531568138595 ], [ 172.10377590544428, -41.159855264149876 ], [ 172.103754933255146, -41.159178918657361 ], [ 172.103756587801939, -41.158502605026449 ], [ 172.103724980400699, -41.157826227319738 ], [ 172.103749450394758, -41.157149978455415 ], [ 172.103741552327477, -41.15647375312416 ], [ 172.103751182903068, -41.155797464272787 ], [ 172.103755220975557, -41.155121105527563 ], [ 172.103815425966957, -41.154444639899523 ], [ 172.103728397601515, -41.153768429160628 ], [ 172.103714561793993, -41.153092081264667 ], [ 172.103630738869043, -41.152415850827595 ], [ 172.103581616901522, -41.151739551699613 ], [ 172.103622959194468, -41.15106308478439 ], [ 172.103641244355998, -41.150386651865801 ], [ 172.103613284055626, -41.149710294196382 ], [ 172.103620216596141, -41.149033867504976 ], [ 172.103592903931769, -41.148357494729694 ], [ 172.103551122985664, -41.147681140699703 ], [ 172.103484974038054, -41.14700482300173 ], [ 172.103469933827654, -41.146328407470833 ], [ 172.103412040612028, -41.145652061124103 ], [ 172.103404904286805, -41.144975730775343 ], [ 172.10341580123125, -41.144303424496989 ], [ 172.103427924357504, -41.143629786992271 ], [ 172.103383880437434, -41.142954124476773 ], [ 172.103304984142511, -41.142279722392189 ], [ 172.103298753836924, -41.141602670882158 ], [ 172.103258191168976, -41.140926860891298 ], [ 172.103231084515443, -41.140250554604599 ], [ 172.103182528198005, -41.139575021383536 ], [ 172.103119594283015, -41.13890000405879 ], [ 172.103066504973924, -41.138224621772011 ], [ 172.103004641726784, -41.13754955160281 ], [ 172.102966702434884, -41.136873604456333 ], [ 172.102917323351051, -41.136198066373019 ], [ 172.102870019374194, -41.135522445867871 ], [ 172.102867365099428, -41.134845194626244 ], [ 172.102844142202457, -41.134168684426477 ], [ 172.102796935178247, -41.133493039508387 ], [ 172.102724211649218, -41.13281831561541 ], [ 172.102657841639001, -41.132143306958973 ], [ 172.102617235022961, -41.131467324953334 ], [ 172.102577456805619, -41.130791354351288 ], [ 172.102529495870954, -41.130115693992003 ], [ 172.102495140421581, -41.129439551864607 ], [ 172.102447731339453, -41.12876385832763 ], [ 172.102423996969264, -41.128087331610253 ] ] } },
{ "type": "Feature", "properties": { "group_id": "nzd0347" }, "geometry": { "type": "LineString", "coordinates": [ [ 175.948866749674835, -41.246795139996962 ], [ 175.947953518437259, -41.246774170634438 ], [ 175.947047780955472, -41.246789417765505 ], [ 175.946166113715066, -41.246921024298501 ], [ 175.945232555153581, -41.24710910605431 ], [ 175.944314553228452, -41.247336256724331 ], [ 175.943465126092519, -41.24756935334009 ], [ 175.942648911627742, -41.247851445394623 ], [ 175.941845200674777, -41.248196856930193 ], [ 175.941071101637704, -41.248595917728082 ], [ 175.940319530859597, -41.248991335455791 ], [ 175.939546526568023, -41.249329710054617 ], [ 175.938793389137658, -41.249582023332131 ], [ 175.937975282394063, -41.249696133167809 ], [ 175.937105824028919, -41.249868051792447 ], [ 175.936260492961992, -41.250072155617097 ], [ 175.935412935233188, -41.250268119550292 ], [ 175.934574135178309, -41.250519163246999 ], [ 175.933726230756008, -41.250748835564302 ], [ 175.932867778577275, -41.250948952395092 ], [ 175.932004651032514, -41.2511393762857 ], [ 175.931156105378278, -41.251388945894327 ], [ 175.930317939086166, -41.251647958791075 ], [ 175.929491874661579, -41.251912998685953 ], [ 175.928674486780267, -41.252192968253496 ], [ 175.927848585986112, -41.252458288305633 ], [ 175.926997643914206, -41.252680515754605 ], [ 175.926140561226021, -41.252899087961801 ], [ 175.925304935287215, -41.253180777487614 ], [ 175.924571184254091, -41.253592251768389 ], [ 175.923908494539148, -41.254052132213225 ], [ 175.923263289994594, -41.254529148962398 ], [ 175.922427217794649, -41.254776708817175 ], [ 175.921581304500506, -41.254838254737933 ], [ 175.92070614049004, -41.254955046512642 ], [ 175.919807850081128, -41.255037171713447 ], [ 175.918908030977917, -41.25519216879384 ], [ 175.918029740289683, -41.255405954540088 ], [ 175.917204961679829, -41.255673429478655 ], [ 175.916383815606508, -41.255967985421591 ], [ 175.915580289070675, -41.256289245586821 ], [ 175.914779663420177, -41.256602566417513 ], [ 175.913996397863144, -41.256933154446003 ], [ 175.913192521399054, -41.257237299182137 ], [ 175.912359890821961, -41.257504552887923 ], [ 175.911571490700794, -41.257828548042461 ], [ 175.910795384512397, -41.258168313739432 ], [ 175.909986088207177, -41.258465496925176 ], [ 175.909211634907933, -41.25880737990277 ], [ 175.908472087682952, -41.259194044635358 ], [ 175.907732131688334, -41.259581808291621 ], [ 175.906934525025576, -41.259897748694598 ], [ 175.906161578320649, -41.26024306337203 ], [ 175.905386362716342, -41.260584259578714 ], [ 175.904584692615146, -41.260893076468541 ], [ 175.903795729066786, -41.261217442674699 ], [ 175.903071231744775, -41.261620707982594 ], [ 175.902294922776605, -41.261960558968184 ], [ 175.901505729684658, -41.26228463886077 ], [ 175.900762075660225, -41.262664453838006 ], [ 175.899983996905178, -41.263006751793114 ], [ 175.89923408569507, -41.263389870431517 ], [ 175.898528986015407, -41.263817372363 ], [ 175.897855357792338, -41.264264021257254 ], [ 175.897211662149203, -41.264737063511262 ], [ 175.896452943751655, -41.26510867014936 ], [ 175.89569886027698, -41.26548436079274 ], [ 175.894971848262202, -41.265883921494186 ], [ 175.894246620042935, -41.266285052233393 ], [ 175.893571532829526, -41.266730397884011 ], [ 175.892902010439826, -41.267180648332825 ] ] } },
{ "type": "Feature", "properties": { "group_id": "nzd0348" }, "geometry": { "type": "LineString", "coordinates": [ [ 175.886573109252197, -41.272628880565684 ], [ 175.885793512112201, -41.27296467651383 ], [ 175.884983271241651, -41.273263021940203 ], [ 175.884250627463643, -41.273656194356015 ], [ 175.883513715289553, -41.274044149349642 ], [ 175.882793886519835, -41.274475011801876 ], [ 175.88208716413331, -41.274914439562025 ], [ 175.881429983801496, -41.275391932284691 ], [ 175.880823995524366, -41.275891542304244 ], [ 175.880274503425483, -41.276425710392878 ], [ 175.879708663759232, -41.276952400675611 ], [ 175.879160789579714, -41.277494075838113 ], [ 175.878573155373829, -41.278012793506861 ], [ 175.878025571206422, -41.278548355317625 ], [ 175.877468760002245, -41.27907897859869 ], [ 175.876923809593563, -41.279615939783454 ], [ 175.87642230767031, -41.280176129952508 ], [ 175.875942365233755, -41.280747844204782 ], [ 175.875460682596412, -41.281318623345392 ], [ 175.874937452064358, -41.281867180895951 ], [ 175.87442758434608, -41.282422879478084 ], [ 175.873735700317354, -41.282868065239789 ], [ 175.872975444872253, -41.283223944155253 ], [ 175.872237896649921, -41.28359489637856 ], [ 175.871555344202619, -41.284035468932892 ], [ 175.870929372499404, -41.284519833959934 ], [ 175.87030916401622, -41.285008656810042 ], [ 175.869733177714693, -41.285566617581893 ], [ 175.869114881284133, -41.286135704733312 ], [ 175.868526342298821, -41.286727371738642 ], [ 175.868186358502413, -41.287352315453042 ] ] } },
{ "type": "Feature", "properties": { "group_id": "nzd0349" }, "geometry": { "type": "LineString", "coordinates": [ [ 175.862462290533216, -41.317292110400551 ], [ 175.861842278993237, -41.317778063144701 ], [ 175.861239213999909, -41.318261051859793 ], [ 175.860686062879807, -41.318797517121148 ], [ 175.860055353521318, -41.3192779876724 ], [ 175.859338006887754, -41.319660153204715 ], [ 175.858610093692107, -41.320032133361217 ], [ 175.857944789807021, -41.320464229051503 ], [ 175.857253730067924, -41.320864319466722 ], [ 175.856488502368791, -41.321162627305554 ], [ 175.855714148778958, -41.321447666471812 ], [ 175.854891749821633, -41.321704770352383 ], [ 175.854056306187033, -41.321952981393942 ], [ 175.853232090764209, -41.322174814280615 ], [ 175.852400688896751, -41.322425467585369 ], [ 175.851546193074626, -41.322704768064177 ], [ 175.850718818794206, -41.323021553466248 ], [ 175.849970882284424, -41.323391133605298 ], [ 175.849247771821382, -41.323796723759784 ], [ 175.848507173055538, -41.32418528294324 ] ] } },
{ "type": "Feature", "properties": { "group_id": "nzd0350" }, "geometry": { "type": "LineString", "coordinates": [ [ 174.804774350072307, -41.329020773639733 ], [ 174.80393751711938, -41.32865777005722 ], [ 174.803061454707716, -41.328579199741988 ], [ 174.802192965307739, -41.328407203126694 ], [ 174.801296679183764, -41.328281409096007 ], [ 174.800379220919979, -41.328218307301604 ], [ 174.799458799050853, -41.328293472430126 ], [ 174.798544145390508, -41.328404771080137 ], [ 174.797678928571372, -41.328643986237147 ], [ 174.796818864381805, -41.328911328746798 ], [ 174.796007809947298, -41.329231569765547 ], [ 174.795213281594073, -41.329577674440834 ], [ 174.79447540792745, -41.329990728524578 ], [ 174.793760540759649, -41.330424003149552 ], [ 174.793125827895324, -41.330921724314344 ], [ 174.792497642039848, -41.331416914149827 ], [ 174.791960698125166, -41.331970692463763 ], [ 174.791409077547172, -41.332505158472877 ] ] } },
{ "type": "Feature", "properties": { "group_id": "nzd0351" }, "geometry": { "type": "LineString", "coordinates": [ [ 172.073671403596961, -41.359512161386931 ], [ 172.073908092035765, -41.358861525849434 ], [ 172.074122650984322, -41.358206796305069 ], [ 172.074324965033867, -41.357549798460397 ], [ 172.074519835770076, -41.356891419175902 ], [ 172.074723050469373, -41.356234574448841 ], [ 172.0748850811745, -41.355570116130309 ], [ 172.075060333064528, -41.354908093195156 ], [ 172.075256439136979, -41.354249915557347 ], [ 172.075501875967603, -41.353600843135027 ], [ 172.075647734791772, -41.352933371124379 ], [ 172.075845997634673, -41.352275571991861 ], [ 172.076017001200029, -41.351618135368398 ], [ 172.076211653553912, -41.35096495841394 ], [ 172.076373484879269, -41.350301834442256 ], [ 172.076587557700122, -41.349645703194675 ], [ 172.076823803665434, -41.348992608449713 ], [ 172.076991892161971, -41.348330152319782 ], [ 172.07720710974894, -41.347674157903874 ], [ 172.077383083955766, -41.347012770565449 ], [ 172.077588610927819, -41.346355432589398 ], [ 172.077758498442137, -41.345693196325406 ], [ 172.077931359440015, -41.34503136140642 ], [ 172.078110829421462, -41.344370426809945 ], [ 172.078286045094103, -41.343708901541468 ], [ 172.078424952638329, -41.343042386165649 ], [ 172.07855980187847, -41.342375306986938 ], [ 172.078707636555293, -41.341710003297671 ], [ 172.078882660960147, -41.341048424695387 ], [ 172.079028769998274, -41.340382870602696 ], [ 172.079190598713382, -41.339719467308882 ], [ 172.079380192480414, -41.339059868101963 ], [ 172.079543364960273, -41.338396635709962 ], [ 172.079726164901388, -41.337736090498396 ], [ 172.079876159477038, -41.337071035843458 ], [ 172.080034481481846, -41.336407117388376 ], [ 172.080184796852791, -41.335742093205823 ], [ 172.080383905111432, -41.335083759337067 ], [ 172.080484927616254, -41.334411955873506 ], [ 172.080616144441166, -41.333744289944718 ], [ 172.080759946865072, -41.333078344681596 ], [ 172.080908591383604, -41.332413057246967 ], [ 172.081051222904165, -41.331746937696806 ], [ 172.081274589402739, -41.331091892911417 ], [ 172.081427343261709, -41.330427149202897 ], [ 172.081594519816946, -41.329764378357254 ], [ 172.081732835901704, -41.329097639380699 ], [ 172.081890127310885, -41.328433498159086 ], [ 172.082042368064293, -41.327768656909576 ], [ 172.082142245688573, -41.327096621483001 ], [ 172.082288288705456, -41.326430915944435 ], [ 172.082415752628066, -41.325762653419076 ], [ 172.082538391590106, -41.325093721801707 ], [ 172.082674727614631, -41.324426663477453 ], [ 172.082877763090181, -41.323768753760682 ], [ 172.083012124180271, -41.323101410798365 ], [ 172.083205520550848, -41.322442164464256 ], [ 172.083388034622914, -41.321781417622944 ], [ 172.083544509763357, -41.321117089806052 ], [ 172.083669897443883, -41.320448487998192 ], [ 172.083836068912291, -41.319785477588617 ], [ 172.08396595525997, -41.31911747970647 ], [ 172.084107816797712, -41.318451118814643 ], [ 172.084266725027163, -41.317787091080177 ], [ 172.084409142769971, -41.317120725782139 ], [ 172.084578458477012, -41.316456228248093 ], [ 172.084730758233434, -41.315789148725962 ], [ 172.084889548628922, -41.315124561963025 ], [ 172.085049837439755, -41.314460125445073 ], [ 172.085197146807616, -41.313794321253596 ], [ 172.085342840708279, -41.313128340835235 ], [ 172.08546886027878, -41.312460290819836 ], [ 172.085612838721232, -41.311794116835038 ], [ 172.085723958923694, -41.311124490982991 ], [ 172.085840186022807, -41.310455393696117 ], [ 172.085947188424996, -41.309785322376214 ], [ 172.086120130233752, -41.309122157644907 ], [ 172.086240685659931, -41.30845349358421 ], [ 172.086377385269117, -41.307786515311285 ], [ 172.086506997970218, -41.307118787149093 ] ] } },
{ "type": "Feature", "properties": { "group_id": "nzd0352" }, "geometry": { "type": "LineString", "coordinates": [ [ 174.05994496817479, -41.386209847317048 ], [ 174.058894307314773, -41.386490296166912 ], [ 174.057973681648491, -41.386483108980954 ], [ 174.057034655235384, -41.386607369266436 ], [ 174.056153824430481, -41.386954812876859 ], [ 174.05660560823992, -41.388044524571121 ] ] } },
{ "type": "Feature", "properties": { "group_id": "nzd0353" }, "geometry": { "type": "LineString", "coordinates": [ [ 175.180192441587337, -41.412774387269529 ], [ 175.179393696207313, -41.412466160343101 ], [ 175.178591063412966, -41.41216381550813 ], [ 175.177797497628632, -41.411847746257799 ], [ 175.177030027874679, -41.411492180135873 ], [ 175.176226496394946, -41.411191191240306 ], [ 175.175439707365996, -41.410864862035474 ], [ 175.174639564031366, -41.410558742390862 ], [ 175.173838451471141, -41.410254088016963 ], [ 175.173029559579049, -41.409961205186775 ], [ 175.172214184583027, -41.409678131823775 ], [ 175.171389471540408, -41.409409188106032 ], [ 175.170584361060378, -41.409110576780982 ], [ 175.169793977835525, -41.4087896767399 ], [ 175.169023811587266, -41.408438181084627 ], [ 175.168198788636118, -41.40816969865498 ], [ 175.167406014522612, -41.407852412719151 ], [ 175.166557960437046, -41.407618777820986 ], [ 175.165777073928609, -41.40728349966605 ], [ 175.164963257698048, -41.406998050315849 ], [ 175.164167142540947, -41.4066858137314 ], [ 175.163349084522395, -41.406406779219921 ], [ 175.162545615173713, -41.406105667510886 ], [ 175.161756689943132, -41.405782546761692 ], [ 175.160956757721266, -41.405476079827757 ], [ 175.160169483504603, -41.405150458346782 ], [ 175.159390269348819, -41.404812640060989 ], [ 175.158611497901745, -41.404474151028531 ], [ 175.157828717902731, -41.404141726330678 ], [ 175.157051619054016, -41.403800704751617 ], [ 175.156228705795513, -41.403529001213123 ], [ 175.155441171463423, -41.40320376637942 ], [ 175.154641823263574, -41.40289640480988 ], [ 175.153896357188955, -41.402507518723056 ], [ 175.15312483964891, -41.402158047922924 ], [ 175.152307331999197, -41.401878157599121 ], [ 175.151557653746409, -41.401495643200192 ], [ 175.15075283758091, -41.401196548492273 ], [ 175.149967687523031, -41.400867699002752 ], [ 175.149157225169887, -41.400577143281652 ], [ 175.148385116920139, -41.400228560573638 ], [ 175.147621383085522, -41.399867307824756 ], [ 175.146818622426025, -41.399559470957975 ], [ 175.14599169685215, -41.399280426862603 ], [ 175.145175755554817, -41.398989368943077 ], [ 175.144329921133846, -41.398757470370924 ], [ 175.143493464687054, -41.398509948202047 ], [ 175.1427013517403, -41.398188561932834 ], [ 175.141909045597686, -41.397867497006757 ], [ 175.141174790964129, -41.397449738722351 ], [ 175.140219562822267, -41.397400039442644 ], [ 175.139445998599825, -41.397047754771059 ], [ 175.138658331412728, -41.396718959838545 ], [ 175.137879822674449, -41.396374910725463 ], [ 175.137074043656526, -41.396076281280095 ], [ 175.136264222517696, -41.395784383050845 ], [ 175.135437717844241, -41.395520269962219 ], [ 175.134633847892985, -41.395218457541162 ], [ 175.133813540818522, -41.394944019421324 ], [ 175.133003701440344, -41.394652146498444 ], [ 175.132191941536718, -41.394363470876279 ], [ 175.131387381067185, -41.394062804165287 ], [ 175.130578150337954, -41.393769914211511 ], [ 175.129773232244361, -41.393469841088105 ], [ 175.128964338389977, -41.393176387948962 ], [ 175.128137852563128, -41.392912229698901 ], [ 175.127313863814067, -41.392643911237499 ], [ 175.12649791163031, -41.392362208034214 ], [ 175.125689388497591, -41.392068132258018 ], [ 175.124863122422511, -41.39180360127569 ], [ 175.124046364730248, -41.391523235099086 ], [ 175.123241151401402, -41.391223644065761 ], [ 175.122423214565146, -41.390945238696261 ], [ 175.121595751037006, -41.390682695049584 ], [ 175.120771450373411, -41.390414882965665 ], [ 175.119946559398244, -41.390126789051351 ], [ 175.119120074875241, -41.389820547804419 ], [ 175.118289309766169, -41.389539088774384 ], [ 175.117460793723779, -41.389272952028762 ], [ 175.116626560786955, -41.389019678370694 ], [ 175.115799812410472, -41.388749565890713 ], [ 175.114975562977435, -41.388473832135809 ], [ 175.114138946333384, -41.388225922809568 ], [ 175.11330198924685, -41.387978779479937 ], [ 175.112469841554798, -41.387720816577314 ], [ 175.111627795633325, -41.387485121661996 ], [ 175.110785345056627, -41.38725033671642 ], [ 175.109944796581829, -41.387011272487676 ], [ 175.109104919058382, -41.386770698712986 ], [ 175.108255654285415, -41.386551241243737 ], [ 175.107398829665726, -41.386348788263781 ], [ 175.106552515116562, -41.38612269235972 ], [ 175.105718495669151, -41.385868939662721 ], [ 175.104882595437743, -41.385619417750512 ], [ 175.104034636940412, -41.385397018394364 ], [ 175.103177024219264, -41.385196332829111 ], [ 175.102324767963808, -41.384983597888855 ], [ 175.101480097083595, -41.384753801100878 ], [ 175.100626987374227, -41.384542983601797 ], [ 175.099755394742431, -41.38437373412409 ], [ 175.098897077788166, -41.384174624502378 ], [ 175.098030535436777, -41.383994011885662 ], [ 175.097174254561025, -41.383790319474457 ], [ 175.096321237558243, -41.383579285434564 ], [ 175.095440406666995, -41.383430799260182 ], [ 175.094567457413177, -41.383264585140161 ], [ 175.09370028372345, -41.383085380191595 ], [ 175.092831169449425, -41.382910536554967 ], [ 175.09196412834666, -41.382731028386893 ], [ 175.091124646963067, -41.382489546394162 ], [ 175.090257829691154, -41.382309531191858 ], [ 175.089396366082724, -41.382117475635653 ], [ 175.088533053456018, -41.381929575589879 ], [ 175.087662233859163, -41.381758552403227 ], [ 175.086785818497845, -41.381600107904326 ], [ 175.085933354308906, -41.38138780935644 ], [ 175.085071549161967, -41.381196510991764 ], [ 175.084222587919925, -41.380976334053329 ], [ 175.083354165376761, -41.380799909617167 ], [ 175.082485097696235, -41.380624932960956 ], [ 175.081618877885461, -41.380443551244667 ], [ 175.080756243422684, -41.380254106930053 ], [ 175.079893778903369, -41.380064278484035 ], [ 175.0790548053414, -41.379873604580915 ], [ 175.07820033432975, -41.37974821880956 ], [ 175.077338474168158, -41.379556900132577 ], [ 175.076470384938347, -41.379372639528228 ], [ 175.075603151837868, -41.379184892309588 ], [ 175.074736584781817, -41.378994433687879 ], [ 175.07385966814681, -41.378846165692501 ], [ 175.072984858734827, -41.378689309407662 ], [ 175.072113981186277, -41.378516428701275 ], [ 175.07124669754478, -41.378328902686313 ], [ 175.070365382077739, -41.378198568544683 ], [ 175.06948946193458, -41.37804624550904 ], [ 175.068618877741955, -41.377872177894815 ], [ 175.067731312207883, -41.377767314861835 ], [ 175.066859212055391, -41.377599427722977 ], [ 175.065981534190598, -41.377454271329235 ], [ 175.065096725399428, -41.377338172167939 ], [ 175.064234875039688, -41.377128525379554 ], [ 175.063356121148786, -41.3769877563021 ], [ 175.062488010760859, -41.37680362267249 ], [ 175.061614946572803, -41.376639674989299 ], [ 175.060759383617977, -41.376475374880137 ], [ 175.059891102663528, -41.37637291654724 ], [ 175.059030819888221, -41.376193785265897 ], [ 175.058167498258996, -41.376007571731471 ], [ 175.05729781736099, -41.375837137371768 ], [ 175.05643588917647, -41.375647462763332 ], [ 175.055597924247934, -41.375398324031821 ], [ 175.054740693061689, -41.375196993066211 ], [ 175.053876232160235, -41.375013600453016 ], [ 175.053006028196535, -41.374844456266317 ], [ 175.052146301101743, -41.374649314608547 ], [ 175.05127334810291, -41.374486987333228 ], [ 175.05041834628031, -41.374280118924212 ], [ 175.049563720185745, -41.374072317711885 ], [ 175.048705196238302, -41.373874186491072 ], [ 175.047831185883325, -41.373714475177806 ], [ 175.0469692860745, -41.373524716343333 ], [ 175.04607730808118, -41.373409575106066 ], [ 175.045171407726343, -41.373328967365111 ] ] } },
{ "type": "Feature", "properties": { "group_id": "nzd0354" }, "geometry": { "type": "LineString", "coordinates": [ [ 174.049242105754701, -41.392119627550272 ], [ 174.048878238157073, -41.392736024733139 ], [ 174.048507162344237, -41.393350191496587 ], [ 174.048184197868437, -41.393979199771842 ], [ 174.047856613152476, -41.394606776238881 ], [ 174.047497303514803, -41.395224556310097 ], [ 174.047189811662378, -41.395858321571126 ], [ 174.046865578830619, -41.396486914525632 ], [ 174.046540132818876, -41.39711512711213 ], [ 174.046208293580293, -41.397741360773821 ], [ 174.045893332672165, -41.39837279709964 ], [ 174.045578462052902, -41.399004255288901 ], [ 174.045268336576868, -41.399637171812124 ], [ 174.044960467571144, -41.400270778660584 ], [ 174.044635981709092, -41.400899251631209 ], [ 174.04432739369517, -41.401532624587119 ], [ 174.044018089112569, -41.402165770401801 ], [ 174.043689352921717, -41.402793208345273 ], [ 174.043383781458999, -41.403429760222771 ], [ 174.043059483539508, -41.404060222828676 ], [ 174.042739536515427, -41.404689822717621 ], [ 174.0424137708996, -41.405317781374784 ], [ 174.042100478442677, -41.405949239134372 ], [ 174.041798349396061, -41.406583827903802 ], [ 174.041453516657072, -41.407206410089181 ], [ 174.041140581622955, -41.407837949990252 ], [ 174.040857632297758, -41.408477910229372 ], [ 174.040538249537889, -41.409107625989961 ], [ 174.040217252815097, -41.409736882108682 ], [ 174.039914821088416, -41.410371349136632 ], [ 174.03960125545342, -41.4110026812792 ], [ 174.039309127846309, -41.411640031639223 ], [ 174.039003779990907, -41.412273660832909 ], [ 174.038736203820747, -41.412917898087912 ], [ 174.038451331218738, -41.413555861129481 ], [ 174.038170450912446, -41.414194750429928 ], [ 174.037906575795262, -41.414839211796618 ], [ 174.037656056427466, -41.415486342077742 ], [ 174.03738447589626, -41.416129283121762 ], [ 174.037134156013479, -41.416776440056161 ], [ 174.036922235220857, -41.417431216525664 ], [ 174.03666678142153, -41.418077340878234 ], [ 174.036406090158238, -41.418722418598136 ], [ 174.036162893256488, -41.41937096417675 ], [ 174.035976802896727, -41.42003084442527 ], [ 174.035744842578879, -41.420681608518159 ], [ 174.035512357550971, -41.421332261896985 ] ] } },
{ "type": "Feature", "properties": { "group_id": "nzd0355" }, "geometry": { "type": "LineString", "coordinates": [ [ 174.029902252824371, -41.459563281229002 ], [ 174.029925524722017, -41.460236257008312 ], [ 174.029969502593815, -41.460906110041542 ], [ 174.030007559838538, -41.461575474187931 ], [ 174.03003172863356, -41.462249069435529 ], [ 174.030076999541109, -41.462921943332155 ], [ 174.030128362366838, -41.463594392238001 ], [ 174.030180686234189, -41.464266768243391 ], [ 174.03023698038902, -41.464938864854531 ], [ 174.030299583853235, -41.465610521572096 ], [ 174.030391684424217, -41.466280147260989 ], [ 174.030482260643112, -41.466949870613654 ], [ 174.030610189403092, -41.467617023900516 ] ] } },
{ "type": "Feature", "properties": { "group_id": "nzd0357" }, "geometry": { "type": "LineString", "coordinates": [ [ 174.077192345160967, -41.514194490315596 ], [ 174.078030884806566, -41.514455588266564 ], [ 174.078761857322519, -41.514873504556853 ], [ 174.079472896107234, -41.515305540461668 ], [ 174.080160933139354, -41.515738363283525 ], [ 174.080784768624795, -41.516225243987925 ], [ 174.081431464176035, -41.516679355424934 ], [ 174.082136438581216, -41.517083141285219 ], [ 174.082873288439373, -41.517477107183502 ], [ 174.08356864720696, -41.517910966975066 ], [ 174.084239691552682, -41.518352698116303 ], [ 174.084960484032024, -41.518745824705782 ], [ 174.085743266852347, -41.51904451945515 ], [ 174.086533769965087, -41.519322640017329 ], [ 174.087313883663484, -41.519701439127992 ], [ 174.087990774994893, -41.520169469905191 ], [ 174.088591921047907, -41.520680845498504 ], [ 174.089179155980162, -41.521190748450316 ], [ 174.089720241638673, -41.521722486641963 ], [ 174.090285324305341, -41.522241156998746 ], [ 174.090903056901624, -41.522729453920192 ], [ 174.091514445301755, -41.523219258885796 ], [ 174.092160836311677, -41.523673260879512 ], [ 174.092846826993366, -41.524103478569067 ], [ 174.093596769261268, -41.524466140393876 ], [ 174.094380289074707, -41.524777670552467 ], [ 174.095194874213547, -41.525053472558731 ], [ 174.09603998030326, -41.525273003356133 ], [ 174.096867125023834, -41.52554121371741 ], [ 174.097629836434606, -41.525927305960955 ], [ 174.0983667422324, -41.5263206948121 ], [ 174.099116815311902, -41.52669124981049 ], [ 174.0998589597001, -41.527071954562928 ], [ 174.100602684595714, -41.527452374874052 ], [ 174.101329751343059, -41.527840775677298 ], [ 174.102062038396383, -41.528215757752236 ], [ 174.102847144823471, -41.528530767229427 ], [ 174.10367785963993, -41.528733972737058 ], [ 174.104555994738092, -41.528904391428384 ], [ 174.105355511430588, -41.529249611357457 ], [ 174.106110859186515, -41.529624987460728 ], [ 174.10685001951083, -41.53000952546261 ], [ 174.107568803864893, -41.530414679678621 ], [ 174.108281868991327, -41.530826255901431 ], [ 174.108994852140484, -41.5312383617092 ], [ 174.109735813956121, -41.53161965491293 ], [ 174.110492320654316, -41.531954662359844 ], [ 174.111268010729759, -41.532272510454071 ], [ 174.112117097399619, -41.53249394623667 ], [ 174.112993692024645, -41.532694136128733 ], [ 174.113697458676739, -41.533134932678422 ], [ 174.114280939705822, -41.533657501226251 ], [ 174.114923073291436, -41.534128231940578 ], [ 174.115620743481088, -41.534554957965049 ], [ 174.116341932588881, -41.534954812358741 ], [ 174.117103622724983, -41.535313184990642 ], [ 174.117896248606826, -41.535660508320788 ], [ 174.118439485683837, -41.536214367830588 ], [ 174.118894011181027, -41.536801508825882 ], [ 174.119347338804801, -41.53738256632375 ], [ 174.119816188139993, -41.537955748633017 ], [ 174.120336852036019, -41.538503177592894 ], [ 174.120880757875369, -41.539032406526523 ], [ 174.121441942858951, -41.539554782415024 ], [ 174.122022989873471, -41.540061951872275 ], [ 174.122632446898308, -41.540552823118297 ], [ 174.123258929954034, -41.54103485911066 ], [ 174.123904478508109, -41.541500903242579 ], [ 174.124577160854471, -41.541943480720441 ], [ 174.125248487610378, -41.542389125741003 ], [ 174.125895010262809, -41.542857159313165 ], [ 174.126579112673312, -41.543294147341712 ], [ 174.127210698212309, -41.543774657898723 ], [ 174.127818217489306, -41.54427219747771 ], [ 174.128428698004001, -41.544767092346788 ], [ 174.129090533122849, -41.545222749156302 ], [ 174.129796836069318, -41.545639449152802 ], [ 174.130538530721338, -41.546014632790971 ], [ 174.131296273642818, -41.546368600115521 ], [ 174.132109060206915, -41.546664097252737 ], [ 174.132840012181504, -41.547086570390412 ], [ 174.13339505435124, -41.547619006209082 ], [ 174.133695571344504, -41.548266487745117 ], [ 174.134059043372275, -41.548885667020485 ], [ 174.1345754810568, -41.549437303339708 ], [ 174.135231952165498, -41.54989382939354 ], [ 174.135856873678591, -41.550379592621837 ], [ 174.136470994652029, -41.550874139597475 ], [ 174.137009552795035, -41.551404024438533 ], [ 174.137601118086963, -41.551905908543837 ], [ 174.138253465491971, -41.552354976735337 ], [ 174.139030331232277, -41.552668067387529 ], [ 174.139778022982625, -41.553022568806149 ], [ 174.140491785202329, -41.553457187864794 ], [ 174.141154773172104, -41.55392935159886 ], [ 174.141859869044794, -41.554340702179566 ], [ 174.142554409174664, -41.554696008483077 ], [ 174.143315297081529, -41.554973214865917 ] ] } },
{ "type": "Feature", "properties": { "group_id": "nzd0358" }, "geometry": { "type": "LineString", "coordinates": [ [ 175.398691319031002, -41.567468652022136 ], [ 175.397810231041802, -41.567602312644453 ], [ 175.39693134321405, -41.567738100776516 ], [ 175.39620970817893, -41.568709619651557 ], [ 175.395299068952511, -41.568748612944873 ], [ 175.394339854346299, -41.568295121302917 ], [ 175.393444520267678, -41.568349205256816 ], [ 175.392542328049018, -41.568348784493679 ], [ 175.391643566658701, -41.568375624732383 ], [ 175.390739296864439, -41.568358676755714 ], [ 175.389838155716205, -41.568359025235146 ], [ 175.388933524124468, -41.568321735060167 ], [ 175.38802767945694, -41.568279584912986 ], [ 175.387124299862705, -41.568264578594615 ], [ 175.386229969745443, -41.568326699525286 ], [ 175.385333297531361, -41.568368857460527 ], [ 175.384437549694837, -41.568418895222287 ], [ 175.383546846950054, -41.568511947493057 ], [ 175.38261540280746, -41.568567899455779 ], [ 175.381673956197403, -41.568728692125198 ], [ 175.380774745117691, -41.568916505224685 ], [ 175.379937254216458, -41.569165567909998 ], [ 175.379115617785487, -41.569453531104394 ], [ 175.378238024325924, -41.569604206049299 ], [ 175.377351089577274, -41.569731959425361 ], [ 175.37650001423691, -41.569947695609912 ], [ 175.375652619006615, -41.570172462321352 ], [ 175.374789241373463, -41.570358013688455 ], [ 175.373940017254995, -41.57058526100667 ], [ 175.373051288900086, -41.570742561638667 ], [ 175.372171194004977, -41.570920593410392 ], [ 175.371300656873473, -41.571096593714344 ], [ 175.370437121047161, -41.571286802374892 ], [ 175.369581105158829, -41.571492272833808 ], [ 175.368735903573224, -41.571719692720642 ], [ 175.367883304088679, -41.571932095656038 ], [ 175.367038517004715, -41.572243870142515 ], [ 175.366247845667573, -41.572651644715577 ], [ 175.365469351694145, -41.573024780716551 ], [ 175.364714281074555, -41.573389868213027 ], [ 175.364000258553915, -41.573798184070093 ], [ 175.363252140315922, -41.574209630996243 ], [ 175.36253083751231, -41.574670947348295 ], [ 175.361884245336427, -41.575169597713078 ], [ 175.361355514724465, -41.575713765657838 ] ] } },
{ "type": "Feature", "properties": { "group_id": "nzd0359" }, "geometry": { "type": "LineString", "coordinates": [ [ 171.891487134915224, -41.588539004838395 ], [ 171.891907892178835, -41.587944248484469 ], [ 171.892345222230148, -41.587356952173209 ], [ 171.892782682763112, -41.586769709429774 ], [ 171.893241790349123, -41.586192212495718 ], [ 171.893636358395128, -41.585585638193379 ], [ 171.894060105023101, -41.584992202295346 ], [ 171.89445247591317, -41.584384627728333 ], [ 171.894861488656687, -41.583784544341846 ], [ 171.895276781113807, -41.583187284460116 ], [ 171.895687236440494, -41.582587840398453 ], [ 171.896123009214392, -41.581999795625279 ], [ 171.896529797892214, -41.581398689398043 ], [ 171.896877463217294, -41.580770944965415 ], [ 171.897295831897964, -41.58017472658085 ], [ 171.897714148870307, -41.579579850494213 ], [ 171.898118527246169, -41.578979701418994 ], [ 171.898509764542126, -41.578374643595289 ], [ 171.898874551769524, -41.577759450164891 ], [ 171.899262163032262, -41.577152992389379 ], [ 171.899598482520503, -41.576526884882753 ], [ 171.900000761724016, -41.575926033504373 ], [ 171.900520701264838, -41.5753702390681 ], [ 171.900948334874073, -41.574779086994766 ], [ 171.901395295060809, -41.574195331189145 ], [ 171.901827342385957, -41.573612255615068 ], [ 171.902405968902116, -41.573108925577955 ], [ 171.903079760518921, -41.57265349547577 ], [ 171.903670995719551, -41.572145650312351 ], [ 171.904203494066053, -41.571604326767577 ], [ 171.904585675398266, -41.570977333636982 ], [ 171.905205045924561, -41.57048550930805 ], [ 171.905956062104423, -41.570068704227914 ], [ 171.906490168049459, -41.569528278862009 ], [ 171.906982629903439, -41.568964116393957 ], [ 171.907533054575566, -41.568432981966012 ], [ 171.908079856765141, -41.567899778618404 ], [ 171.908605991702643, -41.567354792700343 ], [ 171.90906950656472, -41.566772704497687 ], [ 171.909581348053166, -41.566179732754826 ], [ 171.910076690310632, -41.565578056749743 ], [ 171.910507866826578, -41.564987690357633 ], [ 171.910978048950568, -41.564411612211728 ], [ 171.911440691644145, -41.563832765500884 ], [ 171.911870590442959, -41.563241913879814 ], [ 171.912301498017257, -41.562651426265177 ], [ 171.912718423358854, -41.562055809092321 ], [ 171.913114077675175, -41.56145239131888 ], [ 171.913504934939681, -41.560847209943525 ], [ 171.913910108552244, -41.560247269232903 ], [ 171.914294206103108, -41.559639599331426 ], [ 171.914675488532822, -41.559030892106648 ], [ 171.915058759997208, -41.558422908086911 ], [ 171.915414778633306, -41.557804931264535 ], [ 171.915782970504296, -41.557191409736852 ], [ 171.916166582753505, -41.556583533490702 ], [ 171.916534648152378, -41.555969954195056 ], [ 171.916894441063562, -41.55535333760934 ], [ 171.917268252762312, -41.554729815903748 ], [ 171.917654723682347, -41.554110522833852 ], [ 171.917994499750591, -41.553487542817727 ], [ 171.918380581252251, -41.552880304815638 ], [ 171.918740403899108, -41.552264361261322 ], [ 171.919088631752714, -41.551644570398942 ], [ 171.919426771490606, -41.551021431376434 ], [ 171.919781571162844, -41.550403805990854 ], [ 171.920135311927879, -41.549785823886658 ], [ 171.920470666938542, -41.549161744531908 ], [ 171.920839306006911, -41.548548686567052 ], [ 171.921201319557042, -41.547932079276272 ], [ 171.921592271921213, -41.547323998175443 ], [ 171.921948585101802, -41.546705914460034 ], [ 171.922305415434039, -41.546088944927874 ], [ 171.922674358602649, -41.545475906526619 ], [ 171.923019724736292, -41.544855198928282 ], [ 171.92341904764146, -41.544252023089449 ], [ 171.923800724881033, -41.543643105944525 ], [ 171.924083892786143, -41.543002164110071 ], [ 171.924419053975754, -41.542378115834879 ], [ 171.924775310219559, -41.541760918242403 ], [ 171.925131118122039, -41.541143569001562 ] ] } },
{ "type": "Feature", "properties": { "group_id": "nzd0360" }, "geometry": { "type": "LineString", "coordinates": [ [ 174.150330515902397, -41.560229967458156 ], [ 174.150454710042112, -41.560896971712019 ], [ 174.150436638561047, -41.561572090747084 ], [ 174.15050912422717, -41.562242650224199 ], [ 174.150514784510193, -41.562920065911051 ], [ 174.150647730716997, -41.563588139667111 ], [ 174.15075326468272, -41.564243049725157 ], [ 174.150743225801392, -41.564865646045234 ], [ 174.150560205961852, -41.565503592538271 ], [ 174.150326983222357, -41.566153537936167 ], [ 174.149993326441489, -41.566777962297706 ], [ 174.149657594147726, -41.567401428074611 ], [ 174.1493211619904, -41.568025377618135 ], [ 174.149002774565332, -41.568654046602823 ], [ 174.148713119004981, -41.569298201047587 ], [ 174.148461839125474, -41.56995241880184 ], [ 174.148251449542983, -41.570607146312057 ], [ 174.14811278867839, -41.571277859324262 ], [ 174.148021038635363, -41.571951505320108 ], [ 174.14799181561196, -41.572628987022924 ], [ 174.148018124995133, -41.573302860995732 ], [ 174.148119126915134, -41.573971486940799 ], [ 174.148242088079627, -41.574635863750956 ], [ 174.148409995096188, -41.575288485556598 ], [ 174.148535749068316, -41.575955936336683 ], [ 174.148713564030999, -41.576615493562038 ], [ 174.148891591653893, -41.577275003579956 ], [ 174.149089232410887, -41.57793076597742 ], [ 174.149295584306913, -41.578581478207589 ], [ 174.149426881350479, -41.579242736156353 ], [ 174.14958943264358, -41.579903532324778 ], [ 174.14975302219591, -41.580564367463204 ], [ 174.149929825327064, -41.581223569526081 ], [ 174.150180421747478, -41.581872065856579 ], [ 174.150418915943305, -41.582508950836562 ], [ 174.150618454606047, -41.583161412061507 ], [ 174.150841071594328, -41.583813828136741 ], [ 174.151082534601954, -41.584461707830712 ] ] } },
{ "type": "Feature", "properties": { "group_id": "nzd0361" }, "geometry": { "type": "LineString", "coordinates": [ [ 171.844794522509744, -41.635040575186999 ], [ 171.845436243156513, -41.634567542756081 ], [ 171.846078838795165, -41.634095068111556 ], [ 171.846673703990518, -41.633591928629954 ], [ 171.84725919917247, -41.633082766023485 ], [ 171.847855137675936, -41.632580307760236 ], [ 171.848468750479697, -41.632089198735279 ], [ 171.849087611982611, -41.631601457108623 ], [ 171.849662501076693, -41.631085465052386 ], [ 171.850246578859981, -41.630575371377184 ], [ 171.850818452923335, -41.630057434400932 ], [ 171.851386893461296, -41.629528021222448 ], [ 171.851968321065414, -41.629006014420746 ], [ 171.852585518458142, -41.62851382501308 ], [ 171.853158956598776, -41.62799671724143 ], [ 171.853747393210938, -41.627488416708879 ], [ 171.854288842619553, -41.626952506587237 ], [ 171.854810878276709, -41.626405186430283 ], [ 171.855358271832102, -41.625872759747097 ], [ 171.855881654204353, -41.625326222025997 ], [ 171.85641239592232, -41.624784003562816 ], [ 171.856947450940538, -41.624244314794637 ], [ 171.857436991704105, -41.623677881858981 ], [ 171.858037098638391, -41.623176402535286 ], [ 171.858572435531016, -41.622636512022432 ], [ 171.859090252875973, -41.622086277044581 ], [ 171.859634096710721, -41.621551643550234 ] ] } },
{ "type": "Feature", "properties": { "group_id": "nzd0362" }, "geometry": { "type": "LineString", "coordinates": [ [ 174.161070646311515, -41.627496075361385 ], [ 174.160898851851954, -41.628157403646348 ], [ 174.160785600497263, -41.628826515994291 ], [ 174.160607803873489, -41.629486326555309 ], [ 174.16051233617651, -41.630154434137516 ], [ 174.160403936169018, -41.630821129567444 ], [ 174.160251659526807, -41.631483050363585 ], [ 174.160131036555327, -41.632148153235846 ], [ 174.159968498664995, -41.632808254322285 ], [ 174.159788170936793, -41.633467330054138 ], [ 174.159691469089381, -41.634137437215649 ], [ 174.159565273192158, -41.634805341561155 ], [ 174.159517246643816, -41.635475929658838 ], [ 174.159436102418198, -41.636144608248699 ], [ 174.159352255057627, -41.636813124608686 ], [ 174.159289810345513, -41.637482982954268 ], [ 174.159183440656449, -41.638150722938441 ], [ 174.159126383225896, -41.6388210244559 ], [ 174.159038498643696, -41.63948945756475 ], [ 174.158923328950209, -41.640156521210884 ], [ 174.15883376216803, -41.640824615088135 ], [ 174.15879921909854, -41.64149381134591 ], [ 174.158703157679355, -41.642159624203146 ], [ 174.158595221833878, -41.642826254591071 ], [ 174.15853888834863, -41.643496586764606 ], [ 174.158450749446672, -41.644164626131492 ], [ 174.158367781304747, -41.644833543443212 ], [ 174.158317506096324, -41.645504996832258 ], [ 174.158256424439998, -41.64617518309533 ], [ 174.158174678488109, -41.646843758665185 ], [ 174.158093636109356, -41.647512365656645 ], [ 174.158033285761462, -41.648182094021223 ], [ 174.158012474977028, -41.648854026687793 ], [ 174.157935510553472, -41.649523136399765 ], [ 174.15789481382896, -41.650193919817397 ], [ 174.157849860595718, -41.650864295241988 ], [ 174.157797935486343, -41.651534373789723 ], [ 174.157766894091054, -41.652205313750549 ], [ 174.157771073003829, -41.652875398591668 ], [ 174.157758131853257, -41.653544540690589 ], [ 174.157773002326934, -41.654215596429403 ], [ 174.157777633108253, -41.654886861867737 ], [ 174.157775836206326, -41.655558232639969 ], [ 174.157805581534291, -41.656228876146756 ], [ 174.157848065136648, -41.656896497916442 ], [ 174.157916555727269, -41.657563858704769 ], [ 174.157949621726942, -41.658236834794593 ], [ 174.158054205587263, -41.658903392361871 ], [ 174.158132936449562, -41.659572260731522 ], [ 174.158187335477976, -41.660243303500621 ], [ 174.158256051930096, -41.660912794718421 ], [ 174.158373583477839, -41.661577952764979 ], [ 174.158473759886448, -41.662244838938712 ], [ 174.158562551364895, -41.662912694094317 ], [ 174.158638415854739, -41.663581636173525 ], [ 174.158716150764889, -41.664250413053971 ], [ 174.158831508545745, -41.664916765582127 ], [ 174.159011807965243, -41.665576517515596 ], [ 174.159141453472273, -41.666241009805844 ], [ 174.159305711806098, -41.666900820984587 ], [ 174.159502665304643, -41.667556493730977 ], [ 174.159707996373669, -41.668208825662404 ], [ 174.15984982482172, -41.66886978317843 ], [ 174.160099329094351, -41.669514526738688 ], [ 174.160313961000611, -41.670166090335648 ], [ 174.160499422476562, -41.670823007205819 ], [ 174.160739548808635, -41.671469873116685 ], [ 174.160943254677761, -41.672121443493452 ], [ 174.161143846326894, -41.672773420959444 ], [ 174.16135950013873, -41.673425439034474 ], [ 174.161611666059201, -41.674069608113641 ], [ 174.161834414838353, -41.674720758062442 ], [ 174.16205701712687, -41.675371936350203 ], [ 174.162296038291032, -41.676018427033554 ], [ 174.162541141861539, -41.676662471241755 ], [ 174.162808288789051, -41.677302826958972 ], [ 174.16307676287326, -41.677943462718545 ], [ 174.163315836507309, -41.678590175569916 ], [ 174.163548072275546, -41.679238296798076 ], [ 174.163780827849592, -41.679886306269225 ], [ 174.164074387952837, -41.680520480715366 ], [ 174.164391668495398, -41.681147415022025 ], [ 174.164688817057169, -41.681780587148118 ], [ 174.164939329992364, -41.68242543206032 ], [ 174.165186296007477, -41.683071158866433 ], [ 174.165489357883985, -41.683702156315412 ], [ 174.165838074798614, -41.68431931205069 ], [ 174.166145361970337, -41.684948405396931 ], [ 174.166436174368357, -41.685583577118948 ], [ 174.166730461938016, -41.686217749003632 ], [ 174.167024234529663, -41.686852061963208 ], [ 174.167282212517932, -41.687496586830036 ], [ 174.167622701719949, -41.688117480298146 ], [ 174.167932572911212, -41.688747191279433 ], [ 174.168255435902239, -41.689373273679671 ], [ 174.168549019174662, -41.690007713884661 ], [ 174.168871541754982, -41.690633882152177 ], [ 174.169225363683665, -41.691252041972902 ], [ 174.169603206430565, -41.691865286760802 ], [ 174.169961727310039, -41.692483345613532 ], [ 174.170334792670758, -41.693094406687592 ], [ 174.170653765073013, -41.693689772562102 ], [ 174.170977218701012, -41.694293699049517 ], [ 174.171316010944764, -41.694928843868482 ], [ 174.17167862945459, -41.695550676523766 ], [ 174.172063091595192, -41.696159534177859 ], [ 174.172405598988803, -41.696779601170505 ], [ 174.172719313985766, -41.697408209223539 ], [ 174.173081453592204, -41.698021465351438 ], [ 174.173470019145128, -41.698626752667167 ], [ 174.173849015295275, -41.699230202418427 ], [ 174.174241291097758, -41.699819464547836 ], [ 174.17465034346472, -41.700408551243761 ], [ 174.175024357551422, -41.70102052039357 ], [ 174.175455532010943, -41.701608879550413 ], [ 174.175858010421365, -41.702209016772166 ], [ 174.176283247285824, -41.702799460597888 ], [ 174.1766880895687, -41.70339849442653 ], [ 174.177149651843649, -41.703974191907633 ], [ 174.177616937855987, -41.704545483977405 ], [ 174.178104081419917, -41.705106018346946 ], [ 174.178542086017274, -41.705690125563223 ], [ 174.178970760315224, -41.706280065554729 ], [ 174.179433857302485, -41.70685469367465 ], [ 174.179898435475366, -41.707429602234058 ], [ 174.180350691907961, -41.708013363703401 ], [ 174.180819682971929, -41.708589455836879 ], [ 174.181252384665527, -41.709166518300123 ], [ 174.181713212910182, -41.709729246960009 ], [ 174.18218649410457, -41.710297516887756 ], [ 174.182650427757579, -41.710871367717878 ], [ 174.1831387901357, -41.71142988528937 ], [ 174.183628329641124, -41.711989326052574 ], [ 174.184151435114245, -41.71253481112943 ], [ 174.184699511470001, -41.713067214005484 ], [ 174.18523618512728, -41.713605329651905 ], [ 174.185780511671936, -41.714121397588166 ], [ 174.186358925885287, -41.714612861023575 ], [ 174.186946256244539, -41.715082912058222 ], [ 174.187553535381483, -41.71553898125827 ], [ 174.18820015494515, -41.716005345541731 ], [ 174.188856715569898, -41.716464751469154 ], [ 174.189509697152999, -41.716925219151292 ], [ 174.190151524837006, -41.71739465747163 ], [ 174.19081381832072, -41.717847665774904 ], [ 174.191467351664613, -41.718307696455277 ], [ 174.192133878542819, -41.718756541684407 ], [ 174.19279312374502, -41.719210994787517 ], [ 174.193466086455715, -41.719637924425292 ], [ 174.194107759997308, -41.720060952571266 ], [ 174.194811797311644, -41.720446854453904 ], [ 174.195521800583435, -41.720850150532833 ], [ 174.196256490431011, -41.72122624592992 ], [ 174.197000993616228, -41.721601705033898 ], [ 174.1977699806435, -41.721953940913153 ], [ 174.198505188739574, -41.722339728688283 ], [ 174.199305659452932, -41.722625154961001 ], [ 174.200054468378482, -41.722937594452709 ], [ 174.200813914495768, -41.723195734843756 ], [ 174.201464124850702, -41.72342922062505 ], [ 174.202206402872235, -41.723563272125411 ] ] } },
{ "type": "Feature", "properties": { "group_id": "nzd0364" }, "geometry": { "type": "LineString", "coordinates": [ [ 174.203534424850375, -41.723989623604112 ], [ 174.204304518081187, -41.724335645124995 ], [ 174.205092415003804, -41.724641552100756 ], [ 174.205860884275609, -41.724929512503543 ], [ 174.206648537732576, -41.725211648212124 ], [ 174.207483029167548, -41.725465692568754 ], [ 174.208284369173214, -41.725766681694026 ], [ 174.209088338836779, -41.726039771053216 ], [ 174.209855637738627, -41.72628045057531 ], [ 174.210643626753239, -41.726515879232608 ], [ 174.211487673149577, -41.726713749431788 ], [ 174.212338989369727, -41.726846421872011 ], [ 174.213161000588627, -41.726947397238213 ], [ 174.213844567579258, -41.727056982046221 ], [ 174.214588517644756, -41.727101027530281 ], [ 174.215351727354005, -41.72706766721226 ], [ 174.216173003263719, -41.726755807820602 ], [ 174.217107806974695, -41.726546910848711 ], [ 174.217930339172057, -41.726407747049755 ] ] } },
{ "type": "Feature", "properties": { "group_id": "nzd0365" }, "geometry": { "type": "LineString", "coordinates": [ [ 174.224548584304642, -41.722603988185071 ], [ 174.225138319998706, -41.723139247609829 ], [ 174.225811810953786, -41.723589225603426 ], [ 174.226546133603989, -41.723980181043373 ], [ 174.227242910633947, -41.724407687269206 ], [ 174.227952366185804, -41.724819021535502 ], [ 174.228678433458242, -41.725203156511519 ], [ 174.229431103514031, -41.725552126608584 ], [ 174.230157306660942, -41.725942170502279 ], [ 174.230905749414717, -41.72630416873001 ], [ 174.231646104970878, -41.726654546618398 ], [ 174.232430705949128, -41.726958474841233 ], [ 174.233203378048614, -41.727301449831721 ], [ 174.233987923704774, -41.727633345084271 ], [ 174.234770428997763, -41.727973107309175 ], [ 174.235577606570331, -41.728276008577872 ], [ 174.236342681437378, -41.728565422523459 ], [ 174.237131160515389, -41.728815354833323 ], [ 174.237962494153976, -41.729066472910162 ], [ 174.238789044856475, -41.729305610131853 ], [ 174.239608221446133, -41.729564390204494 ], [ 174.24045539033358, -41.729770555934309 ], [ 174.241274727012666, -41.729971706221285 ], [ 174.242030114557622, -41.730150500680665 ], [ 174.242783571684043, -41.73010110189562 ], [ 174.243563093398905, -41.729891632672079 ] ] } },
{ "type": "Feature", "properties": { "group_id": "nzd0366" }, "geometry": { "type": "LineString", "coordinates": [ [ 171.67144300020081, -41.73765531637369 ], [ 171.672933108732366, -41.738458022552081 ], [ 171.674210181427014, -41.738918453120327 ], [ 171.675014617921988, -41.738619645982254 ], [ 171.675169403861645, -41.737277279441152 ], [ 171.675870655870909, -41.736812731858059 ], [ 171.676616144141008, -41.736419244850559 ], [ 171.677346821721756, -41.736001967850243 ], [ 171.678058850493983, -41.735563704048005 ], [ 171.678708942874806, -41.735071194110191 ], [ 171.679348669047926, -41.73457697967428 ], [ 171.680103981715405, -41.734212002177287 ], [ 171.680863176868144, -41.733852140026343 ], [ 171.681683853171108, -41.733573300301124 ], [ 171.682531995275411, -41.733330653366536 ], [ 171.683393371131899, -41.733105442485943 ], [ 171.684227402146121, -41.732844192011711 ], [ 171.685050248919282, -41.732568716552009 ], [ 171.685914843840777, -41.732347899433826 ], [ 171.686756961153492, -41.732096784341394 ], [ 171.6875970108714, -41.731842787526659 ], [ 171.688454080491425, -41.731611024174434 ], [ 171.689232016055627, -41.731275866867534 ], [ 171.689982217478644, -41.730904472856423 ], [ 171.690771097036873, -41.73058361043875 ], [ 171.69151763790947, -41.730207431074618 ] ] } },
{ "type": "Feature", "properties": { "group_id": "nzd0367" }, "geometry": { "type": "LineString", "coordinates": [ [ 171.617938323553773, -41.733307265864831 ], [ 171.618803383492349, -41.733462771972313 ], [ 171.619624479817674, -41.733584112594428 ], [ 171.620361511386136, -41.733683456184643 ], [ 171.621191078195096, -41.733839661863655 ], [ 171.622098795661117, -41.733904591473532 ], [ 171.623008365702248, -41.733987290205853 ], [ 171.623910090217407, -41.73399462354616 ], [ 171.624807422549338, -41.733959771080762 ], [ 171.625700257114886, -41.733881730422091 ], [ 171.626592855525132, -41.733801425881964 ], [ 171.627485462150332, -41.733721203886404 ], [ 171.628373165562067, -41.733593921414908 ], [ 171.629318620574253, -41.733456048109602 ], [ 171.630304999834863, -41.73332325251306 ], [ 171.63124343827343, -41.733192146780119 ], [ 171.632155997799231, -41.733098214454479 ], [ 171.633064115750869, -41.733042440249356 ], [ 171.633950648232201, -41.733172222590298 ], [ 171.634839787937636, -41.733279600787426 ], [ 171.635741868895309, -41.733437151281848 ], [ 171.636771609730829, -41.733557288357623 ], [ 171.637732502872296, -41.733826624484649 ], [ 171.638507062688603, -41.734226777223945 ], [ 171.639355384231777, -41.734448611303783 ], [ 171.640175163531097, -41.734739450769133 ], [ 171.641030823304249, -41.734943545986624 ], [ 171.641903746408076, -41.735105903053473 ], [ 171.642760740842363, -41.735306770403433 ], [ 171.643615961563398, -41.73551192610568 ], [ 171.64446502850177, -41.735684630750718 ], [ 171.645357213934119, -41.735704625375057 ], [ 171.646215890542607, -41.735878667069493 ], [ 171.647078031447336, -41.736070181527154 ], [ 171.647964568179816, -41.736186060537719 ], [ 171.648782950982479, -41.736513248518655 ], [ 171.649672226440515, -41.736620637356005 ], [ 171.650526374875227, -41.736836940431559 ], [ 171.651386294576696, -41.736983352833981 ], [ 171.652262902388799, -41.737031510589823 ], [ 171.653147369836944, -41.737111205573662 ], [ 171.654044768533822, -41.73717131103411 ], [ 171.654949671965767, -41.737198313088811 ], [ 171.655874504724039, -41.737137406494867 ], [ 171.656768950280991, -41.737210519973402 ], [ 171.657682217083902, -41.73720060900478 ], [ 171.658578623241823, -41.737265064838809 ], [ 171.65955253762391, -41.73726237684938 ], [ 171.660555657034337, -41.737300817691541 ], [ 171.661487502692523, -41.73737892417163 ], [ 171.662402791780153, -41.737425819216114 ], [ 171.663318633429981, -41.73747123716263 ] ] } },
{ "type": "Feature", "properties": { "group_id": "nzd0368" }, "geometry": { "type": "LineString", "coordinates": [ [ 171.505128856583553, -41.745474145436617 ], [ 171.506110759058146, -41.745480970431402 ], [ 171.506921331526968, -41.745770118830983 ], [ 171.507692874854826, -41.746123582794503 ], [ 171.508481132088264, -41.746449504332354 ], [ 171.509234276816528, -41.746833289119166 ], [ 171.509957036141543, -41.747251875043936 ], [ 171.510681899221822, -41.747633486416781 ], [ 171.511388107180807, -41.748048193005289 ], [ 171.512052485069432, -41.748512432358687 ], [ 171.512781151655616, -41.748905051263449 ], [ 171.513560567039036, -41.749241132449605 ], [ 171.514349433826283, -41.749566681796054 ], [ 171.515164933492116, -41.749876822925962 ], [ 171.516015229175451, -41.750140773681998 ], [ 171.51686665315296, -41.750396433744868 ], [ 171.51771499937081, -41.750619181659047 ], [ 171.518594094290052, -41.750764807336218 ], [ 171.519483709553185, -41.750884043213411 ], [ 171.520370782718203, -41.751009651993236 ], [ 171.521277175877316, -41.751086796065159 ], [ 171.522193749746123, -41.75113839705439 ], [ 171.523114271194601, -41.751180088761004 ], [ 171.524029131317889, -41.751235974933302 ], [ 171.52494545065295, -41.75128819391427 ], [ 171.525692085671665, -41.751339176550225 ], [ 171.526392430975363, -41.751424144853551 ], [ 171.527281222359477, -41.751502014552209 ], [ 171.528165719299949, -41.751376491702935 ], [ 171.529068923190977, -41.751367228021032 ], [ 171.529965254769394, -41.75131524943972 ], [ 171.530879055732981, -41.751371817771492 ], [ 171.531779169817554, -41.751343326721283 ], [ 171.53267875179958, -41.751311522713486 ], [ 171.533577187316581, -41.751272589487705 ], [ 171.53447267769269, -41.751215354328252 ], [ 171.535365196614777, -41.751140161162255 ], [ 171.536258912713691, -41.751067609835538 ], [ 171.537151604437838, -41.750988985875857 ], [ 171.538045229364826, -41.750915163413467 ], [ 171.538932355461611, -41.750809986255341 ], [ 171.539821834873862, -41.750716160698126 ], [ 171.540713384432735, -41.750632319305033 ], [ 171.541605595964512, -41.750551668415113 ], [ 171.542489822327695, -41.75043249997556 ], [ 171.543374426792525, -41.750315155746733 ], [ 171.54426038028646, -41.750204318142629 ], [ 171.545147799543514, -41.750100549274556 ], [ 171.546024851219386, -41.749946782575371 ], [ 171.546901921767102, -41.749793110461219 ] ] } },
{ "type": "Feature", "properties": { "group_id": "nzd0369" }, "geometry": { "type": "LineString", "coordinates": [ [ 174.276981894037874, -41.726937605601897 ], [ 174.276644780541574, -41.727570575768674 ], [ 174.276347935610517, -41.728209648475087 ], [ 174.276205338893362, -41.728871926956423 ], [ 174.275982905517139, -41.729522146876832 ], [ 174.275934078437786, -41.730197675166494 ], [ 174.275968747042754, -41.730864411462996 ], [ 174.276008497814985, -41.731498868869387 ], [ 174.27619542087146, -41.732139381970832 ], [ 174.276412477336294, -41.732782323253844 ], [ 174.276595462612249, -41.733438809387437 ], [ 174.276689687801564, -41.734105523615781 ], [ 174.276592373402735, -41.734785034501648 ], [ 174.276406103982396, -41.735485870694717 ], [ 174.27619433000504, -41.736182569101487 ], [ 174.276349313186387, -41.736876568061128 ], [ 174.275929641602062, -41.737522749696701 ], [ 174.275813280411256, -41.738188086662852 ], [ 174.2759588296814, -41.738862669258218 ], [ 174.276068730720397, -41.739509682476161 ], [ 174.275968491302422, -41.740165956425919 ], [ 174.276096630047419, -41.740832456927656 ], [ 174.275977792033473, -41.741535907380957 ], [ 174.275863044927206, -41.74224515838435 ], [ 174.275588395332818, -41.742919317894042 ], [ 174.275277565838309, -41.743583950761355 ], [ 174.27458031278465, -41.744090036077061 ], [ 174.274047197044382, -41.744634765460496 ], [ 174.273952895798942, -41.745405200866692 ], [ 174.273475323298612, -41.745945508090351 ], [ 174.273070574582391, -41.746436156583705 ], [ 174.272818609952935, -41.747077330460293 ], [ 174.272532704425885, -41.747759040255012 ], [ 174.272204547560762, -41.748587871250919 ], [ 174.27097753689111, -41.748802491133397 ], [ 174.269894310313759, -41.748647554694948 ], [ 174.268995361699439, -41.748450141373873 ], [ 174.268058645303682, -41.748453723391961 ], [ 174.267168389681416, -41.748687067096284 ], [ 174.26656943337295, -41.749262851735523 ], [ 174.266043163999456, -41.749711452142598 ], [ 174.265686623731938, -41.750256199595604 ], [ 174.265364146849436, -41.750862487566998 ], [ 174.264946058352194, -41.751610898893247 ], [ 174.263936811434689, -41.751804703789084 ], [ 174.263547270830202, -41.752337626708488 ], [ 174.263380935191464, -41.753015976846335 ], [ 174.262972478127438, -41.75363705028623 ], [ 174.262282480080955, -41.754188168408902 ], [ 174.261376430247765, -41.754474839712607 ], [ 174.260697259631996, -41.75490661751099 ], [ 174.260839117667672, -41.75560857392923 ], [ 174.260964844222372, -41.756400483866102 ], [ 174.260065735835241, -41.756981990063913 ], [ 174.259218591558124, -41.75738674206395 ], [ 174.258215041536772, -41.757538684257177 ], [ 174.257545017097385, -41.757960372816591 ], [ 174.257410437368662, -41.758584219218896 ], [ 174.257425453076536, -41.759220273426948 ], [ 174.257374768456543, -41.759903130855143 ], [ 174.257009498831451, -41.760649550974748 ], [ 174.25623273187378, -41.761291526182021 ], [ 174.255117024064106, -41.761240652030587 ], [ 174.254187825300647, -41.761085232849226 ], [ 174.253263386087013, -41.76117465295372 ], [ 174.252406200511473, -41.761419892034688 ], [ 174.251610552574533, -41.761751527704938 ], [ 174.250824796975735, -41.76212006215669 ], [ 174.250103726047854, -41.762558398297308 ], [ 174.249430822232767, -41.763021624464699 ], [ 174.248846338284636, -41.763535003083973 ], [ 174.248334341138047, -41.764103146121606 ], [ 174.247869894075933, -41.76468989136167 ], [ 174.247429852676817, -41.765287560112888 ], [ 174.246895458769131, -41.765827274151874 ], [ 174.246277176419795, -41.766315460529938 ], [ 174.245676268714732, -41.766814807540868 ], [ 174.245017392764254, -41.767278089807526 ], [ 174.244334665872572, -41.767725608670951 ], [ 174.243732185004632, -41.768223166370092 ], [ 174.243218938973314, -41.768776525398856 ], [ 174.242735730674667, -41.769348665202095 ], [ 174.242300439552025, -41.769918383445571 ], [ 174.241947800995831, -41.770499399972863 ], [ 174.241747581245448, -41.771133137535301 ], [ 174.241452439061931, -41.771781278647985 ], [ 174.240807795955931, -41.772341228866438 ], [ 174.240301091537134, -41.772919626552429 ], [ 174.239835189641127, -41.77346119377296 ], [ 174.239400915936557, -41.774025646990061 ], [ 174.238820449850209, -41.774505446670084 ], [ 174.238435931962329, -41.775068585690839 ], [ 174.238133788021088, -41.775694291921845 ], [ 174.238178359640528, -41.776456729571485 ], [ 174.237513123049411, -41.776993645858994 ], [ 174.236982735602794, -41.777513870875197 ], [ 174.236926923312154, -41.778258607770297 ], [ 174.236057333227194, -41.778687010424882 ], [ 174.235324548675692, -41.779097818110252 ], [ 174.234788008257425, -41.77959240571316 ], [ 174.234485784634757, -41.780176125324573 ], [ 174.234180432045065, -41.780785947460785 ], [ 174.234056658550628, -41.781453558138452 ], [ 174.233926315610915, -41.78212008955817 ], [ 174.233573363651033, -41.782753422402628 ], [ 174.233350128881796, -41.783491720870749 ], [ 174.234068998618909, -41.785163201376285 ], [ 174.232198413341507, -41.784900969341045 ], [ 174.231174531396846, -41.785019303832421 ], [ 174.230301767875346, -41.785264820935929 ], [ 174.229501769873508, -41.785574181642609 ], [ 174.228772805730472, -41.78595225330443 ], [ 174.227983545368119, -41.786251341690075 ], [ 174.227250262757792, -41.786621453262804 ], [ 174.226663105375309, -41.787118174833154 ], [ 174.22590159005253, -41.787481440427953 ], [ 174.22510635385035, -41.787835834111384 ], [ 174.224446597309651, -41.78829438695108 ], [ 174.223713068674812, -41.788687089945753 ], [ 174.222955183542183, -41.789043189910672 ], [ 174.222262877398663, -41.789453568432329 ], [ 174.221517443316941, -41.78983609029595 ], [ 174.22087925605689, -41.790307669615714 ], [ 174.220239752609075, -41.790778867900748 ], [ 174.2196441852156, -41.791281064735443 ], [ 174.219038442719636, -41.791777599295997 ], [ 174.218510503064721, -41.792320518302631 ], [ 174.218041893825443, -41.79289315005969 ], [ 174.217590439798357, -41.793473063522804 ], [ 174.217133325270396, -41.794044885068999 ], [ 174.216694794543031, -41.794625966665102 ], [ 174.216345742366116, -41.795242022381807 ], [ 174.21604821588798, -41.795861098577689 ], [ 174.215740576177751, -41.796480088388762 ], [ 174.21548640316243, -41.79712478162147 ], [ 174.215238341483143, -41.797770976805104 ], [ 174.214943642462316, -41.79839802324296 ], [ 174.214707696346665, -41.799040553253548 ], [ 174.214453891216067, -41.79967667916592 ], [ 174.214106119842199, -41.800282521841183 ], [ 174.213741047467522, -41.800893996204607 ], [ 174.213563196777102, -41.801544874238125 ], [ 174.213603272099277, -41.802186703842743 ], [ 174.213285763707972, -41.802781507350893 ], [ 174.213381576782751, -41.803448993367823 ], [ 174.213240219077449, -41.804112538110473 ], [ 174.213233955069853, -41.80475839263093 ], [ 174.21332299951348, -41.80538339678295 ], [ 174.213579043267174, -41.806013378172132 ], [ 174.213686572918988, -41.806660637500066 ], [ 174.213999107347689, -41.80722920258971 ], [ 174.21434205250776, -41.807689929078784 ], [ 174.214844036843914, -41.808147862606226 ] ] } },
{ "type": "Feature", "properties": { "group_id": "nzd0370" }, "geometry": { "type": "LineString", "coordinates": [ [ 171.455865472440252, -41.774218010086884 ], [ 171.456771604917606, -41.774293627245157 ], [ 171.457497806994866, -41.773990809104149 ], [ 171.458200109109725, -41.773572600971605 ], [ 171.458869431177533, -41.773109829103632 ], [ 171.459545407275186, -41.772596275721739 ], [ 171.459767123098601, -41.771897427676926 ], [ 171.459935813846101, -41.771224662339719 ], [ 171.460042830484582, -41.770544450209577 ], [ 171.460024508065175, -41.769868521071004 ], [ 171.459878666347578, -41.769180178385966 ], [ 171.459757984095063, -41.768524095381977 ], [ 171.459437624999651, -41.767891594691235 ], [ 171.459030981958875, -41.76729010355519 ], [ 171.458830521122479, -41.766615430052113 ], [ 171.458423745398619, -41.766012944910351 ], [ 171.458018376390868, -41.765414902077737 ] ] } },
{ "type": "Feature", "properties": { "group_id": "nzd0371" }, "geometry": { "type": "LineString", "coordinates": [ [ 171.45858178144465, -41.805671823411728 ], [ 171.458545124502336, -41.804994893846008 ], [ 171.458427494343937, -41.804336810134274 ], [ 171.458375294889834, -41.803670264179857 ], [ 171.458373656884419, -41.802999647790138 ], [ 171.458294689007857, -41.802332323276858 ], [ 171.458233252470933, -41.801664243918026 ], [ 171.458158460001897, -41.800996727360626 ], [ 171.458098789320587, -41.800328558742365 ], [ 171.457983362783892, -41.799662869917256 ], [ 171.457968782560812, -41.798993359436942 ], [ 171.457884834404581, -41.798326143063036 ], [ 171.457827732124798, -41.797657710849982 ], [ 171.457780568942354, -41.796988951797438 ], [ 171.457708985704301, -41.79632097166914 ], [ 171.457616346604794, -41.795653662197601 ], [ 171.457579280222916, -41.794984557284927 ], [ 171.457541917498844, -41.794315454926341 ], [ 171.457448704502525, -41.793648262643721 ], [ 171.457351799156413, -41.79298211809482 ], [ 171.457280881380939, -41.792314820471326 ], [ 171.45723181536988, -41.791646008484321 ], [ 171.45725554384228, -41.790973269768003 ], [ 171.457132176562965, -41.79030844473894 ], [ 171.457066379727706, -41.789640512758986 ], [ 171.457066518324041, -41.788969023326011 ], [ 171.457025038725561, -41.78830021558386 ], [ 171.456983146503234, -41.787632330795454 ], [ 171.456870864383234, -41.786966761278812 ], [ 171.456795776972655, -41.786298996834873 ], [ 171.456670823432717, -41.785633148696697 ], [ 171.456585630743405, -41.78496576007182 ], [ 171.45651690654293, -41.784297729318297 ], [ 171.456446128707455, -41.783629770805042 ], [ 171.456415231857676, -41.782960269355215 ], [ 171.456360170296591, -41.782291695342181 ], [ 171.456274760306854, -41.781624646820532 ], [ 171.456230045849168, -41.78095435189055 ], [ 171.456155561631817, -41.780286546599122 ], [ 171.456098520279994, -41.779617271534349 ], [ 171.455966342964388, -41.778954290824444 ], [ 171.455775692614196, -41.778296207078149 ], [ 171.455567238087838, -41.777640607065116 ], [ 171.455226894249932, -41.777026740024539 ], [ 171.454787584511024, -41.776422844598216 ], [ 171.453525055457675, -41.776526246469267 ] ] } },
{ "type": "Feature", "properties": { "group_id": "nzd0372" }, "geometry": { "type": "LineString", "coordinates": [ [ 171.459338251735346, -41.840315366103987 ], [ 171.459376507944569, -41.839646129069294 ], [ 171.459369215319384, -41.83897683253565 ] ] } },
{ "type": "Feature", "properties": { "group_id": "nzd0374" }, "geometry": { "type": "LineString", "coordinates": [ [ 174.165546258357693, -41.859719846824099 ], [ 174.164962044916308, -41.860226157164938 ], [ 174.164436178546595, -41.860709521868401 ], [ 174.163903543426017, -41.861204583162738 ], [ 174.163409996292444, -41.861764074462464 ], [ 174.16305567846851, -41.862375032011116 ], [ 174.162757986167577, -41.86298942290825 ], [ 174.162318326651075, -41.86356232646812 ], [ 174.161946011594324, -41.864171166135876 ], [ 174.161652950346678, -41.864766627881728 ], [ 174.161623315109182, -41.865405533782159 ], [ 174.161686867799602, -41.865972236720204 ], [ 174.161782716528023, -41.866508109886482 ] ] } },
{ "type": "Feature", "properties": { "group_id": "nzd0375" }, "geometry": { "type": "LineString", "coordinates": [ [ 174.161611729871083, -41.868408017467722 ], [ 174.160633428680285, -41.868757517144232 ], [ 174.160457492893869, -41.869366538967157 ], [ 174.160622214427406, -41.870024170714053 ] ] } },
{ "type": "Feature", "properties": { "group_id": "nzd0377" }, "geometry": { "type": "LineString", "coordinates": [ [ 174.162957700605091, -41.873266968807989 ], [ 174.161828431098087, -41.873279214354433 ], [ 174.161100673115385, -41.873672158390434 ], [ 174.160430998023458, -41.874120173384732 ], [ 174.159727780192696, -41.874536381025621 ], [ 174.158990762077508, -41.874920536680982 ], [ 174.158286048371394, -41.87533532068101 ], [ 174.157628197334702, -41.875796704907614 ], [ 174.156930929987595, -41.876229619839613 ], [ 174.156245829726629, -41.876671989783404 ], [ 174.155586360151631, -41.877126138108117 ], [ 174.15495197690916, -41.877600476458866 ], [ 174.154322156258416, -41.878078484409912 ], [ 174.153664482471385, -41.878534068931721 ], [ 174.15304869644001, -41.879023367963022 ], [ 174.152463141837273, -41.879536998856729 ], [ 174.151861857912593, -41.880037729052624 ], [ 174.151281115834053, -41.880554308258368 ], [ 174.150672847097013, -41.881048966340174 ], [ 174.15004510672938, -41.881528371635959 ], [ 174.149392954445233, -41.881988330958329 ], [ 174.148727861381786, -41.882437980381631 ], [ 174.148061564539034, -41.882886667816521 ], [ 174.14738959269738, -41.883335472605694 ], [ 174.146732076446057, -41.883796681755278 ], [ 174.146155950990021, -41.884321561456019 ], [ 174.145766048988833, -41.885002227779886 ], [ 174.144971549688705, -41.885341314489359 ], [ 174.144224001335431, -41.885713625625804 ], [ 174.143534268445251, -41.886136823374137 ], [ 174.142896203273693, -41.886608110973135 ], [ 174.142330617671661, -41.887137639951817 ], [ 174.141756648760037, -41.887562727780441 ], [ 174.141110833773155, -41.88794595569216 ], [ 174.140554740623401, -41.888463792424808 ], [ 174.140371151328424, -41.889195369069689 ], [ 174.139688468556642, -41.889730439805582 ], [ 174.139003963189026, -41.89023220636102 ], [ 174.138312563620929, -41.890663941235253 ], [ 174.137598993229574, -41.891080591139911 ], [ 174.13682719004467, -41.891487013936079 ], [ 174.135760610465979, -41.891580275485389 ], [ 174.134907682322961, -41.891857503959081 ], [ 174.134234606232553, -41.892321018560644 ], [ 174.133754118821031, -41.892910880948371 ], [ 174.133417636111488, -41.893534657776094 ], [ 174.133227312167094, -41.894197029462163 ], [ 174.133107668802211, -41.894989024389652 ], [ 174.131935258579745, -41.89522961817633 ], [ 174.131277389727131, -41.89570026103236 ], [ 174.130832339852134, -41.896308139486031 ], [ 174.130324503368939, -41.89687150314613 ], [ 174.129550996334984, -41.897240555827295 ], [ 174.128959062856495, -41.897723910940876 ], [ 174.128459719754318, -41.898258127431454 ], [ 174.128201281649041, -41.898802743602609 ], [ 174.127863176657797, -41.899323866455383 ], [ 174.127694713881539, -41.900159121077152 ], [ 174.126951687528759, -41.900878576241752 ], [ 174.12581820802879, -41.900830961980361 ], [ 174.12507538929475, -41.901166320850237 ], [ 174.124368742764148, -41.901579135516258 ], [ 174.123624371794278, -41.901955656438524 ], [ 174.123065902387424, -41.902511014004467 ], [ 174.122419686729245, -41.902981956880033 ], [ 174.121676052633489, -41.903359179700615 ], [ 174.120793749016372, -41.903605277875101 ], [ 174.120040131523297, -41.903976327166376 ], [ 174.119324954294513, -41.904383027428835 ], [ 174.118589810674877, -41.9047675932541 ], [ 174.117836920656259, -41.905134317605651 ], [ 174.117082607072064, -41.905499608204899 ], [ 174.116352862637171, -41.905880868538709 ], [ 174.115688840076984, -41.906301397947402 ], [ 174.115099178009586, -41.906790848177742 ], [ 174.114559965271837, -41.90733399842339 ], [ 174.114027811706649, -41.907899181481703 ], [ 174.113359422641736, -41.90836124462318 ], [ 174.112610387882768, -41.908743099117665 ], [ 174.111896047307823, -41.909152869134012 ], [ 174.111239032471957, -41.909608767349503 ], [ 174.110664009405298, -41.910130643620718 ], [ 174.110077632512827, -41.910626987729259 ], [ 174.109426532741935, -41.911058874350211 ], [ 174.108756043411063, -41.911499825490317 ], [ 174.108187722593925, -41.912017732229991 ], [ 174.107673558274485, -41.912566126754427 ], [ 174.107156227409973, -41.913100620944469 ], [ 174.106633002400031, -41.913634377838285 ], [ 174.106109224352707, -41.914177681816 ], [ 174.105610994705899, -41.914727520163055 ], [ 174.105138435458883, -41.915275219426796 ], [ 174.104633309183725, -41.915814440033358 ], [ 174.104123238227885, -41.916365120800009 ], [ 174.103647354107665, -41.916924704148514 ], [ 174.103254455852607, -41.917516032580906 ], [ 174.102854509234874, -41.918110686667738 ], [ 174.102529042035627, -41.918739598407704 ], [ 174.102315468273133, -41.919379597817098 ], [ 174.102111829554474, -41.920014190694353 ], [ 174.101551837952826, -41.920555970395995 ], [ 174.101194584758872, -41.921169713842801 ], [ 174.101127130383787, -41.922009404643354 ], [ 174.099837978824723, -41.922344618082278 ], [ 174.098854492291224, -41.922565116909446 ], [ 174.098315901509807, -41.923039734853518 ], [ 174.09802635039253, -41.92366092004621 ], [ 174.097986244834431, -41.924281966387333 ], [ 174.098155934451228, -41.924894661120916 ], [ 174.098425231025402, -41.925553592185345 ], [ 174.098139851880319, -41.926240062383002 ], [ 174.097662623359497, -41.926861080439373 ], [ 174.097720644833458, -41.927377099898351 ], [ 174.097738589951064, -41.927787189198348 ], [ 174.097880320173232, -41.928242137344121 ], [ 174.098158284880697, -41.928822367742107 ] ] } },
{ "type": "Feature", "properties": { "group_id": "nzd0378" }, "geometry": { "type": "LineString", "coordinates": [ [ 174.096704190876324, -41.930189520865888 ], [ 174.096774770581959, -41.931101429669198 ], [ 174.096321887438876, -41.931690240254618 ], [ 174.095482546612999, -41.932024163055146 ], [ 174.09514728946192, -41.932638371547426 ], [ 174.094874899298361, -41.933293993078152 ], [ 174.094340329429656, -41.93382618961008 ], [ 174.093855006307933, -41.934381608104019 ], [ 174.093234725987173, -41.934894554258051 ], [ 174.092806977008735, -41.9355088774536 ], [ 174.092109267271866, -41.935975009525812 ], [ 174.091581123649661, -41.936520877179234 ], [ 174.090918407104652, -41.937001228210164 ], [ 174.090412401914165, -41.937598686888023 ], [ 174.089958646459962, -41.938232006128239 ], [ 174.089021567222517, -41.938461285770515 ], [ 174.088196808365552, -41.938782519357581 ], [ 174.087292278634919, -41.939033012904545 ], [ 174.086525171860671, -41.939396869514376 ], [ 174.085858185152233, -41.939852865406642 ], [ 174.085326135769606, -41.940410234480204 ], [ 174.084787386559839, -41.940950318474492 ], [ 174.084337425041525, -41.941523904880597 ], [ 174.084037967225555, -41.942130936294973 ], [ 174.083661336426132, -41.942701857013979 ], [ 174.083548057510512, -41.943332629455035 ], [ 174.083346971181527, -41.943970822760726 ], [ 174.083751525352142, -41.944678914889678 ], [ 174.083692549506281, -41.945490390828525 ], [ 174.082876375341982, -41.946124990352466 ], [ 174.081846563535407, -41.946371991751711 ], [ 174.081214636796886, -41.946850817564794 ], [ 174.080319619908011, -41.947098639087798 ], [ 174.079595583224886, -41.947496583104268 ], [ 174.078957533869726, -41.947970024687109 ], [ 174.078247071316213, -41.948379881525128 ], [ 174.077513541102462, -41.948769480720181 ], [ 174.076911163198702, -41.949272433575409 ], [ 174.076260871924092, -41.949730028868295 ], [ 174.075585266529771, -41.950169649297322 ], [ 174.074905959236276, -41.950607825962152 ], [ 174.074297743968856, -41.95110168448798 ], [ 174.073739363488983, -41.95164540101954 ], [ 174.072974389095805, -41.952018406797968 ], [ 174.07223980586798, -41.952406740323191 ], [ 174.071558802497378, -41.952843495216278 ], [ 174.070893647609125, -41.953295263670114 ], [ 174.070139453584403, -41.953662667643201 ], [ 174.069403219434207, -41.954047085162429 ], [ 174.06868646977037, -41.954449961071468 ], [ 174.067964009708845, -41.954847423757265 ], [ 174.067240328254172, -41.955237710816625 ], [ 174.066587404277584, -41.955686207974942 ], [ 174.065929112190901, -41.9561405143317 ], [ 174.06529863511534, -41.956616611703041 ], [ 174.064648292439131, -41.957078909139526 ], [ 174.064024190076736, -41.957559786392252 ], [ 174.063425466002002, -41.958057955037809 ], [ 174.062809724523532, -41.958544409076239 ], [ 174.062158426636415, -41.959002756324757 ], [ 174.061488758966277, -41.959444148553324 ], [ 174.060814988599475, -41.959886190155359 ], [ 174.060200722573143, -41.960376182699797 ], [ 174.059532654488237, -41.960822813469754 ], [ 174.058879235592968, -41.961282016703194 ], [ 174.058261339894528, -41.961767649272019 ], [ 174.057617827318722, -41.962234056651027 ], [ 174.056944186940456, -41.962678689422432 ], [ 174.056293260356483, -41.963139729860281 ], [ 174.055669016459348, -41.963620045754986 ], [ 174.055078952938032, -41.964125054537725 ], [ 174.054489523290044, -41.964630517846274 ], [ 174.053862331759262, -41.965108693470192 ], [ 174.053234179440295, -41.965586171348093 ], [ 174.052621339586011, -41.966074682256675 ], [ 174.05199055763552, -41.966550084861126 ], [ 174.05135363251884, -41.967021230761482 ], [ 174.050704837737868, -41.967484084225006 ], [ 174.050064424502722, -41.967953071492822 ], [ 174.049425019817306, -41.968423688441206 ], [ 174.048829590975373, -41.96892443772358 ], [ 174.048206931607638, -41.969406451396438 ], [ 174.047572282119404, -41.969885160915737 ], [ 174.047047698292801, -41.970432535025893 ], [ 174.04656363778318, -41.97100221981534 ], [ 174.046088917677736, -41.971545208252628 ], [ 174.045493061076996, -41.971993386218664 ], [ 174.044889156048811, -41.972439349022487 ], [ 174.044079421510617, -41.972731498545514 ], [ 174.043318555830865, -41.97310518138994 ], [ 174.042574609307735, -41.973488613011199 ], [ 174.041880611076948, -41.973912642449953 ], [ 174.041153531937255, -41.974308387357858 ], [ 174.040470238733207, -41.974744575301372 ], [ 174.039776209328664, -41.975169738659908 ], [ 174.039103893714696, -41.975612860582302 ], [ 174.038420517508314, -41.97605785575567 ], [ 174.037800178047945, -41.976551708084124 ], [ 174.037147617869607, -41.977011745467607 ], [ 174.036512227949487, -41.977483866377163 ], [ 174.035884991479776, -41.977961632955882 ], [ 174.035257763554142, -41.978438701932568 ], [ 174.034604807787446, -41.978897056208083 ], [ 174.033964388306373, -41.979365384670217 ], [ 174.033319798546756, -41.979830624271322 ], [ 174.032692572116758, -41.980310263096321 ], [ 174.032098302462629, -41.980813883254008 ], [ 174.031495060791826, -41.981309412784242 ], [ 174.030868373839013, -41.981787839974302 ], [ 174.030262705659339, -41.982281321020395 ], [ 174.029625251805015, -41.982754814392742 ], [ 174.029055596391117, -41.983274820567175 ], [ 174.028428567317263, -41.983755923573462 ], [ 174.027833792253261, -41.984256514047814 ], [ 174.027283712359207, -41.984785243047867 ], [ 174.026692625452313, -41.985288147741926 ], [ 174.026109180236233, -41.985795350500098 ], [ 174.025508039653857, -41.986290119932768 ], [ 174.024889658073505, -41.986773823850285 ], [ 174.024294320100097, -41.987273076591777 ], [ 174.023646611445145, -41.987729505587623 ], [ 174.022994568959518, -41.988181309831035 ], [ 174.022363685358982, -41.988661706188999 ], [ 174.021761060140875, -41.989166927287123 ], [ 174.021259702157948, -41.989729553000245 ], [ 174.020683380654589, -41.990248352682507 ], [ 174.02018059635455, -41.990805365677979 ], [ 174.0197059816619, -41.991373993417966 ], [ 174.019249682570518, -41.991947533227339 ], [ 174.018774769852712, -41.992502931203411 ], [ 174.018213218904435, -41.993014465093729 ], [ 174.017705917887639, -41.993564916799244 ], [ 174.017150017730785, -41.99408511070267 ], [ 174.016529540687969, -41.994575888041105 ], [ 174.016268570669325, -41.995198826372885 ], [ 174.015991558391619, -41.995833706599662 ], [ 174.015630063754031, -41.996422271145178 ], [ 174.01508762534894, -41.996868241980096 ], [ 174.014411320775054, -41.997304331248301 ], [ 174.013826824731922, -41.997822026711169 ], [ 174.013233788324129, -41.998335119061373 ], [ 174.012711074288006, -41.998900866996934 ], [ 174.01228783625416, -41.999502468612306 ], [ 174.011760372232033, -42.000065277585776 ], [ 174.011463404664198, -42.00072694395655 ], [ 174.011364143923146, -42.00143647238356 ], [ 174.011410380093395, -42.002128319785037 ], [ 174.011662993591386, -42.002781783393672 ], [ 174.01191309114796, -42.003412432995013 ], [ 174.012143440357704, -42.00401704091469 ], [ 174.011655722607259, -42.004500838773687 ], [ 174.010853792478741, -42.004709725977278 ], [ 174.010286004455907, -42.005244978365482 ], [ 174.009575245809032, -42.005662751852881 ], [ 174.008849456891369, -42.006088999648576 ], [ 174.008329778012239, -42.006686312803048 ], [ 174.00790268488052, -42.007300691718378 ], [ 174.007418439326756, -42.00786355924479 ], [ 174.006902633814377, -42.0084073196752 ], [ 174.006316265132568, -42.00890083922063 ], [ 174.005629738685798, -42.009328136257054 ], [ 174.005014037367658, -42.009813825964848 ], [ 174.004414357304967, -42.010306332120173 ], [ 174.003834832964486, -42.010814783712398 ], [ 174.003221843835206, -42.011303043046901 ], [ 174.002601558420452, -42.011785948755666 ], [ 174.001976507751522, -42.012265716393415 ], [ 174.001330948904865, -42.012733039724694 ], [ 174.000744110049197, -42.013241331638099 ], [ 174.000142683660329, -42.013737147614947 ], [ 173.999513433934027, -42.014213906575677 ], [ 173.998931380307141, -42.014726079452579 ], [ 173.998335812261388, -42.015230296452529 ], [ 173.997779166060411, -42.015755454267811 ], [ 173.997212882730679, -42.016273871737312 ], [ 173.996607895556082, -42.016771974740799 ], [ 173.996079470586835, -42.017314353205435 ], [ 173.995555079357189, -42.017857239648428 ], [ 173.995016567983328, -42.018391524000741 ], [ 173.994477954381779, -42.018925202353792 ], [ 173.993943848954615, -42.019458535703912 ], [ 173.993382447488955, -42.019976920902849 ], [ 173.992852667351855, -42.020516182152363 ], [ 173.992302743730932, -42.021043895523107 ], [ 173.991757392182166, -42.021574282640245 ], [ 173.991251768673322, -42.02212741311579 ], [ 173.990708292516956, -42.022658779908113 ], [ 173.990168018110808, -42.023191907653782 ], [ 173.989588647311791, -42.023701527051543 ], [ 173.98901212467959, -42.024212413819406 ], [ 173.988424506873997, -42.02471769019639 ], [ 173.987841017611856, -42.025225429187458 ], [ 173.987252915239992, -42.025730407567195 ], [ 173.986698743536095, -42.026255655682981 ], [ 173.986108132183176, -42.026760743186948 ], [ 173.98554735064522, -42.027284692643526 ], [ 173.985036209181004, -42.027835352772932 ], [ 173.984489447990683, -42.028364789000314 ], [ 173.983953322349208, -42.02890023990863 ], [ 173.983380568359649, -42.029414957026844 ], [ 173.98287882242019, -42.029969855972951 ], [ 173.982327826258654, -42.030496877923298 ], [ 173.98177861682376, -42.031026389750075 ], [ 173.981224050045881, -42.031553823107096 ], [ 173.980661364379586, -42.032075828124718 ], [ 173.980138424342755, -42.032618344151089 ], [ 173.979612563772776, -42.033157554410138 ], [ 173.979053402730756, -42.033676283580895 ], [ 173.978500797640777, -42.034200290472398 ], [ 173.977994175375727, -42.034753574332214 ], [ 173.977472040683779, -42.035299150848175 ], [ 173.976965910144116, -42.035852135096036 ], [ 173.976423875899656, -42.036384513381726 ], [ 173.975873507382829, -42.036912650648311 ], [ 173.975329514126742, -42.037444844126085 ], [ 173.974798675532384, -42.037983910314971 ], [ 173.974274263209509, -42.038525672251602 ], [ 173.973731036153708, -42.039057686278177 ], [ 173.973392734489153, -42.039429615970569 ] ] } },
{ "type": "Feature", "properties": { "group_id": "nzd0379" }, "geometry": { "type": "LineString", "coordinates": [ [ 171.394391836468344, -42.014817140707002 ], [ 171.394557765819854, -42.014168533361691 ], [ 171.39474450615802, -42.01352177786945 ], [ 171.394933391624107, -42.012877282633326 ], [ 171.395116066594341, -42.012222506151474 ], [ 171.395298901505896, -42.011569282869125 ], [ 171.395434664418246, -42.010909547235741 ], [ 171.395607654844667, -42.010253296087896 ], [ 171.395761816864251, -42.009607066426859 ], [ 171.395869860873887, -42.008956922141138 ], [ 171.396085748859008, -42.00830753300481 ], [ 171.396251226257164, -42.00765163395166 ], [ 171.396499449468848, -42.007006371157388 ] ] } },
{ "type": "Feature", "properties": { "group_id": "nzd0380" }, "geometry": { "type": "LineString", "coordinates": [ [ 171.363960466597803, -42.059666483396875 ], [ 171.364043882254492, -42.059002375596961 ], [ 171.364120514124522, -42.058337706864421 ], [ 171.364202804722737, -42.05767349330327 ], [ 171.364312738687602, -42.057011530278707 ], [ 171.364423632125607, -42.056349638672771 ], [ 171.364549523571952, -42.055688964930262 ], [ 171.364699925041663, -42.055030285830533 ], [ 171.364841097036276, -42.054370846068927 ], [ 171.364934434766525, -42.053707493057111 ], [ 171.364997234278746, -42.053041639240924 ] ] } },
{ "type": "Feature", "properties": { "group_id": "nzd0382" }, "geometry": { "type": "LineString", "coordinates": [ [ 173.972921197816447, -42.0399978854445 ], [ 173.972452705805068, -42.040567657400366 ], [ 173.971969046119739, -42.041127823110045 ], [ 173.971510007905948, -42.041692161524082 ], [ 173.971015602257239, -42.042244252871704 ], [ 173.970487330084239, -42.042785322521617 ], [ 173.969949085025121, -42.043322109466864 ], [ 173.969438591254942, -42.043873124242907 ], [ 173.968941068322835, -42.044428581444471 ], [ 173.968433441870502, -42.044978181287775 ], [ 173.967977459011422, -42.045553550792981 ], [ 173.967482033222325, -42.046110020745182 ], [ 173.966982992624452, -42.046664772905366 ], [ 173.966459857757258, -42.047207390650399 ], [ 173.96593668099004, -42.047750711812249 ], [ 173.965425285520354, -42.048300347667031 ], [ 173.964906997207549, -42.048846243551601 ], [ 173.964410396264867, -42.049404520725737 ], [ 173.963934123701165, -42.049973021425004 ], [ 173.963454519300143, -42.050538195401487 ], [ 173.962980456524662, -42.051105294682706 ], [ 173.962544293250232, -42.051688474923999 ], [ 173.962111510511448, -42.052273084748961 ], [ 173.961629573874006, -42.05283563368716 ], [ 173.961145905243853, -42.053396581544312 ], [ 173.960659534512246, -42.053957449316748 ], [ 173.960162595681794, -42.054514060613883 ], [ 173.959701203638559, -42.055086350412779 ], [ 173.959240149202373, -42.055658784027713 ], [ 173.958774280777874, -42.056228623143895 ], [ 173.958301498808254, -42.056787498210525 ], [ 173.957830475048041, -42.057348138788903 ], [ 173.957319933632817, -42.057896936126433 ], [ 173.956822916474493, -42.05845254358767 ], [ 173.95632570711976, -42.059008049440109 ], [ 173.955834258176168, -42.059566453199722 ], [ 173.955341325791125, -42.060128214579237 ], [ 173.95488259981056, -42.060710248187611 ], [ 173.954413290303165, -42.061286386875274 ], [ 173.953997447421074, -42.061877546387876 ], [ 173.953598528104806, -42.062475212116539 ], [ 173.953218483759514, -42.063081689755698 ], [ 173.952882146908024, -42.063705336686688 ], [ 173.952491460387563, -42.064309265514666 ], [ 173.952130893776285, -42.064920210791648 ], [ 173.951722351936496, -42.065516259712219 ], [ 173.951329905278783, -42.066116133986455 ], [ 173.950933975713326, -42.066714610264498 ], [ 173.950567520111321, -42.067323540717979 ], [ 173.95022598816314, -42.067943583842407 ], [ 173.9498980182222, -42.068569446516072 ], [ 173.949589154321615, -42.069197723983031 ], [ 173.949289193208841, -42.069826388192375 ], [ 173.94895056882666, -42.07044431928766 ], [ 173.948604934454636, -42.071060299398106 ], [ 173.948257035724311, -42.071674837957559 ], [ 173.947976697930642, -42.072307892102614 ], [ 173.947670258812991, -42.072934423115576 ], [ 173.94733606323436, -42.073553416504431 ], [ 173.947000683927001, -42.074172064873508 ], [ 173.946646889007951, -42.07478388449195 ], [ 173.946237476814588, -42.075367880426057 ], [ 173.945841725825375, -42.07595554378274 ], [ 173.945451003765754, -42.076555941662718 ], [ 173.945057596921941, -42.077155358912222 ], [ 173.944670392729932, -42.077757023073659 ], [ 173.94427484183538, -42.078358450370068 ], [ 173.943886276494794, -42.078965838318865 ], [ 173.94349895742161, -42.079571528579763 ], [ 173.943124335701924, -42.080177768172263 ], [ 173.94275072424756, -42.080784339028504 ], [ 173.942390530910245, -42.0813951273431 ], [ 173.942029467971054, -42.082005625175199 ], [ 173.941651464472756, -42.082610701422745 ], [ 173.941258625699845, -42.083197901321455 ], [ 173.940866435348283, -42.083780480356729 ], [ 173.940468809255947, -42.084375501422372 ], [ 173.940059887672078, -42.084969361620715 ], [ 173.939672758716569, -42.085574269105422 ], [ 173.939287277379435, -42.086193200977384 ], [ 173.938907572116022, -42.086814874197785 ], [ 173.938576856854667, -42.087428839283611 ], [ 173.938273904744591, -42.088047428112986 ], [ 173.937971325676415, -42.088673748996406 ], [ 173.937635335816594, -42.089292150877583 ], [ 173.93729280634912, -42.089909908250561 ], [ 173.936957163099351, -42.090535657052001 ], [ 173.93665822945826, -42.09117086097698 ], [ 173.936335810030783, -42.091794256621526 ], [ 173.936000932251261, -42.092414031615903 ], [ 173.935707568522702, -42.093041540537094 ], [ 173.935387004998972, -42.093662733792151 ], [ 173.935117313738687, -42.094298754652058 ], [ 173.934836254658649, -42.094931895126024 ], [ 173.934540483997154, -42.095561309851085 ], [ 173.934265874361103, -42.096195092513447 ], [ 173.933963141516756, -42.096821533596788 ], [ 173.933676470164983, -42.09745313199155 ], [ 173.933341485392816, -42.098072283219139 ], [ 173.933049340209664, -42.098702596111295 ], [ 173.932745761223572, -42.099330533423014 ], [ 173.932450812982296, -42.099961764854299 ], [ 173.932170378906932, -42.10059604637086 ], [ 173.931882974534432, -42.101227518521348 ], [ 173.931599592633233, -42.101859986343193 ], [ 173.931335353020899, -42.102497306420858 ], [ 173.931078654046843, -42.10313672319954 ], [ 173.930812154113426, -42.103773567879962 ], [ 173.930546412205871, -42.104410345209914 ], [ 173.930285305711777, -42.105048895326973 ], [ 173.930003718662448, -42.105682929967593 ], [ 173.929752446119835, -42.106323386509047 ], [ 173.929472845224723, -42.106956836640407 ], [ 173.929213373582712, -42.107594878887888 ], [ 173.928968503541057, -42.108237320596459 ], [ 173.928729101451125, -42.10888103227856 ], [ 173.928470369628656, -42.10952013022866 ], [ 173.928228410863426, -42.110162009997822 ], [ 173.927996786927935, -42.110805888300547 ], [ 173.927768015790178, -42.111450313535407 ], [ 173.927532334317874, -42.112094483146656 ], [ 173.927329205232752, -42.112744874806083 ], [ 173.927133893380187, -42.113395550907569 ], [ 173.926945380215557, -42.114047162374163 ], [ 173.926763250182972, -42.114699859779435 ], [ 173.926603897433921, -42.115356453062596 ], [ 173.926438537155065, -42.116011532827734 ], [ 173.926253400247816, -42.116663417451818 ], [ 173.926104149233282, -42.117320934872204 ], [ 173.925908419056981, -42.117971346922772 ], [ 173.92569093278621, -42.118618429543311 ], [ 173.925531434799979, -42.119274039523674 ], [ 173.925372125416061, -42.119928042837998 ], [ 173.925220231268952, -42.120583684628848 ], [ 173.925093748549216, -42.121243347865288 ], [ 173.924978250736871, -42.12190420386748 ], [ 173.924863951519967, -42.122564073897479 ], [ 173.924761908354668, -42.123220759837679 ], [ 173.924664931745923, -42.123880825831733 ], [ 173.924576054693517, -42.124544709436272 ], [ 173.924507547755155, -42.125209300747514 ], [ 173.924449795824387, -42.12587426241803 ], [ 173.924355957194052, -42.126537742936108 ], [ 173.924269147899992, -42.127200636829713 ], [ 173.92419208173763, -42.127864143018122 ], [ 173.924173259389619, -42.128531300958763 ], [ 173.924136386234295, -42.129197404926401 ], [ 173.924091488181688, -42.129863036458843 ], [ 173.924071288281226, -42.130525748017995 ], [ 173.92409694654296, -42.13118206998378 ], [ 173.924099943464824, -42.131846497465872 ], [ 173.924096558702644, -42.132514729815156 ], [ 173.924123063630134, -42.133181291886835 ], [ 173.924195339477706, -42.133845299989908 ], [ 173.924259072414827, -42.134509634146404 ], [ 173.924353299447432, -42.135170630900276 ], [ 173.924458611116137, -42.135834254738413 ], [ 173.924620444962926, -42.136489602655807 ], [ 173.924833396657817, -42.137137262788471 ], [ 173.925059607312647, -42.137782872147412 ], [ 173.925370357412618, -42.138398699961556 ], [ 173.925642042951807, -42.139023984815189 ], [ 173.925949067060031, -42.139654084105125 ], [ 173.926338448417937, -42.140254350283229 ], [ 173.926771153661974, -42.140838920183825 ], [ 173.927246887057976, -42.141399158792701 ], [ 173.927728619380844, -42.141953336969401 ], [ 173.928203273854081, -42.142521287095235 ], [ 173.928700928734202, -42.143076714709089 ], [ 173.929179197849095, -42.143642720417745 ], [ 173.929688639463649, -42.144190812276179 ], [ 173.930224744180151, -42.144723673237408 ], [ 173.93077194471573, -42.1452525193803 ], [ 173.93131689333697, -42.145783218992534 ], [ 173.93186044131221, -42.146314618807409 ], [ 173.932309965465492, -42.146893345146161 ], [ 173.932753825993302, -42.147472954730667 ], [ 173.933135628972622, -42.148073991297927 ], [ 173.933483047530416, -42.148689817288819 ], [ 173.933880146376055, -42.149288201168602 ], [ 173.934338187671784, -42.149862745607116 ], [ 173.934766150190598, -42.150448388790096 ], [ 173.935206364407321, -42.151029100129136 ], [ 173.93558201633607, -42.151635739947821 ], [ 173.935915122846325, -42.152259568060018 ], [ 173.936245600486046, -42.152874998735491 ], [ 173.936516093082133, -42.153497748186368 ], [ 173.936894457450961, -42.154108906367703 ], [ 173.937358233637639, -42.15469441296402 ], [ 173.937822690706867, -42.155268317629918 ], [ 173.938289610444599, -42.155838152919529 ], [ 173.938684862406632, -42.156432709975938 ], [ 173.938961856176263, -42.15704756399743 ], [ 173.939258091322841, -42.157660728491379 ] ] } },
{ "type": "Feature", "properties": { "group_id": "nzd0384" }, "geometry": { "type": "LineString", "coordinates": [ [ 173.903161608953951, -42.184004189772111 ], [ 173.902378749486104, -42.184331428043684 ], [ 173.901601001967578, -42.184664870580953 ], [ 173.900841813430986, -42.185020843654584 ], [ 173.90007473795157, -42.185367239407718 ], [ 173.89931754070065, -42.185725626736968 ], [ 173.898574674675103, -42.186101412434112 ], [ 173.897833413522761, -42.186479988366393 ], [ 173.897075594610072, -42.186838710948827 ], [ 173.896348840148448, -42.187231153846071 ], [ 173.895585427288864, -42.187583529462515 ], [ 173.894848859098573, -42.187965488655117 ], [ 173.894132552300078, -42.188368404335925 ], [ 173.893379987636905, -42.188740954120206 ], [ 173.892676501647998, -42.189155326366205 ], [ 173.891974318064541, -42.189570838115053 ], [ 173.891261359556211, -42.18997689495113 ], [ 173.890570110238883, -42.190401992472054 ], [ 173.889877811064764, -42.190826166143914 ], [ 173.889203590014887, -42.191266195538972 ], [ 173.888537227917737, -42.191713116264296 ], [ 173.887877258433235, -42.192165642064694 ], [ 173.88723339044833, -42.192632289958347 ], [ 173.886612730602309, -42.193119294239615 ], [ 173.885990978262754, -42.193597665638094 ], [ 173.885428877451773, -42.194108316658863 ], [ 173.884836584736348, -42.19460331271776 ], [ 173.884269831707115, -42.195121573367608 ], [ 173.88371071686862, -42.195645077547589 ], [ 173.883124854790879, -42.196150209312719 ], [ 173.88256438263403, -42.196672898572047 ], [ 173.882008451672789, -42.197198730509896 ], [ 173.881508861957201, -42.197763180822598 ], [ 173.881091939821118, -42.19835686956381 ], [ 173.880815562236307, -42.198929916849835 ], [ 173.880634309444218, -42.199544608322242 ], [ 173.880366958397957, -42.200247501841126 ], [ 173.879989324248982, -42.200935036821313 ], [ 173.879503303036415, -42.201482366781143 ], [ 173.879049534888424, -42.201991838702867 ], [ 173.878733286783785, -42.202311462095928 ], [ 173.878464271202006, -42.20266384378219 ], [ 173.878129646923043, -42.203215212164423 ], [ 173.877975052462745, -42.203820137684289 ] ] } },
{ "type": "Feature", "properties": { "group_id": "nzd0385" }, "geometry": { "type": "LineString", "coordinates": [ [ 171.303513375562147, -42.270882851460385 ], [ 171.303868863882514, -42.270271560040534 ], [ 171.304139774225206, -42.269636945777989 ], [ 171.304375394901399, -42.268992596457423 ], [ 171.304598030217079, -42.268347789674557 ], [ 171.304789470716344, -42.267706481781971 ], [ 171.304958592598666, -42.267059296131031 ], [ 171.305121435287873, -42.266405004879516 ], [ 171.305345423760599, -42.265761025103387 ], [ 171.305529762992307, -42.265111484183983 ], [ 171.305714734895815, -42.264464932683694 ], [ 171.30592707605166, -42.263820317375725 ], [ 171.306166434320744, -42.263176628665931 ], [ 171.306270740413936, -42.262515187631486 ], [ 171.306391971733404, -42.261855963675409 ], [ 171.306581824445431, -42.261205749626967 ], [ 171.306735434672333, -42.260550766558133 ], [ 171.307024200877578, -42.2599135359185 ], [ 171.307084716310158, -42.259246306745631 ], [ 171.307293456578662, -42.258598547235501 ], [ 171.307263816586612, -42.257919457907519 ], [ 171.30738643965924, -42.2572614007345 ], [ 171.307478156146146, -42.256601026996776 ], [ 171.307582855086594, -42.255941257746613 ], [ 171.307694857361042, -42.25528153499527 ], [ 171.307809051664492, -42.254622035352725 ], [ 171.307903543436765, -42.253960461444223 ], [ 171.307998148950077, -42.253298892559883 ], [ 171.308130316463945, -42.252641258141928 ], [ 171.308268227988179, -42.251984219551332 ], [ 171.308438268124377, -42.25133054531576 ], [ 171.30853064739739, -42.250671720172662 ], [ 171.308577463292579, -42.250012207599497 ], [ 171.308647483504814, -42.249350334360436 ], [ 171.30876362485489, -42.248689089844646 ], [ 171.308846304599456, -42.248026510084848 ], [ 171.308907713340346, -42.247363079001133 ], [ 171.308965801201367, -42.246699509100289 ], [ 171.309005613094115, -42.246035206772177 ], [ 171.309082916013296, -42.245372385572132 ], [ 171.309102578821467, -42.244707269474752 ], [ 171.309133400655838, -42.244042589310759 ], [ 171.30921190705277, -42.243379794884873 ], [ 171.309328114694125, -42.242718489893321 ], [ 171.30929512197136, -42.242051255793051 ], [ 171.309276365992702, -42.241384579748775 ], [ 171.309314851478717, -42.240720168786808 ], [ 171.309322249793638, -42.240054516871929 ], [ 171.309343524115405, -42.239389408739726 ], [ 171.309374146805823, -42.238724680262067 ], [ 171.30938475858872, -42.238059690952852 ], [ 171.309396381149753, -42.237391316791175 ], [ 171.309437380974202, -42.236725052400672 ], [ 171.309465205765065, -42.236057588433432 ], [ 171.309553083982195, -42.235395553505519 ], [ 171.309625741489072, -42.234732133864036 ], [ 171.309747715696034, -42.234073171448308 ], [ 171.309886266107128, -42.233415702590307 ], [ 171.309990767147639, -42.232755144656004 ], [ 171.310207505314935, -42.232104739485479 ], [ 171.310622393172395, -42.231472263347158 ], [ 171.310564287047413, -42.230796965890285 ], [ 171.310743495066362, -42.230143142631789 ], [ 171.310984956043967, -42.229494947372231 ], [ 171.311177497859916, -42.228842317099982 ], [ 171.311391097936536, -42.228191585955564 ], [ 171.311592908273781, -42.22754829069828 ], [ 171.311775701391326, -42.226904807481297 ], [ 171.311981616086257, -42.226255445912223 ], [ 171.312125928592735, -42.225598931474273 ], [ 171.312257796562989, -42.224940970566905 ], [ 171.312385636752197, -42.224282536849884 ], [ 171.312516283381456, -42.223624420919471 ], [ 171.312660879187945, -42.222967911798754 ], [ 171.312776634883903, -42.222308059510162 ], [ 171.312908239531964, -42.221650033802888 ], [ 171.312995600607053, -42.220986882970244 ], [ 171.313139438849703, -42.220330258749307 ], [ 171.313238101516845, -42.21966840155951 ], [ 171.313327208302013, -42.219005432002966 ], [ 171.313408313561297, -42.218341529878472 ], [ 171.313427403902097, -42.217670446526867 ], [ 171.313482003853352, -42.217003464182241 ], [ 171.313501467173381, -42.216332409949295 ], [ 171.313569889650978, -42.215662981936596 ], [ 171.313659065821042, -42.214989642672691 ], [ 171.313783140538419, -42.214321674411899 ], [ 171.31379167940122, -42.21365515885941 ], [ 171.313828924264243, -42.212990156809909 ], [ 171.313899056397929, -42.212326889757534 ], [ 171.313908988239149, -42.211660427002002 ], [ 171.313950360980385, -42.210995622633142 ], [ 171.313974552792587, -42.210329901215893 ], [ 171.314040618788141, -42.209666390853037 ], [ 171.313987880400646, -42.208996580468501 ], [ 171.313973802574907, -42.208328810875344 ], [ 171.313978750078519, -42.207662042046906 ], [ 171.313975365425364, -42.206994824833984 ], [ 171.313932879866741, -42.206325529314782 ], [ 171.314007728498808, -42.205662442300657 ], [ 171.314132756619813, -42.205002006435059 ], [ 171.314138836395159, -42.204335214308173 ], [ 171.314133590745456, -42.203668425908496 ], [ 171.314183458736011, -42.203004195240183 ], [ 171.314234271221295, -42.202339866018548 ], [ 171.314295211927231, -42.201675921698232 ], [ 171.314399077059193, -42.201013631270861 ], [ 171.314393615114454, -42.200347103596371 ], [ 171.314432589762873, -42.199682288330003 ], [ 171.314454906980444, -42.199016821527202 ], [ 171.314484826874235, -42.198351641901574 ], [ 171.314539958335274, -42.197687430811222 ], [ 171.314603874314201, -42.197023552625971 ], [ 171.314640120744741, -42.196358596806526 ], [ 171.31471548285262, -42.19569514751084 ], [ 171.31474430906249, -42.195029890583783 ], [ 171.314822510307152, -42.194366550359391 ], [ 171.314986086924677, -42.193713708236267 ], [ 171.314929981318926, -42.193045859844226 ], [ 171.314988880048134, -42.192380884672502 ], [ 171.315040892217951, -42.19171529817207 ], [ 171.315142004349894, -42.191054013786783 ], [ 171.315231968636567, -42.190391744121989 ], [ 171.315334394879841, -42.189730561204321 ], [ 171.315458632908019, -42.189071285593656 ], [ 171.31555773279851, -42.188409796894327 ], [ 171.315686802976927, -42.187750931506557 ], [ 171.315847695215183, -42.187094851934127 ], [ 171.315944892341747, -42.186433175469972 ], [ 171.316062103194213, -42.185773248507232 ], [ 171.31623017734546, -42.185117778434147 ], [ 171.316326635679275, -42.184456016356563 ], [ 171.316513302209273, -42.183803689664558 ], [ 171.316659809991933, -42.183158246699442 ], [ 171.316809875028895, -42.182511952873455 ], [ 171.316968476997545, -42.18185679192365 ], [ 171.317108082721546, -42.181198994282227 ], [ 171.317250062998795, -42.180541518565384 ], [ 171.317428083789423, -42.179889025608702 ], [ 171.317590968932251, -42.179234430426902 ], [ 171.317823256334634, -42.178589436739301 ], [ 171.317854497053503, -42.177916602588148 ], [ 171.318010310285871, -42.177261007922993 ], [ 171.318136317927014, -42.176601280005535 ], [ 171.318278951048114, -42.175943846990876 ], [ 171.318365844431099, -42.175278690175595 ], [ 171.318455701700231, -42.174613936812015 ], [ 171.31856554324429, -42.173951943361146 ], [ 171.318667128133995, -42.173288799927533 ], [ 171.318760356420995, -42.172622023480841 ], [ 171.318824811603008, -42.171953546412617 ], [ 171.318883493952939, -42.171286302863805 ], [ 171.318961230655987, -42.170622230501074 ], [ 171.319207097231612, -42.169962665724633 ], [ 171.319158689854646, -42.169295192082579 ], [ 171.319154936169042, -42.168628910446614 ], [ 171.319166514402497, -42.167963033497109 ], [ 171.319181217519542, -42.167297233452757 ], [ 171.319264108715259, -42.166633257387261 ], [ 171.319296235364021, -42.165967911188226 ], [ 171.319309295788344, -42.165302046026468 ], [ 171.319342730623106, -42.1646367209459 ], [ 171.319329122259774, -42.163970125673949 ], [ 171.319332873873861, -42.163303989538555 ], [ 171.319352854287558, -42.162638282173198 ], [ 171.319362013090966, -42.161972302816793 ], [ 171.319407090225582, -42.161319614150848 ], [ 171.319460410273138, -42.160665371960455 ], [ 171.319491524812037, -42.15999644186558 ], [ 171.319530269929629, -42.159328282872998 ], [ 171.319585984098978, -42.158661847267474 ], [ 171.319638662643854, -42.157995095154391 ], [ 171.319698209191557, -42.157329036435527 ], [ 171.319721637963994, -42.156659287675282 ], [ 171.319836641511074, -42.155998870261719 ], [ 171.320020189731878, -42.155345435773725 ], [ 171.320105683604311, -42.15468199533322 ], [ 171.320248996813064, -42.154024444106696 ], [ 171.320410348563115, -42.153368725460837 ], [ 171.320581895455092, -42.1527140395591 ], [ 171.320753098575381, -42.152059311697101 ], [ 171.320955902324442, -42.151410035968404 ], [ 171.321215046122916, -42.150800157578544 ], [ 171.321520865584034, -42.150204513485932 ], [ 171.321708326493507, -42.149543108065799 ], [ 171.321946361641494, -42.148896611405917 ], [ 171.322271727467864, -42.148275863871369 ], [ 171.322617712882362, -42.147661191317511 ], [ 171.322945589727311, -42.147041172117973 ], [ 171.323282836203191, -42.146423910092246 ], [ 171.323543891648256, -42.145784171725666 ], [ 171.323889179411253, -42.145169269011241 ], [ 171.324196647632618, -42.144543206425176 ], [ 171.32450400294627, -42.143917104407151 ], [ 171.32479881931954, -42.143287298237382 ], [ 171.325089195389495, -42.142656176363808 ] ] } },
{ "type": "Feature", "properties": { "group_id": "nzd0386" }, "geometry": { "type": "LineString", "coordinates": [ [ 173.864396337463631, -42.217866914058682 ], [ 173.863498207590084, -42.21794492929304 ], [ 173.862773620622193, -42.218078248459499 ], [ 173.862140803107422, -42.218330230396859 ], [ 173.861409593536564, -42.21858080432542 ], [ 173.860723851896665, -42.218926496476982 ], [ 173.860128476654353, -42.219440783387434 ], [ 173.859586657108053, -42.219884011889896 ], [ 173.859000944720151, -42.220281071310367 ] ] } },
{ "type": "Feature", "properties": { "group_id": "nzd0387" }, "geometry": { "type": "LineString", "coordinates": [ [ 173.769616326533708, -42.279059159998681 ], [ 173.769033499464769, -42.279578247946681 ], [ 173.768673955833236, -42.280292082785671 ], [ 173.768007927729684, -42.280738597330917 ], [ 173.767339336943422, -42.281182873918169 ], [ 173.766676905903267, -42.28163248716082 ], [ 173.765991680062541, -42.282062373310211 ], [ 173.765289857861177, -42.282480114153572 ], [ 173.764623059999735, -42.282925558570035 ], [ 173.7639530366163, -42.28336843306068 ], [ 173.763334009363803, -42.283851991441161 ], [ 173.762683300583234, -42.284310588200157 ], [ 173.762014062780821, -42.284755715041413 ], [ 173.761457496979403, -42.285283806698949 ], [ 173.760925870892692, -42.285830343196778 ], [ 173.760197839038739, -42.286231592469917 ], [ 173.75954327739143, -42.286687185002982 ], [ 173.758935561263513, -42.287172973204754 ], [ 173.75834862883741, -42.287670407475389 ], [ 173.757792161080204, -42.288191336422805 ], [ 173.757194725373807, -42.288689307975787 ], [ 173.756651419896258, -42.289218610271696 ], [ 173.756082044596781, -42.289732816863086 ], [ 173.755530808178776, -42.29025717832851 ], [ 173.755000869130697, -42.290792765455471 ], [ 173.75448628803494, -42.291337114834981 ], [ 173.753984860445968, -42.291888573731221 ], [ 173.753488330335045, -42.292442553392519 ], [ 173.753004923893457, -42.293003295766773 ], [ 173.75253003370878, -42.293564897547689 ], [ 173.752081970483488, -42.294131653382934 ], [ 173.751615279403183, -42.294695072004629 ], [ 173.751164882176738, -42.295268259896453 ], [ 173.750734392371385, -42.295846871224761 ], [ 173.750335970568386, -42.296440505318579 ], [ 173.749984023486775, -42.297051985791924 ], [ 173.749651768145497, -42.297674550542617 ], [ 173.749292052785648, -42.298292786717411 ], [ 173.748892831108691, -42.298881689912847 ], [ 173.748583758598954, -42.299474457781209 ], [ 173.748332425241813, -42.300083783392601 ], [ 173.748106010417928, -42.300705764957016 ], [ 173.747962185605871, -42.301352647729452 ], [ 173.747896376115762, -42.301969316937686 ], [ 173.747966480366159, -42.302551471072832 ], [ 173.748173800297849, -42.30310152391008 ], [ 173.748568255981354, -42.303610775259841 ], [ 173.749178616899769, -42.304044773909432 ], [ 173.749894392055239, -42.304404213712978 ], [ 173.750671083620688, -42.304720960894464 ] ] } },
{ "type": "Feature", "properties": { "group_id": "nzd0388" }, "geometry": { "type": "LineString", "coordinates": [ [ 171.279336471890645, -42.314523839345021 ], [ 171.279711221183817, -42.313918236625739 ], [ 171.280033264726626, -42.31329814505046 ], [ 171.280327041571383, -42.312678232265888 ], [ 171.280616821322752, -42.312056601102391 ], [ 171.280921720899414, -42.311428079397977 ], [ 171.281222200343507, -42.310804538383543 ], [ 171.281564672693037, -42.310192084355101 ], [ 171.281874664954955, -42.309568611010562 ], [ 171.282144209294302, -42.308934475818226 ], [ 171.282386491576091, -42.308292812809405 ], [ 171.282596612574764, -42.307642849446445 ], [ 171.282771902566509, -42.30698890079816 ], [ 171.282943003864858, -42.306334720624072 ], [ 171.283145004090528, -42.305686833406781 ], [ 171.283323972227834, -42.305037561173336 ], [ 171.283480339471254, -42.304390870230314 ], [ 171.283615580081118, -42.303737771964933 ], [ 171.283818903911225, -42.303089106235703 ], [ 171.283937635046584, -42.302430361506794 ], [ 171.284065024217313, -42.301772640792443 ], [ 171.284199052444279, -42.301115703707161 ] ] } },
{ "type": "Feature", "properties": { "group_id": "nzd0390" }, "geometry": { "type": "LineString", "coordinates": [ [ 173.740863974027803, -42.327274168965289 ], [ 173.740169939175757, -42.32770119727941 ], [ 173.739458642180949, -42.328109273958077 ], [ 173.738727739012006, -42.32849582545029 ], [ 173.737952003274074, -42.328829145739284 ], [ 173.7371714578791, -42.329153334914508 ], [ 173.736366789296454, -42.329449398327156 ], [ 173.735585228082272, -42.329778555063321 ], [ 173.734819842250005, -42.330127643488844 ], [ 173.734053948502748, -42.330475345181803 ], [ 173.733269527775519, -42.330800782709581 ], [ 173.732480845011196, -42.331119776456802 ], [ 173.731694701717998, -42.331434496817934 ], [ 173.730912308382955, -42.331754687306521 ], [ 173.730123151229549, -42.33207195635952 ], [ 173.729352783253148, -42.332414681469139 ], [ 173.728587764921429, -42.332768417969817 ], [ 173.727856003599271, -42.333155506637276 ], [ 173.727091632656169, -42.333509215236802 ], [ 173.726366317621313, -42.333901036205226 ], [ 173.725637311897486, -42.33428918846851 ], [ 173.724928588925195, -42.334697486541728 ], [ 173.724220438868059, -42.335106633744559 ], [ 173.723537998664852, -42.335540578245919 ], [ 173.722820919780418, -42.335940573897872 ], [ 173.722133549783621, -42.336369015832886 ], [ 173.721448573586002, -42.33679974403352 ], [ 173.720749348738963, -42.337216847142734 ], [ 173.720059610805919, -42.337642475858878 ], [ 173.719370925047599, -42.33806338136268 ], [ 173.71869683369863, -42.338497297182059 ], [ 173.717991565378725, -42.338909640301971 ], [ 173.717320437480964, -42.339351098046571 ], [ 173.716647327355588, -42.339790862265723 ], [ 173.715977701436543, -42.34023359519793 ], [ 173.7152865610135, -42.340657975694612 ], [ 173.714605198685348, -42.341093795183525 ], [ 173.713929945667587, -42.341536838669825 ], [ 173.71323570974576, -42.341959744095263 ], [ 173.712556067311795, -42.342384054100776 ], [ 173.711882752105794, -42.34280986945992 ], [ 173.71119071375918, -42.343232577307134 ], [ 173.710477136059581, -42.343641718407262 ], [ 173.709792566815139, -42.344073282021249 ], [ 173.709106361581178, -42.344503578325195 ], [ 173.708435692841789, -42.344945752385293 ], [ 173.70775622089738, -42.34538083118634 ], [ 173.707073767163536, -42.345813649746965 ], [ 173.706419598712046, -42.346268669653078 ], [ 173.705788737160418, -42.346741982921422 ], [ 173.705148110328679, -42.347209214030372 ], [ 173.704510777385508, -42.347681005491367 ], [ 173.7039135263297, -42.348177180884583 ], [ 173.703291706811001, -42.34865760256146 ], [ 173.702687122878643, -42.349148977732241 ], [ 173.702088796354047, -42.349644327041773 ], [ 173.701497513236092, -42.35014447723708 ], [ 173.700902060300564, -42.350643351679999 ], [ 173.700343670338185, -42.351164921743745 ], [ 173.699799415321138, -42.351693810680793 ], [ 173.699268945823945, -42.35223113964696 ], [ 173.698714429131428, -42.352754836387376 ], [ 173.698197854513836, -42.353298859510218 ], [ 173.697665285709149, -42.353833709851116 ], [ 173.697167492767505, -42.354386632511677 ], [ 173.6966850173512, -42.354946754258592 ], [ 173.696220644507378, -42.355512123819118 ], [ 173.69573978940511, -42.356071638835182 ], [ 173.695275270996405, -42.356639928100464 ], [ 173.694811098898668, -42.357208360951184 ], [ 173.694345718884392, -42.357776269617311 ], [ 173.693944448610011, -42.358371717605323 ], [ 173.693515565425457, -42.358955296539079 ], [ 173.693098507692298, -42.359539229938463 ], [ 173.69271421300769, -42.360134291878488 ], [ 173.692308933742254, -42.360726540019662 ], [ 173.691922256299932, -42.361325673435275 ], [ 173.691579655726542, -42.361938321076764 ], [ 173.691207015956252, -42.362537859936637 ], [ 173.69086633297789, -42.36314998175547 ], [ 173.690537511398929, -42.363767842540021 ], [ 173.690188345912276, -42.364379392757613 ], [ 173.689847145803128, -42.364993405502446 ], [ 173.689520987056113, -42.365607721861913 ], [ 173.689189208121348, -42.366218410540803 ], [ 173.688877940161888, -42.36683934722452 ], [ 173.688582356276498, -42.367466399848965 ], [ 173.688291537186785, -42.368096956866687 ], [ 173.688007234091572, -42.368729446865252 ], [ 173.687699532618495, -42.369353062457996 ], [ 173.687455351355027, -42.369989480402779 ], [ 173.687204795149341, -42.370605746750229 ], [ 173.686956462338173, -42.3712283923021 ], [ 173.686734606304327, -42.371871499737352 ], [ 173.686496545647714, -42.37251160218986 ], [ 173.686235345605979, -42.373147416517916 ], [ 173.686058930615843, -42.373798912313113 ], [ 173.685842356662278, -42.374445802579523 ], [ 173.685584565423227, -42.375085393604955 ], [ 173.685407870697759, -42.375738510505762 ], [ 173.685208669554186, -42.376382591468904 ], [ 173.685012704327875, -42.37702150778653 ], [ 173.684827034134798, -42.377665716203644 ], [ 173.684674542447084, -42.37831923967483 ], [ 173.684492756587701, -42.378959020499515 ], [ 173.684310689222372, -42.379600399931647 ], [ 173.684166311774419, -42.380255491669047 ], [ 173.684033969511603, -42.380903855624915 ], [ 173.683875617779279, -42.381543130704017 ], [ 173.683681404647842, -42.382188232735693 ], [ 173.683588023972845, -42.382848344351778 ], [ 173.683441504356523, -42.383503466083091 ], [ 173.683266342632749, -42.384155523958526 ], [ 173.683166401236491, -42.384811416934213 ], [ 173.683060791541294, -42.385467185283886 ], [ 173.682963230202347, -42.386126768475101 ], [ 173.682884863789468, -42.386787379612421 ], [ 173.682697916944676, -42.387439450645694 ], [ 173.68261852276791, -42.388100433193983 ], [ 173.682562530395103, -42.388752333425941 ], [ 173.682541230657819, -42.389404014467573 ], [ 173.682484910271683, -42.390065409529619 ], [ 173.682395290770216, -42.390726566580902 ], [ 173.682314873589064, -42.391388021365984 ], [ 173.682247242860228, -42.392048169116464 ], [ 173.682125400173618, -42.392703951929647 ], [ 173.682140000976034, -42.393364349942679 ], [ 173.682098601788169, -42.394027516067332 ], [ 173.682078244085858, -42.39469082037602 ], [ 173.68208405787604, -42.395354298267527 ], [ 173.682080135454299, -42.396008046339539 ], [ 173.682132643380783, -42.396651519061557 ], [ 173.682213028614171, -42.397304731243302 ], [ 173.682293712158184, -42.397960413933554 ], [ 173.682415994441811, -42.398607892021573 ], [ 173.682603969109749, -42.399252517628028 ], [ 173.682834211404355, -42.399872888816525 ], [ 173.683182295719604, -42.400435779761018 ], [ 173.683591349025136, -42.40100486741445 ], [ 173.684063326082224, -42.401547147993682 ], [ 173.684604712518791, -42.40205522048791 ], [ 173.684876446270891, -42.40279753212009 ], [ 173.684859306726054, -42.403542152205773 ] ] } },
{ "type": "Feature", "properties": { "group_id": "nzd0391" }, "geometry": { "type": "LineString", "coordinates": [ [ 173.684724496103001, -42.404967628780319 ], [ 173.684684513208879, -42.405638860849479 ], [ 173.68476894902355, -42.406297436211808 ], [ 173.685059872532491, -42.406914137346718 ], [ 173.685491265201591, -42.407480085941536 ], [ 173.685948187843252, -42.408051743593177 ], [ 173.686428849014561, -42.408613925295533 ], [ 173.686955174282417, -42.409160499813517 ], [ 173.687348181161411, -42.409747697736883 ], [ 173.687887849900392, -42.410266561144795 ], [ 173.688420951306995, -42.410816978974317 ], [ 173.688868703794611, -42.411378920325973 ], [ 173.68932323741501, -42.411889616737717 ], [ 173.689939595388608, -42.412323181964389 ], [ 173.690774469747225, -42.412675895753651 ], [ 173.691207650024609, -42.413305564093605 ], [ 173.691717442138668, -42.413825369103208 ], [ 173.692349709330585, -42.414253674211807 ], [ 173.693043316173032, -42.414617536143282 ], [ 173.693798217788753, -42.414917077979233 ], [ 173.694591080256231, -42.415132975747326 ], [ 173.695466001424364, -42.415123892932144 ] ] } },
{ "type": "Feature", "properties": { "group_id": "nzd0392" }, "geometry": { "type": "LineString", "coordinates": [ [ 171.206446023053672, -42.42312805439142 ], [ 171.20666381901458, -42.422483089338975 ], [ 171.206899178938329, -42.421842339849789 ], [ 171.207139767627353, -42.421202840815852 ], [ 171.20738041931898, -42.420563350491662 ], [ 171.207618439914825, -42.419923221261371 ], [ 171.207897156319831, -42.419292868206455 ], [ 171.208106487686479, -42.418645829682852 ], [ 171.208327053052102, -42.418009185033846 ], [ 171.208532318092296, -42.41737187300216 ], [ 171.208713436966491, -42.416722634378978 ], [ 171.208860898228522, -42.416066851305921 ], [ 171.209045854126487, -42.415417681088336 ], [ 171.209232462119701, -42.41476879585489 ], [ 171.209417923728353, -42.414119701539846 ], [ 171.20957959308555, -42.413466400024689 ], [ 171.209789468987708, -42.412821602661651 ], [ 171.210018767417523, -42.412180227679826 ], [ 171.210294741453765, -42.411547086613638 ], [ 171.210542415639082, -42.410908942551849 ], [ 171.210733915680208, -42.410260874291914 ], [ 171.210996666830681, -42.409625378753503 ], [ 171.21124893748032, -42.408988026221664 ], [ 171.211472224983936, -42.408346219904175 ], [ 171.21169955547623, -42.407704409512718 ], [ 171.211871181671341, -42.407053367872464 ], [ 171.212015390279618, -42.406398135053756 ], [ 171.212181177269855, -42.405746188345908 ], [ 171.212354626951225, -42.405095404213284 ], [ 171.212492450587177, -42.404439176691071 ], [ 171.212661438477056, -42.403787698138878 ], [ 171.212803104304982, -42.403132043374058 ], [ 171.212976056595721, -42.402480872161505 ], [ 171.213160501999909, -42.401831429018436 ], [ 171.213334097815959, -42.401180522480267 ], [ 171.213487676368487, -42.400526407771267 ], [ 171.213646301572169, -42.39987309531972 ], [ 171.213791103223116, -42.39921756006796 ], [ 171.213952903315544, -42.398564743058742 ], [ 171.21411402295837, -42.397911810212364 ], [ 171.214275200409816, -42.397256242441145 ], [ 171.214447912210602, -42.396599935682076 ], [ 171.214614400140306, -42.395943823298737 ], [ 171.214796399559731, -42.395292797111701 ], [ 171.215006965874352, -42.394647578182393 ], [ 171.215212170069691, -42.394001261372921 ], [ 171.215439939086565, -42.393359530352427 ], [ 171.21565855221337, -42.392715929357372 ], [ 171.215862424052915, -42.392069321627943 ] ] } },
{ "type": "Feature", "properties": { "group_id": "nzd0393" }, "geometry": { "type": "LineString", "coordinates": [ [ 173.675438915567497, -42.416037667935953 ], [ 173.674832410801997, -42.41549710244503 ], [ 173.674143175986359, -42.415057228462537 ], [ 173.673354247009769, -42.414738691569646 ], [ 173.672554331572542, -42.41443884682009 ], [ 173.671767657085269, -42.414161411290529 ], [ 173.67092884782474, -42.413914864189891 ], [ 173.67006717280097, -42.413711302981078 ], [ 173.669136238509736, -42.41377277115874 ], [ 173.668179074913866, -42.41394232119967 ], [ 173.667310084097124, -42.41389608788171 ], [ 173.666448988749011, -42.413805541052575 ], [ 173.665562962240614, -42.41366839685444 ], [ 173.664669680468506, -42.413596115079599 ], [ 173.663776488856257, -42.413523029838203 ], [ 173.662914698832196, -42.413507102444697 ], [ 173.66209068382372, -42.413569935281068 ], [ 173.661214905899783, -42.413621606090167 ], [ 173.660340914923353, -42.413779512246094 ], [ 173.659458523292727, -42.413903881529507 ], [ 173.658567238500893, -42.413992743838385 ], [ 173.657675106279015, -42.414078220164122 ], [ 173.656770468146505, -42.414113758305 ], [ 173.655870441945581, -42.414167891302533 ], [ 173.654978844693261, -42.414260010108563 ], [ 173.654128186879518, -42.414528912898419 ], [ 173.65321443062615, -42.414516888226025 ], [ 173.652320351533206, -42.414590959565444 ], [ 173.651398681303192, -42.414544285271703 ], [ 173.650513340063753, -42.414656585451191 ], [ 173.649631576786305, -42.414784544824052 ], [ 173.648747423486384, -42.414902045327082 ], [ 173.647860358599871, -42.415006802881393 ], [ 173.646981182423502, -42.415146089204875 ], [ 173.646103088223242, -42.415270029227891 ], [ 173.645218147027009, -42.415395056902888 ], [ 173.644362404706953, -42.415598013368353 ], [ 173.643504982101916, -42.41579665988737 ], [ 173.642647392750035, -42.415994947578817 ], [ 173.641799197972603, -42.416213379676798 ], [ 173.640960690183562, -42.416452584335573 ], [ 173.640133052945998, -42.416715100750238 ], [ 173.639298316762108, -42.416962394442578 ], [ 173.638449614778807, -42.417179738374408 ], [ 173.637605943966463, -42.417407871488805 ], [ 173.636755445505202, -42.417621361707006 ], [ 173.635893401823353, -42.417810090636301 ], [ 173.635059111966626, -42.418058341554101 ], [ 173.634219795528026, -42.418295919818163 ], [ 173.633373315194291, -42.418518337129733 ], [ 173.632543873273136, -42.418777442037907 ], [ 173.631703741897041, -42.419013290660786 ], [ 173.630844194306775, -42.419207239227397 ], [ 173.629994747230711, -42.419422983737725 ], [ 173.629128868631938, -42.419603267093237 ], [ 173.628273391026937, -42.419805995171643 ], [ 173.627416566196985, -42.420005814656285 ], [ 173.626550180704641, -42.420184999093394 ], [ 173.62569409855621, -42.42038641874008 ], [ 173.624826487118156, -42.420562953742831 ], [ 173.62396220919274, -42.420746697549632 ], [ 173.623115831639495, -42.42096867480462 ], [ 173.622266427558003, -42.421185018833079 ], [ 173.621400124316779, -42.421368311845967 ], [ 173.620552205414242, -42.421587769243068 ], [ 173.619709927600212, -42.421818323118266 ], [ 173.618848419087641, -42.422011043042296 ], [ 173.618002152442642, -42.422233747134385 ], [ 173.617151642163719, -42.422448101215757 ], [ 173.616292572170835, -42.422645613274312 ], [ 173.615448736350316, -42.422873096058431 ], [ 173.61461311269025, -42.423116735284509 ], [ 173.613761186920271, -42.423328299248766 ], [ 173.612928391269719, -42.423577501400402 ], [ 173.612090756179782, -42.423817181273932 ], [ 173.611246452192859, -42.4240437387272 ], [ 173.610417023018954, -42.424305266969732 ], [ 173.609581978612681, -42.424556068983314 ], [ 173.608751503281241, -42.424810016769861 ], [ 173.607912923473123, -42.425048632243481 ], [ 173.607082433821233, -42.42530143604769 ], [ 173.606251722095067, -42.425553849243563 ], [ 173.605412806946902, -42.425791872430203 ], [ 173.604589665430495, -42.426057561645628 ], [ 173.603759520724793, -42.426310966102811 ], [ 173.602924136655673, -42.426555179184838 ], [ 173.602087653857637, -42.426797463633406 ], [ 173.601245851937875, -42.427030416210137 ], [ 173.600391934275137, -42.427248416173178 ], [ 173.599565494147043, -42.427521684676712 ], [ 173.598730267004299, -42.427776405598301 ], [ 173.597909063260971, -42.428045716538094 ], [ 173.597088349249077, -42.428315786143372 ], [ 173.596258513130948, -42.428571692859364 ], [ 173.595452820418984, -42.42886612464919 ], [ 173.594610990037239, -42.429146734437005 ], [ 173.593809834644503, -42.4294859075804 ], [ 173.593057591304557, -42.429848613198139 ], [ 173.592302302485962, -42.430244843286808 ], [ 173.591590678533521, -42.430691936548314 ], [ 173.590934440729995, -42.431170873813954 ], [ 173.590376136084359, -42.43173559193302 ], [ 173.590092472115543, -42.432400888582713 ] ] } },
{ "type": "Feature", "properties": { "group_id": "nzd0394" }, "geometry": { "type": "LineString", "coordinates": [ [ 173.531870841542769, -42.477397313946966 ], [ 173.531179648646003, -42.477823907494674 ], [ 173.530548201031536, -42.478296138472622 ], [ 173.529827652791454, -42.478719186551068 ], [ 173.52926251640227, -42.479263276788572 ], [ 173.529026548330137, -42.479921001178795 ], [ 173.528833545234647, -42.48057525581639 ] ] } },
{ "type": "Feature", "properties": { "group_id": "nzd0395" }, "geometry": { "type": "LineString", "coordinates": [ [ 171.173321392237966, -42.493692092476728 ], [ 171.173624869229997, -42.493066614965699 ], [ 171.173924586945304, -42.492439889508283 ], [ 171.174206059244398, -42.491807130345585 ], [ 171.174485403837394, -42.49117366218821 ], [ 171.174773150810523, -42.490542963853215 ], [ 171.175082497546214, -42.489919395411121 ], [ 171.175406287321806, -42.489300592551743 ], [ 171.175684038459224, -42.488666573786837 ], [ 171.175956231937192, -42.488030712831552 ], [ 171.176240671277583, -42.487398891528329 ], [ 171.176588934122208, -42.486794302540865 ], [ 171.176879248712083, -42.486178009808334 ], [ 171.177253822939434, -42.485578243247005 ], [ 171.177601224901991, -42.484966477121873 ], [ 171.177948283449751, -42.484354613535189 ], [ 171.178302805307908, -42.483744726027012 ], [ 171.178647163703857, -42.483132132759906 ], [ 171.178953986714959, -42.482509563487632 ], [ 171.179263765958609, -42.481887773159372 ], [ 171.179578659107335, -42.481267334878673 ], [ 171.179889196796069, -42.480645733484991 ], [ 171.180153231044812, -42.480011773987478 ], [ 171.180422392906053, -42.479379170132667 ], [ 171.180701271963784, -42.478749140987162 ], [ 171.180953005872226, -42.47811189541671 ], [ 171.181177877535646, -42.477467508483898 ], [ 171.18144370000897, -42.476833992364156 ], [ 171.181698627426584, -42.476197576017675 ], [ 171.181963189607956, -42.475563712507835 ], [ 171.182163781903967, -42.474917997562144 ], [ 171.182428355784225, -42.474293652085841 ], [ 171.182679949930929, -42.473660965895569 ], [ 171.182933718944497, -42.473025426918227 ], [ 171.183231827100286, -42.472399268249617 ], [ 171.183447403124148, -42.471755630579977 ], [ 171.183695441611917, -42.471118858858205 ], [ 171.183993440505589, -42.470492657541023 ], [ 171.184221902365948, -42.469851728292632 ], [ 171.184503039914858, -42.469221944305495 ], [ 171.184793853608738, -42.468594202311849 ], [ 171.185025401045209, -42.467953906740981 ] ] } },
{ "type": "Feature", "properties": { "group_id": "nzd0396" }, "geometry": { "type": "LineString", "coordinates": [ [ 173.509854025819408, -42.505410197480018 ], [ 173.509429830603295, -42.50599980134799 ], [ 173.5091254094541, -42.506622962786942 ], [ 173.508817352889309, -42.507245099355842 ], [ 173.508551793541471, -42.507883552114507 ], [ 173.508331735320553, -42.508530656018223 ], [ 173.508076709800008, -42.50916822810445 ], [ 173.507856081154017, -42.50981368651307 ], [ 173.507660074831477, -42.510463381307169 ], [ 173.507466075368882, -42.511110488831513 ], [ 173.507278926863677, -42.511758950007682 ], [ 173.507072928726274, -42.512405075714362 ] ] } },
{ "type": "Feature", "properties": { "group_id": "nzd0397" }, "geometry": { "type": "LineString", "coordinates": [ [ 173.502470134681857, -42.525979802953913 ], [ 173.502377389653105, -42.526638295309475 ], [ 173.502355308763725, -42.527301964809539 ], [ 173.502230662058366, -42.527959277738432 ], [ 173.502169510190953, -42.528626320954565 ], [ 173.502165458303324, -42.529293962768023 ], [ 173.502182850391819, -42.529961543697709 ], [ 173.502323224350022, -42.530623645461191 ] ] } },
{ "type": "Feature", "properties": { "group_id": "nzd0399" }, "geometry": { "type": "LineString", "coordinates": [ [ 173.504992480815986, -42.563837051705832 ], [ 173.503893245084186, -42.563856659009964 ], [ 173.502903829028526, -42.564246871016145 ], [ 173.501971739536089, -42.564473722582946 ], [ 173.501532034852431, -42.565188905584542 ], [ 173.500978730943672, -42.56577987899572 ], [ 173.500417903594155, -42.566320000045792 ], [ 173.499802683223692, -42.56680214702704 ], [ 173.499146768205208, -42.567256748531271 ], [ 173.498462279524404, -42.567700625540169 ], [ 173.497787490316085, -42.568158130967433 ], [ 173.497243402842031, -42.568709123737925 ], [ 173.49668895933803, -42.569274581431557 ], [ 173.496153025844308, -42.569838725842281 ], [ 173.49565039871456, -42.570389701379916 ], [ 173.495252259539683, -42.570983708545036 ], [ 173.494902334477615, -42.571600769529539 ], [ 173.494532795388409, -42.572225498153507 ], [ 173.494088158398256, -42.572820609517379 ], [ 173.493761939620043, -42.573437589200417 ], [ 173.493453874869573, -42.574054068228008 ], [ 173.493015724074667, -42.574621042334293 ], [ 173.492479186561866, -42.57515693465573 ], [ 173.492081166302114, -42.575764161752168 ], [ 173.491755210820543, -42.57641027895869 ], [ 173.491514597517721, -42.577065664683751 ], [ 173.491096078042744, -42.577646970620599 ], [ 173.490755628545202, -42.578214088122579 ], [ 173.490393923385199, -42.5787891332212 ], [ 173.489969200830956, -42.579371362345164 ], [ 173.489512886053348, -42.579900138045623 ], [ 173.488914421690595, -42.580349788363193 ], [ 173.488263926510712, -42.580805203843582 ], [ 173.487624948264198, -42.581239698694368 ], [ 173.486995594187391, -42.581684981949046 ], [ 173.486428343406004, -42.582200717190588 ], [ 173.485844804773762, -42.582738102709158 ], [ 173.48528838061705, -42.583337018947731 ], [ 173.484804764005474, -42.583944546866704 ], [ 173.484369906036051, -42.584523296472305 ], [ 173.484009795854831, -42.585146517511461 ], [ 173.483666188806552, -42.58577892200794 ], [ 173.483333436975158, -42.586400775751308 ], [ 173.482979854821053, -42.587008351300753 ], [ 173.482639462825119, -42.587614155803145 ], [ 173.482296001535701, -42.588220421977013 ], [ 173.456791353413877, -42.633915305263514 ], [ 173.456458948443469, -42.634500517060438 ], [ 173.456127527363833, -42.635114482058562 ], [ 173.455732420596803, -42.635712771055211 ], [ 173.455410676682448, -42.636338870144286 ], [ 173.455055445649208, -42.636949278273704 ], [ 173.454714976847526, -42.63756084023035 ], [ 173.454334819270258, -42.638160208946623 ], [ 173.453985124968625, -42.638768926107161 ], [ 173.453670599585109, -42.639387528713925 ], [ 173.45334569541788, -42.640002854939773 ], [ 173.453008032982325, -42.64061512518353 ], [ 173.452676074180602, -42.641233098333572 ], [ 173.452374072989613, -42.641859270663289 ], [ 173.452034765986099, -42.642474218275602 ], [ 173.451687746617267, -42.643090681631335 ], [ 173.451358531046424, -42.643711296049332 ], [ 173.451046138166646, -42.644312867887393 ], [ 173.450687391177752, -42.644890711111358 ], [ 173.450385156643762, -42.645511364012762 ], [ 173.450054224759583, -42.646128868773808 ], [ 173.449699915547939, -42.646744098102687 ], [ 173.449370829789416, -42.647365628921747 ], [ 173.449054123374481, -42.647983956772606 ], [ 173.448714775423895, -42.648596125828476 ], [ 173.448393014839041, -42.649213067952957 ], [ 173.448016511609069, -42.649812207959741 ], [ 173.447710974319079, -42.650429401021128 ], [ 173.447386793864041, -42.65104431200205 ], [ 173.447064002899737, -42.651661059499553 ], [ 173.446730711524339, -42.652280334435908 ], [ 173.446408429227745, -42.652903085717483 ], [ 173.446066309778956, -42.653515257101617 ], [ 173.445735264062108, -42.654120342801725 ], [ 173.445399840349808, -42.654720551985903 ], [ 173.445095533316021, -42.655341608261082 ], [ 173.444784004879125, -42.655962579616109 ], [ 173.44442997131253, -42.656574672070903 ], [ 173.444135657051419, -42.65720492571954 ], [ 173.443822363712542, -42.657824386218913 ], [ 173.443475889199533, -42.658428985217029 ], [ 173.443156954678955, -42.659042901561634 ], [ 173.442861519642179, -42.659668943401741 ], [ 173.442510530059707, -42.66028126425303 ], [ 173.442176897742058, -42.66089929651227 ], [ 173.44185916410774, -42.661516615744112 ], [ 173.441528430398705, -42.662123540305281 ], [ 173.441215296383234, -42.662736745999581 ], [ 173.440871618494555, -42.663347097989664 ], [ 173.440562851513846, -42.663968355356531 ], [ 173.440216676598965, -42.664578458931118 ], [ 173.439902241037316, -42.665200539942973 ], [ 173.439572115355219, -42.665817764887557 ], [ 173.439220284561969, -42.666426902327316 ], [ 173.438878200929565, -42.66703528828355 ], [ 173.438581136402718, -42.667654733508378 ], [ 173.438267755710768, -42.668273116050706 ], [ 173.437906123225787, -42.668878030634701 ], [ 173.4376185811048, -42.669505085852776 ], [ 173.437287865647818, -42.67011922992031 ], [ 173.436967164093204, -42.670736361234539 ], [ 173.436618574283557, -42.671345150406758 ], [ 173.436304731799339, -42.671964833402164 ], [ 173.435990567574351, -42.672584548246157 ], [ 173.435634803134462, -42.673192259525976 ], [ 173.435310836465902, -42.673808315578988 ], [ 173.434958064080035, -42.674416423168019 ], [ 173.434676420691346, -42.67504413634515 ], [ 173.434360596623861, -42.67566234357632 ], [ 173.434033239453015, -42.676277182900527 ], [ 173.433708330549138, -42.676892753173568 ], [ 173.433366662441728, -42.677503794618275 ], [ 173.43308093622386, -42.678130365908537 ], [ 173.432738423592866, -42.678740026541 ], [ 173.432390893787328, -42.679348110204828 ], [ 173.432080609049763, -42.67996820542745 ], [ 173.431718196615293, -42.680573330795625 ], [ 173.431382224249234, -42.681186900347988 ], [ 173.431029375245942, -42.681795360549536 ], [ 173.430706547250992, -42.682411621468219 ], [ 173.430380419049214, -42.683026950920372 ], [ 173.430066145696429, -42.683645598259687 ], [ 173.429694673647134, -42.684244353986976 ], [ 173.429342786640689, -42.684845589660732 ], [ 173.428977985528235, -42.685446969167913 ], [ 173.428666232527092, -42.686068302314283 ], [ 173.428272691416737, -42.686662104132225 ], [ 173.427947281059573, -42.687279749494373 ], [ 173.427601078203168, -42.687890662984024 ], [ 173.427226518720488, -42.68849222805504 ], [ 173.426852714635061, -42.689093240490386 ], [ 173.426485396612435, -42.689696197974541 ], [ 173.426112777975646, -42.690297555054137 ], [ 173.425751491441616, -42.690900892339208 ], [ 173.4253630739058, -42.691490494543402 ], [ 173.424969416421845, -42.692079118554901 ], [ 173.424575685005038, -42.692672609733698 ], [ 173.424249047755694, -42.693289626102995 ], [ 173.423871830333553, -42.693891683418371 ], [ 173.423474577309236, -42.694487533543992 ], [ 173.423118322224383, -42.695093874296909 ], [ 173.422776426186459, -42.695704573029744 ], [ 173.422389830157414, -42.696300941253142 ], [ 173.422032532351949, -42.696906711406754 ], [ 173.42166562992017, -42.6975112912451 ], [ 173.421311434785224, -42.698119949948975 ], [ 173.420951651606032, -42.698725024523057 ], [ 173.420593239106381, -42.699330510073231 ], [ 173.420246777413269, -42.699939624904715 ], [ 173.419917593002822, -42.700553989218875 ], [ 173.419565352626336, -42.70116133430512 ], [ 173.419207662652241, -42.701767015749176 ], [ 173.418857797410112, -42.702375303251443 ], [ 173.418528822206611, -42.702991570346015 ], [ 173.418184549771979, -42.703603079772201 ], [ 173.417842349701232, -42.704213529128609 ], [ 173.417530216027416, -42.704832686843488 ], [ 173.417195436349175, -42.705445274795792 ], [ 173.416882255111602, -42.706064116721443 ], [ 173.416536844175994, -42.706672460616836 ], [ 173.41621248173044, -42.70728530860962 ], [ 173.415895566770502, -42.707901933903365 ], [ 173.415593691858902, -42.708524863865776 ], [ 173.415253371604592, -42.709135807695787 ], [ 173.414921282545521, -42.709749310518241 ], [ 173.414584681984934, -42.71036140153204 ], [ 173.414249286330033, -42.710975714988578 ], [ 173.413908368016166, -42.711589294919513 ], [ 173.413578073141196, -42.712204677394745 ], [ 173.413269003028091, -42.712822168568685 ], [ 173.412907529487939, -42.713423733324149 ], [ 173.412547790553873, -42.714028021246072 ], [ 173.412198295595005, -42.714636178022609 ], [ 173.41187807376707, -42.715252937347714 ], [ 173.411542424251365, -42.715864868228152 ], [ 173.411188815637104, -42.716471403039208 ], [ 173.410858845581231, -42.717085234579564 ], [ 173.410557644863275, -42.717707669323651 ], [ 173.410174573170224, -42.718305767696677 ], [ 173.409832241871072, -42.718914914243854 ], [ 173.409502649853863, -42.71952655248915 ], [ 173.409151419185207, -42.720132664566258 ], [ 173.408818478218166, -42.720745936239517 ], [ 173.408476416176939, -42.721356298175841 ], [ 173.408147815574154, -42.721970939775829 ], [ 173.407788349362278, -42.722575749070081 ], [ 173.407414598396684, -42.723176004786929 ], [ 173.407082837237283, -42.723790154132317 ], [ 173.406760947084308, -42.724407412859463 ], [ 173.406405824238703, -42.725013909673486 ], [ 173.406028562118649, -42.725613400350518 ], [ 173.40568162968259, -42.726221452837777 ], [ 173.405309395137124, -42.726821144737066 ], [ 173.404944311658767, -42.727423712951165 ], [ 173.404580617265623, -42.728027118424933 ], [ 173.404224933994897, -42.728633074310117 ], [ 173.403862741772144, -42.729236936052203 ], [ 173.403513920264999, -42.729844697313737 ], [ 173.403158927005137, -42.730450518731324 ], [ 173.402809618884049, -42.731058539383788 ], [ 173.402472357339121, -42.731670457636689 ], [ 173.40209436273804, -42.732269171160979 ], [ 173.401745776764699, -42.73287740816442 ], [ 173.401412110010654, -42.733491329645425 ], [ 173.401059576693996, -42.734099297749665 ], [ 173.400691915010469, -42.734702101176907 ], [ 173.400369366741074, -42.735318160509664 ], [ 173.400030444082859, -42.735929695478823 ], [ 173.399672292385191, -42.73653563426091 ], [ 173.399365788485937, -42.737155998344747 ], [ 173.399036580730268, -42.737769892131006 ], [ 173.398714435835302, -42.738385790741312 ], [ 173.398409217314367, -42.739006432273008 ], [ 173.398093073050376, -42.73962360652834 ], [ 173.397795842569593, -42.740246560208227 ], [ 173.397522520047318, -42.740876922874634 ], [ 173.397203277991707, -42.741493727745826 ], [ 173.396941735434353, -42.742125070836885 ], [ 173.396668222040034, -42.742746702841778 ], [ 173.396362215509726, -42.74336572115179 ], [ 173.396071056660702, -42.743991084384696 ], [ 173.395844458679591, -42.744629187003987 ], [ 173.395521777318635, -42.745249722682374 ], [ 173.395243360746406, -42.745879115914143 ], [ 173.394959037969045, -42.746506739574301 ], [ 173.394675193489405, -42.747134056053582 ] ] } },
{ "type": "Feature", "properties": { "group_id": "nzd0400" }, "geometry": { "type": "LineString", "coordinates": [ [ 170.973952524681323, -42.704703075573448 ], [ 170.974633332102002, -42.704267030141978 ], [ 170.975315828506723, -42.703832135494892 ], [ 170.975993731220825, -42.703394095125162 ], [ 170.976678092291849, -42.702960467131362 ], [ 170.977323618518142, -42.70250027737422 ], [ 170.97794242428273, -42.702021810629503 ], [ 170.978494626517687, -42.701497792804986 ], [ 170.979099398217528, -42.701009721049004 ], [ 170.979703948165906, -42.700521493752774 ], [ 170.980318844315434, -42.700040337821882 ], [ 170.980897451874682, -42.699534362027443 ], [ 170.981552203402032, -42.699080453316519 ], [ 170.98216167245937, -42.698593840812265 ], [ 170.982773216747603, -42.698107978376356 ], [ 170.983384406049311, -42.697623580110331 ], [ 170.983974151724709, -42.697125414759313 ], [ 170.984584847221498, -42.696641342119513 ], [ 170.985188743396151, -42.696152690405476 ], [ 170.985779867931484, -42.695655441034582 ], [ 170.986376763136548, -42.69516207065724 ], [ 170.986945133088113, -42.694649502518828 ], [ 170.987580496334402, -42.694182008268903 ], [ 170.988167300319247, -42.693681835988905 ], [ 170.988720524962446, -42.693159065344403 ], [ 170.989324377185511, -42.692670356450975 ], [ 170.989919627307984, -42.692175855542501 ], [ 170.990491982731783, -42.691665945675041 ], [ 170.991076904694921, -42.691164487479291 ], [ 170.991658634555989, -42.690660877523101 ], [ 170.992308795400561, -42.690203308169075 ], [ 170.992848947031604, -42.68967171403002 ], [ 170.993421371028774, -42.689161830787398 ], [ 170.993992214111273, -42.688650879920161 ], [ 170.994549061456297, -42.688130508021345 ], [ 170.995131208841087, -42.687627155562474 ], [ 170.995718555208214, -42.68712729735995 ], [ 170.99628637531535, -42.68661429689508 ], [ 170.996899456542309, -42.686131746672331 ], [ 170.997411352470976, -42.685581109622809 ], [ 170.9979342090123, -42.685037843586564 ], [ 170.99848328850365, -42.684512217909386 ], [ 170.999040654134546, -42.683991961465544 ], [ 170.999541526377527, -42.683434954955409 ], [ 171.000067376294652, -42.682896301433651 ], [ 171.000585697494216, -42.682352385788839 ], [ 171.001121822842038, -42.681819910686592 ], [ 171.00167522128362, -42.681298534760288 ], [ 171.002206516498774, -42.680762946722638 ], [ 171.002766729282229, -42.68024594297404 ], [ 171.003315808808736, -42.679721778660969 ], [ 171.003890172330614, -42.679213862924307 ] ] } },
{ "type": "Feature", "properties": { "group_id": "nzd0404" }, "geometry": { "type": "LineString", "coordinates": [ [ 170.849254355199179, -42.837440555399091 ], [ 170.849979074846004, -42.837051428929279 ], [ 170.850697300649102, -42.836655963499197 ], [ 170.85141263279499, -42.836257671941802 ], [ 170.852074304656838, -42.835807021281951 ], [ 170.852764682557819, -42.835384376786145 ], [ 170.853456857514288, -42.834963483183067 ], [ 170.854174717307359, -42.834567647438696 ], [ 170.854910047907481, -42.834188854847895 ], [ 170.855637057367488, -42.833801940560313 ], [ 170.85632657245722, -42.833378441325451 ], [ 170.857023772659602, -42.832971251009845 ], [ 170.857674812208586, -42.832526570157711 ], [ 170.858329778200073, -42.832061423088355 ], [ 170.858974023158595, -42.83159185142177 ], [ 170.859582444161646, -42.831102764239319 ], [ 170.86016961735433, -42.830602100220126 ], [ 170.860760629010088, -42.830103521948843 ], [ 170.861335778348604, -42.82959629999506 ], [ 170.86187593715357, -42.829070016842834 ], [ 170.862430124234919, -42.828551369074397 ], [ 170.862965102497611, -42.828022255178247 ], [ 170.863527338029002, -42.827507981377039 ], [ 170.864050522855337, -42.826972435264111 ], [ 170.864579951572296, -42.826440285022194 ], [ 170.865095157031135, -42.825900383926786 ], [ 170.865600713013265, -42.825355222934597 ], [ 170.866102717726477, -42.824808123222503 ], [ 170.866576449833872, -42.824245621158056 ], [ 170.867093333110489, -42.823706615256967 ], [ 170.867591438381652, -42.823157377910022 ], [ 170.86809214676029, -42.822609553611635 ], [ 170.868568169540964, -42.822048280482207 ], [ 170.869014298426094, -42.821470721946426 ], [ 170.869491035884039, -42.820909828699818 ], [ 170.869960951134857, -42.820345215286473 ], [ 170.870412332460177, -42.819770503254652 ], [ 170.870868726925437, -42.819198516782258 ], [ 170.871323984814865, -42.818625906612468 ], [ 170.871765047084835, -42.818045560483654 ], [ 170.872220000312211, -42.817473781657611 ], [ 170.872681857350955, -42.816913664171189 ], [ 170.890836300380244, -42.790433710029383 ], [ 170.891223948766253, -42.789839129078281 ], [ 170.891567016263366, -42.789228675031907 ] ] } },
{ "type": "Feature", "properties": { "group_id": "nzd0405" }, "geometry": { "type": "LineString", "coordinates": [ [ 173.362415152718938, -42.801563997792535 ], [ 173.361659691193125, -42.80197421211254 ], [ 173.36149047221511, -42.802763661217483 ] ] } },
{ "type": "Feature", "properties": { "group_id": "nzd0406" }, "geometry": { "type": "LineString", "coordinates": [ [ 173.334953127476268, -42.827488896188527 ], [ 173.334310101428883, -42.827949036816669 ], [ 173.33370426891446, -42.828447708257464 ], [ 173.333161883790069, -42.828994584347946 ], [ 173.332585933871428, -42.829509551532041 ], [ 173.332070682215715, -42.830056078495339 ], [ 173.331525547524137, -42.830601719113176 ], [ 173.330993534578568, -42.831156395588131 ], [ 173.330451977321559, -42.831692033905391 ], [ 173.329989057722429, -42.832257091177318 ], [ 173.329636923108183, -42.832867108469756 ] ] } },
{ "type": "Feature", "properties": { "group_id": "nzd0407" }, "geometry": { "type": "LineString", "coordinates": [ [ 173.321567624924455, -42.840967337150673 ], [ 173.320977303538456, -42.841471504826309 ], [ 173.32048594405498, -42.842023396604979 ], [ 173.320028579413957, -42.842595540918495 ], [ 173.319588901830485, -42.843174266260917 ], [ 173.31914716312528, -42.843754773511073 ], [ 173.318716361027668, -42.844339985689338 ], [ 173.318307312216405, -42.844926658313476 ], [ 173.317900869330373, -42.845509796548839 ], [ 173.317496009712585, -42.846093196869447 ], [ 173.317100410081679, -42.846684880626576 ], [ 173.316718367652868, -42.847285802837007 ], [ 173.31628074189021, -42.847865990439843 ], [ 173.315880940079211, -42.848456190700794 ], [ 173.315493190066576, -42.849053626942997 ], [ 173.31514721570224, -42.84966573081352 ], [ 173.314843971296028, -42.850287452604846 ], [ 173.314458429456977, -42.850883602296648 ], [ 173.314081777725931, -42.851482467353641 ], [ 173.313787500451923, -42.852105617448778 ], [ 173.313309538003836, -42.852674538076258 ], [ 173.313008149762851, -42.85329549397121 ], [ 173.312621839968614, -42.853891415151878 ], [ 173.312328699564233, -42.854511330666092 ], [ 173.312049120987155, -42.855136030626923 ], [ 173.311761170784905, -42.855761994345706 ], [ 173.311438533461342, -42.856381266290278 ], [ 173.31110888815121, -42.85699961917512 ], [ 173.310834476791939, -42.857629359702813 ], [ 173.310513797721313, -42.858244249977453 ], [ 173.310291885414472, -42.858881145094081 ], [ 173.31001406135556, -42.859506813103252 ], [ 173.309733006331271, -42.860133515087071 ], [ 173.309584457803425, -42.860790843840086 ], [ 173.309343672398882, -42.861426225253631 ], [ 173.309069126184454, -42.862055395312382 ], [ 173.30887358867605, -42.862701355688777 ], [ 173.308690954193594, -42.863350043503885 ], [ 173.308559037783567, -42.864002599077956 ], [ 173.308494103043586, -42.864664632784724 ], [ 173.308424308631686, -42.865326321032377 ], [ 173.308383046383909, -42.865986734619554 ], [ 173.308395747313142, -42.866649175065007 ], [ 173.308457872665628, -42.867310901222972 ], [ 173.308612237308267, -42.867962871442352 ] ] } },
{ "type": "Feature", "properties": { "group_id": "nzd0408" }, "geometry": { "type": "LineString", "coordinates": [ [ 173.310248054456395, -42.871456224701021 ], [ 173.310029423433235, -42.872097692589612 ], [ 173.309990836118544, -42.872763431257795 ], [ 173.30994678882243, -42.873426064969685 ], [ 173.309993697516887, -42.874083733591782 ] ] } },
{ "type": "Feature", "properties": { "group_id": "nzd0409" }, "geometry": { "type": "LineString", "coordinates": [ [ 170.782060779962279, -42.892426323249715 ], [ 170.782735589368912, -42.891984278965353 ], [ 170.783398839719894, -42.891516108374695 ], [ 170.784050370700669, -42.891025876641756 ], [ 170.784681578284534, -42.890538495739996 ], [ 170.785274169942198, -42.890041645604086 ], [ 170.785891429796038, -42.889563092201897 ], [ 170.786492518914514, -42.889072538926619 ], [ 170.787089125824451, -42.888578657003855 ], [ 170.787663673617942, -42.888068407000404 ], [ 170.823724701123353, -42.857073879276726 ], [ 170.82425860134299, -42.856529200928826 ], [ 170.824783800588619, -42.855960681057589 ], [ 170.825332009907186, -42.855427084994218 ], [ 170.825866856163259, -42.85488308775237 ], [ 170.826419046531839, -42.85435258296225 ], [ 170.826970476916216, -42.853821483604548 ], [ 170.827524296703587, -42.853292240257133 ], [ 170.828072801253484, -42.852758857841785 ], [ 170.828636448462305, -42.852237254906505 ], [ 170.829168931663276, -42.851750392405108 ], [ 170.829630847756505, -42.851272090223887 ], [ 170.83017045956052, -42.850789664191545 ], [ 170.830700473816364, -42.850257208405068 ], [ 170.831230697742711, -42.849724871659376 ], [ 170.831783969522348, -42.849206097621725 ], [ 170.832320511033856, -42.848677470943791 ], [ 170.832843900139693, -42.848141097743458 ], [ 170.833380380225691, -42.847612426141929 ], [ 170.833909728769811, -42.847079552190628 ], [ 170.834463809666147, -42.846561232489094 ], [ 170.834984498114295, -42.846023252031941 ], [ 170.835524911436067, -42.845496878179027 ], [ 170.836113225094749, -42.844998696269023 ], [ 170.836678882888918, -42.844487173646264 ], [ 170.837276233291703, -42.843994302243132 ], [ 170.83793360823384, -42.843536759238248 ], [ 170.838564739233874, -42.843063763310418 ], [ 170.839214185361016, -42.842601543701029 ], [ 170.839914872179605, -42.842169481322337 ], [ 170.84074399872415, -42.841740392129402 ], [ 170.84150391665753, -42.841284882219398 ], [ 170.84223667189255, -42.84089370159743 ], [ 170.842975565522096, -42.840518433842384 ], [ 170.843733495422242, -42.840161738151721 ], [ 170.844500320115401, -42.83981371840509 ], [ 170.845257130927791, -42.839455924108805 ], [ 170.846001418397691, -42.839085906869897 ], [ 170.846729763461752, -42.838700330807896 ], [ 170.847471324918985, -42.838327647604018 ], [ 170.848186603691744, -42.837929316466671 ], [ 170.848921557741193, -42.837550180291394 ] ] } },
{ "type": "Feature", "properties": { "group_id": "nzd0410" }, "geometry": { "type": "LineString", "coordinates": [ [ 173.313167701533814, -42.885980560475232 ], [ 173.312574264761139, -42.886561458831828 ], [ 173.311788186180962, -42.886880130149564 ], [ 173.311011597720011, -42.887221239821685 ] ] } },
{ "type": "Feature", "properties": { "group_id": "nzd0412" }, "geometry": { "type": "LineString", "coordinates": [ [ 173.266662007533228, -42.92861468819639 ], [ 173.266107945117454, -42.929131975620912 ], [ 173.26554028859897, -42.929640055796675 ], [ 173.264966322939188, -42.930145484409238 ], [ 173.264407226697415, -42.930660304950266 ], [ 173.263861507956136, -42.931182966218103 ], [ 173.263303780762328, -42.931698581079232 ], [ 173.262728209684781, -42.932203727430185 ], [ 173.262171020906635, -42.932719305775514 ], [ 173.26161017768365, -42.933232177427975 ], [ 173.261040262474779, -42.933740069831572 ], [ 173.260509672487018, -42.934272670066704 ], [ 173.25995331896965, -42.934789436408721 ], [ 173.259423336192953, -42.93532240154483 ], [ 173.258851762425223, -42.935829807972226 ], [ 173.258279302734451, -42.936336665957128 ], [ 173.257747921783704, -42.936868759752372 ], [ 173.257154417987095, -42.937362679454466 ], [ 173.25661188405968, -42.937877456792236 ], [ 173.256115265073987, -42.938397350046486 ], [ 173.255571848256665, -42.938931533342405 ], [ 173.255076904996741, -42.939490897834276 ], [ 173.254699510858813, -42.940087847797976 ], [ 173.254311344252017, -42.940681346937353 ], [ 173.253922715268459, -42.941263499411448 ], [ 173.253569097554248, -42.941859868241444 ], [ 173.253263335392575, -42.942488248459874 ], [ 173.252699379369233, -42.942965509727536 ], [ 173.251947133186064, -42.943247279711763 ], [ 173.251188705366474, -42.943597961386793 ], [ 173.250452712041891, -42.943976798646531 ], [ 173.249761511892842, -42.944419465581575 ], [ 173.249134693223453, -42.944891479528223 ], [ 173.248544635917654, -42.945389618895526 ], [ 173.248007161550333, -42.945917847629111 ], [ 173.247527007478197, -42.946473768961624 ], [ 173.246982528832007, -42.946995353791557 ], [ 173.246423555049489, -42.947512354747161 ], [ 173.245806471070409, -42.948002258811108 ], [ 173.245292044401111, -42.948543182716534 ], [ 173.245559456681463, -42.949452340039038 ] ] } },
{ "type": "Feature", "properties": { "group_id": "nzd0413" }, "geometry": { "type": "LineString", "coordinates": [ [ 170.67876717868026, -42.94761077406811 ], [ 170.679442660762362, -42.947173296317935 ], [ 170.680131861763613, -42.946749513443358 ], [ 170.680803221759732, -42.946307915727353 ], [ 170.681510743162022, -42.94590241934398 ], [ 170.682198480799229, -42.945477168476316 ], [ 170.682891066465089, -42.945056755511644 ], [ 170.683564520353031, -42.944617239333908 ], [ 170.684250967284328, -42.94418793516752 ], [ 170.684978448351387, -42.943789235289699 ], [ 170.685699525445671, -42.943369087353943 ], [ 170.686393467042421, -42.942926263880111 ], [ 170.687099723621316, -42.94250011395485 ], [ 170.68781343121924, -42.942084051935964 ], [ 170.688519844267546, -42.941658113703177 ], [ 170.689251361147711, -42.941266163098121 ], [ 170.689975250914131, -42.940863885832556 ], [ 170.690708961649761, -42.940474904453168 ], [ 170.691437532120659, -42.94007896335016 ], [ 170.692210586587322, -42.939743246075864 ], [ 170.693009153439249, -42.939442066665571 ], [ 170.693806046833203, -42.939138619530446 ] ] } },
{ "type": "Feature", "properties": { "group_id": "nzd0414" }, "geometry": { "type": "LineString", "coordinates": [ [ 170.499795946760116, -43.017372215182739 ], [ 170.50068424683991, -43.0174720415107 ], [ 170.501588613181923, -43.01747122947571 ], [ 170.502496860947247, -43.017446093734982 ], [ 170.503414317322751, -43.017363254521797 ], [ 170.504330725682308, -43.017286963000785 ], [ 170.505229372157885, -43.01732194733647 ], [ 170.50609061302498, -43.017591319688179 ], [ 170.507018968288463, -43.017440138488539 ], [ 170.50789507226628, -43.01761638878132 ], [ 170.508777827429896, -43.01775096707668 ], [ 170.509635452759255, -43.018043059567667 ], [ 170.510515807499189, -43.018192709747083 ], [ 170.511393311201061, -43.018360241473935 ], [ 170.512343392848493, -43.018505374128303 ], [ 170.513321913801491, -43.018585234476362 ], [ 170.514215717854228, -43.01848679857649 ], [ 170.515108717760199, -43.018410959150785 ], [ 170.516006161336264, -43.018380350262319 ], [ 170.516898771898582, -43.018300550121872 ], [ 170.517789004467602, -43.018196555487734 ], [ 170.518682399208785, -43.018124744370603 ], [ 170.519580892228959, -43.018104805000583 ], [ 170.520477548528788, -43.018066172765742 ], [ 170.521366693359113, -43.017951130304553 ], [ 170.522251843796369, -43.017795471983924 ], [ 170.523184382281755, -43.017633874408865 ], [ 170.524121230060132, -43.017466873072991 ], [ 170.525006285916533, -43.017275036099143 ], [ 170.52587175173025, -43.017096111845639 ], [ 170.526710989042414, -43.01686097165797 ], [ 170.527524005093682, -43.016569634158699 ], [ 170.5283466653392, -43.016298967097462 ], [ 170.529166372586559, -43.016021972270828 ], [ 170.529999593250267, -43.015773938695233 ], [ 170.530827621868809, -43.015514778434294 ], [ 170.531667746815913, -43.015281540950134 ], [ 170.532486052294502, -43.015001544832138 ], [ 170.53328261359826, -43.014667201718261 ], [ 170.534057845721577, -43.01431418860188 ], [ 170.534831632407617, -43.013972441821515 ], [ 170.535634911168245, -43.013677596450819 ], [ 170.536450500541292, -43.013402584482236 ], [ 170.537266355522831, -43.013127998908054 ], [ 170.538087483105045, -43.012861906584959 ], [ 170.538897644929165, -43.012578145549853 ], [ 170.539719297572333, -43.012312895825197 ], [ 170.540550307465452, -43.012062719358347 ], [ 170.541349311852912, -43.011760978689971 ], [ 170.542148825857367, -43.011460058166207 ], [ 170.542963360078204, -43.011183334271905 ], [ 170.543762559794516, -43.010881905385553 ], [ 170.544562552086035, -43.010581752438178 ], [ 170.545345398181865, -43.010253977165775 ], [ 170.546125415253726, -43.00992164432585 ] ] } },
{ "type": "Feature", "properties": { "group_id": "nzd0415" }, "geometry": { "type": "LineString", "coordinates": [ [ 173.142533689925898, -42.987111118108977 ], [ 173.141819414310646, -42.987510439038473 ], [ 173.141117958822235, -42.987921088728768 ], [ 173.140370897774346, -42.988310721340461 ], [ 173.139660479577401, -42.988752510314683 ], [ 173.139039300411042, -42.989245483198872 ], [ 173.138471341979937, -42.989758426844297 ], [ 173.137958214159312, -42.990318615612622 ], [ 173.137156213570705, -42.990682790890041 ], [ 173.136584213132323, -42.991192072739892 ], [ 173.135706300249694, -42.991498492450674 ], [ 173.135368007792152, -42.992169583535116 ], [ 173.135005001139206, -42.992814835096659 ], [ 173.134358092461611, -42.993275665394478 ], [ 173.133745796848359, -42.993759820820351 ], [ 173.133111510755128, -42.994246713355402 ], [ 173.132509393085996, -42.994754034993576 ], [ 173.132040008110692, -42.995316681633767 ], [ 173.131528242753717, -42.995856850831018 ], [ 173.131028094747194, -42.996399533792179 ], [ 173.130497118103733, -42.99692545884735 ], [ 173.129949589924337, -42.997445983460878 ], [ 173.129500672647026, -42.998021162312206 ], [ 173.128801312435911, -42.998465514579408 ], [ 173.128372638693207, -42.999055746069359 ], [ 173.127844790738123, -42.999587438165619 ], [ 173.127357490171732, -43.000138898609208 ], [ 173.126821446138621, -43.000663413414756 ], [ 173.12645396454019, -43.001279524396239 ], [ 173.125930250935625, -43.001813338745876 ], [ 173.125450753192439, -43.00237084826945 ], [ 173.124805870351082, -43.002839706567187 ], [ 173.124114983590005, -43.003281685823936 ], [ 173.123651579314469, -43.003837685589779 ], [ 173.123116400094688, -43.004357466881238 ], [ 173.122538165267628, -43.004860302625595 ], [ 173.121964060661384, -43.005365600820156 ], [ 173.121421173820465, -43.005889538894216 ], [ 173.120861858427361, -43.006403661189211 ], [ 173.120271854012572, -43.0068991289547 ], [ 173.119753665381779, -43.007432870064967 ], [ 173.119170988024706, -43.00792807040429 ], [ 173.118583989919017, -43.008425332852752 ], [ 173.118018852079445, -43.008936485614356 ], [ 173.117476411239807, -43.009462060537835 ], [ 173.116907851534052, -43.009971571010901 ], [ 173.116350198359925, -43.010492303542456 ], [ 173.115775754511532, -43.011002360969954 ], [ 173.115144466503892, -43.011476077943172 ], [ 173.114630389833792, -43.01201561133616 ], [ 173.114103918405391, -43.012548179941739 ], [ 173.113543727780211, -43.013061808861529 ], [ 173.11301515292655, -43.013593187442574 ], [ 173.112533315887617, -43.014150807569258 ], [ 173.111535790412177, -43.014418832802619 ], [ 173.111274077039013, -43.015100057732397 ], [ 173.11082364430041, -43.015675300128997 ], [ 173.110269348941358, -43.016190497584354 ], [ 173.109663529786474, -43.016673303519568 ], [ 173.109100595463957, -43.017182748862112 ], [ 173.108509125352555, -43.017677543064281 ], [ 173.107946967223569, -43.018189879059982 ], [ 173.107404436893717, -43.018713959977219 ], [ 173.106800374134394, -43.019201203604965 ], [ 173.106220984471861, -43.019703212229402 ], [ 173.10567055665723, -43.020222553147782 ], [ 173.105126593512978, -43.020745759612772 ], [ 173.104529448653579, -43.021237127374029 ], [ 173.104006481067955, -43.021772893375868 ], [ 173.103480355523317, -43.022311707025587 ], [ 173.102935136261465, -43.022842983278025 ], [ 173.10241048537236, -43.023382029821384 ], [ 173.101889440261601, -43.023917485428136 ], [ 173.101372967598309, -43.024455144533405 ], [ 173.100840498253376, -43.024985072690008 ], [ 173.100363801699672, -43.025541933018062 ], [ 173.099925698695415, -43.026117428258686 ], [ 173.099454793997495, -43.026677076090863 ], [ 173.098974550157436, -43.027232208429623 ], [ 173.098485043247678, -43.027782862027678 ], [ 173.098002288283311, -43.028336771755839 ], [ 173.09755542991843, -43.02890825189526 ], [ 173.097098148019199, -43.029475025104645 ], [ 173.096677752973932, -43.030058437131693 ], [ 173.096219388238012, -43.030623614107505 ], [ 173.095760554364745, -43.031188566916924 ], [ 173.095252447925844, -43.031730497468679 ], [ 173.094774371861888, -43.032286451466867 ] ] } },
{ "type": "Feature", "properties": { "group_id": "nzd0417" }, "geometry": { "type": "LineString", "coordinates": [ [ 173.044412977403624, -43.046327976175718 ], [ 173.043625858231934, -43.046670328796999 ], [ 173.042803929002019, -43.046935295214929 ], [ 173.041984267006569, -43.047204102175783 ], [ 173.041143065071964, -43.047455276935835 ], [ 173.040229789289384, -43.047619490496238 ], [ 173.03955554419133, -43.048111766133822 ], [ 173.038719715649705, -43.048360886094429 ], [ 173.038022565423262, -43.048802930084946 ], [ 173.037163793309105, -43.049036917130906 ], [ 173.036272020184924, -43.049239577234005 ], [ 173.035461342239188, -43.049527827749934 ], [ 173.034768740167294, -43.049960820828517 ], [ 173.033950228202883, -43.050239463786397 ], [ 173.033106498652018, -43.050493866243364 ], [ 173.032430346072715, -43.050964583166824 ], [ 173.031778991727407, -43.051448230821997 ], [ 173.030941429655371, -43.051713002316113 ], [ 173.030309026958719, -43.052203965315357 ], [ 173.029547158225, -43.052560037777241 ], [ 173.028780779252742, -43.052912938065781 ], [ 173.027994839271969, -43.053238404127129 ], [ 173.02718353283916, -43.053537694313917 ] ] } },
{ "type": "Feature", "properties": { "group_id": "nzd0420" }, "geometry": { "type": "LineString", "coordinates": [ [ 172.938946736364386, -43.085558929741786 ], [ 172.938220707529837, -43.085945567606977 ], [ 172.937681997511731, -43.086511108769116 ], [ 172.936994572785238, -43.086934612572954 ], [ 172.936354729524624, -43.087403558687363 ], [ 172.935664008470553, -43.087823909633137 ], [ 172.934963723601328, -43.088237099900851 ], [ 172.934258538469322, -43.088646834930508 ], [ 172.933553766638795, -43.08905496463457 ], [ 172.932848875360435, -43.089486554468202 ], [ 172.932128862480198, -43.08991828763034 ], [ 172.931396746654059, -43.090323377147655 ], [ 172.930705135642881, -43.090745424661151 ] ] } },
{ "type": "Feature", "properties": { "group_id": "nzd0421" }, "geometry": { "type": "LineString", "coordinates": [ [ 172.892440593203872, -43.096976410630177 ], [ 172.891573327749654, -43.097154221988404 ], [ 172.890732165677576, -43.097384552330453 ], [ 172.889972460659521, -43.097778780560958 ], [ 172.889090003317477, -43.097988990041024 ], [ 172.888077824959652, -43.09819238560663 ], [ 172.887221116820882, -43.098594319868944 ], [ 172.886711009648309, -43.099186736030759 ], [ 172.885963400013338, -43.099552735772392 ], [ 172.885296434971451, -43.099995612824088 ], [ 172.884615417691663, -43.100425091292252 ], [ 172.88390394019055, -43.100834182099398 ], [ 172.88323303562774, -43.101296770880595 ], [ 172.882491858658511, -43.101691080166859 ], [ 172.881846038547025, -43.102147953004014 ], [ 172.881149698621385, -43.102563126933177 ], [ 172.880451237182285, -43.102976546614286 ], [ 172.879828397374183, -43.103452377010406 ], [ 172.879213626979947, -43.103934864592709 ], [ 172.878562099535657, -43.104387011969393 ], [ 172.877914987976993, -43.104842801012133 ], [ 172.877256775117473, -43.105289424591334 ], [ 172.876531139728201, -43.105703382278719 ], [ 172.875941630429452, -43.106223892671785 ], [ 172.87529301645057, -43.106682616566665 ], [ 172.874636704145985, -43.107132401412429 ], [ 172.874019273938103, -43.10760878038856 ], [ 172.873378179445666, -43.108068967549869 ], [ 172.872747486183187, -43.108536266056461 ], [ 172.872125600679624, -43.109009585912055 ], [ 172.87149626029256, -43.10947780227562 ], [ 172.870865261003274, -43.109944880011135 ], [ 172.870200797739699, -43.110397002720021 ], [ 172.869532981977216, -43.110856443360937 ], [ 172.868936366881059, -43.11135491444707 ], [ 172.868345006242976, -43.111848579899402 ], [ 172.867765989348243, -43.112350020651945 ], [ 172.867108912599576, -43.112802261879835 ], [ 172.866536467116276, -43.113307836009092 ], [ 172.865941356881194, -43.113799122106641 ], [ 172.865361001042942, -43.114299702825654 ], [ 172.864758302035142, -43.114786198128748 ], [ 172.864169884813663, -43.115281690212711 ], [ 172.863598227080871, -43.115787740649104 ], [ 172.863032567867265, -43.116297567535931 ], [ 172.862480310372575, -43.116815836632703 ], [ 172.861930851072657, -43.117330648336669 ], [ 172.86143340169582, -43.117865869512869 ], [ 172.861141711806255, -43.118556031566712 ], [ 172.860548549468405, -43.119049319961718 ], [ 172.859698117126442, -43.119362513060928 ], [ 172.859130119089002, -43.119873409375273 ] ] } },
{ "type": "Feature", "properties": { "group_id": "nzd0423" }, "geometry": { "type": "LineString", "coordinates": [ [ 170.169796983196079, -43.214266263012277 ], [ 170.170372382185207, -43.213763611313539 ], [ 170.170967446589799, -43.213272479160366 ], [ 170.171541473593663, -43.212769014481253 ], [ 170.172099569836689, -43.212256209853905 ], [ 170.172661773611253, -43.211745807798074 ], [ 170.173195664248425, -43.211218809753809 ], [ 170.173745391081127, -43.210701087314376 ], [ 170.17430808272627, -43.210190957817794 ], [ 170.174864545529829, -43.209677173768718 ], [ 170.1753643077557, -43.209130078627403 ], [ 170.175875408421916, -43.208590169239599 ], [ 170.176423824354032, -43.208071848887073 ], [ 170.176963343169518, -43.207548414752836 ], [ 170.177450314419957, -43.206995029880972 ], [ 170.177963320101867, -43.20645647720707 ], [ 170.178485288597528, -43.205923027821669 ], [ 170.178996740381592, -43.205383580576374 ], [ 170.179485997700027, -43.204831480456768 ], [ 170.180032584045875, -43.204312046953746 ], [ 170.180559023399809, -43.203781127402486 ], [ 170.181074459298429, -43.20324137777898 ], [ 170.181570314668875, -43.202687329947935 ], [ 170.182056688520447, -43.202129179843475 ], [ 170.182583893356735, -43.201597177461053 ], [ 170.183099393154322, -43.201058033062047 ], [ 170.183620411422226, -43.200522249564841 ], [ 170.184135246956231, -43.199982691558944 ], [ 170.18472772150929, -43.1994904736232 ], [ 170.185295279925043, -43.19898305748314 ], [ 170.18585075333948, -43.198472521150052 ], [ 170.18641344527606, -43.197967789484721 ], [ 170.187012228176201, -43.197479903602435 ], [ 170.187581233582819, -43.196973350712675 ], [ 170.188183315699092, -43.196486115569236 ], [ 170.188789891307152, -43.196001500780255 ], [ 170.189363830159834, -43.19549781629663 ], [ 170.189971794428999, -43.195014003587467 ], [ 170.190609446305047, -43.194547528507059 ], [ 170.19121539922989, -43.194062594704441 ], [ 170.191814373764856, -43.193574597059332 ], [ 170.192343083084069, -43.193044215683472 ], [ 170.192887406456208, -43.192522549308862 ], [ 170.193419957127702, -43.191993690757286 ], [ 170.193954568175911, -43.19146699736563 ], [ 170.19449099316833, -43.190943148337993 ], [ 170.19500658319609, -43.190407046958697 ], [ 170.195505892923848, -43.189862407175227 ], [ 170.196014425288496, -43.189322576237807 ], [ 170.196540657293724, -43.188791978609245 ], [ 170.197032702521, -43.18824353280155 ], [ 170.197524630661263, -43.187695021079819 ], [ 170.19799152529626, -43.187133485997357 ], [ 170.198442894883925, -43.186564763397804 ], [ 170.198918270385718, -43.186009084009392 ], [ 170.199406213331827, -43.185458991490982 ], [ 170.19990643942009, -43.184915083402402 ], [ 170.200421861638944, -43.18437882755839 ], [ 170.20089566628522, -43.183821596181865 ], [ 170.20137999359153, -43.183269662142493 ], [ 170.201868192332284, -43.182719673965074 ], [ 170.202364812192769, -43.182173924185186 ], [ 170.202811693728137, -43.181604703886158 ], [ 170.203288559137121, -43.18105392315622 ], [ 170.203725077175022, -43.180483279095093 ], [ 170.204168953369503, -43.179913402606054 ], [ 170.20456088687456, -43.179319984110094 ], [ 170.205016525838317, -43.17875542722436 ], [ 170.205464137896257, -43.178187227884223 ], [ 170.205906867904702, -43.177616811114525 ], [ 170.206310255270267, -43.177028561716533 ], [ 170.206726159128891, -43.176446601118471 ], [ 170.207131922551866, -43.175867120688885 ], [ 170.207578912568209, -43.175305771651445 ], [ 170.207974975844081, -43.174716447448063 ], [ 170.208434167994966, -43.174153499890544 ], [ 170.208858986008835, -43.173576181665219 ], [ 170.209328006027221, -43.173017330411334 ], [ 170.209812217301362, -43.17246482227695 ], [ 170.210283592954255, -43.171906944599051 ], [ 170.210831539053856, -43.171381060802723 ], [ 170.211260688334278, -43.170806522150869 ], [ 170.211715720316846, -43.170242603862903 ], [ 170.212150740984242, -43.169669596701027 ], [ 170.21254106621717, -43.169078503737381 ], [ 170.212938167614453, -43.168490145638259 ], [ 170.213310104082495, -43.167891604824248 ], [ 170.213707917247689, -43.167303523497324 ], [ 170.2140910867206, -43.166709514425065 ], [ 170.214485321057225, -43.166119974670345 ], [ 170.214892811069234, -43.165542756237343 ], [ 170.215288463948497, -43.164963107022324 ], [ 170.21571879578039, -43.164388194800253 ], [ 170.21612728006599, -43.163804423248287 ], [ 170.216519436224814, -43.1632150572309 ], [ 170.216919638254893, -43.162628439196922 ], [ 170.217356290662366, -43.162054291106372 ], [ 170.21772581085537, -43.161457159926762 ], [ 170.218129869099641, -43.160871844161612 ], [ 170.218505603337746, -43.160276466021998 ], [ 170.218904472637377, -43.159688734178417 ], [ 170.219252609501581, -43.159084526237521 ], [ 170.219618236727484, -43.158486151614035 ], [ 170.219970230927885, -43.157883254901463 ], [ 170.22029478321258, -43.157271261656092 ], [ 170.220658229575889, -43.156672146759973 ], [ 170.22097431786375, -43.156057337729472 ] ] } },
{ "type": "Feature", "properties": { "group_id": "nzd0424" }, "geometry": { "type": "LineString", "coordinates": [ [ 172.819382436054582, -43.133024690349522 ], [ 172.818746008137822, -43.133488523329319 ], [ 172.817964270388444, -43.133834890934558 ], [ 172.817265314415948, -43.134248172192834 ], [ 172.816627785472974, -43.134711105622898 ], [ 172.816003320950699, -43.135184596869934 ], [ 172.815372048851998, -43.135652643924907 ], [ 172.782337873221991, -43.170847011776644 ], [ 172.781899508478745, -43.171419129867076 ], [ 172.781448754839261, -43.171986505757609 ], [ 172.781030123970339, -43.172566157741493 ], [ 172.780587950938099, -43.173136803262381 ], [ 172.780175358278655, -43.173718752810274 ], [ 172.779742791635442, -43.174293060136883 ], [ 172.779336156735923, -43.174877276472323 ], [ 172.778905231874944, -43.175452200467198 ], [ 172.778480705366547, -43.17602956523335 ], [ 172.778064418064474, -43.176610074577098 ], [ 172.777645323606691, -43.177189505134791 ], [ 172.777211661876208, -43.177763360672621 ], [ 172.776794548299847, -43.178343726650944 ], [ 172.776390415896913, -43.178932428485062 ], [ 172.775972546796652, -43.179515825307654 ], [ 172.775576453514759, -43.180103782949658 ], [ 172.775156799926663, -43.18068315363697 ], [ 172.774725982702023, -43.181258452599231 ], [ 172.774342684071968, -43.181851053500033 ], [ 172.773939117234448, -43.182436266529841 ], [ 172.773534552284389, -43.183021110385866 ], [ 172.773128899938428, -43.183605552550347 ], [ 172.772758846128909, -43.184202954941377 ], [ 172.772359099478734, -43.184789536816645 ], [ 172.771942856517313, -43.185370104711573 ], [ 172.771544597440283, -43.185957217124866 ], [ 172.771152787487011, -43.186546672810977 ], [ 172.770750929793309, -43.187132463243969 ], [ 172.770362786905054, -43.187724544785702 ], [ 172.769993310157389, -43.188327840736129 ], [ 172.769627246612771, -43.188930611307498 ], [ 172.769249440280021, -43.18952482930564 ], [ 172.768884179918615, -43.190123251861493 ], [ 172.768507684941966, -43.190717898318653 ], [ 172.768150974143794, -43.19131917841252 ], [ 172.767800977262539, -43.191922705810768 ], [ 172.767449543751752, -43.19252574523847 ], [ 172.767082846751094, -43.193123656528186 ], [ 172.766700063594953, -43.193716163632622 ], [ 172.766364547701073, -43.194324527349593 ], [ 172.766004092046273, -43.194924515686765 ], [ 172.765642385608857, -43.195525009619907 ], [ 172.76528446728156, -43.196129100007475 ], [ 172.764907405831792, -43.196726288955382 ], [ 172.764552270456875, -43.197327818873077 ], [ 172.76418160087573, -43.197924516728264 ], [ 172.763825347708433, -43.198525687472717 ], [ 172.76350154175671, -43.199136932798446 ], [ 172.763158506070141, -43.199742025705866 ], [ 172.76279902047699, -43.200341620433669 ], [ 172.762427063157816, -43.200937450800332 ], [ 172.762076157204262, -43.201540263836939 ], [ 172.76170894918971, -43.202137947760406 ], [ 172.761364639263661, -43.202742821817054 ], [ 172.761015235530778, -43.203346089121489 ], [ 172.760663196373486, -43.203948522263133 ], [ 172.760313308732293, -43.20455162560301 ], [ 172.759962983338852, -43.205154585428637 ], [ 172.759601571717241, -43.205754055337692 ], [ 172.759244420611196, -43.206354858227918 ], [ 172.758900234954183, -43.206959729704501 ], [ 172.758552056841211, -43.207563340561329 ], [ 172.758199731590281, -43.208165642196491 ], [ 172.757877312921096, -43.208777336266664 ], [ 172.757520101925223, -43.209378090618394 ], [ 172.757166449087407, -43.209979957207949 ], [ 172.756836062014969, -43.210590556352635 ], [ 172.756475016584119, -43.211191742708529 ], [ 172.756126482095027, -43.211795307325026 ], [ 172.75578453041004, -43.212400732175688 ], [ 172.755420018042742, -43.212999326266235 ], [ 172.755080084161989, -43.213605349509606 ], [ 172.754760343014254, -43.214217475145091 ], [ 172.754412171359206, -43.214820994388077 ], [ 172.754068220659775, -43.21542578448404 ], [ 172.753714807947205, -43.216027706283278 ], [ 172.753378332809234, -43.216634745747669 ], [ 172.753070350504231, -43.217250439176844 ], [ 172.752736852666658, -43.217861010384397 ], [ 172.752398537103574, -43.218470141121038 ], [ 172.752082705557825, -43.219083021190805 ], [ 172.75175617500372, -43.219692878588987 ], [ 172.751424181750849, -43.220301189685813 ], [ 172.751098702012712, -43.220911331117158 ], [ 172.750782681601862, -43.221524133424666 ], [ 172.750428928914999, -43.222125222924141 ], [ 172.750095349036428, -43.222731278817925 ], [ 172.749780358255208, -43.223343856589956 ], [ 172.74944287938456, -43.223950498033922 ], [ 172.74908822837989, -43.22455210284906 ], [ 172.7487873378264, -43.225169450694082 ], [ 172.74845302175811, -43.225777000487781 ], [ 172.748116811696207, -43.226383989378299 ], [ 172.747791915404832, -43.226994286541959 ], [ 172.74743749720912, -43.227595929300236 ], [ 172.747110561962103, -43.228205617031726 ], [ 172.746793438286375, -43.228818172940926 ], [ 172.746474692380275, -43.229430247540186 ], [ 172.746174600558305, -43.230047780641129 ], [ 172.745857923788122, -43.230661841736001 ], [ 172.745555084195331, -43.231281383010476 ], [ 172.745222650987841, -43.231891635298631 ], [ 172.74491421253893, -43.232506347071684 ], [ 172.744581539693627, -43.233114673341817 ], [ 172.744233552271368, -43.23371896211782 ], [ 172.743952870115066, -43.234340961595102 ], [ 172.743603378156251, -43.234944841930513 ], [ 172.743277402014684, -43.235554906168268 ], [ 172.742964402189756, -43.236168379963551 ], [ 172.742638447452464, -43.236778437417797 ], [ 172.742348085473338, -43.237397857732958 ], [ 172.742058591175976, -43.238017500199355 ], [ 172.741770990967524, -43.238637634993808 ], [ 172.741466883135701, -43.239253418282509 ], [ 172.741138504316808, -43.239862806570919 ], [ 172.740833332731057, -43.240478297410085 ], [ 172.740519094498097, -43.241091395447917 ], [ 172.740247826298116, -43.241710925638991 ], [ 172.739960785700362, -43.242324992924196 ], [ 172.739688990189421, -43.242949327855243 ], [ 172.739419640275145, -43.243576333554685 ], [ 172.739121583664684, -43.244194677032844 ], [ 172.738799963505926, -43.244805909219998 ], [ 172.738536497408603, -43.245434670698636 ], [ 172.73823691391425, -43.246052535486427 ], [ 172.73799424013032, -43.246687554143804 ], [ 172.737690904384237, -43.247304275281984 ], [ 172.737399698379818, -43.247921735085754 ], [ 172.737145236313665, -43.248547121936355 ], [ 172.736799457621572, -43.249151085111272 ], [ 172.736582676411473, -43.249789760410607 ], [ 172.736335920875206, -43.250420535760689 ], [ 172.736039418755979, -43.251036319950693 ], [ 172.735740790426405, -43.251645488401664 ] ] } },
{ "type": "Feature", "properties": { "group_id": "nzd0425" }, "geometry": { "type": "LineString", "coordinates": [ [ 170.15017671592696, -43.226094332896729 ], [ 170.151041661063857, -43.225914680756901 ], [ 170.15186585183119, -43.225648974835927 ], [ 170.152619867460203, -43.225350164405334 ], [ 170.153324844874163, -43.225022245473063 ], [ 170.154048413532479, -43.224641350487126 ], [ 170.154718930564314, -43.224203430171009 ], [ 170.155376959677483, -43.223753735900559 ], [ 170.156018643628101, -43.223314680333594 ], [ 170.156611417907698, -43.222854006534348 ], [ 170.157203932499471, -43.222370226764077 ], [ 170.157762292682065, -43.22185355077665 ], [ 170.158294319873335, -43.22131839946254 ], [ 170.158854585851287, -43.220803052906383 ], [ 170.159470955487279, -43.220327057186303 ], [ 170.160259370803544, -43.219944764207035 ], [ 170.160963418276992, -43.219493838511823 ], [ 170.161643800360991, -43.2190424975064 ], [ 170.162477373573012, -43.218767384117058 ], [ 170.163840033604629, -43.219034099844549 ], [ 170.164098965569821, -43.218170491774174 ], [ 170.16470345033332, -43.217660758671009 ], [ 170.165410832144744, -43.21728680026483 ], [ 170.166109329999159, -43.216901394725497 ], [ 170.166886195377657, -43.216501931387079 ], [ 170.167527032792123, -43.216030671749614 ], [ 170.168096152234568, -43.215522405053989 ] ] } },
{ "type": "Feature", "properties": { "group_id": "nzd0426" }, "geometry": { "type": "LineString", "coordinates": [ [ 170.119071717516903, -43.246594388578295 ], [ 170.119648377683234, -43.246073695720114 ], [ 170.120120642240124, -43.245516449776467 ], [ 170.120622906768773, -43.24500589547187 ], [ 170.121149277325117, -43.244492516886986 ], [ 170.121639103808434, -43.243959456802656 ], [ 170.12208603120294, -43.24339399881373 ], [ 170.122574079457848, -43.242834592080605 ], [ 170.123011922947626, -43.242263945541389 ], [ 170.123484440721967, -43.24171386382946 ], [ 170.123853913977484, -43.241114815779447 ], [ 170.124277562021263, -43.240537880801597 ] ] } },
{ "type": "Feature", "properties": { "group_id": "nzd0427" }, "geometry": { "type": "LineString", "coordinates": [ [ 170.080538148733609, -43.275704362107575 ], [ 170.081251375310046, -43.275306684205049 ], [ 170.081963826687883, -43.274908224771693 ], [ 170.082667629271214, -43.274518680087866 ] ] } },
{ "type": "Feature", "properties": { "group_id": "nzd0430" }, "geometry": { "type": "LineString", "coordinates": [ [ 172.718214386689482, -43.301071815265175 ], [ 172.717973916631905, -43.301702698115029 ], [ 172.717822930564324, -43.302347905713312 ], [ 172.717708077255537, -43.303002150998687 ], [ 172.717562763876373, -43.30365307051607 ], [ 172.717314504801266, -43.304288147963945 ], [ 172.717161456565066, -43.304932316622079 ], [ 172.717014623833535, -43.305577236784096 ], [ 172.716857781721814, -43.306220928879888 ], [ 172.716655820594184, -43.306859109266384 ], [ 172.71649157973664, -43.307501884997848 ], [ 172.716421193840716, -43.308156104873213 ], [ 172.716268486986877, -43.308800274141205 ], [ 172.71602741738829, -43.309433655743717 ], [ 172.71591770015246, -43.310083056368988 ], [ 172.715810678274039, -43.310732778958034 ], [ 172.71563435692363, -43.311374039778762 ], [ 172.715443311851203, -43.312013497399398 ], [ 172.715310404299402, -43.312660041264934 ], [ 172.715210893014131, -43.313309539547248 ], [ 172.715025301286147, -43.313945128746731 ], [ 172.714840884096532, -43.314581709217315 ], [ 172.714668383005943, -43.315223154831095 ], [ 172.714684010586893, -43.315893450790547 ], [ 172.714517178169388, -43.316542908624776 ], [ 172.714432171346374, -43.317198886006963 ], [ 172.714264070358809, -43.317841995317401 ], [ 172.714119184279951, -43.318487324885531 ], [ 172.714035277284125, -43.319138497663346 ], [ 172.713935832376592, -43.319788172859383 ], [ 172.713774800256289, -43.320431932729058 ], [ 172.713604538661457, -43.321074800255523 ], [ 172.713558173042827, -43.321729546907584 ], [ 172.713499023657903, -43.322383060159623 ], [ 172.713370168760406, -43.323032513115642 ], [ 172.713216306100605, -43.323685549987999 ], [ 172.713095990302548, -43.324339980832946 ], [ 172.712980223645388, -43.324989119765618 ], [ 172.71300206327831, -43.325645435768983 ], [ 172.712882831884173, -43.326294379851795 ], [ 172.712718240838797, -43.326940948804456 ], [ 172.712638434613211, -43.327584589084942 ], [ 172.712580743393602, -43.328228438634312 ], [ 172.712494340342573, -43.328877571912031 ], [ 172.712371022043328, -43.329525060284269 ], [ 172.712211084489581, -43.330169552710572 ], [ 172.712133076076526, -43.330820725573091 ], [ 172.712162219250814, -43.331480637477732 ], [ 172.712040827362927, -43.332128255325657 ], [ 172.711930021704404, -43.332776730304424 ], [ 172.711770894629865, -43.333421254246822 ], [ 172.711619735427519, -43.334070976899206 ], [ 172.711581782977817, -43.334733384992013 ], [ 172.711544967660558, -43.335390892273551 ], [ 172.711499430315911, -43.33604359688912 ], [ 172.711388752723167, -43.336692833594775 ], [ 172.711142184888359, -43.337334843289838 ], [ 172.711218157898713, -43.337993982938549 ], [ 172.711217096851954, -43.338649022604386 ], [ 172.711103648343055, -43.339298084134867 ], [ 172.7110163435309, -43.339948527682189 ], [ 172.71086953129236, -43.340595802590094 ], [ 172.71087965191532, -43.341251667890859 ], [ 172.710797748281635, -43.34190331711774 ], [ 172.710829010256504, -43.342560443280313 ], [ 172.710748590781634, -43.343211262570136 ], [ 172.710649349088641, -43.343861125691056 ], [ 172.71068545097512, -43.34451780691613 ], [ 172.710648208725047, -43.34517078252653 ], [ 172.710665684663127, -43.345826510368312 ], [ 172.710596786595545, -43.346477875661847 ], [ 172.710585912756642, -43.347132159874128 ], [ 172.7105287497304, -43.347784102912691 ], [ 172.710493641703977, -43.348437151075146 ], [ 172.710483503908762, -43.349092363659409 ], [ 172.710506131739322, -43.349749613078728 ], [ 172.710451205976938, -43.350402477684398 ], [ 172.710399383887079, -43.351054617203189 ], [ 172.710331753708999, -43.35170613314753 ], [ 172.710349651641849, -43.352360977916824 ], [ 172.710341768365055, -43.353014581677826 ], [ 172.710342263188494, -43.353668345277917 ], [ 172.710299797521941, -43.354320599543691 ], [ 172.710295148964946, -43.354974798737693 ], [ 172.710225509168993, -43.355626093222376 ], [ 172.710243580136336, -43.356281291325772 ], [ 172.71024740568663, -43.356935807930505 ], [ 172.710320305548436, -43.357590077127703 ], [ 172.710245741663044, -43.35824078879206 ], [ 172.710250671572567, -43.358893936513709 ], [ 172.710246408536108, -43.359547061525994 ], [ 172.710244066563519, -43.360200182783963 ], [ 172.710211429571217, -43.360853253584764 ], [ 172.710235730831528, -43.361506479698768 ], [ 172.710243819431071, -43.362159674307954 ], [ 172.710245288456576, -43.362812788669075 ], [ 172.710329690216582, -43.36346626809781 ], [ 172.710314017662739, -43.364119291489388 ], [ 172.710332208661811, -43.364772459776233 ], [ 172.710333257983677, -43.365425544127632 ], [ 172.710390814390422, -43.366078586958253 ], [ 172.710416726831255, -43.366731377401479 ], [ 172.710421127337725, -43.367384406544971 ], [ 172.710457370894432, -43.368037509186543 ], [ 172.710514698592505, -43.368690640699789 ], [ 172.710531076351657, -43.36934314262647 ] ] } },
{ "type": "Feature", "properties": { "group_id": "nzd0431" }, "geometry": { "type": "LineString", "coordinates": [ [ 169.908870691784301, -43.390580550608803 ], [ 169.909778950731578, -43.390686074539943 ], [ 169.910680929132212, -43.39071488150519 ], [ 169.911586938240845, -43.390599980865247 ], [ 169.912492374591324, -43.390483745488723 ], [ 169.91336968340454, -43.390313629562542 ], [ 169.914234445430793, -43.390137644611855 ], [ 169.915094001496612, -43.389931819767739 ], [ 169.915950284533977, -43.389714975465267 ], [ 169.916795587661881, -43.389488728209955 ], [ 169.917619036822913, -43.389222363184508 ], [ 169.918448167112075, -43.38896793951649 ], [ 169.919273696118694, -43.388705946685207 ], [ 169.920082754520337, -43.388409336636805 ], [ 169.920889644129915, -43.388108169841821 ], [ 169.921700137605256, -43.387820200272735 ], [ 169.922497197971467, -43.387537860998798 ], [ 169.923284732215336, -43.387235817848548 ], [ 169.924085082846005, -43.386938931293592 ], [ 169.924884024604324, -43.386640201802528 ], [ 169.925669806125569, -43.386325896076777 ], [ 169.926461904728825, -43.386021641063508 ], [ 169.927252956296257, -43.385711597884665 ], [ 169.928038972415465, -43.385392539720847 ], [ 169.928822336177916, -43.385069364132399 ], [ 169.929607745393639, -43.384749362554402 ], [ 169.930377101171985, -43.384404444585336 ], [ 169.931149315520372, -43.384063963018804 ], [ 169.931916541795061, -43.383721934152177 ], [ 169.932681761380678, -43.383403706599928 ], [ 169.933431359976254, -43.383062209390147 ], [ 169.934197431482971, -43.38272151107796 ], [ 169.934959282184025, -43.382375617331824 ], [ 169.935717139821293, -43.382024808503765 ], [ 169.936484669564322, -43.381685898291906 ], [ 169.937250719828768, -43.381345165638372 ], [ 169.938000010686977, -43.380983657953223 ], [ 169.93876118903512, -43.380636233750018 ], [ 169.939527452015568, -43.380295179355016 ], [ 169.940274919302141, -43.379931385264342 ], [ 169.941021539515646, -43.379566541230744 ], [ 169.941779811080181, -43.379216114619119 ], [ 169.942524835001848, -43.378849291749503 ], [ 169.94327939998027, -43.378494274558051 ], [ 169.943992315478312, -43.378107290923886 ], [ 169.944702309382677, -43.377738120988653 ], [ 169.945450511705531, -43.377390616860879 ], [ 169.94619047911371, -43.377020636760243 ], [ 169.94692746621854, -43.37664761628622 ], [ 169.947650814145334, -43.376260692047559 ], [ 169.948379261172931, -43.375878962129086 ], [ 169.949107672617828, -43.37549719326028 ], [ 169.94980922299942, -43.375090758221994 ], [ 169.950537617276041, -43.374722314597889 ], [ 169.951253786199828, -43.374337855323333 ], [ 169.951971008916729, -43.373944564139471 ], [ 169.952669455387962, -43.373534269869175 ], [ 169.953373396197065, -43.373128947045764 ], [ 169.954079018434072, -43.37272514344987 ], [ 169.954785050431667, -43.372321707718996 ], [ 169.955487254243593, -43.371914802933645 ], [ 169.956171781327072, -43.37149189114654 ], [ 169.956855585189572, -43.371068321659706 ], [ 169.957569769416295, -43.370670724062137 ], [ 169.958274930048162, -43.37026397605996 ], [ 169.958978498870124, -43.369856017393047 ], [ 169.959652287442879, -43.369418855888831 ], [ 169.960333726347415, -43.368989446039187 ], [ 169.961078714592901, -43.368629515192694 ], [ 169.961715636217292, -43.368174853441857 ], [ 169.962397049912852, -43.367755953057866 ], [ 169.963102994131901, -43.367351409611686 ], [ 169.963800283187993, -43.366939573480906 ], [ 169.964497296352079, -43.366527501562224 ], [ 169.965194582157267, -43.366115594671442 ], [ 169.965883565697737, -43.36569918880992 ], [ 169.966586603953658, -43.365287261538846 ], [ 169.967276817081284, -43.364858768146775 ], [ 169.968042495362937, -43.364517564363517 ], [ 169.968785529086318, -43.364150165285281 ], [ 169.96954298863713, -43.363799450273305 ], [ 169.970269296673791, -43.363412700745599 ], [ 169.97106860285723, -43.363110709954718 ], [ 169.971837580508549, -43.36277403639447 ], [ 169.97259620435014, -43.362424745661663 ], [ 169.973334129169814, -43.362052522925218 ], [ 169.974040036987958, -43.361645541543979 ], [ 169.974748938282545, -43.361241807770242 ], [ 169.975460594802001, -43.360841062913032 ], [ 169.976161872398933, -43.360429049320629 ], [ 169.976852091262913, -43.360005029229185 ], [ 169.97752873876297, -43.359571949830311 ], [ 169.97818356745455, -43.3591525299409 ], [ 169.978856982841563, -43.358747019683619 ], [ 169.979515709386988, -43.35830319346033 ], [ 169.980190206278422, -43.357872033399786 ], [ 169.980871355276378, -43.357442622386763 ], [ 169.981515584394145, -43.356981154573155 ], [ 169.98215737969474, -43.356520749314129 ], [ 169.982795171406934, -43.356058020682539 ], [ 169.983429102140349, -43.35559197644811 ], [ 169.984069810154921, -43.355154848862796 ], [ 169.984666593189729, -43.354689771130637 ], [ 169.98529149663517, -43.354223482724578 ], [ 169.985904765597979, -43.353746355432314 ], [ 169.986481905744569, -43.353243810538231 ], [ 169.987076879709008, -43.35275380658593 ] ] } },
{ "type": "Feature", "properties": { "group_id": "nzd0437" }, "geometry": { "type": "LineString", "coordinates": [ [ 172.713075297386496, -43.413905458287481 ], [ 172.71313135490692, -43.41455764375209 ], [ 172.713185174136441, -43.415209411793612 ], [ 172.713227637798695, -43.415861240039703 ], [ 172.713304427756356, -43.416511753943809 ], [ 172.713329397114109, -43.417163567818704 ], [ 172.713359981961105, -43.417815619008877 ], [ 172.713406559354837, -43.41846743459763 ], [ 172.713459543193551, -43.419119192746933 ], [ 172.713539036961521, -43.419770520698307 ], [ 172.71358201506186, -43.420422210340575 ], [ 172.7135877497428, -43.421074739734721 ], [ 172.71361472283354, -43.421727020802763 ], [ 172.71369204029989, -43.422377491548019 ], [ 172.713709324009329, -43.423030112068552 ], [ 172.713734323936762, -43.423682449212194 ], [ 172.713806755367557, -43.424333062417908 ], [ 172.713809092723295, -43.424985189781424 ], [ 172.713878280976331, -43.425636833810273 ], [ 172.713921017199482, -43.426289229890763 ], [ 172.713974896934474, -43.426940487950738 ], [ 172.714026991495558, -43.427588041314635 ], [ 172.714014805785183, -43.428240964508277 ], [ 172.714054153493663, -43.428893246743101 ], [ 172.71408305904518, -43.429545549797574 ], [ 172.714174248613745, -43.430195640461271 ], [ 172.714189501082473, -43.430848143145973 ], [ 172.714251012795643, -43.43149915118542 ], [ 172.714287221876049, -43.432150964296945 ], [ 172.71433572227437, -43.432802383960876 ], [ 172.714375591857333, -43.433454075570751 ], [ 172.714425750706653, -43.434104683368403 ], [ 172.714465702542242, -43.434755338573225 ], [ 172.71457370479385, -43.435402757731019 ], [ 172.714577008019347, -43.436057927275044 ], [ 172.714593213261082, -43.436711373038356 ], [ 172.714659580770018, -43.437358477431864 ], [ 172.714701944983489, -43.438008163113011 ], [ 172.71476610453351, -43.438659753553161 ], [ 172.714819990052888, -43.439311446675092 ], [ 172.714913723224981, -43.439960659369596 ], [ 172.714970723005678, -43.440609699152013 ], [ 172.715051477854956, -43.441258702576022 ], [ 172.715094320209346, -43.441911032578425 ], [ 172.715213641822658, -43.442557808777195 ], [ 172.715210860603094, -43.443213128415877 ], [ 172.715295408924419, -43.443862019907371 ], [ 172.715331785201755, -43.444514215341421 ], [ 172.715466449179786, -43.445160669125627 ], [ 172.715550938636028, -43.445810170197163 ], [ 172.715613706700111, -43.446461161859887 ], [ 172.715708174953619, -43.447109750736097 ], [ 172.715799616925011, -43.447758547516536 ], [ 172.71595699776509, -43.448402581593825 ], [ 172.716020739079028, -43.44905337754664 ], [ 172.716135927625459, -43.449700321514264 ], [ 172.71618951040989, -43.450351761531181 ], [ 172.71628396251171, -43.45100042481539 ], [ 172.716428447652874, -43.451644257399074 ], [ 172.716515662729961, -43.452293977510479 ], [ 172.716628410104875, -43.452940715803244 ], [ 172.716706124315436, -43.453590046894313 ], [ 172.716831013047567, -43.454235639031907 ], [ 172.716907050371333, -43.454885706491083 ], [ 172.717055208254322, -43.455529785974051 ], [ 172.717152468723356, -43.456178177599625 ], [ 172.717305218106787, -43.456821590334329 ], [ 172.71740755529612, -43.457469150972017 ], [ 172.717494076388022, -43.458118253300718 ], [ 172.717647509103301, -43.458761319317418 ], [ 172.717757531332836, -43.459408503313249 ], [ 172.71786205738718, -43.460056601706547 ], [ 172.717936752360657, -43.46070866515938 ], [ 172.718166457216853, -43.461342112677698 ], [ 172.718325871201245, -43.461983824670327 ], [ 172.718402691603586, -43.462635145109132 ], [ 172.718552414114669, -43.463277897955322 ], [ 172.718732748538997, -43.463917343270566 ], [ 172.718900272855734, -43.464558205071988 ], [ 172.719073946739996, -43.465198648159785 ], [ 172.719149287146081, -43.465849589385066 ], [ 172.719330441664596, -43.466489123464164 ], [ 172.719535899720313, -43.467125423230065 ], [ 172.719664889082537, -43.467770777705731 ], [ 172.719785051903386, -43.468417418379104 ], [ 172.719914568489145, -43.469062900237368 ], [ 172.720093216399874, -43.469702171138238 ], [ 172.720285574790552, -43.470337744191163 ], [ 172.720447253242497, -43.470977804169848 ], [ 172.720601598392108, -43.471618073503763 ], [ 172.720814785482872, -43.472250605013421 ], [ 172.720964746481684, -43.472896828406981 ], [ 172.721113712618404, -43.473542104117257 ], [ 172.721255832287454, -43.474185443829143 ], [ 172.721425714101599, -43.474823052760527 ], [ 172.721612735347406, -43.475458296626684 ], [ 172.721782207052541, -43.476096552582057 ], [ 172.721931271104808, -43.476736018119801 ], [ 172.722113142022806, -43.477374818991841 ], [ 172.722350074076843, -43.478005839162776 ], [ 172.722513985472602, -43.478645928449076 ], [ 172.72265002127611, -43.479289232243765 ], [ 172.722856540230481, -43.479922819833774 ], [ 172.723045723306313, -43.480559323391091 ], [ 172.723217039019602, -43.481196883133556 ], [ 172.723407346883846, -43.481835037169191 ], [ 172.723662899384152, -43.482459528636042 ], [ 172.723889319200566, -43.483086599626375 ], [ 172.72405895133403, -43.483728944968348 ], [ 172.724257076662354, -43.48436585318899 ], [ 172.724504449021936, -43.484992454972542 ], [ 172.7246778731581, -43.485630333818385 ], [ 172.724841014804127, -43.486270543999304 ], [ 172.725058795677597, -43.486901278466632 ], [ 172.725290852691813, -43.487530678739596 ], [ 172.725401391566635, -43.48818323511918 ], [ 172.725652582453989, -43.488809796615804 ], [ 172.725889214626818, -43.489439165623942 ], [ 172.72608632319799, -43.490075960462917 ], [ 172.745870789004897, -43.538768047571999 ], [ 172.746136419710695, -43.539390616126532 ], [ 172.746440931161828, -43.54000104940296 ], [ 172.746710441653363, -43.540620402496579 ], [ 172.747071566147213, -43.541217601735966 ], [ 172.747338248255375, -43.541840088388952 ], [ 172.747716360358311, -43.542432937988053 ], [ 172.747988104858791, -43.543050295614357 ], [ 172.748338578806539, -43.543645038166964 ], [ 172.748638203653826, -43.544258420545297 ], [ 172.748948342680137, -43.544869754670124 ], [ 172.749272373986742, -43.545461361858145 ], [ 172.749531146541699, -43.54608094887304 ], [ 172.749861109052006, -43.546698990138346 ], [ 172.750168501795599, -43.547324463711874 ], [ 172.750476434439861, -43.547943155804518 ], [ 172.750844263297466, -43.548543664987662 ], [ 172.751078728297841, -43.549176845533104 ], [ 172.751400206103938, -43.549795146673112 ], [ 172.751647670682388, -43.550422941021019 ], [ 172.751923359597555, -43.551029680344442 ], [ 172.7521806404053, -43.551619063076565 ], [ 172.752401136895401, -43.552265005829028 ], [ 172.752672812973884, -43.552942272182293 ], [ 172.752910752277444, -43.553609207470807 ], [ 172.753096961990309, -43.55422735269434 ], [ 172.753271680923007, -43.554812740612498 ], [ 172.753475342316364, -43.5554224399351 ], [ 172.75362911574004, -43.556099113848362 ], [ 172.753769078455633, -43.556781518700383 ], [ 172.753747946781914, -43.557452975773771 ] ] } },
{ "type": "Feature", "properties": { "group_id": "nzd0438" }, "geometry": { "type": "LineString", "coordinates": [ [ 169.705791499774762, -43.52871966959593 ], [ 169.706292338845543, -43.528178814933334 ], [ 169.70675023660155, -43.5276185826526 ], [ 169.707203992236572, -43.527056476470172 ], [ 169.707664750842071, -43.526497524338616 ], [ 169.708094607883709, -43.525924626145006 ], [ 169.708567674965678, -43.525371216334058 ], [ 169.708983013152135, -43.524791757650888 ], [ 169.709466144714668, -43.524242646435518 ], [ 169.70990157330337, -43.523671696423918 ], [ 169.710335915920098, -43.523100573862791 ], [ 169.710809742619688, -43.522547477007542 ], [ 169.711224905231887, -43.521968132452457 ], [ 169.711650287568233, -43.521393354240303 ], [ 169.712067896429204, -43.520815093392784 ], [ 169.712509956789546, -43.520246310805256 ], [ 169.71292158652372, -43.519661249933421 ], [ 169.713330428576171, -43.519077696415451 ], [ 169.713757817581637, -43.518505011856604 ], [ 169.71417365456773, -43.517927746553177 ], [ 169.714593849545651, -43.517352201659875 ], [ 169.715019955995643, -43.516781017494743 ], [ 169.715437224001647, -43.51620929560773 ], [ 169.71585145716341, -43.515633078269168 ] ] } },
{ "type": "Feature", "properties": { "group_id": "nzd0439" }, "geometry": { "type": "LineString", "coordinates": [ [ 172.751725959219868, -43.562899275612182 ], [ 172.75267025352332, -43.562947044959991 ], [ 172.753558687036588, -43.563093146011859 ], [ 172.754340584842623, -43.563426795951827 ], [ 172.755288116140179, -43.56354727880943 ], [ 172.756256522837248, -43.563864257241796 ], [ 172.757131203901679, -43.564259930569776 ], [ 172.757895706873086, -43.564607723965956 ], [ 172.758464773731561, -43.564860871329167 ], [ 172.758780865902338, -43.564918341229053 ], [ 172.759710272111704, -43.565388740349867 ], [ 172.760441643875936, -43.566141681576404 ], [ 172.760850164074526, -43.566794909810142 ], [ 172.761344404451791, -43.567343066139806 ], [ 172.761836246742689, -43.567893605459766 ], [ 172.76226381106332, -43.568472058575281 ], [ 172.762713123124229, -43.569031914338723 ], [ 172.763199834445857, -43.569579271628221 ], [ 172.763821528442008, -43.570063614129765 ], [ 172.764368228646617, -43.570537517526439 ], [ 172.764955558913698, -43.571031860497968 ], [ 172.765596781131933, -43.571507096545844 ], [ 172.766374861151291, -43.571859563893803 ], [ 172.767194065301425, -43.572187275249881 ], [ 172.768070225623575, -43.572428834933113 ], [ 172.768965616451538, -43.572511333294131 ] ] } },
{ "type": "Feature", "properties": { "group_id": "nzd0440" }, "geometry": { "type": "LineString", "coordinates": [ [ 172.777726734899488, -43.580336620165717 ], [ 172.775935736333082, -43.581136419729596 ], [ 172.776242572005032, -43.581787129726457 ], [ 172.776188206284388, -43.582531276426941 ], [ 172.776679170587045, -43.583139469564351 ], [ 172.777212334613012, -43.583722713790777 ], [ 172.7778005662189, -43.584231328983584 ] ] } },
{ "type": "Feature", "properties": { "group_id": "nzd0441" }, "geometry": { "type": "LineString", "coordinates": [ [ 169.609117349462366, -43.591883276215484 ], [ 169.609935063442748, -43.59157115995923 ], [ 169.610605484768513, -43.591138461810544 ], [ 169.611263620329765, -43.590695579119149 ], [ 169.611920655032748, -43.590251780909561 ], [ 169.612543317681457, -43.589779495533975 ], [ 169.613159084853777, -43.589301492880793 ], [ 169.613757516193118, -43.588807631380909 ], [ 169.614343924221146, -43.588309198753123 ], [ 169.614927154284374, -43.587813791423436 ] ] } },
{ "type": "Feature", "properties": { "group_id": "nzd0442" }, "geometry": { "type": "LineString", "coordinates": [ [ 169.529871132087038, -43.610461714719513 ], [ 169.530522619290224, -43.610013756891625 ], [ 169.531175276073611, -43.6095667506723 ], [ 169.531826103255185, -43.609118247404638 ], [ 169.532479279684821, -43.608671658864409 ], [ 169.533128251654631, -43.608221640956721 ], [ 169.533760619567772, -43.607759847846161 ], [ 169.534404813437533, -43.60730693473019 ], [ 169.535035548408302, -43.60684403008954 ], [ 169.535681266771462, -43.606392212137152 ], [ 169.536310922506146, -43.605928501279294 ], [ 169.536925500290494, -43.605453626460893 ], [ 169.537524244845542, -43.604967028734222 ], [ 169.538135146621585, -43.604489425859015 ], [ 169.538740111671444, -43.604007425215499 ], [ 169.539320211374388, -43.603507016503279 ], [ 169.539921619646293, -43.603022916885543 ], [ 169.540495767739344, -43.602531534484392 ], [ 169.541088877119705, -43.602050865508922 ], [ 169.541652899629838, -43.601544421713747 ], [ 169.542199546460722, -43.601028520684658 ], [ 169.542749572035461, -43.600514452982942 ], [ 169.543283045271181, -43.599991376004574 ], [ 169.543803612598538, -43.59946127345394 ], [ 169.544301725753314, -43.59891895105239 ], [ 169.544791842954851, -43.598372274133638 ], [ 169.545286457664872, -43.59782744732744 ], [ 169.545737704098286, -43.59726529277129 ], [ 169.546196562873121, -43.596705741598292 ], [ 169.546639972943751, -43.596140248372429 ], [ 169.54705163442415, -43.595561884712431 ], [ 169.547476806803502, -43.594988990308565 ], [ 169.547888823339804, -43.594410759465802 ], [ 169.548274630013282, -43.593821902504217 ], [ 169.548641537598883, -43.593225442673784 ], [ 169.548973390066493, -43.592613168698819 ], [ 169.549400971309097, -43.59203906559501 ], [ 169.55024511982478, -43.591651147793378 ] ] } },
{ "type": "Feature", "properties": { "group_id": "nzd0444" }, "geometry": { "type": "LineString", "coordinates": [ [ 169.347936842303852, -43.667960659080094 ], [ 169.348780070455064, -43.667725094686453 ], [ 169.349563683806423, -43.667407541545366 ], [ 169.350351838550495, -43.667096232118574 ], [ 169.351178370347043, -43.666837697546043 ], [ 169.35198347094564, -43.666549687685027 ], [ 169.352766425188435, -43.666211597139821 ], [ 169.353502982786978, -43.665812636362858 ], [ 169.354217149986965, -43.665399922040834 ], [ 169.354882751193855, -43.664963950337182 ], [ 169.355537973619221, -43.664519552378017 ], [ 169.356160632912406, -43.6640487247492 ], [ 169.356730878228433, -43.663523216604247 ], [ 169.357242111478996, -43.662980082262358 ], [ 169.357739680075042, -43.662427885965364 ], [ 169.358198393371708, -43.661868568783703 ], [ 169.358595687017583, -43.661285770361076 ], [ 169.358962124741879, -43.660691172616389 ], [ 169.359310188392698, -43.660089546267514 ], [ 169.359642206752739, -43.659481781364711 ], [ 169.359949188665382, -43.658864369460225 ], [ 169.360297480793662, -43.658263464935018 ], [ 169.360675263938163, -43.657674186102163 ], [ 169.36105984901522, -43.657087116644064 ], [ 169.361379079328941, -43.656476850375114 ], [ 169.361648190982066, -43.655848793612492 ], [ 169.361893989273511, -43.655210462036464 ], [ 169.362134957382835, -43.654567961217403 ], [ 169.36239140557052, -43.653933105162075 ], [ 169.362712023744137, -43.653322081358382 ], [ 169.363218272338571, -43.652779706630803 ], [ 169.363735537270259, -43.652241400394793 ], [ 169.364201776627311, -43.651684216792042 ], [ 169.364656612214219, -43.651122809808378 ], [ 169.36499201102319, -43.65051722410481 ], [ 169.365315539291146, -43.649925246410362 ], [ 169.365560323562505, -43.649327877098848 ], [ 169.365854466943603, -43.648721793878259 ], [ 169.366084596567106, -43.648093695782158 ] ] } },
{ "type": "Feature", "properties": { "group_id": "nzd0445" }, "geometry": { "type": "LineString", "coordinates": [ [ 169.168291858058382, -43.743836920755264 ], [ 169.168964115444737, -43.743406667211353 ], [ 169.169620613057361, -43.742964185495673 ], [ 169.170274250529644, -43.742519481641466 ], [ 169.170917026178216, -43.74206634901995 ], [ 169.171583870698356, -43.741631882269928 ], [ 169.172238783618212, -43.741188156952589 ], [ 169.17291733791788, -43.740762765679136 ], [ 169.173569514036558, -43.740318584310863 ], [ 169.174208101133075, -43.739864677756344 ], [ 169.174865397965618, -43.739422697687495 ], [ 169.175506256309916, -43.738964773468879 ], [ 169.176147926530518, -43.738507554578753 ], [ 169.17679176193198, -43.738052221481141 ], [ 169.177439826700663, -43.737601425750718 ], [ 169.178084139460225, -43.737149981353937 ], [ 169.178723438552339, -43.736694526090616 ], [ 169.179404725067883, -43.736271898519504 ], [ 169.180081027856488, -43.735837496129768 ], [ 169.180794503360801, -43.73542967215802 ], [ 169.181572386343561, -43.735099940218767 ], [ 169.182392427608676, -43.734827277432018 ], [ 169.183210092220861, -43.734559666548421 ], [ 169.184023078591935, -43.734282512465981 ], [ 169.184838162571339, -43.734008990303316 ], [ 169.185670399620506, -43.733766739383299 ], [ 169.186505846270165, -43.733517245931168 ] ] } },
{ "type": "Feature", "properties": { "group_id": "nzd0446" }, "geometry": { "type": "LineString", "coordinates": [ [ 169.06151008035701, -43.822176785236387 ], [ 169.062236293136806, -43.821789984197999 ], [ 169.062954894878288, -43.821398594246347 ], [ 169.063658642171504, -43.820995030083289 ], [ 169.064381823572688, -43.820611147863183 ], [ 169.065082024403864, -43.820204785210727 ], [ 169.065794406700149, -43.819810334639165 ], [ 169.066502387360714, -43.819411576044082 ], [ 169.067199108437677, -43.819001801801555 ], [ 169.067906391943353, -43.818602355910151 ], [ 169.068597761594845, -43.818187342255513 ], [ 169.069305545282646, -43.817788380204512 ], [ 169.069994584249002, -43.817371081777289 ], [ 169.070698265502131, -43.816967532026112 ] ] } },
{ "type": "Feature", "properties": { "group_id": "nzd0447" }, "geometry": { "type": "LineString", "coordinates": [ [ 172.717018925488702, -43.828110007479914 ], [ 172.716122547369679, -43.828054097721974 ], [ 172.715225704985329, -43.828009226473313 ], [ 172.714328637910313, -43.827969700294844 ], [ 172.713432200368374, -43.827915248002654 ], [ 172.71253416176728, -43.827898790753991 ], [ 172.711637349504826, -43.827853250449827 ], [ 172.710739246831452, -43.827838317560897 ], [ 172.709840767902193, -43.827832301579548 ], [ 172.708943762045777, -43.827791371454133 ], [ 172.708051203373458, -43.827645089593148 ], [ 172.707149793206781, -43.82770852827916 ], [ 172.70625189236776, -43.827688824706357 ], [ 172.705352835728604, -43.827679412265255 ], [ 172.704454500709517, -43.827647480760263 ], [ 172.703556212501468, -43.827639423827002 ], [ 172.702657280019565, -43.82765484849741 ], [ 172.701759616390063, -43.827625034211522 ], [ 172.700861569569781, -43.827608884343555 ], [ 172.699963077352351, -43.827608599424863 ], [ 172.699064063808208, -43.827626865325392 ], [ 172.69816727071418, -43.827566091277795 ], [ 172.697266838100575, -43.827634824383694 ], [ 172.696368026446692, -43.827645856608015 ], [ 172.695468126919224, -43.827695544342056 ], [ 172.694568734354334, -43.827727172822705 ], [ 172.693668476757324, -43.827789498099413 ], [ 172.692783298599977, -43.827828505761488 ], [ 172.691911902744636, -43.827914540242034 ], [ 172.691018208233174, -43.827949663326081 ], [ 172.690131580394137, -43.828062978001356 ], [ 172.689228986772576, -43.828068834951864 ], [ 172.688342552529377, -43.82818345685002 ], [ 172.687447208210727, -43.828238104029097 ], [ 172.686551394650564, -43.828289589889856 ], [ 172.685658595458335, -43.828361367813919 ], [ 172.684754863290379, -43.828359532526868 ], [ 172.683870458041952, -43.828487826988223 ], [ 172.682976748762172, -43.82857441777881 ], [ 172.682070750039827, -43.828583934262966 ], [ 172.681173466105548, -43.828651844631096 ], [ 172.680277918214131, -43.828705733803744 ], [ 172.679382447663073, -43.828760627606506 ], [ 172.678485564299876, -43.828797247350742 ], [ 172.677591492156751, -43.828870242090204 ], [ 172.676691849540475, -43.828871158299648 ], [ 172.675794462169335, -43.82890125384246 ], [ 172.67489823498255, -43.828946365255099 ], [ 172.674001445830896, -43.8289842032735 ], [ 172.673105285401647, -43.829045891719431 ], [ 172.672204216843056, -43.82906756338226 ], [ 172.671304785695412, -43.829096968907386 ], [ 172.670407465728687, -43.829128921485719 ], [ 172.669511795761082, -43.829195018322473 ], [ 172.668614616517118, -43.829229896751833 ], [ 172.66771416103191, -43.829196960540237 ], [ 172.666816616522937, -43.829224270884232 ], [ 172.665919429099915, -43.829258977321707 ], [ 172.665022654557163, -43.829302240180411 ], [ 172.664124501017824, -43.829316941414938 ], [ 172.663227713347283, -43.829359942067107 ], [ 172.662331478421152, -43.829373740575171 ], [ 172.661439070812207, -43.829401533832204 ], [ 172.660544474789361, -43.829429783235184 ], [ 172.65964574237185, -43.829445538856326 ], [ 172.658748930611864, -43.829483192142199 ], [ 172.657850985504041, -43.829507917569778 ], [ 172.656953024434273, -43.829532456711839 ], [ 172.656056623195724, -43.829574786710729 ], [ 172.655157818058257, -43.829589688876773 ], [ 172.654258832940172, -43.829602530799214 ], [ 172.653362047959831, -43.829640474435358 ], [ 172.652464887634125, -43.829674132865478 ], [ 172.651566962124605, -43.829699054614451 ], [ 172.650670594351226, -43.829741755743967 ], [ 172.649770581366653, -43.82974283727166 ], [ 172.648873703609098, -43.829779710024503 ], [ 172.647974542197147, -43.829790460647345 ], [ 172.647077132021394, -43.829818126306257 ], [ 172.646179749639145, -43.829844854685369 ], [ 172.645281912383354, -43.829866580123777 ], [ 172.644384964838309, -43.829903860591749 ], [ 172.64348780679677, -43.829937462702091 ], [ 172.642591038192819, -43.829977878666391 ], [ 172.641693723944741, -43.830008752578102 ], [ 172.640796418463623, -43.830039780668422 ], [ 172.63989898355689, -43.830068544446434 ], [ 172.639002055282987, -43.830106176643426 ], [ 172.638104868494821, -43.83013928602071 ], [ 172.637208043060951, -43.830178724557818 ], [ 172.636311487581423, -43.830222894841896 ], [ 172.635415678963454, -43.830280153347211 ], [ 172.634518665225016, -43.830316308184749 ], [ 172.633622327666984, -43.830364314478622 ], [ 172.632725784443892, -43.830408723074996 ], [ 172.631829899742314, -43.830464680689218 ], [ 172.630932411208704, -43.830492528856603 ], [ 172.630036758336587, -43.830552566067887 ], [ 172.629144303688321, -43.830585171652359 ], [ 172.62825361815996, -43.830625681476292 ], [ 172.627360256240053, -43.830685987457016 ], [ 172.626460939281515, -43.83070644487038 ], [ 172.62556638063316, -43.83076569395778 ], [ 172.624668154367157, -43.830795035654965 ], [ 172.623772219045634, -43.830843055267707 ], [ 172.622874005148248, -43.83087248941407 ], [ 172.621979334937777, -43.830930822517224 ], [ 172.621085781319124, -43.830998263591844 ], [ 172.620187548902152, -43.831027537289941 ], [ 172.619290648846174, -43.831067676018229 ], [ 172.618396917691143, -43.831133667061124 ], [ 172.617499726178949, -43.831171423294876 ], [ 172.616604048974551, -43.831221533424582 ], [ 172.615708931656712, -43.831276211320692 ], [ 172.614815214948777, -43.831342319948995 ], [ 172.613918919960923, -43.831387384446437 ], [ 172.613024403812801, -43.831446967529885 ], [ 172.612127545639822, -43.831487430692469 ], [ 172.611230735632688, -43.831528283957013 ], [ 172.610339286678453, -43.831612908149538 ], [ 172.60944277104565, -43.831656162682371 ], [ 172.608551092264378, -43.831738914811609 ], [ 172.607654052704561, -43.831777888215555 ], [ 172.606756543686345, -43.831813023743287 ], [ 172.60586507850158, -43.831897524577506 ], [ 172.604972798868374, -43.83197645500848 ], [ 172.60407905839179, -43.832043095169816 ], [ 172.603184253376725, -43.832101220190609 ], [ 172.60229019726674, -43.832164278445603 ], [ 172.601393921143114, -43.832211522153997 ], [ 172.600499479195037, -43.832271829202071 ], [ 172.599611416035486, -43.832377579672901 ], [ 172.59871890955759, -43.832451677641998 ], [ 172.597819342354143, -43.832475466423212 ], [ 172.596933947607511, -43.832600239617804 ], [ 172.596037824703984, -43.832648568279424 ], [ 172.595150222213505, -43.832757617892739 ], [ 172.594257916114088, -43.832833149012743 ], [ 172.593365394269739, -43.832907143396419 ], [ 172.592474965398821, -43.832996058124785 ], [ 172.591583981966437, -43.833081022418547 ], [ 172.590698893838947, -43.833183459382241 ], [ 172.589810994239912, -43.8332586465174 ], [ 172.588919381139874, -43.833336614025676 ], [ 172.588038057822388, -43.833464161727413 ], [ 172.587153739580941, -43.833578519552397 ], [ 172.58626502451969, -43.833673510726875 ], [ 172.585378828391697, -43.833779596519641 ], [ 172.584490995672411, -43.833878472551582 ], [ 172.583606062061392, -43.833990119321307 ], [ 172.582722541013709, -43.834107989425746 ], [ 172.581835160570392, -43.834208856728239 ], [ 172.580942387300865, -43.834285962784023 ], [ 172.58006728004932, -43.83444090494794 ], [ 172.579184828340942, -43.834563488969316 ], [ 172.578299987610819, -43.834675546878856 ], [ 172.577415555273575, -43.834789404691641 ], [ 172.57653264700383, -43.834909979302296 ], [ 172.575652900259371, -43.835044487990181 ], [ 172.574755817018513, -43.835102592126781 ], [ 172.573880465259265, -43.835256472646165 ], [ 172.572996112855122, -43.835367677953499 ], [ 172.5721099142757, -43.835470207967653 ], [ 172.571210791975659, -43.835521253449699 ], [ 172.570335435236075, -43.835673031007715 ], [ 172.569447776908987, -43.835772997058918 ], [ 172.568562220986337, -43.835881817658247 ], [ 172.567669874266926, -43.835962032394001 ], [ 172.566778742246811, -43.836047361252263 ], [ 172.56589790084962, -43.83617603932808 ], [ 172.565019779268994, -43.836316176900176 ], [ 172.564131464972064, -43.836413373901635 ], [ 172.563249208359451, -43.83653609202679 ], [ 172.562366135232139, -43.836655370514727 ], [ 172.561482743385284, -43.836773306449999 ], [ 172.560598695167783, -43.836888476880539 ], [ 172.559713021909431, -43.836996799536621 ], [ 172.558824120880615, -43.837091519459371 ], [ 172.557944494348021, -43.837225323255403 ], [ 172.557058093223191, -43.837330577318461 ], [ 172.556170092275181, -43.83742908792636 ], [ 172.555284504558443, -43.837537768561468 ], [ 172.554405830389527, -43.837675589320789 ], [ 172.55352377689627, -43.837799167578041 ], [ 172.552634402966532, -43.837891888419747 ], [ 172.551748345145313, -43.837998586588029 ], [ 172.550869545193763, -43.838135881100015 ], [ 172.549983778485711, -43.838243806559852 ], [ 172.549096429009097, -43.838345058455744 ], [ 172.548208593846027, -43.838443333008669 ], [ 172.547329783131715, -43.838578416866028 ], [ 172.546442020349843, -43.838677500615255 ], [ 172.545559756487194, -43.838799844101381 ], [ 172.54466782462319, -43.838882623300094 ], [ 172.543787223479455, -43.839011770592073 ], [ 172.542902796380048, -43.839125260455162 ], [ 172.542016373016708, -43.839230579607722 ], [ 172.541119825851467, -43.83929446108089 ], [ 172.540241698324394, -43.839433732723208 ], [ 172.53935703597466, -43.839546256935833 ], [ 172.538468215376128, -43.839641758968327 ], [ 172.537573341848656, -43.839712480552677 ], [ 172.536693749125078, -43.839845755271774 ], [ 172.535822747091373, -43.840014201370693 ], [ 172.534926293452088, -43.840078448844253 ], [ 172.534038581246847, -43.840178408468233 ], [ 172.533151122009798, -43.840278434556247 ], [ 172.532270246290011, -43.840409722702226 ], [ 172.531390725954424, -43.840547511257988 ], [ 172.530499925217129, -43.840632227919315 ], [ 172.52960773922527, -43.840710424858884 ], [ 172.528728858043564, -43.840851225529647 ], [ 172.527844656575837, -43.840966993877778 ], [ 172.526962507831286, -43.841092423444643 ], [ 172.526068006533706, -43.841159721943761 ], [ 172.525181466173876, -43.841264484404107 ], [ 172.52429864402842, -43.841386747231269 ], [ 172.523408033734569, -43.841472354420375 ], [ 172.522520282132234, -43.841571416008485 ], [ 172.52163904230423, -43.841701129903171 ], [ 172.520753649809649, -43.841811297701774 ], [ 172.519862541106619, -43.841894555998515 ], [ 172.51897025880038, -43.84197228723702 ], [ 172.518084464184682, -43.84208056112778 ], [ 172.51720385919424, -43.842213270165544 ], [ 172.516315947509923, -43.842311577847148 ], [ 172.515431659540724, -43.842426948460925 ], [ 172.514538371805628, -43.842499940202735 ], [ 172.513650751559709, -43.842599618726965 ], [ 172.512765811167867, -43.842714767790298 ], [ 172.511877640611118, -43.842816413821552 ], [ 172.510988759658005, -43.842911684837944 ], [ 172.510092191499155, -43.842966155849119 ], [ 172.509211822162627, -43.843103265773358 ], [ 172.508326944393986, -43.843217377709394 ], [ 172.507443492227736, -43.84333876542609 ], [ 172.506545714672939, -43.843387059687146 ], [ 172.505663651102367, -43.843515534833671 ], [ 172.504775238671584, -43.843611614653462 ], [ 172.50388086109237, -43.843677252435562 ], [ 172.502999356171983, -43.843808584078118 ], [ 172.502107859075636, -43.843888920823396 ], [ 172.501223546846916, -43.844005928439742 ], [ 172.500334119934223, -43.844096831069827 ], [ 172.499434542954674, -43.844135920953633 ], [ 172.498546979675069, -43.844236333784231 ], [ 172.497657431836586, -43.844326615698215 ], [ 172.496774369205951, -43.844450006781074 ], [ 172.495882220703152, -43.84452701131206 ], [ 172.49498896671696, -43.844598369494733 ], [ 172.494097828591521, -43.844680529263805 ], [ 172.493213613596794, -43.844798040357468 ], [ 172.492322026715669, -43.844877907672334 ], [ 172.491429463690139, -43.844952788312412 ], [ 172.490538439979673, -43.845035528547911 ], [ 172.489648166082276, -43.845122097208979 ], [ 172.48876263727891, -43.845232901782389 ], [ 172.4878615733098, -43.845264354138429 ], [ 172.486964957739133, -43.84531858226552 ], [ 172.486078560399648, -43.845427631594333 ], [ 172.485192522789561, -43.845541396492742 ], [ 172.484299785958285, -43.845613592904925 ], [ 172.483406991897397, -43.845685441439116 ], [ 172.482511645312542, -43.84574181606046 ], [ 172.481616124519434, -43.845797131682325 ], [ 172.480723321048202, -43.845868918135068 ], [ 172.479833664532578, -43.845959783255545 ], [ 172.47893691658831, -43.846007652362971 ], [ 172.478044327548645, -43.846080735653054 ], [ 172.477151423314808, -43.846151906722056 ], [ 172.476258974599688, -43.846222657902452 ], [ 172.475368511373631, -43.846301709200198 ], [ 172.474471917649424, -43.846338370501698 ], [ 172.473580251398317, -43.846422327108606 ], [ 172.472686980572888, -43.846492624654445 ], [ 172.471794168997235, -43.846566835325433 ], [ 172.470899402407838, -43.846624398319435 ], [ 172.47000487475546, -43.846683996408963 ], [ 172.469110607620593, -43.846745813945688 ], [ 172.46821396671578, -43.846787410016454 ], [ 172.467318389037729, -43.846838061688985 ], [ 172.466426058322469, -43.846916377734765 ], [ 172.46552976843904, -43.846960960457039 ], [ 172.46455566700962, -43.847026212097681 ] ] } },
{ "type": "Feature", "properties": { "group_id": "nzd0448" }, "geometry": { "type": "LineString", "coordinates": [ [ 172.46366497738353, -43.847118520873153 ], [ 172.462770263604483, -43.847176535906939 ], [ 172.461875601036013, -43.847234987487234 ], [ 172.460981824667272, -43.847300993927846 ], [ 172.460087557232583, -43.847362815110245 ], [ 172.459194172604072, -43.847432164089788 ], [ 172.458298136431864, -43.847478905071966 ], [ 172.457405055795419, -43.847550848432171 ], [ 172.456508333465365, -43.847591735806319 ], [ 172.455612901809786, -43.847643628794692 ], [ 172.454716968925879, -43.847691245256655 ], [ 172.453822497251451, -43.84775132518142 ], [ 172.452927483516277, -43.847806780892107 ], [ 172.45203370388657, -43.847872765851982 ], [ 172.451137513251126, -43.847916532588719 ], [ 172.450239765155715, -43.847955279222973 ], [ 172.449351078148993, -43.848053099655218 ], [ 172.448447726271354, -43.848058280725688 ], [ 172.44755641780705, -43.848139342751352 ], [ 172.446663113147935, -43.848207825641964 ], [ 172.445764331901984, -43.848241792928469 ], [ 172.444872660316975, -43.848320563938266 ], [ 172.443976702888335, -43.848372321495411 ], [ 172.443081490410378, -43.848428771496167 ], [ 172.442190388174879, -43.848511128927754 ], [ 172.441291875471563, -43.84854676998409 ], [ 172.440401028907786, -43.848630737600473 ], [ 172.439502349049917, -43.848665317180078 ], [ 172.438619636906907, -43.848800573989728 ], [ 172.437725322917061, -43.848862679334232 ], [ 172.436837176554604, -43.848963676896126 ], [ 172.435952148994772, -43.849084346342543 ], [ 172.435057297371145, -43.849143061189061 ], [ 172.434167072325039, -43.849230955169126 ], [ 172.433278551419761, -43.849329599763749 ], [ 172.432386915337958, -43.84940859600168 ], [ 172.43149315855473, -43.849484667260761 ], [ 172.430605991000135, -43.849600409084452 ], [ 172.429724529067528, -43.849733626196262 ], [ 172.428825810931301, -43.849780683512151 ], [ 172.42793774597672, -43.849878230771921 ], [ 172.427051524668542, -43.849984516712112 ], [ 172.426169599995092, -43.850111170604066 ], [ 172.425284029409994, -43.850220543018118 ], [ 172.424391934043797, -43.850298983374998 ], [ 172.423507477649594, -43.85041363804698 ], [ 172.42262285420091, -43.850527501811683 ], [ 172.421737193605139, -43.850636449041943 ], [ 172.420847239774105, -43.850725039681834 ], [ 172.419966374451263, -43.85085672594338 ], [ 172.419079138518924, -43.850958204650958 ], [ 172.418193660286562, -43.851068018905686 ], [ 172.417309889076449, -43.851185929532356 ], [ 172.416426085874633, -43.851303689872019 ], [ 172.415547696104341, -43.851447127624255 ], [ 172.414664541188216, -43.851567966984398 ], [ 172.413779519535353, -43.851676583617902 ], [ 172.412897811530144, -43.851798290486023 ], [ 172.412014823783011, -43.851917366784747 ], [ 172.411126500251896, -43.852014236912936 ], [ 172.410243139298046, -43.852132463165567 ], [ 172.409355005552015, -43.852230148310184 ], [ 172.408469869822852, -43.85234073585498 ], [ 172.407590236012851, -43.852475004873298 ], [ 172.406696988244732, -43.852550675283375 ], [ 172.405816493231868, -43.852681238321296 ], [ 172.404932615368949, -43.852797240358939 ], [ 172.40404906401352, -43.852914648279082 ], [ 172.403160612991144, -43.853010962704282 ], [ 172.402268040308996, -43.853089530515788 ], [ 172.401391742386096, -43.853238166994416 ], [ 172.400509076692003, -43.853359388674711 ], [ 172.399624578233187, -43.853472719372824 ], [ 172.39874088515154, -43.853589518136054 ], [ 172.397847317270163, -43.853663793739052 ], [ 172.396958915746012, -43.853760314708161 ], [ 172.396074026115912, -43.853870617322166 ], [ 172.395183522231861, -43.853957597722037 ], [ 172.394303974969318, -43.854091261279784 ], [ 172.393416019966452, -43.854190106350536 ], [ 172.392531306192637, -43.854302376707359 ], [ 172.391645041993797, -43.854408223764203 ], [ 172.390763865926118, -43.854535149194959 ], [ 172.389879789390193, -43.854650058760242 ], [ 172.388995157479457, -43.854762667123602 ], [ 172.388112779737781, -43.854884614908414 ], [ 172.387227909198572, -43.854996234143684 ], [ 172.386345483345281, -43.855117982920845 ], [ 172.385463403114187, -43.855240459343328 ], [ 172.384585879283918, -43.85537179017274 ], [ 172.383715062975313, -43.855524914070671 ], [ 172.38283039034863, -43.855639950371803 ], [ 172.381958467882157, -43.855796887580986 ], [ 172.381078953137092, -43.855928872809429 ], [ 172.38019184046064, -43.856035885072139 ], [ 172.379310138534549, -43.856160823129485 ], [ 172.378428095901285, -43.856284311332203 ], [ 172.37755657774926, -43.856443275151761 ], [ 172.376686356783068, -43.856606658692137 ], [ 172.375806220566744, -43.856736373979075 ], [ 172.374927292723697, -43.856870191848657 ], [ 172.374051565220668, -43.857014877352952 ], [ 172.373165542444042, -43.85712459944655 ], [ 172.372284334273104, -43.85725067064795 ], [ 172.371410458460502, -43.857401643640223 ], [ 172.370547220143777, -43.857588746448492 ], [ 172.369670583084968, -43.857730343041453 ], [ 172.368795334872914, -43.85787665694518 ], [ 172.367919964992865, -43.858022557795138 ], [ 172.367046945425017, -43.858176442500941 ], [ 172.366168670613746, -43.858312476057137 ], [ 172.365288716674598, -43.858442055969562 ], [ 172.364408886836827, -43.858572010863547 ], [ 172.363526372634738, -43.85869380370459 ], [ 172.362639253298369, -43.858800420847878 ], [ 172.361771558030654, -43.858971626702079 ], [ 172.360896975757385, -43.859119931935069 ], [ 172.360006797173753, -43.859216371250099 ], [ 172.359145207647288, -43.859407884325094 ], [ 172.358274018913363, -43.859567475758801 ], [ 172.357396917206984, -43.859707402397127 ], [ 172.356520441138144, -43.859849409486138 ], [ 172.355662440899152, -43.860045090617582 ], [ 172.354779515073346, -43.860160724726406 ], [ 172.35389871504276, -43.860289916215173 ], [ 172.353034630704315, -43.860469053565666 ], [ 172.352148476646306, -43.860582629731127 ], [ 172.351264548049613, -43.860702814320639 ], [ 172.350394118015629, -43.86086309868363 ], [ 172.349531277110231, -43.861045929679946 ], [ 172.348652782536163, -43.861182254374874 ], [ 172.347783149713621, -43.861344906721335 ], [ 172.346909902152163, -43.861496818929893 ], [ 172.346040211356865, -43.861659298603811 ], [ 172.345160618337218, -43.861792355127676 ], [ 172.344299771785671, -43.861981583472982 ], [ 172.343429932255816, -43.862144521011132 ], [ 172.3425473244248, -43.862267993334832 ], [ 172.341684579490078, -43.862452098303457 ], [ 172.340818017569404, -43.862624517899583 ], [ 172.339929526025429, -43.862729792260858 ], [ 172.339060019361938, -43.862893194764844 ], [ 172.338193898095, -43.863066963848901 ], [ 172.337315583443313, -43.863203395743469 ], [ 172.336437089749069, -43.86333927804165 ], [ 172.335578317029785, -43.863535551295818 ], [ 172.334702043680693, -43.863677436612953 ], [ 172.333834118125083, -43.863842924841116 ], [ 172.332966979132209, -43.864011071747107 ], [ 172.332102654551193, -43.864188701224954 ], [ 172.331226183607129, -43.864331467624005 ], [ 172.330370692926806, -43.864534453520314 ], [ 172.329498672396767, -43.864689993294874 ], [ 172.328618625374702, -43.864822492097616 ], [ 172.327753604190377, -43.864998122013709 ], [ 172.326883974905769, -43.865160523893309 ], [ 172.326011401845278, -43.865314474520602 ], [ 172.325143414131674, -43.865481588063403 ], [ 172.324267537712387, -43.86562605368367 ], [ 172.323390693563795, -43.865767739574501 ], [ 172.322530535732454, -43.86595733155854 ], [ 172.321652703981499, -43.866096180158607 ], [ 172.320773539949755, -43.866231201771853 ], [ 172.319910039565173, -43.866411196681618 ], [ 172.319039860994877, -43.866572016494906 ], [ 172.3181614596391, -43.866709224365302 ], [ 172.317287054597614, -43.866857465343259 ], [ 172.316418147492612, -43.867020236237316 ], [ 172.31553513504349, -43.867150950384712 ], [ 172.314663074523054, -43.867308810000289 ], [ 172.313795542539822, -43.867477652025833 ], [ 172.312915644174041, -43.867616495967518 ], [ 172.312044883830907, -43.86777750323516 ], [ 172.311185641394104, -43.867966448441415 ], [ 172.310313339293316, -43.868123712614732 ], [ 172.309451409491885, -43.868306136737587 ], [ 172.308596448955655, -43.868505466988644 ], [ 172.307728623487208, -43.868673586926541 ], [ 172.306891300595908, -43.868915705979987 ], [ 172.306026218057923, -43.869102783699816 ], [ 172.305170104527377, -43.869311368178167 ], [ 172.304320755780054, -43.869523556940123 ], [ 172.303461267465678, -43.86971331341541 ], [ 172.302618922341367, -43.869938751846213 ], [ 172.30176677070142, -43.870143777107941 ], [ 172.300922173878291, -43.870364527200771 ], [ 172.300068604796223, -43.870566599788937 ], [ 172.299211451790455, -43.870761210527135 ], [ 172.298369887569947, -43.87098827098044 ], [ 172.297529959060626, -43.871218736202998 ], [ 172.296705323043369, -43.871481036827774 ], [ 172.295864833092509, -43.871710333330675 ], [ 172.29502230857608, -43.871935393873876 ], [ 172.294180167789904, -43.872169742293202 ], [ 172.293349022883945, -43.872426290059501 ], [ 172.292503642760153, -43.872652092794333 ], [ 172.291670155088951, -43.872893992441739 ], [ 172.290843932784952, -43.873148142589706 ], [ 172.290020111836327, -43.873406341125985 ], [ 172.289198136065096, -43.873667650275408 ], [ 172.288372397958, -43.873922613417825 ], [ 172.287554937924767, -43.874191536040328 ], [ 172.286757747384371, -43.874494642124972 ], [ 172.285958703881931, -43.874794623256065 ], [ 172.285144642865504, -43.875069276866455 ], [ 172.284336057329483, -43.875354223811883 ], [ 172.283529435406962, -43.875640370523733 ], [ 172.282726125091926, -43.875930599704347 ], [ 172.281904091973502, -43.876192209030847 ], [ 172.281095394148167, -43.876474186967378 ], [ 172.280290677699639, -43.876762245476009 ], [ 172.279481720558692, -43.877043824805341 ], [ 172.278664655649038, -43.877313017318272 ], [ 172.277848371986863, -43.877583401689478 ], [ 172.27704430776555, -43.877872451540227 ], [ 172.276229486539961, -43.878145067132905 ], [ 172.275430682367784, -43.878442130503316 ], [ 172.274624232147374, -43.878727446017869 ], [ 172.273812299274056, -43.879004438435352 ], [ 172.273007583173069, -43.879292749909808 ], [ 172.272207213214244, -43.879587826234697 ], [ 172.271398168411508, -43.879869397097536 ], [ 172.270597245290361, -43.880163610496957 ] ] } },
{ "type": "Feature", "properties": { "group_id": "nzd0449" }, "geometry": { "type": "LineString", "coordinates": [ [ 168.958983891793963, -43.881030328279643 ], [ 168.959836984869099, -43.880828479922663 ], [ 168.960691621951185, -43.880624644293093 ], [ 168.961525668916209, -43.880376946265571 ], [ 168.962380782883656, -43.880164295333664 ], [ 168.963212507412237, -43.879917159963341 ], [ 168.964053848502999, -43.879684197998579 ], [ 168.964883257881098, -43.879433643523264 ], [ 168.965712589647154, -43.879182971714542 ], [ 168.966536137919718, -43.878923771501036 ], [ 168.967339746316014, -43.878635175477214 ], [ 168.968152186274324, -43.878359595865042 ], [ 168.96893475279316, -43.878039979012307 ], [ 168.969739809531063, -43.877753512341044 ], [ 168.970530058426732, -43.877445216691441 ], [ 168.971312737001881, -43.87712576094188 ], [ 168.972091598662388, -43.876800677931485 ], [ 168.972866493730493, -43.876469747228121 ], [ 168.97363918120692, -43.876135561705624 ], [ 168.97441720134438, -43.87578347308181 ], [ 168.975193658021027, -43.875419967739653 ], [ 168.975955460888315, -43.875061784975664 ], [ 168.976699260594359, -43.87469840982763 ], [ 168.977439270986309, -43.874330631081214 ], [ 168.978178675102697, -43.873962146072472 ], [ 168.978928199109049, -43.873605413604892 ], [ 168.979672598921553, -43.873242727044385 ], [ 168.98040965492433, -43.872871508421099 ], [ 168.981156790197815, -43.872511994919776 ], [ 168.981899608397924, -43.87214746497974 ], [ 168.982634897561553, -43.871774188071932 ], [ 168.983347120299754, -43.871374118066086 ], [ 168.98408581336389, -43.87100479096339 ], [ 168.984795336061808, -43.870601581601825 ], [ 168.985508367383261, -43.870196136704045 ], [ 168.986220881118413, -43.86978489231123 ], [ 168.986911640206159, -43.869361172750992 ], [ 168.98760018318643, -43.868945779142962 ], [ 168.988274573977918, -43.868517980283798 ], [ 168.988946332155024, -43.868087871304958 ], [ 168.98962955514466, -43.867667806184187 ], [ 168.990299733752039, -43.867236306831344 ], [ 168.990953795949679, -43.866790681327778 ], [ 168.991609428383754, -43.8663464289207 ], [ 168.992263564196435, -43.865900862070575 ], [ 168.992924368847071, -43.865461136251085 ], [ 168.9935843785033, -43.865020710801083 ], [ 168.994245025960367, -43.864580841288635 ], [ 168.994915286453448, -43.864149392676794 ], [ 168.99560255707317, -43.863732846863471 ], [ 168.996269113585356, -43.863299000220465 ], [ 168.99695141217012, -43.862881114223079 ], [ 168.99763776711734, -43.862463243651739 ], [ 168.998322553642851, -43.862041431822313 ], [ 168.999012386213792, -43.861624636797281 ], [ 168.99969883122759, -43.86120446983459 ], [ 169.000403875477019, -43.860802800498433 ], [ 169.00111000838865, -43.860402211406772 ], [ 169.001799693143084, -43.859985259477554 ], [ 169.00248877087563, -43.859567701344474 ], [ 169.003190058144526, -43.859162284919762 ], [ 169.003872392771683, -43.858738014926558 ], [ 169.004547051245453, -43.858308264498937 ], [ 169.005212458323825, -43.857877296134376 ], [ 169.005884125226657, -43.857452250091754 ], [ 169.006572226619909, -43.857036148495084 ], [ 169.007236145705093, -43.856598230884664 ], [ 169.007903752658819, -43.856163636978771 ], [ 169.008565786057204, -43.855724012791313 ], [ 169.00925578054742, -43.855309606999867 ], [ 169.009886834034205, -43.854842032994448 ], [ 169.010552949527948, -43.854406082459121 ], [ 169.011207783725695, -43.853959953357645 ], [ 169.01186526968641, -43.853516213381667 ] ] } },
{ "type": "Feature", "properties": { "group_id": "nzd0450" }, "geometry": { "type": "LineString", "coordinates": [ [ 168.849464334247301, -43.945630220067642 ], [ 168.850093072415575, -43.945168819124149 ], [ 168.85070978910278, -43.944698878812119 ], [ 168.851302859730907, -43.944212145571093 ], [ 168.851903364086724, -43.943714537867152 ], [ 168.852496260689179, -43.9432042910394 ], [ 168.853069451346357, -43.942697040514659 ], [ 168.853618349884982, -43.942184739931918 ], [ 168.85418948102344, -43.941685937768369 ], [ 168.854734026400536, -43.941170984632024 ], [ 168.855307014735843, -43.940673301671303 ], [ 168.855845177860971, -43.940154463656221 ], [ 168.856362834561992, -43.939623166987431 ], [ 168.856897299131617, -43.939102074052691 ], [ 168.857427960116922, -43.938578666734387 ], [ 168.857963737903987, -43.938058362713882 ], [ 168.858473005559688, -43.937521953801195 ], [ 168.859015441403443, -43.937005684816363 ], [ 168.859538754243118, -43.936477797417623 ], [ 168.860026980042136, -43.93592859608497 ] ] } },
{ "type": "Feature", "properties": { "group_id": "nzd0451" }, "geometry": { "type": "LineString", "coordinates": [ [ 172.180057552316725, -43.907685400135328 ], [ 172.179201485450733, -43.907882595908674 ], [ 172.178349888160966, -43.908088847208909 ], [ 172.177495512110482, -43.908289872218496 ], [ 172.176649737640275, -43.90851021495051 ], [ 172.17581465467967, -43.908750658605541 ], [ 172.174988446009365, -43.909005849082625 ], [ 172.174143277954414, -43.909225524999684 ], [ 172.173298009374378, -43.909445011092465 ], [ 172.172460133187741, -43.909678343370267 ], [ 172.171622876456013, -43.909912834993762 ], [ 172.170779789769909, -43.910136404343397 ], [ 172.169937181769882, -43.910360869043686 ], [ 172.16909718347793, -43.910590221318799 ], [ 172.168249313515759, -43.910804825652654 ], [ 172.167409344703373, -43.911034230523804 ], [ 172.166568065737266, -43.911261179685852 ], [ 172.165730940106386, -43.911495908806337 ], [ 172.164900764701343, -43.91174365830215 ], [ 172.164066139831419, -43.911983070914282 ], [ 172.163224775213564, -43.912209855199883 ], [ 172.162405322116626, -43.912477691900662 ], [ 172.161560615303756, -43.912698212241736 ], [ 172.160722726957204, -43.912932257454038 ], [ 172.159873391489043, -43.913146867753063 ], [ 172.159056381721626, -43.913419870072374 ], [ 172.158219605488284, -43.913655251917568 ], [ 172.157384508401833, -43.913893677072167 ], [ 172.15655288374569, -43.914138397248728 ], [ 172.15571612764009, -43.914373812015441 ], [ 172.154886032081805, -43.914621302760168 ], [ 172.154052649901956, -43.914862833073869 ], [ 172.153234690097776, -43.915132327810809 ], [ 172.152402020617899, -43.91537514880892 ], [ 172.15156669109723, -43.915613145168408 ], [ 172.150739976176226, -43.915866761993648 ], [ 172.149908099128339, -43.91611101703726 ], [ 172.149086737451626, -43.916374340177974 ], [ 172.148255560563371, -43.916619863295224 ], [ 172.147421008148086, -43.916859263945916 ], [ 172.146603961543207, -43.917130410817144 ], [ 172.145779591108692, -43.917391063391072 ], [ 172.144968020439791, -43.917672115598378 ], [ 172.144148063154205, -43.917936794626009 ], [ 172.14332005926525, -43.918188005344682 ], [ 172.142484661955564, -43.918427205841439 ], [ 172.141659489782626, -43.918683012526209 ], [ 172.140845865659884, -43.918957574868735 ], [ 172.140010382499014, -43.91919663072634 ], [ 172.139166467207502, -43.919421988128015 ], [ 172.138332609452704, -43.919663680024136 ], [ 172.137519211326747, -43.919938603922468 ], [ 172.13669829602577, -43.920201316039559 ], [ 172.135870910522499, -43.920453516582867 ], [ 172.135052209518591, -43.920719822899791 ], [ 172.134233569236955, -43.920986226640927 ], [ 172.133395626015442, -43.921221271978247 ], [ 172.132585837805578, -43.921502053055136 ], [ 172.131765085729597, -43.921764763457226 ], [ 172.130951787970929, -43.922036228987039 ], [ 172.13014120490368, -43.922312977564374 ], [ 172.129322880020311, -43.922580177839144 ], [ 172.128513726291033, -43.922862794929785 ], [ 172.127697640054691, -43.923133757055297 ], [ 172.126884038782578, -43.923408895986178 ], [ 172.126065188445097, -43.923675209593988 ], [ 172.125242474314433, -43.923935026433213 ], [ 172.124439787755392, -43.924228513062737 ], [ 172.123614829071585, -43.924484554475903 ], [ 172.122789235258892, -43.924739526829057 ], [ 172.121974744554819, -43.925013165567705 ], [ 172.121156203068551, -43.925279992899746 ], [ 172.120331562598835, -43.925536564802414 ], [ 172.11951787695466, -43.925811554605616 ], [ 172.118696158113693, -43.926073036746551 ], [ 172.117873661475414, -43.926333210008274 ], [ 172.117049136955131, -43.926590642561699 ], [ 172.116226388626615, -43.926853045249452 ], [ 172.115421223477995, -43.927142515176641 ], [ 172.114610210367886, -43.927420799903715 ], [ 172.113789737278978, -43.927684331439103 ], [ 172.11296363888826, -43.927939089102132 ], [ 172.112142365593172, -43.928201369418588 ], [ 172.111349228096032, -43.928507525037602 ], [ 172.110539203363686, -43.928787344672372 ], [ 172.109732173307549, -43.929071833346818 ], [ 172.108933711863358, -43.929369683945403 ], [ 172.108119831992667, -43.929643488045024 ], [ 172.107324989991469, -43.92994698164285 ], [ 172.106507466741334, -43.930215101283437 ], [ 172.105690866479307, -43.930484658935406 ], [ 172.10486923816589, -43.93074637324704 ], [ 172.10405535061247, -43.931019853560414 ], [ 172.103242957700218, -43.93129566108653 ], [ 172.10243585104962, -43.931580188011708 ], [ 172.101623584276155, -43.931856610923674 ], [ 172.100811950985076, -43.932134036890623 ], [ 172.100001856855187, -43.932413901655373 ], [ 172.099195033287089, -43.932698950004621 ], [ 172.098372924766835, -43.932959766738733 ], [ 172.097545350682708, -43.933211917424913 ], [ 172.096727331409909, -43.933479213642599 ], [ 172.095904285380811, -43.933738539407621 ], [ 172.095078909510619, -43.933994169954026 ], [ 172.094256549518718, -43.934254580094006 ], [ 172.093445427867977, -43.934532805873779 ], [ 172.092633906744481, -43.93481039722748 ], [ 172.091818279346626, -43.935081477233886 ], [ 172.091022599020988, -43.935384181166917 ], [ 172.090203924555283, -43.935651558710326 ], [ 172.089399251834237, -43.935941420669472 ], [ 172.088601562687046, -43.936240221438545 ], [ 172.087794823719605, -43.936524876984713 ], [ 172.086992253661862, -43.936815441710799 ], [ 172.086191168612601, -43.937108110354906 ], [ 172.085394762322693, -43.937407411415251 ], [ 172.084582788528195, -43.937684637566974 ], [ 172.083770233112659, -43.937961037048353 ], [ 172.082958634408811, -43.938238791113491 ], [ 172.082141706779225, -43.938508986964003 ], [ 172.081340169422703, -43.938801003887647 ], [ 172.080523555355086, -43.939070854189893 ], [ 172.079707735569684, -43.939340356043154 ], [ 172.078910293365766, -43.939637029551093 ], [ 172.078097018500983, -43.939912081719726 ], [ 172.077307476762797, -43.940221485719078 ], [ 172.076510406396295, -43.940519990839697 ], [ 172.075719813763556, -43.940827871368846 ], [ 172.074922894881837, -43.941126593242657 ], [ 172.074117753361577, -43.941413411001129 ], [ 172.073297349443095, -43.941678133583835 ], [ 172.072492704611165, -43.941965666910022 ], [ 172.071686117300715, -43.942250386697971 ], [ 172.070879627001545, -43.94253524528451 ], [ 172.070070060405698, -43.942815648827747 ], [ 172.069270305984247, -43.943110255415768 ], [ 172.068466904906074, -43.943399581383105 ], [ 172.06764988367263, -43.943669187871571 ], [ 172.066847071485228, -43.943959363098358 ], [ 172.066034121986775, -43.944234860639888 ], [ 172.065227835776, -43.944520003137818 ], [ 172.064435251824221, -43.944817537834403 ], [ 172.063625284694865, -43.945088442104222 ], [ 172.062815893185984, -43.945368034305638 ], [ 172.062014864114872, -43.945661431095111 ], [ 172.061217012003198, -43.945959693804255 ], [ 172.060422030014422, -43.946262352546483 ], [ 172.059618637420925, -43.946552125667132 ], [ 172.058818549569622, -43.946846960557572 ], [ 172.058004500142829, -43.94712040515401 ], [ 172.057204020455998, -43.947414637566112 ], [ 172.056408058722099, -43.947715790744361 ], [ 172.055591173725787, -43.947984887198444 ], [ 172.054810255941391, -43.948309087054561 ], [ 172.054014399100168, -43.948610398412512 ], [ 172.053211289700727, -43.948902493126155 ], [ 172.052413797813131, -43.949204504709257 ], [ 172.05161587711288, -43.949503665424508 ], [ 172.05080952387874, -43.949788690703002 ], [ 172.049996605558192, -43.950064221458682 ], [ 172.049182971055131, -43.950338714756661 ], [ 172.048379736991933, -43.950628245192895 ], [ 172.047576384508204, -43.950917602856308 ], [ 172.046754557424663, -43.95118024408044 ], [ 172.045943456982656, -43.951458394401946 ], [ 172.045134888049688, -43.951740203655959 ], [ 172.044329195911814, -43.952026171287606 ], [ 172.043532357938631, -43.952324941340393 ], [ 172.04273696865647, -43.952625805052477 ], [ 172.041935251621197, -43.952917516697944 ], [ 172.041152387369067, -43.953236490860469 ], [ 172.0403612351611, -43.953543478373874 ], [ 172.039567620315097, -43.953846903323054 ], [ 172.038751079761397, -43.954117171871594 ], [ 172.037969510041933, -43.954438013893515 ], [ 172.037168408079452, -43.954730606897677 ], [ 172.036381457002307, -43.955043664161494 ], [ 172.035582313766298, -43.9553447871915 ], [ 172.034792328547184, -43.95565813426866 ], [ 172.034010145615184, -43.9559765557782 ], [ 172.033231503990038, -43.95629952324451 ], [ 172.032433677233399, -43.956596858932372 ], [ 172.031636155640371, -43.95689460036639 ], [ 172.030854839071225, -43.957213989430869 ], [ 172.030069295452762, -43.957527729711181 ], [ 172.029270815335366, -43.957824185159438 ], [ 172.028486319481715, -43.958139321904724 ], [ 172.027679142484288, -43.958424154303103 ], [ 172.02688967232109, -43.958732641685984 ], [ 172.026074086789777, -43.959006235575423 ], [ 172.02527959396113, -43.959308008510973 ], [ 172.024501367589323, -43.959631513087757 ], [ 172.023707516692838, -43.959934140252223 ], [ 172.022940215186281, -43.960273362652757 ], [ 172.022155756161254, -43.96059134868495 ], [ 172.021382045508233, -43.960922105326354 ], [ 172.02060417202506, -43.961245679945186 ], [ 172.019805143104861, -43.961541789959774 ], [ 172.0190216318681, -43.961858042346023 ], [ 172.018242185521018, -43.962179569930946 ], [ 172.017462403650853, -43.962500660289834 ], [ 172.016689052487521, -43.96283009735734 ], [ 172.015917168986789, -43.96316143826671 ], [ 172.015130569237414, -43.963473672655354 ], [ 172.01435155498362, -43.963795753015781 ], [ 172.013552559118892, -43.96409189050982 ], [ 172.012775510483664, -43.964416519234881 ], [ 172.011996243698178, -43.964738266585904 ], [ 172.011207317902887, -43.965047472058636 ], [ 172.01043089149158, -43.965372903667429 ], [ 172.009654399266765, -43.965698248252139 ], [ 172.0088609831067, -43.966001618376659 ], [ 172.008086457802818, -43.966329513334692 ], [ 172.007300877823951, -43.966644011872738 ], [ 172.006523508046428, -43.966970587610469 ], [ 172.005730301192187, -43.96727605570571 ], [ 172.004959061822035, -43.967607822420135 ], [ 172.004169671273644, -43.967916602654633 ], [ 172.003382161566094, -43.968227762539946 ], [ 172.002612260347945, -43.968561218466782 ], [ 172.001832308288044, -43.968881945034106 ], [ 172.00105730517032, -43.969208936841255 ], [ 172.000283954092424, -43.969538018997241 ], [ 171.999506207908013, -43.969861533621099 ], [ 171.998721529039642, -43.970176267004405 ], [ 171.997949017130338, -43.970506406625148 ], [ 171.997161437709366, -43.970817462944318 ], [ 171.996396824262035, -43.97115760182426 ], [ 171.995617323258728, -43.971478885133536 ], [ 171.994833519148642, -43.971794716957646 ], [ 171.994056809890367, -43.97211953216577 ], [ 171.993271882635156, -43.972433937763419 ], [ 171.992477787045289, -43.972736729856948 ], [ 171.991706300929025, -43.973068154528967 ], [ 171.990899429671487, -43.973354762027377 ], [ 171.990122783387648, -43.973679647539683 ], [ 171.98932351505448, -43.973975879719333 ], [ 171.988543525449217, -43.974296526955911 ], [ 171.987767281088026, -43.974621915910568 ], [ 171.986995275139776, -43.974947688055842 ], [ 171.986215248226955, -43.975262820624025 ], [ 171.985439717291456, -43.975588973980408 ], [ 171.984680772693622, -43.975937345761388 ], [ 171.983911074668924, -43.976271636402743 ], [ 171.983123677698927, -43.976582751274343 ], [ 171.982359827322938, -43.976924695797898 ], [ 171.981569325917974, -43.977231742458528 ], [ 171.980802587942293, -43.977569903214039 ], [ 171.980034045352454, -43.977905699699981 ], [ 171.979248323904869, -43.978219000354109 ], [ 171.978450956565467, -43.9785206941526 ], [ 171.97769548116986, -43.978880306381285 ], [ 171.976929576253269, -43.979222492329392 ], [ 171.976157442525675, -43.979552814996424 ], [ 171.975411871199555, -43.979915534006594 ], [ 171.974642475523922, -43.980249192736203 ], [ 171.973872717073448, -43.98058240710413 ], [ 171.973099771601397, -43.980911732262264 ], [ 171.972332425010819, -43.981247884687299 ], [ 171.971554397607804, -43.981571007272102 ], [ 171.970778031679316, -43.981896154405796 ], [ 171.970009401742743, -43.982230735723753 ], [ 171.969247760821446, -43.982573840321486 ], [ 171.968471968342527, -43.982899681112848 ], [ 171.967709053582183, -43.98324121989922 ], [ 171.966939404739151, -43.983573480711705 ], [ 171.966150640606145, -43.983882224866257 ], [ 171.965387992146646, -43.984224263719838 ], [ 171.96461936417424, -43.984558922373481 ], [ 171.963847440099926, -43.984889511915298 ], [ 171.963084929826607, -43.985231716187037 ], [ 171.962319788146658, -43.985570671645988 ], [ 171.96156212450029, -43.98591885341537 ], [ 171.960785055567499, -43.986243087007317 ], [ 171.960037248805634, -43.986603429252177 ], [ 171.959258731235593, -43.986925871560011 ], [ 171.958505877334261, -43.987279982353591 ], [ 171.957750578920923, -43.987631075008075 ], [ 171.95696430757738, -43.987943943103225 ], [ 171.956198921414625, -43.988282583252037 ], [ 171.955437106863769, -43.988625629429485 ], [ 171.954682741357999, -43.988977866937589 ], [ 171.953920732144866, -43.98932066969904 ], [ 171.953146253113545, -43.989648081402628 ], [ 171.952378174559215, -43.98998339031845 ], [ 171.95162792599109, -43.990340702448599 ], [ 171.950842176484372, -43.990654199132031 ], [ 171.950074928656875, -43.990990528022238 ], [ 171.94930870536524, -43.99132811963743 ], [ 171.948532035741948, -43.991652816664974 ], [ 171.947750604416569, -43.991971516207798 ], [ 171.946961978470171, -43.99228100123203 ], [ 171.946184610520817, -43.992604555652846 ], [ 171.945399471732514, -43.99291868576195 ], [ 171.944625876458701, -43.993247213777629 ], [ 171.943852490337264, -43.993576000892546 ], [ 171.943079617563598, -43.993905426590196 ], [ 171.942314629186967, -43.994244686174611 ], [ 171.941544962470772, -43.994578107924163 ], [ 171.940773017322101, -43.994908685587113 ], [ 171.940002668587454, -43.995241253036369 ], [ 171.939230211108168, -43.995571188022652 ], [ 171.938456562327531, -43.995899635024173 ], [ 171.937686655227424, -43.996232748165291 ], [ 171.936908388436706, -43.996555430311538 ], [ 171.936138174247077, -43.996888156786845 ], [ 171.93534765252133, -43.997195546054336 ], [ 171.934575400533873, -43.99752572647251 ], [ 171.93380653907451, -43.997860135178023 ], [ 171.933016619254687, -43.998168269245802 ], [ 171.932241542933724, -43.99849492041767 ], [ 171.931475593160286, -43.998832956467446 ], [ 171.93071417759171, -43.999176111125344 ], [ 171.929930217286142, -43.999490948840126 ], [ 171.929148342941005, -43.999808966723577 ], [ 171.928382375159259, -44.0001472503195 ], [ 171.927594675249452, -44.000457980741274 ], [ 171.926822619700403, -44.000788543004319 ], [ 171.926048479366187, -44.001116460500846 ], [ 171.925268102410769, -44.001436469372038 ], [ 171.924504674844741, -44.001777965377443 ], [ 171.923726471760006, -44.002100726871767 ], [ 171.922946488860703, -44.002421230012551 ], [ 171.922161542032057, -44.002735437694177 ], [ 171.921382764831549, -44.003057465762453 ], [ 171.920601334897412, -44.003376128629192 ], [ 171.919805115342172, -44.003676037759369 ], [ 171.919040973944846, -44.004016617134148 ], [ 171.918261142886678, -44.004337301646068 ], [ 171.91748333293566, -44.00466054696156 ], [ 171.916703232778076, -44.004981044767611 ], [ 171.915925451517609, -44.00530499630252 ], [ 171.915140912970486, -44.005620297346688 ], [ 171.914373773177232, -44.005956867088798 ], [ 171.91360527146972, -44.006291728955198 ], [ 171.912811470722801, -44.006594893573045 ], [ 171.912059083564543, -44.006949940918631 ], [ 171.911265188084514, -44.007252982828597 ], [ 171.910485317888799, -44.007573594370314 ], [ 171.909687936325895, -44.007872264238259 ], [ 171.908913398737951, -44.008199552923912 ], [ 171.908127373539628, -44.008512446863378 ], [ 171.907338063154299, -44.008821222637003 ], [ 171.906542288523525, -44.009121896964913 ], [ 171.905773228043927, -44.009455180246157 ], [ 171.90499424236657, -44.009775769889565 ], [ 171.904177027159847, -44.010048837620339 ], [ 171.903414458627793, -44.010391334551684 ], [ 171.902630598782281, -44.010706878162928 ], [ 171.901842061947292, -44.011016499332804 ], [ 171.901077187520656, -44.011356072373367 ], [ 171.90031263335618, -44.011696049326758 ], [ 171.899523060491077, -44.012004353359977 ], [ 171.898754008723699, -44.012338633419141 ], [ 171.897978286438615, -44.01266446744215 ], [ 171.897213725897558, -44.013004429869333 ], [ 171.896467241586777, -44.013367274510138 ], [ 171.895695229696969, -44.013697800980644 ], [ 171.894913202218106, -44.014015646253554 ], [ 171.894143251643754, -44.014348778873632 ], [ 171.893360907191209, -44.014666219184065 ], [ 171.892571392463424, -44.014974579892694 ], [ 171.891797394667492, -44.015302583380773 ], [ 171.891044585990386, -44.015657411407247 ], [ 171.890276465698264, -44.01599353746267 ], [ 171.88951635498114, -44.016340569020748 ], [ 171.888749023366501, -44.016677676443464 ], [ 171.887965885344386, -44.016994202019795 ], [ 171.887196909987949, -44.017328295138434 ], [ 171.886451992208549, -44.01769223158886 ], [ 171.885695840495544, -44.018042230215606 ], [ 171.88491971170825, -44.018367444016462 ], [ 171.884125812118754, -44.018670609404957 ], [ 171.883322093918594, -44.018961591325549 ], [ 171.882554176618015, -44.019296986254432 ], [ 171.881779685845487, -44.019624224153134 ], [ 171.880996768521896, -44.019941005771813 ], [ 171.880191004224031, -44.020229439913749 ], [ 171.879424755229593, -44.020566897097467 ], [ 171.878644889970133, -44.020887459075595 ], [ 171.877882492018472, -44.021229690707344 ], [ 171.877128515462289, -44.021582369224923 ], [ 171.876348833315035, -44.021903152901245 ], [ 171.875575498733554, -44.022231810203309 ], [ 171.874807169470074, -44.022566675965329 ], [ 171.874044576962064, -44.022908657887264 ], [ 171.873256061161158, -44.023218473496925 ], [ 171.872525496131743, -44.023600190813461 ], [ 171.871763134472275, -44.023943633848582 ], [ 171.871006340627986, -44.024293713761708 ], [ 171.870235308128827, -44.024625266238878 ], [ 171.869478694033376, -44.024974193482613 ], [ 171.868713042244309, -44.025312129761993 ], [ 171.867955317169532, -44.025659702736 ], [ 171.867173490089613, -44.025977966858449 ], [ 171.86641171934258, -44.026320616824279 ], [ 171.865636819101951, -44.02664729975605 ], [ 171.864871405955796, -44.026985516946858 ], [ 171.864117238909813, -44.02733740766304 ], [ 171.86333688490538, -44.027657452967979 ], [ 171.862571578097658, -44.027995793965665 ], [ 171.861786288666366, -44.028309833457605 ], [ 171.861008419994363, -44.028632894719735 ], [ 171.860225384934552, -44.028949671227686 ], [ 171.859461434935895, -44.029289654396656 ], [ 171.858704785936368, -44.029638514412106 ], [ 171.857937135728491, -44.02997399426836 ], [ 171.857174129912835, -44.030315120330137 ], [ 171.856408208810848, -44.030652699292631 ], [ 171.855633892076156, -44.030980066260831 ], [ 171.854860188906827, -44.03130817739482 ], [ 171.854088899276121, -44.031639221752485 ], [ 171.853305973111929, -44.031956308401135 ], [ 171.852518671185067, -44.032269158735907 ], [ 171.851768155786203, -44.032626115001094 ], [ 171.850993308831391, -44.032952880598906 ], [ 171.850733583476114, -44.03304637552651 ] ] } },
{ "type": "Feature", "properties": { "group_id": "nzd0452" }, "geometry": { "type": "LineString", "coordinates": [ [ 168.705913388401825, -43.994698573035663 ], [ 168.706779161218122, -43.994527223628836 ], [ 168.70764120395873, -43.99434523590331 ], [ 168.708505055213152, -43.994168405022428 ], [ 168.709373189709964, -43.994003787500908 ], [ 168.710234888879853, -43.993820818081645 ], [ 168.711093576783583, -43.993629261793345 ], [ 168.711958145474142, -43.993454473856303 ], [ 168.712814511876218, -43.993256297957544 ], [ 168.713665591411598, -43.993043048476487 ], [ 168.714520205303899, -43.992858512987233 ], [ 168.715354468351165, -43.992642249381944 ], [ 168.716191378625837, -43.992419224398922 ], [ 168.71704140055013, -43.992210094456183 ], [ 168.71789219957995, -43.992002821198675 ], [ 168.718744140755462, -43.991798276973284 ], [ 168.719605810696095, -43.991616983744613 ], [ 168.720458353283902, -43.991413874553039 ], [ 168.721316102044028, -43.991223206662433 ], [ 168.72217076161985, -43.991025154553604 ], [ 168.723028228099025, -43.990833809183854 ], [ 168.723877885296815, -43.99062380014248 ], [ 168.724733568297637, -43.990428190248338 ], [ 168.725587347975846, -43.990228030805788 ], [ 168.726438241625914, -43.990020973867452 ], [ 168.727306203052535, -43.989854700057165 ], [ 168.728173519473046, -43.989686882362683 ], [ 168.729028873290332, -43.989490478470117 ], [ 168.729917905767621, -43.98937454367281 ], [ 168.730797654489777, -43.989236422121451 ], [ 168.731675912558387, -43.989094735025745 ], [ 168.732558388120509, -43.988963120430974 ], [ 168.733440358805296, -43.988830295284131 ], [ 168.73432884904679, -43.98871304146607 ], [ 168.735227791978843, -43.988620754044661 ], [ 168.736117672699237, -43.988506811247994 ], [ 168.736991293332665, -43.98839498124368 ], [ 168.737831619797959, -43.988287416804354 ], [ 168.738680494125731, -43.988152244331992 ], [ 168.739567096896195, -43.988049509180001 ], [ 168.740433540270885, -43.987868943425759 ], [ 168.74131428781206, -43.98774360094108 ], [ 168.742188746930736, -43.987593981701956 ], [ 168.743056544819979, -43.987418649367832 ], [ 168.743927970959845, -43.987257324419794 ], [ 168.744796297264088, -43.987084035709692 ], [ 168.745652557385597, -43.9868641768348 ], [ 168.746519003734193, -43.986683638208966 ], [ 168.747387999021868, -43.986512939740543 ] ] } },
{ "type": "Feature", "properties": { "group_id": "nzd0454" }, "geometry": { "type": "LineString", "coordinates": [ [ 171.849962009839714, -44.033377060159296 ], [ 171.849198027759456, -44.033716838710447 ], [ 171.848468108774085, -44.03409742906026 ], [ 171.847711769035726, -44.034446361129845 ], [ 171.846944660512776, -44.034782388313481 ], [ 171.846175677543215, -44.035116167553952 ], [ 171.845411075622422, -44.035455194250211 ], [ 171.844648799423197, -44.035797005783806 ], [ 171.843872356190815, -44.036121839941458 ], [ 171.843085982392694, -44.036434772613411 ], [ 171.842322205733097, -44.036774780219019 ], [ 171.841537792835283, -44.037090058071669 ], [ 171.840774629130237, -44.037430796169282 ], [ 171.84001938052063, -44.037781016999169 ], [ 171.839233542232932, -44.03809458034646 ], [ 171.838463720699963, -44.038427334463492 ], [ 171.837701531219977, -44.038769232252385 ], [ 171.776550417605847, -44.064628726246248 ], [ 171.775780281535589, -44.064962022380676 ], [ 171.774986486717438, -44.065264252413492 ], [ 171.774206868038192, -44.065585094430489 ], [ 171.77339864591201, -44.065868376754715 ], [ 171.772656858750025, -44.066238890820763 ], [ 171.771888704127718, -44.066574802186736 ], [ 171.771086305200697, -44.066865780133305 ], [ 171.770315603410182, -44.067198304145045 ], [ 171.769549474957387, -44.067536808859067 ], [ 171.768773595528046, -44.067862526844316 ], [ 171.767979985724253, -44.068164995047198 ], [ 171.767191269991088, -44.068473878502793 ], [ 171.766386530198019, -44.068761748726807 ], [ 171.765600199199639, -44.069073755266849 ], [ 171.764840230249149, -44.069420327690118 ], [ 171.764044157578837, -44.069719556969197 ], [ 171.763288227553119, -44.070071422935015 ], [ 171.762485998387632, -44.070362575636949 ], [ 171.761687117598058, -44.070658116906067 ], [ 171.760895194055081, -44.070962779317732 ], [ 171.760124659458626, -44.07129548811217 ], [ 171.75933739388995, -44.071606255229085 ], [ 171.758541768739605, -44.071906058011585 ], [ 171.757758294472779, -44.072221793264667 ], [ 171.75697958628399, -44.072543777043748 ], [ 171.756197387200046, -44.072861181239432 ], [ 171.75538858384644, -44.073143694224697 ], [ 171.754601478001632, -44.073454659802813 ], [ 171.753802306388479, -44.073749799873035 ], [ 171.75304082097648, -44.074094362048172 ], [ 171.75226604795958, -44.074421634717602 ], [ 171.751464310464428, -44.07471361338775 ], [ 171.750675848671307, -44.075022817624017 ], [ 171.749897724326473, -44.07534551487354 ], [ 171.7489192136849, -44.075406184418213 ], [ 171.748330379797608, -44.075976395558378 ], [ 171.747529997817907, -44.076269983249475 ], [ 171.746773682238626, -44.076621191692709 ], [ 171.745991882714549, -44.076939075000155 ], [ 171.745229531677438, -44.077282388690271 ], [ 171.744463636658338, -44.077621066805101 ], [ 171.743696881898046, -44.077958619362562 ], [ 171.742888953430167, -44.078242327764244 ], [ 171.742091237633275, -44.07853938902479 ], [ 171.741312016746576, -44.078860634494959 ], [ 171.740510775298333, -44.079153081141271 ], [ 171.739696875011873, -44.079428970885495 ], [ 171.738933714168184, -44.079771213615942 ], [ 171.73814886788719, -44.080085095302863 ], [ 171.737359680924442, -44.080393298499374 ], [ 171.736578380018301, -44.080711813275116 ], [ 171.735801074930521, -44.081035552199481 ], [ 171.735012274608295, -44.081344255685167 ], [ 171.734247851399033, -44.081684838863282 ], [ 171.733451946802802, -44.081985618073389 ], [ 171.732676990921078, -44.08231406581848 ], [ 171.731898726063577, -44.082636874065116 ], [ 171.73110028176481, -44.08293340725254 ], [ 171.730336062460594, -44.083273555118105 ], [ 171.729547512882817, -44.08358269429651 ], [ 171.728784408026115, -44.083924259277808 ], [ 171.728013079784404, -44.084255342506992 ], [ 171.727229733570113, -44.084571107616412 ], [ 171.72644960969356, -44.084890977616119 ], [ 171.725662691007813, -44.085202185855898 ], [ 171.724883235101345, -44.085522903438871 ], [ 171.724115108122874, -44.085858058110603 ], [ 171.723323935739188, -44.086163839216809 ], [ 171.722575522681211, -44.08652411671693 ], [ 171.721781643526811, -44.086826444234426 ], [ 171.721010330639643, -44.087157531749305 ], [ 171.720223324428531, -44.087468615296679 ], [ 171.719457301335325, -44.087806441704188 ], [ 171.718694422676521, -44.088148274515063 ], [ 171.717909593454976, -44.08846212744497 ], [ 171.717131327670586, -44.088784344349911 ], [ 171.716370939482488, -44.08912934691638 ], [ 171.715582603474047, -44.089438724467172 ], [ 171.714799408063897, -44.089754652504617 ], [ 171.714008321577694, -44.09005986010169 ], [ 171.713232779085388, -44.090384332599996 ], [ 171.712451125966595, -44.090701651099785 ], [ 171.711705954364646, -44.091066880023959 ], [ 171.710932937107629, -44.091396013348813 ], [ 171.710138318039299, -44.091697143670764 ], [ 171.709348024924878, -44.092003879504432 ], [ 171.708563078400971, -44.0923175440577 ], [ 171.707754463657579, -44.092600525740806 ], [ 171.706995629184803, -44.092948035624318 ], [ 171.70623168602495, -44.093288921817333 ], [ 171.705457519032365, -44.093616553208783 ], [ 171.704648131809705, -44.093898525417494 ], [ 171.703875150547873, -44.09422769038833 ], [ 171.703082665636288, -44.09453156982579 ], [ 171.702310718963417, -44.094862072723117 ], [ 171.701532962023379, -44.095185041695871 ], [ 171.700751847805719, -44.095503656607633 ], [ 171.699968797015373, -44.095819759165451 ], [ 171.699180179358393, -44.096128642845144 ], [ 171.698405911311852, -44.096456128151942 ], [ 171.697628757773003, -44.096779870964788 ], [ 171.696833190713619, -44.097079080618606 ], [ 171.696086113189494, -44.097441159572234 ], [ 171.695288083760857, -44.097737205292283 ], [ 171.694498295286223, -44.098044507942824 ], [ 171.693716353472894, -44.098362139308563 ], [ 171.692929489615381, -44.098673288821551 ], [ 171.692165717802624, -44.099014839131513 ], [ 171.691386150127528, -44.099335591524294 ], [ 171.690614021649907, -44.099666136838024 ], [ 171.689820247600693, -44.099968181767494 ], [ 171.689022489329034, -44.100264978966322 ], [ 171.688250029161765, -44.100595082801554 ], [ 171.687454681873447, -44.100895050658352 ], [ 171.686674255095681, -44.101214661977018 ], [ 171.68589019001368, -44.101529481181657 ], [ 171.685099276058338, -44.10183528076341 ], [ 171.684322584811781, -44.102159805721875 ], [ 171.683519765813287, -44.102449926013058 ], [ 171.682738779907311, -44.102768792664648 ], [ 171.681948573773099, -44.103075516906308 ], [ 171.681170528238425, -44.103398251995145 ], [ 171.680394237823549, -44.103723296655282 ], [ 171.679613636908016, -44.104042663773669 ], [ 171.678833642619082, -44.104362784668744 ], [ 171.67804316880455, -44.104668862398938 ], [ 171.677264376034714, -44.104990418263817 ], [ 171.676487090204091, -44.105314205629824 ], [ 171.675712559595894, -44.105641634175782 ], [ 171.674928660100619, -44.105956674611605 ], [ 171.674146568310221, -44.10627410339147 ], [ 171.673358895781092, -44.106584152057806 ], [ 171.672588981661477, -44.106917678233096 ], [ 171.671813609404069, -44.107243986566274 ], [ 171.67101308165968, -44.107537033486338 ], [ 171.670213790131356, -44.107831712790208 ], [ 171.669426494072468, -44.108142250470941 ], [ 171.668653297800887, -44.108471429386569 ], [ 171.667872659343459, -44.108790766633923 ], [ 171.667105298796514, -44.109127658934597 ], [ 171.666310334597199, -44.10942805089482 ], [ 171.665513857224994, -44.109726440059738 ], [ 171.664727054732793, -44.110037620164768 ], [ 171.663960656966253, -44.110375779657737 ], [ 171.663166619383588, -44.110677389513512 ], [ 171.66239516318106, -44.111008857348168 ], [ 171.661591716507075, -44.111298021630233 ], [ 171.617595964609933, -44.130093072241529 ], [ 171.616823322555149, -44.130420087291142 ], [ 171.61607278705273, -44.13077537090853 ], [ 171.615314396160926, -44.13112125435903 ], [ 171.614559857932335, -44.131471745516322 ], [ 171.613804344579023, -44.131821068237073 ], [ 171.613040644747684, -44.132160594320524 ], [ 171.61227817583503, -44.132501591251817 ], [ 171.611539885623785, -44.132871515875621 ], [ 171.61078980552719, -44.133227332477091 ], [ 171.610039365974728, -44.133582717334605 ], [ 171.609287126780742, -44.133935947228466 ], [ 171.608547878510478, -44.134304719435221 ], [ 171.607799400402342, -44.134660638720703 ], [ 171.607071229646721, -44.135036295748428 ], [ 171.606327033846128, -44.135397763667051 ], [ 171.605602569868381, -44.135778918521382 ], [ 171.604859249469229, -44.136141308400852 ], [ 171.604123115455849, -44.136510846128729 ], [ 171.603387211894159, -44.136880610485932 ], [ 171.602652077693904, -44.137251137712504 ], [ 171.601918131385276, -44.137622844279605 ], [ 171.601197252096057, -44.138007550538582 ], [ 171.600446772068182, -44.138362799906297 ], [ 171.599720218803526, -44.138741855057212 ], [ 171.598981204200442, -44.139108507750059 ], [ 171.598254483411893, -44.139487391019721 ], [ 171.597535083105555, -44.139873556223648 ], [ 171.596801519542083, -44.140245625260008 ], [ 171.596084013855602, -44.140633003906458 ], [ 171.59535336699858, -44.141004410788767 ], [ 171.5946057939463, -44.141358997341356 ], [ 171.593871673961388, -44.141730509938427 ], [ 171.593149062696426, -44.142114014259214 ], [ 171.592416251415642, -44.142486886127159 ], [ 171.591655485797531, -44.142830621983961 ], [ 171.590921609661677, -44.14320237918804 ], [ 171.590187806743415, -44.143574210344937 ], [ 171.589473662836696, -44.143966527953516 ], [ 171.588718312612542, -44.144315897585201 ], [ 171.587988331720766, -44.144691705074941 ], [ 171.587266195686595, -44.145075686415339 ], [ 171.586548315775673, -44.145464101450024 ], [ 171.585820024193936, -44.145841662849925 ], [ 171.585100004793901, -44.146227843656924 ], [ 171.584350937863576, -44.146583747297598 ], [ 171.583610674891332, -44.146948824419262 ], [ 171.582879074768613, -44.147322928143375 ], [ 171.582153556956399, -44.147704352992172 ], [ 171.581419920589951, -44.148077970698083 ], [ 171.580679011043372, -44.148443183246222 ], [ 171.579944558550011, -44.148814240982901 ], [ 171.579210364711486, -44.149185559977859 ], [ 171.578464244348851, -44.149544714388846 ], [ 171.577727653068052, -44.149913583490253 ], [ 171.576992934723165, -44.150284360013252 ], [ 171.576232684622795, -44.150629097444131 ], [ 171.575535315735266, -44.15103795697862 ], [ 171.574804380595566, -44.151412584119022 ], [ 171.574064936206724, -44.151778531138234 ], [ 171.573358712316605, -44.152178353808097 ], [ 171.572618407165265, -44.152543418106944 ], [ 171.571880614580891, -44.152911042166579 ], [ 171.571150603286952, -44.1532865991854 ], [ 171.570436184133001, -44.153678055021906 ], [ 171.569703079980002, -44.15405045306354 ], [ 171.568974935414872, -44.154427906599764 ], [ 171.568247584519384, -44.154806167138155 ], [ 171.56752600532505, -44.15519031154831 ], [ 171.566803906572318, -44.155573923750225 ], [ 171.566065650768678, -44.15594769294546 ], [ 171.565354737944318, -44.156350059796459 ], [ 171.56462401889786, -44.156727384566658 ], [ 171.563908875787575, -44.157117320998793 ], [ 171.563209614204879, -44.157522213735739 ], [ 171.56248952448442, -44.157907485431174 ], [ 171.561778993575956, -44.158301758015554 ], [ 171.561081132787962, -44.15870796228068 ], [ 171.560360684229408, -44.159092887725272 ], [ 171.55966103418163, -44.159497401351686 ], [ 171.558940200483846, -44.159881958506567 ], [ 171.558227447147914, -44.160274124165369 ], [ 171.557519049484597, -44.160670389957929 ], [ 171.556815939895216, -44.161071634240976 ], [ 171.556103152785795, -44.161463759977501 ], [ 171.555395742155582, -44.161860947489245 ], [ 171.554703979354827, -44.16227287225378 ], [ 171.554009036006448, -44.16268179847826 ], [ 171.553300423980033, -44.163077846421096 ], [ 171.552606009076499, -44.16348726527773 ], [ 171.551904903080242, -44.163890378595553 ], [ 171.551197654883282, -44.164287703332839 ], [ 171.550491489193519, -44.164685943682471 ], [ 171.549789665323118, -44.165087099546746 ], [ 171.549085583002153, -44.165486351478684 ], [ 171.548396256385644, -44.165900865772016 ], [ 171.547694886562596, -44.166303890655271 ], [ 171.547004653136128, -44.166717535127049 ], [ 171.546305357452496, -44.167122533367873 ], [ 171.54561315580213, -44.167534295597932 ], [ 171.544893018908624, -44.167919409772225 ], [ 171.544199872882785, -44.168330266201572 ], [ 171.543477629958062, -44.168713366230065 ], [ 171.542771265903809, -44.169111609585954 ], [ 171.542096463932154, -44.169539956041625 ], [ 171.54137909726569, -44.169927699433579 ], [ 171.540661940258275, -44.170315640107972 ], [ 171.539960031877939, -44.170718123321635 ], [ 171.539257757575825, -44.17112025495296 ], [ 171.538540978618755, -44.171508548308047 ], [ 171.537823260334477, -44.171895942952069 ], [ 171.537112366939056, -44.172289845107692 ], [ 171.536417751751401, -44.172699272395427 ], [ 171.535710418030163, -44.173099311090816 ], [ 171.535008804980237, -44.17350511039843 ], [ 171.534291753855541, -44.173895350105987 ], [ 171.533578513718425, -44.174287766787522 ], [ 171.532871753413218, -44.174685772508255 ] ] } },
{ "type": "Feature", "properties": { "group_id": "nzd0457" }, "geometry": { "type": "LineString", "coordinates": [ [ 171.485273870107363, -44.199474984860018 ], [ 171.484491991622349, -44.199794519091483 ], [ 171.483740990457903, -44.200147792551007 ], [ 171.48300506122149, -44.200517534103525 ], [ 171.482260338127276, -44.200877663702244 ], [ 171.481530419545805, -44.20125396950057 ], [ 171.480784260622812, -44.20161252570702 ], [ 171.480015020128207, -44.201945855690191 ], [ 171.479303180128994, -44.202341911892233 ], [ 171.478557955287386, -44.20270148228105 ], [ 171.477820023320874, -44.203069020414347 ], [ 171.477081720435621, -44.203436151085413 ], [ 171.476344725905903, -44.203804709493994 ], [ 171.475603630298167, -44.204168783885244 ], [ 171.474866299256433, -44.204536970318877 ], [ 171.474126916601648, -44.204902912488038 ], [ 171.473389901164865, -44.205271439638715 ], [ 171.472660368992507, -44.205648143137864 ], [ 171.471929001480163, -44.206022844795875 ], [ 171.471176914871705, -44.206375134864388 ], [ 171.470419313038093, -44.206721719512664 ], [ 171.469702248978706, -44.20711102941209 ], [ 171.468969187001647, -44.207483382677957 ], [ 171.468234760177154, -44.207854287226638 ], [ 171.46751107841888, -44.20823657731038 ], [ 171.466778376388078, -44.208609305395314 ], [ 171.466037710788015, -44.208973591211944 ], [ 171.46529632094385, -44.209337107094171 ], [ 171.464571563716135, -44.209718248619033 ], [ 171.463843580159107, -44.210095968589563 ], [ 171.463110938092484, -44.210468749027854 ], [ 171.462379436323459, -44.210842735796255 ], [ 171.461654443397975, -44.211223154275885 ], [ 171.460932929037824, -44.211605086596933 ], [ 171.460190745451825, -44.211966728299871 ], [ 171.459446927378593, -44.212328326494543 ], [ 171.458744990523797, -44.2127310704576 ], [ 171.458021988162102, -44.213113114933513 ], [ 171.457297854046004, -44.21349404484419 ], [ 171.456566681964858, -44.213868057163189 ], [ 171.455871593961717, -44.214277520540193 ], [ 171.455148720259899, -44.214659681166182 ], [ 171.454433621480433, -44.215049478396807 ], [ 171.453720613272225, -44.215441327216212 ], [ 171.453006038348093, -44.215831634176126 ], [ 171.452287204100344, -44.216217753599246 ], [ 171.45158723311522, -44.21662240488331 ], [ 171.450871769365051, -44.217011831087419 ], [ 171.450141245920719, -44.217386457465743 ], [ 171.449412218685325, -44.217762551306635 ], [ 171.448673467103902, -44.21812908742092 ], [ 171.447948416044284, -44.218509082840391 ], [ 171.447234316688196, -44.218899831962737 ], [ 171.446530125263621, -44.219300260450197 ], [ 171.445816193429948, -44.219691115493795 ], [ 171.445102889192754, -44.220082601181161 ], [ 171.444397080106313, -44.220481422883559 ], [ 171.443670303565511, -44.220859712772864 ], [ 171.442968486116655, -44.221262437791488 ], [ 171.442260526234975, -44.221659146263725 ], [ 171.441551624421493, -44.222054930026047 ], [ 171.440857445740647, -44.222465127192763 ], [ 171.440139820941482, -44.222852365151446 ], [ 171.439433726181448, -44.223250890091975 ], [ 171.43871635075206, -44.22363836718452 ], [ 171.43800665203932, -44.224033358403524 ], [ 171.437278178723091, -44.224409963854526 ], [ 171.436542032273621, -44.224779053356109 ] ] } },
{ "type": "Feature", "properties": { "group_id": "nzd0459" }, "geometry": { "type": "LineString", "coordinates": [ [ 171.325878624730365, -44.29897361071172 ], [ 171.325274580793604, -44.299449564370576 ], [ 171.324709379230967, -44.299949766331252 ], [ 171.324127343081074, -44.300439453001815 ], [ 171.323542319958676, -44.300927270551469 ], [ 171.322919217691265, -44.301391307949103 ], [ 171.322333006510576, -44.301878375426057 ], [ 171.321760809776379, -44.302374189231784 ], [ 171.321176988589173, -44.302862740779865 ], [ 171.320631513561295, -44.303375231136521 ], [ 171.320046652429085, -44.303863125177024 ], [ 171.319450744699452, -44.304344117712034 ], [ 171.318892231794536, -44.304848455134135 ], [ 171.318311905392761, -44.305339168309452 ], [ 171.317716921871948, -44.305820725570911 ], [ 171.317137736603968, -44.306312143045957 ], [ 171.316552819469308, -44.306799977467868 ], [ 171.315983198935186, -44.30729735892713 ], [ 171.3153760589868, -44.307771309262478 ], [ 171.314785332278404, -44.308255503847988 ], [ 171.314207180412751, -44.308747173682626 ], [ 171.313600354002546, -44.309220107466295 ], [ 171.313035370927963, -44.309719780650909 ], [ 171.312451149214297, -44.31020808196368 ], [ 171.311878801153995, -44.310703880956474 ], [ 171.31129694348931, -44.311193667761572 ], [ 171.310715645152953, -44.311683803893708 ], [ 171.310133967672755, -44.312173696427728 ], [ 171.309565365978699, -44.312671846200566 ], [ 171.308956289943097, -44.313144420169927 ], [ 171.308341968980756, -44.313613676244969 ], [ 171.307768754267585, -44.314108899327827 ], [ 171.307201830797482, -44.31460809321424 ], [ 171.306616130177957, -44.31509541954297 ], [ 171.306038546497916, -44.315587870153394 ], [ 171.305442107760314, -44.316068403923275 ], [ 171.304867839292228, -44.316562941004548 ], [ 171.304261493725846, -44.317037207375925 ], [ 171.303698122298954, -44.317538621229801 ], [ 171.303088346833135, -44.3180107123722 ], [ 171.302505228916544, -44.318499642025934 ], [ 171.301904158496569, -44.31897722494142 ], [ 171.3013151203738, -44.319462405969887 ], [ 171.30074711597976, -44.319960872422357 ], [ 171.300169387864315, -44.320453191211264 ], [ 171.299579473091768, -44.320937806177049 ], [ 171.299012863341574, -44.321437141675737 ], [ 171.298426190298159, -44.321923796717449 ], [ 171.297861401394698, -44.322424274594411 ], [ 171.297278302483477, -44.322913179749577 ], [ 171.296710517865705, -44.323410587654038 ], [ 171.296122195848795, -44.323894950279694 ], [ 171.295509931888915, -44.324365136387314 ], [ 171.294947821073151, -44.324867630049972 ], [ 171.294367783205615, -44.325358617110247 ], [ 171.293786185164066, -44.325848599116981 ], [ 171.293214228479059, -44.326344763394111 ], [ 171.29264509839976, -44.326842737356984 ], [ 171.2920771336276, -44.327341455057031 ], [ 171.291521886917877, -44.32784832920521 ], [ 171.290967269418331, -44.328355603125566 ], [ 171.290397371575978, -44.328853068602463 ], [ 171.289844366371256, -44.329361369124101 ], [ 171.289279718296342, -44.32986219514234 ], [ 171.28871012521148, -44.330359844268386 ], [ 171.288120710991734, -44.330844771322056 ], [ 171.287568073244927, -44.33135250042654 ], [ 171.286994237475369, -44.331845912674389 ], [ 171.286427118676613, -44.332344227910262 ], [ 171.285826893355704, -44.332823850964658 ], [ 171.285274460385409, -44.333330461719434 ], [ 171.284742329328793, -44.333848534178095 ], [ 171.284160505447971, -44.334338536575054 ], [ 171.283605453218456, -44.334843654664439 ], [ 171.283066196584599, -44.335357689402599 ], [ 171.282504505739013, -44.335859049210555 ], [ 171.281924590696036, -44.336350111790573 ], [ 171.281372984240079, -44.336857158188245 ], [ 171.280778484459347, -44.337339974523722 ], [ 171.28022055492815, -44.337843440799254 ], [ 171.27967187081552, -44.338352124332545 ], [ 171.279081311192272, -44.338837152543682 ], [ 171.278519077000794, -44.339338174198922 ], [ 171.277951407539888, -44.339836121593144 ], [ 171.277393682536257, -44.34033968107687 ], [ 171.276864124554493, -44.34085914465723 ], [ 171.276314854812028, -44.341367470730432 ], [ 171.275781835944855, -44.341884970760013 ], [ 171.275212493497378, -44.342381950992319 ], [ 171.274709404222961, -44.342916346235285 ], [ 171.274142481672271, -44.343415188728642 ], [ 171.273599906681284, -44.343932220202987 ], [ 171.273065296294789, -44.344452837116592 ], [ 171.272518756276554, -44.344962685145802 ], [ 171.271980223817422, -44.345476780663645 ], [ 171.271465840576639, -44.346003695181729 ], [ 171.270910588694136, -44.346508903096669 ], [ 171.270383879419398, -44.347029262988492 ], [ 171.269817844346903, -44.347528735497001 ], [ 171.269304317690086, -44.348056086317293 ], [ 171.268772286300958, -44.348573606125655 ], [ 171.268281580029196, -44.349113065739424 ], [ 171.267769066611606, -44.349640940696013 ], [ 171.267246251403151, -44.350163340562766 ], [ 171.266730706425307, -44.35068959642512 ], [ 171.26622836969176, -44.351222861487187 ], [ 171.265686474900946, -44.35173511579886 ], [ 171.265180310215015, -44.352266338869519 ], [ 171.264641402330938, -44.352780169998688 ], [ 171.264145480281059, -44.353316822845002 ], [ 171.263614060400641, -44.353834620976819 ], [ 171.263092348369838, -44.354357569535175 ], [ 171.262554613151366, -44.354872004798985 ], [ 171.262017980229047, -44.355387020754605 ], [ 171.261534849821999, -44.355930443069852 ], [ 171.261051968756959, -44.356473993140199 ], [ 171.26053479535264, -44.357002189847506 ], [ 171.260038535005435, -44.357543970864064 ], [ 171.259520454023772, -44.358072213393669 ], [ 171.259042600247341, -44.358616333955759 ], [ 171.258522075886106, -44.359139990478525 ], [ 171.258011853216289, -44.359668581346028 ], [ 171.257505992225219, -44.360199258530557 ], [ 171.257032737212427, -44.360745564230079 ], [ 171.25654908938148, -44.361286881964396 ], [ 171.256099491339, -44.361844520447043 ], [ 171.255608820493876, -44.362382460970117 ], [ 171.255126600230824, -44.362924448297839 ], [ 171.254651929550647, -44.363470050428802 ], [ 171.254196521586408, -44.36402488338792 ], [ 171.253735676934184, -44.36457710467387 ], [ 171.253276858334431, -44.365131210933583 ], [ 171.252827114763022, -44.365689371388591 ], [ 171.252360080494327, -44.366238443919897 ], [ 171.251862889320478, -44.366773260583393 ], [ 171.251361411500767, -44.367306084925822 ], [ 171.250967247443185, -44.367894976439231 ], [ 171.250604665707442, -44.36848738236317 ], [ 171.250517069181569, -44.369137299617499 ], [ 171.250664779056336, -44.369712183028724 ], [ 171.250844570152907, -44.370315301305318 ] ] } },
{ "type": "Feature", "properties": { "group_id": "nzd0460" }, "geometry": { "type": "LineString", "coordinates": [ [ 167.974645372631926, -44.385702201968236 ], [ 167.975376556210705, -44.385328753181447 ], [ 167.976110745601602, -44.384957996389382 ], [ 167.976856225687868, -44.38459736136106 ], [ 167.977580868256979, -44.38421803571714 ], [ 167.978250414455374, -44.383789297120984 ] ] } },
{ "type": "Feature", "properties": { "group_id": "nzd0462" }, "geometry": { "type": "LineString", "coordinates": [ [ 171.269512494939676, -44.387852607339163 ], [ 171.268996663839232, -44.388379132913926 ], [ 171.268506453158921, -44.388917096336229 ], [ 171.267987644002801, -44.389450129916952 ], [ 171.267512994806879, -44.390004503561457 ], [ 171.267015427785168, -44.390534670024564 ], [ 171.266584830431214, -44.391084583853534 ], [ 171.266161019246795, -44.391636947395419 ], [ 171.265737855852592, -44.392191040551403 ], [ 171.26534215808104, -44.392757586435096 ], [ 171.264951232595848, -44.393334896330046 ], [ 171.264605911006697, -44.393912372255336 ], [ 171.264308658846545, -44.394496154993803 ], [ 171.264043446432225, -44.395101268673955 ], [ 171.263743884212772, -44.395704236867758 ], [ 171.263494456363929, -44.396309529598604 ], [ 171.26330418092661, -44.396916386243873 ], [ 171.263089587314198, -44.397535340009028 ], [ 171.262970673194872, -44.398174416910564 ], [ 171.262841978704444, -44.398816786175857 ], [ 171.262628772580314, -44.399448464333766 ], [ 171.262494045828561, -44.400092567573438 ], [ 171.262278258682727, -44.400709457266117 ], [ 171.262058912074963, -44.401314464977439 ], [ 171.261913028622615, -44.401939206092585 ], [ 171.26177290681477, -44.402572347024652 ], [ 171.261616659588213, -44.403205051918292 ], [ 171.261538692921164, -44.403848191223432 ], [ 171.261436009357737, -44.404460173882335 ], [ 171.26128354580166, -44.443141542280721 ] ] } },
{ "type": "Feature", "properties": { "group_id": "nzd0463" }, "geometry": { "type": "LineString", "coordinates": [ [ 171.260653230167947, -44.443360756462639 ], [ 171.259962501476764, -44.443777618235835 ], [ 171.259383221339874, -44.444285273441075 ], [ 171.228632497826112, -44.48173464471266 ], [ 171.228179262820788, -44.482287921330517 ], [ 171.227728776337585, -44.482842333498489 ], [ 171.227287976193765, -44.483400761071138 ], [ 171.226780993834211, -44.483931711349314 ], [ 171.226313537609201, -44.484479063403633 ], [ 171.225881499590486, -44.485041112060706 ], [ 171.225431849361968, -44.485595844610671 ], [ 171.224973779121228, -44.48614707670238 ], [ 171.224556171153608, -44.486715202759576 ] ] } },
{ "type": "Feature", "properties": { "group_id": "nzd0464" }, "geometry": { "type": "LineString", "coordinates": [ [ 171.199817885073372, -44.520562356670808 ], [ 171.199385676093868, -44.521124179819175 ], [ 171.19897153838474, -44.521696422261151 ], [ 171.198542312070487, -44.522262934357691 ], [ 171.198148826362427, -44.522838617297744 ], [ 171.197737441109638, -44.523407999446988 ], [ 171.197323509693859, -44.523976480408763 ], [ 171.196891189197459, -44.524538488426224 ], [ 171.196546920635882, -44.525131457455039 ], [ 171.196164216483083, -44.525712053939301 ], [ 171.195795031536107, -44.526298770856023 ], [ 171.195435868419452, -44.526887525336569 ], [ 171.195095881305235, -44.527481061181291 ], [ 171.194742443291091, -44.528070113362254 ], [ 171.194391190953752, -44.528659887264531 ], [ 171.194046482167948, -44.529252795515575 ], [ 171.193708085678622, -44.529850574538578 ], [ 171.193366467727742, -44.530446020285446 ], [ 171.19302961758595, -44.531039593858559 ], [ 171.192725301551292, -44.531642521533691 ], [ 171.19237019522339, -44.532230830474688 ], [ 171.192026895251814, -44.53282253004712 ], [ 171.191703291463028, -44.533419284932002 ], [ 171.191363205089942, -44.534010895883192 ], [ 171.191032084378605, -44.534605769663919 ], [ 171.190710402121425, -44.53520380653179 ], [ 171.190407362076769, -44.535807345176373 ], [ 171.190035515969186, -44.536390548862968 ], [ 171.189701105187055, -44.536984806803638 ], [ 171.189370248503508, -44.537580108721897 ], [ 171.189051102640917, -44.538178864514116 ], [ 171.188710963999625, -44.53877141190511 ], [ 171.18841569794796, -44.539377210764066 ], [ 171.188107899741908, -44.539979300888717 ], [ 171.187791036879162, -44.54057903097933 ], [ 171.187465813716869, -44.541176721490615 ], [ 171.187171200895222, -44.541782806926214 ], [ 171.186857337146904, -44.542382861230571 ], [ 171.186543295663569, -44.542982858387681 ], [ 171.186233726253022, -44.543584132676678 ], [ 171.185905988472342, -44.544180187347926 ], [ 171.185602910107519, -44.544783592714502 ], [ 171.185259545187478, -44.54537886893366 ], [ 171.18497777409911, -44.545990130100201 ], [ 171.184670516495459, -44.546591940531123 ], [ 171.184377022266915, -44.547196991188002 ], [ 171.184073364974182, -44.54779963811616 ], [ 171.183805248759199, -44.548410662338654 ], [ 171.18350027672696, -44.549012986359735 ], [ 171.183263530027432, -44.549631397408263 ], [ 171.18298149149868, -44.55023911832938 ], [ 171.182725199532541, -44.550852906076642 ], [ 171.182451313676125, -44.551462537278006 ], [ 171.182182416931852, -44.552072419103219 ], [ 171.181908223966303, -44.552674959031265 ], [ 171.18162681566011, -44.553278151935174 ], [ 171.181297020581013, -44.553873523324768 ], [ 171.180950147417718, -44.554463969831616 ], [ 171.180593276829057, -44.555051530812989 ], [ 171.180265247929697, -44.55564752138492 ], [ 171.179929648041451, -44.556241907183399 ], [ 171.179585109122598, -44.556833632893124 ], [ 171.179223337996547, -44.557419886935122 ], [ 171.178862244461556, -44.558002017454939 ], [ 171.178513237760711, -44.558585300078654 ], [ 171.178178654818083, -44.559177609983209 ], [ 171.177807120724282, -44.559760332115637 ], [ 171.177459499956598, -44.560350541351703 ], [ 171.177103268008267, -44.560938046359674 ], [ 171.176782118784615, -44.561536538265685 ], [ 171.176465953824618, -44.562135498903281 ], [ 171.176163698720444, -44.562739099135854 ], [ 171.175844218893417, -44.563338306982047 ], [ 171.175518261365482, -44.563935500093677 ], [ 171.175224469984897, -44.564542959671044 ], [ 171.174909611985498, -44.565143685469266 ], [ 171.174584295286508, -44.565741065233823 ], [ 171.174305317132763, -44.566353614466941 ], [ 171.173983153588296, -44.566952940918711 ], [ 171.17366165742817, -44.56755210821678 ], [ 171.173375310539654, -44.568158657279866 ], [ 171.173070489854354, -44.568760613772056 ], [ 171.172788048932404, -44.569368119836966 ], [ 171.172459105897133, -44.56996407516781 ], [ 171.172182561210093, -44.570573032333613 ], [ 171.171896215747779, -44.571180635707172 ], [ 171.171636701114465, -44.57179530318249 ], [ 171.171360149305286, -44.572404997021231 ], [ 171.171152018082068, -44.573029026153215 ], [ 171.170911991335544, -44.573645947067106 ], [ 171.170669613616923, -44.57426233803433 ], [ 171.170394935045692, -44.574872536850904 ], [ 171.170174987485467, -44.575495494548953 ], [ 171.170008536677415, -44.576126812867869 ], [ 171.169767310945076, -44.576743362527026 ], [ 171.169558536618894, -44.577365668767861 ], [ 171.169378991772334, -44.577993159351884 ], [ 171.169133644700139, -44.578608957095739 ], [ 171.16895751694355, -44.579237259219077 ], [ 171.168769204421125, -44.579863747141523 ], [ 171.168589014851989, -44.580491162217513 ], [ 171.168372967365769, -44.581112252360526 ], [ 171.168160812452214, -44.581733967747823 ], [ 171.167964403150307, -44.582358232739224 ], [ 171.167746253515304, -44.582978961423095 ], [ 171.16760512865946, -44.583611449413411 ], [ 171.167446971466802, -44.584241465357636 ], [ 171.167221278791573, -44.584860517020118 ], [ 171.16706684759481, -44.585492319994771 ], [ 171.166895751027852, -44.586121174594432 ], [ 171.16671655366963, -44.586748592596543 ], [ 171.166545336230172, -44.587377202658168 ], [ 171.166363672889901, -44.588003552591452 ], [ 171.16620444567701, -44.588633119628106 ], [ 171.16603280395762, -44.589261010509894 ], [ 171.165831371646306, -44.58988489342827 ], [ 171.165669420377043, -44.590514072170663 ], [ 171.16551956516858, -44.59114468260676 ], [ 171.165313842191807, -44.591767148380534 ], [ 171.165118282767054, -44.592391075022498 ], [ 171.164962317829236, -44.593021199601957 ], [ 171.164779741715023, -44.593647471725113 ], [ 171.164604225409875, -44.594274757283443 ], [ 171.164464426751834, -44.594907197664703 ], [ 171.164274028308995, -44.595532318980155 ], [ 171.164097399581237, -44.596159423383334 ], [ 171.163990053960759, -44.596796533131418 ], [ 171.163825960292741, -44.597425852092044 ], [ 171.163691790054742, -44.598059062366382 ] ] } },
{ "type": "Feature", "properties": { "group_id": "nzd0466" }, "geometry": { "type": "LineString", "coordinates": [ [ 171.16359666478985, -44.598651694337526 ], [ 171.163494814266699, -44.599287137373693 ], [ 171.163391256933892, -44.599922441449834 ], [ 171.16327846255254, -44.600557024273421 ], [ 171.163169815849898, -44.601191920848059 ], [ 171.163009622318214, -44.601818971185558 ], [ 171.162959005785154, -44.602453700668342 ], [ 171.162824590839108, -44.603084044762426 ], [ 171.162655465360473, -44.603712338993169 ], [ 171.162639723782576, -44.604358596335139 ], [ 171.162529000873576, -44.604993719024307 ], [ 171.162420005898355, -44.605629142007601 ], [ 171.162316898121645, -44.606265197551842 ], [ 171.162168185775442, -44.606895870101532 ], [ 171.162077840368653, -44.607533255101636 ], [ 171.161970696748853, -44.608168695279367 ], [ 171.161882479527918, -44.608806311936988 ], [ 171.16175176937773, -44.609438960444571 ], [ 171.161594827326468, -44.61006836260708 ], [ 171.161506085374356, -44.610706416621227 ], [ 171.161358537512342, -44.61133719013197 ], [ 171.161194386833643, -44.611965861464853 ], [ 171.161035017752823, -44.612595129393974 ], [ 171.160909438487664, -44.613228996876558 ], [ 171.16081045937355, -44.613864219525937 ], [ 171.160724022550937, -44.614501946644374 ], [ 171.160640990275027, -44.615139217601218 ], [ 171.160585032441503, -44.615777415463079 ], [ 171.160538911027061, -44.616415945604395 ], [ 171.160488579975379, -44.61705355010718 ], [ 171.160459432467206, -44.617691012888088 ], [ 171.160415194603587, -44.618328819064288 ], [ 171.160355203712697, -44.618966751161153 ], [ 171.160286857104438, -44.619604233919411 ], [ 171.160206003515299, -44.620241047584265 ], [ 171.160130463931267, -44.620878135537332 ], [ 171.160073954212265, -44.621516223853291 ], [ 171.159982518104442, -44.622151883182042 ], [ 171.159947974057133, -44.622790510565274 ], [ 171.159898458371998, -44.623428884545163 ], [ 171.159834258782297, -44.624066566983743 ], [ 171.159773267622427, -44.624704428897942 ], [ 171.159687250189705, -44.625340829184772 ], [ 171.159630306658926, -44.625978912343321 ], [ 171.159573712320906, -44.626617008786596 ], [ 171.159511521564781, -44.627254772936041 ], [ 171.159481588788253, -44.627894405007964 ], [ 171.159414488172246, -44.628531869758618 ], [ 171.159390023546962, -44.629171805615506 ], [ 171.159365104304101, -44.629811708018828 ], [ 171.159355409698605, -44.630456048055855 ], [ 171.159339338453066, -44.631098864995295 ], [ 171.159349158402676, -44.631738423065478 ], [ 171.159339299572196, -44.632377580251614 ], [ 171.15933736118177, -44.63301679444232 ], [ 171.159340097912377, -44.633656039396563 ], [ 171.159372211238804, -44.634295514863204 ], [ 171.159387586553208, -44.634935046129705 ], [ 171.159410797039214, -44.635574568891919 ], [ 171.159410017130966, -44.636213758621359 ], [ 171.159453348295727, -44.636853130439484 ], [ 171.159496646803717, -44.637492495051227 ], [ 171.159514278152415, -44.638131727948462 ], [ 171.159534684155176, -44.638771208388789 ], [ 171.159612749261385, -44.639409441129352 ], [ 171.159670816536334, -44.640046937352281 ], [ 171.15974320381099, -44.640684080707913 ], [ 171.159814391058177, -44.64132126972364 ], [ 171.159913939646117, -44.641957207209487 ], [ 171.160032088486446, -44.64259232149454 ], [ 171.160106361831311, -44.643227926624149 ], [ 171.160216563756336, -44.643859741742489 ], [ 171.160323786068147, -44.644493433179079 ], [ 171.160445818579774, -44.645126598270664 ], [ 171.1605378182621, -44.645762467583175 ], [ 171.160642734051436, -44.646397164002003 ], [ 171.16075974482564, -44.647030814832199 ], [ 171.16084366764386, -44.647667114390174 ], [ 171.160907380389887, -44.648304813620221 ], [ 171.160981132213863, -44.648941818867137 ], [ 171.161061365616007, -44.649578337568606 ], [ 171.161149428746796, -44.650214269986897 ], [ 171.16123108227788, -44.650849538294011 ], [ 171.161307712133009, -44.65148351263727 ], [ 171.161379757699279, -44.652119128386829 ], [ 171.161445703245931, -44.65275641937528 ], [ 171.16150577021341, -44.653393962687261 ], [ 171.161611955340845, -44.654029464565035 ], [ 171.161699008642898, -44.65466580342239 ], [ 171.161764518915447, -44.655304466131483 ], [ 171.161864766568755, -44.655941087185802 ], [ 171.161919950338898, -44.656579345632515 ], [ 171.162007015513069, -44.657215263215328 ], [ 171.162078297580052, -44.657852239070124 ], [ 171.162204837109584, -44.658485478514407 ], [ 171.162299300693149, -44.659120090435174 ], [ 171.16236907836236, -44.65975516680475 ], [ 171.162456090621191, -44.660390256598255 ], [ 171.162562918886493, -44.661025431010259 ], [ 171.162684906681875, -44.661659859971166 ], [ 171.162778434741085, -44.66229566830431 ], [ 171.162892176758703, -44.66293123764688 ], [ 171.163006971237962, -44.663566151404694 ], [ 171.16310649014261, -44.664203339415494 ], [ 171.16323899814833, -44.664835341099021 ], [ 171.163357238494882, -44.665469073294233 ], [ 171.163496825562618, -44.666100199271952 ], [ 171.163625112509692, -44.666730992615996 ], [ 171.163756793563834, -44.667358153645459 ], [ 171.163881622898657, -44.667987980455877 ], [ 171.164004948413094, -44.668620807208029 ], [ 171.164138280984162, -44.669252752747035 ], [ 171.164273175013676, -44.669884554960845 ], [ 171.164397633623935, -44.670517261996039 ], [ 171.164481531908649, -44.671153505779536 ], [ 171.164613817594386, -44.671785515153942 ], [ 171.164724465916265, -44.672419408009908 ], [ 171.164852758333126, -44.673050781268032 ], [ 171.164971156450434, -44.673673458689734 ], [ 171.16505884405268, -44.674301838604542 ], [ 171.165169639948374, -44.674939180608725 ], [ 171.165274577749159, -44.67557659494404 ], [ 171.165346610977963, -44.676214448214623 ], [ 171.165446270344461, -44.676851737637939 ], [ 171.16552139963278, -44.67748820080736 ], [ 171.165606395501896, -44.678123947874901 ], [ 171.1656411406899, -44.678762228025548 ], [ 171.16570646458382, -44.679399332495699 ], [ 171.165780486070048, -44.680036097555252 ], [ 171.165812210898963, -44.680674472088647 ], [ 171.165864748845451, -44.681311862378855 ], [ 171.165912402412602, -44.6819494380577 ], [ 171.165947672602556, -44.682587807994445 ], [ 171.166000659948622, -44.683225352442925 ] ] } },
{ "type": "Feature", "properties": { "group_id": "nzd0467" }, "geometry": { "type": "LineString", "coordinates": [ [ 171.166063804502556, -44.683673992046501 ], [ 171.166077349577449, -44.68431340099449 ], [ 171.166124558057248, -44.684949137801922 ], [ 171.166148626212504, -44.685583915443146 ], [ 171.166188066795115, -44.686221907216698 ], [ 171.166192009076212, -44.686860620677081 ], [ 171.166194255056809, -44.687499308621348 ], [ 171.166231299478795, -44.688138368513386 ], [ 171.16622983510257, -44.688777043087605 ], [ 171.166235800701003, -44.689415820575618 ], [ 171.16627545298897, -44.690054502572657 ], [ 171.166296343268641, -44.690693070321124 ], [ 171.166306979810173, -44.691331624238479 ], [ 171.166359587944811, -44.69197019891304 ], [ 171.166379315375337, -44.692608631230144 ], [ 171.166415245715257, -44.69324667665979 ], [ 171.166444725081618, -44.693884735229467 ], [ 171.166466730468983, -44.694523089471033 ], [ 171.166498405494963, -44.695161339380505 ], [ 171.166521561192127, -44.695799667975635 ], [ 171.166512802318692, -44.696438408729719 ], [ 171.166559435591552, -44.697076870009823 ] ] } },
{ "type": "Feature", "properties": { "group_id": "nzd0468" }, "geometry": { "type": "LineString", "coordinates": [ [ 171.173049909822822, -44.793143109432961 ], [ 171.173106435028046, -44.793779630086931 ], [ 171.173137108537162, -44.794416668237041 ], [ 171.173179667654381, -44.795053414200197 ], [ 171.173200295986732, -44.795690679289784 ], [ 171.173236095986027, -44.796326428500876 ], [ 171.173226039897855, -44.79696249761782 ], [ 171.173237844557633, -44.797599898021382 ], [ 171.173265550303938, -44.798237506472255 ], [ 171.173307383736187, -44.798875213162013 ], [ 171.17330592927479, -44.799512632959939 ], [ 171.173359927994369, -44.800149828987806 ], [ 171.17343801298702, -44.800784515160579 ], [ 171.173451035257983, -44.801422667519731 ], [ 171.173487396508563, -44.802059698646289 ], [ 171.173510009511489, -44.802697379065336 ], [ 171.173541413481303, -44.803331743359777 ], [ 171.17350593490346, -44.803963227402214 ], [ 171.173521239526337, -44.804597713704155 ], [ 171.173524592760742, -44.805235114084908 ], [ 171.173555127549548, -44.805872802486036 ], [ 171.173577826142946, -44.806510398778137 ], [ 171.173600481341168, -44.807148828401417 ], [ 171.173621184949297, -44.80778788772141 ], [ 171.173641096799855, -44.808426068684568 ], [ 171.173663778182458, -44.809063115458329 ], [ 171.173697621040162, -44.809699975532475 ], [ 171.173705670929934, -44.810337243752606 ], [ 171.173741497743578, -44.81097252395854 ], [ 171.173713302264815, -44.811606009022761 ], [ 171.173683609676715, -44.812240873516508 ], [ 171.173691871931823, -44.812878416777579 ], [ 171.173728131950213, -44.813516443022934 ], [ 171.173715855389986, -44.814153612718904 ], [ 171.173697868811473, -44.814790984312587 ], [ 171.173735140347588, -44.815429432386296 ], [ 171.17375075017452, -44.816067142656593 ], [ 171.173720157569619, -44.81670404784446 ], [ 171.173740589711713, -44.817341499845618 ], [ 171.173727020531658, -44.817978575730798 ], [ 171.173740587113173, -44.818616409492961 ], [ 171.173755567048119, -44.819254392544259 ], [ 171.173751516827423, -44.819891822064662 ], [ 171.173755989895881, -44.820528946950944 ], [ 171.173727778910546, -44.821166037291043 ], [ 171.173719164009242, -44.821803137069558 ], [ 171.173714428158888, -44.822437994377268 ], [ 171.173700051151343, -44.823071119084112 ], [ 171.173681020387562, -44.82370666252519 ], [ 171.173673984297665, -44.824344109444567 ], [ 171.173657928077432, -44.824981275607534 ], [ 171.173622678856674, -44.825617852320569 ], [ 171.173618937504045, -44.826256281185657 ], [ 171.173619800365884, -44.826895634685911 ], [ 171.173601270023369, -44.827533683738551 ], [ 171.173605735171691, -44.828170842734117 ], [ 171.173617094058955, -44.828808069527874 ], [ 171.173565903074547, -44.829444610212249 ], [ 171.17354116424201, -44.83007979555174 ], [ 171.17350990000952, -44.830712842731529 ], [ 171.173445457026929, -44.831346513103206 ], [ 171.173391763360343, -44.831982402806204 ], [ 171.17336671559903, -44.832619285963233 ], [ 171.173310108248216, -44.833255059833753 ], [ 171.173295129569397, -44.833892280597567 ], [ 171.173239042117473, -44.834528058558689 ], [ 171.173224526176796, -44.835161824961446 ], [ 171.173169653979613, -44.835794145029034 ], [ 171.173146178562632, -44.836431615174902 ], [ 171.173101232465513, -44.837067964702392 ], [ 171.173062555933939, -44.837704644767008 ], [ 171.172993319040842, -44.83833967242942 ], [ 171.172950406302164, -44.838976110379164 ], [ 171.172898849965293, -44.83961207593677 ], [ 171.172863980061379, -44.840248184726896 ], [ 171.172794620435923, -44.840881868393538 ], [ 171.172747258510611, -44.841517706269649 ], [ 171.172675500269634, -44.842152570540854 ], [ 171.172597751896063, -44.842787053341929 ], [ 171.172533385031187, -44.843422365669412 ], [ 171.172492226532512, -44.844059121828131 ], [ 171.172415764376694, -44.844693621847838 ], [ 171.172350108044867, -44.845328763241319 ], [ 171.172271862759175, -44.845963149502559 ], [ 171.17217822664611, -44.846596589927927 ], [ 171.172117683469651, -44.847232108487432 ], [ 171.172032440742214, -44.847866063763867 ], [ 171.171966960279747, -44.848501196075823 ], [ 171.17189100672536, -44.849133293085188 ], [ 171.171770570687386, -44.849762200198789 ], [ 171.171683567215297, -44.850396029070666 ], [ 171.171624762309392, -44.851032008606062 ], [ 171.171517782660942, -44.85166429501588 ], [ 171.171420890110994, -44.852295850009149 ], [ 171.171329462999978, -44.852921731171683 ], [ 171.171235533031677, -44.853549837298083 ], [ 171.17117667594087, -44.853930250577626 ] ] } },
{ "type": "Feature", "properties": { "group_id": "nzd0470" }, "geometry": { "type": "LineString", "coordinates": [ [ 171.171121740490406, -44.854568789860352 ], [ 171.171049821650342, -44.85520540944691 ], [ 171.17094261758524, -44.855838048197526 ], [ 171.170838007857441, -44.856474167535382 ], [ 171.170759834495414, -44.85711327953193 ], [ 171.170676553771386, -44.857749056656516 ], [ 171.170591043340266, -44.858382891978081 ], [ 171.170502681506889, -44.859016545753533 ], [ 171.170386992492496, -44.859648519757968 ], [ 171.170286780661542, -44.860276627653825 ], [ 171.17017245641614, -44.860900187288514 ], [ 171.170050972060409, -44.861528197867521 ], [ 171.169971388879077, -44.862163442109555 ], [ 171.169884140976365, -44.862797875192847 ], [ 171.169754402801431, -44.863427843150447 ], [ 171.169664277899244, -44.864062280798684 ], [ 171.169533632700222, -44.864692667594163 ], [ 171.16943913314509, -44.86532639225549 ], [ 171.169316017961734, -44.865957004816678 ], [ 171.169200091216055, -44.866588338147572 ], [ 171.169106959931071, -44.86722189788005 ], [ 171.168967589723394, -44.867847709604057 ], [ 171.168879739083536, -44.868479907710963 ], [ 171.168745067859248, -44.869109427300565 ], [ 171.168615755408666, -44.869739595911163 ], [ 171.168482051455811, -44.870369220136347 ], [ 171.168369085656224, -44.871001571080619 ], [ 171.16824863593564, -44.871633224738595 ], [ 171.168107765635199, -44.87226219609051 ], [ 171.167981969080813, -44.872892638133635 ], [ 171.167850817530564, -44.873522445261727 ], [ 171.16773312700883, -44.874153824174776 ], [ 171.167608594500962, -44.874784393780956 ], [ 171.167452400549195, -44.875411243343386 ], [ 171.167328229565811, -44.876041841571976 ], [ 171.167193172259829, -44.876671156200665 ], [ 171.167034377020173, -44.87729768005314 ], [ 171.166887224050583, -44.877925562385769 ], [ 171.166761182046201, -44.878554863991091 ], [ 171.166612662277032, -44.879180688049701 ], [ 171.166475942335808, -44.87980930908099 ], [ 171.166309121582913, -44.880434690013175 ], [ 171.166166961429468, -44.881063392087235 ], [ 171.166008633511524, -44.881689905471198 ], [ 171.1658520658697, -44.882316649572644 ], [ 171.165678418139152, -44.882941081886301 ], [ 171.165519124260499, -44.883567444423015 ], [ 171.165334870361818, -44.884190431789307 ], [ 171.165152181854552, -44.884810441927996 ], [ 171.164971818393127, -44.885425193514948 ], [ 171.164748545283601, -44.886036522414109 ], [ 171.164584954586786, -44.88666450835801 ], [ 171.164364928304479, -44.887281605475494 ], [ 171.164204282171625, -44.887910145852899 ], [ 171.163986775208798, -44.888530386664009 ], [ 171.163821574988219, -44.889159749412457 ], [ 171.16363469206911, -44.889783225608468 ], [ 171.163442704554456, -44.890404915009135 ], [ 171.163240334952803, -44.891025086341571 ], [ 171.163092464982327, -44.891653184189984 ], [ 171.162915639380287, -44.892277060282382 ], [ 171.162736500241436, -44.892900592811856 ], [ 171.162558452325982, -44.89352427739432 ], [ 171.162404051040852, -44.894150670835216 ], [ 171.162189468125746, -44.894765936609936 ], [ 171.162018188634221, -44.895388974903838 ], [ 171.161824501636517, -44.896010361745233 ], [ 171.161643124053768, -44.896633807784148 ], [ 171.161462777364136, -44.897257420110982 ] ] } },
{ "type": "Feature", "properties": { "group_id": "nzd0471" }, "geometry": { "type": "LineString", "coordinates": [ [ 171.130708797516036, -44.96256728477065 ], [ 171.130329692935078, -44.963145661411922 ], [ 171.129948369796807, -44.963721172055735 ], [ 171.129500257671936, -44.964273616754326 ], [ 171.129103476288151, -44.964843761861921 ], [ 171.128722369219304, -44.965419307936251 ], [ 171.128340831773954, -44.965994699776033 ], [ 171.127919097698054, -44.966556220350213 ], [ 171.12754773603973, -44.967135110699047 ], [ 171.127141601453786, -44.967702000657226 ], [ 171.126716261130269, -44.96826226000664 ], [ 171.126332997189621, -44.96883702745879 ], [ 171.125950040410856, -44.969411895085727 ], [ 171.125562252871191, -44.969985090613335 ], [ 171.125189980498476, -44.970563632157187 ], [ 171.124797262826633, -44.971135115537187 ], [ 171.12440554458226, -44.971706937888001 ], [ 171.12400590000874, -44.972270105068439 ], [ 171.123620416455367, -44.972838489020951 ], [ 171.123210307028444, -44.973403643425122 ], [ 171.122797135759498, -44.973967899782991 ], [ 171.122355381706711, -44.974521324258575 ], [ 171.121975476746059, -44.975098169772835 ], [ 171.121582773781711, -44.975670162190411 ], [ 171.121175609304146, -44.976236671451545 ], [ 171.120778184689158, -44.976806864289387 ], [ 171.120372789539118, -44.977374032563809 ], [ 171.119988202670356, -44.977949076752807 ], [ 171.1195802709031, -44.978513442867936 ], [ 171.119177603203894, -44.979079523803556 ], [ 171.11877629319352, -44.979648163965777 ], [ 171.118373113998956, -44.980216649131805 ], [ 171.11796348311151, -44.980782570539652 ], [ 171.11755072921855, -44.981347248116599 ], [ 171.117138253355193, -44.981912030469566 ], [ 171.116697595150583, -44.982465632308497 ], [ 171.116249030564774, -44.983016093607198 ], [ 171.115807710841892, -44.983569422237508 ], [ 171.115372299484761, -44.984125088239949 ], [ 171.114924868816331, -44.984675982819994 ], [ 171.114486931493531, -44.985230636309815 ], [ 171.114053473434922, -44.985787060491894 ], [ 171.113622250324113, -44.986344365434235 ], [ 171.113192303861751, -44.986902171145225 ], [ 171.112742887677655, -44.987450698007869 ], [ 171.112303113706588, -44.987997772326828 ], [ 171.111871540684405, -44.98855079354577 ], [ 171.111430647233789, -44.989104965921911 ], [ 171.110996081612655, -44.989661922025874 ], [ 171.110582696680609, -44.990228208067393 ], [ 171.11011697511907, -44.990771422161465 ], [ 171.109694164427253, -44.991333543503643 ], [ 171.109239984361636, -44.991881834000246 ], [ 171.108826714736495, -44.992448150022952 ], [ 171.108353761898343, -44.992988970642742 ], [ 171.107884106702159, -44.993531597601994 ], [ 171.107445506672207, -44.994086487122168 ], [ 171.107001701412543, -44.994638809421886 ], [ 171.106575797165419, -44.995198598462466 ], [ 171.106100961191288, -44.995737957573141 ], [ 171.10564447353164, -44.996284970138234 ], [ 171.105185157271507, -44.996830796696287 ], [ 171.104713107481444, -44.997371302829372 ], [ 171.104257426776371, -44.997918636265723 ], [ 171.103768196692471, -44.998451960525749 ], [ 171.103266268550357, -44.998979979147023 ], [ 171.102794064476001, -44.999514375670984 ], [ 171.102305610787823, -45.000022108484849 ], [ 171.101836875623633, -45.000550895126445 ], [ 171.101351351310313, -45.001089182328947 ], [ 171.100861076890965, -45.001624803321363 ], [ 171.100355894405141, -45.002152066015803 ], [ 171.09984546343216, -45.002676383247831 ], [ 171.099313941973946, -45.003188877826858 ], [ 171.098778106424362, -45.003698950537064 ], [ 171.09823833432165, -45.004206812931052 ], [ 171.097739143981443, -45.004737411249117 ], [ 171.097203569346192, -45.005247398733523 ], [ 171.096704052232241, -45.0057754018015 ], [ 171.096184626182293, -45.006293256052786 ], [ 171.095671921282531, -45.006814761399383 ], [ 171.095153194040165, -45.007333205406859 ], [ 171.094651150491472, -45.007860112291368 ], [ 171.094138184861094, -45.008381471024812 ], [ 171.093618822366835, -45.008899578331402 ], [ 171.093108289085023, -45.009422162056836 ], [ 171.092588034711326, -45.009939807172522 ], [ 171.092059835391012, -45.010453415136112 ], [ 171.091518849028432, -45.010960528370404 ], [ 171.090959127957234, -45.011458128153748 ], [ 171.090439684353811, -45.011976165689468 ], [ 171.089915306968237, -45.012491694351603 ], [ 171.089405787122729, -45.013014759099391 ], [ 171.088877412725395, -45.013524725733561 ], [ 171.08833926801924, -45.014027718264835 ], [ 171.087787470506811, -45.014527661699624 ], [ 171.087264613872378, -45.015046470907883 ], [ 171.086702854023486, -45.015542135366559 ], [ 171.086146702652314, -45.016041131650184 ], [ 171.085586177347551, -45.016537521981704 ], [ 171.085018196456929, -45.017029473305371 ], [ 171.084453606541274, -45.017523437427258 ], [ 171.083894400418359, -45.018020599737966 ], [ 171.083314766036551, -45.01850560651198 ], [ 171.082730441059539, -45.018987791651206 ], [ 171.082177163070099, -45.019488174930856 ], [ 171.081614386410507, -45.019983188905066 ], [ 171.081026569106399, -45.020463232917656 ], [ 171.080458806400912, -45.020955489632627 ], [ 171.0798602612021, -45.021428990043084 ], [ 171.079295547653857, -45.021923095932905 ], [ 171.078722324227016, -45.022412013593723 ], [ 171.078127665693586, -45.022887869137293 ], [ 171.077551158504775, -45.023374778037876 ], [ 171.076996163092218, -45.023874787482342 ], [ 171.076406859905745, -45.024353843899959 ], [ 171.075821034288566, -45.024834687887648 ], [ 171.075230062025469, -45.025312423151256 ], [ 171.074625112839612, -45.025781827784861 ], [ 171.074022733388603, -45.026252819165258 ], [ 171.073411635846298, -45.026718409016596 ], [ 171.072824821713425, -45.027199028562251 ], [ 171.072199171631411, -45.027655600556329 ], [ 171.07161323253149, -45.028136753551557 ], [ 171.071049807912487, -45.028631841255958 ], [ 171.070433094974106, -45.029093933765679 ], [ 171.069853580388582, -45.029579051863017 ], [ 171.069259392695102, -45.030055081605909 ], [ 171.068656155482017, -45.030525504557708 ], [ 171.068086462770822, -45.03101669113834 ], [ 171.067520269076908, -45.031510039917379 ], [ 171.066927604068496, -45.031986995877659 ], [ 171.06634798355222, -45.032469158178024 ], [ 171.065793473011212, -45.032963773436705 ], [ 171.065180007086525, -45.033423559027092 ], [ 171.06457977219614, -45.033896134076102 ], [ 171.063980119733571, -45.03436909780833 ], [ 171.063364820817753, -45.034831514371632 ], [ 171.062793755524552, -45.035323734054415 ], [ 171.062203198369389, -45.035802815358444 ], [ 171.061604380533339, -45.036276326402586 ], [ 171.061000307172492, -45.036746292196419 ], [ 171.060380005655929, -45.037205318719629 ], [ 171.059786696105107, -45.037680213657794 ], [ 171.05918158559669, -45.038147037025354 ], [ 171.058561065185017, -45.038605590996021 ], [ 171.057946416551118, -45.03906901279435 ], [ 171.057317062450636, -45.039521922392971 ], [ 171.056696079927605, -45.039980810795342 ], [ 171.056078151044403, -45.04044187778775 ], [ 171.055449118568617, -45.040895006431349 ], [ 171.05481699858052, -45.041345925078147 ], [ 171.054180094526203, -45.041793421318808 ], [ 171.053538328480613, -45.042237439432867 ], [ 171.05290728646608, -45.042689117522272 ], [ 171.052268301515426, -45.04313511576769 ], [ 171.051637312603248, -45.043585981450867 ], [ 171.050993534553868, -45.044025399798414 ], [ 171.050359861282885, -45.04447347853344 ], [ 171.0497203505453, -45.044919392859008 ], [ 171.049078742673515, -45.045363721938074 ], [ 171.048436559153657, -45.045807613408705 ], [ 171.047784329291744, -45.046243923517054 ], [ 171.047129440238308, -45.046678224333256 ], [ 171.046493684786071, -45.047126954272706 ], [ 171.045837480743728, -45.047560256296826 ], [ 171.045188911148045, -45.047999313595199 ], [ 171.04453506960752, -45.048433668676907 ], [ 171.043898880316135, -45.048881317913519 ], [ 171.043250221698685, -45.049320207543687 ], [ 171.04259329208449, -45.049752954361914 ], [ 171.04192977674623, -45.050180657418636 ], [ 171.041276877347656, -45.050616481922724 ], [ 171.040638844738709, -45.051063681356716 ], [ 171.039988076744379, -45.051501130413698 ], [ 171.039345879747145, -45.051945135965632 ], [ 171.03867756786417, -45.052369150925998 ], [ 171.038042252900965, -45.052818417006002 ], [ 171.037385819288261, -45.053251516329809 ], [ 171.036721091797688, -45.05367826438227 ], [ 171.036075040071694, -45.05411930286553 ], [ 171.035393786256321, -45.054533395247994 ], [ 171.034739730874776, -45.054968301131801 ], [ 171.034083655457721, -45.055401657530503 ], [ 171.033417303292623, -45.055827144877469 ], [ 171.032756445533352, -45.056256834102619 ], [ 171.032088294924705, -45.056680938026325 ], [ 171.031433246059976, -45.057115066452425 ], [ 171.030774959715217, -45.057542970858186 ], [ 171.030136509991394, -45.057981640222685 ], [ 171.029475494101945, -45.058406872317143 ], [ 171.02879713812419, -45.058822740652957 ], [ 171.028134850446747, -45.059251891918606 ], [ 171.027475527020158, -45.059683491159376 ], [ 171.026820792416231, -45.060118881689846 ], [ 171.026138220846434, -45.060531251997602 ], [ 171.025471364032427, -45.060956613088422 ], [ 171.024791023543912, -45.061370821925209 ], [ 171.024123400966459, -45.061795543674492 ], [ 171.023455438642856, -45.062219981437288 ], [ 171.022782490279468, -45.062640293295274 ], [ 171.022107229992315, -45.063058690370191 ], [ 171.021420263579415, -45.063467404711531 ], [ 171.020732010942368, -45.063875052282611 ], [ 171.020050200057142, -45.064288023279289 ], [ 171.019357471173265, -45.064691963048325 ], [ 171.018658604765221, -45.065090824433859 ], [ 171.017958612892045, -45.065484277194649 ], [ 171.017320854203092, -45.065923949921434 ], [ 171.016620425940033, -45.066314636099158 ], [ 171.015933010580255, -45.066723426111217 ], [ 171.015239860768844, -45.067127079574355 ], [ 171.01455205631396, -45.067535515715832 ], [ 171.013865439722252, -45.067945012552933 ], [ 171.013166308236066, -45.068343302452348 ], [ 171.012487172399318, -45.068759491063417 ], [ 171.01178011813866, -45.069150682252364 ], [ 171.011094748600755, -45.069561284462949 ], [ 171.010377557550726, -45.069943394538797 ], [ 171.009681487872029, -45.070344411385811 ], [ 171.009005776041562, -45.070763529161233 ], [ 171.008301762497638, -45.071157217006878 ], [ 171.007619703763737, -45.071570715551523 ], [ 171.006928441328313, -45.07197604689555 ], [ 171.006255822913459, -45.072398096306202 ], [ 171.005567910823714, -45.072806426946073 ], [ 171.004883988132775, -45.073218332756149 ], [ 171.004183493903753, -45.073615373496501 ], [ 171.003493881289074, -45.074022170717946 ], [ 171.00281671679187, -45.07444043422494 ], [ 171.002131744881467, -45.074856245547224 ], [ 171.00142540159942, -45.075252951297621 ], [ 171.000733895689052, -45.075657720963548 ], [ 171.000081678457889, -45.07609573408984 ], [ 170.999371468858243, -45.076484670320376 ], [ 170.998696512344566, -45.07690343517308 ], [ 170.997985737255419, -45.077291886466533 ], [ 170.997299785177574, -45.077700261403642 ], [ 170.996639709023327, -45.078128520733735 ], [ 170.995984639265089, -45.078562865992332 ], [ 170.995323155344948, -45.078993868775562 ], [ 170.994676932697587, -45.079438184120555 ], [ 170.994007084618232, -45.079861883894793 ], [ 170.993388893930415, -45.080332252512733 ], [ 170.99271972675939, -45.080758797782266 ], [ 170.992070510435752, -45.081199632386024 ], [ 170.991392127497051, -45.081616700380167 ], [ 170.990768030694284, -45.082073250076526 ], [ 170.990118064441077, -45.082510979850937 ], [ 170.989504061389482, -45.082975573845054 ], [ 170.988883303353276, -45.08343935430797 ], [ 170.988230272300854, -45.083882478861817 ], [ 170.987621629937337, -45.084348998579998 ], [ 170.987025791507648, -45.084823526408641 ], [ 170.986427738226467, -45.085296664157646 ], [ 170.985858341506741, -45.085787730631822 ], [ 170.985296607122933, -45.086283641262341 ], [ 170.984730138387647, -45.086776568122524 ], [ 170.984174489342962, -45.087276201834371 ], [ 170.983636090278281, -45.087786616083847 ], [ 170.983075322769736, -45.088283041718327 ] ] } },
{ "type": "Feature", "properties": { "group_id": "nzd0472" }, "geometry": { "type": "LineString", "coordinates": [ [ 170.972648373172007, -45.101905542862866 ], [ 170.972552415106264, -45.102538091418864 ], [ 170.972516435060015, -45.103171637915494 ], [ 170.972495974997514, -45.103805437430246 ], [ 170.972606292272843, -45.104441421280129 ] ] } },
{ "type": "Feature", "properties": { "group_id": "nzd0474" }, "geometry": { "type": "LineString", "coordinates": [ [ 170.920076867846035, -45.155999513016319 ], [ 170.919519605525124, -45.156496920750456 ], [ 170.918952022705241, -45.156988468166539 ] ] } },
{ "type": "Feature", "properties": { "group_id": "nzd0482" }, "geometry": { "type": "LineString", "coordinates": [ [ 170.85557813955927, -45.276075908595182 ], [ 170.854863264154488, -45.27646333350846 ], [ 170.854101181734222, -45.27675919067525 ], [ 170.853207245529717, -45.276966857505634 ], [ 170.85229365688437, -45.277261457823414 ], [ 170.851543252914439, -45.277666134144887 ], [ 170.850890108790281, -45.278150484306444 ], [ 170.850225071007657, -45.278603098631407 ], [ 170.849676412131629, -45.279082563397267 ], [ 170.849070832832297, -45.279569685247743 ], [ 170.848439084105223, -45.280089740654439 ], [ 170.847945192222681, -45.280617327460057 ], [ 170.847496952692183, -45.281120297977083 ], [ 170.846992071094775, -45.281680662675917 ], [ 170.84649441723073, -45.282242895197022 ], [ 170.846036898205512, -45.282780667733896 ], [ 170.827215986474897, -45.317331969173338 ], [ 170.827188836502785, -45.317978826320022 ], [ 170.827027709513004, -45.31859749824504 ], [ 170.826826460988315, -45.319216885141415 ], [ 170.826559752754719, -45.319814205812555 ], [ 170.833154681019579, -45.356228180108211 ], [ 170.83358629977235, -45.356766789783414 ], [ 170.834117747001642, -45.357280112111972 ], [ 170.834607440958621, -45.357801931628963 ], [ 170.835173384363486, -45.358289554340004 ], [ 170.835727332552665, -45.358773258427291 ], [ 170.836306202091578, -45.359239222266488 ], [ 170.83693342177699, -45.359676378516767 ], [ 170.837529090428859, -45.360105458626705 ], [ 170.838203465278951, -45.360488098799635 ], [ 170.83896642896579, -45.36070790145375 ], [ 170.839770104035921, -45.360840925614184 ], [ 170.84066001448295, -45.360966548336727 ] ] } },
{ "type": "Feature", "properties": { "group_id": "nzd0483" }, "geometry": { "type": "LineString", "coordinates": [ [ 170.858910402146535, -45.355796391029301 ], [ 170.859657025284235, -45.356157601328192 ], [ 170.860406167809998, -45.356526547111443 ] ] } },
{ "type": "Feature", "properties": { "group_id": "nzd0484" }, "geometry": { "type": "LineString", "coordinates": [ [ 170.862857031445316, -45.359874948858483 ], [ 170.862544073172131, -45.360473038709138 ], [ 170.862260410343055, -45.361075533053715 ] ] } },
{ "type": "Feature", "properties": { "group_id": "nzd0485" }, "geometry": { "type": "LineString", "coordinates": [ [ 170.86227141048937, -45.362291271953069 ], [ 170.862296039076625, -45.362916272864084 ], [ 170.862367311814324, -45.363522155628011 ], [ 170.862623550587614, -45.364095304142992 ], [ 170.862907708688169, -45.364687893747373 ], [ 170.863043686007558, -45.365321234005108 ], [ 170.863296371524171, -45.365919191910621 ], [ 170.863789764841528, -45.366441684696881 ], [ 170.864509726465315, -45.366772110090444 ] ] } },
{ "type": "Feature", "properties": { "group_id": "nzd0486" }, "geometry": { "type": "LineString", "coordinates": [ [ 170.864469316122637, -45.369099738397303 ], [ 170.864533616537074, -45.369722241763824 ], [ 170.864976162678403, -45.370281310086085 ] ] } },
{ "type": "Feature", "properties": { "group_id": "nzd0487" }, "geometry": { "type": "LineString", "coordinates": [ [ 170.866024706542532, -45.372202612540846 ], [ 170.865271285282461, -45.37258090963288 ], [ 170.864731374055168, -45.373114302864714 ] ] } },
{ "type": "Feature", "properties": { "group_id": "nzd0489" }, "geometry": { "type": "LineString", "coordinates": [ [ 170.816168906961167, -45.429797863278417 ], [ 170.815878744039992, -45.430398870526751 ], [ 170.815511260312348, -45.430963328591666 ], [ 170.815196607669833, -45.431545804979542 ], [ 170.81492856823283, -45.432142791319023 ], [ 170.81462755103604, -45.432732904816504 ], [ 170.814366715011857, -45.433324012385256 ] ] } },
{ "type": "Feature", "properties": { "group_id": "nzd0493" }, "geometry": { "type": "LineString", "coordinates": [ [ 170.760082434741179, -45.529750674881441 ], [ 170.759679087353049, -45.530769804147717 ], [ 170.759033234887028, -45.531248668981327 ], [ 170.758482564949389, -45.531700705531946 ], [ 170.757868350958518, -45.53215901389526 ], [ 170.757244032705756, -45.532622028671533 ], [ 170.75660945932583, -45.533074388969411 ], [ 170.756065752051541, -45.533592512109678 ], [ 170.755546194401148, -45.534113566196218 ], [ 170.755096140168774, -45.534663501865388 ] ] } },
{ "type": "Feature", "properties": { "group_id": "nzd0495" }, "geometry": { "type": "LineString", "coordinates": [ [ 170.659977912427735, -45.635078174514781 ], [ 170.66014465472648, -45.635695010248035 ], [ 170.66035053104082, -45.636305984654243 ], [ 170.660682309078823, -45.636892211027003 ], [ 170.660952107240092, -45.6374886156567 ] ] } },
{ "type": "Feature", "properties": { "group_id": "nzd0496" }, "geometry": { "type": "LineString", "coordinates": [ [ 170.662751653299608, -45.642144648322059 ], [ 170.662054064964593, -45.642557258528889 ], [ 170.661336650849535, -45.642945488708044 ], [ 170.660605723067931, -45.64333548044528 ], [ 170.659946184915867, -45.643789331524097 ], [ 170.659282149822673, -45.64424458395753 ], [ 170.658681690427102, -45.64471490779475 ], [ 170.658110804581497, -45.645192424576869 ], [ 170.657535463797785, -45.645667012972673 ], [ 170.656963811180674, -45.646151434267765 ], [ 170.656479452972263, -45.646684168559425 ], [ 170.655984249482685, -45.647220583532309 ], [ 170.655583787390412, -45.647803236434129 ], [ 170.655214922787195, -45.648389653361107 ], [ 170.654795890396514, -45.648953078074904 ], [ 170.654434701713512, -45.64952975352216 ], [ 170.654044597948683, -45.650092312320211 ], [ 170.653678854796794, -45.650659944023872 ] ] } },
{ "type": "Feature", "properties": { "group_id": "nzd0497" }, "geometry": { "type": "LineString", "coordinates": [ [ 170.601343372849101, -45.710869768801011 ], [ 170.601374589354975, -45.711499133635115 ], [ 170.601400709256694, -45.712109529075413 ], [ 170.601381893279722, -45.712705620560669 ], [ 170.601523772789847, -45.713315888804978 ], [ 170.601586286727894, -45.713941482347508 ], [ 170.601702347874266, -45.714564457838819 ], [ 170.601796374469899, -45.715188500802164 ], [ 170.601933703052026, -45.715810376497622 ], [ 170.601989414206372, -45.716436219813879 ], [ 170.602029966080039, -45.717062846313503 ], [ 170.60217829224311, -45.717684201868671 ], [ 170.602074859243771, -45.718314300214537 ], [ 170.602275522233498, -45.71892326208927 ], [ 170.602339594742517, -45.719544403794011 ], [ 170.602308596624169, -45.720177171999886 ], [ 170.602526749580193, -45.720791662077119 ], [ 170.602478858916015, -45.72142840632543 ], [ 170.602625571976034, -45.722051986101654 ], [ 170.602731897223237, -45.722677676498975 ], [ 170.602597096770438, -45.723315695585306 ], [ 170.60295528838472, -45.723926029192071 ], [ 170.603042858027578, -45.724546504935326 ], [ 170.603258781882175, -45.725156325377483 ], [ 170.603381330501975, -45.725776407770148 ], [ 170.603274995653578, -45.726420214324094 ], [ 170.603449866074641, -45.727113453848503 ], [ 170.603160086843076, -45.727789216138213 ], [ 170.60297466365509, -45.728511636571234 ], [ 170.602656783861221, -45.729183411614827 ], [ 170.602393263909789, -45.729636389944538 ], [ 170.602180277897958, -45.730143197130182 ] ] } },
{ "type": "Feature", "properties": { "group_id": "nzd0498" }, "geometry": { "type": "LineString", "coordinates": [ [ 170.616889532141613, -45.736391798678653 ], [ 170.617394351434683, -45.736910810517813 ], [ 170.617947591376009, -45.73739679107706 ], [ 170.61854597287055, -45.73783663795561 ], [ 170.619152532442655, -45.738291011093679 ], [ 170.619802702360801, -45.738722706182685 ], [ 170.620507387014726, -45.739113770690821 ], [ 170.621171141338635, -45.739535257740769 ], [ 170.621790647659935, -45.739989657670691 ], [ 170.622491229989834, -45.740379699697996 ], [ 170.623150646944026, -45.740800339667153 ], [ 170.623842632581386, -45.741198306378436 ], [ 170.624572450899137, -45.74156306778918 ], [ 170.625343495525073, -45.741891728227884 ], [ 170.627479655963612, -45.741038344189128 ] ] } },
{ "type": "Feature", "properties": { "group_id": "nzd0499" }, "geometry": { "type": "LineString", "coordinates": [ [ 170.641630243062991, -45.744485249512316 ], [ 170.642111189180866, -45.745016512942186 ], [ 170.642545995896683, -45.745565009568345 ], [ 170.642946390868701, -45.746126357656728 ], [ 170.643419134890991, -45.746660669523294 ], [ 170.64381161779238, -45.747224962925955 ], [ 170.644258713680017, -45.747768846656307 ], [ 170.644700763947611, -45.748314162593779 ], [ 170.645157551898222, -45.748853654205583 ], [ 170.645614309346826, -45.749393696046567 ], [ 170.646069264466433, -45.749934797937911 ], [ 170.646539066633522, -45.750470425748219 ], [ 170.647043326771353, -45.750993356059958 ], [ 170.647508420822987, -45.751530707300034 ], [ 170.648038148511006, -45.752044535865956 ], [ 170.648568383252893, -45.752554411525324 ], [ 170.649044246740573, -45.753084415419288 ], [ 170.649626532856132, -45.753563734890605 ], [ 170.650165388548743, -45.754057427852509 ], [ 170.650744317971714, -45.754534614532105 ], [ 170.651340650948896, -45.755003223432027 ], [ 170.651925008179205, -45.755479297930272 ], [ 170.652488314865991, -45.755968498054131 ], [ 170.653136325590566, -45.756404863928353 ], [ 170.653797428988156, -45.756833059870878 ], [ 170.654466382046394, -45.757252702794901 ], [ 170.6551234287613, -45.75766867828662 ], [ 170.655825769817113, -45.758054087538973 ], [ 170.656499276228232, -45.758469265730213 ], [ 170.657201448898462, -45.758859150786826 ], [ 170.657860819261884, -45.759287300752298 ], [ 170.658556278829678, -45.759684236163565 ], [ 170.659252241282729, -45.760080658417415 ], [ 170.660091294895636, -45.76034806200871 ] ] } },
{ "type": "Feature", "properties": { "group_id": "nzd0500" }, "geometry": { "type": "LineString", "coordinates": [ [ 170.678152042582212, -45.760093227747966 ], [ 170.678949240924965, -45.760366964966131 ], [ 170.679748645636124, -45.760640901618252 ], [ 170.680548153800373, -45.760917759209391 ], [ 170.681402184268592, -45.761082084202123 ], [ 170.682275800253734, -45.76122108939564 ], [ 170.68313531770869, -45.761396001488407 ], [ 170.684021107758866, -45.76146502382106 ], [ 170.684898628805655, -45.761551490034165 ], [ 170.685788892209075, -45.76157380606471 ], [ 170.686681444010844, -45.761608722354673 ] ] } },
{ "type": "Feature", "properties": { "group_id": "nzd0501" }, "geometry": { "type": "LineString", "coordinates": [ [ 170.666080831389849, -45.761808596325544 ], [ 170.666863314052137, -45.762081434944093 ], [ 170.667697853863814, -45.762230387936995 ], [ 170.668547690886669, -45.762395582613564 ], [ 170.669435096459438, -45.762503035779744 ], [ 170.670333661071254, -45.762548321443006 ], [ 170.671203532804327, -45.762608979072176 ], [ 170.672086998379456, -45.762595229461745 ] ] } },
{ "type": "Feature", "properties": { "group_id": "nzd0502" }, "geometry": { "type": "LineString", "coordinates": [ [ 170.695633250866535, -45.764433722077946 ], [ 170.695925364949233, -45.765025067593164 ], [ 170.696228475207221, -45.765608435453181 ], [ 170.696620126216061, -45.766179671941281 ], [ 170.697031365468348, -45.766747415525323 ], [ 170.697428200068657, -45.767309460176605 ], [ 170.697747903667249, -45.767829643640425 ], [ 170.698106904922668, -45.768365226400235 ], [ 170.698676904768718, -45.768863560425856 ], [ 170.699127620808412, -45.769416725240696 ], [ 170.69974833589859, -45.769878058777564 ], [ 170.700290070847387, -45.7703610102336 ], [ 170.700805829908177, -45.770835255582355 ], [ 170.701329953655062, -45.771319104285546 ], [ 170.702070669493423, -45.771680917805199 ], [ 170.702599218522494, -45.772197126620753 ], [ 170.703293225620428, -45.772568233787958 ], [ 170.703968608532989, -45.77295223952116 ], [ 170.704650761132541, -45.773357285656388 ], [ 170.705323469839044, -45.773768967829952 ], [ 170.706064980831144, -45.77411451438924 ], [ 170.706790028375195, -45.774487712445996 ], [ 170.707545348140599, -45.774822340029594 ], [ 170.708332876346077, -45.775113318774402 ], [ 170.709104782267957, -45.775429814813172 ], [ 170.709893066827334, -45.775723524954444 ], [ 170.710715707882628, -45.775962079647059 ] ] } },
{ "type": "Feature", "properties": { "group_id": "nzd0503" }, "geometry": { "type": "LineString", "coordinates": [ [ 170.740276045009125, -45.787969927492888 ], [ 170.74057986765618, -45.788693169339943 ], [ 170.74033631198327, -45.789301242348763 ], [ 170.740149582961351, -45.789914083195924 ], [ 170.739888390858994, -45.790526202313643 ], [ 170.740767627301949, -45.791299524729197 ] ] } },
{ "type": "Feature", "properties": { "group_id": "nzd0504" }, "geometry": { "type": "LineString", "coordinates": [ [ 170.741365355483026, -45.8000376392988 ], [ 170.741715737186183, -45.800614024495381 ], [ 170.742087217848479, -45.801179931132481 ], [ 170.742523202784554, -45.801714370004994 ], [ 170.742977975179713, -45.80224381484873 ], [ 170.743476956702125, -45.802763499736685 ], [ 170.74394344735029, -45.80329148684995 ], [ 170.744551846307132, -45.803752313719869 ] ] } },
{ "type": "Feature", "properties": { "group_id": "nzd0505" }, "geometry": { "type": "LineString", "coordinates": [ [ 170.74390678133193, -45.809639951319504 ], [ 170.743567504307691, -45.810219092577128 ], [ 170.743154527133498, -45.810777164649238 ], [ 170.742773356379701, -45.811344548062671 ], [ 170.742636217061801, -45.811972249022702 ], [ 170.742515832031842, -45.812590040097753 ], [ 170.742381102425639, -45.813200702013681 ] ] } },
{ "type": "Feature", "properties": { "group_id": "nzd0506" }, "geometry": { "type": "LineString", "coordinates": [ [ 170.735701776049098, -45.815955596304363 ], [ 170.735448434098657, -45.816566291849377 ], [ 170.735115760104094, -45.817157179714634 ], [ 170.734633762103897, -45.817700572020819 ], [ 170.734342280724178, -45.818295502763341 ], [ 170.733931844664994, -45.818858009819586 ], [ 170.733443440100388, -45.819397186600277 ], [ 170.733146935146976, -45.819988871665039 ], [ 170.73290513494436, -45.820596076744735 ], [ 170.732567068418717, -45.821192020974493 ], [ 170.73237609227769, -45.821850832162049 ], [ 170.732084810020581, -45.82246881035018 ], [ 170.73181849916071, -45.823066620830112 ], [ 170.731615727313113, -45.823677484240939 ], [ 170.731382442621765, -45.824282069644305 ], [ 170.731131742099194, -45.824883068962258 ], [ 170.731013715276077, -45.825521769661258 ], [ 170.730813658553757, -45.826151075005392 ], [ 170.730649867386148, -45.826775863231155 ], [ 170.730591049782674, -45.827409446098208 ], [ 170.730450085078814, -45.828029392171381 ], [ 170.730387259960537, -45.828662296252418 ], [ 170.730233407748017, -45.829284595163806 ], [ 170.73021210582354, -45.829937829653559 ], [ 170.730252741657381, -45.830585245343784 ], [ 170.730120768083026, -45.831204310831886 ], [ 170.730091298269627, -45.831833034381475 ], [ 170.730045161622542, -45.832460179418966 ], [ 170.729958313848584, -45.833085484619929 ], [ 170.72994471011782, -45.833716415659943 ], [ 170.729919422966475, -45.834343716205495 ], [ 170.729932223235551, -45.834971741144876 ], [ 170.729976561625051, -45.835599577318085 ], [ 170.730080066254715, -45.836219484922822 ], [ 170.730160607691658, -45.836841014273865 ], [ 170.730183484584416, -45.837466865285158 ], [ 170.730297884766969, -45.838088064505541 ], [ 170.730466651616723, -45.838700804462562 ], [ 170.730629454159896, -45.839305775776758 ], [ 170.730771384965664, -45.839918444659688 ], [ 170.731014175071209, -45.84052039756827 ], [ 170.731257107734024, -45.841121625318621 ], [ 170.731537223087201, -45.841718513233744 ], [ 170.731674453969021, -45.84234356021593 ], [ 170.731911503448146, -45.842969106932244 ], [ 170.732085688618412, -45.843658916721424 ], [ 170.731993417696003, -45.844357755947044 ] ] } },
{ "type": "Feature", "properties": { "group_id": "nzd0507" }, "geometry": { "type": "LineString", "coordinates": [ [ 170.740937765192683, -45.862178898234873 ], [ 170.74100895683884, -45.862803535016866 ], [ 170.741136739029315, -45.863426796104946 ], [ 170.741502159063458, -45.864026069702845 ], [ 170.741890929265622, -45.864601081460407 ], [ 170.742238017729193, -45.86518521216405 ], [ 170.742819334180979, -45.865678014002469 ] ] } },
{ "type": "Feature", "properties": { "group_id": "nzd0508" }, "geometry": { "type": "LineString", "coordinates": [ [ 170.704263786507653, -45.874920343056395 ], [ 170.703356119200492, -45.874898650150975 ], [ 170.70247335036504, -45.875027426589284 ], [ 170.701574378176105, -45.875058271183327 ], [ 170.700725661379295, -45.875392885525045 ], [ 170.6998584617304, -45.875654167429786 ], [ 170.69896262172503, -45.875762634262138 ], [ 170.698109673403991, -45.875977183210829 ], [ 170.69722408603289, -45.876099727732296 ], [ 170.696383757856523, -45.876324455165935 ], [ 170.695494824013622, -45.876439437891698 ], [ 170.694633359250219, -45.876616439242724 ], [ 170.693793172415951, -45.876841484097426 ], [ 170.692946870085109, -45.877071772686392 ], [ 170.692084875597487, -45.877271256295792 ], [ 170.691255181613798, -45.877515008574072 ], [ 170.690410872761902, -45.877728500445151 ], [ 170.689598892290007, -45.878000650051248 ], [ 170.688781477477676, -45.878293292745568 ], [ 170.688001072955217, -45.878626266273052 ], [ 170.687202975351141, -45.878916293645055 ], [ 170.686408635517353, -45.879200064564074 ], [ 170.68566279175775, -45.879525562122382 ], [ 170.684914273048776, -45.879881254537104 ], [ 170.684188424876027, -45.880299465338354 ], [ 170.68347708263309, -45.88074265059381 ] ] } },
{ "type": "Feature", "properties": { "group_id": "nzd0509" }, "geometry": { "type": "LineString", "coordinates": [ [ 170.652312813480734, -45.899053745801645 ], [ 170.652065391542692, -45.898261029449593 ], [ 170.651379914229267, -45.897856460598355 ], [ 170.650595786774801, -45.897526395855515 ], [ 170.649795093622998, -45.89722526849922 ], [ 170.648983849466873, -45.896928119761441 ], [ 170.648147703716347, -45.896699600468942 ], [ 170.647287731209872, -45.896460712452132 ], [ 170.646350586469651, -45.8964245648367 ], [ 170.645468831145763, -45.896282416671681 ], [ 170.644584255210276, -45.89617397094424 ], [ 170.643691103461066, -45.896104085391585 ], [ 170.642859579566448, -45.895844237400865 ], [ 170.641944091256619, -45.895877514093456 ], [ 170.64109640141433, -45.895652067072071 ] ] } },
{ "type": "Feature", "properties": { "group_id": "nzd0510" }, "geometry": { "type": "LineString", "coordinates": [ [ 170.551587864767555, -45.906757515435352 ], [ 170.550627077641082, -45.906958539030128 ], [ 170.549717810162974, -45.906896618782191 ], [ 170.548811243130416, -45.906931507081445 ], [ 170.547901173930882, -45.906884523926884 ], [ 170.546991151190156, -45.906777135358723 ], [ 170.546093300282422, -45.906716211856718 ], [ 170.54521886386533, -45.906765996579608 ], [ 170.544322761365891, -45.906766533617578 ], [ 170.543398523732748, -45.906659922034429 ], [ 170.542510621784487, -45.906744661587446 ], [ 170.541623602907549, -45.906804886053543 ], [ 170.540706640172687, -45.90671312212352 ], [ 170.539782354333113, -45.906775834192395 ], [ 170.538844768283894, -45.906753049558688 ], [ 170.537953488621241, -45.90695294915102 ] ] } },
{ "type": "Feature", "properties": { "group_id": "nzd0511" }, "geometry": { "type": "LineString", "coordinates": [ [ 170.563596035735685, -45.906941321158179 ], [ 170.562695767777001, -45.906989400959581 ], [ 170.561828559707294, -45.907164032797802 ], [ 170.560946952308626, -45.907283543206852 ], [ 170.56011512982613, -45.907500967641319 ], [ 170.559286888377045, -45.907695574713742 ], [ 170.558415760460406, -45.907911145825771 ], [ 170.557522118523764, -45.907958015486329 ], [ 170.556705382719173, -45.907723301125721 ], [ 170.556017357585091, -45.907305264047693 ] ] } },
{ "type": "Feature", "properties": { "group_id": "nzd0512" }, "geometry": { "type": "LineString", "coordinates": [ [ 170.531335943556428, -45.907946417615982 ], [ 170.530403626997156, -45.907809831709443 ], [ 170.52944154268215, -45.90786141495871 ], [ 170.528531582719381, -45.907907997825262 ], [ 170.5276430687328, -45.90804764593603 ], [ 170.52673938260736, -45.907993412895642 ], [ 170.525845075963304, -45.908059042348555 ], [ 170.52494859604252, -45.908016708600258 ], [ 170.52405946748155, -45.908052550524197 ], [ 170.523162361001454, -45.908054551611919 ], [ 170.52226280128005, -45.90803419320121 ], [ 170.521365000229252, -45.908051000824152 ], [ 170.520468422948085, -45.908093686097416 ], [ 170.519571240409675, -45.908123569862909 ], [ 170.518673627976227, -45.908144354217363 ], [ 170.517777351224282, -45.908193405051236 ], [ 170.516879350117165, -45.908205954721005 ], [ 170.515982319202607, -45.908239040245014 ], [ 170.515087267698135, -45.908314053242329 ], [ 170.514191727418961, -45.908378729781518 ], [ 170.513296284179148, -45.908445477124573 ], [ 170.512401537535254, -45.908527005392067 ], [ 170.511507066973365, -45.908614409290074 ], [ 170.510612122642442, -45.908776018503033 ], [ 170.509690710454294, -45.908795382149542 ], [ 170.508791113876669, -45.908931964103552 ], [ 170.507897345543626, -45.908997822870575 ], [ 170.507010240526853, -45.909095690380362 ], [ 170.506116371069908, -45.909161056816238 ], [ 170.505227019345995, -45.909248126119763 ], [ 170.504351393942471, -45.909401149774204 ], [ 170.503459405207508, -45.909475547109018 ], [ 170.502563611643438, -45.909531656799686 ], [ 170.501683370293165, -45.909662502906045 ], [ 170.5007900072182, -45.90973028750156 ], [ 170.499912228747007, -45.909872973178871 ], [ 170.499022994916288, -45.909960601571491 ], [ 170.498126490481695, -45.910059422363069 ], [ 170.497214029647409, -45.910137041498665 ], [ 170.496326733930147, -45.910273887660935 ], [ 170.495436696979112, -45.910366407954548 ], [ 170.494541127255445, -45.910441024038626 ], [ 170.493690578224829, -45.910661295231911 ], [ 170.49280154353275, -45.910848454208185 ], [ 170.491906226869958, -45.911088375519441 ], [ 170.491087291924856, -45.911406396483997 ], [ 170.490275178514764, -45.911684425894094 ], [ 170.48948564334512, -45.911994929482219 ] ] } },
{ "type": "Feature", "properties": { "group_id": "nzd0513" }, "geometry": { "type": "LineString", "coordinates": [ [ 170.427439931537265, -45.928389029622224 ], [ 170.426547350017557, -45.928142148128671 ], [ 170.425585533770743, -45.928057679046212 ], [ 170.424672946503478, -45.928392562334778 ], [ 170.423772627593593, -45.928456600136641 ], [ 170.4228337906045, -45.928170762136851 ], [ 170.421964468155409, -45.928378604106648 ], [ 170.421074461333632, -45.92846013451193 ], [ 170.420175613053061, -45.928502499969163 ], [ 170.419270354865489, -45.928507602708898 ], [ 170.418403491868759, -45.928792222880148 ], [ 170.417510449113593, -45.928847700000134 ], [ 170.397214268688117, -45.931372647549232 ], [ 170.396368201904693, -45.931584452442046 ], [ 170.395489371674302, -45.931715787936504 ], [ 170.394664538688801, -45.931970587106683 ], [ 170.393813985561337, -45.932172786080976 ], [ 170.392994191634244, -45.932416544311344 ], [ 170.392148265322902, -45.93259587861079 ], [ 170.391269586647184, -45.932751020097847 ], [ 170.390397236321547, -45.932917557201613 ], [ 170.389669282016257, -45.933329681419053 ], [ 170.388884669823113, -45.933651077784099 ], [ 170.388057119222509, -45.933903912081085 ], [ 170.387203349801382, -45.934121438618142 ], [ 170.386353938638166, -45.934346257237401 ], [ 170.385485254128412, -45.934511811782961 ], [ 170.384604867306393, -45.934683465245648 ], [ 170.383706571600811, -45.934806983687132 ], [ 170.38284032921095, -45.93498091702628 ], [ 170.38194267161046, -45.93504530559477 ], [ 170.381043404495699, -45.935130320004284 ], [ 170.38015267635933, -45.935217915580779 ], [ 170.379255137050336, -45.935253811890369 ], [ 170.378358686110175, -45.935334050744068 ], [ 170.377464374453979, -45.935399644794465 ], [ 170.376578215207132, -45.935431300018507 ], [ 170.375693037736511, -45.935523899483556 ], [ 170.374795306427956, -45.935578868583811 ], [ 170.373911012163319, -45.935689890281381 ], [ 170.373013064022047, -45.935740599042674 ], [ 170.372113173888863, -45.935778442220894 ], [ 170.371231136379464, -45.935863264274118 ], [ 170.370345695179907, -45.935962735671438 ], [ 170.369489311860804, -45.936230895100408 ], [ 170.36859946512061, -45.936309292836881 ], [ 170.36772030272985, -45.936438536935583 ], [ 170.3668505964323, -45.93659679057982 ], [ 170.365978341785222, -45.936741157668934 ], [ 170.365114614342303, -45.93689730720579 ], [ 170.36425760271365, -45.937084684220437 ], [ 170.36338977930609, -45.937267606480091 ], [ 170.362513528180813, -45.937399372700241 ], [ 170.361661967175422, -45.937581223368618 ], [ 170.360781857947927, -45.937700373322969 ], [ 170.359924440081414, -45.937881698093946 ], [ 170.359036794693196, -45.938004279833379 ], [ 170.358193995641074, -45.938180667814933 ], [ 170.357356986301198, -45.938288963774148 ], [ 170.356511233503909, -45.938545190773262 ], [ 170.355659075575204, -45.938778474760682 ] ] } },
{ "type": "Feature", "properties": { "group_id": "nzd0514" }, "geometry": { "type": "LineString", "coordinates": [ [ 170.304041245081294, -45.958542789514169 ], [ 170.303247861580445, -45.958851203238162 ], [ 170.302491957874423, -45.959203504727419 ], [ 170.301732276356915, -45.959551545348688 ], [ 170.301047714905962, -45.959917468275826 ], [ 170.300288154194448, -45.960211650378689 ], [ 170.299462866377667, -45.960477689644165 ], [ 170.298765095094979, -45.960883259391913 ], [ 170.298031344103606, -45.9612394822026 ], [ 170.297313186108624, -45.961632646445587 ], [ 170.296573973602477, -45.962005978611884 ], [ 170.295830185136651, -45.962367428055458 ], [ 170.295110227266747, -45.962752480610867 ], [ 170.294423078206194, -45.963163262669028 ], [ 170.293776133271166, -45.963605853165951 ], [ 170.293123677274309, -45.96403460953448 ] ] } },
{ "type": "Feature", "properties": { "group_id": "nzd0515" }, "geometry": { "type": "LineString", "coordinates": [ [ 170.229121996351296, -46.02673116123092 ], [ 170.228468539972368, -46.027160697891304 ], [ 170.227885628682202, -46.027635798356251 ], [ 170.227308775676647, -46.028114808206368 ], [ 170.226797592249909, -46.028636232895622 ], [ 170.226269279232184, -46.029158352243712 ], [ 170.225701357904398, -46.029655175428964 ], [ 170.225204079185431, -46.030179044062422 ], [ 170.224659276711463, -46.030674718741913 ], [ 170.224240155428191, -46.031238700192681 ], [ 170.223749213651899, -46.031766625723826 ], [ 170.223196554746067, -46.032264371429747 ], [ 170.222660313536096, -46.032766297135382 ], [ 170.222223962759415, -46.033312655495699 ], [ 170.2217164604657, -46.033822100874922 ], [ 170.221329349792057, -46.034368991140596 ], [ 170.220764622097505, -46.034835961489293 ], [ 170.220121154812915, -46.035271846970517 ], [ 170.219609636177694, -46.03579311090531 ], [ 170.219091944644703, -46.036315061626787 ], [ 170.218628079758531, -46.036857265118797 ] ] } },
{ "type": "Feature", "properties": { "group_id": "nzd0517" }, "geometry": { "type": "LineString", "coordinates": [ [ 167.415483597744185, -46.149874737996612 ], [ 167.414590417820477, -46.149939259864986 ], [ 167.413698627915153, -46.150047864076576 ], [ 167.412816957967181, -46.1501767958869 ], [ 167.411936808709982, -46.150301630148739 ], [ 167.411064955550984, -46.150452922035043 ], [ 167.410069362142366, -46.150151430897459 ], [ 167.409305075368053, -46.150696321641433 ], [ 167.408437045957783, -46.150861604128146 ], [ 167.407558799132801, -46.150989496630537 ], [ 167.406723565588266, -46.151274802700534 ], [ 167.405844647953217, -46.151394931593153 ], [ 167.405003470612058, -46.151610032108991 ], [ 167.40417178321286, -46.151848966402696 ], [ 167.403333034522689, -46.152073025524949 ] ] } },
{ "type": "Feature", "properties": { "group_id": "nzd0518" }, "geometry": { "type": "LineString", "coordinates": [ [ 167.577414325625341, -46.17948663860443 ], [ 167.576604070633607, -46.179210158029576 ], [ 167.575768808024719, -46.178968133653711 ], [ 167.574980560638295, -46.178670546969911 ], [ 167.574214863084222, -46.17834631108343 ], [ 167.573367546059956, -46.178118525596446 ], [ 167.572706126194106, -46.177671061091246 ], [ 167.571866298421952, -46.177434422515823 ], [ 167.571018978608663, -46.177206634488087 ], [ 167.570067306734558, -46.177102152877794 ], [ 167.569266722183755, -46.176819132791628 ], [ 167.568465328603338, -46.176537067032882 ], [ 167.56772718344385, -46.176180263410195 ], [ 167.567111577017982, -46.175678664249382 ], [ 167.566121288300593, -46.175619797449507 ], [ 167.56529948814736, -46.175361838014915 ], [ 167.564655567261269, -46.174893696642158 ], [ 167.563918583027174, -46.174535518248192 ], [ 167.563115114301638, -46.174256214122266 ], [ 167.562343895605096, -46.173939321794329 ], [ 167.561481540602216, -46.173729024137835 ], [ 167.5606714525764, -46.173456905532724 ], [ 167.55968453476126, -46.173392207854448 ], [ 167.558865669117864, -46.173130379275058 ], [ 167.558070871877135, -46.172840316837728 ], [ 167.557268022338377, -46.172559697914757 ], [ 167.556473489514815, -46.172269322102267 ], [ 167.555711052663838, -46.171941297909342 ], [ 167.554920094907629, -46.171642832221359 ], [ 167.554153233383431, -46.171315632537897 ], [ 167.55335502164732, -46.171024900051066 ], [ 167.552570667542113, -46.17072003942836 ], [ 167.551807435577331, -46.170392823137753 ], [ 167.5510429585716, -46.170066922820261 ], [ 167.550249596908287, -46.169771589124863 ], [ 167.549480154393109, -46.169450940130261 ], [ 167.548719423562346, -46.169121070061195 ], [ 167.547959643519476, -46.168790147739529 ], [ 167.547183870315791, -46.168475723076263 ], [ 167.546393627554323, -46.16817621166183 ], [ 167.545629481609183, -46.167849779415 ], [ 167.544880176387721, -46.167507813362917 ], [ 167.544084211397347, -46.167214678804612 ], [ 167.543336044324803, -46.166871518240775 ], [ 167.542538712656153, -46.166579809861346 ], [ 167.541794779182169, -46.166232215274704 ], [ 167.541024307467609, -46.165912392684604 ], [ 167.540235544095566, -46.165611711106763 ], [ 167.488580487459842, -46.151535357990568 ], [ 167.487699039009414, -46.151418538709578 ], [ 167.486823923803939, -46.151276589565768 ], [ 167.485917776627559, -46.151257788689655 ], [ 167.485019224908939, -46.151208843086366 ], [ 167.484137020968006, -46.151095028414723 ], [ 167.483228401294127, -46.151086027274985 ], [ 167.482325583691505, -46.151053999863116 ], [ 167.48143373335742, -46.151030111244594 ], [ 167.480545592944111, -46.151002978809593 ], [ 167.479708256534508, -46.150772977709259 ], [ 167.478730184765794, -46.1509451210935 ], [ 167.477863141015234, -46.150783398049597 ], [ 167.476966829331275, -46.150709680023333 ], [ 167.476090527934389, -46.150575794954513 ], [ 167.475199144171881, -46.150487257425432 ], [ 167.47432122746207, -46.150358229802244 ], [ 167.473477228854136, -46.150127231966977 ], [ 167.472623426545255, -46.149917972610965 ], [ 167.471691453535527, -46.149942982936743 ] ] } },
{ "type": "Feature", "properties": { "group_id": "nzd0519" }, "geometry": { "type": "LineString", "coordinates": [ [ 170.079396989406405, -46.20276833070762 ], [ 170.078645543615551, -46.203092833904861 ], [ 170.077898914623347, -46.203433648035045 ], [ 170.077126437160331, -46.203746367533171 ], [ 170.076361581985964, -46.204062832395159 ], [ 170.075610789946921, -46.204402871408355 ] ] } },
{ "type": "Feature", "properties": { "group_id": "nzd0520" }, "geometry": { "type": "LineString", "coordinates": [ [ 166.778411907677565, -46.220492235938586 ], [ 166.778012531659101, -46.219884839804678 ], [ 166.777320605076085, -46.219487099727601 ], [ 166.776580713286734, -46.219123731048022 ], [ 166.775720157809303, -46.21884683235097 ], [ 166.77484064289402, -46.218583515863713 ], [ 166.774128782898941, -46.218200047265874 ], [ 166.773371587896634, -46.217849063915928 ], [ 166.772648694588355, -46.217473495497025 ], [ 166.771936141656937, -46.217090513630353 ], [ 166.771369115385653, -46.216603240944956 ] ] } },
{ "type": "Feature", "properties": { "group_id": "nzd0521" }, "geometry": { "type": "LineString", "coordinates": [ [ 170.024548736242366, -46.231415247251334 ], [ 170.023749120779172, -46.231715187098807 ], [ 170.022983136650907, -46.232032879006205 ], [ 170.022179055064555, -46.232320106549039 ], [ 170.021378437540562, -46.232645830934025 ], [ 170.020601432237726, -46.232963624225619 ], [ 170.019822261808088, -46.233252682885571 ], [ 170.019124157580592, -46.233550748855301 ], [ 170.018346555486488, -46.233861464641713 ], [ 170.017527658935336, -46.234195514324007 ], [ 170.016777602616742, -46.234543525513629 ], [ 170.016012818809742, -46.234883438407422 ], [ 170.015293018694393, -46.235299610627628 ], [ 170.014580674223282, -46.235707973128541 ], [ 170.013908516636548, -46.236097104466687 ], [ 170.013240596803684, -46.236474933614438 ], [ 170.0125671998359, -46.23686695920032 ], [ 170.011844224873727, -46.237242113880271 ], [ 170.011111050425058, -46.23763132186636 ], [ 170.010393843738996, -46.238036635482878 ], [ 170.00970671508793, -46.238467931518301 ], [ 170.009014409985184, -46.238893274010465 ], [ 170.00834353652445, -46.23934014321437 ], [ 170.007754836807237, -46.239757223093633 ], [ 170.007143278587506, -46.240137805972509 ], [ 170.006460056572166, -46.240560527924224 ], [ 170.00577012922281, -46.240982050979312 ], [ 170.005086538767557, -46.24141107885697 ], [ 170.004461388549259, -46.241907902033041 ], [ 170.003852386579922, -46.242409653151064 ], [ 170.003273555392525, -46.242899909125292 ], [ 170.002767226201627, -46.243413636095895 ], [ 170.002346535586838, -46.243971906877881 ], [ 170.001904465783298, -46.244599928034702 ], [ 170.001514436333167, -46.245246540833485 ], [ 170.00132878240305, -46.245869178910141 ], [ 170.001146958430951, -46.2464794563138 ], [ 170.001018206984071, -46.247165452810059 ], [ 170.001002230418578, -46.247859932489995 ], [ 170.001279812587484, -46.248464409704923 ], [ 170.001569885975698, -46.249067986801514 ], [ 170.001745905448672, -46.249658046018176 ], [ 170.001741894357224, -46.250130912144598 ], [ 170.001517518236568, -46.250681838582047 ], [ 170.001064319996999, -46.251225303138156 ], [ 170.000481468380769, -46.251698333495661 ], [ 169.999882549289765, -46.252155266455198 ], [ 169.999276813610692, -46.252570180869562 ], [ 169.998649826038161, -46.253012266224033 ], [ 169.997931080604047, -46.25338800247313 ], [ 169.997197712094049, -46.25374779258393 ], [ 169.996423907317592, -46.254063490290221 ], [ 169.995701347399546, -46.254435061544875 ], [ 169.994925557083377, -46.254748589287068 ], [ 169.994131368468885, -46.255050600730712 ], [ 169.993365443447743, -46.255396163376872 ], [ 169.992630700906659, -46.255771386864424 ], [ 169.992005224041776, -46.256217693262471 ], [ 169.991379115555162, -46.256663535155035 ], [ 169.990784008133488, -46.257132001977432 ], [ 169.990204723659247, -46.257592777599776 ], [ 169.989557765670924, -46.258006989851708 ], [ 169.988824133516488, -46.258365799581554 ], [ 169.98803867662491, -46.258666881903146 ], [ 169.98724896774749, -46.258962841201274 ], [ 169.98641205970182, -46.259201955557856 ], [ 169.985579736698355, -46.259446587942179 ] ] } },
{ "type": "Feature", "properties": { "group_id": "nzd0522" }, "geometry": { "type": "LineString", "coordinates": [ [ 167.726539357511115, -46.300286945446608 ], [ 167.727257694123836, -46.299859264949745 ], [ 167.72817577737564, -46.29951248606897 ], [ 167.728723496290939, -46.299015682601258 ], [ 167.729081095333868, -46.298441865133476 ], [ 167.729375472739889, -46.297842433890608 ], [ 167.729752124513027, -46.297271370656986 ], [ 167.729806720378718, -46.296567400480143 ], [ 167.730058427475171, -46.295960858152156 ], [ 167.730247628595492, -46.29535255135022 ], [ 167.730353883899028, -46.294726799064428 ], [ 167.73054372057041, -46.294118612535428 ], [ 167.730656860087464, -46.293494294091673 ], [ 167.730769002992105, -46.292869759297695 ], [ 167.73102458869252, -46.292275376351348 ], [ 167.731280354698384, -46.291688905897125 ], [ 167.731356428707386, -46.291076921742295 ], [ 167.731539707016793, -46.290469370030628 ], [ 167.731732008212163, -46.289862720628427 ], [ 167.731868631302007, -46.289249837476653 ], [ 167.731999443808576, -46.288636297555769 ], [ 167.732108291327677, -46.288019018977678 ], [ 167.732160531883153, -46.287398179781206 ], [ 167.732299102794229, -46.286780685325581 ], [ 167.732381833983055, -46.286162513992998 ], [ 167.732542199680381, -46.285546786585819 ], [ 167.732450348702059, -46.284923089228357 ], [ 167.732485274966649, -46.28429012667123 ], [ 167.732515500814912, -46.283649172624045 ], [ 167.703163369207459, -46.251497086417686 ], [ 167.702517913625343, -46.251065070918528 ], [ 167.701937747997505, -46.250590347421841 ], [ 167.701301215674192, -46.250152488743922 ], [ 167.700262207843679, -46.249977873509174 ], [ 167.699625280546257, -46.249540265886424 ], [ 167.699166579512593, -46.24898608357627 ], [ 167.698571513794775, -46.248521089250673 ], [ 167.697977416774506, -46.248055458028617 ], [ 167.69730398580171, -46.247641712989811 ], [ 167.696688390839824, -46.247190136136389 ], [ 167.696077535945221, -46.246734473013149 ], [ 167.695417867339586, -46.246309847426268 ], [ 167.694809420862924, -46.245852411340984 ], [ 167.694169927134283, -46.245416643433643 ], [ 167.693531878642432, -46.244979913507287 ], [ 167.692930382496058, -46.244518933185738 ], [ 167.692309974984454, -46.244070494511043 ], [ 167.691653215688802, -46.243646166537481 ], [ 167.691103550209249, -46.243150794556769 ], [ 167.690413156746814, -46.2427487712147 ], [ 167.689648152694616, -46.242396236872061 ], [ 167.689019556970464, -46.241953213260793 ], [ 167.688370561237008, -46.241523718524064 ], [ 167.687823737210948, -46.241026445814732 ], [ 167.687110553102173, -46.240639523226946 ], [ 167.686522702000843, -46.240169458981903 ], [ 167.685794839695546, -46.23979226604083 ], [ 167.68493094265969, -46.239505305149855 ], [ 167.684287450769119, -46.239072139176244 ], [ 167.683492191891105, -46.238739640335162 ], [ 167.682874923476021, -46.238291116651808 ], [ 167.682110818417669, -46.237938758984583 ], [ 167.681463875326756, -46.237507809398195 ], [ 167.680873655200855, -46.237040054959095 ], [ 167.680224011006231, -46.23660968590162 ], [ 167.679576470305989, -46.236177989775655 ], [ 167.678874097968702, -46.23578078917285 ], [ 167.678185074166834, -46.235375186127229 ], [ 167.677567974229731, -46.234924326466192 ], [ 167.67692292197944, -46.23449105025751 ] ] } },
{ "type": "Feature", "properties": { "group_id": "nzd0523" }, "geometry": { "type": "LineString", "coordinates": [ [ 167.314488000600704, -46.251198746840053 ], [ 167.31370353819301, -46.250897367959837 ], [ 167.31289726867638, -46.250624238510206 ], [ 167.31209738748089, -46.250342832295523 ], [ 167.311263297357044, -46.250105739999299 ], [ 167.310412345529613, -46.249891356548972 ], [ 167.309533956318916, -46.249729355730324 ], [ 167.308691579770425, -46.249514505844715 ], [ 167.30787274876883, -46.249260783642718 ], [ 167.307063724027159, -46.248991804422147 ], [ 167.306242062692775, -46.248742485700163 ], [ 167.305418453983691, -46.248496196471507 ], [ 167.304561262783892, -46.248302497608194 ], [ 167.303717732388066, -46.24809274567734 ], [ 167.302866425162392, -46.247895929116908 ], [ 167.302010881100699, -46.247708919153467 ], [ 167.301153185635229, -46.247526676062535 ], [ 167.300292588713177, -46.247350861064483 ], [ 167.299415422128448, -46.247211751128404 ], [ 167.29852721106468, -46.24709710474356 ], [ 167.297639807266506, -46.246980667798844 ], [ 167.296743304352759, -46.246884934806062 ] ] } },
{ "type": "Feature", "properties": { "group_id": "nzd0524" }, "geometry": { "type": "LineString", "coordinates": [ [ 169.972178036229764, -46.272257857003979 ], [ 169.971377324395348, -46.272578926786309 ], [ 169.97054640277139, -46.272827508808135 ], [ 169.969715146852536, -46.273075290851125 ], [ 169.968859977400314, -46.273265688132717 ], [ 169.967997602654947, -46.273438793412481 ], [ 169.967151067766309, -46.273649911247915 ], [ 169.966287435858447, -46.273819997608385 ], [ 169.965449557878713, -46.274039985528255 ], [ 169.964606305931653, -46.274229730250369 ], [ 169.963763220328559, -46.274432109705145 ], [ 169.962922697554973, -46.274650601213885 ], [ 169.96206466149323, -46.274836678021636 ], [ 169.961225911623558, -46.275058447209709 ], [ 169.960415999126496, -46.275333588493844 ], [ 169.959582498410299, -46.275565071415826 ], [ 169.958782147088129, -46.275857909762301 ], [ 169.957969722820906, -46.276128402911972 ], [ 169.957174985970937, -46.276431635188509 ], [ 169.956401774587079, -46.27673565845695 ], [ 169.955666301622784, -46.277057119508733 ], [ 169.954909173221182, -46.27737503102248 ], [ 169.954151256459397, -46.277713559808916 ], [ 169.953371844975436, -46.278023183837732 ], [ 169.95257893133973, -46.278314649896416 ], [ 169.951789754517137, -46.278611139176874 ], [ 169.950991939868317, -46.27889601105268 ], [ 169.95018334178485, -46.279168297188392 ], [ 169.949342443550563, -46.279418784023129 ], [ 169.948537685889846, -46.279719956418703 ], [ 169.947722033647892, -46.279979645500688 ], [ 169.946944684104722, -46.280298342733005 ], [ 169.946164317101363, -46.280612391144892 ], [ 169.945373641525038, -46.280910557485178 ], [ 169.944591708871627, -46.281222193273877 ], [ 169.943808630397882, -46.281532063510291 ], [ 169.943006852183004, -46.281813122575549 ], [ 169.942212689878744, -46.282105914737635 ], [ 169.941437244399992, -46.282427544237031 ], [ 169.940684713364647, -46.282755607257137 ], [ 169.940040819638654, -46.283035737970721 ], [ 169.939383424788787, -46.283324244849886 ], [ 169.938647595354297, -46.28368060618925 ], [ 169.937904505790641, -46.284030305649921 ], [ 169.937170283761844, -46.284388134911481 ], [ 169.936414461291349, -46.284726149590419 ], [ 169.935679745974312, -46.285083520018382 ], [ 169.934930613818523, -46.285427664297231 ], [ 169.934183674612967, -46.285773816615105 ], [ 169.933474957721586, -46.286155023385334 ], [ 169.932786728798533, -46.286555019141332 ], [ 169.932159722856738, -46.286949689736808 ], [ 169.931640914327716, -46.287318008367549 ], [ 169.931050138511608, -46.287727493440478 ], [ 169.930473606454683, -46.288210876627666 ], [ 169.929921175632046, -46.288704518316742 ], [ 169.929439637206485, -46.289231652750708 ], [ 169.929023674798231, -46.28979480064239 ], [ 169.928542467584009, -46.290327144882248 ], [ 169.928006751114452, -46.290825132453335 ], [ 169.927486590100983, -46.291331125267256 ] ] } },
{ "type": "Feature", "properties": { "group_id": "nzd0525" }, "geometry": { "type": "LineString", "coordinates": [ [ 169.925946002902464, -46.293691038870669 ], [ 169.925682717822269, -46.294284253471389 ], [ 169.925403055450431, -46.294873915013362 ], [ 169.92513088723544, -46.295465192952371 ], [ 169.924837593251112, -46.296051889541644 ] ] } },
{ "type": "Feature", "properties": { "group_id": "nzd0526" }, "geometry": { "type": "LineString", "coordinates": [ [ 169.923664961462293, -46.299318171875804 ], [ 169.922812528804513, -46.299518291800993 ], [ 169.921949902809644, -46.299701716769434 ], [ 169.921135531672974, -46.299964158118314 ], [ 169.920343995310077, -46.300263992152075 ], [ 169.919550709024264, -46.30054211720082 ], [ 169.91875986154534, -46.300806620548109 ], [ 169.917960425284406, -46.301076507547918 ], [ 169.917109480903179, -46.30128865767383 ], [ 169.916231814452289, -46.30146974023689 ], [ 169.915401395647393, -46.301715244613561 ], [ 169.914597111719587, -46.301997244955331 ], [ 169.913784203799736, -46.302252891312001 ], [ 169.912999726588197, -46.302523376580417 ], [ 169.912206286801478, -46.302809345333586 ], [ 169.911389894771787, -46.303086688731398 ], [ 169.910658680238726, -46.303446396731317 ] ] } },
{ "type": "Feature", "properties": { "group_id": "nzd0527" }, "geometry": { "type": "LineString", "coordinates": [ [ 169.908013470256236, -46.306031659757316 ], [ 169.907215886347103, -46.306319342684183 ], [ 169.906460583822138, -46.306655281347531 ], [ 169.905816741435984, -46.307118436051603 ], [ 169.905113667185816, -46.307513984227128 ], [ 169.904344342641991, -46.307814865329611 ], [ 169.90353978358138, -46.308051855183848 ], [ 169.902738303853255, -46.308316603138877 ], [ 169.901985589570643, -46.308670859980218 ], [ 169.901231303388698, -46.30903181328479 ], [ 169.900500197383764, -46.309415025258367 ], [ 169.899757499921463, -46.309769551648834 ], [ 169.899006723128934, -46.310111418498295 ], [ 169.898188256477113, -46.310363898545006 ], [ 169.897383099715711, -46.310624790713796 ], [ 169.89658266706482, -46.310905768785979 ], [ 169.895778494001604, -46.311182863015809 ], [ 169.894989961824848, -46.311483941426886 ] ] } },
{ "type": "Feature", "properties": { "group_id": "nzd0528" }, "geometry": { "type": "LineString", "coordinates": [ [ 169.890619701128458, -46.315057312577977 ], [ 169.889713082183277, -46.315105663514679 ], [ 169.88881643131333, -46.315377143753274 ], [ 169.887976213511706, -46.315565182271996 ], [ 169.887120184257412, -46.315759432198632 ], [ 169.886260038233587, -46.315920016358241 ], [ 169.885420446771178, -46.316123780396914 ], [ 169.884571653748992, -46.316324312214945 ], [ 169.883706970093499, -46.316493007352697 ], [ 169.88286763864258, -46.316716373002954 ], [ 169.882023244207573, -46.316924263079514 ], [ 169.881194576788857, -46.317163012507208 ], [ 169.88033934748421, -46.317352484361415 ], [ 169.879495809902977, -46.317565869941568 ], [ 169.878637552876882, -46.317751749842607 ], [ 169.877781834862901, -46.31794220071707 ], [ 169.87696842107195, -46.318220594780342 ], [ 169.876113053133025, -46.318409384196194 ], [ 169.875285465497427, -46.318651410847941 ], [ 169.874439497951556, -46.318852152905414 ], [ 169.873594478627496, -46.319060554639599 ], [ 169.872747880520791, -46.319267324709685 ], [ 169.87192560928483, -46.319511308058509 ], [ 169.871104005709014, -46.319751499787415 ], [ 169.870283249431907, -46.320002040019666 ], [ 169.869455178546673, -46.320225040031275 ], [ 169.868651436745296, -46.320488508725447 ], [ 169.867886951141742, -46.320811507124652 ], [ 169.867115629278175, -46.32111507524931 ] ] } },
{ "type": "Feature", "properties": { "group_id": "nzd0530" }, "geometry": { "type": "LineString", "coordinates": [ [ 168.1392548991887, -46.354361758125776 ], [ 168.13850288413326, -46.354023415930627 ], [ 168.137759868704023, -46.353675879321941 ], [ 168.137024427674532, -46.353320604268447 ], [ 168.136244780499283, -46.353010481390598 ], [ 168.135517018335349, -46.352647359583251 ], [ 168.13475106569868, -46.352323244892169 ], [ 168.134004203383682, -46.351979629136125 ], [ 168.133263809635594, -46.351629404659306 ], [ 168.132478305663454, -46.351325254118819 ], [ 168.131763060078612, -46.350949340021849 ], [ 168.131007938974761, -46.350614152928799 ], [ 168.130297485014808, -46.35023334195629 ], [ 168.12957201122245, -46.349867870611185 ], [ 168.128834396356183, -46.349514798358456 ], [ 168.128075705853576, -46.349183250370537 ], [ 168.127276871153867, -46.348892701868678 ], [ 168.126454674674335, -46.348626011162985 ], [ 168.12570049708296, -46.348289847647386 ], [ 168.12499695373134, -46.347901968242468 ], [ 168.124093672552362, -46.34771808354413 ], [ 168.123198043950538, -46.347480452755065 ], [ 168.122323501508475, -46.347220042319989 ], [ 168.121456461680594, -46.347009810173816 ], [ 168.120607076678255, -46.346806778098731 ], [ 168.119743397533057, -46.346627910456739 ], [ 168.118929068792511, -46.346365611163442 ], [ 168.118053937775528, -46.346206100969688 ], [ 168.117246644133701, -46.345931908896404 ], [ 168.116413086055189, -46.345702117503116 ], [ 168.115607240366501, -46.345425479346787 ], [ 168.114785155048907, -46.345176294386917 ], [ 168.113980183889282, -46.344898179907595 ], [ 168.113163193454398, -46.344640383865162 ], [ 168.112337709910094, -46.344396944891479 ], [ 168.111493279878886, -46.344185532025392 ], [ 168.110651563172695, -46.343969532035942 ], [ 168.10979904838166, -46.343771783169693 ], [ 168.108954200271427, -46.343561074479233 ], [ 168.108074936250119, -46.343408535392498 ], [ 168.107232090114053, -46.343194440430395 ], [ 168.106394649925818, -46.342971207853395 ], [ 168.105515794964475, -46.342817971331968 ], [ 168.10467055471446, -46.342607919754506 ], [ 168.103819051135815, -46.342408452842683 ], [ 168.102947413380861, -46.342243012392551 ], [ 168.102084611771687, -46.34206263637401 ], [ 168.101213740801882, -46.341865475675704 ], [ 168.100308151114831, -46.341697173156462 ], [ 168.099427640158751, -46.341512652946811 ], [ 168.09856946232776, -46.34133035576032 ], [ 168.097688651440393, -46.341204444087325 ], [ 168.096808548629269, -46.341076767359546 ], [ 168.095943752665534, -46.340910959045956 ], [ 168.095088314431507, -46.340721841403706 ], [ 168.09420865024677, -46.340593071627836 ], [ 168.093339743831677, -46.340437504479127 ], [ 168.092462669874209, -46.340302281660605 ], [ 168.091592912290707, -46.340148834891082 ], [ 168.090690182300222, -46.340077512478231 ], [ 168.089808275792734, -46.339954322574393 ], [ 168.088886579326328, -46.339930230105679 ], [ 168.087942757226358, -46.339898010227422 ], [ 168.087010683676766, -46.339796823566616 ], [ 168.08608509052317, -46.339779561234785 ], [ 168.085188631322183, -46.33972801912121 ], [ 168.084291726391399, -46.339696445233663 ], [ 168.083396651426028, -46.339583259901303 ], [ 168.082499053157306, -46.339582747336813 ], [ 168.081602381482696, -46.339540945188389 ], [ 168.080705056170558, -46.339528325763112 ], [ 168.079808248302129, -46.339492691417682 ], [ 168.078912625269027, -46.339404368780912 ], [ 168.078014219985761, -46.339439935497474 ], [ 168.077118809375463, -46.339342314313278 ], [ 168.076220892616334, -46.339356196999674 ], [ 168.075322172333983, -46.339405778538932 ], [ 168.074426263173848, -46.339330507226762 ], [ 168.073526298516384, -46.339435311030634 ], [ 168.072627023541145, -46.339509433534268 ], [ 168.071727731559719, -46.339584252316023 ], [ 168.070828768472381, -46.339644438595677 ], [ 168.069930699874163, -46.339664964070842 ], [ 168.069030707241012, -46.339770659190322 ], [ 168.068131190793565, -46.33985519568958 ], [ 168.067232035254278, -46.339923703607035 ], [ 168.066332288013598, -46.340018313404727 ], [ 168.06539987747226, -46.34011860802179 ], [ 168.064444909057727, -46.340195159937586 ], [ 168.063508498904469, -46.340264952963032 ], [ 168.062657063550233, -46.340472651733997 ], [ 168.061746195824384, -46.340504114534077 ], [ 168.060906795224611, -46.340747500510169 ], [ 168.060045582779793, -46.340926206785277 ], [ 168.059170485035395, -46.341063734582903 ], [ 168.058319944489, -46.34127409002663 ], [ 168.057464169840642, -46.341468924276775 ], [ 168.056607586063961, -46.34166135997571 ], [ 168.055738631506216, -46.341817105029513 ], [ 168.054865998549843, -46.342030950352409 ], [ 168.0539533354561, -46.342249602896317 ], [ 168.05312975901785, -46.342575832334347 ], [ 168.052326454619077, -46.342852134437074 ], [ 168.051521256554338, -46.343125865349968 ], [ 168.050721665690673, -46.343407200079497 ], [ 168.049921060095642, -46.343687155994033 ], [ 168.04913159549514, -46.343982222992324 ], [ 168.048340940971059, -46.34427567382437 ], [ 168.047568380174397, -46.3445936684533 ], [ 168.04679388819153, -46.34490904181969 ], [ 168.046036592730445, -46.345247742876587 ], [ 168.045268102552541, -46.345571255842053 ] ] } },
{ "type": "Feature", "properties": { "group_id": "nzd0532" }, "geometry": { "type": "LineString", "coordinates": [ [ 167.948586902804067, -46.362082037952995 ], [ 167.947903809121129, -46.361687755673287 ], [ 167.947018069993504, -46.361513705533341 ], [ 167.946148116523318, -46.36135507389443 ], [ 167.945274960930732, -46.361207480960864 ], [ 167.944430810327532, -46.360993967140182 ], [ 167.943573354360666, -46.360810997699282 ], [ 167.942709383150969, -46.360671707229734 ], [ 167.941854913395048, -46.360485948700358 ], [ 167.940967979238479, -46.360338828711868 ], [ 167.940110686807401, -46.360202548513271 ], [ 167.939250043063652, -46.360047689954584 ], [ 167.938378208245325, -46.359890315104103 ], [ 167.937499296611065, -46.359737112008986 ], [ 167.936640166834593, -46.359549548441372 ], [ 167.935782380774441, -46.359358503306481 ], [ 167.934921655652715, -46.359182997565512 ], [ 167.934052269159309, -46.359054189679291 ], [ 167.933208118216101, -46.358875672909427 ], [ 167.932332651789807, -46.358750479001152 ], [ 167.931457482484376, -46.35863482321475 ], [ 167.930577369282872, -46.358535760374487 ], [ 167.92968491411682, -46.358433895356256 ], [ 167.928786924904443, -46.358325713758148 ], [ 167.927887649577855, -46.358232785580405 ], [ 167.927016259740725, -46.358148758961242 ], [ 167.926158447802692, -46.358043408074735 ], [ 167.925285377582753, -46.35795685453602 ], [ 167.92440520677053, -46.35785334885756 ], [ 167.923515073564005, -46.357795122769268 ], [ 167.922626110626283, -46.357727352890258 ], [ 167.921731079791783, -46.357686398557647 ], [ 167.920833915052668, -46.357667349296236 ], [ 167.919940573051292, -46.357607718083045 ], [ 167.91904832209147, -46.357570125854302 ], [ 167.918155230374936, -46.35751925233108 ], [ 167.917253909521321, -46.357501457125387 ], [ 167.916355769656832, -46.357468138247512 ], [ 167.915456570818122, -46.357448032191343 ], [ 167.914554161382938, -46.357452086678457 ], [ 167.913656895308662, -46.357447808460698 ], [ 167.912765357565064, -46.357459518984989 ], [ 167.911869211135155, -46.35748003429552 ], [ 167.910972769927781, -46.357482718699032 ], [ 167.910073936631619, -46.357536589874222 ], [ 167.909183049966941, -46.357563952272997 ], [ 167.908293488062299, -46.357604179854789 ], [ 167.907402477225588, -46.3576793048559 ], [ 167.906512070397326, -46.357758782147322 ], [ 167.905624138634096, -46.357854472140737 ], [ 167.904731115205664, -46.357948542245737 ], [ 167.903834409059925, -46.358032881000788 ], [ 167.902951049340601, -46.358163400870815 ], [ 167.902058138485302, -46.358279449285973 ], [ 167.901160337663498, -46.358447667460275 ], [ 167.900263779852366, -46.358623136505258 ], [ 167.899401871400784, -46.3588030240156 ], [ 167.898551710079147, -46.359003444620448 ], [ 167.89771413607761, -46.359225868366522 ], [ 167.896856922372677, -46.359413953475574 ], [ 167.896045313306445, -46.359654104212794 ], [ 167.895236895898051, -46.359899663322587 ], [ 167.894407936627744, -46.360136192096469 ], [ 167.893566261664546, -46.360355849346128 ], [ 167.892703381223726, -46.360576438330348 ], [ 167.891848848927765, -46.360807968623249 ], [ 167.891033657011263, -46.361112157410474 ], [ 167.890199464276378, -46.361423524470403 ], [ 167.889452014397904, -46.361831638610319 ], [ 167.88868769909746, -46.362183716657803 ], [ 167.887921781014626, -46.362538404954719 ], [ 167.887182671142938, -46.36292269541724 ], [ 167.886439380377055, -46.363308827803316 ], [ 167.885739059041498, -46.36372511805871 ], [ 167.885005961765046, -46.364082882433564 ], [ 167.884345195583961, -46.364533753863341 ], [ 167.883684445028479, -46.364982754460137 ], [ 167.883030194632852, -46.365430814542918 ], [ 167.882352957408131, -46.365885860355739 ], [ 167.881765952758997, -46.366404005619124 ], [ 167.881148688292399, -46.36690143379775 ], [ 167.880600663788982, -46.367391199239464 ], [ 167.88013340779321, -46.36789653274036 ], [ 167.87971120844449, -46.368453379254206 ], [ 167.879248411635956, -46.36901659160732 ], [ 167.878755662760966, -46.369604460765181 ], [ 167.878356775417444, -46.370237961104912 ], [ 167.878092365603862, -46.370885514783183 ], [ 167.878062905816137, -46.371534515756295 ] ] } },
{ "type": "Feature", "properties": { "group_id": "nzd0533" }, "geometry": { "type": "LineString", "coordinates": [ [ 167.857325628194502, -46.378844774040068 ], [ 167.856690574961704, -46.378407259115299 ], [ 167.856006470188532, -46.378004005633692 ], [ 167.855435880770756, -46.377521453983952 ], [ 167.854768631740683, -46.377106419912124 ], [ 167.854098714184573, -46.376693246728863 ], [ 167.853437239410198, -46.376274172789429 ], [ 167.852730800676255, -46.37588315435913 ], [ 167.852053126078147, -46.375472608899784 ], [ 167.851380173461706, -46.375060593806737 ] ] } },
{ "type": "Feature", "properties": { "group_id": "nzd0534" }, "geometry": { "type": "LineString", "coordinates": [ [ 168.009403521575962, -46.383172984788843 ], [ 168.008542541466028, -46.383042245856061 ], [ 168.007847072976205, -46.382964906453644 ], [ 168.007076083903144, -46.38275340910144 ], [ 168.006281215942977, -46.382441941165865 ], [ 168.005511067567454, -46.382119661256702 ], [ 168.00470489197113, -46.381803859646659 ], [ 168.003839104763586, -46.381578577450661 ] ] } },
{ "type": "Feature", "properties": { "group_id": "nzd0535" }, "geometry": { "type": "LineString", "coordinates": [ [ 168.029040993626012, -46.384203313531096 ], [ 168.028199513537658, -46.383982549260125 ], [ 168.027328695881266, -46.383830887462736 ], [ 168.026460442833667, -46.383673185069028 ], [ 168.025583582930096, -46.383535753635236 ], [ 168.024711106301197, -46.383387997973287 ], [ 168.0238500765916, -46.383213283322306 ], [ 168.022974298279365, -46.383073302990518 ], [ 168.022055401738697, -46.382959022075042 ], [ 168.021125938276015, -46.382929908735441 ], [ 168.020234262438692, -46.382792384635678 ], [ 168.019334996584718, -46.382799807474186 ] ] } },
{ "type": "Feature", "properties": { "group_id": "nzd0536" }, "geometry": { "type": "LineString", "coordinates": [ [ 168.01550395216762, -46.383909979422349 ], [ 168.014666845897011, -46.383678513134029 ], [ 168.013808328252566, -46.383497840310696 ], [ 168.012932210759999, -46.383358916278112 ], [ 168.012050844261921, -46.383232441947747 ] ] } },
{ "type": "Feature", "properties": { "group_id": "nzd0537" }, "geometry": { "type": "LineString", "coordinates": [ [ 168.220662907293161, -46.422701049388436 ], [ 168.220168002116964, -46.422178356578769 ], [ 168.21969395676129, -46.421648781346263 ], [ 168.219226890895754, -46.421116899690134 ], [ 168.218722141851572, -46.420597435758445 ], [ 168.218227299381454, -46.420074700410083 ], [ 168.217755013726958, -46.419544523199761 ], [ 168.217304494354408, -46.419007164747718 ], [ 168.216914861616175, -46.418449728032272 ], [ 168.216446603447224, -46.417918206676184 ], [ 168.216015926829556, -46.417374290136905 ], [ 168.215640895596636, -46.416812023125523 ], [ 168.215223002440979, -46.416263881169677 ], [ 168.214889037129893, -46.415688064465108 ], [ 168.214455097755177, -46.415145201575882 ], [ 168.214146134607319, -46.414561130875832 ], [ 168.213775003579855, -46.413997550120492 ], [ 168.213359297616762, -46.413448659438444 ], [ 168.213008207499371, -46.412878519036902 ], [ 168.212571931779024, -46.412337201007709 ], [ 168.212287000339046, -46.411741572991218 ], [ 168.211783568339484, -46.411224880518922 ], [ 168.211412491610446, -46.410660217941505 ], [ 168.211009642081933, -46.41010706428937 ], [ 168.210667181400396, -46.409532020451998 ], [ 168.210216596759693, -46.40899615521618 ], [ 168.209844525747599, -46.408431831321536 ], [ 168.20941171249774, -46.407889515118598 ], [ 168.208909874742091, -46.407372208264704 ], [ 168.208359267677849, -46.406872570227151 ], [ 168.207850687754501, -46.406357696237698 ], [ 168.207369126486981, -46.405833025417458 ], [ 168.206843726317061, -46.405324236600521 ], [ 168.206225716756364, -46.404849004100214 ], [ 168.205700767788159, -46.404340041199141 ], [ 168.205211436455642, -46.403818165277265 ], [ 168.204818130023256, -46.403261484790711 ], [ 168.204448877917855, -46.4026960816106 ], [ 168.204175333365498, -46.402095988213333 ], [ 168.203820357647857, -46.401525400116213 ], [ 168.203472955074091, -46.400952061946384 ], [ 168.203244183663713, -46.400335725002819 ], [ 168.202873102903879, -46.399770956827822 ], [ 168.202483211987015, -46.399213000290487 ], [ 168.202090716935174, -46.398655982145712 ], [ 168.201535757022697, -46.398157838571308 ], [ 168.201034910899835, -46.397640078050848 ], [ 168.200425488972115, -46.397161661715231 ], [ 168.199929817137587, -46.396642015453054 ], [ 168.199359408480433, -46.396149449538136 ], [ 168.198862637405938, -46.395630191156634 ], [ 168.198386726605918, -46.395103367505726 ], [ 168.1977913441753, -46.39461983655297 ], [ 168.197340925626861, -46.394083763743303 ], [ 168.197032640418911, -46.393496174659347 ], [ 168.196560355246476, -46.39296801601602 ], [ 168.1960775467833, -46.392443665916808 ], [ 168.195593417924528, -46.391917337919779 ], [ 168.195037477689056, -46.39142322897613 ], [ 168.194524919478283, -46.390912811539835 ], [ 168.1939178638047, -46.390452649185782 ], [ 168.193313787048453, -46.389990955471873 ], [ 168.192769431077636, -46.389498643423366 ], [ 168.192121448721565, -46.38905944798946 ], [ 168.191593053903432, -46.388558945469399 ], [ 168.191013860403643, -46.388084479034909 ], [ 168.190470914502725, -46.387591427165269 ], [ 168.189843591458697, -46.387141624257453 ], [ 168.189327970117546, -46.38663455685316 ], [ 168.188812982811214, -46.38612716015281 ], [ 168.188183626328737, -46.385678386864612 ], [ 168.187633523978121, -46.385188982265106 ], [ 168.187071486167866, -46.384705691731106 ], [ 168.186468471881568, -46.384243402147433 ], [ 168.185932522788107, -46.383746729609427 ], [ 168.185302368672325, -46.383298343770534 ], [ 168.184755343794279, -46.382807340359456 ], [ 168.184191618342766, -46.382324893654989 ], [ 168.183696295212798, -46.381807455058023 ], [ 168.183133545302525, -46.381325113983742 ], [ 168.182630327919014, -46.380808306354488 ], [ 168.182169792370729, -46.380266893996108 ], [ 168.181604627774135, -46.379785758609422 ], [ 168.18109042218984, -46.379275259853685 ] ] } },
{ "type": "Feature", "properties": { "group_id": "nzd0538" }, "geometry": { "type": "LineString", "coordinates": [ [ 169.783502040371701, -46.385743439601882 ], [ 169.783125618471672, -46.386306058219354 ], [ 169.782930430283045, -46.386922160145595 ], [ 169.782688827473976, -46.387524556945117 ], [ 169.782441186759314, -46.38812283373975 ], [ 169.782441450063288, -46.388739974133124 ], [ 169.782273010172275, -46.389345521135816 ], [ 169.782385053984626, -46.389981938476332 ], [ 169.782205015637544, -46.390598208771358 ], [ 169.781999140160963, -46.391205522863231 ], [ 169.781669182978249, -46.391787515931568 ], [ 169.781571057976265, -46.392397088676503 ], [ 169.781641750836201, -46.393005741706595 ], [ 169.781666700299411, -46.393624841456131 ], [ 169.781528257583005, -46.394245894769156 ], [ 169.781498877935235, -46.394863967404063 ], [ 169.781490562646354, -46.395482787885157 ], [ 169.781490347354605, -46.396102150576965 ], [ 169.781319020096362, -46.396750552609639 ], [ 169.781615422160826, -46.397354580405867 ] ] } },
{ "type": "Feature", "properties": { "group_id": "nzd0539" }, "geometry": { "type": "LineString", "coordinates": [ [ 168.271748175001619, -46.500439398392601 ], [ 168.270930534612745, -46.500103824532026 ], [ 168.270207951013418, -46.499713839432687 ], [ 168.269512140432312, -46.499308526396639 ], [ 168.268607292655162, -46.499022850776434 ], [ 168.268160216112534, -46.498475167358229 ], [ 168.267311150780557, -46.498157555928749 ], [ 168.266761182474198, -46.497668754483719 ], [ 168.266091635221983, -46.497248388969261 ], [ 168.265452674095144, -46.496810513813926 ], [ 168.264892382815532, -46.496327609087885 ], [ 168.264398534360538, -46.49580667275788 ], [ 168.263809908277551, -46.495339977413089 ], [ 168.263310995841834, -46.494821931614112 ], [ 168.262797607991018, -46.49431216673586 ], [ 168.262393226027399, -46.493740009174658 ], [ 168.261887482053169, -46.493225861404149 ], [ 168.261481771343881, -46.492654455862876 ], [ 168.261003144028933, -46.492124779856702 ], [ 168.260674568670424, -46.491509216923177 ], [ 168.260259220495215, -46.490820175788159 ], [ 168.259989626687144, -46.490129466791124 ], [ 168.259760397832252, -46.489529475960353 ], [ 168.259440464243283, -46.488950956077517 ], [ 168.259047355192109, -46.488388305765078 ], [ 168.258685786798679, -46.487818806386642 ], [ 168.258533854949007, -46.487203818954583 ], [ 168.258243000920004, -46.48661896518864 ], [ 168.257951716785527, -46.486034198491424 ], [ 168.257574170101691, -46.485468140996026 ], [ 168.257427407251186, -46.48485200650029 ], [ 168.257077127258725, -46.484280020852985 ], [ 168.256795627536604, -46.483693106325745 ], [ 168.256556142928844, -46.483097069789189 ], [ 168.25631411167322, -46.482501579422205 ], [ 168.256045877445331, -46.481911767861469 ], [ 168.255664499755483, -46.481359391383748 ], [ 168.255503381546447, -46.480752437893599 ], [ 168.255194979993774, -46.480171676717951 ], [ 168.254806987807711, -46.479614298218692 ], [ 168.254364999688221, -46.479074380615558 ], [ 168.253982017451932, -46.478515370400387 ], [ 168.253659261361662, -46.47793687265257 ], [ 168.253249029813162, -46.477386665829059 ], [ 168.252918097021023, -46.476810801731808 ], [ 168.252568096414706, -46.47624110003558 ], [ 168.252046953678189, -46.475726754499121 ], [ 168.251472002432479, -46.475229809527164 ], [ 168.25101002521356, -46.474696313908296 ], [ 168.236156806969746, -46.452845868212634 ], [ 168.235671628662942, -46.452309347156913 ], [ 168.235287417122748, -46.451737698815805 ], [ 168.235191797694256, -46.451109731639008 ], [ 168.234923390911575, -46.450519298919978 ], [ 168.23462282829118, -46.449935035364796 ], [ 168.23446818415951, -46.44932274160589 ], [ 168.234107759675993, -46.448749961918963 ], [ 168.233861185943681, -46.44815531058768 ], [ 168.233647566331399, -46.447554323858377 ], [ 168.233214892781461, -46.446995400961754 ], [ 168.233086519696371, -46.446378029486191 ], [ 168.232816377308154, -46.445787879032338 ], [ 168.232545622309374, -46.445197967063173 ], [ 168.232260084837776, -46.444610660382168 ], [ 168.232042680570004, -46.444010498319813 ], [ 168.23175239621068, -46.443423872789651 ], [ 168.231462092044694, -46.442837244567833 ], [ 168.231347787637731, -46.44221786826963 ], [ 168.231124569171442, -46.441618746965361 ], [ 168.230895792519988, -46.441020653196084 ], [ 168.230596700202767, -46.440435634237168 ], [ 168.230458986118492, -46.439820586520618 ], [ 168.230103333363274, -46.439246077171099 ], [ 168.229894722994942, -46.438644205902676 ], [ 168.229717732051085, -46.438036445607203 ], [ 168.22950299032658, -46.437435701942988 ], [ 168.229184840074026, -46.436854190201437 ], [ 168.229025990709403, -46.436243035215043 ], [ 168.228827461902966, -46.435639255746544 ], [ 168.228516646006483, -46.435056360350472 ], [ 168.228130170775728, -46.434487534697801 ], [ 168.227961670041026, -46.433878149369633 ], [ 168.227626551119783, -46.43329975638526 ], [ 168.227329294648541, -46.43271431283609 ], [ 168.226984553619957, -46.432137697313124 ], [ 168.226650120441718, -46.431559157685946 ], [ 168.226356499279945, -46.430973018718753 ], [ 168.22611903713937, -46.430376425062562 ], [ 168.22580619309764, -46.429793849728519 ], [ 168.225488733845793, -46.42921212669215 ], [ 168.225095266891316, -46.428644538478473 ], [ 168.224725287233184, -46.428069906386504 ], [ 168.224351605737724, -46.427504750553673 ], [ 168.223841324175595, -46.426986704434619 ], [ 168.223456676414145, -46.426427705468278 ], [ 168.223047668823853, -46.42587673167138 ], [ 168.222675127312158, -46.425313730525325 ], [ 168.222222083290092, -46.424777263280141 ], [ 168.221830063497862, -46.424220672534474 ], [ 168.221584366309685, -46.42361583730198 ], [ 168.220977203618133, -46.423130162740307 ] ] } },
{ "type": "Feature", "properties": { "group_id": "nzd0540" }, "geometry": { "type": "LineString", "coordinates": [ [ 169.758245259099425, -46.466835537142813 ], [ 169.757695719997258, -46.467383592285394 ], [ 169.757111866363033, -46.467946094374923 ], [ 169.756549243010795, -46.468499762344855 ], [ 169.756071093460804, -46.469062316622463 ], [ 169.755578645776382, -46.469646308761227 ], [ 169.755060244763882, -46.470246647715804 ], [ 169.754968724149165, -46.470887565070107 ], [ 169.754823362150034, -46.471485339634427 ], [ 169.754599750204278, -46.472110452656999 ], [ 169.754357223611834, -46.472761500191829 ], [ 169.754290532794926, -46.473397727465596 ], [ 169.75424444336906, -46.474009401706269 ] ] } },
{ "type": "Feature", "properties": { "group_id": "nzd0541" }, "geometry": { "type": "LineString", "coordinates": [ [ 169.749377676595941, -46.477982674316507 ], [ 169.748720882911101, -46.477583283335782 ], [ 169.748121943632185, -46.477164768409914 ], [ 169.747347721714334, -46.47688165543088 ], [ 169.746534896138286, -46.476667639622043 ], [ 169.74573075019822, -46.476446953387025 ], [ 169.744888205090348, -46.476259608208096 ] ] } },
{ "type": "Feature", "properties": { "group_id": "nzd0543" }, "geometry": { "type": "LineString", "coordinates": [ [ 169.614634920405678, -46.540977863895115 ], [ 169.614222361988652, -46.541547291162189 ], [ 169.613850413729267, -46.542122954480185 ], [ 169.613517664158934, -46.542704637045546 ], [ 169.613286778257361, -46.543301972914733 ], [ 169.613062976914421, -46.543900391169011 ] ] } },
{ "type": "Feature", "properties": { "group_id": "nzd0544" }, "geometry": { "type": "LineString", "coordinates": [ [ 169.524019506693975, -46.555925063898307 ], [ 169.523183596097084, -46.556244527328111 ], [ 169.522327826221101, -46.556566445404769 ], [ 169.52142891692273, -46.556565781478533 ], [ 169.520560007615757, -46.556580127917307 ], [ 169.519710942623988, -46.556595156302656 ], [ 169.518849809508254, -46.556576576578848 ], [ 169.517962629716436, -46.556508458334697 ], [ 169.517033706320063, -46.556504697527558 ], [ 169.516123542699205, -46.556396313174062 ], [ 169.515215303480574, -46.556462485880402 ], [ 169.514320522602986, -46.556396994591623 ], [ 169.513421535385589, -46.5564111723574 ], [ 169.512513411028834, -46.556376472595026 ], [ 169.511597803069492, -46.556337043001456 ], [ 169.510707692064557, -46.556286802262854 ], [ 169.509828559128493, -46.556259520032825 ], [ 169.50893597838504, -46.556314834843789 ], [ 169.508025111243569, -46.556379625592662 ], [ 169.507102551921434, -46.556469526843415 ], [ 169.506194505327471, -46.556502619431768 ], [ 169.505297290960328, -46.556548765896423 ] ] } },
{ "type": "Feature", "properties": { "group_id": "nzd0545" }, "geometry": { "type": "LineString", "coordinates": [ [ 169.562596053497003, -46.562206351779864 ], [ 169.561560206100438, -46.562710520053471 ], [ 169.561173260296357, -46.560596653368364 ], [ 169.560292104117451, -46.560476773831624 ], [ 169.559413732897298, -46.560345661709199 ], [ 169.558517299420402, -46.560287419363704 ], [ 169.557637970300277, -46.560182616165804 ], [ 169.556767747481359, -46.560045786269917 ], [ 169.555910901179516, -46.559838878910767 ], [ 169.555057500470554, -46.55961712075203 ], [ 169.554149413290048, -46.559597993388444 ], [ 169.55325296163258, -46.559535750198755 ], [ 169.552362281064774, -46.559399915605852 ], [ 169.551442349847377, -46.559233811623535 ], [ 169.550510099655668, -46.559193641846846 ], [ 169.549603834422868, -46.55921755369863 ] ] } },
{ "type": "Feature", "properties": { "group_id": "nzd0546" }, "geometry": { "type": "LineString", "coordinates": [ [ 168.794221513281656, -46.58219480155558 ], [ 168.79347775355609, -46.581872301960118 ], [ 168.79301766453608, -46.581448492901174 ], [ 168.792247191924616, -46.581189291808727 ], [ 168.791353266143574, -46.580984700614017 ], [ 168.79038043102932, -46.580829990754019 ], [ 168.789424513953634, -46.580781105107668 ], [ 168.788598636907693, -46.580537747917518 ], [ 168.787788151570908, -46.580266433489896 ], [ 168.786985210340447, -46.579981422838905 ], [ 168.786183974437364, -46.579693317974467 ], [ 168.785380546469071, -46.579464177355369 ], [ 168.784700742279227, -46.579104532389039 ], [ 168.783910743725983, -46.57883485141322 ], [ 168.783084402791417, -46.578580053356511 ], [ 168.782259610975785, -46.578323531888095 ], [ 168.691208985182016, -46.56948628315228 ], [ 168.690312777379603, -46.569529900634919 ], [ 168.689416582794991, -46.569573828876983 ], [ 168.688520169278689, -46.569612630009757 ], [ 168.687623948377848, -46.569655943027136 ], [ 168.68672811455491, -46.569708329248762 ], [ 168.685832682024625, -46.569770129160908 ], [ 168.684936887828258, -46.569823458895613 ], [ 168.684040940162504, -46.569873195202483 ], [ 168.683145948153282, -46.569945358057758 ], [ 168.682250524641518, -46.570007410514449 ], [ 168.681355234491377, -46.570072604669363 ], [ 168.68045957645873, -46.570129173207519 ], [ 168.679561422616416, -46.570183281335034 ], [ 168.678661137828527, -46.570266448738202 ], [ 168.677774762964475, -46.570408589141415 ], [ 168.676888607496011, -46.570515755051765 ], [ 168.67599693667492, -46.570587297961836 ], [ 168.675106872531813, -46.570669217101127 ], [ 168.674217218335116, -46.570753783506866 ], [ 168.673324683562555, -46.570819738505534 ], [ 168.672437528070333, -46.570920446807527 ], [ 168.671544170442729, -46.57098108045016 ], [ 168.670660191953914, -46.571102319392956 ], [ 168.669769054812775, -46.571177299235138 ], [ 168.668880903113603, -46.571271572161677 ], [ 168.667991523587347, -46.571357909639048 ], [ 168.667104033242225, -46.571456458378705 ], [ 168.66621556991953, -46.571548718614544 ], [ 168.665327636287543, -46.571644403678263 ], [ 168.664440418870186, -46.5717447202709 ], [ 168.663553529705666, -46.571847160874356 ], [ 168.662666026587857, -46.571945633300018 ], [ 168.661781200140211, -46.572061416591048 ], [ 168.660896721948149, -46.572177597875545 ], [ 168.660034103855622, -46.572357241750076 ], [ 168.65916212142065, -46.572503770063754 ], [ 168.658283590750784, -46.57263051198435 ], [ 168.657407023676342, -46.572763758675151 ], [ 168.656532639695712, -46.572904238223835 ], [ 168.655661581131142, -46.573055736994199 ], [ 168.654783507545176, -46.573183987438853 ], [ 168.653908965080888, -46.573323938761433 ], [ 168.653035229441372, -46.573466563119084 ], [ 168.652155490244297, -46.57358928838017 ], [ 168.651288379005763, -46.573753867164818 ], [ 168.650420061234001, -46.573914447461789 ], [ 168.649559239293552, -46.574099875151312 ], [ 168.6486877928902, -46.57425008620978 ], [ 168.647810241851204, -46.574380060097951 ], [ 168.646930118461, -46.574501504569852 ], [ 168.646055136016088, -46.574639990182796 ], [ 168.645184158734708, -46.574793424601602 ], [ 168.644327163058165, -46.574987962417993 ], [ 168.643470408313732, -46.575178807034845 ], [ 168.642615235307488, -46.575374068983976 ], [ 168.641748699004722, -46.575536426812896 ], [ 168.640885575034815, -46.575708665559176 ], [ 168.640004217290965, -46.575828100176075 ], [ 168.639137436231294, -46.575989746035951 ], [ 168.638249250655889, -46.576089400829382 ], [ 168.637391176565359, -46.576276260599343 ], [ 168.636521251946277, -46.576428798330632 ], [ 168.635658223874373, -46.576601309934524 ], [ 168.63479122761305, -46.576762327627506 ], [ 168.63392915161208, -46.576937596477954 ], [ 168.633065123382835, -46.577107210456369 ], [ 168.632203813943448, -46.577284699866077 ], [ 168.631338332034176, -46.577450102484562 ], [ 168.63047644127775, -46.577625907943123 ], [ 168.629622859772638, -46.577825180902614 ], [ 168.628751817598896, -46.577973786402325 ], [ 168.627914376662631, -46.578208477963614 ], [ 168.62703024619762, -46.578325205493165 ], [ 168.626179763418975, -46.578526697691522 ], [ 168.625310186789193, -46.578680085466729 ], [ 168.624451451320994, -46.578860784628034 ], [ 168.624268354343059, -46.578906241732142 ] ] } },
{ "type": "Feature", "properties": { "group_id": "nzd0547" }, "geometry": { "type": "LineString", "coordinates": [ [ 169.45674813067194, -46.577001929304792 ], [ 169.455865517036528, -46.577119638074976 ], [ 169.454998635213173, -46.577280926408974 ], [ 169.454156412080636, -46.577510529708789 ], [ 169.45335905249749, -46.577864431546331 ], [ 169.452522539860638, -46.57810986574146 ], [ 169.451717159765934, -46.578441561557398 ], [ 169.450873395502413, -46.578666913498928 ], [ 169.45003574866945, -46.578909218460609 ], [ 169.449257347659625, -46.579189076818885 ], [ 169.448547966434575, -46.57942363067361 ], [ 169.44780340742787, -46.579673429815251 ], [ 169.4470240272193, -46.579958379887593 ], [ 169.446266625775621, -46.580274445980059 ], [ 169.445537156877663, -46.580612689622647 ], [ 169.444798951798049, -46.580946366640198 ], [ 169.444055004317704, -46.581292156831587 ], [ 169.443340970429631, -46.581671360004009 ] ] } },
{ "type": "Feature", "properties": { "group_id": "nzd0548" }, "geometry": { "type": "LineString", "coordinates": [ [ 168.806143987396808, -46.590802795048731 ], [ 168.806210210701011, -46.590184816617985 ], [ 168.805941331577287, -46.589508289067275 ], [ 168.805558629911872, -46.588891962739645 ], [ 168.805057224797963, -46.588345784802627 ], [ 168.804460690924145, -46.587839209247406 ], [ 168.80380469548021, -46.587400457474459 ], [ 168.803138794046959, -46.586959390720175 ], [ 168.802357744870164, -46.586618800647223 ] ] } },
{ "type": "Feature", "properties": { "group_id": "nzd0549" }, "geometry": { "type": "LineString", "coordinates": [ [ 168.62341283066587, -46.579095032188889 ], [ 168.622555639919028, -46.579279621852223 ], [ 168.621690900767305, -46.579445191406471 ], [ 168.620826775739999, -46.579612306691871 ], [ 168.61996645448508, -46.579789005108317 ], [ 168.619111533083128, -46.579979309335862 ], [ 168.618260940251446, -46.580180520891048 ], [ 168.617397227078186, -46.580348669408551 ], [ 168.616529129616254, -46.580505767661414 ], [ 168.615671410300052, -46.580689018101289 ], [ 168.614804002016939, -46.580847849622714 ], [ 168.613958120157491, -46.581064868852629 ], [ 168.613116459672455, -46.581289634502035 ], [ 168.612280531746194, -46.581522615088851 ], [ 168.611419859164869, -46.581697879292527 ], [ 168.610566145980556, -46.581889035742286 ], [ 168.609697264750821, -46.582045548617238 ], [ 168.608849967609387, -46.582251355829044 ], [ 168.60800953699777, -46.582472845782256 ], [ 168.607160944323965, -46.582675693274773 ], [ 168.606311554511791, -46.582876719365288 ], [ 168.605456290954862, -46.583064328067636 ], [ 168.6045989102183, -46.583247099274146 ], [ 168.603753819044869, -46.583457941745628 ], [ 168.60290449508696, -46.583659114840565 ], [ 168.602069214644786, -46.583892368093615 ], [ 168.601229699731164, -46.584115948704451 ], [ 168.600380477261211, -46.584317352773922 ], [ 168.599529208535699, -46.584514081360304 ], [ 168.598681552133854, -46.584719061744607 ], [ 168.597828943880842, -46.584914023770978 ], [ 168.59697229483632, -46.585100465371383 ], [ 168.596127842797102, -46.585312047021354 ], [ 168.595281237845739, -46.585518048122331 ], [ 168.59444225504464, -46.585740502859366 ], [ 168.593615053689319, -46.58598839153791 ], [ 168.592768404374624, -46.586194295182182 ], [ 168.591918650132385, -46.586393494501969 ], [ 168.591077574305558, -46.586611429047529 ], [ 168.590237469788065, -46.5868314602086 ], [ 168.589401484651859, -46.587060385038164 ], [ 168.588564845044658, -46.58728789679629 ], [ 168.587712885919188, -46.587481906349829 ], [ 168.586863184793202, -46.587681199442542 ], [ 168.586015021312761, -46.587884919705736 ], [ 168.585162834061975, -46.588079615100249 ], [ 168.584309361283715, -46.58827135796593 ], [ 168.583461995769937, -46.588477122167141 ], [ 168.582611182692631, -46.588674970008661 ], [ 168.581758238474805, -46.588867923615375 ], [ 168.580913016581263, -46.589078608109347 ], [ 168.580065688256269, -46.589284455484091 ], [ 168.57921956462485, -46.589493068741128 ], [ 168.578378847694722, -46.589714097379485 ], [ 168.577531885891148, -46.589920785487024 ], [ 168.576685261146821, -46.59012824722079 ], [ 168.575846256999739, -46.590353209401378 ], [ 168.574999917684835, -46.590561326292494 ], [ 168.574162478348512, -46.590789882730355 ], [ 168.573314437014318, -46.590994090413169 ], [ 168.572467016819076, -46.591199724149988 ], [ 168.571637188309154, -46.591445761713253 ], [ 168.570801140452318, -46.591658459840446 ], [ 168.569984342150747, -46.591900411934958 ], [ 168.569145654792237, -46.592118209879033 ], [ 168.568317120498193, -46.59235622905986 ], [ 168.567488298007589, -46.592593730889867 ], [ 168.566661749650393, -46.592835303640499 ], [ 168.565822011191443, -46.593053255619971 ], [ 168.564996575130635, -46.5932968174507 ], [ 168.564169277684613, -46.593537044870075 ], [ 168.563339397230351, -46.593772645416855 ], [ 168.562511459962451, -46.594011724508881 ], [ 168.561684650740119, -46.594252822523615 ], [ 168.560854487231637, -46.594487912170322 ], [ 168.560020153863945, -46.594715104358308 ], [ 168.559191958287187, -46.594952459369587 ], [ 168.558368447911448, -46.595198026557988 ], [ 168.557546013141632, -46.595445933482388 ], [ 168.556714124686778, -46.595677634403948 ], [ 168.555883534229537, -46.595911558415729 ], [ 168.555055540934234, -46.596149932625934 ], [ 168.554234499981305, -46.596400222922178 ], [ 168.55341508466077, -46.596653298694967 ], [ 168.552592464218293, -46.596900890202733 ], [ 168.551782821497483, -46.59717093047248 ], [ 168.550963812310016, -46.597424144637763 ], [ 168.550151282588871, -46.597687808231811 ], [ 168.54933651758887, -46.597947785943042 ], [ 168.548528627031175, -46.598219094807988 ], [ 168.547712754880564, -46.598477245072871 ], [ 168.546905665405916, -46.598749872573833 ], [ 168.546098293515911, -46.599022033650208 ], [ 168.54528791636659, -46.59928923944527 ], [ 168.544481490203594, -46.599562957858303 ], [ 168.543673213889008, -46.599833930772675 ], [ 168.542850947640602, -46.60008272490461 ], [ 168.542031660147103, -46.600337035212462 ], [ 168.541214880447285, -46.600594864284965 ], [ 168.540394590777566, -46.600846622083701 ], [ 168.539572780024599, -46.60109574806917 ], [ 168.538744552096944, -46.601333774208364 ], [ 168.537910259256222, -46.601561309181868 ], [ 168.537072656078124, -46.601783116704773 ], [ 168.536250028493612, -46.602030824079897 ], [ 168.535413256791031, -46.602254065927603 ], [ 168.534563905633149, -46.602453643693174 ], [ 168.533740093364571, -46.602692542413692 ], [ 168.532901775057155, -46.602908744481134 ], [ 168.532054567580587, -46.603112650682668 ], [ 168.53121383209853, -46.603329776305294 ], [ 168.530377503662265, -46.603555903816329 ], [ 168.529537840204512, -46.603775217647872 ], [ 168.528697846842505, -46.603993856602543 ], [ 168.527863207315534, -46.60422343232387 ], [ 168.527020387398409, -46.60443629495947 ], [ 168.526175553955653, -46.604645042682449 ], [ 168.525331705978715, -46.604855802455539 ], [ 168.524487737721671, -46.605051003223146 ], [ 168.523644981151477, -46.605251347994802 ], [ 168.522800148888422, -46.605467750637644 ], [ 168.521947558268749, -46.605665771148132 ], [ 168.521089786187616, -46.605850042244157 ], [ 168.520231099189544, -46.606031885133824 ], [ 168.519375346297096, -46.606221514256248 ], [ 168.518505857081863, -46.606374688570476 ], [ 168.517646261922522, -46.606554119499599 ], [ 168.516790961859954, -46.606744627727295 ], [ 168.515934023733791, -46.606920630227116 ], [ 168.515063259756545, -46.60706542093412 ], [ 168.514188491617404, -46.60720908728883 ], [ 168.513314220974479, -46.60735472832198 ], [ 168.512429596669278, -46.607459292393663 ], [ 168.51155242391394, -46.607593419281322 ], [ 168.510665304651411, -46.607688080107465 ], [ 168.509792589523272, -46.60783989346983 ], [ 168.508908839268173, -46.607944868467079 ], [ 168.508032228169185, -46.608076836725942 ], [ 168.507145856201788, -46.608170841667253 ], [ 168.506268434742822, -46.608313878596363 ], [ 168.505381468183202, -46.608409297445945 ], [ 168.504503794515671, -46.608551080649072 ], [ 168.503618163159672, -46.608653161048892 ], [ 168.502735043573409, -46.608767774172769 ], [ 168.5018543512289, -46.60889449776711 ], [ 168.500966353555867, -46.60898513947064 ], [ 168.50007892493079, -46.609078287386261 ], [ 168.499199654842528, -46.609209733424493 ], [ 168.498312903832499, -46.609305707437095 ], [ 168.497429379628926, -46.609392991891376 ], [ 168.496542229435164, -46.609489238212845 ], [ 168.495643412675406, -46.609538541643801 ], [ 168.494744869285825, -46.609575157399263 ], [ 168.493846575776331, -46.609600441252823 ], [ 168.492948635404161, -46.609609739824712 ], [ 168.492051141005476, -46.609598880412655 ], [ 168.491152968681348, -46.609597632469146 ], [ 168.490258384699786, -46.609540014853387 ], [ 168.489360979963976, -46.60952207109986 ], [ 168.488465011969254, -46.609484533328235 ], [ 168.487567211019012, -46.609467334333047 ], [ 168.486668139786502, -46.609464225522615 ], [ 168.485770558799288, -46.609444586925733 ], [ 168.484871006277757, -46.609446811573505 ], [ 168.483972212301154, -46.609440621870789 ], [ 168.483073362443776, -46.609435049677806 ], [ 168.482175635239656, -46.609423872707822 ], [ 168.481272603158118, -46.609433587585677 ], [ 168.480378695180946, -46.609375035109124 ], [ 168.47947854317465, -46.609356122495207 ], [ 168.47857130001421, -46.609380755917449 ], [ 168.477667991464955, -46.609381217204465 ], [ 168.476764750007192, -46.60938126014198 ], [ 168.475870535480539, -46.609325870564824 ], [ 168.474983632211604, -46.609225593623066 ], [ 168.47409918544534, -46.60911024305436 ], [ 168.47320694135459, -46.609037085094876 ], [ 168.472315194122132, -46.608959622220517 ], [ 168.47141902639197, -46.608898718357331 ], [ 168.470527351926847, -46.608821731543259 ], [ 168.469634608875538, -46.60874893384576 ], [ 168.468752005525715, -46.608636380856808 ], [ 168.467853552897992, -46.608585967241133 ], [ 168.466967590864016, -46.608486583608538 ], [ 168.466078290764131, -46.608400287003001 ], [ 168.465187240577166, -46.608316145682551 ], [ 168.464298761831344, -46.60821599241914 ], [ 168.463408451945895, -46.608119408935117 ], [ 168.462529510925521, -46.607992910054747 ], [ 168.461635795473597, -46.607908662454648 ], [ 168.460764183639839, -46.607761203469508 ], [ 168.45987756212719, -46.607656667141427 ], [ 168.459000305884956, -46.607525349704964 ], [ 168.458119815480018, -46.607403280409962 ], [ 168.457239506671385, -46.607280691694591 ] ] } },
{ "type": "Feature", "properties": { "group_id": "nzd0550" }, "geometry": { "type": "LineString", "coordinates": [ [ 168.821134733982547, -46.600742809766224 ], [ 168.820398603623062, -46.600388263546549 ], [ 168.819579349134784, -46.600124982878071 ], [ 168.818760815404232, -46.599860908208136 ], [ 168.817984442100538, -46.599550541678987 ], [ 168.817245597950375, -46.599198969287272 ], [ 168.816498463083747, -46.598856498319961 ], [ 168.815878016892327, -46.598374933111032 ], [ 168.815154438691678, -46.598006597650105 ], [ 168.814374049470899, -46.597700634175432 ], [ 168.813529552849161, -46.597465051615764 ], [ 168.812766041994735, -46.59714055353691 ], [ 168.811968062802578, -46.59685389562248 ], [ 168.811143372969156, -46.596596559944132 ], [ 168.810264757257244, -46.596398423483997 ], [ 168.809433895836037, -46.596147856911699 ] ] } },
{ "type": "Feature", "properties": { "group_id": "nzd0551" }, "geometry": { "type": "LineString", "coordinates": [ [ 168.456772430417459, -46.60722749321463 ], [ 168.455882677863826, -46.607152184037751 ], [ 168.4549891439992, -46.607095758290988 ], [ 168.454088531424105, -46.60707924318001 ], [ 168.453192932599762, -46.607032211472571 ], [ 168.452287757278953, -46.607043586725787 ], [ 168.451396320642743, -46.606988507522203 ], [ 168.450498709185581, -46.606967641712892 ], [ 168.449600853635985, -46.606919037647017 ], [ 168.448698850919328, -46.60691289844992 ], [ 168.44779664001851, -46.606908722272713 ], [ 168.446911785360498, -46.606874002171814 ], [ 168.446019827264081, -46.606896279259516 ], [ 168.445114051404914, -46.606872429237619 ], [ 168.444205755053957, -46.606873002563752 ], [ 168.443323139210975, -46.606832694334571 ], [ 168.442445154737527, -46.60683045980732 ], [ 168.441545997316069, -46.606854255594101 ], [ 168.440646326587171, -46.606860757566025 ], [ 168.439747859665317, -46.606910120110975 ], [ 168.438850328680076, -46.606901422157989 ], [ 168.437960188711401, -46.606970454057929 ], [ 168.437077746086743, -46.607005405915579 ], [ 168.436180778804697, -46.607033770404534 ], [ 168.435279344122591, -46.607061078016365 ], [ 168.434382281469055, -46.607046249864482 ], [ 168.433479752204818, -46.607037972434 ], [ 168.432578787717574, -46.607002692371303 ], [ 168.431688400131208, -46.606915202462893 ], [ 168.430808785469225, -46.606798601695296 ], [ 168.429952433875997, -46.606608475170297 ], [ 168.429095036868119, -46.606438251610271 ], [ 168.428308312662296, -46.606193165069534 ], [ 168.427532155594378, -46.605937795928057 ], [ 168.426727042943412, -46.605675588484523 ], [ 168.425923563959458, -46.605415198701358 ], [ 168.425149619372348, -46.605151932107105 ], [ 168.424349059596892, -46.604887366668336 ], [ 168.423538711763484, -46.604644751010731 ], [ 168.42278391087595, -46.6044145713783 ], [ 168.422034954725234, -46.604138377887082 ], [ 168.421282874517829, -46.603823548473429 ], [ 168.420543388089129, -46.603480412276944 ], [ 168.419845219514514, -46.603098120301105 ], [ 168.419193292987813, -46.602686179836972 ], [ 168.418496758763098, -46.602257149416261 ], [ 168.417796391567265, -46.601851873207124 ], [ 168.41705190605586, -46.60151414661226 ], [ 168.416252340792994, -46.601193826246984 ], [ 168.415426763808455, -46.60090608614707 ], [ 168.414568807997711, -46.600653465335483 ], [ 168.413738244083362, -46.600391114615135 ], [ 168.412877398133219, -46.600171140081017 ], [ 168.412046225976553, -46.599922662002513 ], [ 168.411227359839756, -46.59966501519056 ], [ 168.410429868097935, -46.599379503936042 ], [ 168.409635833946993, -46.599087218500316 ], [ 168.408835033894377, -46.598806935542754 ], [ 168.408021615745326, -46.598530116223834 ], [ 168.407214411291875, -46.598238240583619 ], [ 168.406382912877234, -46.597996898541055 ], [ 168.405549171996768, -46.597759820617178 ], [ 168.404677400562548, -46.59757463763426 ], [ 168.403796507969673, -46.597412956521907 ], [ 168.402906915411819, -46.597269374804561 ], [ 168.402022052173692, -46.597114358564852 ], [ 168.40115525639564, -46.596940971909781 ], [ 168.400307349344928, -46.596757545059766 ], [ 168.399448104681682, -46.596578399763324 ], [ 168.398585139721519, -46.596386983218622 ], [ 168.397718584489184, -46.596233717638334 ], [ 168.396845793654336, -46.596102082040403 ], [ 168.395966986321667, -46.595958927189415 ], [ 168.395065855535591, -46.595873365401673 ], [ 168.394197829602405, -46.595726312472124 ], [ 168.393318918070122, -46.59560233859861 ], [ 168.392450026840919, -46.59545855210532 ], [ 168.391559146567033, -46.595369988646539 ], [ 168.390676810437043, -46.595248899233525 ], [ 168.38979524552596, -46.595125009219089 ], [ 168.388919608166304, -46.595018859027462 ], [ 168.388026290200116, -46.594963904501263 ], [ 168.387139724002111, -46.594842488795088 ], [ 168.386235799382348, -46.594804056475674 ], [ 168.38533036413628, -46.59483793901898 ], [ 168.38443394255961, -46.594859107981726 ], [ 168.383555006262696, -46.594932840743645 ], [ 168.382666877894678, -46.594998927172064 ], [ 168.381774401881358, -46.595067678842824 ], [ 168.380881620093248, -46.595097750429261 ], [ 168.379988816945058, -46.595156773102623 ], [ 168.37909427019494, -46.595255313827984 ], [ 168.378207611140652, -46.59538251561743 ], [ 168.377348242829953, -46.595583081525469 ], [ 168.376497522236178, -46.595793047047515 ], [ 168.375657364582935, -46.596019965696406 ], [ 168.374842777307066, -46.596302874448725 ], [ 168.374050304642566, -46.596598708510008 ], [ 168.373311521522766, -46.596951592998316 ], [ 168.372609508323563, -46.597332931046417 ], [ 168.371979280001881, -46.597781517491015 ], [ 168.371370549515404, -46.5982285814652 ], [ 168.370825580879341, -46.598701098295415 ], [ 168.370355521225434, -46.599216971491551 ], [ 168.369956053712826, -46.599756453123945 ] ] } },
{ "type": "Feature", "properties": { "group_id": "nzd0553" }, "geometry": { "type": "LineString", "coordinates": [ [ 168.831884680845093, -46.613438628283511 ], [ 168.832159403896981, -46.612845722658399 ], [ 168.832343910209772, -46.612191401104717 ], [ 168.832426854135861, -46.611548355966669 ], [ 168.832458307190933, -46.610925566400844 ], [ 168.832296502381467, -46.610285748225913 ], [ 168.831996655876821, -46.609680226014611 ], [ 168.831716337909882, -46.609083447505519 ], [ 168.83134120277731, -46.608522838675952 ] ] } },
{ "type": "Feature", "properties": { "group_id": "nzd0554" }, "geometry": { "type": "LineString", "coordinates": [ [ 169.379295077146793, -46.607985817512571 ], [ 169.378444830254011, -46.608184708064989 ], [ 169.377609615145587, -46.608416887114508 ], [ 169.37672853394173, -46.608547489426563 ], [ 169.375894710347069, -46.608782749273274 ], [ 169.375087374969468, -46.609076674572677 ] ] } },
{ "type": "Feature", "properties": { "group_id": "nzd0556" }, "geometry": { "type": "LineString", "coordinates": [ [ 169.268654151351882, -46.624632849942564 ], [ 169.267944808925563, -46.625016364335842 ], [ 169.267179023434096, -46.625360047710231 ], [ 169.266499137086129, -46.625764337970693 ], [ 169.265730696457808, -46.62610613863599 ], [ 169.265044092828674, -46.62650568066897 ], [ 169.264298479997905, -46.626863580039412 ], [ 169.263606769401264, -46.627259510068733 ], [ 169.263021806899303, -46.627730761359075 ], [ 169.262496002314464, -46.628243753065661 ], [ 169.262048188066046, -46.628811773915849 ], [ 169.261586595209593, -46.629370068498282 ], [ 169.261003875111811, -46.629842888428009 ] ] } },
{ "type": "Feature", "properties": { "group_id": "nzd0557" }, "geometry": { "type": "LineString", "coordinates": [ [ 169.130807726096435, -46.641137807955239 ], [ 169.129974878953192, -46.641380626682199 ], [ 169.129087489608082, -46.641491599236218 ], [ 169.128206971109307, -46.641619176788247 ], [ 169.127316283388438, -46.641722166355663 ], [ 169.126454130761431, -46.641894136151024 ], [ 169.125577537921913, -46.642031193367437 ], [ 169.124708878649358, -46.642187428151303 ], [ 169.123855293302597, -46.642380105666902 ], [ 169.122975439259193, -46.642509269793628 ], [ 169.122077855915364, -46.642595562635577 ], [ 169.121193086304601, -46.642712832343264 ], [ 169.120303870884413, -46.642819347505274 ], [ 169.119445874696993, -46.6430013485706 ], [ 169.118638590963286, -46.643305978707936 ], [ 169.117840459043009, -46.643632744412628 ], [ 169.116943001315349, -46.643880415577186 ], [ 169.115925495627778, -46.644083492617305 ], [ 169.114952923060969, -46.644310326677598 ], [ 169.114181268999289, -46.644626209019819 ], [ 169.113382705993473, -46.644913636941475 ], [ 169.112639127795916, -46.645259198580376 ], [ 169.111886382342846, -46.645595064855321 ], [ 169.111196818431608, -46.645997733483426 ], [ 169.11050848035967, -46.646401696631528 ], [ 169.109812134255662, -46.646797190791723 ], [ 169.109122964160008, -46.6472002709138 ], [ 169.108297490664654, -46.647615209383417 ], [ 169.107477202818757, -46.648188961892906 ], [ 169.106768526257468, -46.64874475620703 ], [ 169.106218311644227, -46.649235773195919 ], [ 169.105607074467116, -46.649700867727155 ], [ 169.105238817280167, -46.650269153377067 ], [ 169.104783890006587, -46.650800623909127 ], [ 169.104392465471761, -46.651399819799323 ], [ 169.103927414887636, -46.652153942807992 ], [ 169.103298480532516, -46.652871496403868 ], [ 169.102988401891338, -46.653458536343862 ], [ 169.102807638773754, -46.654062248961353 ], [ 169.102735640126383, -46.654679983567256 ], [ 169.102670472841226, -46.655298592353503 ], [ 169.102571446741564, -46.655969003364163 ], [ 169.102470261338908, -46.656705184554895 ], [ 169.102589443791288, -46.65739219120298 ], [ 169.102707235361862, -46.65800939398612 ], [ 169.102958687926275, -46.65862767099626 ], [ 169.103283253694485, -46.659374729595939 ], [ 169.103812219243849, -46.660237027289249 ], [ 169.104684903615464, -46.66079641802925 ], [ 169.105425118215237, -46.661164887852053 ] ] } },
{ "type": "Feature", "properties": { "group_id": "nzd0558" }, "geometry": { "type": "LineString", "coordinates": [ [ 168.845515333455637, -46.655241540042404 ], [ 168.845813232327686, -46.654659635441625 ], [ 168.845828394142387, -46.654004129854954 ], [ 168.845863064455955, -46.653373806267496 ], [ 168.845689852772779, -46.652753558507996 ], [ 168.845465665434546, -46.652131122519556 ], [ 168.845102063290796, -46.651527656734366 ], [ 168.844573212679649, -46.651006731822427 ], [ 168.844031453922781, -46.65051267212263 ], [ 168.843481574076577, -46.65000091701765 ], [ 168.842853402097973, -46.649523485420076 ], [ 168.8421676520787, -46.649100191836439 ], [ 168.841429501913098, -46.648689751395551 ], [ 168.840646835445938, -46.648309465194181 ], [ 168.839887578054373, -46.64797333927293 ], [ 168.839062266372196, -46.647714801175084 ], [ 168.838249452622705, -46.647438869271703 ], [ 168.837390217626336, -46.647245576868841 ], [ 168.836593265333732, -46.646960538665155 ], [ 168.835917677883344, -46.646747416460222 ], [ 168.835488424570059, -46.646464704034578 ], [ 168.834979112292729, -46.645960154216517 ], [ 168.834335829310533, -46.645442148540774 ], [ 168.83360943610603, -46.645023825203381 ], [ 168.832772611840312, -46.644669057599934 ], [ 168.831901925950234, -46.644399658406535 ], [ 168.831142097691782, -46.644068873821169 ] ] } },
{ "type": "Feature", "properties": { "group_id": "nzd0559" }, "geometry": { "type": "LineString", "coordinates": [ [ 168.946454282915539, -46.658371192834608 ], [ 168.945511815272482, -46.658448603314071 ], [ 168.944673941702746, -46.658191785158444 ], [ 168.943754744120383, -46.65819482730128 ], [ 168.942834405185579, -46.6582015076429 ], [ 168.941934948371937, -46.658141461016484 ], [ 168.941051729154452, -46.658029533553773 ], [ 168.940163240077425, -46.657903956148623 ], [ 168.939252869131536, -46.65785679337305 ], [ 168.938349674152789, -46.657822591800489 ], [ 168.937444734344808, -46.65780553405979 ], [ 168.936553932135382, -46.65772693729118 ], [ 168.935693687780173, -46.657515345186248 ], [ 168.934807065511166, -46.657348008199612 ], [ 168.93388837010707, -46.657347526870993 ], [ 168.93296306929264, -46.657504605816243 ], [ 168.932038899606056, -46.657656452536173 ], [ 168.93112194969197, -46.657758408839278 ], [ 168.930211409738007, -46.657816079402636 ], [ 168.929331019337383, -46.657665558610475 ], [ 168.928449621528159, -46.657522010055359 ], [ 168.927565350545763, -46.65739831303943 ], [ 168.926664888388103, -46.657386400627146 ], [ 168.92575543943471, -46.657436516809931 ], [ 168.924846779635459, -46.657481171794977 ], [ 168.923942910372176, -46.65749222500812 ], [ 168.865801788833949, -46.658094245053881 ], [ 168.864965065296872, -46.658335288354024 ], [ 168.864125703174778, -46.658569267061544 ], [ 168.863288665651567, -46.658759777252804 ], [ 168.862517887435928, -46.658994252848849 ], [ 168.861688514478317, -46.659159950791455 ], [ 168.860803189072982, -46.659291082495002 ], [ 168.859925388159866, -46.659486896746564 ], [ 168.859039278022038, -46.659611312309593 ], [ 168.858144612790767, -46.659662195069018 ], [ 168.857252666224213, -46.659736446768221 ], [ 168.856370656683282, -46.659896138134272 ], [ 168.855495371354692, -46.660131277755085 ], [ 168.854598717894106, -46.659579237983465 ], [ 168.853702732185894, -46.659574773445797 ], [ 168.852803974308898, -46.659690816084108 ], [ 168.851902474907376, -46.660120023888325 ] ] } },
{ "type": "Feature", "properties": { "group_id": "nzd0560" }, "geometry": { "type": "LineString", "coordinates": [ [ 169.056234892377404, -46.665489147911323 ], [ 169.055588798302296, -46.665057138036239 ], [ 169.054867275270567, -46.664668838594267 ], [ 169.054487267271156, -46.664082611868309 ], [ 169.053857556631669, -46.663624169760048 ], [ 169.05324325492893, -46.663108099381894 ], [ 169.052371583458381, -46.662818857114729 ], [ 169.051899786022602, -46.662214119363213 ], [ 169.051111039185884, -46.661911395666365 ], [ 169.05034738403333, -46.661584760062837 ], [ 169.049432426295255, -46.661326939590246 ], [ 169.048565188497918, -46.661006378913484 ], [ 169.047604412941695, -46.660954913671226 ], [ 169.046683019225327, -46.660883515247448 ], [ 169.045813877228852, -46.660718294996805 ], [ 169.044914707535156, -46.660596431049846 ], [ 169.04403014902482, -46.660422995370034 ], [ 169.043102043252901, -46.660387238508925 ], [ 169.042207159816371, -46.66045416755307 ], [ 169.041309607277867, -46.660469536198804 ], [ 169.040411335553387, -46.660470993824724 ], [ 169.039511798512308, -46.660447974557272 ], [ 169.038595596457327, -46.660461137381247 ], [ 169.037682736328264, -46.660550042009575 ], [ 169.036800858912414, -46.660703233654793 ], [ 169.03593723978102, -46.660918435361118 ], [ 169.035065709657829, -46.661093377382144 ], [ 169.034176994025046, -46.661217432507087 ], [ 169.033289175647269, -46.661346326183427 ], [ 169.032403893229286, -46.661473182061009 ], [ 169.03156725280536, -46.661705317582751 ], [ 169.030756431863637, -46.66199850683109 ] ] } },
{ "type": "Feature", "properties": { "group_id": "nzd0561" }, "geometry": { "type": "LineString", "coordinates": [ [ 168.530335961214206, -46.777261177523307 ], [ 168.529309517198016, -46.776445533408811 ], [ 168.528412778580275, -46.776603719409813 ], [ 168.527539293278949, -46.776851431046531 ], [ 168.526703528244042, -46.777148451667486 ], [ 168.525934872248882, -46.777503928085423 ], [ 168.525236137089195, -46.777918256256164 ], [ 168.52460604139452, -46.778384960955449 ], [ 168.524020158519846, -46.77887990889252 ], [ 168.523595803573301, -46.779433457396387 ] ] } },
{ "type": "Feature", "properties": { "group_id": "nzd0562" }, "geometry": { "type": "LineString", "coordinates": [ [ 174.92167064837551, -36.878535080082024 ], [ 174.920792156519155, -36.878363495388214 ], [ 174.920074635352364, -36.878031655686982 ], [ 174.919411311230704, -36.877560237293018 ], [ 174.918666364548869, -36.877084187563248 ], [ 174.918020987787401, -36.876533795983406 ], [ 174.917376173001912, -36.875982987920189 ], [ 174.916754923609233, -36.875414588117877 ], [ 174.916149635533287, -36.874844657131874 ], [ 174.915454912886901, -36.87415076859449 ], [ 174.914775266202838, -36.873439099600454 ], [ 174.914155168731128, -36.872693883213429 ], [ 174.913516694974419, -36.871961415640186 ], [ 174.913032143274847, -36.871316653486929 ], [ 174.912544662335989, -36.870670941150742 ], [ 174.912092401661909, -36.87000987587048 ], [ 174.91174033349867, -36.869306066085848 ], [ 174.911387008530625, -36.868676482735012 ], [ 174.911055066246377, -36.868037438194754 ] ] } },
{ "type": "Feature", "properties": { "group_id": "nzd0563" }, "geometry": { "type": "LineString", "coordinates": [ [ 176.937661707652893, -39.336044756329706 ], [ 176.937061607344077, -39.33805615926547 ], [ 176.93577498239307, -39.336601282979736 ] ] } },
{ "type": "Feature", "properties": { "group_id": "nzd0564" }, "geometry": { "type": "LineString", "coordinates": [ [ 173.323974251850899, -41.202088908294094 ], [ 173.324766224629002, -41.201686965298741 ], [ 173.32557544441579, -41.201303999977718 ], [ 173.326331442846964, -41.200898341844166 ], [ 173.327081611216215, -41.200453048500187 ], [ 173.327847392614785, -41.200022709053364 ], [ 173.328629511281918, -41.199578189424365 ], [ 173.329377110049876, -41.199127262225687 ], [ 173.330118620552497, -41.198669449542329 ], [ 173.330919867274673, -41.198242577338142 ], [ 173.331730403320421, -41.19786242006078 ], [ 173.332557359854945, -41.197568377385323 ], [ 173.333335027951904, -41.197150398533047 ], [ 173.334152422247342, -41.196771867780583 ], [ 173.335086246967535, -41.196384332093054 ], [ 173.335991560335259, -41.196157818757548 ], [ 173.336914600786429, -41.195970683334622 ], [ 173.337822194341328, -41.195763027182593 ], [ 173.338722781564741, -41.195524545230548 ], [ 173.339573658065831, -41.195279927415761 ], [ 173.340445758724314, -41.194985255124557 ], [ 173.341299713964162, -41.194664262321886 ], [ 173.342128057641617, -41.194304357955644 ], [ 173.342912831003048, -41.193940310918258 ], [ 173.343737107350648, -41.193576573433361 ], [ 173.344529324159339, -41.193174577285035 ], [ 173.345275394861915, -41.19277137514473 ], [ 173.346035980675538, -41.192335902415628 ], [ 173.346790981609729, -41.191894853502447 ], [ 173.347559297225757, -41.191443478352909 ], [ 173.348300321937216, -41.1909854856641 ], [ 173.349096207261169, -41.190587664759725 ], [ 173.349890409848342, -41.190187902380465 ], [ 173.350679374062224, -41.189783132590918 ], [ 173.351470592951244, -41.189380529449714 ], [ 173.352304987565105, -41.188985886666167 ], [ 173.353124641178027, -41.188616309661917 ], [ 173.353954202606189, -41.188260129716838 ], [ 173.354770843710497, -41.187911196410219 ], [ 173.35559898088232, -41.187552788198083 ], [ 173.356430556126043, -41.187199296563399 ], [ 173.357268702928224, -41.186854072253375 ], [ 173.358102798576937, -41.186485793414199 ], [ 173.358919900558988, -41.186112308309987 ], [ 173.35973351894188, -41.185734034278568 ], [ 173.360517034593158, -41.18540551291462 ], [ 173.361331239557529, -41.185023919856881 ], [ 173.362081631727506, -41.184578871448558 ], [ 173.362789745389392, -41.184124804210661 ], [ 173.363539519127045, -41.18367701694649 ], [ 173.364273240037051, -41.183215584910975 ] ] } },
{ "type": "Feature", "properties": { "group_id": "nzd0565" }, "geometry": { "type": "LineString", "coordinates": [ [ 173.018368476306051, -41.019444149113021 ], [ 173.018380296496105, -41.018732323910662 ], [ 173.018732623224309, -41.018065824839795 ] ] } },
{ "type": "Feature", "properties": { "group_id": "nzd0566" }, "geometry": { "type": "LineString", "coordinates": [ [ 173.479714137637245, -41.156867456348266 ], [ 173.478783940610384, -41.15703086241006 ], [ 173.477854993585623, -41.157199728352232 ], [ 173.476917502702463, -41.157344040073113 ], [ 173.475984501975887, -41.157494149084371 ], [ 173.475054722571969, -41.157627927796455 ], [ 173.474120058327287, -41.157771416776257 ], [ 173.473188382994437, -41.157927348326986 ], [ 173.472251795436335, -41.158062775074882 ], [ 173.471312874886422, -41.158193273628306 ], [ 173.470372790462562, -41.15831841969851 ], [ 173.469435291923332, -41.158450780137834 ] ] } },
{ "type": "Feature", "properties": { "group_id": "nzd0567" }, "geometry": { "type": "LineString", "coordinates": [ [ 173.022680055902271, -41.033238361521832 ], [ 173.021680538865269, -41.032940851586645 ] ] } },
{ "type": "Feature", "properties": { "group_id": "nzd0568" }, "geometry": { "type": "LineString", "coordinates": [ [ 173.019965019987183, -41.026889089550238 ], [ 173.019545084109353, -41.026242042167667 ], [ 173.019126850624986, -41.025597082882136 ], [ 173.018830245138332, -41.025005121081527 ] ] } },
{ "type": "Feature", "properties": { "group_id": "nzd0569" }, "geometry": { "type": "LineString", "coordinates": [ [ 172.761409026942005, -40.78689317911941 ], [ 172.760486389076931, -40.786709718510323 ], [ 172.759602431649341, -40.786448961981804 ], [ 172.758727443631642, -40.786170288590831 ], [ 172.757867104198567, -40.785862351052522 ], [ 172.757088383117946, -40.785561267160439 ], [ 172.756241256423465, -40.785236294140439 ], [ 172.755423430365056, -40.784871506863745 ], [ 172.754619733065994, -40.784487188452999 ], [ 172.753915288125711, -40.784130242785757 ], [ 172.753152292043268, -40.783699648403747 ], [ 172.752406604464539, -40.783254199289871 ], [ 172.751749544767762, -40.782795363677351 ], [ 172.751085845366021, -40.782280501732942 ], [ 172.750457364847364, -40.781740116757611 ], [ 172.749849067865227, -40.781185493629366 ], [ 172.749227304022583, -40.780640611465742 ], [ 172.748629048391479, -40.780102013732517 ], [ 172.748040835839674, -40.779535505038048 ], [ 172.747357857393638, -40.779032358215176 ], [ 172.746795058520973, -40.778448865636925 ], [ 172.746177804039291, -40.777935675276133 ], [ 172.745498810291792, -40.777425261578848 ], [ 172.744819976171868, -40.776914753817806 ], [ 172.744170047277123, -40.776386805664998 ], [ 172.743539024264152, -40.775847451492517 ] ] } },
{ "type": "Feature", "properties": { "group_id": "nzd0570" }, "geometry": { "type": "LineString", "coordinates": [ [ 173.088613814489264, -41.234892109542137 ], [ 173.088112459431557, -41.234278858361513 ], [ 173.087635327561628, -41.233654944302728 ], [ 173.087153903832956, -41.233032474289061 ], [ 173.086661282163249, -41.232430440935495 ], [ 173.086244203106389, -41.231781838180666 ], [ 173.08584025829964, -41.231146919296371 ], [ 173.085451816976899, -41.230488701005186 ], [ 173.085102518589395, -41.229822237508046 ], [ 173.084726245436542, -41.229160030361605 ], [ 173.08433357307635, -41.228503131210601 ], [ 173.083953655572202, -41.227855533526665 ], [ 173.08360463439422, -41.22718425024091 ], [ 173.083335717599851, -41.226514930376752 ], [ 173.083208706051607, -41.225848117914502 ], [ 173.083329691748702, -41.225220747474452 ], [ 173.083886318493597, -41.224632390661021 ], [ 173.084182237214094, -41.223836674882826 ], [ 173.083896568383693, -41.223118276243 ], [ 173.083557045928586, -41.222451129212011 ], [ 173.083338199933195, -41.221778742635443 ], [ 173.083340387585082, -41.221092643273884 ], [ 173.083515919756138, -41.220419207067792 ], [ 173.083653393183852, -41.219659067977219 ], [ 173.083629450309388, -41.218938580508301 ], [ 173.083632812830672, -41.218228549777209 ], [ 173.083804167186315, -41.217579757392052 ], [ 173.083842609648485, -41.216813932791425 ], [ 173.083919427255665, -41.21613308683321 ], [ 173.084261283424809, -41.215465124778014 ], [ 173.084620214403429, -41.214793655197546 ], [ 173.084922727057346, -41.214154116578563 ], [ 173.085501439552019, -41.213509281202469 ] ] } },
{ "type": "Feature", "properties": { "group_id": "nzd0571" }, "geometry": { "type": "LineString", "coordinates": [ [ 172.875659252431404, -40.833098711667226 ], [ 172.874709661315137, -40.833114114014194 ], [ 172.873747592499029, -40.833128443042192 ], [ 172.872798750950267, -40.833127163919393 ], [ 172.871849919461084, -40.833144862379342 ], [ 172.870940809134964, -40.833099687732393 ], [ 172.869998552944509, -40.833000224320642 ], [ 172.869091667442262, -40.832926732613991 ], [ 172.868148691475881, -40.832842165658846 ], [ 172.867222041377772, -40.832669546639018 ], [ 172.866309686095661, -40.832617264292828 ], [ 172.865393889192774, -40.832419609067927 ], [ 172.86448375160785, -40.832249566214301 ], [ 172.863568589842373, -40.83205422174678 ], [ 172.862625426837013, -40.831955148462193 ], [ 172.861689537808957, -40.831763865574231 ], [ 172.860759237500929, -40.831621899831937 ] ] } },
{ "type": "Feature", "properties": { "group_id": "nzd0572" }, "geometry": { "type": "LineString", "coordinates": [ [ 173.068873082271836, -41.190536784271423 ], [ 173.068274504964108, -41.189971575839529 ], [ 173.067775813098763, -41.189366849541713 ], [ 173.067491667377283, -41.188730403285675 ], [ 173.06725012963517, -41.188067282860395 ], [ 173.067120744992309, -41.187341191462522 ], [ 173.067106458878413, -41.186690021200498 ], [ 173.066680804071154, -41.185919779459233 ], [ 173.06637747641966, -41.185272786144353 ], [ 173.066249547320695, -41.18458448104726 ], [ 173.066031064576379, -41.183765476576617 ], [ 173.065328914424498, -41.183223176377652 ] ] } },
{ "type": "Feature", "properties": { "group_id": "nzd0573" }, "geometry": { "type": "LineString", "coordinates": [ [ 173.064633830718577, -41.182682550441299 ], [ 173.063976194596819, -41.182158546784748 ], [ 173.063387746856023, -41.181590953297338 ], [ 173.062790341411642, -41.181040016626689 ], [ 173.062212628465318, -41.180466524471122 ], [ 173.061685571398158, -41.179873273815033 ], [ 173.061133403995456, -41.179252439636315 ], [ 173.060510554140706, -41.178722032510088 ], [ 173.059885562218142, -41.178177243005088 ], [ 173.059313501787472, -41.177617805596384 ], [ 173.05871534266069, -41.177033671490527 ], [ 173.058054378551645, -41.176485002363833 ], [ 173.057340955925099, -41.176004721069098 ], [ 173.056744470777829, -41.175429497068087 ], [ 173.05603421694596, -41.174933113877849 ], [ 173.055293895125374, -41.174445887949481 ], [ 173.05462421131287, -41.174006726069834 ], [ 173.053971976096278, -41.173471489727362 ], [ 173.053373765037094, -41.172985283743131 ], [ 173.052872268725764, -41.172358457231994 ], [ 173.052506017372224, -41.171743920526005 ], [ 173.052168670386209, -41.171060263355038 ], [ 173.051613637612718, -41.170376742540697 ], [ 173.051496914046595, -41.169511401887448 ], [ 173.050823514160697, -41.168970860799952 ] ] } },
{ "type": "Feature", "properties": { "group_id": "nzd0575" }, "geometry": { "type": "LineString", "coordinates": [ [ 173.187620728059528, -41.275947261108897 ], [ 173.18698345195773, -41.275389887624321 ], [ 173.186199934755081, -41.274976499035638 ], [ 173.185306831566493, -41.274513089987131 ], [ 173.184481649027191, -41.274148070501369 ], [ 173.183521084938434, -41.273947883653818 ], [ 173.182638658149813, -41.273652926012602 ], [ 173.181748014535884, -41.273273265266582 ], [ 173.180884299717832, -41.272963808854669 ], [ 173.180022521962627, -41.272651892935635 ], [ 173.179168774619768, -41.272328241611618 ], [ 173.178328406865973, -41.27198579262776 ], [ 173.177407634256781, -41.271657110190361 ], [ 173.176533532733657, -41.271365218013109 ], [ 173.175657675175557, -41.27107768689055 ], [ 173.174779045379438, -41.270796344270742 ], [ 173.173893358207238, -41.270524947381155 ], [ 173.173012245779375, -41.27025402343839 ], [ 173.172132160645418, -41.269973810983593 ], [ 173.171245984198919, -41.269704366939692 ], [ 173.170357618453437, -41.269439850547904 ], [ 173.169468984898259, -41.269173605404461 ], [ 173.168554768833104, -41.268922392179455 ], [ 173.167673940274085, -41.268644667756064 ], [ 173.166775468695704, -41.268398860932983 ], [ 173.165883121628951, -41.268140772329026 ], [ 173.164994096392007, -41.267878308805187 ], [ 173.1640940444411, -41.26763468548257 ], [ 173.163201903668863, -41.267378012640144 ], [ 173.162290258061176, -41.267157090402002 ], [ 173.161381625563195, -41.266872901763293 ], [ 173.160488098941244, -41.266616481259639 ], [ 173.159592196642933, -41.26636654459552 ], [ 173.15870334920632, -41.266098322036015 ], [ 173.157825215834265, -41.265869912566991 ], [ 173.156938942031729, -41.265600924292528 ], [ 173.156056984361783, -41.265324766029742 ], [ 173.155168210045275, -41.265060869566661 ], [ 173.15429636233452, -41.264791321316061 ], [ 173.153399703477106, -41.264541041631261 ], [ 173.152529094972692, -41.264244413569394 ], [ 173.151645386192172, -41.263970068272926 ], [ 173.150765431272049, -41.263689757511024 ], [ 173.149883374229262, -41.263414577156709 ], [ 173.149006430649791, -41.263135784657671 ], [ 173.148124575844946, -41.26285912008241 ], [ 173.147236959475947, -41.262593037077309 ], [ 173.146366653553258, -41.262295318397257 ], [ 173.14548807092271, -41.26201267137975 ], [ 173.14460412674552, -41.261739868827291 ], [ 173.143729915876122, -41.261459639641124 ], [ 173.142854508008384, -41.261171424294979 ], [ 173.141973757159491, -41.260891545139877 ], [ 173.141104295523633, -41.260593929939084 ], [ 173.140210992850314, -41.260337922686709 ], [ 173.139318134653422, -41.260081121558407 ], [ 173.138449292839027, -41.259787086430968 ], [ 173.137575032194775, -41.259496963075762 ], [ 173.136680175650298, -41.259243342753571 ], [ 173.135809160513503, -41.258947589057279 ], [ 173.134919774197328, -41.258684381135211 ], [ 173.134060937405252, -41.25841017791921 ], [ 173.1331839737135, -41.258124469435501 ], [ 173.132310875680332, -41.257831191323959 ], [ 173.13144952537445, -41.257519856849292 ], [ 173.130666269792357, -41.257210831018789 ], [ 173.129840518363835, -41.256848854366631 ], [ 173.129034973868642, -41.256460976138762 ], [ 173.128241302134398, -41.256057882606257 ], [ 173.127440818346798, -41.255663529535994 ] ] } },
{ "type": "Feature", "properties": { "group_id": "nzd0577" }, "geometry": { "type": "LineString", "coordinates": [ [ 173.020231688381386, -41.042880333396319 ], [ 173.019409779480668, -41.042428703763846 ], [ 173.018980079551397, -41.041842980317973 ], [ 173.018533524264029, -41.04120193723984 ], [ 173.018186682281964, -41.040530854713225 ] ] } }
]
}
