{
"type": "FeatureCollection",
"name": "oslr_lines_shoreline_83_shiftedqtl_2100_7",
"crs": { "type": "name", "properties": { "name": "urn:ogc:def:crs:OGC:1.3:CRS84" } },
"features": [
{ "type": "Feature", "properties": { "group_id": "nzd0001" }, "geometry": { "type": "LineString", "coordinates": [ [ 172.986685765068614, -34.417200840064645 ], [ 172.987300293238206, -34.416658342351155 ], [ 172.987909681891495, -34.41611383802644 ], [ 172.988482069685006, -34.41554071901556 ] ] } },
{ "type": "Feature", "properties": { "group_id": "nzd0002" }, "geometry": { "type": "LineString", "coordinates": [ [ 172.936560244739184, -34.427088349417112 ], [ 172.937460965428528, -34.427191321384996 ], [ 172.938358401677846, -34.427144316174278 ], [ 172.93925527254433, -34.427071535667629 ], [ 172.940152273486035, -34.427004725275751 ] ] } },
{ "type": "Feature", "properties": { "group_id": "nzd0003" }, "geometry": { "type": "LineString", "coordinates": [ [ 173.012314568821466, -34.422943089917993 ], [ 173.01175707483867, -34.423538437635372 ], [ 173.011331531771617, -34.424191055156278 ], [ 173.011048750091902, -34.42490563467048 ], [ 173.010534195046944, -34.425519605295356 ], [ 173.010120278602074, -34.426177254018654 ], [ 173.009801173032713, -34.426876051069677 ], [ 173.009484409440574, -34.427575859276253 ], [ 173.009129162960136, -34.428296305089439 ], [ 173.008857821037594, -34.429041711425917 ], [ 173.008520350704487, -34.429735075605556 ], [ 173.008233299608975, -34.430437208888172 ], [ 173.007876406830889, -34.431120513368697 ], [ 173.007577523210614, -34.431819445882063 ], [ 173.007338162534381, -34.432538804202849 ], [ 173.007121130458813, -34.433279290713898 ], [ 173.00684463001636, -34.434002620874466 ], [ 173.006573010184468, -34.434710865716667 ], [ 173.006359848212583, -34.43543061590092 ], [ 173.006265323194498, -34.436173721715413 ], [ 173.006048042365762, -34.436892648342251 ], [ 173.005729442514649, -34.437591617248188 ], [ 173.005565352359184, -34.43833774819813 ], [ 173.005366065024532, -34.439093681125108 ], [ 173.005299537118191, -34.439850382834571 ], [ 173.005034915650157, -34.440570713732455 ], [ 173.005149357902184, -34.441327719771486 ], [ 173.004985827181173, -34.442057820251208 ], [ 173.004814265128374, -34.442787137079115 ], [ 173.004714003173717, -34.443534776980258 ], [ 173.004539451349331, -34.444281962222682 ], [ 173.004494211276153, -34.445026156069183 ] ] } },
{ "type": "Feature", "properties": { "group_id": "nzd0004" }, "geometry": { "type": "LineString", "coordinates": [ [ 172.798681306805662, -34.454162810111868 ], [ 172.799589946333327, -34.454193739226973 ], [ 172.800491325917477, -34.454172895386797 ], [ 172.801369087391976, -34.453983663236158 ], [ 172.802255811723171, -34.453858337223423 ], [ 172.803160701315306, -34.453862509074177 ], [ 172.804051932167766, -34.453769308146299 ], [ 172.804951441817508, -34.453735118780443 ], [ 172.80583364488291, -34.453577569519588 ], [ 172.806736908844357, -34.453570133849901 ], [ 172.807625221543162, -34.453456133900055 ], [ 172.8085189081377, -34.453380434029221 ], [ 172.809402286582184, -34.453231274753513 ], [ 172.810289775673482, -34.453111413471838 ], [ 172.811171736054376, -34.452952160173581 ], [ 172.812059358288991, -34.4528332557488 ], [ 172.812942543733158, -34.452682742755655 ], [ 172.813819825598529, -34.452490175437909 ], [ 172.814728080693101, -34.45232022496868 ], [ 172.815641252686447, -34.452139330943396 ], [ 172.816519796913639, -34.451905263497402 ], [ 172.817372620027328, -34.451664141270641 ], [ 172.81822342287137, -34.451419237816772 ], [ 172.819089994730007, -34.451203826749925 ], [ 172.819930935929506, -34.450940473061969 ], [ 172.820790309311462, -34.450711592620543 ], [ 172.821649230086678, -34.450481862921293 ], [ 172.822486137230584, -34.45021095773258 ], [ 172.823341815047627, -34.449975157805376 ], [ 172.824198918515464, -34.449742021701354 ], [ 172.825037759807486, -34.449474727883953 ], [ 172.825849960636532, -34.449157608066855 ], [ 172.826694494966375, -34.448900958465018 ], [ 172.827508916998823, -34.448587990675996 ], [ 172.828315867900642, -34.448261049661966 ], [ 172.829123007530342, -34.447934461063646 ], [ 172.829920926005371, -34.447590626975945 ], [ 172.830721169729543, -34.44725114120169 ], [ 172.831520572097844, -34.446910081700992 ], [ 172.832320053538524, -34.446569169809074 ], [ 172.833084810785124, -34.446163320585221 ], [ 172.833887723073843, -34.445828824683858 ], [ 172.834676835331379, -34.445468521680603 ], [ 172.835426293874605, -34.445034065012969 ], [ 172.836205733019796, -34.444655673958231 ], [ 172.836953378421356, -34.444217828867288 ], [ 172.837726955976564, -34.443828478015647 ], [ 172.838466599129362, -34.443375671210056 ], [ 172.83922028550208, -34.442954751178931 ], [ 172.839893749826672, -34.442540527702683 ], [ 172.840548188721556, -34.442116632281476 ], [ 172.841220365745585, -34.441624594388664 ], [ 172.841928508346712, -34.441163890848728 ], [ 172.842576658133225, -34.440650911062399 ], [ 172.843203143610083, -34.440119051679098 ], [ 172.843807489128352, -34.439567898340414 ], [ 172.84444117616215, -34.439042307727547 ], [ 172.845086055038024, -34.438526465658441 ] ] } },
{ "type": "Feature", "properties": { "group_id": "nzd0005" }, "geometry": { "type": "LineString", "coordinates": [ [ 172.6645627731655, -34.46821678834678 ], [ 172.665242082301916, -34.467726034636641 ], [ 172.665929799562605, -34.467241696360588 ], [ 172.666595894943526, -34.466740846890104 ], [ 172.667240051816066, -34.466227380829061 ], [ 172.667830681162769, -34.465684580327853 ], [ 172.668137968052974, -34.464897451861901 ], [ 172.668935308404826, -34.464509926562954 ], [ 172.66985725921981, -34.464227091344107 ], [ 172.670589154667226, -34.463784571866675 ], [ 172.670822122985498, -34.462922864627572 ], [ 172.671082982053065, -34.462109734128724 ], [ 172.671359037959661, -34.461465847394308 ], [ 172.671667404946959, -34.46081614808152 ], [ 172.672155789544547, -34.46017469500503 ], [ 172.672583350109903, -34.459514919404171 ], [ 172.672957871601312, -34.458839165761304 ], [ 172.673293749648622, -34.458151769209117 ], [ 172.673684309974533, -34.457480833988946 ], [ 172.673945915016816, -34.456771059167117 ], [ 172.674244207691544, -34.456072326695931 ], [ 172.674552536761723, -34.455376610803746 ], [ 172.674813283351085, -34.454666559891997 ], [ 172.675146263124844, -34.453978255804643 ], [ 172.675398803381711, -34.453265721885977 ], [ 172.675702560174699, -34.452568605789949 ], [ 172.675968545600654, -34.451862761643163 ], [ 172.676256598835096, -34.451162169169528 ], [ 172.676376155483183, -34.450426127104762 ], [ 172.676640505460966, -34.449713989717694 ], [ 172.67685049509015, -34.448993061988475 ], [ 172.677110737772637, -34.448280248274642 ], [ 172.677336152801075, -34.447561800493688 ], [ 172.677563923904074, -34.446843727115841 ], [ 172.677648160902947, -34.446102453896238 ], [ 172.677932594066334, -34.445393523887532 ], [ 172.678212416168407, -34.444683842437712 ], [ 172.678094932375842, -34.443909954080397 ], [ 172.678132534590361, -34.443160484695674 ], [ 172.678070848052613, -34.442405546213465 ], [ 172.678079063280421, -34.44166010667179 ], [ 172.678133108595347, -34.440918851408348 ] ] } },
{ "type": "Feature", "properties": { "group_id": "nzd0006" }, "geometry": { "type": "LineString", "coordinates": [ [ 173.003191631691834, -34.454908766293173 ], [ 173.003052591421522, -34.455647142922032 ], [ 173.002748858670174, -34.456382521581119 ], [ 173.002691375031134, -34.457122366129468 ], [ 173.002685287316638, -34.457863137653824 ], [ 173.002689572655839, -34.458604091018401 ], [ 173.002661949009195, -34.459332537912204 ], [ 173.002654613161752, -34.460050848376639 ], [ 173.002596528872829, -34.460779328754271 ], [ 173.002672094359241, -34.461528539957413 ], [ 173.002714745404688, -34.462282219399043 ], [ 173.002606631966472, -34.463033118554343 ], [ 173.002576590223043, -34.46378096646928 ], [ 173.002376793725176, -34.464518049338736 ] ] } },
{ "type": "Feature", "properties": { "group_id": "nzd0007" }, "geometry": { "type": "LineString", "coordinates": [ [ 173.002402760651108, -34.482196721203849 ], [ 173.001953269135612, -34.482838698100444 ], [ 173.001550360582911, -34.483500589169921 ], [ 173.001301346164411, -34.484228281363883 ], [ 173.00119091833659, -34.485054727423076 ], [ 173.00121065924273, -34.485891614511189 ], [ 173.001052792300698, -34.486654384742494 ], [ 173.000967010184013, -34.487392738917997 ], [ 173.001131673967706, -34.488145045096267 ], [ 173.001062402027259, -34.488905420880286 ], [ 173.00120158150969, -34.48965056875285 ], [ 173.001027221331753, -34.490420312258273 ], [ 173.001358599263739, -34.491128364179957 ], [ 173.001462400954608, -34.491864167185774 ], [ 173.001531859163094, -34.49260415258285 ], [ 173.001656498160173, -34.493337401149134 ], [ 173.00162741585919, -34.49408939230576 ], [ 173.001690526656887, -34.494834585257408 ], [ 173.001901937257372, -34.495563129712785 ], [ 173.001924665697942, -34.496313477762392 ], [ 173.001998844233071, -34.497054161014304 ], [ 173.002037702433995, -34.497799831964102 ], [ 173.002133809308589, -34.49853952149369 ], [ 173.002143697531807, -34.499307664543032 ], [ 173.002449087384207, -34.500027218568611 ], [ 173.00257781175165, -34.500761363330156 ], [ 173.002594768802879, -34.501514748916819 ], [ 173.002885560020616, -34.502220971748933 ], [ 173.003010080019976, -34.502955821436366 ], [ 173.003152339359445, -34.503676846021378 ], [ 173.003383033844813, -34.504322354300953 ], [ 173.003468556093708, -34.505000152989211 ], [ 173.003714785904094, -34.505728339758164 ], [ 173.003873524964916, -34.506461423786959 ], [ 173.004094795593005, -34.507283678172826 ], [ 173.004475150491686, -34.508052939818469 ] ] } },
{ "type": "Feature", "properties": { "group_id": "nzd0008" }, "geometry": { "type": "LineString", "coordinates": [ [ 172.702783510527468, -34.506595463921343 ], [ 172.702799185654868, -34.505829990259173 ], [ 172.702614153506516, -34.505105159697692 ], [ 172.702412185003055, -34.504383753081818 ], [ 172.702230485834605, -34.503649549122024 ], [ 172.701846105348949, -34.502857782686753 ], [ 172.701171964289557, -34.502220568250522 ], [ 172.700765838426321, -34.501549331615401 ], [ 172.7001686650934, -34.500991420780053 ], [ 172.699532541408757, -34.500456610994362 ], [ 172.699037329873562, -34.499838207396188 ], [ 172.698538578225481, -34.499221899454248 ], [ 172.69789113635531, -34.498693790603582 ], [ 172.697406333909385, -34.49806919935876 ], [ 172.69678847053089, -34.497517226673786 ], [ 172.69622086328954, -34.496933213556161 ], [ 172.695690307615081, -34.49633102836578 ], [ 172.69501176284237, -34.495830743482863 ], [ 172.694438186419006, -34.495260836840302 ], [ 172.693889171280546, -34.494674636564945 ], [ 172.693369946571011, -34.494068674554804 ], [ 172.692762851195681, -34.493520986549896 ], [ 172.692142220439365, -34.492968271698402 ], [ 172.691554258888658, -34.49238384531882 ], [ 172.690942611984696, -34.491830763045066 ], [ 172.690271477835665, -34.491338612319353 ], [ 172.689713563149354, -34.49074158524266 ], [ 172.689043368398274, -34.490248558843511 ], [ 172.688381838381304, -34.489743546254729 ], [ 172.687628589708595, -34.48920360937062 ], [ 172.686793672688765, -34.488716767014409 ], [ 172.68598600861813, -34.488388587663081 ], [ 172.68520431566219, -34.488008144300473 ], [ 172.684445246277107, -34.487582174874753 ] ] } },
{ "type": "Feature", "properties": { "group_id": "nzd0009" }, "geometry": { "type": "LineString", "coordinates": [ [ 172.893718200395824, -34.678969233616108 ], [ 172.893255359912018, -34.678334979216096 ], [ 172.892927618484293, -34.677626080849627 ], [ 172.892538587640502, -34.676951038700366 ], [ 172.892125458124497, -34.676289305874612 ], [ 172.891672234731573, -34.675649719599193 ], [ 172.891248383558349, -34.674993900979246 ], [ 172.890816002316029, -34.674342790435816 ], [ 172.890279650306752, -34.673749117840813 ], [ 172.889913177893391, -34.673061584216327 ], [ 172.889467058015327, -34.672418050225922 ], [ 172.888956652528009, -34.671810028858204 ], [ 172.888453188257671, -34.6711981679898 ], [ 172.887912591512162, -34.670606817939458 ], [ 172.887510887760101, -34.669938726140728 ], [ 172.887555053351861, -34.669024287702975 ], [ 172.886697945348203, -34.668607796282238 ], [ 172.885971221040961, -34.668119262606858 ], [ 172.885327609281347, -34.667584804843713 ], [ 172.884762834723801, -34.667006785564638 ], [ 172.884277846449805, -34.666384680579952 ], [ 172.883700903682097, -34.665813375028584 ], [ 172.883159833668202, -34.665222245576153 ], [ 172.882784525179716, -34.664539529916993 ], [ 172.882170656539415, -34.663988612002839 ], [ 172.881563651595258, -34.66343389729419 ], [ 172.881001035314625, -34.662854653728111 ], [ 172.880453321541751, -34.662267172142336 ], [ 172.879986933211399, -34.661634754677728 ], [ 172.879462207702517, -34.661034563278321 ], [ 172.878966832156465, -34.660418151818732 ], [ 172.87846731722621, -34.659804022777166 ], [ 172.877817040859981, -34.659243214680309 ], [ 172.877187351943689, -34.658638501294433 ], [ 172.876661282623104, -34.658001122024118 ], [ 172.876082025364923, -34.657435597920326 ], [ 172.87558616650324, -34.656816744042786 ], [ 172.875059210778744, -34.656217769652528 ], [ 172.874452695700853, -34.655669662123728 ], [ 172.873937135494828, -34.655063393132522 ], [ 172.873380956846319, -34.654483091817298 ], [ 172.87291255511937, -34.653846661011428 ], [ 172.872488581105898, -34.653181818385704 ], [ 172.872001501788731, -34.652557321794163 ], [ 172.871341348369469, -34.652043486820979 ], [ 172.870689387406713, -34.651524409162271 ], [ 172.870386186419495, -34.65078232641725 ], [ 172.869797916980104, -34.650222515661142 ], [ 172.869236479998193, -34.649645543758567 ], [ 172.868670507648488, -34.649071467709994 ], [ 172.868184400436547, -34.648446320783229 ], [ 172.867568122460227, -34.647904402564933 ], [ 172.867008148358963, -34.64732647882434 ], [ 172.866487644081218, -34.646723313506463 ], [ 172.865946142659197, -34.646133569899142 ], [ 172.865397950187457, -34.645548100519704 ], [ 172.864850054894049, -34.644962437011131 ], [ 172.864260238387999, -34.644403574295005 ], [ 172.863708071834481, -34.643820633654627 ], [ 172.863209693213889, -34.643203296295013 ], [ 172.862607036037758, -34.642652631707044 ], [ 172.862081699618415, -34.642052523259103 ], [ 172.861514851073792, -34.641478954003858 ], [ 172.860858001053714, -34.640962928416556 ], [ 172.860318418767463, -34.64037191661285 ], [ 172.85978556520314, -34.639776598295683 ], [ 172.859223811015028, -34.639199755179781 ], [ 172.858570293896548, -34.638681581843613 ], [ 172.85798934000286, -34.638117006877096 ], [ 172.857425609698169, -34.637541414921856 ], [ 172.85678840470402, -34.637012798898098 ], [ 172.856299050038672, -34.63638964259183 ], [ 172.855692168616628, -34.635841629290141 ], [ 172.855161401631364, -34.63524494398996 ], [ 172.854617212945897, -34.634656836467194 ], [ 172.854053448135431, -34.634081241883749 ], [ 172.853594653945237, -34.633438524530447 ], [ 172.852979467612784, -34.632895800895739 ], [ 172.852419089991571, -34.63231802820335 ], [ 172.851798956590272, -34.631778459406121 ], [ 172.851155012107313, -34.631254111215711 ], [ 172.85071287969933, -34.630600720014939 ], [ 172.849999042701654, -34.630121052870955 ], [ 172.849512059361047, -34.629496331290902 ], [ 172.849020671332681, -34.6288744219055 ], [ 172.848376686631894, -34.628350078784543 ], [ 172.847766913464511, -34.627786615737818 ], [ 172.847115659281599, -34.627201835298983 ], [ 172.846489606489115, -34.626617968392196 ], [ 172.845862968506765, -34.626087846806577 ], [ 172.845310348342963, -34.625501976430151 ], [ 172.844629007670278, -34.625013045943277 ], [ 172.844077270482927, -34.62442650349724 ], [ 172.843463320635095, -34.62388681170664 ], [ 172.842939375578538, -34.623279331085712 ], [ 172.842372635186706, -34.62270407734853 ], [ 172.841719895204932, -34.622193588856362 ], [ 172.841151150121362, -34.621619837804531 ], [ 172.840538018773344, -34.621079511721554 ], [ 172.840001699225667, -34.620481333003532 ], [ 172.839446162111216, -34.619897624005787 ], [ 172.838872661947022, -34.619327439930352 ], [ 172.838173905716332, -34.618851585942132 ], [ 172.837565066201734, -34.61830800966829 ], [ 172.836952254525414, -34.617767421329617 ], [ 172.836365768829381, -34.617207002710124 ], [ 172.835777200080997, -34.616648149322842 ], [ 172.835216380072296, -34.616068394190236 ], [ 172.83456939901663, -34.615553525229934 ], [ 172.834006925659821, -34.614975008173545 ], [ 172.833430085258044, -34.61440730768031 ], [ 172.832849360682047, -34.613842528882316 ], [ 172.832244794557852, -34.613295702060114 ], [ 172.831701820691251, -34.612702485357943 ], [ 172.831090534737456, -34.612160712249853 ], [ 172.83052726322876, -34.611582774994211 ], [ 172.829879923775735, -34.611068147257043 ], [ 172.829282843027869, -34.610515665204183 ], [ 172.828679526491726, -34.609967875848106 ], [ 172.828096906049069, -34.609404496375035 ], [ 172.827518814390857, -34.608837702650135 ], [ 172.826926154739851, -34.608281876736342 ], [ 172.826238266911105, -34.607797764800821 ], [ 172.825654503935198, -34.607235231514295 ], [ 172.825050501938648, -34.606687936891042 ], [ 172.824405135319381, -34.606171790760087 ], [ 172.823799010099208, -34.605626087954533 ], [ 172.823145655828, -34.605115950063961 ], [ 172.822518961489436, -34.60458573074726 ], [ 172.821910659411628, -34.604041656524686 ], [ 172.821294724213686, -34.603503327235501 ], [ 172.820670416839249, -34.602971299439133 ], [ 172.820139821331651, -34.602368693512688 ], [ 172.819561172971873, -34.601802272722217 ], [ 172.819055877712771, -34.601180605984766 ], [ 172.818277476726138, -34.60076461194744 ], [ 172.817569092079765, -34.600295884444343 ], [ 172.816933618789847, -34.599772243910543 ], [ 172.816261974649052, -34.599275839698535 ], [ 172.815531797061595, -34.598823512565886 ], [ 172.814804849589564, -34.598368748745052 ], [ 172.814047497421967, -34.597936877995352 ], [ 172.813322999172868, -34.597480261383474 ], [ 172.812634901123744, -34.596996228638289 ], [ 172.811870032364794, -34.596570005785566 ], [ 172.811162962299022, -34.596100252283804 ], [ 172.810511823146214, -34.595588375227308 ], [ 172.809890201305336, -34.59505442960819 ], [ 172.809344597705461, -34.594463394441476 ], [ 172.808908034192797, -34.593790267460967 ], [ 172.808357149889815, -34.593202958085953 ], [ 172.807874800471239, -34.592564133640131 ], [ 172.807387026624923, -34.59192938255007 ], [ 172.807023901889949, -34.59120093955039 ], [ 172.806617099687713, -34.590505320987774 ], [ 172.806071868607347, -34.589913744560036 ], [ 172.805597972440722, -34.589268547662755 ], [ 172.8050791161603, -34.588657140142232 ], [ 172.804495954631847, -34.588094062402284 ], [ 172.80388713382726, -34.587550267199639 ], [ 172.803289327896209, -34.586998189379713 ], [ 172.802662982906838, -34.586467558535823 ], [ 172.802064517965533, -34.585915968862679 ], [ 172.801421805662955, -34.585397632757719 ], [ 172.800848638327921, -34.584827021759523 ], [ 172.800190222270999, -34.584320481598404 ], [ 172.799644431026508, -34.583729287154085 ], [ 172.798963916298305, -34.583239349412231 ], [ 172.798423669510356, -34.582643980600039 ], [ 172.797639430309601, -34.582231995983108 ], [ 172.797041211685013, -34.58168019236895 ], [ 172.796441603402798, -34.581129429653494 ], [ 172.796023243463225, -34.580442435334497 ], [ 172.795310826078349, -34.579976454011444 ], [ 172.794595373593609, -34.579512749861827 ], [ 172.794586854868072, -34.578517703359474 ], [ 172.793348349058135, -34.578447124756458 ], [ 172.792606511699063, -34.578003239928243 ], [ 172.79188096293484, -34.577547108438559 ], [ 172.791259828860007, -34.577012495474378 ], [ 172.790696596221011, -34.576434360532254 ], [ 172.789979440460883, -34.57597190953188 ], [ 172.789310030856569, -34.575473569026641 ], [ 172.788667964037217, -34.57495467425472 ], [ 172.788104281970334, -34.574376862890418 ], [ 172.787584277108209, -34.573766220716564 ], [ 172.787068029950831, -34.573152750687377 ], [ 172.786169529669621, -34.572826573235623 ], [ 172.785350431374127, -34.5724407132153 ], [ 172.784761182844107, -34.57188209924297 ], [ 172.784135882562026, -34.57134956912666 ], [ 172.783457401249677, -34.570829727039147 ], [ 172.782813335857298, -34.570284730171309 ], [ 172.782161007065156, -34.569776144087093 ], [ 172.78149808315186, -34.569276633397948 ], [ 172.780843432392203, -34.568770030544258 ], [ 172.78023732944996, -34.568221825819116 ], [ 172.779598454622828, -34.567701698939103 ], [ 172.778945101121536, -34.567193975087832 ], [ 172.778294855661443, -34.566683584914045 ], [ 172.777623879326597, -34.566190954890033 ], [ 172.776910324218818, -34.565734805237561 ], [ 172.776238597621528, -34.565242811461296 ], [ 172.775554582786924, -34.564761343536063 ], [ 172.77497320106977, -34.564191931807635 ], [ 172.774321150132806, -34.56368306950057 ], [ 172.773709418272063, -34.563139656970755 ], [ 172.773061203591254, -34.562627501330439 ], [ 172.77243718024198, -34.562094614463703 ], [ 172.771848074480829, -34.561531805784313 ], [ 172.771214584617184, -34.561007024038496 ], [ 172.770580928335335, -34.560482381770761 ], [ 172.76982375178693, -34.560063572606161 ], [ 172.769141606086492, -34.55958047108485 ], [ 172.768424198155884, -34.559127579828385 ], [ 172.767739292736252, -34.558646836179364 ], [ 172.767073512627633, -34.558149702258909 ], [ 172.766424859547328, -34.557637890360027 ], [ 172.765790985216228, -34.557113412619564 ], [ 172.765143837140556, -34.556600304910589 ], [ 172.764513494878088, -34.556072794594868 ], [ 172.763843088867532, -34.555579608272332 ], [ 172.763180560844887, -34.555079668764456 ], [ 172.76251983096131, -34.554578185380848 ], [ 172.761897227092192, -34.554044032203983 ], [ 172.761216443824907, -34.553559724295724 ], [ 172.760618825464235, -34.553004157227818 ], [ 172.759941637933281, -34.55251676210046 ], [ 172.759281951168276, -34.552014369062348 ], [ 172.758719610308589, -34.551428567075831 ], [ 172.758028340217464, -34.550953228310171 ], [ 172.757464661614733, -34.550368566459213 ], [ 172.756812880715074, -34.549859387233234 ], [ 172.75601315092166, -34.54947696608609 ], [ 172.755402612983261, -34.548932443780444 ], [ 172.754771776006351, -34.548405310363513 ], [ 172.754125658934385, -34.547891265599574 ], [ 172.753513389887331, -34.547348217242842 ], [ 172.752891656671153, -34.546813274560513 ], [ 172.752196995731595, -34.546340811889664 ], [ 172.75146853030239, -34.545897308739001 ], [ 172.750832731426698, -34.545374407712629 ], [ 172.750208445853133, -34.544841639272164 ], [ 172.749573238913854, -34.544318224865833 ], [ 172.74893131628329, -34.543800561148444 ], [ 172.748293524427709, -34.543279355170988 ], [ 172.747635976864245, -34.542775072114267 ], [ 172.746959076235584, -34.542287366889212 ], [ 172.746353278029943, -34.541738740448771 ], [ 172.745658281716487, -34.541266532517419 ], [ 172.745023354656695, -34.540742856339506 ], [ 172.744460821907779, -34.540156313491039 ], [ 172.743855578210116, -34.539605826348271 ], [ 172.743190603788264, -34.539107613432208 ], [ 172.742591666689293, -34.538552814951991 ], [ 172.742119126496704, -34.53788902061671 ], [ 172.741263690156927, -34.537555396474296 ], [ 172.74068915334513, -34.536979548487608 ], [ 172.740105221619444, -34.536411798729013 ], [ 172.739524050567553, -34.535841665426219 ], [ 172.738965471840402, -34.535252047726132 ], [ 172.738177256044878, -34.534860442783852 ], [ 172.737465038506627, -34.5344033010564 ], [ 172.736742705351588, -34.533954878447069 ], [ 172.736078864921637, -34.53345601485551 ], [ 172.735377148019012, -34.532989808341817 ], [ 172.734696040933954, -34.532505826988931 ], [ 172.734060624584203, -34.531982444211074 ], [ 172.733418186052205, -34.531447174182162 ], [ 172.732721801818514, -34.530936319835888 ], [ 172.732093836933245, -34.53036650410133 ], [ 172.731276943006378, -34.530028698327548 ], [ 172.7306096397798, -34.529529088557716 ], [ 172.729886504465981, -34.529089865765954 ], [ 172.729210649975585, -34.528599500863706 ], [ 172.728495976502956, -34.52815112089678 ], [ 172.727777189372091, -34.527707187877937 ], [ 172.727041459245555, -34.527281577984539 ], [ 172.726295333174619, -34.526867209694075 ] ] } },
{ "type": "Feature", "properties": { "group_id": "nzd0010" }, "geometry": { "type": "LineString", "coordinates": [ [ 172.988021799088983, -34.530625016297805 ], [ 172.988601115411768, -34.531218759499815 ], [ 172.989143688413748, -34.531826661820205 ], [ 172.989618006886332, -34.532460871121906 ], [ 172.989940187233856, -34.533069901928826 ], [ 172.990265484311948, -34.533472425655454 ], [ 172.991533311357188, -34.535451774579023 ], [ 172.99148590759836, -34.53619544034315 ], [ 172.991460041280419, -34.536938038125186 ], [ 172.991591041462328, -34.537672899291316 ], [ 172.991829254263223, -34.540661358679614 ], [ 172.991930965834172, -34.541403150312199 ], [ 172.991849999994372, -34.542160206940416 ], [ 172.991843207202123, -34.54290850628459 ], [ 172.991923560771454, -34.543646518201172 ], [ 172.992010758888568, -34.544383716164113 ], [ 172.992087802071239, -34.545122105613743 ], [ 172.992107302172769, -34.54586727684341 ], [ 172.992127852390126, -34.546612317571153 ], [ 172.992255436726424, -34.547344725248628 ], [ 172.992391653080091, -34.54807610819028 ], [ 172.992438581479121, -34.548818017626303 ], [ 172.992453542501607, -34.549563691514031 ], [ 172.992562700849135, -34.550298246938731 ], [ 172.992682190684747, -34.5510315771648 ], [ 172.992662456151947, -34.551781324160316 ], [ 172.992713963852367, -34.552522660659136 ], [ 172.992923256894727, -34.553245378194504 ], [ 172.992979403379252, -34.55398615455978 ], [ 172.993046900013695, -34.554725585529816 ], [ 172.993194335627692, -34.555455580484384 ], [ 172.993383856685426, -34.556180604645739 ], [ 172.993441942702759, -34.556921126288927 ], [ 172.993645385479624, -34.557644495416206 ], [ 172.993645844661074, -34.558391801628765 ], [ 172.993799647786062, -34.559121013282201 ], [ 172.993734599335312, -34.559876033332337 ], [ 172.994113100873989, -34.560578727610704 ], [ 172.994269549398808, -34.561307607917691 ], [ 172.994470622496976, -34.562031218022298 ], [ 172.994615075436911, -34.562761500425317 ], [ 172.994809703031564, -34.563503752651123 ], [ 172.994838361156013, -34.564291697656984 ], [ 172.995003061200634, -34.565043026728489 ], [ 172.995233869035332, -34.56575920085789 ], [ 172.995381323912454, -34.566489425251767 ], [ 172.995611278210845, -34.567205730737285 ], [ 172.995805855157812, -34.567927995910011 ], [ 172.995917560094711, -34.568664230102755 ], [ 172.996031186657717, -34.569400133815741 ], [ 172.99620102757558, -34.570126551390508 ], [ 172.996376396451069, -34.57085203043124 ], [ 172.99660769978135, -34.571568070664483 ], [ 172.996732469318971, -34.57230206986641 ], [ 172.996939387406769, -34.573022209690571 ], [ 172.997147267395803, -34.573742181008704 ], [ 172.997222182386537, -34.57448456826144 ], [ 172.997529270810901, -34.575187797217232 ], [ 172.997717673274025, -34.575911034176521 ], [ 172.997870608038767, -34.576640245802935 ], [ 172.998035756780837, -34.577367391426044 ], [ 172.998143088015865, -34.578104280482279 ], [ 172.998338688676739, -34.578802240463858 ], [ 172.998531359047519, -34.579495070179213 ], [ 172.99877698807876, -34.580205079444973 ], [ 172.998918131390553, -34.580935510477026 ], [ 172.999099495737283, -34.581660513069401 ], [ 172.999292402511941, -34.58238395328214 ], [ 172.999535183905209, -34.583100663698062 ], [ 172.99969715950229, -34.583828260842083 ], [ 172.999927478565951, -34.584546638467472 ], [ 173.000096495580635, -34.585273273603029 ], [ 173.000283962487259, -34.58600360339215 ], [ 173.000481714352929, -34.586761861497827 ], [ 173.00069246546866, -34.587511115128997 ], [ 173.000934212211604, -34.588224097087057 ], [ 173.001120081661696, -34.588947791530998 ], [ 173.001339060941461, -34.589665128417224 ], [ 173.001606705209923, -34.590373123915533 ], [ 173.0017244880774, -34.591109860289144 ], [ 173.00192448894424, -34.591830818965477 ], [ 173.002190081906434, -34.592539189321165 ], [ 173.002276335581541, -34.59328195477319 ], [ 173.002503615922961, -34.593997661892367 ], [ 173.002760223006703, -34.59470773729641 ], [ 173.002870196635428, -34.595445933802317 ], [ 173.003111428000665, -34.596158946137535 ], [ 173.003303467411257, -34.596882779751638 ], [ 173.003526487905191, -34.597601281586236 ], [ 173.003713656947582, -34.598325360327564 ], [ 173.003895715090408, -34.599049772792206 ], [ 173.004103242354546, -34.599769212473973 ], [ 173.004153432960948, -34.600519326619164 ], [ 173.004505941778973, -34.601210482385547 ], [ 173.004788276586481, -34.601915315872823 ], [ 173.005088654741968, -34.602616624688103 ], [ 173.00530520015198, -34.603334274739758 ], [ 173.005479254145911, -34.604060204381049 ], [ 173.005730208667615, -34.604771132211084 ], [ 173.006024952433961, -34.605473514956145 ], [ 173.006170781915955, -34.606204929664777 ], [ 173.006510398862929, -34.606900966604229 ], [ 173.006773903864371, -34.607632209759736 ], [ 173.00686313924345, -34.608402842447013 ], [ 173.007169848764875, -34.609099107552055 ], [ 173.007430509127772, -34.609806659156014 ], [ 173.007692779947746, -34.610513809788962 ], [ 173.007963042411632, -34.61121899462082 ], [ 173.008224978873216, -34.61192621516637 ], [ 173.008475998057719, -34.612636106856115 ], [ 173.008751972181642, -34.613339872934183 ], [ 173.008947856067095, -34.614063272991608 ], [ 173.009222177914864, -34.614767432152313 ], [ 173.0093367878371, -34.615510750070548 ], [ 173.009579663281698, -34.616222608387041 ], [ 173.009896682640715, -34.616916279100089 ], [ 173.010130832126094, -34.617630956038724 ], [ 173.010322081425755, -34.618364854624815 ], [ 173.010730572150379, -34.619042516698407 ], [ 173.011017306522007, -34.61974323662885 ], [ 173.011223314441992, -34.62046499610225 ], [ 173.011499056210255, -34.621168569833074 ], [ 173.011662185706058, -34.621901495536378 ], [ 173.011991014116546, -34.622591217627651 ], [ 173.012181753911165, -34.623316933203718 ], [ 173.012150056315335, -34.624100630901879 ], [ 173.012780543703684, -34.624711694089392 ], [ 173.013118712444964, -34.625398957390338 ], [ 173.013362744396545, -34.626110755848487 ], [ 173.013657208695065, -34.626809400813016 ], [ 173.013942397316413, -34.627510457936019 ], [ 173.01423627210076, -34.628209244654023 ], [ 173.014520187203658, -34.628915182938918 ], [ 173.014806643479659, -34.629625814477244 ], [ 173.015136087888209, -34.630319885660363 ], [ 173.015443244066006, -34.63101467750041 ], [ 173.015789959643939, -34.631698405088002 ], [ 173.015970956928442, -34.632428451295951 ], [ 173.016185534360858, -34.633149104505371 ], [ 173.01648589492666, -34.633845772323404 ], [ 173.016808479000389, -34.634536222014475 ], [ 173.017138941500775, -34.635224463541711 ], [ 173.017459397573703, -34.635915496334526 ], [ 173.017777890379847, -34.636607072050097 ], [ 173.01809873329438, -34.637297984955048 ], [ 173.018366240303379, -34.638003801105157 ], [ 173.018577397159135, -34.638730813557856 ], [ 173.018941848337448, -34.639431486552944 ], [ 173.019319298889229, -34.640121074916195 ], [ 173.019516841528429, -34.640851670717531 ], [ 173.0198581411627, -34.641535381079997 ], [ 173.020132632506375, -34.642240872030783 ], [ 173.020381051071496, -34.642954859494331 ], [ 173.020700697171122, -34.643645613904624 ], [ 173.021112515751753, -34.644306305315084 ], [ 173.021323664214094, -34.64503242916787 ], [ 173.02174838488861, -34.64568890196847 ], [ 173.022185155452291, -34.646341439667204 ], [ 173.022484669190789, -34.647038730772039 ], [ 173.022717535644205, -34.647757749484157 ], [ 173.023127155015999, -34.648419124191854 ], [ 173.023487475089439, -34.649096569492002 ], [ 173.023820207372552, -34.649783005341511 ], [ 173.02426135368853, -34.650434082346138 ], [ 173.024600536603373, -34.651118403367505 ], [ 173.024927758364754, -34.65180346519702 ], [ 173.025196682364395, -34.652504938734481 ], [ 173.025454100928926, -34.653212950620777 ], [ 173.025692376559249, -34.653929166872487 ], [ 173.025784541967084, -34.654691379918034 ], [ 173.026727765325091, -34.655976851479757 ], [ 173.027071567515776, -34.656658516536048 ], [ 173.027620711294247, -34.657272125183177 ], [ 173.028040264192811, -34.657928574679573 ], [ 173.028402842990118, -34.65860619994718 ], [ 173.028775638155395, -34.659280730145774 ], [ 173.029219835658211, -34.65993366336469 ], [ 173.02962882708502, -34.660597236699424 ], [ 173.02999271762377, -34.661274442267384 ], [ 173.030466451020203, -34.661922264407266 ], [ 173.030903747037655, -34.662574226430962 ], [ 173.031172955284177, -34.663294075884437 ], [ 173.031616575127799, -34.663936988109029 ], [ 173.031981342925036, -34.664614034883606 ], [ 173.032344313997186, -34.665291854296505 ], [ 173.032672229491936, -34.665984845944607 ], [ 173.033076093238861, -34.666644950110999 ], [ 173.033423383184129, -34.667329542910615 ], [ 173.033817984422598, -34.667993646884135 ], [ 173.034256789135668, -34.668635350183486 ], [ 173.034726649253741, -34.669263309998527 ], [ 173.035072121832883, -34.669946238531438 ], [ 173.035582381460443, -34.670562267361809 ], [ 173.035965869754733, -34.67123060474092 ], [ 173.036392291071564, -34.671881220014924 ], [ 173.036818143084275, -34.672532064971527 ], [ 173.037184705073372, -34.673207371344063 ], [ 173.037673484009389, -34.673842010762677 ], [ 173.038125443600961, -34.674491632921409 ], [ 173.038550120952607, -34.67514513714184 ], [ 173.039043768943486, -34.675762851580622 ], [ 173.039387003936866, -34.676456046250635 ], [ 173.039764468731164, -34.677132057598484 ], [ 173.040208758703159, -34.677767087345146 ], [ 173.040642952962003, -34.678403723041718 ], [ 173.041065660611054, -34.679053010343317 ], [ 173.041553327635199, -34.679675026749138 ], [ 173.042029831866955, -34.680302197115012 ], [ 173.042494254295775, -34.680934946165451 ], [ 173.042950369521634, -34.681573070584257 ], [ 173.043375712138783, -34.682226618193631 ], [ 173.043792179435798, -34.68288295614672 ], [ 173.044242990765269, -34.683521897899112 ], [ 173.044722312137395, -34.684147297830428 ], [ 173.045250434516447, -34.684749521569771 ], [ 173.045716419305307, -34.685388623246162 ], [ 173.046132562617544, -34.6860595677554 ], [ 173.046619739913808, -34.686686679599816 ], [ 173.047123556919587, -34.687298234595005 ], [ 173.047516228199441, -34.687971257143396 ], [ 173.048040456021482, -34.688571514296498 ], [ 173.048537978901606, -34.689186536760729 ], [ 173.049003113445735, -34.689819467852729 ], [ 173.049459149158452, -34.690445663727111 ], [ 173.04992968367884, -34.691052834616706 ], [ 173.050447207691349, -34.691650063447426 ], [ 173.050888456573659, -34.69229349290022 ], [ 173.051370033648993, -34.69291769869325 ], [ 173.051935926853673, -34.69350171800324 ], [ 173.05243556252907, -34.694131921414382 ], [ 173.052893612818139, -34.694792518779074 ], [ 173.053397850209876, -34.695414051752195 ], [ 173.053875308917981, -34.696043321545183 ], [ 173.05428272665452, -34.696716287356914 ], [ 173.054879761682457, -34.697270942036262 ], [ 173.055341378064981, -34.697910083506201 ], [ 173.055846526433527, -34.698511089811461 ], [ 173.056366150111046, -34.699083212508903 ], [ 173.056826013004525, -34.69969989812143 ], [ 173.057408155933501, -34.700269666460791 ], [ 173.057888260599668, -34.700893947008446 ], [ 173.0584127317168, -34.701494518872401 ], [ 173.058845529342818, -34.702144065239892 ], [ 173.059482403148422, -34.702741328748331 ], [ 173.060081867393848, -34.703380238545996 ], [ 173.060822569171933, -34.703837962750534 ], [ 173.061502783546359, -34.704320580288183 ], [ 173.062153584506149, -34.704823216620738 ], [ 173.062692571145732, -34.705421181167893 ], [ 173.063396924343948, -34.705880753688817 ], [ 173.064095590764595, -34.706348144917058 ], [ 173.064779295035834, -34.706828555761774 ] ] } },
{ "type": "Feature", "properties": { "group_id": "nzd0011" }, "geometry": { "type": "LineString", "coordinates": [ [ 172.948150034170993, -34.740883094865168 ], [ 172.947667535833261, -34.740258928222666 ], [ 172.94719341663864, -34.739629794980253 ], [ 172.946794693804861, -34.738956006719413 ], [ 172.946168275771555, -34.738417057826489 ], [ 172.945598757233853, -34.737844407998345 ], [ 172.945169474283261, -34.737188704775193 ], [ 172.944629520663284, -34.736598537609389 ], [ 172.944075720592451, -34.736016566123425 ], [ 172.943568519698601, -34.735406993718037 ], [ 172.943213803573485, -34.734707113422331 ], [ 172.942653289857446, -34.734128736661255 ], [ 172.942079884320634, -34.733554901220323 ], [ 172.94183229969056, -34.73277602651936 ], [ 172.941147820289189, -34.732277614075244 ], [ 172.940528145437497, -34.731738094069605 ], [ 172.940093841383174, -34.731080996018392 ], [ 172.93948607340306, -34.73053391568736 ], [ 172.938929771998943, -34.729954187817981 ], [ 172.938601431257268, -34.729229868377182 ], [ 172.938062382108541, -34.728639189748172 ], [ 172.937332047443334, -34.728169832739688 ], [ 172.936665241017749, -34.727660177488438 ], [ 172.936307707888346, -34.726954357566335 ], [ 172.935603177336901, -34.726468621154147 ], [ 172.935243982516255, -34.725763846832571 ], [ 172.934516780437804, -34.725292481889582 ], [ 172.9339187265644, -34.72473919871485 ], [ 172.933375453558199, -34.724151166023582 ], [ 172.932899667934265, -34.723520324562216 ], [ 172.932342202098397, -34.722941285563564 ], [ 172.93196058175451, -34.722250710151464 ], [ 172.931418387706856, -34.72166197656491 ], [ 172.930855527809115, -34.721086346450754 ], [ 172.930469769925423, -34.72039838252293 ], [ 172.929694455708358, -34.719957496445822 ], [ 172.929278396345524, -34.71928874363249 ], [ 172.928888468459434, -34.718603412047408 ], [ 172.928231200962074, -34.718087640889294 ], [ 172.927593101389846, -34.717559707834802 ], [ 172.927243749088518, -34.716848628237535 ], [ 172.926695431876936, -34.716263741129119 ], [ 172.926049902479718, -34.715740508299241 ], [ 172.925337060225388, -34.715259965195322 ], [ 172.925067473851556, -34.714498276482985 ], [ 172.924568810447681, -34.713881879017713 ], [ 172.923717468228574, -34.713489169459137 ], [ 172.923263225008128, -34.712844589815255 ], [ 172.922845705860823, -34.712176713061311 ], [ 172.922259736130513, -34.711615674551993 ], [ 172.921573749143988, -34.711118069206165 ], [ 172.920982746145654, -34.710560214686126 ], [ 172.920574316234109, -34.709886556650325 ], [ 172.919806424142649, -34.709440887973166 ], [ 172.919437793820009, -34.708741978465312 ], [ 172.918705783191655, -34.708273158467534 ], [ 172.918034917702954, -34.707765737131545 ], [ 172.917577136999967, -34.707123045058992 ], [ 172.917042412266909, -34.706529427008647 ], [ 172.916401728349911, -34.706003293627255 ], [ 172.91581484952934, -34.705442885882142 ], [ 172.915290911893777, -34.704842384847311 ], [ 172.914769357289089, -34.704240361855327 ], [ 172.91418662450431, -34.703677300999296 ], [ 172.913683303667, -34.703063656117237 ], [ 172.913099898867557, -34.702501015039296 ], [ 172.912450431769571, -34.701980446797613 ], [ 172.91196915979944, -34.701352746050993 ], [ 172.911438296464752, -34.700756627345378 ], [ 172.910888961470619, -34.700172269662112 ], [ 172.910275482285556, -34.699628763141774 ], [ 172.909741969982917, -34.699034319281239 ], [ 172.909264495871128, -34.698404178937523 ], [ 172.90869977517147, -34.697829604366255 ], [ 172.908101908751206, -34.697276137119594 ], [ 172.907549674896558, -34.696693601049439 ], [ 172.90708769005559, -34.696053578660347 ], [ 172.906532419429851, -34.695472968562953 ], [ 172.905863211656794, -34.694964924112561 ], [ 172.905406556871867, -34.694321494570097 ], [ 172.904805101629165, -34.693770288366814 ], [ 172.904352965285824, -34.693123972605164 ], [ 172.903806887569601, -34.692537486653023 ], [ 172.90331793857203, -34.69191460960154 ], [ 172.902933264792495, -34.691225312139792 ], [ 172.90223837197226, -34.690733598876434 ], [ 172.901635437919737, -34.690183309924024 ], [ 172.901049953701147, -34.689621902490565 ], [ 172.90035528166004, -34.68913003554237 ], [ 172.89976740646037, -34.688570142589739 ], [ 172.899271088967595, -34.687951930090222 ], [ 172.898723251778392, -34.687324999660099 ], [ 172.898217090429313, -34.686553606193691 ], [ 172.897402423573197, -34.686223319068795 ], [ 172.896654527667351, -34.685814058514325 ], [ 172.895784496117983, -34.685559344859342 ] ] } },
{ "type": "Feature", "properties": { "group_id": "nzd0016" }, "geometry": { "type": "LineString", "coordinates": [ [ 173.117312993512144, -34.738791489321692 ], [ 173.117001881680665, -34.739514772336854 ], [ 173.11707855948552, -34.740288395811803 ], [ 173.117139910139258, -34.7410279344043 ], [ 173.117270886021686, -34.741766850997521 ], [ 173.117650317708211, -34.742482246972919 ], [ 173.117888245629189, -34.743210228307028 ], [ 173.118225400722139, -34.743862726817568 ], [ 173.118518855337129, -34.744549171996326 ], [ 173.118911701465947, -34.745237081726771 ], [ 173.119229732826312, -34.745932791078822 ], [ 173.119561099326063, -34.7465961791209 ], [ 173.119952809684236, -34.74728179394171 ], [ 173.120355071785212, -34.747949398129066 ], [ 173.120765413259335, -34.748590150176071 ], [ 173.121185343667349, -34.749274500257521 ], [ 173.121619649239051, -34.749899722636378 ], [ 173.122048526153463, -34.750504048041748 ], [ 173.122506350377108, -34.75113696143022 ], [ 173.123005385699429, -34.751764492300474 ], [ 173.123453590579174, -34.752393872711885 ], [ 173.123988579249499, -34.75303320765375 ], [ 173.12452392500515, -34.753660709691935 ], [ 173.125051721681871, -34.754200471447042 ], [ 173.125616775504653, -34.754770478272306 ], [ 173.126139788691376, -34.75536921906766 ], [ 173.126618312704579, -34.75599399767237 ], [ 173.127130699454284, -34.756564027457969 ], [ 173.127591948834549, -34.757161896744698 ], [ 173.128170062892423, -34.757789772608817 ], [ 173.128764519375778, -34.758366250568493 ], [ 173.129280023614967, -34.758941969194169 ], [ 173.129791944759546, -34.759527033037521 ], [ 173.130352590480356, -34.760105611906219 ], [ 173.13095353145664, -34.760669150760648 ], [ 173.131604794507126, -34.761212509518892 ], [ 173.132193128410989, -34.761790295009185 ], [ 173.132943310899122, -34.762212427063389 ], [ 173.133668358855402, -34.762642474112972 ], [ 173.134313121048677, -34.763135308796812 ], [ 173.134960156104086, -34.763672761391753 ], [ 173.135610027779563, -34.764180692160394 ], [ 173.136274870487227, -34.764657153575712 ], [ 173.13698552097668, -34.76514615783681 ], [ 173.137674613312356, -34.765633516367302 ], [ 173.138366172529629, -34.766092562948003 ], [ 173.139023325649447, -34.766612404397158 ], [ 173.139703437466721, -34.767101387234007 ], [ 173.140449293420545, -34.767566011197545 ], [ 173.141193094621912, -34.768001073144106 ], [ 173.141898071492278, -34.768374728374603 ], [ 173.142651014882631, -34.768718478345541 ], [ 173.143487609452677, -34.769072746626804 ], [ 173.144361614493306, -34.769361845457539 ], [ 173.145218469481335, -34.769619184087581 ], [ 173.146094010185351, -34.769817001586915 ], [ 173.146993982377296, -34.769914049126328 ], [ 173.147898263063468, -34.769980259976073 ] ] } },
{ "type": "Feature", "properties": { "group_id": "nzd0017" }, "geometry": { "type": "LineString", "coordinates": [ [ 172.998253749601815, -34.797999231703876 ], [ 172.99767038040892, -34.797435100527977 ], [ 172.997238327774511, -34.796781655128349 ], [ 172.996660311278248, -34.796214356010282 ], [ 172.996253991341661, -34.795545713838578 ], [ 172.995598448088458, -34.795024163863133 ], [ 172.995094381880619, -34.794413204787261 ], [ 172.994518049473783, -34.793844894230517 ], [ 172.994021815386816, -34.7932293037778 ], [ 172.993602884932699, -34.792568082776675 ], [ 172.992943229920144, -34.79204893783831 ], [ 172.992379362848453, -34.791473252553246 ], [ 172.99185928454196, -34.790871717973388 ], [ 172.991327868539742, -34.790276870749182 ], [ 172.990842937255678, -34.789654583016635 ], [ 172.990462670056019, -34.788970515982491 ], [ 172.989802945419456, -34.788451386067401 ], [ 172.989457208282744, -34.787746929855189 ], [ 172.989062554848942, -34.787071340345477 ], [ 172.988315533478271, -34.786604195902363 ], [ 172.987867052138284, -34.785962205705914 ], [ 172.987195082677715, -34.78544850292662 ], [ 172.986709805989676, -34.784826943814295 ], [ 172.986288852753091, -34.784168470695221 ], [ 172.985633502726245, -34.783644492623004 ], [ 172.985305721245368, -34.782932547556349 ], [ 172.984791289486992, -34.782327700122188 ], [ 172.984105036862786, -34.781821441143563 ], [ 172.983565770600507, -34.781230835159477 ], [ 172.983085386636361, -34.780606437435871 ], [ 172.98267541400304, -34.7799416323356 ], [ 172.982111573071023, -34.779365114321692 ], [ 172.981467542289039, -34.778834605677446 ], [ 172.981060852786044, -34.778167903435389 ], [ 172.980534202452503, -34.777570031659998 ], [ 172.980101395560126, -34.776918306841182 ], [ 172.979451681223082, -34.776391041903516 ], [ 172.978915860834633, -34.775798418693661 ], [ 172.978528786902785, -34.775120438424018 ], [ 172.978100513223666, -34.774466094475166 ], [ 172.977309937325714, -34.774019640090145 ], [ 172.977213789491515, -34.773174708561989 ], [ 172.976433068470556, -34.772722591135562 ], [ 172.975738147715163, -34.772221235106919 ], [ 172.975509064795688, -34.771452570671769 ], [ 172.974982706313057, -34.770854482596221 ], [ 172.974552122972625, -34.770201044288903 ], [ 172.973716561080323, -34.769782477189622 ], [ 172.973345211314779, -34.769092198325517 ], [ 172.97279083935274, -34.768511102138504 ], [ 172.972241897619142, -34.7679267220471 ], [ 172.971797248229194, -34.767279349833217 ], [ 172.971275079385975, -34.766678791549943 ], [ 172.970742980515269, -34.766084226270706 ], [ 172.970249487586898, -34.765466340411734 ], [ 172.969654933072775, -34.764909486999223 ], [ 172.969164004990461, -34.764290043519715 ], [ 172.968588918182775, -34.763721423887837 ], [ 172.968032110216939, -34.76314176034365 ], [ 172.967402559284267, -34.762606025900297 ], [ 172.967089169413498, -34.761879340158565 ], [ 172.966642762130789, -34.761232986450722 ], [ 172.965934336869452, -34.760744876129131 ], [ 172.965417274682949, -34.760141186458128 ], [ 172.965045949200316, -34.759449473729767 ], [ 172.964367189673965, -34.758943433758837 ], [ 172.963711056173253, -34.758423724064457 ], [ 172.963140191273368, -34.757852511620335 ], [ 172.962647253191847, -34.757234230687601 ], [ 172.962190472002646, -34.756594108293228 ], [ 172.961684791535646, -34.755983514539146 ], [ 172.961077372998432, -34.755434361759683 ], [ 172.960527751523784, -34.754850297833038 ], [ 172.960091229528189, -34.754197922596759 ], [ 172.959662086025787, -34.753541086609097 ], [ 172.959092417784802, -34.752969117258296 ], [ 172.958536153954782, -34.752389047910931 ], [ 172.957979540997059, -34.751809185123882 ], [ 172.957467299863566, -34.751202519384208 ], [ 172.956979209731628, -34.750581263167774 ], [ 172.956379129221773, -34.75002796333559 ], [ 172.956087942240856, -34.749290559769044 ], [ 172.955357270663598, -34.748814209034919 ], [ 172.954871982375181, -34.748191752841635 ], [ 172.954461776202493, -34.747524827726231 ], [ 172.953872378177493, -34.746964017815358 ], [ 172.953269130957295, -34.746411405141586 ], [ 172.952641769969432, -34.745873068427443 ], [ 172.95208311226466, -34.745294040582138 ], [ 172.95153110073602, -34.744711072457719 ], [ 172.951070535900442, -34.744073944464709 ], [ 172.950599708548168, -34.743442889611231 ], [ 172.950270870380479, -34.74272774257738 ], [ 172.949666572431482, -34.742175721868882 ], [ 172.949097366590962, -34.741602914771661 ], [ 172.94856255255263, -34.741009736082773 ] ] } },
{ "type": "Feature", "properties": { "group_id": "nzd0018" }, "geometry": { "type": "LineString", "coordinates": [ [ 173.14913594623809, -34.771861549991371 ], [ 173.148515860856264, -34.772401866004621 ], [ 173.147982866201488, -34.773002071778691 ], [ 173.147563322130793, -34.773664133247401 ], [ 173.147166643595995, -34.774348252592816 ], [ 173.147043367772312, -34.775098644031395 ], [ 173.146909268692809, -34.775838982124604 ], [ 173.146824139085169, -34.776588979793452 ], [ 173.146953151294014, -34.777335566660405 ], [ 173.146991400048137, -34.778087977505947 ], [ 173.147274744454563, -34.778797004903282 ], [ 173.147591122480662, -34.779499365724917 ], [ 173.14788511035232, -34.780194910775897 ], [ 173.148295188194936, -34.780853524059083 ], [ 173.148646379556055, -34.781532177154766 ], [ 173.149032255043466, -34.782196481704418 ], [ 173.149498434545876, -34.782828058980691 ], [ 173.149894940592105, -34.783495810474484 ], [ 173.150355083923728, -34.78412995617159 ], [ 173.150926204521653, -34.784708481040617 ], [ 173.151429030464271, -34.785326152982528 ], [ 173.15194456640512, -34.785934484378764 ], [ 173.152611831234111, -34.786437468764227 ], [ 173.153224739184964, -34.786979625405174 ], [ 173.153775436336844, -34.787562512975704 ] ] } },
{ "type": "Feature", "properties": { "group_id": "nzd0019" }, "geometry": { "type": "LineString", "coordinates": [ [ 173.388820648202852, -34.801607548926519 ], [ 173.389707813952867, -34.801609038181887 ], [ 173.390583819449233, -34.801588282456812 ], [ 173.391454794147535, -34.801408796738301 ], [ 173.39230506228364, -34.801238324695625 ], [ 173.393037051369475, -34.8010247687046 ], [ 173.393819400171594, -34.80078168582682 ], [ 173.394596697207135, -34.800434742881627 ], [ 173.395290972237774, -34.800027566587339 ], [ 173.395926983996702, -34.799582991287032 ], [ 173.396558290651939, -34.79911088853013 ], [ 173.397155407179525, -34.798584725114203 ] ] } },
{ "type": "Feature", "properties": { "group_id": "nzd0020" }, "geometry": { "type": "LineString", "coordinates": [ [ 173.16547865298898, -34.80395384411888 ], [ 173.164934037351486, -34.804588918722828 ], [ 173.164533063589062, -34.805285636042164 ] ] } },
{ "type": "Feature", "properties": { "group_id": "nzd0021" }, "geometry": { "type": "LineString", "coordinates": [ [ 173.16354991807458, -34.8075678215965 ], [ 173.163362565142336, -34.808293293170621 ], [ 173.163389989503258, -34.809039242020511 ] ] } },
{ "type": "Feature", "properties": { "group_id": "nzd0022" }, "geometry": { "type": "LineString", "coordinates": [ [ 173.386619782504766, -34.811693924590131 ], [ 173.387247826244021, -34.811170816043479 ], [ 173.387773555783752, -34.81058501978751 ], [ 173.388228910869088, -34.809967472727912 ], [ 173.388646039939147, -34.809323114576856 ], [ 173.388941687529979, -34.80865584200378 ], [ 173.389191710564205, -34.807966970146303 ] ] } },
{ "type": "Feature", "properties": { "group_id": "nzd0023" }, "geometry": { "type": "LineString", "coordinates": [ [ 173.163254478520912, -34.810089020340889 ], [ 173.163375022898094, -34.81082126276182 ], [ 173.163558387036971, -34.811546533317468 ], [ 173.163780394775358, -34.812264187405468 ], [ 173.164059363670162, -34.812970122490817 ], [ 173.164393024175979, -34.813656618236649 ], [ 173.164745931895027, -34.814335196083015 ] ] } },
{ "type": "Feature", "properties": { "group_id": "nzd0024" }, "geometry": { "type": "LineString", "coordinates": [ [ 173.407986623442923, -34.821895958168255 ], [ 173.407496056617902, -34.822529080471604 ] ] } },
{ "type": "Feature", "properties": { "group_id": "nzd0025" }, "geometry": { "type": "LineString", "coordinates": [ [ 173.047738443712205, -34.855239876645541 ], [ 173.047178256550922, -34.854663240670881 ], [ 173.04655594434081, -34.854124971939889 ], [ 173.046063312875134, -34.853506601777099 ], [ 173.045545880869952, -34.852903545403052 ], [ 173.045039569403968, -34.852293616192782 ], [ 173.044586205591997, -34.85165097955575 ], [ 173.044003976733222, -34.851087932325285 ], [ 173.043535405334808, -34.850454680177023 ], [ 173.042977655246403, -34.849876505161497 ], [ 173.04249122857172, -34.849254272862602 ], [ 173.041981912239663, -34.848646174164351 ], [ 173.041466117598333, -34.848042072576277 ], [ 173.040962986399279, -34.847435199414122 ], [ 173.040395788749237, -34.846867465987614 ], [ 173.039932052526979, -34.84623453018871 ], [ 173.039406934353394, -34.845636324528471 ], [ 173.038882884872635, -34.845037495873903 ], [ 173.038366316444609, -34.844434332655709 ], [ 173.037921356291434, -34.843789717026198 ], [ 173.037287814716024, -34.843254250819783 ], [ 173.036863179509737, -34.842597861982831 ], [ 173.036343935667503, -34.841996229648423 ], [ 173.03568918272552, -34.841473027630329 ], [ 173.035251472311671, -34.840824193705402 ], [ 173.034773841627356, -34.840198461753822 ], [ 173.034256465567779, -34.839595730638663 ], [ 173.033765103960008, -34.838977937498818 ], [ 173.033347011255159, -34.838317730539096 ], [ 173.032869630197126, -34.837691836264185 ], [ 173.032419957775545, -34.837049899198611 ], [ 173.031764673579602, -34.83652696993186 ], [ 173.031330321786669, -34.835876156205238 ], [ 173.030780294543234, -34.835292293289676 ], [ 173.030129567001467, -34.83476671316572 ], [ 173.029602685533973, -34.834169444170335 ], [ 173.029155479588269, -34.833526053086949 ], [ 173.028577701031708, -34.832958235445986 ], [ 173.028000348976121, -34.832390166476955 ], [ 173.02751827134739, -34.831766946545017 ], [ 173.026974172938964, -34.831179620934812 ], [ 173.026447926846629, -34.830581957662687 ], [ 173.025955853148872, -34.829964700092084 ], [ 173.025450947464606, -34.829354989071348 ], [ 173.024905830164101, -34.828768284233711 ], [ 173.024295147607944, -34.828219282733457 ], [ 173.023864625255953, -34.827566369926359 ], [ 173.023344649240499, -34.826965044832264 ], [ 173.022824176665921, -34.82636400169892 ], [ 173.02231699480032, -34.825755288742997 ], [ 173.021735576686865, -34.82518938696888 ], [ 173.021241796815332, -34.824572935595633 ], [ 173.020684176721943, -34.823993299499499 ], [ 173.020222572404947, -34.823358282073897 ], [ 173.019711439374333, -34.822751825798825 ], [ 173.019164597282412, -34.822165960248164 ], [ 173.018617945702914, -34.821579980384563 ], [ 173.018204116241037, -34.820917391082844 ], [ 173.017882089351588, -34.820201849785491 ], [ 173.017400611446391, -34.819578267597564 ], [ 173.016654101826049, -34.819107538663232 ], [ 173.016244476725177, -34.8184425065214 ], [ 173.015670792170056, -34.817872091485263 ], [ 173.015140727359778, -34.817276514249798 ], [ 173.01457653151445, -34.816700099789522 ], [ 173.013978871807495, -34.816143264417335 ], [ 173.013523199909002, -34.815504390087185 ], [ 173.013017783107557, -34.814894515974352 ], [ 173.012417314003102, -34.814339941836565 ], [ 173.01187738011501, -34.813750142027388 ], [ 173.011316957632545, -34.813172258686585 ], [ 173.010802423971683, -34.812567671460251 ], [ 173.010330603261195, -34.81193822813885 ], [ 173.009758685447565, -34.811367019939581 ], [ 173.009268383525409, -34.810748320740338 ], [ 173.008775425146922, -34.810131162725369 ], [ 173.008417448595537, -34.809435463433871 ], [ 173.007944527327311, -34.808806638214428 ], [ 173.007189335185416, -34.808342043161915 ], [ 173.006823461072287, -34.807650925743516 ], [ 173.006127378604873, -34.807151929829644 ], [ 173.005667683967914, -34.806515391487352 ], [ 173.005049362098305, -34.805971143046818 ], [ 173.004618887537447, -34.805317594753745 ], [ 173.004103828733918, -34.804713126105071 ], [ 173.003448978343187, -34.804190250654194 ], [ 173.003111536731808, -34.803482009206078 ], [ 173.002289938507715, -34.803056919583163 ], [ 173.001954925968903, -34.802347248329831 ], [ 173.00133424350642, -34.801804645273776 ], [ 173.000735025275873, -34.801249484477822 ], [ 173.000209387424576, -34.800651286248538 ], [ 172.999685517109725, -34.800052049900216 ], [ 172.99913990833457, -34.799465566480151 ], [ 172.998733010306665, -34.798797973962785 ], [ 172.998254123708392, -34.798172266330795 ] ] } },
{ "type": "Feature", "properties": { "group_id": "nzd0027" }, "geometry": { "type": "LineString", "coordinates": [ [ 173.337037975666334, -34.857082389525971 ], [ 173.337893286791484, -34.856872262681051 ], [ 173.338756045776591, -34.856683637783838 ], [ 173.339647051137746, -34.856574396422353 ], [ 173.340476610424645, -34.856347364820685 ], [ 173.341237484265008, -34.856047687050925 ], [ 173.342064372884835, -34.856026854375074 ], [ 173.342775097999493, -34.855863603764696 ], [ 173.343641712662333, -34.855584718487492 ], [ 173.344522019544968, -34.855409711946884 ], [ 173.345342482015212, -34.855174119529302 ], [ 173.346128212131447, -34.854931808681719 ], [ 173.346960589146505, -34.85469086686129 ], [ 173.347887598563631, -34.854467939796841 ], [ 173.348755830133143, -34.854202279616963 ], [ 173.349515005748941, -34.853970844446067 ], [ 173.35033536837625, -34.853746399898064 ], [ 173.351210476293204, -34.85344877030915 ], [ 173.35203748523918, -34.853166278306681 ], [ 173.352804588056017, -34.852913560539463 ], [ 173.353674611848078, -34.852640557096755 ], [ 173.354571671260061, -34.852341759373559 ], [ 173.355342679179529, -34.852101640572137 ], [ 173.35607317115057, -34.851827087543654 ], [ 173.356913172870577, -34.851560757025297 ], [ 173.397207628506351, -34.820457112135379 ], [ 173.397235669101406, -34.819725177862566 ], [ 173.397242610357154, -34.818987969685345 ], [ 173.397164527408904, -34.818251028528856 ], [ 173.396986610812405, -34.817526144033764 ], [ 173.396817802566289, -34.816795522163517 ], [ 173.396597158274233, -34.816025397048257 ], [ 173.396062765177447, -34.815354798384085 ] ] } },
{ "type": "Feature", "properties": { "group_id": "nzd0028" }, "geometry": { "type": "LineString", "coordinates": [ [ 173.295642468241454, -34.861401201581614 ], [ 173.296466633679159, -34.861598066266652 ], [ 173.297313335160482, -34.861731930395642 ], [ 173.298187415219815, -34.861773391241982 ], [ 173.299047118338081, -34.861812671785501 ], [ 173.29995306181155, -34.861775074345466 ], [ 173.300843206468755, -34.861758193020492 ], [ 173.301714219060131, -34.861717166976518 ], [ 173.302599422316746, -34.861645812124358 ], [ 173.303495771702927, -34.861563195529406 ], [ 173.30439548510347, -34.861479152828643 ], [ 173.305289543176826, -34.861433640569537 ], [ 173.306187370811188, -34.861437793839762 ], [ 173.30708440296408, -34.861379103680591 ], [ 173.307993734025246, -34.861362479211884 ], [ 173.30889500710876, -34.861398414671541 ], [ 173.309779228675495, -34.861323818596134 ], [ 173.3106685169831, -34.861196919040907 ], [ 173.311570178734115, -34.861131446335733 ], [ 173.312464720778337, -34.861074688063454 ], [ 173.313351453719918, -34.860987893653018 ], [ 173.314234593659762, -34.860922874997833 ], [ 173.315119914219537, -34.860839073285355 ], [ 173.316008375100779, -34.860704849998918 ], [ 173.316891429258931, -34.860606381954902 ], [ 173.317779270653006, -34.860536895888934 ], [ 173.318674524141045, -34.860448726399355 ], [ 173.319569624360668, -34.860327044880719 ], [ 173.320470008318864, -34.860244252617576 ], [ 173.321350784324409, -34.860138036261489 ], [ 173.322238459405327, -34.860061498995954 ], [ 173.323140187435484, -34.859985233359659 ], [ 173.324023933442788, -34.85981588507952 ], [ 173.324861025901413, -34.859684073549623 ], [ 173.32571898635436, -34.85957862466082 ], [ 173.326626453418953, -34.859450014401084 ], [ 173.327535784801682, -34.859337639825938 ], [ 173.328430323129226, -34.859218719739431 ] ] } },
{ "type": "Feature", "properties": { "group_id": "nzd0029" }, "geometry": { "type": "LineString", "coordinates": [ [ 173.154821094698207, -34.826131885487953 ], [ 173.155127714788307, -34.826835471341504 ], [ 173.155337972084851, -34.827533442114941 ], [ 173.15529688075307, -34.828238454514832 ], [ 173.155340016358224, -34.828964190648051 ], [ 173.15512359472558, -34.82967650669989 ], [ 173.155116730193328, -34.830417291850672 ], [ 173.1550078305672, -34.831148245492209 ], [ 173.155045095656504, -34.831891591201256 ], [ 173.155024013796663, -34.832627654056431 ], [ 173.155151438662557, -34.833356573289244 ], [ 173.155276892840845, -34.834083279518453 ], [ 173.155376871147638, -34.834804899113159 ], [ 173.15563243461142, -34.835509482287428 ], [ 173.155789839736372, -34.836229541011576 ], [ 173.155959822413763, -34.83695695319286 ], [ 173.15621876182675, -34.837657647165663 ], [ 173.156520353932365, -34.838350696157619 ], [ 173.156877930506738, -34.839032952800288 ], [ 173.15713747884061, -34.839735369641737 ], [ 173.157475068343473, -34.84041564949414 ], [ 173.15788840653542, -34.841067675911781 ], [ 173.158298041256216, -34.841720165517728 ], [ 173.158679652003741, -34.842405603822179 ], [ 173.159159258481083, -34.843019829766533 ], [ 173.159674542165078, -34.843616398873003 ], [ 173.16024094900888, -34.844190163363677 ], [ 173.160796405692537, -34.844770319711699 ], [ 173.161370603438712, -34.845326795371236 ], [ 173.161946093161987, -34.84588713455873 ], [ 173.162507643124201, -34.846466769821518 ], [ 173.163194280764969, -34.846947682396511 ], [ 173.163755971412968, -34.847530098389974 ], [ 173.16448587487568, -34.84797269954958 ], [ 173.16510720591279, -34.8485049535294 ], [ 173.165729590677302, -34.849036358918461 ], [ 173.166407924363398, -34.849523599172755 ], [ 173.167057869475087, -34.850019740261153 ], [ 173.167650889911926, -34.850571088763481 ], [ 173.168290628881493, -34.851074833398819 ], [ 173.168945962667976, -34.851581081982928 ], [ 173.169651236472419, -34.852039276923477 ], [ 173.170267985488437, -34.852573380012061 ], [ 173.170904417863113, -34.853094689956848 ], [ 173.171544607176742, -34.853608445364671 ], [ 173.172129350899809, -34.854166982657745 ], [ 173.172737313888177, -34.854707269908168 ], [ 173.173335693646806, -34.855257263502935 ], [ 173.173979479437918, -34.855760312025097 ], [ 173.174648521307859, -34.856225674080711 ], [ 173.17536105551082, -34.856671664656211 ], [ 173.176079518565757, -34.857121065944987 ], [ 173.176887026069096, -34.857488234125604 ], [ 173.177600658020026, -34.857914048987091 ], [ 173.178254856346825, -34.85843179528176 ], [ 173.178830944475237, -34.859013476049086 ], [ 173.179481961366037, -34.859520181067978 ], [ 173.180245040130416, -34.859938089473005 ], [ 173.180869848822056, -34.860461644246136 ], [ 173.18151898349484, -34.860945351482648 ], [ 173.182137858797972, -34.861491362102619 ], [ 173.182882576293991, -34.861906363738754 ], [ 173.183571686004711, -34.862349010182456 ], [ 173.184291425191901, -34.862781953954944 ], [ 173.185037460915993, -34.863165813607658 ], [ 173.185824902349822, -34.863501619261214 ], [ 173.186628885398221, -34.863857022569043 ], [ 173.187399457971679, -34.864243288537999 ], [ 173.188133649375089, -34.864633516327764 ], [ 173.188868761153316, -34.865059017328299 ], [ 173.189636733377881, -34.865459263157014 ], [ 173.190340334539997, -34.865914834099051 ], [ 173.191059338643726, -34.866340150449673 ], [ 173.191829346930263, -34.866713158017852 ], [ 173.192649107332926, -34.867026806991639 ], [ 173.193415397592304, -34.867405709978108 ], [ 173.194180295133208, -34.867785524800418 ], [ 173.195032304559675, -34.868061355451026 ], [ 173.19586193871794, -34.868379309135591 ], [ 173.196616412736802, -34.868727272954878 ], [ 173.197405211688221, -34.86909052403648 ], [ 173.198167849831634, -34.869513034593645 ], [ 173.198930500786474, -34.869903462053117 ], [ 173.19969213591844, -34.870289602707281 ], [ 173.200467164158709, -34.870597263071296 ], [ 173.201207438898109, -34.870902213424827 ], [ 173.201984433876248, -34.871215372739435 ], [ 173.2027956047462, -34.871492785491924 ], [ 173.20363971961163, -34.871772037565989 ], [ 173.20447651837631, -34.872055816411006 ], [ 173.205306460674677, -34.872315474798157 ], [ 173.206143212003326, -34.872526486079742 ], [ 173.206968824255057, -34.872826535562659 ], [ 173.207806362361254, -34.873077651414981 ], [ 173.208648817085589, -34.87333647645346 ], [ 173.209491428959012, -34.873587258375274 ], [ 173.210289826645123, -34.873933132706 ], [ 173.211112342918568, -34.874232441178606 ], [ 173.211934725569108, -34.874507675052634 ], [ 173.212769894428703, -34.874775647332676 ], [ 173.213587589866592, -34.875106776823493 ], [ 173.214395815712777, -34.875442858396283 ], [ 173.215204063894021, -34.875754079729148 ], [ 173.215973262243153, -34.87611670709633 ], [ 173.216766150486421, -34.87635177549631 ], [ 173.217558354939314, -34.876614623384512 ], [ 173.218417479940456, -34.876852893362106 ], [ 173.219279239875618, -34.877018883103979 ], [ 173.220094646444551, -34.877111959936919 ], [ 173.2209900902009, -34.87725999620578 ], [ 173.221889029762764, -34.8775181004168 ], [ 173.222735745749333, -34.877796886979652 ], [ 173.223540124785643, -34.878075687656676 ], [ 173.224337188285091, -34.878370933597935 ], [ 173.225185196744803, -34.878607356496815 ], [ 173.226030834852793, -34.878816525537985 ], [ 173.226902594773009, -34.878965619510808 ], [ 173.227763134216985, -34.879169267526706 ], [ 173.228654946066371, -34.879291331226867 ], [ 173.229517625870159, -34.879470995580242 ], [ 173.23038666350854, -34.879595357499412 ], [ 173.231271186380013, -34.879676004787093 ], [ 173.232145107194356, -34.879710607749288 ], [ 173.233028648092528, -34.879782103639442 ], [ 173.233924468547514, -34.879886480095102 ], [ 173.234814190708335, -34.879946953158431 ], [ 173.23571295763395, -34.880039337676514 ], [ 173.236575265537937, -34.880319034729219 ], [ 173.237455194967566, -34.880429445258365 ], [ 173.238349877330251, -34.880470847635955 ], [ 173.239196566498066, -34.880782307889291 ], [ 173.240101823336857, -34.880800571462544 ], [ 173.241004055392494, -34.880844647722959 ], [ 173.241891064322033, -34.880957364480778 ], [ 173.242786373957301, -34.881029417644307 ], [ 173.243646813295925, -34.881280904838562 ], [ 173.24453580335009, -34.881399397323811 ], [ 173.24542750046578, -34.881469597222967 ], [ 173.246313746307038, -34.881589823779741 ], [ 173.247206684021961, -34.881679813621645 ], [ 173.24808211058405, -34.881862583266724 ], [ 173.248980100815771, -34.881892260522179 ], [ 173.249891001669226, -34.881865899206886 ], [ 173.250780334915788, -34.881966063169429 ], [ 173.251674727587101, -34.882028572508545 ], [ 173.252565158603971, -34.882130238615844 ], [ 173.253472135588282, -34.882135233215052 ], [ 173.25434232303013, -34.882350285117191 ], [ 173.255236779235446, -34.882425958917125 ], [ 173.25613228677085, -34.882487471707655 ], [ 173.257019324836591, -34.88259496414431 ], [ 173.257906959098932, -34.8826250265585 ], [ 173.258792283752143, -34.882653860043078 ], [ 173.259690745941668, -34.882760933438298 ], [ 173.260606746220219, -34.882712550132482 ], [ 173.2615282526219, -34.882729860359355 ], [ 173.262404355032544, -34.882808917981194 ], [ 173.263242602906388, -34.882854011334466 ], [ 173.26417066382885, -34.882890613820052 ], [ 173.265097909736227, -34.883025633517434 ], [ 173.265990219024843, -34.883062608051425 ], [ 173.266862307101803, -34.88318928460636 ], [ 173.267743172454772, -34.883393940236118 ], [ 173.268637295640758, -34.883612504664818 ], [ 173.269546024290634, -34.883816323346721 ], [ 173.270393248864025, -34.88413516608955 ], [ 173.271240600015545, -34.884447102080692 ], [ 173.272012812646238, -34.88486046264687 ], [ 173.272869375338956, -34.885178651878455 ], [ 173.273777100752028, -34.885498670180141 ], [ 173.274619773091644, -34.885916456807159 ], [ 173.275284407549378, -34.88626662196954 ], [ 173.275878364799098, -34.88665815059364 ], [ 173.276631357435747, -34.887124541265734 ], [ 173.277345444019971, -34.88769036936047 ], [ 173.278059498060088, -34.888221402374711 ], [ 173.278734811277047, -34.8887980202039 ], [ 173.27950425263063, -34.889261015746889 ], [ 173.280178157641274, -34.889729996462407 ] ] } },
{ "type": "Feature", "properties": { "group_id": "nzd0030" }, "geometry": { "type": "LineString", "coordinates": [ [ 173.095313285748233, -34.913570747415044 ], [ 173.094802297969267, -34.912964642165285 ], [ 173.094438245739951, -34.912282397455385 ], [ 173.093959424483813, -34.911660891638647 ], [ 173.093445962033002, -34.911055245795737 ], [ 173.092925821393834, -34.91045299846175 ], [ 173.092506005541964, -34.909799619691483 ], [ 173.092101751424593, -34.90913830558668 ], [ 173.091569440140347, -34.908542246315434 ], [ 173.091043196875631, -34.907943089922377 ], [ 173.09064786219605, -34.90727721598352 ], [ 173.090119423578045, -34.906679168867505 ], [ 173.08966576486705, -34.906043008077596 ], [ 173.089216064975744, -34.905404825011779 ], [ 173.088687404692905, -34.904806876585624 ], [ 173.088194599602048, -34.904190651042235 ], [ 173.087741920821259, -34.903553971738909 ], [ 173.087182487227352, -34.902971691570428 ], [ 173.086718933257799, -34.9023405449054 ], [ 173.086350633932227, -34.901660850086273 ], [ 173.085799876808125, -34.901073841073377 ], [ 173.085265988557296, -34.900479055559401 ], [ 173.084725237501999, -34.899888879124155 ], [ 173.084390958073413, -34.899187686771988 ], [ 173.083786248190222, -34.898631821462807 ], [ 173.083316439064191, -34.898003454647409 ], [ 173.082882584874255, -34.897355760635982 ], [ 173.082329700686188, -34.896772029875493 ], [ 173.081987128428466, -34.896075270603561 ], [ 173.081460025804716, -34.895477675350975 ], [ 173.080944307851297, -34.894873957210493 ], [ 173.080371290494782, -34.894301027794953 ], [ 173.079942874149282, -34.893650383499249 ], [ 173.079396485429783, -34.893063134312456 ], [ 173.078932490680131, -34.892431600985411 ], [ 173.078346550087815, -34.891865598186691 ], [ 173.077761970782433, -34.891298859107394 ], [ 173.077399402057893, -34.890612804432671 ], [ 173.076902384545974, -34.889998999418275 ], [ 173.076382003092107, -34.889398162374171 ], [ 173.075887157282864, -34.888784251557645 ], [ 173.075356885301431, -34.888189891880984 ], [ 173.074814042702229, -34.887602196306212 ], [ 173.074364622318825, -34.886960623736115 ], [ 173.073767276471443, -34.886404348985145 ], [ 173.07334447092785, -34.885747419889462 ], [ 173.072850401666471, -34.885131581066702 ], [ 173.072381908300969, -34.884500989217571 ], [ 173.071931578298461, -34.883859918788175 ], [ 173.071417078478191, -34.883255848094457 ], [ 173.070992004630966, -34.882600204422538 ], [ 173.070306369091952, -34.882094812196272 ], [ 173.069916519484707, -34.881418847283349 ], [ 173.069287385324998, -34.880880864043405 ], [ 173.068728869527035, -34.880302213572413 ], [ 173.068312169254995, -34.87964488370509 ], [ 173.067831380135317, -34.879023646966687 ], [ 173.067463230333232, -34.878341205861233 ], [ 173.066911395438325, -34.877756414573469 ], [ 173.066397715457896, -34.877151333900549 ], [ 173.066011359685689, -34.876478557696267 ], [ 173.065267273037847, -34.875995961349631 ], [ 173.064917808482534, -34.87530356314177 ], [ 173.064328385188873, -34.874738732104191 ], [ 173.063867565514158, -34.874105525454496 ], [ 173.063395580700558, -34.87347824996823 ], [ 173.06276869903823, -34.872933319353152 ], [ 173.062336117981545, -34.872285085951894 ], [ 173.061720673083158, -34.871734540384125 ], [ 173.061201671670545, -34.871138485934864 ], [ 173.060748454762518, -34.870503322416454 ], [ 173.060230443054479, -34.869901094934555 ], [ 173.059867531199757, -34.869206421987961 ], [ 173.059199294251698, -34.868693721641463 ], [ 173.058669688135353, -34.868098391522189 ], [ 173.058307407819285, -34.867403329072886 ], [ 173.057603313213718, -34.866911987308391 ], [ 173.057158143212689, -34.866266319406861 ], [ 173.056725879395486, -34.865612954800412 ], [ 173.056195350632208, -34.86501815291043 ], [ 173.0556388194953, -34.86443910861604 ], [ 173.055187980430588, -34.863798741942666 ], [ 173.054553486347316, -34.863263643805489 ], [ 173.05403821696666, -34.86265986160253 ], [ 173.053493207544278, -34.862073043404507 ], [ 173.053013615306185, -34.86144889633745 ], [ 173.052487756763469, -34.860851142501041 ], [ 173.05196433823545, -34.860251992028658 ], [ 173.051407859413104, -34.859671699970164 ], [ 173.050948757422731, -34.859035844129053 ], [ 173.050507540954783, -34.858389755114089 ], [ 173.049971050615085, -34.857797907268569 ], [ 173.049399488153085, -34.857228140604036 ], [ 173.048938370084585, -34.856590328449471 ], [ 173.048427076202131, -34.855983503109336 ], [ 173.047848628782987, -34.855418150942484 ] ] } },
{ "type": "Feature", "properties": { "group_id": "nzd0031" }, "geometry": { "type": "LineString", "coordinates": [ [ 173.382582158183482, -34.874657822389459 ], [ 173.381653815073093, -34.874627167388766 ], [ 173.380686538785397, -34.8748237021126 ], [ 173.379891137369668, -34.87530092066703 ], [ 173.379145154722039, -34.875731624824006 ], [ 173.378495324869874, -34.876231220352167 ], [ 173.377820911979285, -34.876718803383845 ], [ 173.377092358222797, -34.877168906965721 ], [ 173.376504216698095, -34.877785011444679 ], [ 173.375934677026237, -34.878372396849414 ], [ 173.375224582258738, -34.878860441227772 ], [ 173.37491503920981, -34.879550320525951 ], [ 173.374501073241333, -34.880214085004262 ], [ 173.37406509159581, -34.880866610580419 ], [ 173.373699257392786, -34.881544832507139 ], [ 173.37329732992194, -34.882197896115542 ], [ 173.372853913997204, -34.882836932153687 ], [ 173.372546235597468, -34.883536073943219 ], [ 173.372124943005275, -34.884193713561302 ], [ 173.371878209660281, -34.884906193233078 ], [ 173.371518313730888, -34.885588910938722 ], [ 173.371321205771295, -34.886314172700942 ], [ 173.371005141627961, -34.886993157847989 ], [ 173.370614828867616, -34.887626691567917 ], [ 173.37040594526016, -34.888350321975452 ], [ 173.370112086545333, -34.888963731177604 ], [ 173.369985203552631, -34.889688025329271 ], [ 173.369839336262942, -34.89038962834271 ], [ 173.369793573171137, -34.891132364419164 ], [ 173.369545701555722, -34.891845414864534 ], [ 173.369484144083088, -34.892585305119759 ], [ 173.369294419840429, -34.893307141394644 ], [ 173.369158172929701, -34.894032971374465 ], [ 173.369125012257342, -34.894772883002034 ], [ 173.369019948069734, -34.895503456649813 ], [ 173.369006263404543, -34.896241949930797 ], [ 173.368886057862369, -34.896954172824103 ], [ 173.36882443810839, -34.897683069882305 ], [ 173.368855304686207, -34.898410943041974 ], [ 173.368828368329901, -34.899147149861292 ], [ 173.368907771974307, -34.899879887052599 ], [ 173.368978333018902, -34.900602351599559 ], [ 173.369003779006931, -34.901341782214445 ], [ 173.369129291027065, -34.90206969704586 ], [ 173.369241241756754, -34.902800811110041 ], [ 173.369388116109093, -34.903529720877394 ], [ 173.36950413829473, -34.904261322083173 ], [ 173.369602395411732, -34.904990429695523 ], [ 173.369652934505808, -34.905723818719146 ], [ 173.369816948812769, -34.906446940838528 ], [ 173.36988675725712, -34.90718721147821 ], [ 173.36996683427634, -34.90792095272171 ], [ 173.370111622068293, -34.908640444727254 ], [ 173.370217509387572, -34.909370449841774 ], [ 173.370318880640639, -34.910103260450128 ], [ 173.370552814441112, -34.910815782414211 ], [ 173.370634734721222, -34.911550945637416 ], [ 173.370843104900217, -34.912267288562958 ], [ 173.371047866420156, -34.912985630228867 ], [ 173.371188976975304, -34.91371017623343 ], [ 173.371325889428533, -34.914439929402626 ], [ 173.37152018006401, -34.91515773842081 ], [ 173.371725064861209, -34.915868158128653 ], [ 173.371795856771172, -34.916613422215178 ], [ 173.371953366623387, -34.917331681005976 ], [ 173.371883958754125, -34.918028156968461 ], [ 173.371939096613858, -34.918820903771206 ], [ 173.372420428723899, -34.919517332003956 ], [ 173.372828561145155, -34.920128892310018 ], [ 173.37306253300693, -34.920817343661426 ], [ 173.373378154160775, -34.921521260733712 ], [ 173.373558473357747, -34.922223900808582 ], [ 173.373787565710074, -34.922905477947872 ], [ 173.374084352438672, -34.923618176838687 ], [ 173.374373431808692, -34.924319259928737 ], [ 173.374587251443927, -34.925022036320804 ], [ 173.374818861145599, -34.925729944524726 ], [ 173.375035934721041, -34.926452408093056 ], [ 173.375349846663255, -34.927155870590909 ], [ 173.37561750011713, -34.927870657725492 ], [ 173.375863239235969, -34.928585276542101 ], [ 173.376123195072353, -34.929284332598812 ], [ 173.376375206013989, -34.929969672885655 ], [ 173.376758294016298, -34.930661292194593 ], [ 173.377068632366075, -34.931342111713157 ], [ 173.377382779529853, -34.93200082181928 ], [ 173.377664564987867, -34.932724716791476 ], [ 173.377929393771865, -34.933421468709561 ], [ 173.378274385319173, -34.934084284049 ], [ 173.378577073250824, -34.934783519155481 ], [ 173.378940040965915, -34.935498965656954 ], [ 173.3792517706691, -34.936207996423065 ], [ 173.379624288496188, -34.936808104191833 ], [ 173.379967318985905, -34.937476588743145 ], [ 173.380290727163242, -34.938182174234939 ], [ 173.380705607169887, -34.938865771935887 ], [ 173.381100669928145, -34.939557256324214 ], [ 173.381517042705951, -34.940198357223309 ], [ 173.381905612393837, -34.940839345113098 ], [ 173.382326757663719, -34.94148797077176 ], [ 173.382674847902962, -34.942166444450031 ], [ 173.383129079375607, -34.94281400189459 ], [ 173.383578159738619, -34.943458762284429 ], [ 173.384067072751805, -34.944076545141854 ], [ 173.384482805398477, -34.944728574078233 ], [ 173.384916229793646, -34.945366337800778 ], [ 173.385387982019836, -34.945992388007681 ], [ 173.385792129449896, -34.946659733015728 ], [ 173.386303361773514, -34.947290027855296 ], [ 173.386760075392942, -34.947934071283349 ], [ 173.387149163164821, -34.948582677283547 ], [ 173.387666868476117, -34.949177961195403 ], [ 173.388167856671998, -34.94978470114372 ], [ 173.388638828705865, -34.950389953338494 ], [ 173.3891417572394, -34.951007509808981 ], [ 173.389644284113615, -34.951634874112322 ], [ 173.390180921177148, -34.952232782622652 ], [ 173.390718389907931, -34.952829530322127 ], [ 173.391223713349262, -34.953450702467826 ], [ 173.391747311662272, -34.954047828011539 ], [ 173.392293448756078, -34.954617047028997 ], [ 173.392800888889184, -34.955219693407848 ], [ 173.393344381184704, -34.95579488684497 ], [ 173.393887275873823, -34.9563876209264 ], [ 173.394431675055074, -34.956983868077387 ], [ 173.395006696496097, -34.957550933505296 ], [ 173.395542747708504, -34.958143297864368 ], [ 173.396120361725906, -34.958707990655284 ], [ 173.396670661641849, -34.959289934134404 ], [ 173.397249270245823, -34.959853555598933 ], [ 173.397819290928766, -34.960422742079082 ], [ 173.398406282740751, -34.960982964052135 ], [ 173.398996134763962, -34.961540591173438 ], [ 173.399518310337157, -34.96214199801355 ] ] } },
{ "type": "Feature", "properties": { "group_id": "nzd0032" }, "geometry": { "type": "LineString", "coordinates": [ [ 173.573564612817535, -34.939670678952631 ], [ 173.572721314114176, -34.940226305307874 ], [ 173.57256728862032, -34.941038351233011 ], [ 173.572651158664684, -34.941802796156949 ] ] } },
{ "type": "Feature", "properties": { "group_id": "nzd0033" }, "geometry": { "type": "LineString", "coordinates": [ [ 173.13744853145883, -34.974534671994533 ], [ 173.137038740054976, -34.973879507359122 ], [ 173.136626953727642, -34.973225139127642 ], [ 173.136245534191374, -34.972558561598269 ], [ 173.135916020105611, -34.971871118590826 ], [ 173.135478835672956, -34.971226941518395 ], [ 173.135084106359159, -34.970565696948441 ], [ 173.134702791261503, -34.96989905601577 ], [ 173.134238720601218, -34.969265668271994 ], [ 173.133904847021626, -34.968579950431391 ], [ 173.133494741569507, -34.967924864013462 ], [ 173.133080707555564, -34.967271351123145 ], [ 173.132707448791649, -34.966600395051266 ], [ 173.132385241712001, -34.965905576410179 ], [ 173.131875422515918, -34.965290470981088 ], [ 173.131633231613961, -34.964563673697754 ], [ 173.131174950006397, -34.963929271078968 ], [ 173.130728482860661, -34.963289811426151 ], [ 173.13033333466646, -34.96262840262203 ], [ 173.129843797189494, -34.962007349462489 ], [ 173.129376051912544, -34.961376972779973 ], [ 173.128957017666465, -34.960725762088181 ], [ 173.128494034283506, -34.960093338861014 ], [ 173.128086561186535, -34.959437174229414 ], [ 173.127652091538408, -34.95879254814097 ], [ 173.127287877741821, -34.958117875322621 ], [ 173.12689330786236, -34.957456177568531 ], [ 173.126486071682933, -34.956799890737372 ], [ 173.1260127045243, -34.956171876574658 ], [ 173.125623644938827, -34.95550780695725 ], [ 173.125209590997088, -34.954854419816535 ], [ 173.124852231459499, -34.954176784580994 ], [ 173.124400094398311, -34.953537799242163 ], [ 173.123886547262003, -34.952925690419171 ], [ 173.123461009835495, -34.95227577645764 ], [ 173.122969726296589, -34.951657811199205 ], [ 173.122562924383942, -34.951000352012073 ], [ 173.122171687421627, -34.95033561226991 ], [ 173.121754448646612, -34.949683021443157 ], [ 173.12132928407425, -34.949034130332663 ], [ 173.120945528730431, -34.948365878240018 ], [ 173.120406565551662, -34.947770170072971 ], [ 173.119990235849258, -34.947117134246625 ], [ 173.119516715622012, -34.946490826055935 ], [ 173.119142430349115, -34.945818127258718 ], [ 173.118704244616254, -34.945176377049755 ], [ 173.118208802944196, -34.944562954888887 ], [ 173.117781327866254, -34.943917254589927 ], [ 173.117321204235594, -34.943283930818531 ], [ 173.116869226724873, -34.942647026547355 ], [ 173.116314139801801, -34.942055463585575 ], [ 173.115850906164411, -34.941424860314676 ], [ 173.115483059542896, -34.940748103123354 ], [ 173.114979795414314, -34.940136561262989 ], [ 173.11460999374151, -34.939460287840603 ], [ 173.114107262563238, -34.938848477742987 ], [ 173.113626818992799, -34.938225853682333 ], [ 173.113194436577572, -34.93757991594557 ], [ 173.112798099812153, -34.936916491736696 ], [ 173.112313903116387, -34.936295673178833 ], [ 173.111856614555734, -34.935661799719597 ], [ 173.111505465730659, -34.934976445157076 ], [ 173.111019625276469, -34.934356409105277 ], [ 173.110580911212509, -34.933713512504617 ], [ 173.11015854501855, -34.933062682460879 ], [ 173.109662647104642, -34.93244750946721 ], [ 173.109118028834388, -34.931855960327908 ], [ 173.108741810529466, -34.931182734421981 ], [ 173.10821252622921, -34.930584294861482 ], [ 173.107756839937082, -34.929950242799698 ], [ 173.107291986091411, -34.929319856234137 ], [ 173.106910667074175, -34.928650356992193 ], [ 173.106382298361524, -34.928049481202969 ], [ 173.106077270529283, -34.927344366505558 ], [ 173.105566524335558, -34.926733148426571 ], [ 173.105055593342854, -34.926124308115135 ], [ 173.104558992577353, -34.925510261571958 ], [ 173.104241694830023, -34.924803777207572 ], [ 173.103622144390982, -34.92425317515184 ], [ 173.103133349892317, -34.923635130855637 ], [ 173.102600212769943, -34.923039951540154 ], [ 173.102134353001475, -34.922410069175669 ], [ 173.101712528110198, -34.921757471001797 ], [ 173.101220931587449, -34.92114082241465 ], [ 173.100721935873679, -34.920527922019744 ], [ 173.100251002340826, -34.91990029202028 ], [ 173.09986124008924, -34.919229452569603 ], [ 173.099332197320734, -34.918632930024323 ], [ 173.09888395592651, -34.917993286289487 ], [ 173.09825968968309, -34.917447566756017 ], [ 173.097819827965424, -34.916803442282827 ], [ 173.097320047383874, -34.91619128651012 ], [ 173.096846464970184, -34.915565146433167 ], [ 173.096349863522192, -34.914951284931426 ], [ 173.095866664242806, -34.914330267212186 ], [ 173.095477093096036, -34.913659283564911 ] ] } },
{ "type": "Feature", "properties": { "group_id": "nzd0034" }, "geometry": { "type": "LineString", "coordinates": [ [ 173.573175588372152, -34.943563067655241 ], [ 173.573706263730941, -34.944103064655231 ], [ 173.574459950431219, -34.944482594212992 ], [ 173.575277597820559, -34.944774347244049 ], [ 173.576138221198846, -34.944949347363583 ], [ 173.57699949143452, -34.945037489223033 ], [ 173.577865030240758, -34.945065098273496 ] ] } },
{ "type": "Feature", "properties": { "group_id": "nzd0035" }, "geometry": { "type": "LineString", "coordinates": [ [ 173.619385516242119, -34.950482109493912 ], [ 173.61952289892713, -34.951256484150967 ], [ 173.619966531434244, -34.951959545897481 ], [ 173.62063832392198, -34.952460870474745 ] ] } },
{ "type": "Feature", "properties": { "group_id": "nzd0036" }, "geometry": { "type": "LineString", "coordinates": [ [ 173.67018528104694, -34.961755784756292 ], [ 173.671093511868776, -34.961787543649123 ], [ 173.671999985215677, -34.961685010277414 ], [ 173.672886408931049, -34.961488408440637 ], [ 173.673732829164749, -34.961207437329477 ], [ 173.674577741205269, -34.960917390091943 ], [ 173.675382530652485, -34.960577937397545 ], [ 173.676158142181009, -34.96018176171571 ], [ 173.676899885667865, -34.959730827335015 ], [ 173.677602626295965, -34.959211489625424 ], [ 173.678216675537669, -34.958594514421634 ], [ 173.678779298736799, -34.95795290048337 ] ] } },
{ "type": "Feature", "properties": { "group_id": "nzd0037" }, "geometry": { "type": "LineString", "coordinates": [ [ 173.641501243571014, -34.964218336191642 ], [ 173.642205626902637, -34.964689119109373 ], [ 173.642919545039518, -34.96517370951765 ], [ 173.643790822233257, -34.965490937866484 ], [ 173.644616960702706, -34.965893393595309 ], [ 173.645540186037323, -34.966293008630068 ], [ 173.646592644240457, -34.96616705570878 ], [ 173.647501743546059, -34.965966311718006 ], [ 173.648382765589076, -34.965707933197073 ], [ 173.649267774151099, -34.965939619999624 ], [ 173.650250654176716, -34.965868360808457 ], [ 173.651151043418793, -34.965559910123616 ] ] } },
{ "type": "Feature", "properties": { "group_id": "nzd0038" }, "geometry": { "type": "LineString", "coordinates": [ [ 173.652972993838233, -34.96667589668467 ], [ 173.653847588353784, -34.966889278776627 ], [ 173.65470861630024, -34.967201035990996 ] ] } },
{ "type": "Feature", "properties": { "group_id": "nzd0040" }, "geometry": { "type": "LineString", "coordinates": [ [ 173.504427718506349, -34.989395433297254 ], [ 173.505201245406283, -34.989769791250907 ], [ 173.506059804821689, -34.990124882127994 ], [ 173.507009340472536, -34.990320514421342 ], [ 173.507911934277899, -34.990381240136095 ], [ 173.508829219218057, -34.990297249545939 ], [ 173.509748186866602, -34.990216731818713 ], [ 173.510665625883291, -34.990209445265741 ], [ 173.511564054779882, -34.990157149315621 ], [ 173.512470644609323, -34.990065212856308 ], [ 173.513379676097429, -34.989921979020068 ], [ 173.514258036205831, -34.989720578521286 ], [ 173.515125279827004, -34.989528404513877 ], [ 173.515995742174113, -34.989262260578521 ], [ 173.516912243919904, -34.989070746253773 ], [ 173.517776412321439, -34.98881011984809 ], [ 173.518605252259931, -34.988449765329861 ], [ 173.519356336273546, -34.987957702768128 ], [ 173.520063633249691, -34.987401008294597 ], [ 173.520667566232163, -34.986806066253848 ] ] } },
{ "type": "Feature", "properties": { "group_id": "nzd0041" }, "geometry": { "type": "LineString", "coordinates": [ [ 173.479718330284101, -34.989186945651248 ], [ 173.480437795719638, -34.989635397648428 ], [ 173.481319348387615, -34.989810056509036 ], [ 173.482177832840591, -34.989965310762976 ], [ 173.483037123167065, -34.990163691706158 ], [ 173.483926391256517, -34.990298952077062 ], [ 173.484814526274675, -34.990404764056983 ], [ 173.485700007288983, -34.990598323985409 ], [ 173.486564378796572, -34.990688273121492 ] ] } },
{ "type": "Feature", "properties": { "group_id": "nzd0044" }, "geometry": { "type": "LineString", "coordinates": [ [ 173.791306914731393, -35.001873036630627 ], [ 173.792189867303733, -35.002021636049427 ], [ 173.793089800899082, -35.002053707218877 ], [ 173.793988693767432, -35.002074807625689 ], [ 173.794866417540192, -35.00191875070032 ], [ 173.795664454873275, -35.001618540998464 ] ] } },
{ "type": "Feature", "properties": { "group_id": "nzd0045" }, "geometry": { "type": "LineString", "coordinates": [ [ 173.779859275441765, -35.006989846512191 ], [ 173.780663906301271, -35.006824464636487 ], [ 173.781481148691199, -35.00659916958741 ], [ 173.78230401929514, -35.006298459981409 ], [ 173.783130430398501, -35.006013198138703 ], [ 173.783931010282203, -35.005695686733603 ], [ 173.784710681381426, -35.005362331835009 ], [ 173.785425211440668, -35.004939874992573 ], [ 173.786093739436922, -35.004489886412486 ], [ 173.786758576042473, -35.004004394656953 ], [ 173.787432478845574, -35.003522430798178 ], [ 173.788148587375872, -35.003101392639429 ], [ 173.7888555789267, -35.002660554747926 ] ] } },
{ "type": "Feature", "properties": { "group_id": "nzd0046" }, "geometry": { "type": "LineString", "coordinates": [ [ 173.168158335431542, -35.03957752431424 ], [ 173.168021613770549, -35.038845524994066 ], [ 173.167650173211086, -35.038165218710134 ], [ 173.167410406592182, -35.037456371530872 ], [ 173.167225255307244, -35.036735428587029 ], [ 173.166861466586681, -35.036054022477025 ], [ 173.16666039738277, -35.035336590796078 ], [ 173.16642293243379, -35.034627209462862 ], [ 173.166233577856445, -35.033907172208636 ], [ 173.166014260817974, -35.033193761257301 ], [ 173.16557649980723, -35.03252869918208 ], [ 173.165360420505323, -35.031814559291256 ], [ 173.165168129563, -35.031095147364375 ], [ 173.164936150700782, -35.030382523904507 ], [ 173.164613546852308, -35.029689342930077 ], [ 173.164386984067676, -35.028972260769628 ], [ 173.164032058951932, -35.028294603738615 ], [ 173.163797145894193, -35.027582600449151 ], [ 173.163492057982495, -35.026890671160295 ], [ 173.163234851661883, -35.026185034986476 ], [ 173.162991038240108, -35.025476326826457 ], [ 173.162773969119854, -35.024760521690588 ], [ 173.162488835089164, -35.024063035008169 ], [ 173.162159890647388, -35.023377673036173 ], [ 173.161929189694774, -35.02266482638241 ], [ 173.16174342278714, -35.021939405505407 ], [ 173.161336331721714, -35.021275883609562 ], [ 173.161040184033453, -35.02058132465411 ], [ 173.160769452009788, -35.019879650915534 ], [ 173.160499822486457, -35.019177662840001 ], [ 173.16011278186636, -35.01850850927022 ], [ 173.159821621381127, -35.017810658552769 ], [ 173.1595830930587, -35.01709401265429 ], [ 173.159212062164926, -35.016419155575868 ], [ 173.158907952603386, -35.015726722783349 ], [ 173.158543195599151, -35.015053301057776 ], [ 173.158268524214748, -35.014351625925876 ], [ 173.1579475423367, -35.013664466327768 ], [ 173.15766815140978, -35.012964259414503 ], [ 173.157438226739117, -35.012247653907764 ], [ 173.157115047917785, -35.011560250922976 ], [ 173.156729835352735, -35.010893441366662 ], [ 173.156435347582118, -35.010197823076126 ], [ 173.156104132603389, -35.009513872258161 ], [ 173.155789747982226, -35.008824566363323 ], [ 173.155514333381092, -35.008122868502277 ], [ 173.155079889152091, -35.007471710696706 ], [ 173.154783619902361, -35.006776629761241 ], [ 173.154493524220726, -35.006079580809264 ], [ 173.154202903259289, -35.00538799842316 ], [ 173.153844368504963, -35.004718098377317 ], [ 173.153576426398843, -35.004016516098282 ], [ 173.153407607561661, -35.003285328315364 ], [ 173.153001020284279, -35.002622293653914 ], [ 173.15290340908038, -35.001870681211898 ], [ 173.152307973493862, -35.001261770714635 ], [ 173.15189832628198, -35.000597191907772 ], [ 173.151543478427328, -34.999912814261535 ], [ 173.151188162216329, -34.999230064035153 ], [ 173.150858504345535, -34.998543575474798 ], [ 173.150616959289493, -34.997822644569602 ], [ 173.150321075950103, -34.997122944816084 ], [ 173.149938645036912, -34.996457064844542 ], [ 173.14956840516453, -34.995786414839877 ], [ 173.149139196360039, -34.995141949919748 ], [ 173.148717520408383, -34.994500610851006 ], [ 173.148347169649071, -34.993836251959557 ], [ 173.148093511729968, -34.993125285173484 ], [ 173.147635391246837, -34.992484783983521 ], [ 173.147250509524383, -34.991819034303887 ], [ 173.146886391215048, -34.991146122581107 ], [ 173.146545608201905, -34.990465162341259 ], [ 173.146183153395953, -34.989791666030051 ], [ 173.145718929928307, -34.989153240464489 ], [ 173.145342521992234, -34.988484542170262 ], [ 173.144946529488465, -34.987822588441972 ], [ 173.144586043394582, -34.987147764615337 ], [ 173.144203789911614, -34.986480123071566 ], [ 173.14381288240952, -34.985816526417594 ], [ 173.143464403589746, -34.985137255126638 ], [ 173.143100936719378, -34.984463847411561 ], [ 173.142728250010862, -34.983794044586745 ], [ 173.14229196481412, -34.983149140387873 ], [ 173.141931491776575, -34.9824745441204 ], [ 173.141530793987982, -34.981815693768013 ], [ 173.141273496577156, -34.981100684645661 ], [ 173.140818953718764, -34.980462908425245 ], [ 173.140422082121148, -34.979802543610205 ], [ 173.140141141041795, -34.979095647675628 ], [ 173.139718637025339, -34.97844438622905 ], [ 173.139351568087534, -34.977771994953748 ], [ 173.138891570256106, -34.977137033359902 ], [ 173.138542485410653, -34.976457492633308 ], [ 173.13808613113801, -34.975821056155702 ], [ 173.137698394690858, -34.975157038108442 ] ] } },
{ "type": "Feature", "properties": { "group_id": "nzd0047" }, "geometry": { "type": "LineString", "coordinates": [ [ 173.776975844051918, -35.007567693020334 ], [ 173.777866775347348, -35.007463037032402 ] ] } },
{ "type": "Feature", "properties": { "group_id": "nzd0050" }, "geometry": { "type": "LineString", "coordinates": [ [ 173.858989639308447, -35.018386042501668 ], [ 173.859495297914492, -35.019025042189291 ], [ 173.860685382066237, -35.01890291522021 ] ] } },
{ "type": "Feature", "properties": { "group_id": "nzd0051" }, "geometry": { "type": "LineString", "coordinates": [ [ 173.865955017541808, -35.021256336726005 ], [ 173.866840243312737, -35.021100419918604 ], [ 173.867723127998374, -35.020968632903731 ], [ 173.868579960198986, -35.020842809285611 ], [ 173.869425903259099, -35.020671772558643 ], [ 173.870260288742799, -35.020437813665659 ], [ 173.870965450723475, -35.020017050275634 ], [ 173.871599283821297, -35.01953613309044 ] ] } },
{ "type": "Feature", "properties": { "group_id": "nzd0052" }, "geometry": { "type": "LineString", "coordinates": [ [ 173.862381222214509, -35.020638293180234 ], [ 173.86315082400327, -35.021022601537865 ], [ 173.863966640360644, -35.021322704866812 ] ] } },
{ "type": "Feature", "properties": { "group_id": "nzd0054" }, "geometry": { "type": "LineString", "coordinates": [ [ 173.175169241883879, -35.108901774377387 ], [ 173.175355257756792, -35.108177887779085 ], [ 173.175396222361769, -35.107442942895815 ], [ 173.175404646746273, -35.106705512072331 ], [ 173.175473699686336, -35.105972694107074 ], [ 173.1756219398886, -35.105245251007439 ], [ 173.175676797434477, -35.104508056566225 ], [ 173.175663799708389, -35.103767864632381 ], [ 173.175668744485563, -35.103031436651911 ], [ 173.175726918488351, -35.102298038851025 ], [ 173.175901298324476, -35.101571264154444 ], [ 173.175949766518016, -35.100837299463173 ], [ 173.175997983812266, -35.100103313857119 ], [ 173.17601144124859, -35.099367338531792 ], [ 173.17602429073483, -35.098631321888178 ], [ 173.176157855349828, -35.097902185752837 ], [ 173.176234477652343, -35.097167071572066 ], [ 173.176239148831684, -35.096425513706457 ], [ 173.176298778715051, -35.095687333554871 ], [ 173.176264095412051, -35.094952061361354 ], [ 173.176369004565316, -35.094217774136034 ], [ 173.176377727223553, -35.093482797034582 ], [ 173.176418279474319, -35.09274803939374 ], [ 173.176433571449792, -35.092013095705255 ], [ 173.176409013121173, -35.091277862336028 ], [ 173.176387204837539, -35.090542641865504 ], [ 173.176362525245708, -35.089807394363504 ], [ 173.176471100425175, -35.089073086803772 ], [ 173.176502145532481, -35.088336751706493 ], [ 173.176483721405134, -35.087600075801362 ], [ 173.176448715558934, -35.086864889636672 ], [ 173.176420574364897, -35.086129838039106 ], [ 173.176404555605586, -35.085394768392469 ], [ 173.176368133728289, -35.084659711331319 ], [ 173.17632403427919, -35.083921627750932 ], [ 173.176335162230203, -35.083182428494545 ], [ 173.17630527365688, -35.082447346672112 ], [ 173.176232037988228, -35.081713958567157 ], [ 173.176138995990414, -35.080981170923621 ], [ 173.176149190742677, -35.080245212341225 ], [ 173.176048806363355, -35.079511521325642 ], [ 173.176085781721781, -35.078771573311329 ], [ 173.176040997813232, -35.078036387649718 ], [ 173.17590940186119, -35.077306730469061 ], [ 173.175909117120227, -35.07656998959127 ], [ 173.175794817771589, -35.07583938702227 ], [ 173.175763723676454, -35.075102377648783 ], [ 173.175626602840083, -35.074371472562717 ], [ 173.175597450721739, -35.073633423442494 ], [ 173.175500417558965, -35.072902528175014 ], [ 173.175388467505655, -35.072172959889052 ], [ 173.175331492018643, -35.07143847047157 ], [ 173.175194317910297, -35.0707111440706 ], [ 173.175126604927812, -35.069974638663041 ], [ 173.174989217687653, -35.069244989852635 ], [ 173.174915551250251, -35.068510817741746 ], [ 173.174830992051028, -35.067777971081547 ], [ 173.174661733060788, -35.06705507339931 ], [ 173.174441447522952, -35.066338166808471 ], [ 173.174410650823745, -35.065598981508558 ], [ 173.174356955568356, -35.064862481073995 ], [ 173.174200357682821, -35.064138069295396 ], [ 173.174062393703252, -35.063410651318016 ], [ 173.173904394796267, -35.0626821589006 ], [ 173.173838202742019, -35.06194074612629 ], [ 173.173701300410073, -35.061213702523354 ], [ 173.17353862914382, -35.060490550554803 ], [ 173.173381786175497, -35.059766510530167 ], [ 173.173268069780363, -35.059035940287828 ], [ 173.17301064406081, -35.058327102707615 ], [ 173.173022496470452, -35.057577524564088 ], [ 173.172684744364034, -35.05688082542639 ], [ 173.172595052423787, -35.056146595268437 ], [ 173.172472500656795, -35.055417329424216 ], [ 173.17224954418225, -35.054703245741813 ], [ 173.172129306903798, -35.05397133216794 ], [ 173.171879827175331, -35.053259766839055 ], [ 173.171678028847879, -35.052542769335219 ], [ 173.171575684136172, -35.051809680939719 ], [ 173.171341504590288, -35.051097981343787 ], [ 173.17120524750419, -35.050370383723347 ], [ 173.171061859148125, -35.049642294328038 ], [ 173.170829227067003, -35.048927001890895 ], [ 173.170598533836284, -35.048213472512828 ], [ 173.17058862683345, -35.047461707298687 ], [ 173.170249257501695, -35.046770233289806 ], [ 173.170122011912269, -35.04603993044072 ], [ 173.169946688927723, -35.045318420294748 ], [ 173.169670675327666, -35.044611837933459 ], [ 173.169450087556527, -35.043894363337913 ], [ 173.169276243682106, -35.043170583995135 ], [ 173.169046730090628, -35.042459494693567 ], [ 173.168745186366976, -35.041763438739139 ], [ 173.168572226860135, -35.041040528790539 ], [ 173.168409664086056, -35.040315441737746 ] ] } },
{ "type": "Feature", "properties": { "group_id": "nzd0057" }, "geometry": { "type": "LineString", "coordinates": [ [ 174.012145360244944, -35.121854975710285 ], [ 174.013014757644441, -35.121665469996543 ] ] } },
{ "type": "Feature", "properties": { "group_id": "nzd0059" }, "geometry": { "type": "LineString", "coordinates": [ [ 173.161123454480162, -35.149675313471825 ], [ 173.161546920251453, -35.149026231133 ], [ 173.16192190577496, -35.148358765093761 ], [ 173.162290584333789, -35.147688902691847 ], [ 173.162704417596785, -35.147036152500313 ], [ 173.163114576307237, -35.146378292261929 ], [ 173.163463944701249, -35.14569744374738 ], [ 173.163840329894128, -35.14502978679829 ], [ 173.16416199411097, -35.144343265202927 ], [ 173.164526391018285, -35.143671812541996 ], [ 173.16478803086153, -35.142964105139541 ], [ 173.165198364491857, -35.142308846201402 ], [ 173.165584908969919, -35.141645189700228 ], [ 173.165993707007999, -35.140989377962619 ], [ 173.166236621224243, -35.140275042200834 ], [ 173.166554417383537, -35.139587116674953 ], [ 173.16693313601499, -35.13892067715404 ], [ 173.167252768348902, -35.138227314295854 ], [ 173.167606649253003, -35.137540401024886 ], [ 173.16800975061733, -35.136866615817858 ], [ 173.168201662212766, -35.136146938757484 ], [ 173.168454017047992, -35.135441885005491 ], [ 173.168753998629455, -35.134748352615127 ], [ 173.169073135855712, -35.134059450551447 ], [ 173.169232731238793, -35.133331927232256 ], [ 173.169525742860401, -35.132636689647022 ], [ 173.169800538956281, -35.131937037125908 ], [ 173.170113394450226, -35.131244248624434 ], [ 173.170270038916613, -35.130509946804018 ], [ 173.170487876990592, -35.129792415943818 ], [ 173.170660365412488, -35.129070361507459 ], [ 173.170951572589559, -35.128372627331011 ], [ 173.17124949326157, -35.127676262607231 ], [ 173.171474326772994, -35.126964915486191 ], [ 173.171590072631204, -35.126231208976762 ], [ 173.1717984549542, -35.125509303588473 ], [ 173.171953099772082, -35.124778137398941 ], [ 173.172259067744704, -35.124078963831316 ], [ 173.172391401094075, -35.123351275709389 ], [ 173.17262622637071, -35.122640445298579 ], [ 173.172775847729355, -35.121915589001226 ], [ 173.17292917478386, -35.12119159235052 ], [ 173.173038152687553, -35.120460481252152 ], [ 173.173211372574912, -35.119739745975721 ], [ 173.173463605969431, -35.119031952004157 ], [ 173.173602986331616, -35.118305270204829 ], [ 173.173719031428675, -35.11757467772064 ], [ 173.173830505899758, -35.116843314049 ], [ 173.174054846097562, -35.11613082789809 ], [ 173.174140062945128, -35.115390499264628 ], [ 173.174303757393716, -35.114660100067915 ], [ 173.174415494307368, -35.113927227769963 ], [ 173.174498489474814, -35.113195472133704 ], [ 173.174686435380181, -35.112472824886652 ], [ 173.174810816977697, -35.111744650564304 ], [ 173.174814716198199, -35.111006005811944 ], [ 173.175072654084374, -35.110289417754615 ], [ 173.175091794439453, -35.109552083619384 ] ] } },
{ "type": "Feature", "properties": { "group_id": "nzd0060" }, "geometry": { "type": "LineString", "coordinates": [ [ 173.09505479355775, -35.171971780172861 ], [ 173.095786307635962, -35.172411026087602 ], [ 173.096521299363076, -35.172882352019144 ], [ 173.097386908320772, -35.173184379223194 ], [ 173.098280280633816, -35.173473442771538 ], [ 173.099237923212911, -35.173516196264629 ], [ 173.10016171164105, -35.173360278295824 ], [ 173.101081796817738, -35.173293192198798 ] ] } },
{ "type": "Feature", "properties": { "group_id": "nzd0061" }, "geometry": { "type": "LineString", "coordinates": [ [ 173.117598179274751, -35.17762945415533 ], [ 173.11815614077571, -35.178230000045382 ], [ 173.118954227365862, -35.178657691727246 ], [ 173.119846514680972, -35.178977509075395 ], [ 173.12073371694305, -35.179265395482737 ], [ 173.12168904382284, -35.179273426188587 ], [ 173.122610019690143, -35.179162576665078 ], [ 173.123527694326128, -35.179263579618286 ] ] } },
{ "type": "Feature", "properties": { "group_id": "nzd0062" }, "geometry": { "type": "LineString", "coordinates": [ [ 173.108734253209235, -35.238422371179588 ], [ 173.10823589771357, -35.237807491700188 ], [ 173.107739420502867, -35.237191355332811 ], [ 173.107307443398469, -35.236532192069298 ], [ 173.106661006765762, -35.236016073501048 ], [ 173.10614445050706, -35.235413318210917 ], [ 173.10571777576348, -35.23475060607727 ], [ 173.105043667530822, -35.234252933142983 ], [ 173.104324868747284, -35.23378506524481 ], [ 173.103879395340783, -35.233134880599643 ], [ 173.103324077568516, -35.232557960021033 ], [ 173.102786883030745, -35.231969360003191 ], [ 173.102259898911313, -35.231374142827384 ], [ 173.101683275034105, -35.230811417870882 ], [ 173.101133577288493, -35.230230807548033 ], [ 173.100460090623812, -35.22973222904794 ], [ 173.099908963749499, -35.229152557791977 ], [ 173.099275491923407, -35.228627452962002 ], [ 173.098695687552322, -35.228066778376757 ], [ 173.098133594537643, -35.227493779406984 ], [ 173.097563729272423, -35.226925603011018 ], [ 173.097067265493081, -35.226307292202065 ], [ 173.096542296586506, -35.22570898488862 ], [ 173.096022058849059, -35.225107411793523 ], [ 173.095473405999542, -35.224525425516596 ], [ 173.094923451661884, -35.223944332669483 ], [ 173.094366512319596, -35.223368051735022 ], [ 173.093809322897528, -35.22279193934024 ], [ 173.093195294809988, -35.222256749218573 ], [ 173.092667408506799, -35.221671397488123 ], [ 173.092165018368718, -35.221069385643453 ], [ 173.091481972938283, -35.220573406708453 ], [ 173.090933629964155, -35.219992117193691 ], [ 173.09031388029365, -35.219456044879053 ], [ 173.089748012072704, -35.218885845638468 ], [ 173.089145256623738, -35.218339002582283 ], [ 173.088585675378624, -35.217764813508559 ], [ 173.088030532569434, -35.217185539382974 ], [ 173.087523606545204, -35.216565824249088 ], [ 173.086833104623878, -35.216079382996085 ], [ 173.086309417940555, -35.215474506089897 ], [ 173.085802577939859, -35.214856724896514 ], [ 173.085272382107917, -35.214256825443776 ], [ 173.084702714930984, -35.213687148647253 ], [ 173.084097184031606, -35.213144931874254 ], [ 173.083297055771936, -35.212751728558963 ], [ 173.082700148751456, -35.212202900661424 ], [ 173.081980610426314, -35.211747976114118 ], [ 173.081344032258329, -35.211229519807098 ], [ 173.080800234652003, -35.210640012032741 ], [ 173.080310632577067, -35.210007349540838 ], [ 173.079648365449344, -35.209506121687362 ], [ 173.078978488402271, -35.209012862787333 ], [ 173.078337282662602, -35.208498363005987 ], [ 173.077705093096483, -35.20797678632605 ], [ 173.077095422943842, -35.207437539230767 ], [ 173.076532493341972, -35.206861619826483 ], [ 173.075883523518655, -35.206353197214057 ], [ 173.07534040340505, -35.205761730108037 ], [ 173.07474080700149, -35.205214566285107 ], [ 173.074084006686547, -35.204712276454046 ], [ 173.073487204599417, -35.204162913558839 ], [ 173.072727141348821, -35.203741627694598 ], [ 173.071895616728938, -35.203376399405784 ], [ 173.071283228871749, -35.202839253086481 ], [ 173.070715742460038, -35.202267866981671 ], [ 173.070150845878175, -35.201700527108109 ], [ 173.069586074456112, -35.201132846233982 ], [ 173.06905048505817, -35.200542626186284 ], [ 173.068398967973934, -35.200029419101945 ], [ 173.067781821343772, -35.199501894460994 ], [ 173.067201986505836, -35.198831806249572 ] ] } },
{ "type": "Feature", "properties": { "group_id": "nzd0063" }, "geometry": { "type": "LineString", "coordinates": [ [ 174.058754451376331, -35.221009274270571 ], [ 174.058301692482019, -35.221647678090783 ], [ 174.058076768670048, -35.222434230299349 ], [ 174.058045433993357, -35.223238258069991 ], [ 174.05806263598177, -35.223990491613534 ], [ 174.058079011122459, -35.224731337527338 ], [ 174.058073824543499, -35.225465973546932 ], [ 174.058052810282533, -35.226201887195103 ], [ 174.058054983652596, -35.226936967944489 ], [ 174.058027336669909, -35.227672528231452 ], [ 174.058143705226712, -35.228422894856848 ], [ 174.058334705980116, -35.229174270774024 ], [ 174.058616320345322, -35.229895981987958 ], [ 174.059071818156525, -35.230559255598735 ], [ 174.059614581883665, -35.231162960736008 ] ] } },
{ "type": "Feature", "properties": { "group_id": "nzd0064" }, "geometry": { "type": "LineString", "coordinates": [ [ 174.131193386750596, -35.257211705423728 ], [ 174.131561082688989, -35.257854622191694 ], [ 174.132179189870726, -35.258382892345686 ], [ 174.132804605735913, -35.258902276119251 ], [ 174.133530029929602, -35.259331882027901 ], [ 174.134307782888925, -35.259685579390045 ], [ 174.135115412226611, -35.259999558047113 ], [ 174.135945216027665, -35.260277405563329 ], [ 174.136797301058408, -35.260494423866717 ], [ 174.137658190943171, -35.260704055702583 ], [ 174.138529457059377, -35.260856993385381 ], [ 174.139380017782685, -35.261069980483619 ] ] } },
{ "type": "Feature", "properties": { "group_id": "nzd0066" }, "geometry": { "type": "LineString", "coordinates": [ [ 174.079929342921389, -35.273038793694134 ], [ 174.080213176195571, -35.273724926717229 ], [ 174.080421338408883, -35.274437337192644 ], [ 174.080731631813279, -35.275140866478623 ], [ 174.081339221827903, -35.275710072234119 ], [ 174.081953663991698, -35.276204493269567 ], [ 174.082645132449272, -35.276654795714954 ], [ 174.083435263191859, -35.276978341012999 ], [ 174.084194001024741, -35.277300476682377 ], [ 174.084967218838074, -35.277613791512003 ], [ 174.085789926298588, -35.277873804866175 ], [ 174.086623834666085, -35.278117359562543 ], [ 174.087476158572144, -35.278317841478106 ], [ 174.088358350729465, -35.278438749831757 ] ] } },
{ "type": "Feature", "properties": { "group_id": "nzd0067" }, "geometry": { "type": "LineString", "coordinates": [ [ 173.160108005616138, -35.291118509493025 ], [ 173.159416677371865, -35.290631130542145 ], [ 173.158751226149121, -35.290126812231989 ], [ 173.158186727555659, -35.289556422476494 ], [ 173.157619778520996, -35.288987632320179 ], [ 173.157021144816412, -35.288439573711003 ], [ 173.15653839355204, -35.28781567329915 ], [ 173.155970729049471, -35.287247339203915 ], [ 173.155420420155082, -35.286667642894876 ], [ 173.154897017124625, -35.286070334332599 ], [ 173.154381080132652, -35.285468135648102 ], [ 173.153988832555484, -35.284784985624498 ], [ 173.153404016474639, -35.284227799362284 ], [ 173.15288751847919, -35.283625056759604 ], [ 173.152432362002827, -35.282979901864074 ], [ 173.151946730905991, -35.282356048022841 ], [ 173.151299241003642, -35.281841675772554 ], [ 173.150855365058675, -35.281189569781226 ], [ 173.150183417531679, -35.280691733409661 ], [ 173.1495305606567, -35.280180979455309 ], [ 173.148944470335806, -35.279625059021576 ], [ 173.148377043848825, -35.279056509998597 ], [ 173.147781999525421, -35.278506638314596 ], [ 173.147178020437167, -35.277962806300216 ], [ 173.14667286977587, -35.277352120785345 ], [ 173.146122520715465, -35.276767034600162 ], [ 173.145572621474912, -35.276176497345332 ], [ 173.145011818356295, -35.275597359190762 ], [ 173.144506473935337, -35.27497892723656 ], [ 173.143984893392798, -35.274372910562526 ], [ 173.143385793703345, -35.273826184040495 ], [ 173.142897335467353, -35.273194825381715 ] ] } },
{ "type": "Feature", "properties": { "group_id": "nzd0068" }, "geometry": { "type": "LineString", "coordinates": [ [ 173.187066882751452, -35.333003224324962 ], [ 173.186529000034, -35.332416216534966 ], [ 173.185899317768957, -35.331886497673452 ], [ 173.185171793883654, -35.331417838188997 ], [ 173.184577479255069, -35.330866037303522 ] ] } },
{ "type": "Feature", "properties": { "group_id": "nzd0069" }, "geometry": { "type": "LineString", "coordinates": [ [ 173.240185545850323, -35.396514182597613 ], [ 173.239596779972686, -35.395960995731855 ], [ 173.238983432221687, -35.39542576766862 ], [ 173.23848737242318, -35.39480483108786 ], [ 173.237974138926802, -35.39419643996947 ], [ 173.23740026333283, -35.393632357745446 ], [ 173.236768387907773, -35.39311065359886 ], [ 173.236105223860818, -35.392611808872509 ], [ 173.235566077408549, -35.392022338307292 ], [ 173.235015541848526, -35.39144118630594 ], [ 173.234469470616148, -35.390856768452871 ], [ 173.233880338904839, -35.390303812072787 ], [ 173.233309470698259, -35.389737506506265 ], [ 173.232656553781197, -35.389231151744106 ], [ 173.232000293376586, -35.388727236256159 ], [ 173.23134134379282, -35.388225281909861 ], [ 173.230848026462439, -35.3876022940822 ], [ 173.230165726576075, -35.387117394662361 ] ] } },
{ "type": "Feature", "properties": { "group_id": "nzd0070" }, "geometry": { "type": "LineString", "coordinates": [ [ 173.263753890073957, -35.419723157054392 ], [ 173.262933152110151, -35.419335423342567 ], [ 173.262190630485236, -35.418889691104368 ], [ 173.261569202899523, -35.418356897259258 ], [ 173.261093168490362, -35.417731965829496 ], [ 173.260518094460508, -35.417168750232939 ], [ 173.260091191488925, -35.416513192283297 ], [ 173.259585630717083, -35.415906648534033 ], [ 173.259130239756388, -35.415268835287144 ], [ 173.258583404117758, -35.414688005101311 ], [ 173.258076629669887, -35.41408220499433 ], [ 173.25750330978056, -35.413517871077737 ], [ 173.25697318144617, -35.412926616432877 ], [ 173.256417347603588, -35.412348521879544 ], [ 173.255738136052486, -35.411834138445656 ], [ 173.255043363574543, -35.411341128646875 ], [ 173.254446007101166, -35.410794277376986 ], [ 173.253880118476928, -35.4102250183359 ], [ 173.253299145705654, -35.409666494886302 ], [ 173.252749919186158, -35.409085365487414 ], [ 173.252488964736159, -35.408298992183006 ], [ 173.2518266179016, -35.407798393327006 ], [ 173.251137435519666, -35.407316896438175 ], [ 173.250450889367357, -35.406833518515135 ], [ 173.249980041470423, -35.406196567590932 ], [ 173.249456927002626, -35.405596824718273 ], [ 173.248647263499066, -35.405201090148225 ] ] } },
{ "type": "Feature", "properties": { "group_id": "nzd0071" }, "geometry": { "type": "LineString", "coordinates": [ [ 174.431344856000436, -35.429027351355842 ], [ 174.431113652267214, -35.429732122235187 ], [ 174.431022907928082, -35.430459013701011 ], [ 174.431115686978444, -35.431169000822351 ] ] } },
{ "type": "Feature", "properties": { "group_id": "nzd0074" }, "geometry": { "type": "LineString", "coordinates": [ [ 174.416778149496821, -35.439805346299963 ], [ 174.417643510253669, -35.439471274873135 ], [ 174.418456446597503, -35.439112521861006 ], [ 174.419212646726692, -35.438690076043301 ], [ 174.419993201955151, -35.438240338177145 ], [ 174.42067335865508, -35.437689984105418 ], [ 174.421338259899102, -35.437165334765446 ], [ 174.421934731788042, -35.43658915286133 ], [ 174.422462294374441, -35.435926168679032 ], [ 174.422902963100569, -35.435227870972305 ], [ 174.423269969846189, -35.434556901824102 ] ] } },
{ "type": "Feature", "properties": { "group_id": "nzd0075" }, "geometry": { "type": "LineString", "coordinates": [ [ 174.430419338626251, -35.433351014096814 ], [ 174.429979438208932, -35.433976128022735 ], [ 174.429578097968857, -35.43462797961115 ], [ 174.429162921179852, -35.435271966450401 ], [ 174.428915199452859, -35.435975302512652 ], [ 174.428584014260821, -35.436644671993157 ], [ 174.428286630446337, -35.437326238075329 ], [ 174.427945442704925, -35.438004513397644 ], [ 174.427578641212648, -35.438669903159266 ], [ 174.427315486347226, -35.439362646487375 ], [ 174.427071930798263, -35.440045640730027 ], [ 174.426871928324346, -35.440751328841124 ], [ 174.426648216326754, -35.441443390633403 ], [ 174.42654030799963, -35.442168652845815 ], [ 174.426416659647629, -35.442881959552921 ], [ 174.426423351699782, -35.443606364282616 ], [ 174.426515082116481, -35.444328259981269 ], [ 174.426817341503522, -35.445020477461327 ], [ 174.427303470601572, -35.445621525940894 ] ] } },
{ "type": "Feature", "properties": { "group_id": "nzd0077" }, "geometry": { "type": "LineString", "coordinates": [ [ 174.426958926873169, -35.447024369786625 ], [ 174.42664032866881, -35.447809306116426 ], [ 174.426484131765051, -35.448637380305101 ], [ 174.426513560369784, -35.449400102096732 ], [ 174.426547732121008, -35.450146431230749 ], [ 174.426617653884648, -35.450901079251786 ], [ 174.426794326243481, -35.451642156020768 ], [ 174.427054655332654, -35.452376079071463 ], [ 174.42730902176524, -35.45310516149803 ] ] } },
{ "type": "Feature", "properties": { "group_id": "nzd0078" }, "geometry": { "type": "LineString", "coordinates": [ [ 174.42776840737065, -35.45439148909071 ], [ 174.427944520929003, -35.455157106511834 ], [ 174.428478314326441, -35.455820676021951 ], [ 174.429125465895964, -35.456392132003018 ], [ 174.429885341760354, -35.456854702744188 ], [ 174.430744113066112, -35.457209651193132 ], [ 174.431662842619005, -35.457451539570869 ] ] } },
{ "type": "Feature", "properties": { "group_id": "nzd0079" }, "geometry": { "type": "LineString", "coordinates": [ [ 173.417292275581417, -35.468024852665465 ], [ 173.417338510735078, -35.4673275179494 ], [ 173.417282608450734, -35.466586984810753 ], [ 173.417000896131299, -35.465862488217418 ], [ 173.41690557381628, -35.465161464786313 ], [ 173.416929710795529, -35.464412754388157 ], [ 173.416880138806846, -35.463668344201125 ], [ 173.4165768957252, -35.462965185905546 ], [ 173.416384723785256, -35.46224865898084 ], [ 173.416196298821802, -35.461521116251639 ], [ 173.415658627743369, -35.460890900274208 ], [ 173.415466715218145, -35.46017350554213 ], [ 173.415416282084408, -35.459431345684834 ], [ 173.414959751975658, -35.458777596087984 ], [ 173.414633238585822, -35.458133205207247 ], [ 173.414979558628403, -35.457474294583534 ], [ 173.415124424624736, -35.456746972147265 ], [ 173.41500950422386, -35.455998624526714 ], [ 173.414914946471896, -35.455300669906215 ], [ 173.414871771800478, -35.454556782180092 ], [ 173.414495045292227, -35.453826838153141 ], [ 173.413917735131406, -35.453314139299984 ], [ 173.414150463806266, -35.452656220274534 ], [ 173.414595398807791, -35.452003686499225 ], [ 173.415429692964466, -35.451716534485591 ], [ 173.416282605266559, -35.451508041749896 ], [ 173.417033908596892, -35.451113978845086 ], [ 173.417896879639926, -35.450917229150974 ], [ 173.418799686215834, -35.450957213201264 ], [ 173.419691150802095, -35.450958961508526 ], [ 173.420574567641438, -35.45117876976272 ], [ 173.421380138358671, -35.450849255327988 ] ] } },
{ "type": "Feature", "properties": { "group_id": "nzd0080" }, "geometry": { "type": "LineString", "coordinates": [ [ 174.432917252410533, -35.459571194981223 ], [ 174.433277203898598, -35.460243633426735 ], [ 174.433712276408897, -35.460883938300377 ], [ 174.434227989621718, -35.461489748942512 ] ] } },
{ "type": "Feature", "properties": { "group_id": "nzd0081" }, "geometry": { "type": "LineString", "coordinates": [ [ 174.435911281022328, -35.463049726484961 ], [ 174.436634641614262, -35.463531652061569 ], [ 174.437452446518193, -35.463834688615648 ] ] } },
{ "type": "Feature", "properties": { "group_id": "nzd0082" }, "geometry": { "type": "LineString", "coordinates": [ [ 173.345303923580616, -35.512017679642724 ], [ 173.344602335503225, -35.511526456265344 ], [ 173.343993607439188, -35.510981517041508 ], [ 173.343474541658452, -35.510384711955233 ], [ 173.342910427819817, -35.509813958555561 ], [ 173.342439342630513, -35.509189392239421 ], [ 173.342020432869106, -35.508534642677155 ], [ 173.341584831876077, -35.507889542882694 ], [ 173.341093658557043, -35.507276582223305 ], [ 173.340457092837511, -35.506747713674294 ], [ 173.340043716675098, -35.506089209387305 ], [ 173.339561863724811, -35.505467707580856 ], [ 173.338880220417025, -35.504968597499648 ], [ 173.33825167060084, -35.504438956352125 ], [ 173.337675263073635, -35.503877053941991 ], [ 173.33718859997586, -35.503259628476322 ], [ 173.336725780848127, -35.502627448035881 ], [ 173.336217166988092, -35.502023593484175 ], [ 173.335755218822698, -35.501390865620202 ], [ 173.335145322371545, -35.500851981224862 ], [ 173.334640479743257, -35.500249564833986 ], [ 173.334087657809789, -35.499670639125092 ], [ 173.333516660420798, -35.499101357944632 ], [ 173.333054678464407, -35.498473249219202 ], [ 173.332470135927025, -35.497911267468673 ], [ 173.332012401967035, -35.497280857328207 ], [ 173.331496846623594, -35.496681641974284 ], [ 173.330932552953726, -35.496108720338242 ], [ 173.330370967811717, -35.495534332543883 ], [ 173.329829222365845, -35.494966059872674 ], [ 173.329370526351198, -35.494348537098389 ], [ 173.328875945285148, -35.493734736963063 ], [ 173.328339726837584, -35.493146913878938 ], [ 173.327773222955017, -35.492579283778468 ], [ 173.327257054644519, -35.491978081502857 ], [ 173.326753883767708, -35.491368207366413 ], [ 173.326262790995742, -35.490750274427576 ], [ 173.325749659391676, -35.490147034924014 ], [ 173.325246768368743, -35.489536962043303 ], [ 173.324754491018808, -35.488919806947308 ], [ 173.324252652581777, -35.48830902402058 ], [ 173.323628391903611, -35.487779879600104 ], [ 173.323131009315233, -35.487166117128261 ], [ 173.322598573872909, -35.486590313931416 ], [ 173.32210782653442, -35.486006327095168 ], [ 173.321550421857722, -35.485442378562695 ], [ 173.321077882089895, -35.484820155810681 ], [ 173.320601764294111, -35.484199802995157 ], [ 173.320176166720245, -35.483552975807164 ], [ 173.319625854614628, -35.48297148699384 ], [ 173.319128960118007, -35.482362005760081 ], [ 173.318743744796762, -35.481694006365444 ], [ 173.31837859404817, -35.481015489297619 ], [ 173.317830576944402, -35.480432779297168 ], [ 173.31716137353942, -35.479913559264091 ], [ 173.316589761782126, -35.479343201902083 ] ] } },
{ "type": "Feature", "properties": { "group_id": "nzd0083" }, "geometry": { "type": "LineString", "coordinates": [ [ 174.469111253463069, -35.503325226442122 ], [ 174.469244248251584, -35.504063651040326 ], [ 174.469697436961269, -35.504721769840856 ], [ 174.470142638942235, -35.505399257609604 ], [ 174.470678783550511, -35.505998664107004 ] ] } },
{ "type": "Feature", "properties": { "group_id": "nzd0084" }, "geometry": { "type": "LineString", "coordinates": [ [ 174.472539732477827, -35.508011912572279 ], [ 174.472966788538912, -35.508661014542852 ], [ 174.473521289350288, -35.509237651236326 ], [ 174.474072824484153, -35.509815969538714 ] ] } },
{ "type": "Feature", "properties": { "group_id": "nzd0085" }, "geometry": { "type": "LineString", "coordinates": [ [ 174.477491877570287, -35.511653887215182 ], [ 174.478363371052524, -35.511840158570486 ] ] } },
{ "type": "Feature", "properties": { "group_id": "nzd0088" }, "geometry": { "type": "LineString", "coordinates": [ [ 174.47093525896517, -35.550413009787725 ], [ 174.471041552529243, -35.551173572464812 ], [ 174.471400805064974, -35.551892730110403 ], [ 174.471915698713929, -35.552518537889696 ] ] } },
{ "type": "Feature", "properties": { "group_id": "nzd0089" }, "geometry": { "type": "LineString", "coordinates": [ [ 174.474057711987172, -35.555722281982348 ], [ 174.474617656633654, -35.556318874602006 ], [ 174.47524533459702, -35.556855220937308 ], [ 174.476093550292603, -35.557315509189323 ], [ 174.477006309241432, -35.557681670406083 ] ] } },
{ "type": "Feature", "properties": { "group_id": "nzd0090" }, "geometry": { "type": "LineString", "coordinates": [ [ 174.48606814602303, -35.559898756504388 ], [ 174.486858797333213, -35.560253356722782 ], [ 174.487676136253413, -35.560557040492419 ], [ 174.488500807319014, -35.560846734407548 ], [ 174.48935372197019, -35.56108826141638 ], [ 174.490249225742872, -35.561322592140961 ], [ 174.491130347080372, -35.561579394861731 ], [ 174.491980449859398, -35.561816940014651 ], [ 174.492947533129808, -35.561957786419804 ], [ 174.493935243237274, -35.561934336709918 ], [ 174.494845690772991, -35.562033697721184 ] ] } },
{ "type": "Feature", "properties": { "group_id": "nzd0091" }, "geometry": { "type": "LineString", "coordinates": [ [ 174.508570856029905, -35.560110859070498 ], [ 174.507684693473067, -35.560610356473596 ], [ 174.507347687437203, -35.561433958872946 ], [ 174.507093521359423, -35.562265169594653 ], [ 174.507010623871423, -35.563120811468409 ], [ 174.507341069601807, -35.564048765980836 ], [ 174.507899082627233, -35.56490628459504 ], [ 174.508718698663813, -35.565571527088117 ], [ 174.509559145476544, -35.566061624142733 ] ] } },
{ "type": "Feature", "properties": { "group_id": "nzd0093" }, "geometry": { "type": "LineString", "coordinates": [ [ 174.530628388673733, -35.636398811443307 ], [ 174.530797409891733, -35.635547549946324 ], [ 174.530164181298545, -35.634967510879605 ], [ 174.529336055038101, -35.634569192149726 ], [ 174.528396360825553, -35.634393811412096 ], [ 174.527455297892033, -35.634382422510839 ], [ 174.526561511218517, -35.634531944319818 ], [ 174.525664657561606, -35.634611837997731 ] ] } },
{ "type": "Feature", "properties": { "group_id": "nzd0094" }, "geometry": { "type": "LineString", "coordinates": [ [ 174.514516638063895, -35.631750090606928 ], [ 174.513867857501424, -35.632303483130478 ], [ 174.513672695185448, -35.633039803662882 ], [ 174.513299315882591, -35.633653218141625 ], [ 174.512739214677026, -35.634132986941928 ], [ 174.512156004919376, -35.634663954588767 ], [ 174.511516468940101, -35.635177354664741 ], [ 174.510909027307036, -35.635717656444776 ], [ 174.510374836514785, -35.636313563767025 ], [ 174.509769738656047, -35.636853755907538 ], [ 174.509243136641288, -35.637452084463909 ], [ 174.508663651316084, -35.638017678743473 ], [ 174.508161034231819, -35.638645691025161 ], [ 174.507677745929925, -35.639277638767908 ], [ 174.507182498927762, -35.639890657475576 ], [ 174.506763678276911, -35.640533185346733 ], [ 174.506378381123739, -35.641188894600205 ], [ 174.505951478038327, -35.641829705089471 ], [ 174.505548976565336, -35.642484467216718 ], [ 174.505134153022254, -35.643134321735495 ], [ 174.504685781472432, -35.643769946394002 ], [ 174.504335208313393, -35.644443178504261 ], [ 174.503949771438982, -35.645105015545596 ], [ 174.503549098868547, -35.645768517451124 ], [ 174.503298553679144, -35.646470682639595 ], [ 174.502928876450511, -35.647140991167582 ], [ 174.502682926737094, -35.647852768569585 ], [ 174.502553037266921, -35.648580907669263 ] ] } },
{ "type": "Feature", "properties": { "group_id": "nzd0095" }, "geometry": { "type": "LineString", "coordinates": [ [ 174.508079816112001, -35.673523776977099 ], [ 174.508192345570052, -35.674248116323149 ], [ 174.508259840717045, -35.674976958093993 ], [ 174.508403011666275, -35.675698406836673 ], [ 174.508499837099436, -35.676425448015642 ], [ 174.508581782032934, -35.67715462212449 ], [ 174.508761089277868, -35.67787013600276 ], [ 174.508928730004357, -35.678588602414735 ], [ 174.509111719428432, -35.679321933027246 ], [ 174.509486923550867, -35.679981460258738 ], [ 174.509863440292293, -35.680529694463857 ], [ 174.50975952546429, -35.681245556081279 ], [ 174.509908766149522, -35.681985752774999 ], [ 174.510012531269609, -35.682718652724702 ], [ 174.510247505732707, -35.683422313110206 ], [ 174.510467670002953, -35.684128232963999 ], [ 174.510674024710937, -35.684845821332232 ], [ 174.510936746950335, -35.685548744147873 ], [ 174.511479039219381, -35.686147660233225 ] ] } },
{ "type": "Feature", "properties": { "group_id": "nzd0096" }, "geometry": { "type": "LineString", "coordinates": [ [ 173.539824896217851, -35.734029597720841 ], [ 173.5393871643777, -35.733377919528706 ], [ 173.538864150874332, -35.732783032328641 ], [ 173.538321955301058, -35.732200915821572 ], [ 173.537751909190831, -35.731637342959537 ], [ 173.53720700721334, -35.731057020811932 ], [ 173.53673649566278, -35.730427152724133 ], [ 173.536152182350833, -35.729873069398252 ], [ 173.5355663926521, -35.729319965258753 ], [ 173.535036800192557, -35.728729431357479 ], [ 173.534534565105645, -35.728120674198401 ], [ 173.533954516532816, -35.727563734604288 ], [ 173.533280298287906, -35.72706950513011 ], [ 173.532710990978813, -35.7265054040544 ], [ 173.532216303523768, -35.725891604468053 ], [ 173.531653423855204, -35.725323214767045 ], [ 173.531149872063168, -35.724715310503072 ], [ 173.530626153392035, -35.724120832737491 ], [ 173.530239675924378, -35.723434952151642 ], [ 173.52964593573779, -35.722887098726595 ], [ 173.528979890836411, -35.722387394065009 ], [ 173.528390290070405, -35.721836775725009 ], [ 173.527843807099828, -35.721257438229522 ], [ 173.527372473945775, -35.720629175893279 ], [ 173.526821149035953, -35.720073700508777 ], [ 173.52644242678798, -35.7194119298724 ], [ 173.525844761665809, -35.718864016839575 ], [ 173.525282459541728, -35.718294678207016 ], [ 173.524887221732115, -35.717624135519728 ], [ 173.52420470506749, -35.717127608612302 ], [ 173.523544961811467, -35.716617282003043 ], [ 173.523349656598526, -35.715825616794461 ], [ 173.52237537515623, -35.715505813653998 ], [ 173.522063726111014, -35.714784616013091 ], [ 173.521340499796651, -35.714312726862353 ], [ 173.520973550963021, -35.713625018412984 ], [ 173.520316705692551, -35.713112910326416 ], [ 173.519633148462702, -35.712616978313541 ], [ 173.519153209318461, -35.711997700890564 ], [ 173.518634770911063, -35.711401739938097 ], [ 173.51806272460999, -35.710838247481789 ], [ 173.517485615729015, -35.710277817312239 ], [ 173.516950182159349, -35.709692138165508 ], [ 173.516509707460472, -35.709048933713682 ], [ 173.515852931974109, -35.708536748316561 ], [ 173.515305189801182, -35.707950688170641 ], [ 173.51481087142011, -35.707324263306901 ], [ 173.514135760277554, -35.706825750976861 ], [ 173.513659373497632, -35.706198629589124 ], [ 173.459340890350319, -35.652722766249518 ], [ 173.458592252180267, -35.652281812517451 ], [ 173.457896892808265, -35.651802252692484 ], [ 173.457333124249516, -35.651227756600932 ], [ 173.456694316244096, -35.650707527231347 ], [ 173.456158734510666, -35.650118909723091 ], [ 173.45548910577989, -35.64962432091383 ], [ 173.454820035307876, -35.649129336381748 ], [ 173.454265157748807, -35.648554243201417 ], [ 173.453692104357003, -35.647991896268742 ], [ 173.453084834958901, -35.64745354748797 ], [ 173.45251563315972, -35.646888491032684 ], [ 173.451866011767834, -35.646379843673827 ], [ 173.451222217626736, -35.645867104592583 ], [ 173.450576221694746, -35.645355906017336 ], [ 173.449936215284936, -35.644840501926247 ], [ 173.449174544927416, -35.644410437821996 ] ] } },
{ "type": "Feature", "properties": { "group_id": "nzd0097" }, "geometry": { "type": "LineString", "coordinates": [ [ 174.514357714730295, -35.694575976188901 ], [ 174.514630735406286, -35.695285147764736 ], [ 174.514611014874077, -35.696019549334686 ], [ 174.514631319731421, -35.696772392216666 ], [ 174.514895353181259, -35.69747092265132 ], [ 174.515159519174347, -35.698168157341243 ], [ 174.515479197891636, -35.698852395634326 ], [ 174.515814938412802, -35.699531998330755 ], [ 174.516125172712634, -35.700217018227562 ], [ 174.516415287094674, -35.7009074466187 ], [ 174.51675345746844, -35.701583987416349 ], [ 174.517069839952399, -35.702265343113559 ], [ 174.517408739166456, -35.702939015251694 ], [ 174.51772236222638, -35.703623074063145 ], [ 174.518078628980021, -35.704292004115601 ], [ 174.518472075383016, -35.704944275025206 ], [ 174.518834543202104, -35.705610662798144 ], [ 174.51922289327598, -35.706268984898024 ], [ 174.519677672166409, -35.706898302596578 ], [ 174.520101035375859, -35.707543473127942 ], [ 174.520548340044797, -35.708176808379548 ], [ 174.521037914271858, -35.708788746261035 ], [ 174.521533732567974, -35.709397417160822 ], [ 174.522025585788242, -35.710008664729024 ], [ 174.52251270252853, -35.71062687612411 ], [ 174.523057331128399, -35.711206997298561 ], [ 174.523649321507833, -35.71175705710256 ], [ 174.524303819553182, -35.712265538103743 ], [ 174.524841702459753, -35.712850160534842 ] ] } },
{ "type": "Feature", "properties": { "group_id": "nzd0098" }, "geometry": { "type": "LineString", "coordinates": [ [ 174.537774810492209, -35.714701286108657 ], [ 174.538690756553791, -35.714790468584255 ], [ 174.53956760980185, -35.714661483016705 ] ] } },
{ "type": "Feature", "properties": { "group_id": "nzd0099" }, "geometry": { "type": "LineString", "coordinates": [ [ 174.531490413937576, -35.714257930366784 ], [ 174.532242344580709, -35.714670700640276 ], [ 174.533062803574012, -35.714961684780562 ], [ 174.533903364330541, -35.715204790902916 ], [ 174.53475236064719, -35.715439026257471 ] ] } },
{ "type": "Feature", "properties": { "group_id": "nzd0100" }, "geometry": { "type": "LineString", "coordinates": [ [ 174.556688156387878, -35.809348870163632 ], [ 174.556986921829633, -35.810030260700486 ], [ 174.557243679014135, -35.810727837105389 ], [ 174.557534082638341, -35.81140979566932 ], [ 174.557849974238678, -35.812084210257765 ], [ 174.558193605815262, -35.812757915962514 ], [ 174.558518236729498, -35.813432239956398 ], [ 174.558816952357972, -35.814109226777404 ], [ 174.559196735192131, -35.814764917730983 ], [ 174.559549528658721, -35.815435687183211 ], [ 174.559848416666483, -35.816119575626374 ], [ 174.560227840078994, -35.816781102975867 ], [ 174.560575979261671, -35.817454424735914 ], [ 174.560929925407294, -35.818118856356278 ], [ 174.561296235318338, -35.818757726787652 ], [ 174.56165444781314, -35.819419643873502 ], [ 174.562041530958339, -35.820074726558722 ], [ 174.562454183030013, -35.820715386065316 ], [ 174.562822774214851, -35.821371405990398 ], [ 174.563228295608269, -35.822019921232368 ], [ 174.563637632872343, -35.822664005101309 ], [ 174.564015122619537, -35.823323390710755 ], [ 174.564453959262096, -35.823961486241622 ], [ 174.564953476918873, -35.824570206654997 ], [ 174.565490946150049, -35.825160273044709 ], [ 174.566057061356588, -35.825737139885561 ], [ 174.566897691156242, -35.826187558785684 ], [ 174.566914414364845, -35.82701746700004 ], [ 174.567243752531425, -35.827703378036361 ], [ 174.567533465371923, -35.828407953272027 ], [ 174.567865036946955, -35.829077305473469 ], [ 174.568215622596369, -35.829732470568459 ], [ 174.568608997406926, -35.830382450790992 ], [ 174.569008374083438, -35.831039372578502 ], [ 174.569352433470129, -35.831703427032409 ], [ 174.569828379862287, -35.832299977370987 ], [ 174.570289425933566, -35.832927210758584 ], [ 174.570702706113849, -35.833580689584153 ], [ 174.571258887812093, -35.834144543128112 ] ] } },
{ "type": "Feature", "properties": { "group_id": "nzd0101" }, "geometry": { "type": "LineString", "coordinates": [ [ 173.670640158346117, -35.873745834689551 ], [ 173.670125165822213, -35.873148938187938 ], [ 173.669683979651467, -35.872507198685234 ], [ 173.669172386092413, -35.871908228585745 ], [ 173.668513826341837, -35.871398538750149 ], [ 173.667939155532338, -35.870837880510095 ], [ 173.66740113194183, -35.870254954169269 ], [ 173.666915688749839, -35.869640080077914 ], [ 173.666633707457891, -35.868901594668579 ], [ 173.666264728422135, -35.868215957112795 ], [ 173.665511467962943, -35.867763774600277 ], [ 173.664804765591356, -35.867283302103083 ], [ 173.664118501955841, -35.866790407927581 ], [ 173.663554743389625, -35.866223085687842 ], [ 173.663013777091351, -35.865641912514988 ], [ 173.662507234916291, -35.865039821915772 ], [ 173.661957427589726, -35.864464011150538 ], [ 173.661358479126164, -35.863918049904647 ], [ 173.660820351637966, -35.863335134835062 ], [ 173.660313272563002, -35.862733353168281 ], [ 173.659828239289851, -35.862118174070503 ], [ 173.659312920259794, -35.861521389623213 ], [ 173.659082944343339, -35.860751250379948 ], [ 173.658480395030949, -35.860207451174062 ], [ 173.657676163521586, -35.859786172329109 ], [ 173.657175463976813, -35.859180489097213 ], [ 173.656641340682114, -35.858595106896317 ], [ 173.656605687113455, -35.857706891534285 ], [ 173.655618579107568, -35.857396696804543 ], [ 173.655247970459328, -35.85671196409767 ], [ 173.654316778670818, -35.856367788756707 ], [ 173.653756173810763, -35.855798472736929 ], [ 173.653135934991866, -35.855265380461546 ], [ 173.652720910295074, -35.854607614666634 ], [ 173.652344549329769, -35.853926355667724 ], [ 173.651690658783423, -35.853413694476991 ], [ 173.651123281164757, -35.852848471394324 ], [ 173.650667845534969, -35.852215238183383 ], [ 173.650439037075955, -35.851443717100949 ], [ 173.649891849244767, -35.850861057603844 ], [ 173.649219927407358, -35.850357148272259 ], [ 173.648380713123316, -35.849962693453591 ], [ 173.647843607353536, -35.849378919963641 ], [ 173.64726784773876, -35.848819364325344 ], [ 173.646931081047001, -35.848110041495971 ], [ 173.646472374912008, -35.847477126648393 ], [ 173.645799946235996, -35.846978135579803 ], [ 173.645345661102908, -35.846342441982976 ], [ 173.644742451915533, -35.845800066467945 ], [ 173.644221994979432, -35.845205830569469 ], [ 173.643865121066511, -35.844509081962151 ], [ 173.643596786496033, -35.843756845336692 ], [ 173.643019386036713, -35.843198280380513 ], [ 173.642460791963771, -35.842627926151067 ], [ 173.641832689556793, -35.842101125024477 ], [ 173.641354089457081, -35.841480634184805 ], [ 173.640528910066422, -35.841077322056144 ], [ 173.639888147429872, -35.840558441155473 ], [ 173.639367590308751, -35.839964230074948 ], [ 173.638806060556675, -35.83939568996022 ], [ 173.638656960866058, -35.838568698253326 ], [ 173.638171874652443, -35.837952246588088 ], [ 173.637318070399715, -35.837566846896912 ], [ 173.636595199735837, -35.837099392976405 ], [ 173.635968888654048, -35.836571426271568 ], [ 173.635505742096456, -35.835941209954846 ], [ 173.634909097833457, -35.835394644393624 ], [ 173.634666079467337, -35.834626477929412 ], [ 173.633937775581103, -35.834162407671485 ], [ 173.633440411159654, -35.833553616690878 ], [ 173.632959038963463, -35.83293480005679 ], [ 173.632663652213466, -35.832199432233317 ], [ 173.632009986841098, -35.831688573786991 ], [ 173.631309789444572, -35.831206869802791 ], [ 173.630707423603042, -35.83066385595874 ], [ 173.630368048974418, -35.829956036513863 ], [ 173.629762634636819, -35.829414924707706 ], [ 173.629344893735805, -35.8287562042769 ], [ 173.628901693237168, -35.828113433558272 ], [ 173.628179327363995, -35.827645596298332 ], [ 173.627478395257469, -35.827164322925071 ], [ 173.627145280380972, -35.826452555601534 ], [ 173.626478849968493, -35.825949653712655 ], [ 173.625860796315692, -35.825416432495587 ], [ 173.625396754498894, -35.824786696958562 ], [ 173.62508599620341, -35.824060902902993 ], [ 173.624387521274713, -35.823578064797204 ], [ 173.623797895164586, -35.823027012909002 ], [ 173.623219568046125, -35.822468876341254 ], [ 173.622830563462713, -35.82179209813593 ], [ 173.622027668744636, -35.821374676374916 ], [ 173.621474212513931, -35.820800941980622 ], [ 173.620872655433345, -35.820257345153799 ], [ 173.620384196550788, -35.819642872536747 ], [ 173.620030856097344, -35.818943725066021 ], [ 173.619293876638324, -35.818484976679038 ], [ 173.618842325444632, -35.817847363602084 ], [ 173.618405674836993, -35.817200408868622 ], [ 173.617812768453007, -35.816651366034435 ], [ 173.617343364197154, -35.816024927577359 ], [ 173.616761657796616, -35.815468857958443 ], [ 173.616080395018543, -35.814975113430179 ], [ 173.615487847120136, -35.814423947735982 ], [ 173.614978330523627, -35.813820469307053 ], [ 173.614465691250757, -35.813220809240278 ], [ 173.61392256193281, -35.812640482350965 ], [ 173.613334826534668, -35.812088441272067 ], [ 173.61286833135523, -35.811459503234516 ], [ 173.612186957250231, -35.810966841107671 ], [ 173.611701973506143, -35.810349620580659 ], [ 173.611094597533253, -35.809810019090406 ], [ 173.610574143243042, -35.809215286238164 ], [ 173.610097692504667, -35.808592641394142 ], [ 173.609525625519183, -35.808030633829432 ], [ 173.609011635997661, -35.807431788359189 ], [ 173.608482517740981, -35.806842533610691 ], [ 173.608033408185236, -35.80620253169463 ], [ 173.607355689402056, -35.805707513685149 ], [ 173.606783194816103, -35.805145756379737 ], [ 173.606246418850446, -35.804561341568132 ], [ 173.605687967245785, -35.803990669607657 ], [ 173.605228672548577, -35.803357106563404 ], [ 173.605019360010004, -35.802564995389602 ], [ 173.60436969447548, -35.80205216089567 ], [ 173.603648509876166, -35.801584680677479 ], [ 173.60309959455509, -35.80100793978248 ], [ 173.602571277126884, -35.800418131167724 ], [ 173.601978797719966, -35.799869010989333 ], [ 173.601490338985258, -35.799253914966705 ], [ 173.600821716867642, -35.798753077316803 ], [ 173.600268768999371, -35.798178872997816 ] ] } },
{ "type": "Feature", "properties": { "group_id": "nzd0102" }, "geometry": { "type": "LineString", "coordinates": [ [ 174.572671547939478, -35.835813819475725 ], [ 174.573119333888201, -35.836457834200573 ], [ 174.573666181171944, -35.837052174505068 ], [ 174.574343452291032, -35.837565348133928 ], [ 174.575050721428852, -35.838049629782674 ], [ 174.575792547684415, -35.838512122546433 ], [ 174.576610678748921, -35.838876430385326 ] ] } },
{ "type": "Feature", "properties": { "group_id": "nzd0103" }, "geometry": { "type": "LineString", "coordinates": [ [ 174.579168626510125, -35.839243882874612 ], [ 174.579351043288199, -35.839988539585946 ], [ 174.580347848721118, -35.840542617427872 ] ] } },
{ "type": "Feature", "properties": { "group_id": "nzd0104" }, "geometry": { "type": "LineString", "coordinates": [ [ 174.501098227530974, -35.840892822280871 ], [ 174.500502975194422, -35.841463488254092 ], [ 174.500038705012287, -35.842088764736545 ], [ 174.499656015593644, -35.842695090035228 ], [ 174.499274820951001, -35.843290476247553 ], [ 174.49878628359221, -35.843888593728536 ], [ 174.498290410557075, -35.844500324812927 ], [ 174.497684932447612, -35.845007597034424 ], [ 174.497148084128355, -35.845556359703203 ], [ 174.496508388584886, -35.846058660797397 ], [ 174.495839807502989, -35.846545028102447 ], [ 174.495145039127152, -35.847007188509252 ], [ 174.49451401321727, -35.847528261330169 ], [ 174.493824694471357, -35.847995453016416 ], [ 174.493132925562293, -35.848464937994876 ], [ 174.492436450707231, -35.848937038168515 ], [ 174.491754120909746, -35.849419109088366 ], [ 174.491136772414137, -35.84994866567223 ], [ 174.490536527369102, -35.850492293334931 ], [ 174.489880431717637, -35.850989958923833 ], [ 174.489239870192336, -35.851500404159033 ], [ 174.488619018428608, -35.852043516414774 ], [ 174.48796982801511, -35.852571772668412 ], [ 174.487372175925685, -35.853119528114334 ], [ 174.48679686996951, -35.853671292777094 ], [ 174.486219534577174, -35.854216787423006 ], [ 174.4856455238602, -35.854773283000284 ], [ 174.485055702132286, -35.855322421914366 ], [ 174.484514523435166, -35.855905516802387 ], [ 174.483898946899473, -35.856436667652829 ], [ 174.483358258887279, -35.857020097577937 ], [ 174.482783962123506, -35.857580060038089 ], [ 174.482231989524138, -35.858155604166363 ], [ 174.481626695165374, -35.858693918352067 ], [ 174.481026606657764, -35.859235863168891 ], [ 174.480433902846187, -35.859782959774272 ], [ 174.479877446707889, -35.860360303577657 ], [ 174.479232764597327, -35.860881415887363 ], [ 174.478633497680477, -35.861426936576819 ], [ 174.478094961068905, -35.862009700877849 ], [ 174.477557740680254, -35.862593285045754 ], [ 174.47699044235074, -35.863158035172354 ], [ 174.476505936813908, -35.863787164609661 ], [ 174.47606766181849, -35.864436164414222 ], [ 174.475613406744287, -35.865067205605065 ], [ 174.475173899178174, -35.865708287174115 ], [ 174.474798703104852, -35.8663764678682 ], [ 174.474363439213533, -35.867018455676558 ], [ 174.474010022004137, -35.867687703987784 ], [ 174.47364368128072, -35.868352401419763 ], [ 174.463126567518941, -35.898929474286426 ], [ 174.462759611567719, -35.899565814628076 ] ] } },
{ "type": "Feature", "properties": { "group_id": "nzd0105" }, "geometry": { "type": "LineString", "coordinates": [ [ 173.766315955321147, -35.979166014386429 ], [ 173.765843548023781, -35.978545376496534 ], [ 173.765271405393548, -35.977983100170654 ], [ 173.764704826019113, -35.977417563705522 ], [ 173.764168275276063, -35.976834449798176 ], [ 173.763585854417357, -35.976278174955667 ], [ 173.763045559669507, -35.975697243170465 ], [ 173.762479467797903, -35.975131403564788 ], [ 173.762014062721505, -35.97450663701953 ], [ 173.76144734515384, -35.973941154709841 ], [ 173.761121247012966, -35.973234855774649 ], [ 173.760649791321327, -35.972613616595041 ], [ 173.760052142445858, -35.972066222398972 ], [ 173.759484615200762, -35.971500314287383 ], [ 173.758889967274285, -35.970947349439015 ], [ 173.758333038808132, -35.970373334407675 ], [ 173.757844712319326, -35.969761397554784 ], [ 173.757430754178046, -35.969104960869636 ], [ 173.756719307664383, -35.968626510313534 ], [ 173.75619853879266, -35.968033970953307 ], [ 173.755664480693639, -35.967449378287107 ], [ 173.755152636454625, -35.966851490498449 ], [ 173.754763208964135, -35.966180355114787 ], [ 173.754204331955663, -35.9656105987888 ], [ 173.75365010613956, -35.965038055217676 ], [ 173.753081982674985, -35.964473822363786 ], [ 173.752512775724739, -35.963910233369212 ], [ 173.751973894660097, -35.963328495736839 ], [ 173.751421858585331, -35.962754624486109 ], [ 173.751008285936024, -35.962097904925187 ], [ 173.750389399110958, -35.961564022398434 ], [ 173.749708664169106, -35.961067139489188 ], [ 173.749190004600905, -35.96047328132866 ], [ 173.748738823847503, -35.959839045757462 ], [ 173.748208465438637, -35.959252178350901 ], [ 173.747755257092251, -35.95861914707438 ], [ 173.747223299555884, -35.958033227705187 ], [ 173.746636528132058, -35.957480099553848 ], [ 173.746164366915366, -35.956858394825588 ], [ 173.745812422902077, -35.956164758467942 ], [ 173.745288557112332, -35.955573980251756 ], [ 173.745030212995516, -35.954824332365909 ], [ 173.74424342395352, -35.954390856045563 ], [ 173.743733833484725, -35.953791523627366 ], [ 173.743195315607238, -35.953209494450746 ], [ 173.742757516604712, -35.952567199549257 ], [ 173.742193915923252, -35.952000169014198 ], [ 173.741624660061007, -35.951436517648318 ], [ 173.741263174383846, -35.950748550287663 ], [ 173.740481762872975, -35.950311825582624 ], [ 173.739979944280549, -35.949707812605439 ], [ 173.739460675508639, -35.949114235883826 ], [ 173.738953917188326, -35.948513169649786 ], [ 173.738322978653088, -35.947986397367472 ], [ 173.737987861678363, -35.947282627474593 ], [ 173.737699105701807, -35.946551114032133 ], [ 173.736770352253984, -35.946202515605648 ], [ 173.736271263548332, -35.94559683873684 ], [ 173.735609274253818, -35.945088622446619 ], [ 173.735048953586926, -35.944519572462376 ], [ 173.734638569082136, -35.943860810059981 ], [ 173.734065815653253, -35.943299190016695 ], [ 173.733524245865851, -35.942718908141536 ], [ 173.732936884052293, -35.942166019617559 ], [ 173.732453261883506, -35.941551058485253 ], [ 173.731970639773635, -35.940935494608325 ], [ 173.73136991485066, -35.940390588256768 ], [ 173.730862198398569, -35.93979002981397 ], [ 173.73039773884696, -35.939163586021287 ], [ 173.729835692451104, -35.938595524899661 ], [ 173.729259185842267, -35.938036111043267 ], [ 173.728673759859618, -35.937482029295097 ], [ 173.728069662838777, -35.936939114099694 ], [ 173.727545166886358, -35.936348568755989 ], [ 173.727024278440865, -35.935755860653508 ], [ 173.726502925578785, -35.935163426044916 ], [ 173.725981369010611, -35.934571108946045 ], [ 173.72560671019022, -35.933890897556587 ], [ 173.725048489894931, -35.933320507902849 ], [ 173.724645284383371, -35.932656992885796 ], [ 173.724071638171182, -35.932094432141461 ], [ 173.723483666523379, -35.931540979646542 ], [ 173.723008576434751, -35.930920599337526 ], [ 173.722755857025533, -35.930166292245126 ], [ 173.721986103640177, -35.929723363525291 ], [ 173.721384556547804, -35.92917912831178 ], [ 173.720948270609654, -35.928535360951685 ], [ 173.720412822458883, -35.927951309259676 ], [ 173.719847563790921, -35.927385206480807 ], [ 173.719299607101874, -35.926808679296769 ], [ 173.718816336388585, -35.926193190919314 ], [ 173.718207139160228, -35.925653536868374 ], [ 173.717803811892395, -35.924989894193494 ], [ 173.71705850690438, -35.92453220161984 ], [ 173.716690711289658, -35.923847151672348 ], [ 173.716037407488699, -35.923334043129614 ], [ 173.715584893230329, -35.92270000582829 ], [ 173.715152430325901, -35.92205388822449 ], [ 173.714674410787097, -35.921435202500938 ], [ 173.713998611032139, -35.920935624852653 ], [ 173.713381120896344, -35.920400925925854 ], [ 173.712783874070283, -35.919854031141327 ], [ 173.712568105650632, -35.919077388752818 ], [ 173.711905573764255, -35.918569803218332 ], [ 173.711377920373593, -35.917980983250253 ], [ 173.710843312598683, -35.917396347179022 ], [ 173.710353187453393, -35.916784917301932 ], [ 173.70964970313355, -35.916301977453926 ], [ 173.709092567437949, -35.915730895592255 ], [ 173.708440484016222, -35.915216990768279 ], [ 173.708013018401999, -35.914567807540074 ], [ 173.707358525962974, -35.914055344775697 ], [ 173.707079296163243, -35.913316878975294 ], [ 173.706529554458768, -35.912741322429845 ], [ 173.705860780215346, -35.912237447935333 ], [ 173.705611408154709, -35.911480987029002 ], [ 173.704848677793535, -35.911033688557872 ], [ 173.704372532547495, -35.910413791694211 ], [ 173.703941257636615, -35.909766867546168 ], [ 173.703301003981693, -35.909245795139434 ], [ 173.702810975759576, -35.908634246130717 ], [ 173.702419314348703, -35.907963451867026 ], [ 173.701661004430491, -35.907513465038939 ], [ 173.70105019135508, -35.906974644627056 ], [ 173.700812174383742, -35.906211306341099 ], [ 173.700119342376695, -35.905721872854421 ], [ 173.699464175603538, -35.905209751050357 ], [ 173.698908725261447, -35.904637571529605 ], [ 173.698691265428693, -35.903861835578368 ], [ 173.698009082083928, -35.903365971605062 ], [ 173.697505421848149, -35.902762588918222 ], [ 173.69721391283889, -35.90203143487706 ], [ 173.696336179435605, -35.901653326681576 ], [ 173.69578017827061, -35.901081452827526 ], [ 173.695319080329995, -35.900452420045283 ], [ 173.694711639842296, -35.899911516356319 ], [ 173.694123722933909, -35.899358850354844 ], [ 173.693635160340136, -35.898746344926082 ], [ 173.693273872423333, -35.898057185043541 ], [ 173.69276175832664, -35.897458854508301 ], [ 173.692475412808136, -35.896724551619251 ], [ 173.691624655104988, -35.89633015850881 ], [ 173.691010563384424, -35.89579323003484 ], [ 173.69042925849152, -35.895236551590308 ], [ 173.689848476784078, -35.894679553667935 ], [ 173.689338163344502, -35.89408011270104 ], [ 173.688804375322974, -35.893494804678362 ], [ 173.688346585671212, -35.892863723141645 ], [ 173.68777407593592, -35.892301726160262 ], [ 173.687258361479905, -35.891705520499592 ], [ 173.68688098882825, -35.891025995477804 ], [ 173.686375998120042, -35.890423322800658 ], [ 173.685847121165381, -35.889835031071783 ], [ 173.685136968386217, -35.889355906607072 ], [ 173.684553671415927, -35.888800290933609 ], [ 173.684021742785092, -35.888212398312774 ], [ 173.683425456952364, -35.887663656718409 ], [ 173.682902592705261, -35.88707164534604 ], [ 173.682414655303148, -35.886458410893574 ], [ 173.681886129199938, -35.88586983057138 ], [ 173.681410440824266, -35.88524914590613 ], [ 173.680778774100901, -35.884723216984746 ], [ 173.680247861441302, -35.884136073586689 ], [ 173.679731391368847, -35.883540151714236 ], [ 173.679257687824929, -35.882918243982118 ], [ 173.678678055504292, -35.882360685813083 ], [ 173.678387421253376, -35.881627550729071 ], [ 173.677886111418758, -35.881022401307931 ], [ 173.677398875332983, -35.880408697397172 ], [ 173.676787077901082, -35.879870663263432 ], [ 173.676388708433336, -35.879202962018297 ], [ 173.675469253132121, -35.878851828251307 ], [ 173.675293915085206, -35.878048622115223 ], [ 173.674680344081253, -35.877511648214217 ], [ 173.673672042699479, -35.877214476129538 ], [ 173.673710216507942, -35.876281544808023 ], [ 173.673267490854784, -35.875640765025111 ], [ 173.672722116770444, -35.875062342564846 ], [ 173.671623002222987, -35.874820325155142 ], [ 173.67120391895898, -35.874165169984778 ] ] } },
{ "type": "Feature", "properties": { "group_id": "nzd0106" }, "geometry": { "type": "LineString", "coordinates": [ [ 174.46162887364224, -35.901904350155057 ], [ 174.461829008098647, -35.902589634040069 ], [ 174.462101755841928, -35.903253048559989 ], [ 174.462128268612162, -35.903980652645444 ], [ 174.461921598328843, -35.904690258905106 ], [ 174.461837850796428, -35.905401597197582 ], [ 174.461743664512341, -35.906125340868215 ], [ 174.46152971389742, -35.906833647068908 ], [ 174.461413555888413, -35.907544337942674 ], [ 174.461288429353431, -35.908261627376412 ], [ 174.461186522364045, -35.908984800426964 ], [ 174.461116374968213, -35.909711661468123 ], [ 174.461004241659481, -35.910446018073593 ], [ 174.461015442217672, -35.911187104331113 ], [ 174.460951698563747, -35.911913747349473 ], [ 174.460894956446623, -35.912640094082455 ], [ 174.460921031279014, -35.913370391600672 ], [ 174.460994152388082, -35.914102282582348 ], [ 174.460869820018928, -35.914834421992502 ], [ 174.460905347150742, -35.915561432575416 ], [ 174.460896639460117, -35.916289292193866 ], [ 174.460870681681058, -35.917015202953671 ], [ 174.460881634391399, -35.917740372241795 ], [ 174.460847499497248, -35.918467989905331 ], [ 174.460852482010296, -35.919195443914916 ], [ 174.460897615649742, -35.919923015543588 ], [ 174.460929600667413, -35.920650735863262 ], [ 174.460948428743308, -35.921378232280581 ], [ 174.460978607510299, -35.922105466646137 ], [ 174.461041829389359, -35.922832753047615 ], [ 174.460974632758337, -35.923563657309543 ], [ 174.46100809718024, -35.924292789059514 ], [ 174.461062561080382, -35.925018915214793 ], [ 174.46112286635892, -35.92574480510789 ], [ 174.461198905126139, -35.926470743977184 ], [ 174.461232874990998, -35.927198745142846 ], [ 174.46118098082863, -35.927931137916616 ], [ 174.461260384428954, -35.928655776596088 ], [ 174.461325058901679, -35.929381874516885 ], [ 174.46141282217144, -35.930107460651698 ], [ 174.461439509194463, -35.930837113605861 ], [ 174.461545258639831, -35.931559583071397 ], [ 174.461710875479525, -35.932277381824512 ], [ 174.461795634673052, -35.933003101277045 ], [ 174.461916978318868, -35.933725512171371 ], [ 174.462014377696249, -35.934449377414737 ], [ 174.462213305395693, -35.935160535579577 ], [ 174.462333858434818, -35.935881664778677 ], [ 174.462469989775343, -35.936601144520452 ], [ 174.462619627968564, -35.937318625519971 ], [ 174.462726262181775, -35.938042250108921 ], [ 174.462840960251555, -35.938764664806492 ], [ 174.463012115788274, -35.939478608088564 ], [ 174.463160189662005, -35.940195937855918 ], [ 174.463314888303302, -35.940912312421403 ], [ 174.463435987430188, -35.941633691226976 ], [ 174.463605742679249, -35.94234786764229 ], [ 174.463725940769166, -35.943065868265364 ], [ 174.463747781932227, -35.943792828325797 ], [ 174.46391504750838, -35.944508134664162 ], [ 174.463989652982008, -35.945233480578501 ], [ 174.463989537168288, -35.945966202343456 ], [ 174.464228047113494, -35.946674533391274 ], [ 174.464257273756772, -35.947403789903511 ], [ 174.464417420771696, -35.948120656179711 ], [ 174.464604979982965, -35.948834858353173 ], [ 174.464693954263112, -35.949562830108334 ], [ 174.464888919755538, -35.950277085952905 ], [ 174.465000507622676, -35.951003860331539 ], [ 174.465269609570328, -35.951699516137793 ], [ 174.465536905425836, -35.952395675800346 ], [ 174.465761932771272, -35.953100048048007 ], [ 174.465966990441785, -35.953809022237699 ], [ 174.466191194515005, -35.954513320486825 ], [ 174.466342961975613, -35.955234093928333 ], [ 174.466638769234777, -35.955921999886883 ], [ 174.466766205139521, -35.956647776102812 ], [ 174.46698593409559, -35.957352795595696 ], [ 174.46723464853946, -35.958051517641763 ], [ 174.467476574221251, -35.958752002616521 ], [ 174.467751032803363, -35.959447859747478 ] ] } },
{ "type": "Feature", "properties": { "group_id": "nzd0107" }, "geometry": { "type": "LineString", "coordinates": [ [ 174.486207752290426, -35.997467056090983 ], [ 174.486498660287339, -35.998143906712016 ], [ 174.486817562088078, -35.998815613312715 ], [ 174.487141614562063, -35.999493444294778 ], [ 174.487470571351338, -36.0001696822493 ], [ 174.48781021805442, -36.000842454769483 ], [ 174.488136605703886, -36.001519512551525 ], [ 174.488484038382069, -36.002189753652523 ], [ 174.48883190464781, -36.002859848627693 ], [ 174.489210745681675, -36.003523653162866 ], [ 174.489538494125298, -36.004205980192275 ], [ 174.48988495037068, -36.004877942077528 ], [ 174.490247056682563, -36.005543177467281 ], [ 174.490649451670464, -36.006193098212933 ], [ 174.491031056208243, -36.006850913491824 ], [ 174.491433467781803, -36.007500816888289 ], [ 174.491863349839321, -36.008140276407836 ], [ 174.492272952920729, -36.008787436106282 ], [ 174.492714039313597, -36.009422655097175 ], [ 174.493101350092047, -36.010078058255914 ], [ 174.493528986562296, -36.010717515567663 ], [ 174.493931820644576, -36.0113682632795 ], [ 174.494371545452253, -36.012001883068237 ], [ 174.494799801816328, -36.012640820812422 ], [ 174.495241554293273, -36.013273489253429 ], [ 174.495686044245957, -36.013904882001036 ], [ 174.496181375166486, -36.014512636154549 ], [ 174.496600955726052, -36.015156157451372 ], [ 174.497078490395438, -36.015771790021681 ], [ 174.497542167433778, -36.016394082253747 ], [ 174.497954154822452, -36.017041944430886 ], [ 174.498472411246127, -36.017637206107459 ], [ 174.498936289480298, -36.018259245800252 ], [ 174.499360371463752, -36.018903136518986 ], [ 174.499881185313626, -36.019495662871478 ], [ 174.500305360407793, -36.020139597617955 ], [ 174.500808284816856, -36.020741631921382 ], [ 174.501273041947456, -36.02136371711395 ], [ 174.501764032986443, -36.021970165633299 ], [ 174.502191602349598, -36.022608284189147 ], [ 174.502633066461271, -36.023241237312646 ], [ 174.503100047595467, -36.023861864213423 ], [ 174.503579240101601, -36.024476589703816 ], [ 174.50404259452597, -36.025101344512279 ], [ 174.504511202672376, -36.025726441649631 ], [ 174.505012321201775, -36.026332348711954 ], [ 174.505497469934852, -36.026946328848048 ], [ 174.506032669216665, -36.027529783170088 ], [ 174.506535152616721, -36.028153094982869 ], [ 174.507161352106493, -36.028697188592943 ], [ 174.5078460631062, -36.029170693708942 ], [ 174.508748340692335, -36.029463381768302 ] ] } },
{ "type": "Feature", "properties": { "group_id": "nzd0108" }, "geometry": { "type": "LineString", "coordinates": [ [ 173.859498287643788, -36.085821222072695 ], [ 173.859030587579412, -36.085198810029468 ], [ 173.858643753488508, -36.084529322934344 ], [ 173.858118702165086, -36.083940284945918 ], [ 173.857582139680545, -36.083357942931329 ], [ 173.857130585395851, -36.08272611472951 ], [ 173.856684164694173, -36.082091293813065 ], [ 173.856057385080334, -36.081561452288021 ], [ 173.855527537833325, -36.080975183626606 ], [ 173.854978670223062, -36.080399981906588 ], [ 173.854443376871217, -36.079816874396968 ], [ 173.853851526476973, -36.079266683169585 ], [ 173.853373638737708, -36.078650152054749 ], [ 173.852855166843369, -36.078057239715974 ], [ 173.852355470760926, -36.077453393877676 ], [ 173.85184999662971, -36.07685290686765 ], [ 173.85130588142556, -36.076274907637512 ], [ 173.850859894655628, -36.075639785211166 ], [ 173.850397672310976, -36.075014108688414 ], [ 173.849855293579822, -36.074435085354949 ], [ 173.849278919129631, -36.073875845855639 ], [ 173.848742653481111, -36.07329325526495 ], [ 173.848256314175956, -36.072681406783666 ], [ 173.847765854261098, -36.072071517418514 ], [ 173.847270462740397, -36.071464627609963 ], [ 173.846748435436922, -36.07087371934017 ], [ 173.846193853325502, -36.070301857761713 ], [ 173.845643137987935, -36.06972772888281 ], [ 173.845134130192804, -36.069129188254401 ], [ 173.844601088188625, -36.068544708031716 ], [ 173.844112114029059, -36.067934434805252 ], [ 173.843603942032502, -36.067335391732122 ], [ 173.84308032599418, -36.06674538209775 ], [ 173.842508978300913, -36.06618330065411 ], [ 173.842034242644303, -36.065564677265868 ], [ 173.841427452980383, -36.065023327601878 ], [ 173.840918912451457, -36.06442447800152 ], [ 173.840439350724466, -36.063808665529898 ], [ 173.839931646213984, -36.063209317793884 ], [ 173.839473602202361, -36.062580904177985 ], [ 173.839011079499301, -36.061955106997949 ], [ 173.838431929851396, -36.061397555832912 ], [ 173.837983545864688, -36.060763475736543 ], [ 173.837468702550154, -36.060168283412089 ], [ 173.836938014449174, -36.059582359078021 ], [ 173.836408711099892, -36.058995619939026 ], [ 173.835873371327011, -36.058412408894256 ], [ 173.835352952533981, -36.057820461595938 ], [ 173.834771241945589, -36.057264378003531 ], [ 173.834298763899767, -36.05664436675481 ], [ 173.833814903223669, -36.056031012185521 ], [ 173.83337258337491, -36.055393343248724 ], [ 173.832870955859761, -36.054790376979369 ], [ 173.832414704575854, -36.054160851797882 ], [ 173.831998814938544, -36.053507702131455 ], [ 173.831421030063922, -36.052949290393578 ], [ 173.830874355257521, -36.052372668331472 ], [ 173.830239234340667, -36.051847801021935 ], [ 173.829639928659731, -36.051301969844047 ], [ 173.829089730098701, -36.05072739648196 ], [ 173.828520371559506, -36.050164031140618 ], [ 173.827991507994625, -36.04957696356734 ], [ 173.827505265200728, -36.048964949753234 ], [ 173.826989251418155, -36.048370353566582 ], [ 173.826479124539105, -36.047772307901539 ], [ 173.825966045894717, -36.047175985177148 ], [ 173.825499685721866, -36.046552318161716 ], [ 173.824957642304042, -36.045972936862995 ], [ 173.824416962028664, -36.045392753400137 ], [ 173.82389182390645, -36.044803470162996 ], [ 173.823349561641692, -36.044224203597231 ], [ 173.82282348438693, -36.043635461060681 ], [ 173.822278253047386, -36.043057923116734 ], [ 173.82185619883964, -36.042408296997969 ], [ 173.821435172850386, -36.0417580645491 ], [ 173.820970091539692, -36.041133609008142 ], [ 173.820445982268524, -36.04054369260453 ], [ 173.820074964592322, -36.039864181221873 ], [ 173.819378563669432, -36.039375082487041 ], [ 173.818833206869243, -36.0387975869602 ], [ 173.818295428430019, -36.038215652078534 ], [ 173.817734944472306, -36.03764700015676 ], [ 173.81727397563003, -36.037020106930797 ], [ 173.816760850298351, -36.036423731564319 ], [ 173.816331683284233, -36.035778218692471 ], [ 173.815753025709199, -36.035220184430592 ], [ 173.81526291405973, -36.034610327946744 ], [ 173.814742253636666, -36.03401834440379 ], [ 173.814168544711862, -36.033457400812502 ], [ 173.813588643159903, -36.032900076700358 ], [ 173.813078489462811, -36.032301931235615 ], [ 173.812603286139904, -36.031683328125162 ], [ 173.812135642786217, -36.031060296381689 ], [ 173.811577717530668, -36.030490093871094 ], [ 173.811148398347456, -36.029844625586684 ], [ 173.810703964961789, -36.029207997708006 ], [ 173.81004299191099, -36.028698086455272 ], [ 173.809500886791426, -36.0281186081166 ], [ 173.808979218598154, -36.027527165486063 ], [ 173.808495990695292, -36.026913222844819 ], [ 173.808103043555946, -36.026246442543609 ], [ 173.807498608503067, -36.025703422580932 ], [ 173.806990541583957, -36.025104002596308 ], [ 173.806423640820952, -36.02453900827657 ], [ 173.805897978559358, -36.023949876368867 ], [ 173.805428654470575, -36.023327770410397 ], [ 173.804965422951568, -36.022702094528881 ], [ 173.804366071890911, -36.02215607272101 ], [ 173.803789608012409, -36.021596652607151 ], [ 173.803286554237786, -36.020994267820669 ], [ 173.802887292679145, -36.02033113836 ], [ 173.802250685328119, -36.019806901527481 ], [ 173.801715066075644, -36.019223561018741 ], [ 173.801137486742789, -36.018664771441827 ], [ 173.800626969938577, -36.018066731893903 ], [ 173.800141503677395, -36.017454028119829 ], [ 173.799623102802144, -36.016860593509271 ], [ 173.799093473505792, -36.016273725426259 ], [ 173.798618902246943, -36.015654632458244 ], [ 173.798029956814872, -36.015102467812575 ], [ 173.797517962676011, -36.014505266170772 ], [ 173.797106400153098, -36.013849286575081 ], [ 173.796529479585416, -36.013290071612182 ], [ 173.796025401576401, -36.012688224046727 ], [ 173.795481621722217, -36.012109605932238 ], [ 173.795002551814122, -36.011493114507083 ], [ 173.794448719488742, -36.010920370322694 ], [ 173.793902036747113, -36.010343437682351 ], [ 173.793366957737732, -36.009759709988749 ], [ 173.792896808174362, -36.009137980554712 ], [ 173.792347224967557, -36.008562731981677 ], [ 173.791774933396908, -36.008000768083683 ], [ 173.791246308416845, -36.007413245674847 ], [ 173.790703134444925, -36.006834233011787 ], [ 173.790212325065426, -36.006224571728787 ], [ 173.789779067292557, -36.005581226250733 ], [ 173.789262945414464, -36.00498636915723 ], [ 173.788797319402079, -36.004361956913776 ], [ 173.788465715183349, -36.00365910888042 ], [ 173.787886719607911, -36.003101032993307 ], [ 173.787197551853922, -36.002607426616038 ], [ 173.786691944330926, -36.002006394213225 ], [ 173.786083333401677, -36.001465635995856 ], [ 173.785589333228558, -36.000857802002933 ], [ 173.785107974557604, -36.000242565621001 ], [ 173.784581741658911, -35.999653585648787 ], [ 173.784081815722175, -35.999049206128724 ], [ 173.783637325127984, -35.998412380760648 ], [ 173.783124435844712, -35.997815578634437 ], [ 173.782651098727939, -35.997195625640408 ], [ 173.781958411411694, -35.996704034524441 ], [ 173.781386752087599, -35.996141611901585 ], [ 173.78084295661543, -35.995562878631624 ], [ 173.780270470372528, -35.995000930992369 ], [ 173.779705242547635, -35.99443473119323 ], [ 173.77919621042679, -35.993835640801002 ], [ 173.778680306772884, -35.993240567241543 ], [ 173.77822577513291, -35.992609573831743 ], [ 173.777674488099564, -35.992035198046004 ], [ 173.77718483709873, -35.991424747886768 ], [ 173.776762105757314, -35.990775131218065 ], [ 173.776149821320416, -35.990236438431218 ], [ 173.775472366933769, -35.989735878978166 ], [ 173.77502805933068, -35.989098875838629 ], [ 173.774558465257087, -35.988476666023921 ], [ 173.774028799011376, -35.98788960650058 ], [ 173.773485408037203, -35.987310574362823 ], [ 173.772949173987115, -35.986727349491311 ], [ 173.772377382382103, -35.986164928722211 ], [ 173.771833457138058, -35.985586195898833 ], [ 173.771321225637763, -35.984988911240826 ], [ 173.770814391207551, -35.984388463739307 ], [ 173.770311058960999, -35.983785962291783 ], [ 173.769738484103584, -35.983223977675848 ], [ 173.769301353185625, -35.982582725847543 ], [ 173.768723331111829, -35.982023920135966 ], [ 173.768240983496668, -35.981409120570909 ], [ 173.767753744978734, -35.980797178738541 ], [ 173.767266562371105, -35.980185199728282 ], [ 173.766729207538162, -35.979602577505915 ] ] } },
{ "type": "Feature", "properties": { "group_id": "nzd0109" }, "geometry": { "type": "LineString", "coordinates": [ [ 174.532049400277799, -36.043259752785438 ], [ 174.532659542188384, -36.043786070001445 ], [ 174.53325151727023, -36.044323127932223 ], [ 174.533882738318226, -36.044800255710946 ], [ 174.53459895395676, -36.045217541660769 ], [ 174.53531681331404, -36.045666347830547 ], [ 174.536036390519627, -36.046103136914248 ], [ 174.53673130016827, -36.04654546189002 ], [ 174.537474092599467, -36.046935711116873 ], [ 174.538284444620047, -36.047252640209315 ], [ 174.539094540637819, -36.047555407979381 ], [ 174.539893326630477, -36.047799700684685 ], [ 174.54070100002869, -36.047957000188504 ], [ 174.541506252009668, -36.048015634199359 ], [ 174.542367052840291, -36.048074135280586 ], [ 174.543246388667001, -36.047843118992112 ], [ 174.544061101521379, -36.047523072194551 ] ] } },
{ "type": "Feature", "properties": { "group_id": "nzd0110" }, "geometry": { "type": "LineString", "coordinates": [ [ 174.546251143349878, -36.046801685176398 ], [ 174.547026748121084, -36.047176298786461 ], [ 174.54784810239326, -36.04747480021372 ], [ 174.548719211251495, -36.047665119049078 ], [ 174.549575107838763, -36.047900248637724 ], [ 174.550459457310723, -36.048043991435321 ], [ 174.551353830072003, -36.048135247842353 ], [ 174.552252050689333, -36.048196275552954 ], [ 174.553152363190094, -36.048156333570631 ] ] } },
{ "type": "Feature", "properties": { "group_id": "nzd0111" }, "geometry": { "type": "LineString", "coordinates": [ [ 174.564713663715764, -36.048178779936102 ], [ 174.565578601694966, -36.048394316045936 ], [ 174.566464820679045, -36.048523261894552 ], [ 174.567362792972403, -36.048599972533204 ], [ 174.568267364423605, -36.048649322764419 ], [ 174.569154380254304, -36.048497982439457 ] ] } },
{ "type": "Feature", "properties": { "group_id": "nzd0112" }, "geometry": { "type": "LineString", "coordinates": [ [ 174.592612566629896, -36.068755914081763 ], [ 174.592633047021337, -36.069503002414741 ], [ 174.592881948005783, -36.070200781202288 ], [ 174.593182557531719, -36.070887392799413 ], [ 174.593368782034361, -36.07162690590313 ], [ 174.593671482848237, -36.072361162054328 ], [ 174.594014032354522, -36.073057739279434 ], [ 174.59439350926732, -36.073715815917694 ], [ 174.594715259696301, -36.07439479243105 ], [ 174.595198197690792, -36.075009525811105 ], [ 174.595567838724975, -36.075666537424226 ], [ 174.595932090639224, -36.076330180650537 ], [ 174.596265394067359, -36.077004748102041 ], [ 174.596726731571408, -36.077638239727627 ], [ 174.597119961119802, -36.0783043617175 ], [ 174.597482159668459, -36.078979404635199 ], [ 174.597849758156514, -36.079642763521854 ], [ 174.598288346721176, -36.080292488907794 ], [ 174.598684167130926, -36.08097073707831 ], [ 174.598935726265978, -36.081709705266611 ] ] } },
{ "type": "Feature", "properties": { "group_id": "nzd0113" }, "geometry": { "type": "LineString", "coordinates": [ [ 174.598163332089314, -36.084058261447367 ], [ 174.598513302692538, -36.084739868105622 ], [ 174.598830355676142, -36.085438677918781 ], [ 174.599229231581432, -36.086094708295811 ], [ 174.599662542452421, -36.086732506826991 ], [ 174.600058088686723, -36.087355488013266 ], [ 174.600420956986426, -36.087989170406551 ], [ 174.600704356815982, -36.088690420422033 ], [ 174.601110873396209, -36.089332113270444 ], [ 174.601437874099133, -36.089948866942272 ], [ 174.60178347749931, -36.0905638482486 ], [ 174.602058180177011, -36.09125652722134 ], [ 174.602406102399129, -36.09192593352757 ], [ 174.602798262801372, -36.092581276559486 ], [ 174.603161826751403, -36.093245700778468 ], [ 174.603524242083211, -36.093910484160617 ], [ 174.603916403405634, -36.094565809411243 ], [ 174.604329505057223, -36.095214474666967 ], [ 174.604602377081051, -36.095918655488205 ], [ 174.604989783262937, -36.09658970644093 ], [ 174.6053386524774, -36.09726332013048 ], [ 174.605667162033058, -36.097939605496528 ], [ 174.606052746489354, -36.098595386540737 ], [ 174.6062895526521, -36.099304596025611 ], [ 174.60665699758232, -36.099966880603922 ], [ 174.606957134174081, -36.100653333345242 ], [ 174.607374562811799, -36.101297654969336 ], [ 174.607753261693858, -36.101955880752293 ], [ 174.608123989809883, -36.102617068870664 ], [ 174.608398909386153, -36.103313550442181 ], [ 174.608862392258629, -36.10394195503784 ], [ 174.609225264240564, -36.104605849097709 ], [ 174.609575065352146, -36.105274461433901 ], [ 174.60998539728925, -36.105921191818211 ], [ 174.610349876960726, -36.106584487944666 ], [ 174.610652974340979, -36.10726996239773 ], [ 174.610912470917754, -36.107971188650652 ], [ 174.611358441299473, -36.10860501666955 ], [ 174.611726288798394, -36.109267073053942 ], [ 174.612064406527139, -36.10993986826022 ], [ 174.612428278303867, -36.110630912854312 ], [ 174.612739798847343, -36.111358664758441 ], [ 174.613151700309004, -36.112015695877034 ], [ 174.613578866177534, -36.112654267017184 ], [ 174.61397511421265, -36.113291534607548 ], [ 174.614372176711186, -36.113891830150749 ], [ 174.614742280119231, -36.114519507954782 ], [ 174.615240937119722, -36.115134898714764 ], [ 174.615672360329, -36.115774251519674 ], [ 174.616111365735549, -36.116410895736081 ], [ 174.616543235466651, -36.117050078052685 ], [ 174.616947611709151, -36.117699055729808 ], [ 174.617407439452222, -36.118328260127562 ], [ 174.617829711013997, -36.118970847091887 ], [ 174.61826822754594, -36.119617372430469 ], [ 174.618692845537623, -36.120268332839672 ], [ 174.619120141252608, -36.12090868432589 ], [ 174.619545810534447, -36.121547813637598 ], [ 174.620009548149085, -36.122169522948425 ], [ 174.620456402432893, -36.122798950623597 ], [ 174.620875954006891, -36.123440863124699 ], [ 174.621282466086683, -36.124088735532375 ], [ 174.621665945340368, -36.124747139370569 ], [ 174.62210854445911, -36.125377426692516 ], [ 174.622522530542028, -36.126017871857414 ], [ 174.622918614232901, -36.126666885144765 ], [ 174.623349756198223, -36.127303413389761 ], [ 174.623763988470444, -36.127947238400481 ], [ 174.624197823946815, -36.128583845721657 ], [ 174.624614098110555, -36.129230558492438 ], [ 174.625020315198611, -36.129881072849138 ], [ 174.625466677153639, -36.130510659641729 ], [ 174.62595479469789, -36.13112108754936 ], [ 174.62636127890525, -36.131768956442819 ], [ 174.626786681721171, -36.132408142008643 ], [ 174.627220351798854, -36.133043530153117 ], [ 174.627669345613867, -36.133671884014902 ], [ 174.628117086452733, -36.134300807496714 ], [ 174.628602003168936, -36.134912672927705 ], [ 174.629052531312368, -36.135545447326514 ], [ 174.62953807303748, -36.136162954768686 ], [ 174.629965074779449, -36.136807788652014 ], [ 174.63043604841738, -36.13742623795828 ], [ 174.630878235210048, -36.138060343752606 ], [ 174.63131108702899, -36.138699523390649 ], [ 174.631767883563782, -36.139317746803307 ], [ 174.632206103706068, -36.139929163097747 ], [ 174.632602795775512, -36.140566988778765 ], [ 174.633082120804119, -36.141182122277563 ], [ 174.633511243045319, -36.141819384599216 ], [ 174.63397661563701, -36.142440659186413 ], [ 174.634477173175924, -36.143046415753659 ], [ 174.634897724958421, -36.143687441078477 ], [ 174.635356264915941, -36.144311712461558 ], [ 174.635833072702837, -36.144927924465435 ], [ 174.636208409076829, -36.145600547437731 ], [ 174.63661022275744, -36.146271290642915 ], [ 174.637093872332031, -36.146885464803823 ], [ 174.637659799692699, -36.14745100129592 ], [ 174.638209132943729, -36.14802583071944 ], [ 174.638709265767091, -36.148627706519051 ], [ 174.639210010149839, -36.149229235598007 ], [ 174.6397210063231, -36.14982574940521 ], [ 174.640234471022524, -36.15042088147495 ], [ 174.640706275076155, -36.151039250184652 ], [ 174.641135981246009, -36.151681099388291 ], [ 174.641603899124902, -36.15230162677809 ], [ 174.642063872076847, -36.152926581747671 ], [ 174.642563389621785, -36.153522653461522 ], [ 174.643032166343318, -36.15413359247659 ], [ 174.643538073682436, -36.154731965884046 ], [ 174.644025220701877, -36.15534131343972 ], [ 174.64448856613248, -36.155967820762491 ], [ 174.645001353259801, -36.156571174009208 ], [ 174.645513324505885, -36.157170127334552 ], [ 174.646013776249106, -36.157772492081499 ], [ 174.646531508125975, -36.158392555524046 ], [ 174.647103309088948, -36.158983627597898 ], [ 174.647619338427859, -36.159585517022016 ] ] } },
{ "type": "Feature", "properties": { "group_id": "nzd0114" }, "geometry": { "type": "LineString", "coordinates": [ [ 175.424555766537537, -36.116081273149895 ], [ 175.424148814373297, -36.116730873372575 ], [ 175.423828433873666, -36.117408916774593 ], [ 175.423522579907285, -36.118091728049173 ], [ 175.42323849271142, -36.118853768331547 ], [ 175.42285129612668, -36.119653943203424 ], [ 175.422608573447036, -36.120427061847259 ], [ 175.422562871471342, -36.121153111836229 ], [ 175.422532184109684, -36.121880541359715 ], [ 175.422387122993115, -36.122597404558597 ], [ 175.422285877919848, -36.123318306513504 ], [ 175.422180419727084, -36.12403881288315 ], [ 175.422396057262489, -36.124875545050209 ], [ 175.422554486109846, -36.12570542340714 ], [ 175.422558313776278, -36.12648711516227 ], [ 175.422792418103313, -36.127187851119359 ], [ 175.423003641219395, -36.127892982649406 ], [ 175.42320673401403, -36.12859967192567 ], [ 175.423412590040442, -36.129305823214601 ], [ 175.423684441445459, -36.129999271764127 ], [ 175.424036524801721, -36.130677278616488 ], [ 175.424325346459, -36.131367449533023 ], [ 175.424614745337664, -36.132057502988722 ], [ 175.42487263439898, -36.132809256905475 ], [ 175.425332652599906, -36.13349566697768 ], [ 175.425743263948277, -36.134144182657373 ], [ 175.426123040665431, -36.134805011811821 ], [ 175.426471905026432, -36.135480378499089 ], [ 175.426859287292785, -36.136137619208384 ], [ 175.427313123494457, -36.136763591586785 ], [ 175.427705667096916, -36.137427451157784 ], [ 175.428012175550606, -36.138157060681522 ], [ 175.42816539251811, -36.138972692596234 ], [ 175.428181441504535, -36.139841852027828 ], [ 175.428316170062374, -36.140645636370493 ], [ 175.428786055885467, -36.141264815476553 ], [ 175.430300009860389, -36.141308925291966 ], [ 175.430667600403751, -36.141984439577548 ] ] } },
{ "type": "Feature", "properties": { "group_id": "nzd0115" }, "geometry": { "type": "LineString", "coordinates": [ [ 173.948432750729836, -36.194605570220908 ], [ 173.947994423993549, -36.193972709129632 ], [ 173.947575963843917, -36.193330571620223 ], [ 173.947075860073454, -36.192726530481188 ], [ 173.946553661958376, -36.192132795247993 ], [ 173.946074223768704, -36.191519099773508 ], [ 173.945586743564547, -36.1909091522785 ], [ 173.945148429545696, -36.190276254888992 ], [ 173.944734687373767, -36.189631885226859 ], [ 173.944291715336533, -36.189001151474415 ], [ 173.943769060270967, -36.188407599178149 ], [ 173.943370810636566, -36.187755984221525 ], [ 173.942858690750313, -36.187157505261979 ], [ 173.942336673754596, -36.186563640009147 ], [ 173.941890939427338, -36.185934170074688 ], [ 173.941302228311656, -36.185371419463976 ], [ 173.940846589292761, -36.184746561759546 ], [ 173.940351708425311, -36.184140012345317 ], [ 173.939851869268693, -36.183535771794524 ], [ 173.939382542954064, -36.182917286489463 ], [ 173.938992429929129, -36.182261828918797 ], [ 173.938535130393547, -36.18163772082913 ], [ 173.938068910123405, -36.18101777080706 ], [ 173.93750106689393, -36.180445241097672 ], [ 173.937045853973473, -36.179820144067179 ], [ 173.936616283197395, -36.179183075302163 ], [ 173.9361197987634, -36.178577228721792 ], [ 173.935668805586602, -36.177950147231471 ], [ 173.935208726204792, -36.177327301026388 ], [ 173.934678494761869, -36.176737188318874 ], [ 173.934232220409825, -36.176107889476476 ], [ 173.933747641997229, -36.175496461302657 ], [ 173.93326475274705, -36.174884239771416 ], [ 173.932774122580525, -36.1742756257078 ], [ 173.93228760243548, -36.173665088520764 ], [ 173.93181722451672, -36.173047013031329 ], [ 173.931376949287909, -36.17241488416979 ], [ 173.9308974830046, -36.171801039917071 ], [ 173.930410924834121, -36.171190500245693 ], [ 173.929884078047735, -36.170598757375288 ], [ 173.929420994863023, -36.16997725229556 ], [ 173.928956350858414, -36.169356470557588 ], [ 173.928444113170343, -36.16875789473837 ], [ 173.927991606759178, -36.16813143852729 ], [ 173.927504307815212, -36.167521214202083 ], [ 173.927070516896919, -36.166886013735365 ], [ 173.926557578551154, -36.166287744674712 ], [ 173.926063299412732, -36.165680762683195 ], [ 173.925548846139662, -36.165083190461807 ], [ 173.925110300650289, -36.164450188650477 ], [ 173.924618622079265, -36.163841977851121 ], [ 173.924086994938961, -36.163252405111358 ], [ 173.923610957727334, -36.16263688470746 ], [ 173.923171138026078, -36.162004457329083 ], [ 173.922700035301546, -36.16138662399139 ], [ 173.922169442630917, -36.160796548245287 ], [ 173.921687910147881, -36.160183572130151 ], [ 173.921241389412955, -36.159554251755246 ], [ 173.920719026861264, -36.158960320003821 ], [ 173.920234295813202, -36.158348821411415 ], [ 173.919721005876909, -36.157750645532467 ], [ 173.91927643361123, -36.157120395646984 ], [ 173.918831466440139, -36.156490324983935 ], [ 173.918477035354698, -36.155817997999073 ], [ 173.918051640600339, -36.155178783104979 ], [ 173.917424160068379, -36.154633872346729 ], [ 173.916831947987475, -36.154072497276402 ], [ 173.916324843700806, -36.153471399267083 ], [ 173.915741375770466, -36.152905933176413 ], [ 173.915224599943286, -36.152372477225008 ], [ 173.914809926667147, -36.15182179233927 ], [ 173.914359876423248, -36.151221606635822 ], [ 173.913875885989142, -36.150609163403502 ], [ 173.913419901006534, -36.149980415118726 ], [ 173.912952802401662, -36.149358130997506 ], [ 173.912418169929936, -36.148775150540708 ], [ 173.911967151103397, -36.148143498197285 ], [ 173.911441267470565, -36.147555416553026 ], [ 173.910937001763557, -36.146954747691929 ], [ 173.910441394971173, -36.146349034422279 ], [ 173.909893233765018, -36.14577390610625 ], [ 173.909361029243883, -36.145189485700023 ], [ 173.908902680721809, -36.144562072779706 ], [ 173.908357496520694, -36.143985198315747 ], [ 173.907906051953034, -36.143353757961819 ], [ 173.907453592485865, -36.142722903793057 ], [ 173.906942813867772, -36.142125990061906 ], [ 173.906403114703323, -36.141545905211288 ], [ 173.905859417573851, -36.140968142925317 ], [ 173.905380746448117, -36.140352527499914 ], [ 173.904889195652459, -36.139744404266118 ], [ 173.904412212589904, -36.139127797320413 ], [ 173.903924685298705, -36.138517323220867 ], [ 173.903384382450923, -36.137937563012343 ], [ 173.902902034505985, -36.137324065308164 ], [ 173.902411893561805, -36.136715099092214 ], [ 173.901871063438222, -36.136135632420256 ], [ 173.901391796218462, -36.135520328140764 ], [ 173.900857874556465, -36.134936831430757 ], [ 173.900318456127508, -36.134356529690066 ], [ 173.899877088123759, -36.133719152466831 ], [ 173.899420711574777, -36.133090506548179 ], [ 173.89890060754658, -36.132498949331762 ], [ 173.898427743240831, -36.131879891295604 ], [ 173.897938809287297, -36.131270182278229 ], [ 173.897390335591666, -36.130695124549433 ], [ 173.896901905496094, -36.13008511333171 ], [ 173.896404429644178, -36.129480362822818 ], [ 173.895917821171111, -36.128869282355815 ], [ 173.895323403933418, -36.128320948765371 ], [ 173.894807448033077, -36.127726941396546 ], [ 173.894347566304759, -36.12710029095205 ], [ 173.893859447284484, -36.126490071859429 ], [ 173.893376491550555, -36.125876842929856 ], [ 173.892913688664322, -36.125251879270252 ], [ 173.892497755535288, -36.124599629827479 ], [ 173.891961873052196, -36.124017194251486 ], [ 173.89137607843162, -36.12346380631412 ], [ 173.890802106022875, -36.122903532566475 ], [ 173.890282442719354, -36.122311642981529 ], [ 173.889761332401861, -36.121720591190062 ], [ 173.889274836956787, -36.121109386871169 ], [ 173.888839480696845, -36.120468411733619 ], [ 173.88832885569596, -36.119871243418238 ], [ 173.887812087384447, -36.119277646452048 ], [ 173.887270746276613, -36.118698348006539 ], [ 173.886698689537837, -36.11813692358303 ], [ 173.886236577776714, -36.117511499567009 ], [ 173.885769463858651, -36.116888982621042 ], [ 173.885238185237739, -36.116303809313393 ], [ 173.884763035679953, -36.115685960689895 ], [ 173.884264620690999, -36.115081649626049 ], [ 173.883719508703706, -36.114504514895678 ], [ 173.883269769173353, -36.113871862493475 ], [ 173.882716917947562, -36.113299223622711 ], [ 173.882257122073327, -36.112672415737848 ], [ 173.8817915742857, -36.112048951344839 ], [ 173.881268052661284, -36.111459227276598 ], [ 173.880798800284936, -36.110837910246509 ], [ 173.880247604262365, -36.11026428570208 ], [ 173.879759289288359, -36.109654055512259 ], [ 173.879233518211521, -36.109065622945394 ], [ 173.878796493124497, -36.108425529445128 ], [ 173.878264106955385, -36.107840938422584 ], [ 173.87773559663961, -36.107254086914125 ], [ 173.877253973965708, -36.106639938973103 ], [ 173.876801179568275, -36.106009006383886 ], [ 173.876253624806822, -36.105433226765918 ], [ 173.87573322125931, -36.104841638698005 ], [ 173.875187977691127, -36.1042645048663 ], [ 173.874752702240414, -36.103623357099963 ], [ 173.874230077227651, -36.10303304870888 ], [ 173.873718448359284, -36.102436335289411 ], [ 173.873374184115903, -36.101742198554575 ], [ 173.873016363288002, -36.10105594784995 ], [ 173.872477816622137, -36.1004748892992 ], [ 173.871821259530179, -36.09996251756737 ], [ 173.871225311710049, -36.099414861903433 ], [ 173.870723345877707, -36.098812497085312 ], [ 173.870118485481299, -36.098270020216631 ], [ 173.869577527547136, -36.097690342816634 ], [ 173.86902961667721, -36.097114708073264 ], [ 173.868487345642905, -36.096535786058865 ], [ 173.867980756521092, -36.095936090081175 ], [ 173.867499531557343, -36.095321625817043 ], [ 173.86708093625532, -36.094670701865091 ], [ 173.866582144921665, -36.094066453562711 ], [ 173.866081183057673, -36.093463464208426 ], [ 173.865614648077326, -36.092840431273096 ], [ 173.865102555868162, -36.092243911705019 ], [ 173.864563293876984, -36.091663202605247 ], [ 173.864100865515496, -36.091037765876592 ], [ 173.863522440471144, -36.090479843821718 ], [ 173.862953445492934, -36.089916428229216 ], [ 173.862442968441428, -36.089318946227081 ], [ 173.861896188086462, -36.088742591077697 ], [ 173.861447529469217, -36.088109117054422 ], [ 173.860929733282973, -36.087515881971719 ], [ 173.860382779688791, -36.086939614305152 ], [ 173.859911759790663, -36.08631914286444 ] ] } },
{ "type": "Feature", "properties": { "group_id": "nzd0116" }, "geometry": { "type": "LineString", "coordinates": [ [ 175.440231115224691, -36.148278482091456 ], [ 175.4408708178496, -36.14882652440609 ], [ 175.441627603135601, -36.149217626802212 ] ] } },
{ "type": "Feature", "properties": { "group_id": "nzd0117" }, "geometry": { "type": "LineString", "coordinates": [ [ 175.446717780311587, -36.15211086276566 ], [ 175.447428383793948, -36.152712801758256 ], [ 175.44830785091591, -36.152870872920552 ] ] } },
{ "type": "Feature", "properties": { "group_id": "nzd0118" }, "geometry": { "type": "LineString", "coordinates": [ [ 175.484302856435846, -36.168685853488107 ], [ 175.485190321226071, -36.168801244703403 ], [ 175.486082116409079, -36.168845422466923 ], [ 175.486967090468312, -36.168829239994459 ], [ 175.487856318111682, -36.168753156543126 ], [ 175.488721749336094, -36.168585218568154 ], [ 175.489553895603024, -36.16831147827925 ] ] } },
{ "type": "Feature", "properties": { "group_id": "nzd0119" }, "geometry": { "type": "LineString", "coordinates": [ [ 174.65074815362442, -36.165406049924144 ], [ 174.650933908452856, -36.166115871042841 ], [ 174.651219500438032, -36.166842850741915 ], [ 174.6516372168484, -36.167531047397979 ], [ 174.652099947362672, -36.168164077592508 ], [ 174.652530416840392, -36.168802246289836 ], [ 174.652932255254825, -36.169451126534319 ], [ 174.653370197950352, -36.170087655024588 ], [ 174.653808900845121, -36.170726906115959 ], [ 174.654230741614242, -36.171371766459679 ], [ 174.654697291577293, -36.171991694136871 ], [ 174.655083417736506, -36.172648738360408 ], [ 174.655579993381878, -36.173254796695211 ], [ 174.655961735053893, -36.173914879101986 ], [ 174.656396677054147, -36.174553250640443 ], [ 174.656838328613503, -36.175188633038275 ], [ 174.657335747166002, -36.175792573079889 ], [ 174.657791363096692, -36.176417937585128 ], [ 174.658271573795162, -36.177034357949694 ], [ 174.658734983952911, -36.177664305130627 ], [ 174.659232801589269, -36.178272594695045 ], [ 174.659697109397825, -36.178890137143796 ], [ 174.660182918412431, -36.179493928870045 ], [ 174.660702298097959, -36.18008563750741 ], [ 174.661204912870858, -36.180686543102667 ], [ 174.661666787215182, -36.181309804898461 ], [ 174.662171272272332, -36.181909674635101 ], [ 174.662684479306932, -36.182504752546784 ], [ 174.663206353300723, -36.183085128309429 ], [ 174.663676268412701, -36.183692917565708 ], [ 174.664218519281974, -36.184276769583427 ], [ 174.664770655768166, -36.184857370967251 ], [ 174.66528206933063, -36.185455344643323 ], [ 174.665773958020708, -36.186065772900911 ], [ 174.696640688247271, -36.217154035758391 ], [ 174.697248421158491, -36.217688762029788 ], [ 174.697841931698861, -36.218234762160151 ], [ 174.69841226642535, -36.218797391360752 ], [ 174.69903356065771, -36.219321050749919 ], [ 174.699633209189955, -36.21986061994761 ], [ 174.700243050007742, -36.220392692143328 ], [ 174.700810952064387, -36.220955593450803 ], [ 174.701415437022717, -36.221491595702702 ], [ 174.702014747610235, -36.222031398330934 ], [ 174.702596111004908, -36.222584391820718 ], [ 174.703191439674754, -36.223127114424493 ], [ 174.703781614042612, -36.223673622684558 ], [ 174.704382028519206, -36.224212598735377 ], [ 174.704994768723452, -36.224742509203836 ], [ 174.705554403688836, -36.2253114586644 ], [ 174.706125878332585, -36.225871699931645 ], [ 174.706745476484855, -36.226398066382892 ], [ 174.70733266001244, -36.226949656651421 ], [ 174.707977827462088, -36.227455650115409 ], [ 174.708596776490566, -36.227980754487859 ], [ 174.709213954497216, -36.22850721321965 ], [ 174.709846719628018, -36.229022293854023 ], [ 174.710455332792264, -36.229559070750767 ], [ 174.711054695418426, -36.230105010563591 ], [ 174.711721281624847, -36.230591152704932 ], [ 174.712339497555121, -36.231117946180362 ], [ 174.712973640438804, -36.231631349953112 ], [ 174.713579147995659, -36.232168818245462 ], [ 174.714243395569014, -36.232656912655457 ], [ 174.714847596351035, -36.233193923503961 ], [ 174.715464195632052, -36.23371678289093 ], [ 174.716073312964397, -36.234246676325526 ], [ 174.716687079721737, -36.23477600745229 ], [ 174.717292830741229, -36.235311702205912 ], [ 174.717913806729172, -36.235835299920268 ], [ 174.718516992732106, -36.236366749247864 ], [ 174.71910619926615, -36.236902420359307 ], [ 174.719745160798539, -36.237408812624039 ], [ 174.720353830547793, -36.237941843527146 ], [ 174.72099760783459, -36.238449906485343 ], [ 174.721641060096061, -36.238964817451375 ], [ 174.722241687138592, -36.239516977885742 ], [ 174.722898186094653, -36.240014868704691 ], [ 174.723460732605446, -36.240595865855553 ], [ 174.724142096003987, -36.241068014899383 ], [ 174.724791179489955, -36.241569731849843 ], [ 174.72532503334179, -36.242177005577055 ], [ 174.725666113318908, -36.242960871989425 ], [ 174.726556282739409, -36.243241727436356 ], [ 174.727344266797047, -36.243616188138333 ], [ 174.72806332716101, -36.24404492051525 ], [ 174.728663677199876, -36.244530415146166 ], [ 174.72929823428467, -36.24501096926523 ], [ 174.729982590113224, -36.245500224974933 ], [ 174.730622779044182, -36.246017906999427 ], [ 174.731241816572947, -36.24653615386768 ], [ 174.73189753108187, -36.247034784783907 ], [ 174.732490724398161, -36.247598638574182 ], [ 174.733130854975315, -36.248114227264843 ], [ 174.733872423467432, -36.248525510258077 ], [ 174.734564845506867, -36.248984525277095 ], [ 174.735228200148129, -36.249468957788451 ], [ 174.735920679741554, -36.249927313705456 ], [ 174.736586283755088, -36.250414612479048 ], [ 174.737253967876057, -36.250899895528711 ], [ 174.73795081255065, -36.251357026682349 ], [ 174.738647287345742, -36.251814521985992 ], [ 174.739323712181204, -36.252291372141485 ], [ 174.740014388885015, -36.25275448636917 ], [ 174.740687237327222, -36.253234777063383 ], [ 174.741341702593218, -36.253732779111601 ], [ 174.74203847825558, -36.254190441092831 ], [ 174.742746560904976, -36.254650341902071 ], [ 174.74339672175077, -36.255177210051279 ], [ 174.744182884749421, -36.255535837452243 ], [ 174.744897893767757, -36.255974818237057 ], [ 174.745577318241033, -36.256453983717194 ], [ 174.746298947063678, -36.256883359785064 ], [ 174.74701789757367, -36.257311051580928 ], [ 174.747655230626663, -36.257828638699287 ], [ 174.748534490162541, -36.258092589337991 ], [ 174.749359665888051, -36.258420767246989 ], [ 174.750192760820028, -36.258708959465352 ], [ 174.750940735590689, -36.259127311169436 ] ] } },
{ "type": "Feature", "properties": { "group_id": "nzd0120" }, "geometry": { "type": "LineString", "coordinates": [ [ 175.481092881250873, -36.249751923471116 ], [ 175.481603463769972, -36.250353550513857 ], [ 175.482086807283395, -36.250967284561206 ], [ 175.482620086025634, -36.251550235699206 ], [ 175.483097786504487, -36.252171091078672 ], [ 175.483627488693656, -36.252782165251944 ], [ 175.484330911696162, -36.253261390593778 ], [ 175.485122683969763, -36.253636825074956 ], [ 175.485892356969629, -36.253962401633608 ], [ 175.486718820856339, -36.254266434649182 ] ] } },
{ "type": "Feature", "properties": { "group_id": "nzd0121" }, "geometry": { "type": "LineString", "coordinates": [ [ 174.012190678093816, -36.313708038838577 ], [ 174.012156495782051, -36.312947184409261 ], [ 174.012034314754288, -36.312212320561834 ], [ 174.01193855997488, -36.311469642979546 ], [ 174.011790555608684, -36.31074239518334 ], [ 174.011632999461227, -36.310017962954348 ], [ 174.011488369044685, -36.309289705580987 ], [ 174.011323835537013, -36.308567322024061 ], [ 174.011230838758763, -36.30782379694493 ], [ 174.011082731787013, -36.307096547401265 ], [ 174.010924814872538, -36.306372189809601 ], [ 174.010868372961653, -36.305617844790632 ], [ 174.010667161297192, -36.304906265933958 ], [ 174.010454864832809, -36.304197955965634 ], [ 174.010311777516108, -36.303469191413669 ], [ 174.010170680846045, -36.302739832283102 ], [ 174.009993442219752, -36.302021145344824 ], [ 174.009861488987781, -36.301289071869739 ], [ 174.00952031518483, -36.300618809657834 ], [ 174.009478560196641, -36.299860072994349 ], [ 174.009277418023629, -36.299148423723267 ], [ 174.009062227687366, -36.298440919106909 ], [ 174.008838091483227, -36.297736051615757 ], [ 174.008617402023987, -36.297030159579627 ], [ 174.008403381010169, -36.296322291045961 ], [ 174.008227333672693, -36.295603195960801 ], [ 174.007988238040696, -36.294902724123922 ], [ 174.007744063219263, -36.294203747015416 ], [ 174.007489609201315, -36.293507801164218 ], [ 174.00728870066942, -36.292796027455147 ], [ 174.007004494770257, -36.292108860697496 ], [ 174.006774006632895, -36.291405815117827 ], [ 174.006499511607103, -36.290715766915092 ], [ 174.006238659612194, -36.290021681360976 ], [ 174.005999465519579, -36.289321190103315 ], [ 174.005787119719002, -36.288612759346378 ], [ 174.005517484710452, -36.287921250951548 ], [ 174.005194602143916, -36.287245470806887 ], [ 174.005004186369462, -36.286530541664796 ], [ 174.004670456348151, -36.285857954958729 ], [ 174.00440926522208, -36.285163927440657 ], [ 174.004088295965346, -36.284487558105454 ], [ 174.003840369872051, -36.283789598824015 ], [ 174.003436978747231, -36.283137572999088 ], [ 174.003232351575548, -36.282426807049568 ], [ 174.003016060127237, -36.281719481714916 ], [ 174.002626437331884, -36.281063369711973 ], [ 174.002327323272141, -36.280380506485052 ], [ 174.002092972089088, -36.279678499799381 ], [ 174.001622451637985, -36.279046275394592 ], [ 174.001380017132391, -36.278346645480923 ], [ 174.001121079599329, -36.277651886188238 ], [ 174.000700787976626, -36.277004801447447 ], [ 174.000367879635121, -36.276331888835955 ], [ 174.000135679753924, -36.275629210640595 ], [ 173.999724918000339, -36.274979292095026 ], [ 173.999400835574136, -36.274303753604599 ], [ 173.999110497172637, -36.273618237686563 ], [ 173.99865947065058, -36.272980199787227 ], [ 173.998303787711052, -36.272313981590479 ], [ 173.997918458619239, -36.271656518004974 ], [ 173.99761334671652, -36.270975344060652 ], [ 173.997342113187642, -36.27028415295775 ], [ 173.996997659392235, -36.269614592811273 ], [ 173.996700665486287, -36.268931002102562 ], [ 173.996334147848529, -36.268267950088031 ], [ 173.995825338710574, -36.267646939929222 ], [ 173.995422422489042, -36.266994631973681 ], [ 173.995173862779779, -36.266296705166894 ], [ 173.994782680974225, -36.265640917835668 ], [ 173.994434353662712, -36.264972460898861 ], [ 173.993972947153452, -36.264337413373937 ], [ 173.993645053877287, -36.263662906282036 ], [ 173.993213462702897, -36.263019036335677 ], [ 173.992932801298309, -36.262330560240152 ], [ 173.992521053445046, -36.261680814701101 ], [ 173.992156026856321, -36.261017256950396 ], [ 173.991855745788627, -36.260334560761976 ], [ 173.991545987580452, -36.259654659151785 ], [ 173.990996426967257, -36.259045614045078 ], [ 173.990618431843558, -36.258385864844001 ], [ 173.990279790052369, -36.257714480729454 ], [ 173.990005633107728, -36.257024035234842 ], [ 173.989546469280981, -36.256388253855285 ], [ 173.989187216065915, -36.255722942704814 ], [ 173.988772322572117, -36.255074067443047 ], [ 173.988414288868086, -36.254408384088521 ], [ 173.988051700222911, -36.253744040807845 ], [ 173.987686409741798, -36.253080490005345 ], [ 173.987357740284949, -36.252421727870853 ], [ 173.986896026430202, -36.251838526306109 ], [ 173.986635704881195, -36.251147768797303 ], [ 173.986273178672064, -36.250479989091623 ], [ 173.985882959099939, -36.249825126584753 ], [ 173.985644411529307, -36.249099484532216 ], [ 173.985438214914808, -36.248358740635858 ], [ 173.984880768303242, -36.247781895840149 ], [ 173.984520132825708, -36.247113207568802 ], [ 173.984014002417666, -36.24651240688555 ], [ 173.983521957674611, -36.245905028299468 ], [ 173.983140861156159, -36.245245872546604 ], [ 173.982720600538471, -36.244604986938228 ], [ 173.98241177589955, -36.243912096181049 ], [ 173.981942110676528, -36.243294254305674 ], [ 173.981503868078192, -36.242661744401772 ], [ 173.981060371008908, -36.242031681351037 ], [ 173.980836522070916, -36.241299116661594 ], [ 173.98041777012935, -36.240657496245433 ], [ 173.980133689578679, -36.239953027148928 ], [ 173.979586653057225, -36.239371259726113 ], [ 173.979281007480949, -36.23867684342563 ], [ 173.978864948160776, -36.238033945983396 ], [ 173.978450028528528, -36.2373905115969 ], [ 173.978061913021236, -36.236734563984406 ], [ 173.97757771256471, -36.236123449200029 ], [ 173.977204866010425, -36.235460366107716 ], [ 173.976778286399821, -36.234822352409552 ], [ 173.976338183979749, -36.234190644055779 ], [ 173.975938806133286, -36.233539926409556 ], [ 173.975543261560489, -36.232887414809937 ], [ 173.975163464860628, -36.232227549238658 ], [ 173.974715265134449, -36.231599599146264 ], [ 173.974342622835081, -36.230936384638781 ], [ 173.9738918401452, -36.230309629731117 ], [ 173.973434603510754, -36.229685881533676 ], [ 173.972976983341766, -36.229062307248739 ], [ 173.972486780709204, -36.228453932751577 ], [ 173.97206982817184, -36.227811370469986 ], [ 173.971715830915144, -36.227139424403511 ], [ 173.971316781191945, -36.226488497310442 ], [ 173.970896037923723, -36.225847688623922 ], [ 173.970483973029701, -36.22520282496226 ], [ 173.970123443735304, -36.224533906384437 ], [ 173.96963160269334, -36.223926261136626 ], [ 173.969106612187488, -36.223334080467353 ], [ 173.968723232472428, -36.222675810109841 ], [ 173.968299133250497, -36.222036536962541 ], [ 173.967874789371024, -36.221397372890316 ], [ 173.967470185785487, -36.22074899158067 ], [ 173.967070331691588, -36.220098388704358 ], [ 173.966659006125525, -36.219453134066853 ], [ 173.966189615913066, -36.21883497130105 ], [ 173.965744410120777, -36.218205517349382 ], [ 173.965276399130431, -36.217586700816696 ], [ 173.964780098980185, -36.216981080906471 ], [ 173.964347839401654, -36.216345570157863 ], [ 173.963899769488478, -36.215717432535037 ], [ 173.963446177111365, -36.215091867011481 ], [ 173.963038279603609, -36.214444971945589 ], [ 173.962588362700444, -36.213817681032474 ], [ 173.962166377741028, -36.213177349984413 ], [ 173.961678329012301, -36.212567843998698 ], [ 173.961233826101278, -36.211938011315915 ], [ 173.960842105527178, -36.211283541437879 ], [ 173.960401718195214, -36.210651777948321 ], [ 173.959957498992054, -36.210021797618509 ], [ 173.9594759618534, -36.20940922756234 ], [ 173.959142454864406, -36.208727570370719 ], [ 173.95862721517733, -36.208130718388261 ], [ 173.958091311426728, -36.207543504735312 ], [ 173.957722052211125, -36.206878517022133 ], [ 173.957230840705563, -36.206270436474973 ], [ 173.956752775514332, -36.205656215787961 ], [ 173.956334624708489, -36.205014029377516 ], [ 173.95584871428531, -36.204403459762645 ], [ 173.955341978990532, -36.203802603573145 ], [ 173.954844052812973, -36.203197631302466 ], [ 173.954375948936786, -36.202578736600557 ], [ 173.953891777150318, -36.201967335354972 ], [ 173.953489633195119, -36.201317648551672 ], [ 173.953051612650427, -36.200684699437716 ], [ 173.952550392940509, -36.200081238910144 ], [ 173.952078508146997, -36.199464083367417 ], [ 173.951603276884782, -36.198848484486767 ], [ 173.951090165243869, -36.198250558465169 ], [ 173.95066204720402, -36.197612962781662 ], [ 173.950225226458457, -36.196979423372035 ], [ 173.949812385206485, -36.196334688152646 ], [ 173.949392967476655, -36.195693016929894 ], [ 173.948872628499089, -36.195098438544584 ] ] } },
{ "type": "Feature", "properties": { "group_id": "nzd0123" }, "geometry": { "type": "LineString", "coordinates": [ [ 174.794656789522321, -36.309757570836254 ], [ 174.794688532850103, -36.310482989758675 ], [ 174.794866252618618, -36.311206741418125 ], [ 174.795041290859217, -36.311928352429724 ], [ 174.795329671390846, -36.312614269423804 ], [ 174.795405949202348, -36.313359703283929 ] ] } },
{ "type": "Feature", "properties": { "group_id": "nzd0124" }, "geometry": { "type": "LineString", "coordinates": [ [ 174.78025922207695, -36.325343131115368 ], [ 174.780120883250817, -36.326058192207412 ], [ 174.780003039289738, -36.326757375102943 ], [ 174.779890400686696, -36.327454212648171 ], [ 174.77981848796432, -36.328172378797227 ], [ 174.779816887869714, -36.328886258590146 ], [ 174.779766385684127, -36.329592028045724 ], [ 174.779743952685862, -36.330299788185052 ], [ 174.77974323022471, -36.331010171815997 ], [ 174.779736504675839, -36.331731630043784 ], [ 174.779664795728394, -36.332450706467583 ], [ 174.779763711249302, -36.333142713876143 ], [ 174.779815688833594, -36.333835679194905 ], [ 174.77988441473741, -36.334544777819389 ], [ 174.780061959674299, -36.335249478771857 ], [ 174.780249435182043, -36.335963062338642 ], [ 174.780397362480784, -36.336687008381482 ], [ 174.780619248913155, -36.337381090688581 ], [ 174.780782297429084, -36.338074556815336 ], [ 174.781047174081209, -36.338746232236474 ], [ 174.78134353590761, -36.339402888590982 ], [ 174.781583673335859, -36.340108437778539 ], [ 174.781900205311445, -36.340794450713126 ], [ 174.782246456067355, -36.341458469524056 ], [ 174.782562634062771, -36.342126489915451 ], [ 174.782918478037828, -36.342785862396553 ], [ 174.783296943295227, -36.343440983390629 ], [ 174.783670264725316, -36.344098410480271 ], [ 174.784083721745759, -36.344732412435768 ], [ 174.784534664678461, -36.345331349400368 ], [ 174.784988293398726, -36.345939444761875 ], [ 174.785484079983377, -36.346546651317453 ], [ 174.785977853337556, -36.347135120445941 ], [ 174.78651288259627, -36.347694116646906 ], [ 174.787085740304661, -36.348228891621481 ], [ 174.787621051515202, -36.348784499325433 ], [ 174.78824441651625, -36.349283080594681 ], [ 174.788884869458599, -36.349759788169166 ], [ 174.7895140488192, -36.350231894825846 ], [ 174.790247116288555, -36.350622669669505 ], [ 174.791102953096669, -36.350823318910265 ] ] } },
{ "type": "Feature", "properties": { "group_id": "nzd0125" }, "geometry": { "type": "LineString", "coordinates": [ [ 174.81620052803251, -36.358238340302236 ], [ 174.816534663604074, -36.358910318858619 ], [ 174.817001608232403, -36.359529953361083 ], [ 174.817637200851095, -36.360042770875822 ], [ 174.818287372970076, -36.360551253084388 ], [ 174.818969820757673, -36.360991046466452 ], [ 174.819676211385627, -36.361441461626995 ], [ 174.820394095060834, -36.361881321510495 ], [ 174.821133619143467, -36.362294952818722 ], [ 174.821876362878527, -36.362704709117317 ], [ 174.822618415209433, -36.3631077402095 ], [ 174.823414940307686, -36.363445813715749 ], [ 174.82423941766865, -36.363728338945322 ], [ 174.825089941723547, -36.363971845591962 ], [ 174.825896422668791, -36.364258975705724 ], [ 174.826447500114909, -36.364683580307464 ], [ 174.827063732491837, -36.365147050774183 ], [ 174.827753949410635, -36.365645406870009 ], [ 174.828467707393372, -36.366096981807772 ], [ 174.829274703681165, -36.366468123413412 ], [ 174.830098040882689, -36.366804263506872 ], [ 174.830967301252031, -36.367031263192537 ], [ 174.831788570493273, -36.367327040191498 ], [ 174.832683699102688, -36.36745187060616 ], [ 174.833436253495734, -36.367855359378424 ], [ 174.834192624480693, -36.368255583158366 ], [ 174.83493806179257, -36.368672197901837 ] ] } },
{ "type": "Feature", "properties": { "group_id": "nzd0126" }, "geometry": { "type": "LineString", "coordinates": [ [ 174.102840804783938, -36.390982537928316 ], [ 174.101969233443214, -36.391191244640595 ], [ 174.101026065658203, -36.390969695486625 ], [ 174.100163655137862, -36.391233461536174 ], [ 174.099243995941805, -36.391153163672229 ], [ 174.098284227729607, -36.390831761882964 ], [ 174.09743493460789, -36.391174385210988 ], [ 174.096544490772061, -36.391269663586087 ], [ 174.095627087969262, -36.391202872918868 ], [ 174.094738712798062, -36.391310580282443 ], [ 174.093825765168361, -36.391270550078183 ], [ 174.092937110974674, -36.391376575396883 ], [ 174.092042309139742, -36.391445636170694 ], [ 174.091129329484602, -36.391405383523839 ], [ 174.090233427761717, -36.391467818867625 ], [ 174.08933218687352, -36.391498140691475 ], [ 174.088443947668026, -36.391606653785914 ], [ 174.087554916135616, -36.391710403184149 ], [ 174.086645052579343, -36.391688846804051 ], [ 174.085755925624653, -36.391792018184539 ], [ 174.084862692991095, -36.391870492004209 ], [ 174.083942354826831, -36.391785893427816 ], [ 174.083080662125809, -36.392054115044687 ], [ 174.082199588997611, -36.392205747628317 ], [ 174.08131208422455, -36.392318686887286 ], [ 174.080392016154633, -36.392235679841605 ], [ 174.079517140755115, -36.392424614490139 ], [ 174.078621867221074, -36.392490801048908 ], [ 174.077729348100149, -36.392573562264296 ], [ 174.076832874491686, -36.392632521256232 ], [ 174.075942274303515, -36.392726829749193 ], [ 174.075058630185225, -36.392863010616665 ], [ 174.074173021990418, -36.392987373122196 ], [ 174.073292628947229, -36.393143135277128 ], [ 174.072422564226883, -36.393361085741951 ], [ 174.071524560566417, -36.393410835820895 ], [ 174.070643571102636, -36.393563025876198 ], [ 174.069747599458736, -36.393625008280551 ], [ 174.068851396500833, -36.393685594551961 ], [ 174.06793703618564, -36.393636831258867 ], [ 174.067021560505538, -36.393581334621544 ], [ 174.066118331560403, -36.39359958156416 ], [ 174.065205029163735, -36.393557145784882 ], [ 174.064295973337067, -36.393540274225593 ], [ 174.063355767572517, -36.393335745082169 ], [ 174.06244631919202, -36.393316473089847 ], [ 174.061526140542099, -36.393232542234422 ], [ 174.060625590815931, -36.393266855897849 ], [ 174.059695532759321, -36.39312336440139 ], [ 174.05872225333755, -36.392719402520115 ], [ 174.058064865687214, -36.392644327186495 ], [ 174.059255872280204, -36.393041693940006 ], [ 174.060296501234376, -36.393097970599392 ], [ 174.059097725994803, -36.39304012818932 ], [ 174.058184422134815, -36.392752613862783 ], [ 174.057066730177468, -36.392629516859692 ], [ 174.05566584446575, -36.392734222839749 ], [ 174.054609210365868, -36.392561979272273 ], [ 174.053476515704972, -36.39245090944879 ], [ 174.052424329762061, -36.392275065062101 ], [ 174.051300943633095, -36.392156482669705 ], [ 174.050233685584914, -36.391992739525392 ], [ 174.049282506341797, -36.391735615899549 ], [ 174.048408538162789, -36.39141637916687 ], [ 174.047480202843644, -36.39114086574525 ], [ 174.046571942159801, -36.390849197982234 ], [ 174.045756188230314, -36.390483117599317 ], [ 174.044818534373519, -36.390215077664202 ], [ 174.043974223878649, -36.389871953416424 ], [ 174.043102218751301, -36.389551097833774 ], [ 174.042369656294767, -36.389118083611422 ], [ 174.036884682960618, -36.379094577862624 ], [ 174.035054834981452, -36.377414733868186 ], [ 174.03469095655251, -36.376751950164888 ], [ 174.034775611501914, -36.374272027293408 ], [ 174.03369617903445, -36.373908234574543 ], [ 174.034324620220389, -36.372830755188879 ], [ 174.033613138532274, -36.372313196137796 ], [ 174.021520045113505, -36.356118014119204 ], [ 174.020749522935915, -36.355315250470134 ], [ 174.017795139109381, -36.351087872738859 ], [ 174.017761059867269, -36.35035956981698 ], [ 174.017819638023269, -36.349619310516772 ], [ 174.017548296016315, -36.348921593142393 ], [ 174.017338581418016, -36.348215921289018 ], [ 174.017290082158468, -36.347489451635596 ], [ 174.017204364923742, -36.346767775205322 ], [ 174.017138102185157, -36.34604358317582 ], [ 174.016873416529819, -36.345344974560902 ], [ 174.016883307969152, -36.344610948008082 ], [ 174.016851950613926, -36.343882234476119 ], [ 174.016839591224596, -36.343151064087891 ], [ 174.016681376052532, -36.342438698055652 ], [ 174.016530607059394, -36.341725365118755 ], [ 174.016553326380517, -36.340989650726016 ], [ 174.016351262412343, -36.340282920217284 ], [ 174.016265559240082, -36.339561175957137 ], [ 174.015986382737196, -36.338864377558309 ], [ 174.015970061836214, -36.338133671885252 ], [ 174.015940574518964, -36.337404657593495 ], [ 174.01570976807426, -36.336701601258724 ], [ 174.015574797551068, -36.335986178198375 ], [ 174.01550813993768, -36.335261938095179 ], [ 174.015424998634018, -36.334539817316674 ], [ 174.015139742333389, -36.333843757269243 ], [ 174.015079988748425, -36.333118607014704 ], [ 174.015108122198257, -36.332382114990054 ], [ 174.014948532540899, -36.331669827704097 ], [ 174.014864902044394, -36.330947737060065 ], [ 174.014693656631295, -36.330236939933769 ], [ 174.014515919234213, -36.329526973531024 ], [ 174.01444519796695, -36.328803198201328 ], [ 174.014475319784623, -36.328066409904167 ], [ 174.014186543796512, -36.327370745134388 ], [ 174.014041615090036, -36.32665652096523 ], [ 174.013903440651603, -36.32594141909108 ], [ 174.013859594569936, -36.325214144561635 ], [ 174.013743516136088, -36.324496179671335 ], [ 174.013618310398272, -36.323779385412266 ], [ 174.01348905770692, -36.323063106542001 ], [ 174.013414204395076, -36.322339804809701 ], [ 174.013353087267575, -36.32161472479001 ], [ 174.013226487149439, -36.320898084053859 ], [ 174.01310548345711, -36.320180714923524 ], [ 174.013066598293847, -36.319452747618207 ], [ 174.013034174139477, -36.318723940292031 ], [ 174.012853395327596, -36.31801426123068 ], [ 174.012668258510161, -36.317305137686681 ], [ 174.012564413410928, -36.316585522538908 ], [ 174.012514522813746, -36.315858941688504 ], [ 174.012410882396466, -36.315139286945076 ], [ 174.012305086725718, -36.31460998397494 ], [ 174.012235766638469, -36.314066711483335 ] ] } },
{ "type": "Feature", "properties": { "group_id": "nzd0127" }, "geometry": { "type": "LineString", "coordinates": [ [ 174.837207401939281, -36.369109994793888 ], [ 174.838007905107531, -36.369418292405854 ], [ 174.838903747839538, -36.369540870437213 ], [ 174.83979705565369, -36.369667439271112 ], [ 174.840702086364985, -36.369595654149663 ] ] } },
{ "type": "Feature", "properties": { "group_id": "nzd0128" }, "geometry": { "type": "LineString", "coordinates": [ [ 174.766414883660957, -36.445686094276951 ], [ 174.765900029337786, -36.446310538715956 ], [ 174.765441127255059, -36.446969932116538 ], [ 174.765092725946829, -36.447647236646475 ], [ 174.764772768687891, -36.44832426535671 ], [ 174.764517319579284, -36.44902748408137 ], [ 174.764237343451697, -36.449727399198359 ], [ 174.763933188418406, -36.450419291496679 ], [ 174.763751272301619, -36.451125233705888 ], [ 174.763486806489965, -36.451842831843734 ], [ 174.763320644434287, -36.452525538000771 ], [ 174.763238010838734, -36.453223928422041 ], [ 174.763091596124838, -36.45396535042071 ], [ 174.76303484801079, -36.454700100391513 ], [ 174.763191853326958, -36.45543590848618 ], [ 174.763351182733629, -36.456156770292395 ], [ 174.763531547240291, -36.456869311120364 ], [ 174.763810480917954, -36.457559135010499 ] ] } },
{ "type": "Feature", "properties": { "group_id": "nzd0129" }, "geometry": { "type": "LineString", "coordinates": [ [ 174.742666452309152, -36.494303276057423 ], [ 174.741995065552317, -36.494783154573817 ], [ 174.741409385551577, -36.495371008676265 ], [ 174.740796165049574, -36.495936043529341 ], [ 174.740393941939971, -36.496638382418404 ], [ 174.740128840598885, -36.497359615537192 ], [ 174.739906782199, -36.49806569991118 ], [ 174.73981042816024, -36.498787559834319 ] ] } },
{ "type": "Feature", "properties": { "group_id": "nzd0130" }, "geometry": { "type": "LineString", "coordinates": [ [ 174.721460888844319, -36.518441550646905 ], [ 174.720709923928808, -36.51900453842844 ], [ 174.720447564604399, -36.519697614088585 ], [ 174.720180592804212, -36.520391241518062 ], [ 174.720036221255185, -36.521109963803603 ], [ 174.71992898884713, -36.521830351752321 ], [ 174.719729794976928, -36.522544662342867 ], [ 174.719561604619742, -36.523284378878749 ], [ 174.720006969519346, -36.523970668356554 ] ] } },
{ "type": "Feature", "properties": { "group_id": "nzd0131" }, "geometry": { "type": "LineString", "coordinates": [ [ 174.714226260657739, -36.528149417073195 ], [ 174.714021768947219, -36.528863252913915 ], [ 174.713995950100752, -36.52957287578257 ], [ 174.71381664315598, -36.530264390892711 ], [ 174.713572792489089, -36.530965556437849 ], [ 174.713412238232394, -36.531679917948409 ], [ 174.713320817076038, -36.532393794254617 ], [ 174.713253616453414, -36.533119064213828 ], [ 174.713180315984687, -36.533833082844986 ] ] } },
{ "type": "Feature", "properties": { "group_id": "nzd0132" }, "geometry": { "type": "LineString", "coordinates": [ [ 174.29226444750924, -36.635163206754875 ], [ 174.291733385342724, -36.634578667838859 ], [ 174.291225677629114, -36.633983622257233 ], [ 174.29076660682361, -36.633362964059387 ], [ 174.290349728102285, -36.632719820135627 ], [ 174.289931539119607, -36.632077369501879 ], [ 174.289545620913543, -36.631417719272129 ], [ 174.288976710316575, -36.630855567537388 ], [ 174.288488416387622, -36.630249478146098 ], [ 174.288035535423262, -36.629622647946 ], [ 174.287554374233139, -36.629011789882931 ], [ 174.286965673722165, -36.628462044949408 ], [ 174.286528564577878, -36.627828159022542 ], [ 174.286044815818713, -36.627220154408555 ], [ 174.285606555506462, -36.626586898044913 ], [ 174.285129538074273, -36.625975148099172 ], [ 174.284583458789541, -36.6254017244582 ], [ 174.284148012853763, -36.624766892100332 ], [ 174.283688238310532, -36.624145558017176 ], [ 174.283238491591561, -36.623522731162474 ], [ 174.28274361576436, -36.622934297533988 ], [ 174.282229238648341, -36.622350907707535 ], [ 174.281765923088983, -36.621733163272204 ], [ 174.281284200036396, -36.62112462207876 ], [ 174.28082544145505, -36.620504588228371 ], [ 174.280362597358561, -36.619886593195275 ], [ 174.279905880492493, -36.619264061312009 ], [ 174.279486628670526, -36.618619699816151 ], [ 174.27899658432068, -36.618012724125236 ], [ 174.278417128111755, -36.617454787178893 ], [ 174.277857990159248, -36.616886321070425 ], [ 174.27738030387016, -36.616275660619635 ], [ 174.276935556050375, -36.615647934192367 ], [ 174.276488951875791, -36.615021164447526 ], [ 174.276048655511687, -36.614391122578354 ], [ 174.275516686927574, -36.613808559529076 ], [ 174.274978165463949, -36.613229385844832 ], [ 174.274522084147833, -36.612607505704538 ], [ 174.274020826976312, -36.612009020549102 ], [ 174.273511852196407, -36.611412610449911 ], [ 174.273069706913503, -36.610771279663453 ], [ 174.272576006221385, -36.610157264183684 ], [ 174.27206595871013, -36.609563199315296 ], [ 174.271579056222862, -36.608955357135876 ], [ 174.271030559768889, -36.608384163218624 ], [ 174.270514775911039, -36.607793498626016 ], [ 174.269982289337264, -36.607212768888857 ], [ 174.269480689234541, -36.606613655151982 ], [ 174.269053191215619, -36.605970441043908 ], [ 174.268516424636346, -36.605392244988991 ], [ 174.267952257841301, -36.604830349566981 ], [ 174.267475793765101, -36.604216260445128 ], [ 174.266956133920587, -36.603627871428458 ], [ 174.266550346822896, -36.602971715539624 ], [ 174.266035771460537, -36.602391146609605 ], [ 174.265557815016535, -36.60179465697945 ], [ 174.265075721640159, -36.60119005883066 ], [ 174.264485180388562, -36.600640762030778 ], [ 174.264026776166418, -36.600018708431719 ], [ 174.263517134861445, -36.599424860348549 ], [ 174.262946898175528, -36.598864370271201 ], [ 174.262463636081833, -36.598255989014646 ], [ 174.262066599833929, -36.597600128723798 ], [ 174.261470908744144, -36.597053639497851 ], [ 174.260940595654915, -36.596471149671402 ], [ 174.260496782872934, -36.595841029764124 ], [ 174.259909783385098, -36.595289741107742 ], [ 174.259442662861119, -36.594672444730399 ], [ 174.258964787828575, -36.594058704262793 ], [ 174.258449945631412, -36.593458752804658 ], [ 174.258023973439578, -36.592809381019883 ], [ 174.257434014777999, -36.592261846631089 ], [ 174.256948253307144, -36.591653866566908 ], [ 174.25649283732713, -36.591028279600792 ], [ 174.255936032959028, -36.590461500098989 ], [ 174.255501880688655, -36.589823569749647 ], [ 174.25497582873794, -36.58923894283754 ], [ 174.254373812739431, -36.588698375611116 ], [ 174.253841738268562, -36.588117233156318 ], [ 174.253237745415163, -36.587577803504793 ], [ 174.25271478097369, -36.586991367643243 ], [ 174.252222424847531, -36.586387172509554 ], [ 174.2517443744172, -36.585774674644078 ], [ 174.251087682254422, -36.58526231504063 ], [ 174.250717972694758, -36.584578638223974 ], [ 174.250136242818968, -36.584024659441816 ], [ 174.249635058886469, -36.58342488932562 ], [ 174.249231252594882, -36.582766526029303 ], [ 174.248722151777287, -36.582171510427337 ], [ 174.248111727447252, -36.581637453378384 ], [ 174.247680731804081, -36.580995435787166 ], [ 174.24709423402129, -36.580446974206993 ], [ 174.246530310871719, -36.579884925812586 ], [ 174.246060881710463, -36.57926601925994 ], [ 174.245559309253593, -36.578666447829669 ], [ 174.244969426059214, -36.578120005588119 ], [ 174.244420632733522, -36.577558807081871 ], [ 174.243964616046128, -36.576954324374 ], [ 174.24339484321186, -36.576403701632366 ], [ 174.242854759981896, -36.575826399396803 ], [ 174.242310800497904, -36.575251222870293 ], [ 174.241829951496811, -36.574641356366165 ], [ 174.241323294995908, -36.574045668933138 ], [ 174.240801141707465, -36.573458493837769 ], [ 174.240257800300924, -36.572882959003508 ], [ 174.239700982662924, -36.572314825975951 ], [ 174.239355711846116, -36.571630422887985 ], [ 174.238808830825747, -36.571056819510694 ], [ 174.238382750604671, -36.570416819605299 ], [ 174.237787877881402, -36.569860367341235 ], [ 174.23721355642013, -36.569287192894102 ], [ 174.236616485948275, -36.568737845420429 ], [ 174.236099533224632, -36.568147399886058 ], [ 174.235541531801857, -36.567581734938706 ], [ 174.234994085637169, -36.567009692412249 ], [ 174.234542674511346, -36.566379660168032 ], [ 174.234066544982852, -36.565764548323614 ], [ 174.233525842542377, -36.565188420908925 ], [ 174.23297120743166, -36.564620701592943 ], [ 174.232462277833719, -36.564025381164434 ], [ 174.2319783346843, -36.56341496966666 ], [ 174.231518167466163, -36.562790197952665 ], [ 174.230853685096776, -36.562288786447702 ], [ 174.23045979361433, -36.561623989074683 ], [ 174.229876603762165, -36.561073484825627 ], [ 174.229370861549398, -36.56047621365169 ], [ 174.228861309409979, -36.559881238523097 ], [ 174.228430764941095, -36.559238554438608 ], [ 174.227928149017572, -36.558639382475519 ], [ 174.227391263989716, -36.558067552136663 ], [ 174.22689078947954, -36.557475049313915 ], [ 174.226368936361183, -36.556888540194819 ], [ 174.225904850830005, -36.556267283099473 ], [ 174.225413493380614, -36.555662026937298 ], [ 174.224833993916945, -36.555108495361644 ], [ 174.224280430162736, -36.55453973808136 ], [ 174.223761968854745, -36.553950375352272 ], [ 174.22325289566993, -36.553355498449363 ], [ 174.22277290114377, -36.552743551338594 ], [ 174.222280851115585, -36.552138674917664 ], [ 174.22168848911528, -36.551592665386565 ], [ 174.221172152876477, -36.550994917006769 ], [ 174.220762805833232, -36.550328878810511 ], [ 174.220143826812148, -36.549796727431172 ], [ 174.219818973820765, -36.549089057532889 ], [ 174.219302412357365, -36.548498106764875 ], [ 174.218778376512887, -36.547911702516984 ], [ 174.218103102709364, -36.547417376667653 ], [ 174.217648882336846, -36.546788455946306 ], [ 174.217065289745932, -36.546238300364813 ], [ 174.216592655283137, -36.545620582548416 ], [ 174.216099409758897, -36.545015409604652 ], [ 174.215615944756166, -36.544404277323551 ], [ 174.215013226452953, -36.543865749333563 ], [ 174.214448967561651, -36.543303800549218 ], [ 174.213938446102759, -36.542709128885967 ], [ 174.213410181598846, -36.542125255899521 ], [ 174.212853949451727, -36.541558406924686 ], [ 174.212410520342132, -36.540922872423764 ], [ 174.211922644237916, -36.54031439551725 ], [ 174.211352019070375, -36.539756296908998 ], [ 174.210857645918651, -36.539151767124537 ], [ 174.210288471080929, -36.538592776778344 ], [ 174.209864129759978, -36.537951954535288 ], [ 174.209300310091606, -36.53740001163797 ], [ 174.208718749887538, -36.536852074283836 ], [ 174.208228550483312, -36.536245704994705 ], [ 174.207770254972019, -36.535620386956381 ], [ 174.207220986092779, -36.53504908384938 ], [ 174.206671566042104, -36.534477866075527 ], [ 174.206230312941869, -36.533842415097794 ], [ 174.205660817825532, -36.533283108951231 ], [ 174.205256710437226, -36.532625592163086 ], [ 174.204608304194664, -36.532113134158116 ], [ 174.204168700083926, -36.531476686316076 ], [ 174.203585835995739, -36.530925300925098 ], [ 174.203092441825333, -36.530320784443695 ], [ 174.202566467091543, -36.529735609671803 ], [ 174.202090782062669, -36.529120568755566 ], [ 174.201535455909607, -36.528552813851718 ], [ 174.201134336957324, -36.527893487103633 ], [ 174.200571195968934, -36.527330363827339 ], [ 174.199977711644379, -36.52678525380221 ], [ 174.199632729313862, -36.526099058003254 ], [ 174.199151890361151, -36.525494523949327 ], [ 174.198721688350133, -36.524853918110132 ], [ 174.198090769396032, -36.524330200098206 ], [ 174.19756247604397, -36.523746383569744 ], [ 174.197020696962966, -36.523170459343099 ], [ 174.196594986796924, -36.522526564758543 ], [ 174.196046406016677, -36.521954614478837 ], [ 174.195518843879341, -36.521370351939929 ], [ 174.194884050108357, -36.520848875950108 ], [ 174.194475594047475, -36.520194860218304 ], [ 174.193926906666576, -36.519622954497834 ], [ 174.193413719724759, -36.519030256504934 ], [ 174.192883649745795, -36.518447440163037 ], [ 174.192442393424244, -36.51781261317123 ], [ 174.192065494987673, -36.517140095707596 ], [ 174.191562110760401, -36.516541639690068 ], [ 174.190996569732533, -36.515979576266851 ], [ 174.190437442212612, -36.515413752807511 ], [ 174.189967213319562, -36.51479586873441 ], [ 174.189572440382761, -36.514133795452793 ], [ 174.188949826513124, -36.513605134338633 ], [ 174.188509976310712, -36.512969447992553 ], [ 174.188066852437061, -36.512335674045787 ], [ 174.18744731939924, -36.511805195603394 ], [ 174.187028114843741, -36.511157406313245 ], [ 174.186707979769409, -36.510451599919676 ], [ 174.186003079061379, -36.509986160901633 ], [ 174.185438809865673, -36.509472635185254 ], [ 174.185069641322002, -36.508836366605408 ], [ 174.184524679759051, -36.508260819641876 ], [ 174.184045932144642, -36.507649534500018 ], [ 174.183522843840137, -36.507062173862309 ], [ 174.183167974330274, -36.506384026250998 ], [ 174.182539649044315, -36.50585344928777 ], [ 174.18197399039957, -36.505289048345453 ], [ 174.181488568175865, -36.504681341786132 ], [ 174.180996454917107, -36.504077241451824 ], [ 174.18055009895528, -36.503448442701512 ], [ 174.180044751860436, -36.502851474831182 ], [ 174.179493499399655, -36.502279275884057 ], [ 174.179026423329049, -36.501661645001214 ], [ 174.178376184326197, -36.501142856315994 ], [ 174.177822000327922, -36.500572225205879 ], [ 174.177297356250762, -36.49998564773162 ], [ 174.176824778604413, -36.499370967166492 ], [ 174.176320466088868, -36.498773408079629 ], [ 174.175763571114629, -36.498204221162396 ], [ 174.175291605605423, -36.497589196164931 ], [ 174.174834167836451, -36.496966326341777 ], [ 174.174366792051188, -36.496348814991883 ], [ 174.173872554242905, -36.495745795441451 ], [ 174.173365266201984, -36.495149813955209 ], [ 174.172883076258415, -36.494555932713361 ], [ 174.172322515197465, -36.494019926898112 ], [ 174.17177088171627, -36.493462261603078 ], [ 174.171485761958166, -36.492753332044451 ], [ 174.171007415544409, -36.49214208924699 ], [ 174.170496655820727, -36.491547229168425 ], [ 174.170016187617506, -36.490937049361179 ], [ 174.169582967112632, -36.490302977055556 ], [ 174.169116643986968, -36.489685635970979 ], [ 174.168669304770305, -36.489058692041645 ], [ 174.168279802124601, -36.488402501893738 ], [ 174.167819499814527, -36.487782102080381 ], [ 174.167392988064989, -36.487144613315969 ], [ 174.166894792649344, -36.486543361979273 ], [ 174.166581645535871, -36.485967407853828 ], [ 174.166313270872422, -36.485493992738988 ], [ 174.165907045077205, -36.484950466743733 ], [ 174.165606972258473, -36.484269405839896 ], [ 174.16517927996162, -36.483628067560872 ], [ 174.164794559607742, -36.482973346064945 ], [ 174.164403561403901, -36.482320573024168 ], [ 174.164098146605681, -36.481641151665919 ], [ 174.163732146025438, -36.4809805850429 ], [ 174.163373017561867, -36.480317873236466 ], [ 174.163031490846492, -36.479649676056738 ], [ 174.162780139134782, -36.479079917256556 ], [ 174.162591187423203, -36.47862543524046 ], [ 174.162317615671355, -36.478036839846759 ], [ 174.162057959681277, -36.477329435298103 ], [ 174.16183880891441, -36.476619309514646 ], [ 174.161612113061352, -36.475909682471695 ], [ 174.161374741986549, -36.475200763885965 ], [ 174.161256585220343, -36.474483850172291 ], [ 174.161054542130273, -36.473772550739568 ], [ 174.160888483484769, -36.473058833320721 ], [ 174.160703073273083, -36.472346405807244 ], [ 174.160688952013999, -36.471622494281689 ], [ 174.160664382115868, -36.47089927614909 ], [ 174.160639103307346, -36.470176098797417 ], [ 174.160538066644079, -36.469457991027454 ], [ 174.160505524331541, -36.468750526109773 ], [ 174.160454398088518, -36.468061964023413 ], [ 174.160418062301574, -36.467355963842898 ], [ 174.160490082282593, -36.466634126810014 ], [ 174.16053230906499, -36.465912032833167 ], [ 174.16047712507185, -36.46518911403551 ], [ 174.160472719508221, -36.464466614950695 ], [ 174.160458303115519, -36.463744025042793 ], [ 174.160365472149863, -36.463020769696058 ], [ 174.16039849843142, -36.462298564818596 ], [ 174.160399645097499, -36.461576085406456 ], [ 174.160338155197053, -36.460853073036553 ], [ 174.160361039579385, -36.460130924684748 ], [ 174.160395730142312, -36.459409990848641 ], [ 174.160429529614902, -36.458688961587889 ], [ 174.160533513976077, -36.457967716061461 ], [ 174.16054348880607, -36.457245262261317 ], [ 174.160637317945458, -36.45652387347144 ], [ 174.160738732543706, -36.455802574872294 ], [ 174.160879019701582, -36.455081766281069 ], [ 174.160975729146401, -36.454360394014621 ], [ 174.16105559580302, -36.453638799770751 ], [ 174.161221566822945, -36.452918298998526 ], [ 174.161429595349858, -36.452198328690002 ], [ 174.161694945702919, -36.451510757715717 ], [ 174.161841923376357, -36.450934147952331 ], [ 174.162148198015785, -36.450355493743785 ], [ 174.162528830638422, -36.449682500618756 ], [ 174.162822861825788, -36.448994407940518 ], [ 174.163282015739156, -36.448335086661515 ], [ 174.163631255793973, -36.447700695975463 ], [ 174.163677089123752, -36.447731314974831 ], [ 174.163650018428001, -36.447639272754373 ], [ 174.164154853116685, -36.446998399797003 ] ] } },
{ "type": "Feature", "properties": { "group_id": "nzd0133" }, "geometry": { "type": "LineString", "coordinates": [ [ 174.710055679166942, -36.543357182350974 ], [ 174.709142247487279, -36.543929908327364 ], [ 174.708869358320641, -36.544581362121967 ], [ 174.708589995723855, -36.545229421901531 ], [ 174.708286290722071, -36.545917676506257 ], [ 174.708012199789124, -36.546645339282975 ], [ 174.708151875609815, -36.547408121414399 ] ] } },
{ "type": "Feature", "properties": { "group_id": "nzd0134" }, "geometry": { "type": "LineString", "coordinates": [ [ 174.709449977191809, -36.551734099854116 ], [ 174.70963277124315, -36.552452207909703 ], [ 174.709762223357217, -36.553172472477577 ], [ 174.709801711066007, -36.553910337796481 ] ] } },
{ "type": "Feature", "properties": { "group_id": "nzd0135" }, "geometry": { "type": "LineString", "coordinates": [ [ 174.707292418352012, -36.556165269475791 ], [ 174.706986995613448, -36.556870207550858 ], [ 174.707047442192192, -36.557621316073124 ], [ 174.707260992937108, -36.558334197521006 ], [ 174.707486982844472, -36.559037055413938 ], [ 174.707695090445412, -36.559739700234751 ], [ 174.70795871866045, -36.560426314264348 ] ] } },
{ "type": "Feature", "properties": { "group_id": "nzd0137" }, "geometry": { "type": "LineString", "coordinates": [ [ 174.697493036028646, -36.56193359752973 ], [ 174.697152976239494, -36.56260244862613 ], [ 174.695924739938761, -36.563045854732444 ], [ 174.695697993265981, -36.563721610426775 ], [ 174.695290710271507, -36.564326388177037 ], [ 174.694933931008705, -36.565016533711642 ], [ 174.694747277930077, -36.565756208155115 ], [ 174.694493882210111, -36.566459360842572 ], [ 174.694442504102341, -36.567201127288676 ], [ 174.694515305270073, -36.567934980512455 ], [ 174.694515764206528, -36.568656449987508 ], [ 174.694652374738553, -36.56936289895836 ], [ 174.694808500919208, -36.5700548655945 ] ] } },
{ "type": "Feature", "properties": { "group_id": "nzd0138" }, "geometry": { "type": "LineString", "coordinates": [ [ 174.692097239869838, -36.57472828860157 ], [ 174.692289060221412, -36.575438040294095 ], [ 174.692493330576042, -36.576144359555222 ], [ 174.69282463995134, -36.576804049515083 ], [ 174.693108718002662, -36.577470165713535 ], [ 174.693272135072192, -36.578175769383222 ], [ 174.693654528224783, -36.578839067501235 ], [ 174.69391079421527, -36.579562354906528 ], [ 174.694111119243559, -36.580310650698934 ], [ 174.69446086800059, -36.580975341361864 ], [ 174.694700152050757, -36.581677085519082 ], [ 174.694924439373864, -36.582367210861726 ], [ 174.695140446913399, -36.58305269878776 ], [ 174.695622041080554, -36.583675693482526 ], [ 174.695881037697148, -36.584367710103777 ], [ 174.696141549539846, -36.585074673337679 ], [ 174.696551701883152, -36.585744119999866 ], [ 174.696901094197301, -36.586418490251539 ], [ 174.697267072446181, -36.58707716932355 ], [ 174.697491901342232, -36.587785769960881 ], [ 174.697847171927975, -36.588448262346276 ], [ 174.698235612755269, -36.589099828533733 ], [ 174.698533500663871, -36.589783508849074 ], [ 174.698947061511177, -36.590425232001166 ], [ 174.69923079122529, -36.591113120596447 ], [ 174.699545254427477, -36.591790073842624 ], [ 174.699842436933494, -36.592491121090312 ], [ 174.700084607801614, -36.593229258000534 ], [ 174.70048047490755, -36.593889740407981 ], [ 174.700858291235619, -36.594544662918921 ], [ 174.70120414213406, -36.59539831723302 ], [ 174.701451838123518, -36.59641190922499 ] ] } },
{ "type": "Feature", "properties": { "group_id": "nzd0139" }, "geometry": { "type": "LineString", "coordinates": [ [ 175.524667675855369, -36.588593408659158 ], [ 175.523913996122957, -36.589013227654675 ], [ 175.523195467282278, -36.589503961848557 ], [ 175.522673666391626, -36.59015047889956 ], [ 175.522433237299538, -36.590895747122417 ] ] } },
{ "type": "Feature", "properties": { "group_id": "nzd0141" }, "geometry": { "type": "LineString", "coordinates": [ [ 174.707877407365032, -36.601928529320972 ], [ 174.708303787318783, -36.602566674761903 ], [ 174.708724751438098, -36.603225192505171 ], [ 174.709259508625735, -36.603861531442618 ], [ 174.709739855978029, -36.604498281757913 ], [ 174.710125575218512, -36.605154138204206 ], [ 174.710640783928426, -36.605748680489974 ], [ 174.711175337390273, -36.606364613655941 ], [ 174.711720958110106, -36.60697420259249 ], [ 174.712218605676867, -36.60758026973744 ] ] } },
{ "type": "Feature", "properties": { "group_id": "nzd0142" }, "geometry": { "type": "LineString", "coordinates": [ [ 175.564748893918249, -36.613637535539674 ], [ 175.565428646295345, -36.614140319669637 ], [ 175.566200512926173, -36.614506085399654 ], [ 175.567019860176146, -36.614792261285331 ], [ 175.567904582908113, -36.614895151895695 ] ] } },
{ "type": "Feature", "properties": { "group_id": "nzd0143" }, "geometry": { "type": "LineString", "coordinates": [ [ 174.830147067495346, -36.615994711489755 ], [ 174.82936928576072, -36.615571316856474 ], [ 174.828612502970913, -36.615122015819189 ], [ 174.827821527083614, -36.614685750247858 ], [ 174.826959892781957, -36.614432226773481 ], [ 174.826083431405067, -36.614256956249761 ], [ 174.825160053009085, -36.614098073422056 ], [ 174.824217407379933, -36.614026837165973 ], [ 174.823300213903565, -36.614054801808059 ], [ 174.822383866227767, -36.6140928389338 ], [ 174.821474261812682, -36.614248896528011 ], [ 174.820580715866413, -36.61447752321795 ], [ 174.819748702960482, -36.614782436980263 ] ] } },
{ "type": "Feature", "properties": { "group_id": "nzd0144" }, "geometry": { "type": "LineString", "coordinates": [ [ 174.766042491106163, -36.622313804208126 ], [ 174.76682589743416, -36.621956542463607 ], [ 174.767620582126426, -36.621592758830019 ], [ 174.76837424332345, -36.621174993734904 ], [ 174.769071523971803, -36.62070952387505 ], [ 174.769717558668646, -36.620194260400851 ], [ 174.770351814631283, -36.61965496417946 ], [ 174.77085806046253, -36.619039485717906 ], [ 174.7713945405348, -36.618454783375718 ] ] } },
{ "type": "Feature", "properties": { "group_id": "nzd0145" }, "geometry": { "type": "LineString", "coordinates": [ [ 174.72550996925699, -36.616171215302849 ], [ 174.726061916079345, -36.616744837234926 ], [ 174.726672390656319, -36.617274496207848 ], [ 174.727310237413633, -36.617783502072015 ], [ 174.727934645786718, -36.618306981578549 ], [ 174.728624272350743, -36.618769773978947 ], [ 174.729252578308007, -36.619291290808548 ], [ 174.72989411667831, -36.619801671607235 ], [ 174.73058948788622, -36.620258033564156 ], [ 174.73123678057587, -36.620762434432926 ], [ 174.731944919491269, -36.621211732776722 ], [ 174.732651051059889, -36.621661969935126 ], [ 174.733403852747983, -36.622067639775224 ], [ 174.734163103669886, -36.622467006698436 ], [ 174.734880734902816, -36.62292018758383 ], [ 174.735669009073661, -36.623288296628047 ], [ 174.736525378450608, -36.623548877927412 ], [ 174.737383814005341, -36.623801686097444 ], [ 174.738254456395197, -36.624029821948518 ], [ 174.739138295546184, -36.624199457748432 ], [ 174.74003806862828, -36.624322847381208 ], [ 174.740960827375886, -36.624330361498934 ], [ 174.741861787432242, -36.624268753697017 ] ] } },
{ "type": "Feature", "properties": { "group_id": "nzd0146" }, "geometry": { "type": "LineString", "coordinates": [ [ 174.77599489417301, -36.623434419013705 ], [ 174.775086608651748, -36.623598267339155 ], [ 174.774171985733602, -36.623769543901382 ], [ 174.773304345989089, -36.624043541192748 ], [ 174.772505675045295, -36.624428680427989 ], [ 174.771722697852397, -36.624857422527462 ], [ 174.771081885515059, -36.625395068014889 ] ] } },
{ "type": "Feature", "properties": { "group_id": "nzd0147" }, "geometry": { "type": "LineString", "coordinates": [ [ 174.753509999677078, -36.62751302800298 ], [ 174.75441276134535, -36.62757276692701 ], [ 174.755303643904654, -36.627657531549907 ], [ 174.756179643102712, -36.627767393408867 ], [ 174.75707063234438, -36.627845507174506 ], [ 174.75796511860608, -36.627930397065398 ], [ 174.758864206431667, -36.627894135389859 ], [ 174.759749376624683, -36.627841980416278 ], [ 174.760601101741258, -36.627708942843007 ], [ 174.761458305615776, -36.627576023988944 ], [ 174.762287466007336, -36.62732939053506 ], [ 174.763087575858066, -36.627006449191541 ], [ 174.763862557184865, -36.626639644336471 ], [ 174.764662310021663, -36.626297152266588 ], [ 174.765423350731993, -36.625906896003556 ] ] } },
{ "type": "Feature", "properties": { "group_id": "nzd0148" }, "geometry": { "type": "LineString", "coordinates": [ [ 174.750626229664107, -36.63894053227714 ], [ 174.749924058980611, -36.639422375521519 ], [ 174.749139081955065, -36.639837634041342 ], [ 174.748358036628076, -36.640258486503761 ], [ 174.747728903443999, -36.640774193866363 ], [ 174.747083983401154, -36.64129385570866 ], [ 174.746379978282505, -36.641775125241807 ] ] } },
{ "type": "Feature", "properties": { "group_id": "nzd0149" }, "geometry": { "type": "LineString", "coordinates": [ [ 174.747278819768951, -36.671350433486374 ], [ 174.747117445092783, -36.672061315707246 ], [ 174.746995312120958, -36.672802978435804 ], [ 174.747142093111592, -36.673531687903193 ], [ 174.747309074790337, -36.674247471446726 ], [ 174.747618347534683, -36.674932096061376 ] ] } },
{ "type": "Feature", "properties": { "group_id": "nzd0151" }, "geometry": { "type": "LineString", "coordinates": [ [ 174.748555348905342, -36.680221136841091 ], [ 174.748570454877608, -36.681009264853586 ], [ 174.749034885979654, -36.681597591926263 ], [ 174.749488374490994, -36.682192823263861 ], [ 174.749633667838197, -36.682884812121493 ], [ 174.749991598495171, -36.683568604095299 ], [ 174.750250985995535, -36.684265425807318 ], [ 174.750605373569158, -36.684929018735986 ], [ 174.750898011031637, -36.685610064504047 ], [ 174.751207729461385, -36.686293489257324 ], [ 174.751498797831687, -36.686989000150326 ], [ 174.751817440145146, -36.687669450527096 ], [ 174.752139022812543, -36.688344982482775 ] ] } },
{ "type": "Feature", "properties": { "group_id": "nzd0152" }, "geometry": { "type": "LineString", "coordinates": [ [ 175.604063878248752, -36.693638518265679 ], [ 175.60420262707305, -36.694358965935955 ], [ 175.604491025138287, -36.695074492109306 ], [ 175.604859423118029, -36.695764441911088 ], [ 175.605342456432282, -36.696384583442935 ], [ 175.605839228531153, -36.696995921767972 ], [ 175.606377916788006, -36.697581741164754 ], [ 175.606930350300956, -36.698161771338704 ], [ 175.607525021419434, -36.698720567960279 ], [ 175.608142767426358, -36.699250607288498 ], [ 175.60882561499804, -36.699731182679493 ], [ 175.609575197352513, -36.700176736728608 ], [ 175.610397538732173, -36.700516944221498 ] ] } },
{ "type": "Feature", "properties": { "group_id": "nzd0153" }, "geometry": { "type": "LineString", "coordinates": [ [ 175.744869150782108, -36.706976181425468 ], [ 175.74570654026067, -36.707240089934089 ], [ 175.746578883309098, -36.707447855438154 ], [ 175.747458448480558, -36.707540293544191 ], [ 175.748331790973964, -36.707591498246899 ], [ 175.749225875170225, -36.707665032854159 ], [ 175.750111871284275, -36.707634590320602 ], [ 175.750970709885337, -36.707592743125169 ], [ 175.751854322819895, -36.707537082844098 ], [ 175.752756732735378, -36.707497723273654 ], [ 175.753646495792822, -36.707391717484725 ], [ 175.754539864591834, -36.707306233865985 ], [ 175.755436427841175, -36.707244455614976 ], [ 175.756333277470276, -36.707180971425004 ], [ 175.75722392655652, -36.707075361775935 ], [ 175.758126507519535, -36.707066424070085 ], [ 175.759021310114974, -36.707004183376014 ], [ 175.759894702248658, -36.706871197285388 ], [ 175.760747056384588, -36.706699821610599 ], [ 175.761605489563806, -36.706497582580859 ], [ 175.762505646620582, -36.706394624509528 ], [ 175.763387191503881, -36.706237062553647 ], [ 175.76424861040752, -36.70603121656184 ], [ 175.765099544955291, -36.705796770563722 ], [ 175.765930565140565, -36.705520691187026 ], [ 175.766731679358202, -36.705191593100807 ], [ 175.767551234180502, -36.704896907186679 ] ] } },
{ "type": "Feature", "properties": { "group_id": "nzd0154" }, "geometry": { "type": "LineString", "coordinates": [ [ 175.608549353309428, -36.707103171939529 ], [ 175.609251593065807, -36.707583404885227 ], [ 175.60980976694745, -36.708148182995032 ], [ 175.610403868597416, -36.708691871021209 ], [ 175.610989399556786, -36.709264340861345 ], [ 175.611563673576285, -36.709859146074081 ], [ 175.612163195605888, -36.710413426402759 ], [ 175.612788706496332, -36.710930629637275 ], [ 175.613471799209321, -36.711425132944377 ], [ 175.614171534553492, -36.711926862863542 ], [ 175.614886677370549, -36.712393471275867 ], [ 175.61558745793451, -36.712849573973259 ], [ 175.616333563693559, -36.71327882475304 ], [ 175.617060665833094, -36.713722859674021 ], [ 175.617802104221568, -36.714129237569779 ], [ 175.618578448363508, -36.714519804730848 ], [ 175.619349272718608, -36.714919470670175 ], [ 175.620106779987623, -36.71531055524278 ], [ 175.62089313893739, -36.715682161904809 ], [ 175.621694903316609, -36.716035403566728 ], [ 175.62251236837281, -36.716335913102121 ] ] } },
{ "type": "Feature", "properties": { "group_id": "nzd0155" }, "geometry": { "type": "LineString", "coordinates": [ [ 174.750335360852915, -36.711293174475948 ], [ 174.750102978790949, -36.712018406398023 ], [ 174.749871738898207, -36.712774047462524 ], [ 174.749726998392333, -36.713562892633384 ], [ 174.749738015504704, -36.714334504653173 ], [ 174.749749800758366, -36.715073074886917 ], [ 174.749793567339935, -36.715821683753816 ], [ 174.74961667856229, -36.716628879987297 ], [ 174.749584642576281, -36.717394028039031 ] ] } },
{ "type": "Feature", "properties": { "group_id": "nzd0156" }, "geometry": { "type": "LineString", "coordinates": [ [ 175.788803769100042, -36.701143542641738 ], [ 175.788729478194199, -36.701861191877292 ], [ 175.788751200656179, -36.702584806670416 ], [ 175.788890101673843, -36.703376279065857 ], [ 175.789123057604058, -36.704141659554352 ], [ 175.78929516501131, -36.704871052879234 ], [ 175.789550164440044, -36.705571040933272 ], [ 175.789911529554672, -36.706259390561492 ], [ 175.790305742670512, -36.706926806751262 ], [ 175.790706034411983, -36.707571500738673 ], [ 175.791086048705154, -36.708223920043167 ], [ 175.791482680254859, -36.70886999831739 ], [ 175.791855508339665, -36.70952514621213 ], [ 175.792279803943359, -36.710162336417994 ], [ 175.792643849872434, -36.71082366377393 ], [ 175.793060423487617, -36.711462648550551 ], [ 175.793414431380427, -36.712125556898485 ], [ 175.793870476655229, -36.712771543897354 ], [ 175.794428996724577, -36.7133626203318 ], [ 175.794913858759173, -36.713972327515293 ], [ 175.795437119539685, -36.714557717318115 ], [ 175.795900354524179, -36.715183731872699 ], [ 175.796446680830343, -36.71576449142367 ], [ 175.796996239824125, -36.716339510108547 ], [ 175.797599521312009, -36.71687707048531 ], [ 175.798198762532394, -36.717431610144033 ], [ 175.798857373494712, -36.717938213373152 ], [ 175.799530938331458, -36.718415890336395 ], [ 175.800224076440941, -36.71888963762963 ], [ 175.800946581453616, -36.719333133174374 ], [ 175.801652035134481, -36.719794073557779 ], [ 175.802319133124712, -36.720300066849859 ], [ 175.803149309042254, -36.72066039930408 ], [ 175.804058067542115, -36.720856844352056 ], [ 175.804918262411007, -36.721063968232087 ], [ 175.805773114300592, -36.721285796668042 ], [ 175.806614000378602, -36.721571271433675 ], [ 175.807529002142871, -36.721686191123482 ], [ 175.808434912742911, -36.721812812600113 ], [ 175.809334982737482, -36.721833336498229 ], [ 175.810233766932782, -36.721936141142706 ], [ 175.811157085130191, -36.721912709201099 ], [ 175.812070702904151, -36.721817084180408 ], [ 175.812986993219994, -36.721820864188643 ], [ 175.813909456465382, -36.721746007303018 ], [ 175.814768304627734, -36.721450857437986 ], [ 175.815622317681317, -36.721206236150927 ], [ 175.816472242312159, -36.720911214110153 ], [ 175.817259899434816, -36.720535551590181 ] ] } },
{ "type": "Feature", "properties": { "group_id": "nzd0157" }, "geometry": { "type": "LineString", "coordinates": [ [ 175.717155227173606, -36.723966505555097 ], [ 175.718053953120403, -36.723909161329722 ], [ 175.718946380491587, -36.723807073112511 ], [ 175.719831541997365, -36.723663078342341 ], [ 175.720699567325312, -36.723464552059816 ], [ 175.721562133578146, -36.72326476928454 ], [ 175.722445159968032, -36.723119897357392 ], [ 175.723276479119335, -36.722839768100293 ], [ 175.724132806871154, -36.722604009616674 ], [ 175.72496240902322, -36.722311823414998 ], [ 175.725787275309216, -36.722000420655341 ], [ 175.726526296923737, -36.721575108943682 ], [ 175.727300006247589, -36.721173412296473 ], [ 175.728185126153363, -36.720763487078145 ], [ 175.72874013878274, -36.720086659513285 ] ] } },
{ "type": "Feature", "properties": { "group_id": "nzd0158" }, "geometry": { "type": "LineString", "coordinates": [ [ 175.702116669897464, -36.72680996529462 ], [ 175.703013799576127, -36.726763329795887 ], [ 175.70390666865552, -36.726689449337997 ], [ 175.704810264677036, -36.726684190616986 ], [ 175.705714774568548, -36.726662024797591 ], [ 175.706630735698894, -36.726684288646638 ], [ 175.707525396653892, -36.726575643073161 ], [ 175.708393157381778, -36.726360143884477 ], [ 175.709279953033814, -36.726253800584836 ], [ 175.710139401297596, -36.726055996662133 ] ] } },
{ "type": "Feature", "properties": { "group_id": "nzd0159" }, "geometry": { "type": "LineString", "coordinates": [ [ 175.635075203151729, -36.726195279029398 ], [ 175.635837390283626, -36.725779497570926 ], [ 175.636614594789307, -36.725394753971088 ], [ 175.637337817835146, -36.725301218649079 ], [ 175.637889260710381, -36.725150435767418 ], [ 175.638704748455666, -36.724975046664945 ], [ 175.639625908189231, -36.724869281910095 ], [ 175.640525333344186, -36.724905161371986 ], [ 175.641434848472329, -36.724875264781758 ], [ 175.642330864213335, -36.724918073442446 ], [ 175.643175304912091, -36.725131195368547 ], [ 175.6440314786405, -36.725287153560913 ], [ 175.644928933462239, -36.725384912088749 ], [ 175.645760793848638, -36.725676956511165 ], [ 175.646601589693319, -36.725942536715046 ], [ 175.647477105499661, -36.726105274437025 ], [ 175.64835807987717, -36.726251840687347 ], [ 175.649241753031845, -36.726390409591325 ], [ 175.650128090489659, -36.726532224573781 ], [ 175.65098933159058, -36.726782245429632 ], [ 175.651866889004197, -36.726947606615319 ], [ 175.652764683473379, -36.727008678439603 ], [ 175.653640300495169, -36.72717689164817 ], [ 175.654528761527047, -36.727283051388561 ], [ 175.655415891507431, -36.727395640333441 ], [ 175.6563184175169, -36.727433836251727 ], [ 175.657191687426973, -36.727613391777531 ], [ 175.658064705762371, -36.727794166169623 ], [ 175.658966619871848, -36.727842960317979 ], [ 175.659851312561301, -36.727986212986274 ], [ 175.660741109390273, -36.728085701638413 ], [ 175.661629568600745, -36.728193553095558 ], [ 175.662524931076121, -36.728255244633687 ], [ 175.663416658803385, -36.728341238330046 ], [ 175.664288432687783, -36.728560671150831 ], [ 175.665190992971191, -36.728574222830595 ], [ 175.666085954853145, -36.728638584862736 ], [ 175.666976801694148, -36.728730466642965 ], [ 175.66787480735178, -36.728774463572456 ], [ 175.668772166023842, -36.728813354204966 ], [ 175.669656610466234, -36.728958019475101 ], [ 175.670552991725827, -36.729010544260966 ], [ 175.671448278126121, -36.72907861755894 ], [ 175.672346520460508, -36.729093030244854 ], [ 175.673240537527732, -36.729184157651403 ], [ 175.674138751709108, -36.72920246053144 ], [ 175.675036435328337, -36.729271044592004 ], [ 175.675937806648022, -36.729319703929441 ], [ 175.676837295230371, -36.729371610419776 ] ] } },
{ "type": "Feature", "properties": { "group_id": "nzd0160" }, "geometry": { "type": "LineString", "coordinates": [ [ 175.686021953396107, -36.727675049942 ], [ 175.686918461960261, -36.727721410863104 ], [ 175.687803636858632, -36.727760504728657 ], [ 175.688686236151653, -36.727747013981272 ], [ 175.689588735837788, -36.727792379881265 ], [ 175.690489002092278, -36.727835814149238 ], [ 175.691379605195976, -36.727799435629592 ], [ 175.692277165514668, -36.72779897407522 ] ] } },
{ "type": "Feature", "properties": { "group_id": "nzd0161" }, "geometry": { "type": "LineString", "coordinates": [ [ 174.426347327856149, -36.830149698179547 ], [ 174.426218807052805, -36.82943801843745 ], [ 174.426190497607195, -36.828715982379144 ], [ 174.425930883576711, -36.828009929589754 ], [ 174.425748855243825, -36.827281699716622 ], [ 174.425521722918234, -36.826568264048518 ], [ 174.425300345524334, -36.825871225261892 ], [ 174.42487436554012, -36.825215583595281 ], [ 174.424586657725484, -36.824522930639453 ], [ 174.424233677865715, -36.823852939892824 ], [ 174.423871205311997, -36.823194961974735 ], [ 174.423476614903564, -36.822544131209582 ], [ 174.423112746647519, -36.821881429109368 ], [ 174.42273931257165, -36.821225802704625 ], [ 174.422357217094316, -36.820574582196606 ], [ 174.421839329866231, -36.819978937071653 ], [ 174.421407803526876, -36.819347938276962 ], [ 174.421054266923733, -36.81868501215699 ], [ 174.42070381411412, -36.8180208170321 ], [ 174.42034510581837, -36.817359994658688 ], [ 174.420014702347487, -36.816687582050669 ], [ 174.41956425035923, -36.816064558730119 ], [ 174.419171801689345, -36.815418019104591 ], [ 174.418782824854134, -36.814769835062059 ], [ 174.418418341948382, -36.814111528736007 ], [ 174.41807191841724, -36.813445899907343 ], [ 174.417674372688964, -36.812800978505429 ], [ 174.417284326477528, -36.812157923317471 ], [ 174.417006067220257, -36.811494266908788 ], [ 174.416682202314036, -36.810842152619408 ], [ 174.416320711051213, -36.810181399122278 ], [ 174.415914335313659, -36.809533147246732 ], [ 174.415607664445361, -36.808853509485331 ], [ 174.415079591519913, -36.808254086279483 ], [ 174.414783000281233, -36.807551601909744 ], [ 174.414465043539053, -36.80685551758549 ], [ 174.413791395920782, -36.806352068779603 ], [ 174.413352772711562, -36.805730102410806 ], [ 174.412968460595209, -36.805095120780621 ], [ 174.412671954588404, -36.804416826436984 ], [ 174.41224742373339, -36.803782704408825 ], [ 174.41186969531762, -36.803129749527187 ], [ 174.41145174198715, -36.802492970655784 ], [ 174.4110207009916, -36.801860895868941 ], [ 174.410556313769803, -36.801240275225773 ], [ 174.410131165980033, -36.80060443481667 ], [ 174.409743612025352, -36.7999547985399 ], [ 174.409281457988982, -36.79933696299495 ], [ 174.408814512545462, -36.798721164978986 ], [ 174.408379101415733, -36.798091916876245 ], [ 174.407967380972082, -36.797451816928977 ], [ 174.407584902991175, -36.796797020998277 ], [ 174.407141074874914, -36.796169877493654 ], [ 174.406777131327686, -36.795507560405561 ], [ 174.406411307636318, -36.794846107154072 ], [ 174.405971372836603, -36.794218907099705 ], [ 174.405538578995589, -36.793588400948863 ], [ 174.405121288735273, -36.792953024909288 ], [ 174.404723980776083, -36.792314674261839 ], [ 174.404310290326833, -36.791681561041393 ], [ 174.403914100356019, -36.791035704170511 ], [ 174.403496883720919, -36.790398650533163 ], [ 174.40306443498946, -36.789767972660094 ], [ 174.402682940059748, -36.789115943556162 ], [ 174.402252858852904, -36.788484263162857 ], [ 174.401877412941815, -36.787829689202333 ], [ 174.401481195297919, -36.787183811704104 ], [ 174.401087912486759, -36.786537699377952 ], [ 174.40058025648915, -36.785940388843535 ], [ 174.400106215813452, -36.785327552545873 ], [ 174.399725005841645, -36.784675779490073 ], [ 174.39929145818391, -36.784045197713823 ], [ 174.398921430886531, -36.783388884800985 ], [ 174.398545914106251, -36.782734122357638 ], [ 174.398201934718486, -36.782063013093975 ], [ 174.397756741625528, -36.781434608316637 ], [ 174.397390388873447, -36.780775450608537 ], [ 174.397067416175901, -36.780097550225165 ], [ 174.396575722764652, -36.779492520618938 ], [ 174.396117033874077, -36.778873229977606 ], [ 174.395730518287763, -36.778222759982569 ], [ 174.395373728830094, -36.777559444890407 ], [ 174.394847642056931, -36.776967378277824 ], [ 174.394367810666665, -36.776354342283902 ], [ 174.393918591070559, -36.775729605998812 ], [ 174.393471690023603, -36.775105472295763 ], [ 174.392964513925904, -36.774508967567343 ], [ 174.3925742476371, -36.773858858417576 ], [ 174.392151473643708, -36.773223647804173 ], [ 174.391674949133375, -36.77261307494323 ], [ 174.391306119990958, -36.771953121986513 ], [ 174.390941229498338, -36.771291358001307 ], [ 174.39045082249973, -36.770687134467224 ], [ 174.39007057315817, -36.770032401694486 ], [ 174.389618673659925, -36.769410513306561 ], [ 174.389199466365142, -36.768773631303276 ], [ 174.388780174306362, -36.768136782992798 ], [ 174.388255936961855, -36.767548088337634 ], [ 174.387859591361632, -36.766901162269164 ], [ 174.387399877351697, -36.766283178914399 ], [ 174.387050153752455, -36.765614694571511 ], [ 174.386566369268735, -36.765007275069536 ], [ 174.386146113646873, -36.764370910479926 ], [ 174.385780492908737, -36.763709652259919 ], [ 174.385298856270026, -36.763101238902053 ], [ 174.384783251136696, -36.762508294435619 ], [ 174.384314496713955, -36.761894002388445 ], [ 174.383924989682555, -36.761243604725458 ], [ 174.383455571808241, -36.760629604608084 ], [ 174.383023050107909, -36.759998791579484 ], [ 174.382657461792064, -36.759337482330977 ], [ 174.382219076014678, -36.758709330282706 ], [ 174.381805796223489, -36.758069736174008 ], [ 174.381336346787521, -36.757455724687219 ], [ 174.380885791596825, -36.756833100872292 ], [ 174.380476853066511, -36.756191513618475 ], [ 174.380080580277053, -36.755544151331257 ], [ 174.379665816389405, -36.754905207401286 ], [ 174.379068209778922, -36.754349551733334 ], [ 174.378707687948918, -36.753685887761556 ], [ 174.378223375553148, -36.753078611003353 ], [ 174.377838523141065, -36.752426020354541 ], [ 174.377363963850627, -36.751814290304075 ], [ 174.376925143928162, -36.751186274100895 ], [ 174.376497556658251, -36.750553135714959 ], [ 174.376063737561196, -36.749922831062406 ], [ 174.375645729626711, -36.749285318470896 ], [ 174.375225343014961, -36.748648884304252 ], [ 174.374784597445171, -36.748021413129543 ], [ 174.374337178338266, -36.747396631452546 ], [ 174.373852898948087, -36.746789109903041 ], [ 174.373412333806328, -36.746161824706839 ], [ 174.372944525765803, -36.745547067997563 ], [ 174.372480395815359, -36.744930613985488 ], [ 174.372009258292678, -36.744317378815637 ], [ 174.371621253988479, -36.743665891433395 ], [ 174.371176011392805, -36.743040732519248 ], [ 174.370736494645655, -36.742412934173274 ], [ 174.3703214266624, -36.741773882503793 ], [ 174.369925623364509, -36.741125962510338 ], [ 174.369455812977463, -36.740512086009851 ], [ 174.369031737816812, -36.739877162830943 ], [ 174.3685277265146, -36.739279011005507 ], [ 174.368093647489019, -36.738648680081766 ], [ 174.367670727623903, -36.738013209974298 ], [ 174.36723172852453, -36.737385132359833 ], [ 174.366784713446719, -36.736760737557489 ], [ 174.366364217726442, -36.736124136718814 ], [ 174.365938282336089, -36.735490033384039 ], [ 174.365512546938874, -36.734855832885245 ], [ 174.365049239055935, -36.734238913474691 ], [ 174.364595485894569, -36.73361759303021 ], [ 174.364095778432414, -36.733017409971382 ], [ 174.363662408679318, -36.732386701341234 ], [ 174.363239600761858, -36.73175112830242 ], [ 174.362755585373691, -36.731143710318484 ], [ 174.362350469102324, -36.730498931988045 ], [ 174.361870061531505, -36.729888567273903 ], [ 174.361356497458445, -36.729295475828984 ], [ 174.360880181829458, -36.728684990694006 ], [ 174.360435268016801, -36.728059287527223 ], [ 174.359995091002702, -36.727431284534205 ], [ 174.359486975962085, -36.726836190073797 ], [ 174.359111400800884, -36.726176879743399 ], [ 174.358642775154777, -36.725562644075893 ], [ 174.358234483452492, -36.724919173651969 ], [ 174.357875598349978, -36.724251762236726 ], [ 174.357439125159118, -36.723621934678022 ], [ 174.356934047887648, -36.723025338654466 ], [ 174.356551418057762, -36.722369415610594 ], [ 174.35609372068771, -36.721749855472844 ], [ 174.355607419026057, -36.721144148266134 ], [ 174.355191996904438, -36.720504096996322 ], [ 174.354728459831847, -36.719887351007308 ], [ 174.354282016166451, -36.719262318740988 ], [ 174.353888300304476, -36.71861173626877 ], [ 174.353495493427829, -36.717960708309633 ], [ 174.353064914722921, -36.717327974767791 ], [ 174.352534394717736, -36.716743655279146 ], [ 174.352064890366904, -36.716129770243278 ], [ 174.351620422524149, -36.715503750644615 ], [ 174.351177445048933, -36.714877003982522 ], [ 174.350774929099941, -36.714230649639447 ], [ 174.350348770965525, -36.713595744325985 ], [ 174.349896363174452, -36.712973551360598 ], [ 174.349512719400792, -36.71231944595911 ], [ 174.349031427010374, -36.711717889246259 ], [ 174.34860455334541, -36.711089286419593 ], [ 174.348112943885212, -36.71048515282444 ], [ 174.347615634225292, -36.709883631307754 ], [ 174.347214672845979, -36.70923786685244 ], [ 174.346750374621649, -36.708621178051679 ], [ 174.346289704423782, -36.708002818329355 ], [ 174.345783408795768, -36.707405402178523 ], [ 174.34534250656597, -36.706777955832557 ], [ 174.344904084025217, -36.706149365807782 ], [ 174.344411498317669, -36.705545639433694 ], [ 174.343963343982438, -36.704921507460405 ], [ 174.343547919030584, -36.704282342777837 ], [ 174.343097849667743, -36.703659079803671 ], [ 174.342706685348361, -36.703008765596948 ], [ 174.342270641878656, -36.70237905237623 ], [ 174.341831168097343, -36.701750909034715 ], [ 174.341311529831557, -36.701159567958108 ], [ 174.340823405929115, -36.700553751976024 ], [ 174.340409549471161, -36.699913831113463 ], [ 174.339889306864166, -36.699322752122193 ], [ 174.339433642630468, -36.698702016966109 ], [ 174.339051225122176, -36.698047645543575 ], [ 174.338638473098626, -36.697407196986056 ], [ 174.33818724614153, -36.696784409038919 ], [ 174.337656657420752, -36.696198054902531 ], [ 174.337218059563327, -36.695569458062025 ], [ 174.336742357537247, -36.69495789245596 ], [ 174.336309176530705, -36.694326509164412 ], [ 174.335807383955569, -36.693726906992609 ], [ 174.335342146835217, -36.693110524014699 ], [ 174.33486730146052, -36.69249910422711 ], [ 174.334538321539895, -36.691815498418038 ], [ 174.334181288724693, -36.69114576928699 ], [ 174.333732956873774, -36.690521214402843 ], [ 174.333297815617357, -36.689890127176383 ], [ 174.332869261946826, -36.689255775090899 ], [ 174.332442216558064, -36.688620671638475 ], [ 174.332009331019378, -36.687988453213926 ], [ 174.331502764734267, -36.687392691010317 ], [ 174.331073315671006, -36.68675876212361 ], [ 174.330570186975081, -36.686161288942849 ], [ 174.33016593472459, -36.685514881374417 ], [ 174.329725081188087, -36.684886581134265 ], [ 174.329284143567548, -36.684258317532759 ], [ 174.328872013054706, -36.683615793553926 ], [ 174.328436654131991, -36.682986118020168 ], [ 174.3280162818223, -36.682352162488002 ], [ 174.327647276167767, -36.681692618797399 ], [ 174.327134606126748, -36.681099125632137 ], [ 174.326634261032041, -36.680499715395698 ], [ 174.326139239437396, -36.679897746554765 ], [ 174.325739403827868, -36.679250113816906 ], [ 174.325230246161112, -36.678654915753924 ], [ 174.32473351641184, -36.678053751227274 ], [ 174.324317937794575, -36.67741365502426 ], [ 174.323831804646545, -36.676807397476189 ], [ 174.323367448706449, -36.676190688783819 ], [ 174.3228694908926, -36.675590093268205 ], [ 174.322361326093159, -36.674994388824167 ], [ 174.322004455481789, -36.674326106309927 ], [ 174.321531098023542, -36.673713695391143 ], [ 174.321080798387726, -36.673090219006248 ], [ 174.320604929908143, -36.672479002538921 ], [ 174.320217116545223, -36.671823164574157 ], [ 174.319742124961806, -36.67120902566608 ], [ 174.319236348142766, -36.670612379895218 ], [ 174.318757093481622, -36.670002925018665 ], [ 174.318215314440323, -36.66942414206946 ], [ 174.317806093735612, -36.668780315881754 ], [ 174.317360096173559, -36.668154528858857 ], [ 174.316952280486248, -36.667510003264475 ], [ 174.316468905924069, -36.666902544957736 ], [ 174.316026184041704, -36.666275135798607 ], [ 174.315662906246502, -36.665608742973696 ], [ 174.315146591621186, -36.665017431597605 ], [ 174.314688132681511, -36.664397728758189 ], [ 174.314280611978631, -36.663753028400095 ], [ 174.313870159739423, -36.663109761340188 ], [ 174.313336205970558, -36.662527084737768 ], [ 174.312840262378273, -36.661925753656867 ], [ 174.312292806782693, -36.66134929002402 ], [ 174.311845154119709, -36.660723323351661 ], [ 174.311347999342502, -36.660122206436533 ], [ 174.310998023937231, -36.659448693004393 ], [ 174.310478098644978, -36.65885932833821 ], [ 174.310053655731878, -36.658222678868611 ], [ 174.309611630494317, -36.657594730640795 ], [ 174.309127114221326, -36.656987817731107 ], [ 174.308638003222086, -36.656382425363994 ], [ 174.308122116031456, -36.655789774120997 ], [ 174.307654749157535, -36.655173646104807 ], [ 174.307225288049437, -36.654539148656831 ], [ 174.306720361790809, -36.653942526560435 ], [ 174.306296821498307, -36.653305047268113 ], [ 174.305824114658492, -36.652692242582049 ], [ 174.305369478692626, -36.652070362158248 ], [ 174.304913192835443, -36.651449304992553 ], [ 174.304437128051092, -36.650838171130246 ], [ 174.303940874872922, -36.65023716611816 ], [ 174.303428318683416, -36.649644339647118 ], [ 174.302979721269054, -36.649019403576673 ], [ 174.30250331200358, -36.648408423015006 ], [ 174.302019817133868, -36.647799003838749 ], [ 174.301513884251705, -36.647200902877614 ], [ 174.301089979659992, -36.646562694618645 ], [ 174.300637726037763, -36.645939243677418 ], [ 174.300156372373664, -36.645330732295278 ], [ 174.29966328695167, -36.644728240952155 ], [ 174.299132930385667, -36.644144885473473 ], [ 174.298664184940634, -36.643529884581874 ], [ 174.298214934864632, -36.642904866922684 ], [ 174.297847912414625, -36.64224562294168 ], [ 174.297403232289184, -36.641631202690142 ], [ 174.296931230027752, -36.641021625758128 ], [ 174.296426760612377, -36.640423213215769 ], [ 174.295900577089895, -36.63983491689762 ], [ 174.295394174589916, -36.639237395183031 ], [ 174.294898490068618, -36.638634872536059 ], [ 174.294448672753333, -36.638010965323971 ], [ 174.294040546645334, -36.637367620010586 ], [ 174.293576691088873, -36.636750246070712 ], [ 174.29313943548317, -36.636120468316719 ], [ 174.292633139579522, -36.635522866416885 ] ] } },
{ "type": "Feature", "properties": { "group_id": "nzd0162" }, "geometry": { "type": "LineString", "coordinates": [ [ 175.811328928957323, -36.737332210828235 ], [ 175.81029561336419, -36.737296908246222 ], [ 175.809318314235213, -36.737369643917582 ], [ 175.808389734312925, -36.73742859842131 ], [ 175.807459662121431, -36.737600477779203 ], [ 175.806495299721064, -36.737760469848126 ], [ 175.805716305313609, -36.738146375868531 ] ] } },
{ "type": "Feature", "properties": { "group_id": "nzd0163" }, "geometry": { "type": "LineString", "coordinates": [ [ 175.16840013352072, -36.745648978932302 ], [ 175.16852052305282, -36.746351408559455 ], [ 175.168841075834905, -36.7470343076779 ], [ 175.168956714862077, -36.747726054294503 ], [ 175.169179958042804, -36.748419703280895 ], [ 175.169670991596774, -36.749028196289032 ], [ 175.170242803861441, -36.749582082885588 ], [ 175.170888229516208, -36.750077352283675 ], [ 175.171549629287142, -36.750563382236933 ] ] } },
{ "type": "Feature", "properties": { "group_id": "nzd0164" }, "geometry": { "type": "LineString", "coordinates": [ [ 175.757390317488728, -36.757572450147123 ], [ 175.75643249165185, -36.757687351290407 ], [ 175.755606742553141, -36.758075377025442 ] ] } },
{ "type": "Feature", "properties": { "group_id": "nzd0165" }, "geometry": { "type": "LineString", "coordinates": [ [ 175.144652972168586, -36.764712127227682 ], [ 175.145488310838431, -36.764942697687481 ], [ 175.146286000862716, -36.764702568234576 ], [ 175.147029825516483, -36.764360491433386 ], [ 175.147770952382444, -36.763981890781658 ], [ 175.148460634258043, -36.763526807174721 ] ] } },
{ "type": "Feature", "properties": { "group_id": "nzd0166" }, "geometry": { "type": "LineString", "coordinates": [ [ 175.750253912670132, -36.763964546662876 ], [ 175.749877179159085, -36.764650916176173 ], [ 175.749669421507861, -36.765448445762516 ], [ 175.749981835541945, -36.76623100805238 ] ] } },
{ "type": "Feature", "properties": { "group_id": "nzd0168" }, "geometry": { "type": "LineString", "coordinates": [ [ 175.749379508136258, -36.768272950441229 ], [ 175.749197779009734, -36.768992313949546 ], [ 175.748995484708615, -36.769715499530754 ], [ 175.748805949484819, -36.770458051567523 ], [ 175.748916476693523, -36.771183491229507 ] ] } },
{ "type": "Feature", "properties": { "group_id": "nzd0170" }, "geometry": { "type": "LineString", "coordinates": [ [ 175.748516573555207, -36.77238166692139 ], [ 175.748371532200935, -36.773092366564931 ], [ 175.748269844233363, -36.773811733286507 ], [ 175.748118717792238, -36.774536318455183 ], [ 175.74791614151701, -36.775259530961598 ], [ 175.747900570622988, -36.775982605253517 ] ] } },
{ "type": "Feature", "properties": { "group_id": "nzd0171" }, "geometry": { "type": "LineString", "coordinates": [ [ 175.008938671765861, -36.778142971015519 ], [ 175.009037136653831, -36.778904288952539 ], [ 175.009248879281273, -36.779663153734269 ], [ 175.009669233014392, -36.780365988488413 ], [ 175.010216883552403, -36.780992575506438 ], [ 175.010807902518906, -36.781560298293698 ], [ 175.0114966732244, -36.782032405052078 ], [ 175.012239053958865, -36.782511847349213 ], [ 175.013006430731537, -36.78298624725425 ], [ 175.013799884424316, -36.783325932096091 ] ] } },
{ "type": "Feature", "properties": { "group_id": "nzd0172" }, "geometry": { "type": "LineString", "coordinates": [ [ 175.097871868767243, -36.785682365901067 ], [ 175.098791196472689, -36.78585413884921 ], [ 175.099656261974559, -36.78565417255421 ], [ 175.100476649613881, -36.785358393215162 ], [ 175.101296271244593, -36.785063942754135 ] ] } },
{ "type": "Feature", "properties": { "group_id": "nzd0173" }, "geometry": { "type": "LineString", "coordinates": [ [ 175.066807319102651, -36.785349741036079 ], [ 175.067663169018346, -36.785571544638479 ], [ 175.068541971896224, -36.785723845981551 ], [ 175.069357237307116, -36.786072684273492 ], [ 175.070243313365921, -36.786205506281817 ], [ 175.071115117977172, -36.786380045918662 ], [ 175.07200672105202, -36.786490712335706 ], [ 175.072887276157928, -36.786642840618363 ], [ 175.073777924540991, -36.786745455308306 ], [ 175.074668793744308, -36.786833011425472 ], [ 175.075550946997453, -36.786960366012082 ], [ 175.076435698904419, -36.787082621912724 ], [ 175.077338036702287, -36.787116247844537 ], [ 175.078216690578046, -36.787263185357475 ], [ 175.079110218744063, -36.78733396661984 ], [ 175.080009897912873, -36.787344137512711 ], [ 175.080901895257426, -36.787436023734479 ], [ 175.081794307088984, -36.787530394515514 ], [ 175.082692422743889, -36.787552808783438 ], [ 175.083587285854918, -36.787620055313489 ], [ 175.084485249892936, -36.787646930267798 ], [ 175.085377984864039, -36.787736860638979 ], [ 175.086276504514586, -36.787779209829537 ] ] } },
{ "type": "Feature", "properties": { "group_id": "nzd0174" }, "geometry": { "type": "LineString", "coordinates": [ [ 174.775306920011673, -36.787581157383045 ], [ 174.775738513761866, -36.788229763090435 ], [ 174.776293311730825, -36.788818114039273 ], [ 174.776784948742744, -36.789432935936965 ], [ 174.777366818154974, -36.789981077710856 ], [ 174.777973033665489, -36.790514346033241 ], [ 174.778599044520945, -36.791035244295038 ], [ 174.779260784843729, -36.791526627586997 ], [ 174.779884903092579, -36.792044075088761 ], [ 174.780527514085549, -36.792546965934797 ], [ 174.781147030879225, -36.793064230630719 ], [ 174.781713820324086, -36.793629356742613 ] ] } },
{ "type": "Feature", "properties": { "group_id": "nzd0176" }, "geometry": { "type": "LineString", "coordinates": [ [ 175.70612016423172, -36.804652285286323 ], [ 175.705361081568839, -36.805039608333246 ], [ 175.704515594090907, -36.805321670386867 ], [ 175.703725254802464, -36.805724271000365 ], [ 175.702882213485395, -36.806155417918966 ], [ 175.702121352537631, -36.806696227303014 ], [ 175.701118022766053, -36.807133011710974 ], [ 175.700980021435697, -36.808062600318252 ], [ 175.700843758657925, -36.808852742964412 ], [ 175.700612413112623, -36.809560864113777 ], [ 175.700483864179404, -36.810305749620788 ], [ 175.700338299568557, -36.811038993135242 ], [ 175.700260116900125, -36.81177406028123 ], [ 175.700140777776824, -36.81251436700223 ], [ 175.700184870322971, -36.813248504454499 ], [ 175.700250035865565, -36.813975577418788 ], [ 175.700246709005967, -36.814698813929205 ], [ 175.700207068189201, -36.815428330534488 ], [ 175.700218777094847, -36.816153557848843 ], [ 175.70040868582899, -36.816867084618025 ], [ 175.70066831364889, -36.81758129028659 ], [ 175.700829432626648, -36.818300731666369 ], [ 175.700876786992382, -36.819027597195571 ], [ 175.70106673182417, -36.819726630054745 ], [ 175.701431952512621, -36.820398513050748 ], [ 175.701634912968188, -36.821099598120576 ], [ 175.701871370975823, -36.821795997719946 ], [ 175.702041328511683, -36.822503196706961 ], [ 175.702203585570174, -36.823210834016727 ], [ 175.702479233262949, -36.823900453651476 ], [ 175.7026383509548, -36.824613622466316 ], [ 175.702786649819302, -36.825327133974234 ], [ 175.70301871408509, -36.826026518955558 ], [ 175.703348974989666, -36.826705410050295 ], [ 175.703772706113142, -36.82735046150308 ], [ 175.704313049227181, -36.827932926565694 ], [ 175.704868382399695, -36.828497362249074 ], [ 175.705397279467832, -36.829079304896837 ], [ 175.705942789091267, -36.829653854086565 ], [ 175.706711694034738, -36.830040408037327 ], [ 175.707475939651289, -36.830400815328808 ], [ 175.708180337412216, -36.830836110734239 ] ] } },
{ "type": "Feature", "properties": { "group_id": "nzd0177" }, "geometry": { "type": "LineString", "coordinates": [ [ 175.714746069676977, -36.827231422673876 ], [ 175.71514333152939, -36.827874805227879 ], [ 175.715554193689201, -36.828512451619993 ], [ 175.716013199908105, -36.829131243045566 ], [ 175.716493148883615, -36.829740002122676 ], [ 175.717041598996701, -36.830312040707128 ], [ 175.717697555669417, -36.830817353829865 ], [ 175.718469577593083, -36.831191157699649 ] ] } },
{ "type": "Feature", "properties": { "group_id": "nzd0178" }, "geometry": { "type": "LineString", "coordinates": [ [ 174.427892595271686, -36.836278306825015 ], [ 174.427954281634385, -36.835490625477654 ], [ 174.427205664300999, -36.834949023338822 ], [ 174.426818234221741, -36.834297724442536 ], [ 174.426510046222006, -36.833622354359278 ] ] } },
{ "type": "Feature", "properties": { "group_id": "nzd0179" }, "geometry": { "type": "LineString", "coordinates": [ [ 175.732503072912692, -36.831338299235419 ], [ 175.73319777139011, -36.831796653893619 ], [ 175.733859678488102, -36.832282685862459 ], [ 175.734514151031135, -36.832776607117843 ], [ 175.735223535141728, -36.83322263122971 ], [ 175.735911290854233, -36.833686884926806 ], [ 175.736631875106468, -36.834112438110829 ], [ 175.737348184936991, -36.834550183566009 ], [ 175.7381189504367, -36.834919815033935 ], [ 175.738902566123812, -36.835268251898967 ], [ 175.739680704078268, -36.835617419272978 ], [ 175.740493644425868, -36.835933414215823 ], [ 175.741332385678021, -36.836194504644752 ], [ 175.742172213236046, -36.836454902453582 ], [ 175.743026087540159, -36.836677801110469 ], [ 175.743902519545145, -36.836847851420707 ], [ 175.744775163302478, -36.837018107692977 ], [ 175.74566346134398, -36.837123101631541 ], [ 175.746545389655068, -36.837266773147505 ], [ 175.74744786007588, -36.837330640013889 ], [ 175.748346179054266, -36.837330922269359 ], [ 175.749256244131061, -36.837334609317402 ], [ 175.75018415018107, -36.837335574921141 ], [ 175.751074976438275, -36.837234592906569 ], [ 175.751962469610419, -36.837099144638472 ], [ 175.75281520863814, -36.836828092827211 ], [ 175.753718224425086, -36.836722872051531 ], [ 175.754612402785511, -36.836607681329596 ], [ 175.755513296869566, -36.836514210272433 ], [ 175.756356897482391, -36.836265413540303 ] ] } },
{ "type": "Feature", "properties": { "group_id": "nzd0180" }, "geometry": { "type": "LineString", "coordinates": [ [ 175.802216191857269, -36.835769542928936 ], [ 175.803019083103834, -36.836097001672165 ], [ 175.80383485759819, -36.83640774963272 ], [ 175.804589904397005, -36.836797250546525 ], [ 175.805331483915836, -36.837206673649661 ], [ 175.806080457758327, -36.837606448905106 ], [ 175.806808910926605, -36.838028579113796 ], [ 175.807541109691101, -36.838443083271002 ], [ 175.808289618957673, -36.83883592654248 ], [ 175.809034610256504, -36.839237489994964 ], [ 175.80976029532718, -36.839667139652846 ], [ 175.810478384257493, -36.840104912196622 ], [ 175.811200270023647, -36.840530346122812 ], [ 175.811911270399833, -36.840957998174268 ], [ 175.812600330782317, -36.841419679553148 ], [ 175.813300933927763, -36.841874573558172 ] ] } },
{ "type": "Feature", "properties": { "group_id": "nzd0185" }, "geometry": { "type": "LineString", "coordinates": [ [ 175.841349298838168, -36.953255746637673 ], [ 175.841466308487924, -36.95398434403986 ], [ 175.841514011933668, -36.954746127070784 ], [ 175.841865597923288, -36.955459780134959 ], [ 175.842192529195501, -36.956183569066589 ], [ 175.842637463316009, -36.956903165560924 ], [ 175.8431658723174, -36.957588290720551 ] ] } },
{ "type": "Feature", "properties": { "group_id": "nzd0186" }, "geometry": { "type": "LineString", "coordinates": [ [ 175.842754390106506, -36.96176759299572 ], [ 175.84292929090671, -36.962471508155076 ], [ 175.843240865251744, -36.963176487331886 ], [ 175.843521534483585, -36.963908584629984 ], [ 175.843870613628894, -36.964610673764845 ], [ 175.84427993859191, -36.965253225523249 ], [ 175.844683300141924, -36.965895490328165 ], [ 175.844963756249911, -36.966591981886332 ] ] } },
{ "type": "Feature", "properties": { "group_id": "nzd0187" }, "geometry": { "type": "LineString", "coordinates": [ [ 174.469412616384915, -36.980109736349277 ], [ 174.469199802935407, -36.979412588513355 ], [ 174.468905120838173, -36.978731464371656 ], [ 174.468618380429518, -36.978048778819286 ], [ 174.468312048433944, -36.977369922924659 ] ] } },
{ "type": "Feature", "properties": { "group_id": "nzd0189" }, "geometry": { "type": "LineString", "coordinates": [ [ 175.864041305487859, -37.006633896101008 ], [ 175.864296978110417, -37.007321663982594 ], [ 175.864404503331372, -37.008047781260814 ], [ 175.86462292992266, -37.008745179659968 ], [ 175.86494613930779, -37.009415443565828 ], [ 175.865261968619507, -37.010087611986172 ], [ 175.865609072671504, -37.010753006335456 ], [ 175.865799912448011, -37.011466908413155 ], [ 175.866067309276332, -37.012160368305658 ], [ 175.866387324413438, -37.01283047077915 ], [ 175.866647089592675, -37.013518557723643 ], [ 175.866949418071925, -37.014196788216864 ], [ 175.867216912875733, -37.014888244402826 ], [ 175.867456430046985, -37.015586294061563 ], [ 175.867787888932355, -37.01625279424659 ], [ 175.868006560491722, -37.01695519775263 ], [ 175.868375427380613, -37.017608227685606 ], [ 175.868720687307473, -37.018265165522408 ], [ 175.868984602613182, -37.018948492480298 ], [ 175.869322744001096, -37.01961305453468 ], [ 175.869669337146206, -37.020275061008263 ], [ 175.869975689660805, -37.020955674537966 ], [ 175.870333756329217, -37.02162460683072 ], [ 175.870688215860042, -37.022288254358848 ], [ 175.870994311304855, -37.022963714919584 ], [ 175.871343104062305, -37.023631722578983 ], [ 175.871646907089996, -37.02433052836944 ], [ 175.872104418673899, -37.024962968178038 ], [ 175.872478782738796, -37.025635343475081 ], [ 175.872878355372393, -37.026301628800297 ], [ 175.873345245911651, -37.026910006249231 ], [ 175.873744109453099, -37.027550292385278 ] ] } },
{ "type": "Feature", "properties": { "group_id": "nzd0190" }, "geometry": { "type": "LineString", "coordinates": [ [ 174.502195649705442, -37.049719432342627 ], [ 174.501373013322194, -37.050113487566399 ], [ 174.500527293731722, -37.050407205812085 ], [ 174.499700600801759, -37.05078365306813 ], [ 174.498860735820301, -37.051102847355729 ], [ 174.498025526360095, -37.051497168098258 ], [ 174.497017569556505, -37.05182232218263 ], [ 174.495263547067452, -37.052954650059569 ], [ 174.494394171776918, -37.052747942415337 ], [ 174.493625875859863, -37.05236507536565 ], [ 174.492817586962985, -37.052051905721186 ], [ 174.491895656960423, -37.051936778362617 ], [ 174.491135511810569, -37.05153970495109 ], [ 174.49051386624987, -37.050901271463289 ], [ 174.490912742181848, -37.048484349446404 ], [ 174.488976747853883, -37.049911675127227 ], [ 174.487782081658963, -37.0496963288873 ], [ 174.487198920785517, -37.048949371463145 ], [ 174.486689732909639, -37.048314577050569 ], [ 174.486196057853192, -37.047664702987717 ], [ 174.485649633531807, -37.047066094139936 ], [ 174.485138319145619, -37.046433358963291 ], [ 174.484715554498678, -37.045714557983324 ], [ 174.484164324207484, -37.045120612760215 ], [ 174.483675777687978, -37.044465741250882 ], [ 174.483103937665845, -37.043891822284394 ], [ 174.4827033009324, -37.043151503611412 ], [ 174.482365429351233, -37.042585161071941 ], [ 174.482019330392944, -37.042103079838917 ], [ 174.48158191064789, -37.041487134287635 ], [ 174.481135734071785, -37.040864848417485 ], [ 174.481012434842199, -37.040095228583972 ], [ 174.480662139948294, -37.039429181218864 ], [ 174.480305418405948, -37.038766061020567 ], [ 174.480012351807574, -37.038073889308485 ], [ 174.47958090869281, -37.037444854439485 ], [ 174.479181228606478, -37.036801320655243 ], [ 174.479091809399591, -37.036016205953295 ], [ 174.47868825868477, -37.035374427667492 ], [ 174.478313581134387, -37.034719468885825 ], [ 174.478234653260699, -37.034388773752006 ], [ 174.47810807752137, -37.03415892121216 ], [ 174.477591106093911, -37.033524532897985 ], [ 174.477409638449473, -37.032814021009983 ], [ 174.477302715682441, -37.032100408454383 ], [ 174.47691698845648, -37.031398359564228 ], [ 174.47666122003352, -37.030690910040498 ], [ 174.476535212534884, -37.02997806880515 ], [ 174.476376240035421, -37.029266588653641 ], [ 174.475928655166967, -37.028567077110125 ], [ 174.475466037280398, -37.027868181102868 ], [ 174.475183171465886, -37.027161819684252 ], [ 174.475159119235087, -37.026444713992682 ], [ 174.474874118272879, -37.025741779900478 ], [ 174.474688401276524, -37.025046242797394 ], [ 174.474359954027847, -37.024363447802052 ], [ 174.474369158829603, -37.023640833992225 ], [ 174.474491992332332, -37.022907902739831 ], [ 174.474598402105585, -37.02217645463373 ], [ 174.474911840788764, -37.021426212635525 ], [ 174.47500128152339, -37.020696289811767 ], [ 174.475088846025187, -37.019966530204989 ], [ 174.475034133950203, -37.019249675184092 ], [ 174.475006635797797, -37.018530343768859 ], [ 174.475158290726966, -37.017794747122693 ], [ 174.474698302841034, -37.017114651144631 ], [ 174.474955157266123, -37.016369494192276 ], [ 174.475032688284784, -37.015640603901424 ], [ 174.474981762028079, -37.014923364812113 ], [ 174.475122606829387, -37.014188714551835 ], [ 174.475154256063945, -37.01349402330186 ], [ 174.47511902067663, -37.012812666695325 ], [ 174.475165321221795, -37.012098041975335 ], [ 174.475289388502546, -37.011374922885132 ], [ 174.475066397248867, -37.01066563721082 ], [ 174.475013026667199, -37.009949580553055 ], [ 174.475031595419551, -37.00923064835721 ], [ 174.475110946532652, -37.008509285449762 ], [ 174.47523389258825, -37.007786177091702 ], [ 174.474899711085328, -37.007081291914567 ], [ 174.474705841283082, -37.006370804172107 ], [ 174.474778306217303, -37.005649689004137 ], [ 174.474607601542203, -37.004936492955423 ], [ 174.474359894053379, -37.004199806568806 ], [ 174.474076437585524, -37.003476753376511 ], [ 174.474071622338926, -37.002754933055989 ], [ 174.474277869593067, -37.002013343741901 ], [ 174.473786514294858, -37.001337065211423 ], [ 174.473514490543522, -37.000640243350645 ], [ 174.47368034008943, -36.999902417017445 ], [ 174.473670543148614, -36.999181029511327 ], [ 174.473378012768222, -36.998486107939243 ], [ 174.473263188341861, -36.997774540908381 ], [ 174.473223201388663, -36.997055960116612 ], [ 174.473013750872866, -36.996353239590839 ], [ 174.472867223764496, -36.995638937459375 ], [ 174.47260591165562, -36.994927735366716 ], [ 174.472371918715908, -36.994222199607123 ], [ 174.472273267816291, -36.993507298049487 ], [ 174.472237929540285, -36.992783174101035 ], [ 174.472464822745934, -36.992020872350338 ], [ 174.472094306453158, -36.991345524138737 ], [ 174.471868814518672, -36.990649059191512 ], [ 174.471313535457654, -36.990000591405305 ], [ 174.471063267156296, -36.989307719595708 ], [ 174.471129221772259, -36.988568812221601 ], [ 174.470927578874409, -36.987868849493083 ], [ 174.471091147994031, -36.987115719415748 ], [ 174.470739017103199, -36.986437648974807 ], [ 174.470316716094231, -36.985769785684397 ], [ 174.469941251812571, -36.98509509790118 ] ] } },
{ "type": "Feature", "properties": { "group_id": "nzd0191" }, "geometry": { "type": "LineString", "coordinates": [ [ 175.886086070545161, -37.09303315060555 ], [ 175.886076645582733, -37.093749584729657 ], [ 175.886104857678475, -37.09447375691682 ], [ 175.886022461756141, -37.09521837284786 ], [ 175.886093187527734, -37.095954354893919 ], [ 175.886180760588303, -37.09666750758138 ], [ 175.886193874887624, -37.097385082504601 ], [ 175.886287449866842, -37.098097864667096 ], [ 175.886341699940601, -37.098812979217705 ], [ 175.886346835528201, -37.099531008473271 ], [ 175.886471601279567, -37.100241915041323 ], [ 175.886519821510859, -37.100959875296681 ], [ 175.886594763902394, -37.101676288461398 ], [ 175.886748643100077, -37.102384852611252 ], [ 175.886826176824115, -37.103098490840502 ], [ 175.886906384846981, -37.103811941588638 ], [ 175.88695350846001, -37.10453725127028 ], [ 175.887118476459705, -37.105254969621626 ], [ 175.887197719745899, -37.105973214945948 ], [ 175.887335245426158, -37.106681043629081 ], [ 175.887470364996432, -37.10738915912831 ], [ 175.887589039516627, -37.108099273770179 ], [ 175.887701350473378, -37.108810157913162 ], [ 175.887861369537973, -37.109513132848186 ], [ 175.887952717118992, -37.110223664819188 ], [ 175.888085795066331, -37.11093165223005 ], [ 175.88813279317182, -37.111649450805984 ] ] } },
{ "type": "Feature", "properties": { "group_id": "nzd0192" }, "geometry": { "type": "LineString", "coordinates": [ [ 175.880042444482115, -37.149645662687121 ], [ 175.880166759752854, -37.150360593014021 ], [ 175.880307084241537, -37.151083447901129 ], [ 175.880505442752195, -37.151796620045424 ], [ 175.880860880133127, -37.15246292166421 ] ] } },
{ "type": "Feature", "properties": { "group_id": "nzd0193" }, "geometry": { "type": "LineString", "coordinates": [ [ 175.881369795400246, -37.165911714237012 ], [ 175.881494409309511, -37.166621043164945 ], [ 175.881638305509398, -37.167328818004499 ] ] } },
{ "type": "Feature", "properties": { "group_id": "nzd0194" }, "geometry": { "type": "LineString", "coordinates": [ [ 175.882003063053361, -37.169420087032414 ], [ 175.882361704991126, -37.170100605327121 ], [ 175.882849654867442, -37.170731811820829 ], [ 175.883254694618927, -37.171153173083745 ], [ 175.883084235741876, -37.171757004188557 ], [ 175.882961380143882, -37.172495510559827 ], [ 175.883007525721695, -37.173235743512222 ], [ 175.883184133472952, -37.173957150271249 ], [ 175.883292754859468, -37.174662155563766 ], [ 175.883456949268037, -37.175354380131047 ], [ 175.883710372744389, -37.176047606185364 ], [ 175.883928740651555, -37.176745133051796 ], [ 175.884132706515743, -37.177441627936084 ] ] } },
{ "type": "Feature", "properties": { "group_id": "nzd0195" }, "geometry": { "type": "LineString", "coordinates": [ [ 175.884980035291079, -37.181076512327948 ], [ 175.885159381455736, -37.181778756051912 ], [ 175.88541909651309, -37.182476324543281 ], [ 175.885674246674114, -37.183165501400694 ], [ 175.885931857023678, -37.183859639204677 ], [ 175.886147463576549, -37.184570741106533 ] ] } },
{ "type": "Feature", "properties": { "group_id": "nzd0196" }, "geometry": { "type": "LineString", "coordinates": [ [ 174.613895247329509, -37.208094193510647 ], [ 174.613894099681517, -37.207311698832697 ], [ 174.61325990176033, -37.206753312033037 ], [ 174.612863642396832, -37.206110683966145 ], [ 174.612580064978999, -37.205428158327507 ], [ 174.612208134357189, -37.204776905927432 ], [ 174.611949609725428, -37.204088930400786 ], [ 174.611410495463872, -37.203497832857508 ], [ 174.611146473763256, -37.202810270316242 ], [ 174.610752846912078, -37.202166044463056 ], [ 174.610814347116758, -37.201368593601615 ], [ 174.610508211484159, -37.200694901878634 ], [ 174.610435878935732, -37.199942492765224 ] ] } },
{ "type": "Feature", "properties": { "group_id": "nzd0199" }, "geometry": { "type": "LineString", "coordinates": [ [ 175.914912473118363, -37.301988240886871 ], [ 175.915317869310599, -37.302625963013313 ], [ 175.915740227913147, -37.303260270900061 ], [ 175.916144060753254, -37.303909313486955 ], [ 175.916638898494142, -37.304515106335806 ], [ 175.917122270718721, -37.305123500103626 ], [ 175.917599072828324, -37.305738604557703 ], [ 175.91809227819752, -37.306340257202017 ], [ 175.918652583183984, -37.306900355994323 ], [ 175.919291092555625, -37.30742233659462 ], [ 175.920055542104308, -37.307796433286917 ], [ 175.921069351482288, -37.307472232296078 ] ] } },
{ "type": "Feature", "properties": { "group_id": "nzd0200" }, "geometry": { "type": "LineString", "coordinates": [ [ 174.686182537363152, -37.349649267818741 ], [ 174.685791933923696, -37.348852327509178 ], [ 174.68541189921072, -37.348142777742247 ], [ 174.685047141882649, -37.347470942407021 ], [ 174.684673290219848, -37.346870140241428 ], [ 174.684526165982817, -37.346189688046799 ], [ 174.684174843333949, -37.345519188151265 ], [ 174.683816297888001, -37.344858351902367 ], [ 174.68355434782805, -37.344176569153525 ], [ 174.683204695163084, -37.343515457676382 ], [ 174.682955457930717, -37.342828075974026 ], [ 174.682594166614791, -37.342179322808057 ], [ 174.68220641574402, -37.341541797310626 ], [ 174.681866168574544, -37.340880850057339 ], [ 174.681532973310766, -37.340215023953959 ], [ 174.681260080820522, -37.33953084417233 ], [ 174.680927691918782, -37.338870210649212 ], [ 174.680555034089593, -37.338222608503955 ], [ 174.680166935214004, -37.337562128423876 ], [ 174.679899688775521, -37.336870203823985 ], [ 174.67962177358848, -37.336202020507606 ], [ 174.679301769852543, -37.335547695800251 ], [ 174.679057493711639, -37.334860431306893 ], [ 174.678803561287339, -37.334168801337853 ], [ 174.678528211547132, -37.33348435796816 ], [ 174.678122973071282, -37.332843744385293 ], [ 174.677775580864932, -37.332193829200683 ], [ 174.677453685721815, -37.331536725629768 ], [ 174.677183190491405, -37.330840969804107 ], [ 174.676823968395382, -37.330183529341411 ], [ 174.676502795829464, -37.329507603663451 ], [ 174.676301129713977, -37.328843894826448 ], [ 174.675994552355917, -37.328200812967253 ], [ 174.675670976572349, -37.327505434613457 ], [ 174.675374753556582, -37.326844583399044 ], [ 174.674914275599264, -37.326230206426573 ], [ 174.674682201165979, -37.32557494582371 ], [ 174.67452993449524, -37.32485592076771 ], [ 174.674287790324115, -37.324219369565249 ], [ 174.673910121402827, -37.323612361632939 ], [ 174.673684116181846, -37.322885456470935 ], [ 174.673279152651446, -37.322245787083411 ], [ 174.672915080471142, -37.321583827012155 ], [ 174.672522912921067, -37.32088810050162 ], [ 174.672463618513177, -37.320158895170195 ], [ 174.672161943812114, -37.319550378482091 ], [ 174.6718636143205, -37.318923011718816 ], [ 174.671524041761757, -37.318282492143737 ], [ 174.671225477180343, -37.317594395281851 ], [ 174.670708168873745, -37.316855712280237 ], [ 174.670596197978824, -37.316279846978141 ], [ 174.670336898363303, -37.315739151458473 ], [ 174.669934121293494, -37.315022213287477 ], [ 174.669558564724298, -37.314407324504081 ], [ 174.669205351408209, -37.313742331652257 ], [ 174.668869324333741, -37.313036803779895 ], [ 174.668576942444787, -37.312361286219655 ], [ 174.668281126555968, -37.311718601129328 ], [ 174.667996165922119, -37.311081434724414 ], [ 174.667563727591869, -37.310428776879228 ], [ 174.667240369498586, -37.30972725989578 ], [ 174.667048857684222, -37.309021864816842 ], [ 174.666659311041826, -37.308395228988218 ], [ 174.666383243326294, -37.30773551944236 ], [ 174.666099440438728, -37.307037183824491 ], [ 174.665714825041533, -37.306369538388729 ], [ 174.665412709325039, -37.305696295351957 ], [ 174.664985430181929, -37.305062237000861 ], [ 174.664719444128679, -37.304395774735148 ], [ 174.664455057230157, -37.303734234314724 ], [ 174.664148143643843, -37.303069664799835 ], [ 174.663891402951236, -37.302359899896665 ], [ 174.663525483953777, -37.301669383233275 ], [ 174.663204739288915, -37.301040306524385 ], [ 174.662861441211987, -37.300452528001131 ], [ 174.662474808239409, -37.299804394471991 ], [ 174.662124742736069, -37.299154146219252 ], [ 174.661736076119155, -37.298511510904447 ], [ 174.66146116159203, -37.297877199440492 ], [ 174.661103993411189, -37.297173960511842 ], [ 174.660641562795092, -37.296546195032057 ], [ 174.66030271909662, -37.295966323510399 ], [ 174.659964885098617, -37.295296583925492 ], [ 174.659788808190996, -37.294541745053436 ], [ 174.659375389256439, -37.293858769505597 ], [ 174.659047735846883, -37.293297308997928 ], [ 174.658730283441031, -37.292694006003146 ], [ 174.658506256436795, -37.291989389921426 ], [ 174.658195114418476, -37.291244254835256 ], [ 174.657989606662767, -37.290588501570532 ], [ 174.65754954459544, -37.290070041553939 ], [ 174.657184288192241, -37.289388958679417 ], [ 174.656854845016113, -37.28872325717046 ], [ 174.656500595256972, -37.288066422545654 ], [ 174.656134496920174, -37.28741382012295 ], [ 174.65566180061569, -37.28679933919063 ], [ 174.655318843329781, -37.286126357752487 ], [ 174.654955391450585, -37.285496495934808 ], [ 174.654563857769347, -37.28491047644868 ], [ 174.654402049588782, -37.284129777915851 ], [ 174.653962254665402, -37.283465839125022 ], [ 174.653668985597989, -37.28281291971566 ], [ 174.653138840932286, -37.282226486095311 ], [ 174.652827689759278, -37.281604914881321 ], [ 174.652549975317953, -37.28096468931318 ], [ 174.652544072234349, -37.2801366093422 ], [ 174.652031541710357, -37.279531848373459 ], [ 174.651803388656646, -37.278820192790448 ], [ 174.6513640750413, -37.278198039179827 ], [ 174.651291666013776, -37.277428565396136 ], [ 174.651078316464123, -37.276724874072308 ], [ 174.6508154982929, -37.276050455100574 ], [ 174.650624298402164, -37.275317555084136 ], [ 174.650225490605095, -37.274656543436798 ] ] } },
{ "type": "Feature", "properties": { "group_id": "nzd0201" }, "geometry": { "type": "LineString", "coordinates": [ [ 175.937637325644175, -37.359558456740444 ], [ 175.937576001034785, -37.360273414716332 ], [ 175.937469738020695, -37.360990629684757 ], [ 175.937460542692719, -37.361714092194482 ], [ 175.937606626715791, -37.362435006580917 ] ] } },
{ "type": "Feature", "properties": { "group_id": "nzd0203" }, "geometry": { "type": "LineString", "coordinates": [ [ 175.937259598951044, -37.381344381134703 ], [ 175.937471985201768, -37.382041573390062 ], [ 175.937840248266468, -37.382700688028073 ], [ 175.938167008998334, -37.383366703140034 ], [ 175.938487803774109, -37.384038146168692 ], [ 175.938906983152719, -37.384671053257073 ], [ 175.939276188361504, -37.385320208572089 ], [ 175.939682664177184, -37.38595588507426 ], [ 175.940304950611562, -37.386487322466209 ] ] } },
{ "type": "Feature", "properties": { "group_id": "nzd0204" }, "geometry": { "type": "LineString", "coordinates": [ [ 175.938130898823545, -37.395016249222181 ], [ 175.938295649539327, -37.395720121352568 ], [ 175.938509852823955, -37.396413279867247 ], [ 175.938798286895235, -37.397119355520246 ], [ 175.939011752055677, -37.397869207631814 ], [ 175.939537951107837, -37.398480396123105 ], [ 175.939958945878971, -37.399109775739241 ], [ 175.940301842424645, -37.399769949921307 ], [ 175.940864989172667, -37.400346514839953 ], [ 175.941224780120308, -37.401000735337725 ], [ 175.941508826050296, -37.401683877005674 ], [ 175.941923585794285, -37.402316532709705 ], [ 175.942283951114348, -37.402966632810788 ], [ 175.942671381377352, -37.403607223406553 ], [ 175.943005147168066, -37.404270402167398 ], [ 175.943401754761908, -37.4049108540354 ], [ 175.943784551047088, -37.405558623274523 ], [ 175.944175295012201, -37.406206886017195 ], [ 175.944547299385619, -37.406860826571268 ], [ 175.944939955297912, -37.407500772435888 ], [ 175.945284083020852, -37.408156484330647 ], [ 175.945643323777801, -37.408807584633294 ], [ 175.946021789581835, -37.409454542350183 ], [ 175.94637651359767, -37.410110377247491 ], [ 175.946710061789503, -37.410774129247123 ], [ 175.946941520824993, -37.411479130257526 ], [ 175.947217953450917, -37.412180952460737 ], [ 175.947706342921663, -37.412794879414925 ], [ 175.948265650947206, -37.413365627862916 ], [ 175.948709783486947, -37.413985826197518 ], [ 175.949149537664681, -37.41461358281834 ], [ 175.949659308455267, -37.415215948100709 ], [ 175.950139175586884, -37.415827973349288 ], [ 175.950571219336723, -37.416457390702043 ], [ 175.951034601320146, -37.417069812982668 ], [ 175.951542697159027, -37.417657988535865 ], [ 175.951954201758838, -37.418290692339177 ], [ 175.952322771653428, -37.418934511872862 ], [ 175.952786254451922, -37.419538713423805 ], [ 175.953357745456373, -37.420098605351498 ], [ 175.953915022393858, -37.4206754497121 ], [ 175.954436178482553, -37.421267808054488 ], [ 175.954959755616954, -37.421848291969695 ], [ 175.955438875387557, -37.422453699850074 ], [ 175.955964067096488, -37.423032304748041 ], [ 175.956366862620541, -37.423677436528806 ], [ 175.956852627445528, -37.424262864353317 ], [ 175.957272983518237, -37.424885619161053 ], [ 175.957732502083473, -37.42549859958509 ], [ 175.95819199490677, -37.426113063274535 ], [ 175.958647890431081, -37.42672976260787 ], [ 175.959099372092055, -37.427347245098126 ], [ 175.959538958001048, -37.427970449837282 ], [ 175.95995285096194, -37.428606624354174 ], [ 175.960400042245283, -37.429225797089131 ], [ 175.960844471297861, -37.429844231209216 ], [ 175.961260980556887, -37.430476427305393 ], [ 175.961763810511485, -37.431067881281905 ], [ 175.962144263835597, -37.431720045801356 ], [ 175.962577592983365, -37.432345971625011 ], [ 175.963013193216057, -37.432970765643994 ], [ 175.963517992695188, -37.433563106876449 ], [ 175.963954844706478, -37.434190295458741 ], [ 175.964423611672061, -37.434799594723927 ], [ 175.964925556013696, -37.435391243500014 ], [ 175.965411576599735, -37.435999657962427 ], [ 175.965958649416081, -37.436590510212817 ], [ 175.966464658786151, -37.437196688820755 ], [ 175.966958519243263, -37.437794130507136 ], [ 175.967465925411375, -37.438383454252026 ], [ 175.967961060712469, -37.438980123402501 ], [ 175.968438658729525, -37.439576916699224 ], [ 175.968914844194217, -37.440169512280512 ], [ 175.969422625474522, -37.440754365661313 ], [ 175.969856124751232, -37.441383227644323 ], [ 175.970338892068469, -37.441973099538473 ], [ 175.970805561480631, -37.442571712311043 ], [ 175.971360643209948, -37.443135130298884 ], [ 175.971882050950938, -37.443716228710826 ], [ 175.972341253537024, -37.444329991986038 ], [ 175.972867321326504, -37.44490863323135 ], [ 175.973254635999439, -37.445560141804663 ], [ 175.973717452433021, -37.446145374256552 ], [ 175.974124691777433, -37.446716516498725 ], [ 175.974581776672522, -37.44732764677925 ], [ 175.97499052987493, -37.448010573732404 ], [ 175.975491196052701, -37.448623887204242 ], [ 175.975973008126488, -37.449225601850024 ], [ 175.976493583629491, -37.449812970791349 ], [ 175.97698961797667, -37.450426593184773 ], [ 175.977454269229213, -37.451054763947838 ], [ 175.977984227127024, -37.451630375195222 ], [ 175.978491877390638, -37.452218958257497 ], [ 175.978946294763517, -37.452838502394052 ], [ 175.979409092783357, -37.453453166905575 ], [ 175.979905917294928, -37.454017523709432 ], [ 175.980366271354598, -37.454600442845681 ], [ 175.980800558810614, -37.455225400497113 ], [ 175.981303110147508, -37.455818256783949 ], [ 175.981837336394648, -37.456396102065092 ], [ 175.982389883779547, -37.456963037771956 ], [ 175.982874616612435, -37.457563203736711 ], [ 175.983413247730653, -37.458136166308734 ], [ 175.983966284788977, -37.458701854227563 ], [ 175.984537365242772, -37.459266680861312 ], [ 175.984995056799022, -37.459912126722955 ], [ 175.985500512333346, -37.460537299837469 ], [ 175.986104689907449, -37.461064779438068 ], [ 175.986725862990085, -37.461579796507358 ], [ 175.987395443698887, -37.462066764357765 ], [ 175.988019653767367, -37.462588689585367 ], [ 175.988683494023718, -37.463071490904532 ] ] } },
{ "type": "Feature", "properties": { "group_id": "nzd0205" }, "geometry": { "type": "LineString", "coordinates": [ [ 174.734542946633098, -37.48757131358505 ], [ 174.734127052408155, -37.486937199271757 ], [ 174.733791664838208, -37.486275837759301 ], [ 174.733520851470018, -37.485590504979477 ], [ 174.733111500948155, -37.484941132395633 ], [ 174.7329432631104, -37.484205328354484 ], [ 174.732474047721666, -37.483595491521754 ], [ 174.731888473274608, -37.483045919902004 ], [ 174.731634948648832, -37.482376924990419 ], [ 174.73136333558142, -37.481695729636975 ], [ 174.731071740508412, -37.481020773778845 ], [ 174.730788341695728, -37.480343250129131 ], [ 174.730164459864795, -37.479772140863339 ], [ 174.72987460080023, -37.479096624728534 ], [ 174.729486784178789, -37.478424577404169 ], [ 174.729186888024316, -37.477713964663828 ], [ 174.729000829442072, -37.476982524817785 ], [ 174.728544705062433, -37.476367770046842 ] ] } },
{ "type": "Feature", "properties": { "group_id": "nzd0206" }, "geometry": { "type": "LineString", "coordinates": [ [ 174.763819761950828, -37.549238357296787 ], [ 174.763402261458708, -37.548606864274227 ], [ 174.763062585760849, -37.547946740372531 ], [ 174.762994550796435, -37.547186696044598 ], [ 174.762407892031689, -37.546617405895034 ], [ 174.762035581947714, -37.54596926841581 ], [ 174.761650993645134, -37.545325641445181 ], [ 174.761306114345274, -37.544667403044869 ], [ 174.761035927397103, -37.543981685472595 ], [ 174.760624037386549, -37.543357797038155 ], [ 174.760352992625513, -37.542687040967444 ], [ 174.75992363912647, -37.542059418629812 ], [ 174.75952187310142, -37.541420593530205 ], [ 174.759186380542872, -37.540759853139143 ], [ 174.758902900542694, -37.540081911906519 ], [ 174.758599913536926, -37.539410413629653 ], [ 174.75826728659672, -37.538748708255653 ], [ 174.757904016815644, -37.538097127392632 ], [ 174.757616018175696, -37.537420656384107 ], [ 174.757274385554581, -37.536761910661802 ], [ 174.756859505129597, -37.53612737456087 ], [ 174.756450994961511, -37.535475207134432 ], [ 174.756048417002603, -37.534808932791108 ], [ 174.755671021592292, -37.534142714598687 ], [ 174.755289547978123, -37.533494253758718 ], [ 174.754958335171466, -37.532822332165232 ], [ 174.754727834995066, -37.53212182250175 ], [ 174.754569430719215, -37.531475450562034 ], [ 174.754480983524104, -37.530810211239732 ], [ 174.753823248364228, -37.530246883271275 ], [ 174.753361901368322, -37.529624084697907 ], [ 174.752917261442406, -37.528996221372054 ], [ 174.752533168112706, -37.52835465258967 ], [ 174.752310294734315, -37.527680178695121 ], [ 174.752041324762814, -37.527014720434586 ], [ 174.751735960257292, -37.526342761367971 ], [ 174.751444006757964, -37.525667530739554 ], [ 174.751064112051779, -37.52501614446642 ], [ 174.750532942024819, -37.524384321132004 ], [ 174.750174055514606, -37.523709615773086 ] ] } },
{ "type": "Feature", "properties": { "group_id": "nzd0207" }, "geometry": { "type": "LineString", "coordinates": [ [ 175.997002351059507, -37.475185125059504 ], [ 175.997804956381401, -37.475511255491931 ], [ 175.9986346480419, -37.47578417190492 ], [ 175.999452998457059, -37.476079368463047 ], [ 176.000319701198549, -37.47627956824914 ], [ 176.001183277772668, -37.476485906631297 ], [ 176.002047443844816, -37.476691083624793 ], [ 176.002889989483492, -37.476938736250638 ], [ 176.003755407024556, -37.47714144858115 ], [ 176.004614088775639, -37.477414492522122 ], [ 176.005434759859043, -37.477778503153338 ], [ 176.006145135982422, -37.47822624500283 ], [ 176.006958509282185, -37.478571446647834 ], [ 176.00766732379418, -37.479012180164361 ], [ 176.008340014119796, -37.479493815983098 ], [ 176.008967920428574, -37.48001305041862 ], [ 176.009525429771401, -37.480584977627139 ], [ 176.009983267575194, -37.481243058265171 ], [ 176.01046936444942, -37.481876708482737 ], [ 176.01099087406206, -37.482474673362042 ], [ 176.011453090488828, -37.483071533845113 ], [ 176.011947858867273, -37.483640900597045 ], [ 176.012436236940175, -37.484239164600503 ], [ 176.012892177789439, -37.484854878669331 ], [ 176.013356393157238, -37.485466135311263 ], [ 176.013860443672314, -37.486055951397873 ], [ 176.014319458552478, -37.486669996882533 ], [ 176.014815964314977, -37.487263863294345 ], [ 176.015274214336699, -37.487878310752684 ], [ 176.015754144801463, -37.488481086921034 ], [ 176.016246822007673, -37.489076999130475 ], [ 176.01669785115655, -37.489695317806472 ], [ 176.017169278165341, -37.490304097841175 ], [ 176.017690065492928, -37.490891941696688 ], [ 176.018151273438264, -37.491513003038442 ], [ 176.018608657461584, -37.492130347868354 ], [ 176.019047234244852, -37.49275858579626 ], [ 176.019491401992497, -37.49338357944567 ], [ 176.019910282156786, -37.494019235112638 ], [ 176.020313665053465, -37.494611490490875 ], [ 176.020696131476456, -37.495211160601919 ], [ 176.02116419407659, -37.495819826504004 ], [ 176.021610813693172, -37.496438045620181 ], [ 176.022032665696685, -37.497067299949357 ], [ 176.022510325579333, -37.497671671861568 ], [ 176.022947566452643, -37.498294055814043 ], [ 176.02341912377392, -37.498901137440939 ], [ 176.023886735902977, -37.499509972396055 ], [ 176.024397071586179, -37.500099757388938 ], [ 176.024884178347264, -37.500699891700918 ], [ 176.025354916093761, -37.501307317455847 ], [ 176.025836075953265, -37.501918172158774 ], [ 176.026271921386922, -37.50255846992664 ], [ 176.026704885242992, -37.503195707168068 ], [ 176.027132994582644, -37.503826510633587 ], [ 176.027584676684853, -37.504444543838822 ], [ 176.028031088673657, -37.505065426178 ], [ 176.028451331380239, -37.505700475193912 ], [ 176.028883741585389, -37.506328930287808 ], [ 176.029395088114825, -37.506914634167494 ], [ 176.029861191226416, -37.507524833952274 ], [ 176.030342337334048, -37.50811849393822 ], [ 176.030817468074531, -37.508714005449058 ], [ 176.031293794889052, -37.509317153943485 ], [ 176.031850762340071, -37.509879683983669 ], [ 176.032359596176576, -37.510467009099862 ], [ 176.032858368416271, -37.511059513361168 ], [ 176.033353776213715, -37.511653746171838 ], [ 176.033839846236333, -37.512252785202499 ], [ 176.034334718149552, -37.512847284270336 ], [ 176.034805819908513, -37.51345402562707 ], [ 176.035256953065414, -37.514071050574302 ], [ 176.035756490217977, -37.514661494967008 ], [ 176.03621540945818, -37.515272631451658 ], [ 176.036710426064275, -37.515867038232713 ], [ 176.037189298787098, -37.516469695840193 ], [ 176.037674590804556, -37.517069085222218 ], [ 176.03816338575254, -37.51766668891883 ], [ 176.038591106182622, -37.518295335061012 ], [ 176.039080061245073, -37.518892847453024 ], [ 176.039561571478401, -37.519499123724181 ], [ 176.040032926046933, -37.520111968146381 ], [ 176.040519073094913, -37.520711981710193 ], [ 176.040980840010917, -37.521324180384582 ], [ 176.041488200708358, -37.521911936872606 ], [ 176.041975623906922, -37.522510374658715 ], [ 176.04247885472077, -37.52309979072119 ], [ 176.042940231420744, -37.523705866487546 ], [ 176.0434252387399, -37.524299778672031 ], [ 176.043955211339778, -37.524876396746414 ], [ 176.044510427055769, -37.52544018079945 ], [ 176.044984859870624, -37.52604501522211 ], [ 176.045553960900321, -37.526601732469352 ], [ 176.046084623670311, -37.527177979762222 ], [ 176.046589247676309, -37.527767455509391 ], [ 176.047118143211151, -37.528344590961538 ], [ 176.047616162129799, -37.528936126808475 ], [ 176.048141912007765, -37.529506930083095 ], [ 176.048641602635826, -37.530115957657337 ], [ 176.049134637002339, -37.530731325176731 ], [ 176.049655282238177, -37.531324960684437 ], [ 176.050205630800434, -37.531895217560603 ], [ 176.050653886121182, -37.532545813635402 ], [ 176.051197177589785, -37.533121617215116 ], [ 176.051659447903177, -37.533662258953967 ], [ 176.05212200718492, -37.534181702263041 ], [ 176.052607959547572, -37.53477471193267 ], [ 176.053107586805169, -37.535366526133004 ], [ 176.053613952220701, -37.535954695974652 ], [ 176.054110812542916, -37.536547995131642 ], [ 176.054616767172433, -37.537136377270002 ], [ 176.055130081096536, -37.537720779538112 ], [ 176.055593255791109, -37.538332259393187 ], [ 176.056133729850643, -37.538901981701649 ], [ 176.056605276945646, -37.539508929688822 ], [ 176.057079641255086, -37.540114351181963 ], [ 176.057623387396688, -37.540706394032405 ], [ 176.058173086791101, -37.541317830254492 ], [ 176.058712856427974, -37.541914647687754 ], [ 176.059256672814513, -37.542483055685061 ], [ 176.059808241406188, -37.543046169146599 ], [ 176.060387431528056, -37.543590428184906 ], [ 176.060927824514863, -37.544161160391234 ], [ 176.061480470638742, -37.544723526372628 ], [ 176.062004493581924, -37.54530542232073 ], [ 176.062546153363542, -37.545875277917702 ], [ 176.063095062698068, -37.546440181998165 ], [ 176.063663162537949, -37.546991985388821 ], [ 176.064181831371087, -37.547577519186696 ], [ 176.064699392620241, -37.54816380483517 ], [ 176.065227855324366, -37.548719599369285 ], [ 176.065733579347409, -37.549271865293264 ], [ 176.066209371710926, -37.54986398168375 ], [ 176.066789633985906, -37.550408422234398 ], [ 176.067320593597373, -37.550982910286969 ], [ 176.067854051889185, -37.551555870865684 ], [ 176.068427844209538, -37.552104241732238 ], [ 176.06898798387769, -37.552660929992591 ], [ 176.069544314492816, -37.553219935576521 ], [ 176.070158335503606, -37.553743771786834 ], [ 176.070680135169454, -37.554323816629847 ], [ 176.071222796821218, -37.554891140700974 ], [ 176.071786434952713, -37.555445674174223 ], [ 176.072357374183412, -37.555995752802659 ], [ 176.072914448441082, -37.556554278338204 ], [ 176.073485078529728, -37.557104536451504 ], [ 176.07406243343712, -37.557650690955597 ], [ 176.07461185345548, -37.558213868753128 ], [ 176.075178292172609, -37.558766668297928 ], [ 176.075749709809003, -37.559325426490389 ], [ 176.076270149556052, -37.559919992707307 ], [ 176.076838185307707, -37.560475120543188 ], [ 176.077383550063331, -37.561041260931773 ], [ 176.077932340285628, -37.561605173631328 ], [ 176.078441195061515, -37.562195004236749 ], [ 176.079004614122852, -37.562749412923161 ], [ 176.07953773233433, -37.563323485701758 ], [ 176.080069905890724, -37.563898167449466 ], [ 176.080633913634472, -37.564452181349616 ], [ 176.081169539642815, -37.565024613678879 ], [ 176.081705725145525, -37.565589998729124 ], [ 176.082279216219632, -37.566130914405889 ], [ 176.082839551979731, -37.566686751816079 ], [ 176.083396741643526, -37.567245042012154 ], [ 176.08390784879083, -37.567832375116772 ], [ 176.084453029138274, -37.568398226520976 ], [ 176.085021245342887, -37.568949553363105 ], [ 176.085572172565293, -37.569511773665177 ], [ 176.086078159422556, -37.570102317040948 ], [ 176.086616008734751, -37.570672772155696 ], [ 176.087179595847175, -37.571226999548628 ], [ 176.087739117955749, -37.571783784906131 ], [ 176.088295951975567, -37.572342260319488 ], [ 176.08885192365986, -37.572901274956251 ], [ 176.089412818846171, -37.573457181789657 ], [ 176.089979319307218, -37.574009551059802 ], [ 176.090559288390097, -37.574553426173779 ], [ 176.091102160002379, -37.575120680933175 ], [ 176.091645268743861, -37.575687781900008 ], [ 176.09215439084312, -37.576276301707466 ], [ 176.0926672913277, -37.576861436705109 ], [ 176.0931881038467, -37.577440089330622 ], [ 176.093740048396825, -37.57800019449715 ], [ 176.094322852943179, -37.578542434033999 ], [ 176.094855773714301, -37.579115759731572 ], [ 176.095487345216412, -37.579627595881227 ], [ 176.096101990090688, -37.580149977194345 ], [ 176.096663116741638, -37.580705710040696 ], [ 176.097243113753279, -37.581249677244351 ], [ 176.097863377866332, -37.581768542831369 ], [ 176.098469772783716, -37.58229604811924 ], [ 176.099073046198555, -37.582827356905248 ], [ 176.099636926218977, -37.583391979019659 ], [ 176.100239132031192, -37.583930430845463 ], [ 176.100830539382656, -37.584467006833087 ], [ 176.101420582720152, -37.585004614156936 ], [ 176.102012839225807, -37.585540538477019 ], [ 176.102606996551657, -37.586075016793629 ], [ 176.103216840650134, -37.586597588362629 ], [ 176.103819992827738, -37.587125234032172 ], [ 176.10442454214666, -37.587651815852205 ], [ 176.105019519436723, -37.588185657237204 ], [ 176.105623326909125, -37.5887127945808 ], [ 176.106239419002776, -37.589230606601227 ], [ 176.106857447149309, -37.589746945792726 ], [ 176.10745479047759, -37.59027897703691 ], [ 176.108044597431729, -37.590816723264425 ], [ 176.108669388158205, -37.591327919786067 ], [ 176.109301286676896, -37.591833719053227 ], [ 176.1099097535878, -37.592357294763104 ], [ 176.110558176559238, -37.59285054744943 ], [ 176.111191318201691, -37.59335539202192 ], [ 176.111793874796177, -37.593883441354023 ], [ 176.112404135042908, -37.59440564128942 ], [ 176.113036343382987, -37.594913074910302 ], [ 176.113654972179802, -37.595431465596882 ], [ 176.114294314424853, -37.595931477339953 ], [ 176.114952787878451, -37.596415885191149 ], [ 176.115589514536083, -37.596917696154442 ], [ 176.116184740062607, -37.597452722374953 ], [ 176.116799342196458, -37.597972235480469 ], [ 176.117420891914549, -37.598486184001644 ], [ 176.118039416664573, -37.599002591628512 ], [ 176.118663508784806, -37.599515805389935 ], [ 176.119287393788142, -37.600029743576656 ], [ 176.119927734632171, -37.600528743456124 ], [ 176.120529592894428, -37.601059673631269 ], [ 176.121180675116648, -37.601549753283862 ], [ 176.121795024041774, -37.602070311739681 ], [ 176.122429640411099, -37.602574048368723 ], [ 176.123076803288455, -37.603067370112441 ], [ 176.123700329910946, -37.603580302552587 ], [ 176.124336214905213, -37.604082976223062 ], [ 176.124989821960725, -37.604570940046855 ], [ 176.125651869142558, -37.605051896412675 ], [ 176.126272274683402, -37.605570736403827 ], [ 176.126927005600805, -37.606063017914359 ], [ 176.127604013945984, -37.606532293116324 ], [ 176.128283596004565, -37.606997434689667 ], [ 176.128902060692724, -37.607519319257143 ], [ 176.129559613345833, -37.608004908720062 ], [ 176.130225866225032, -37.608485442899813 ], [ 176.130911399682418, -37.608956510328213 ], [ 176.131590079665358, -37.609436388861759 ], [ 176.132265569937061, -37.609910197673067 ], [ 176.132942023054255, -37.610382955381695 ], [ 176.133528819821407, -37.610953387535439 ], [ 176.134056762007958, -37.611476965720207 ], [ 176.134550336088978, -37.611980103801386 ], [ 176.135086881949093, -37.612541298155662 ], [ 176.135677484958819, -37.613077267106497 ], [ 176.136276365171454, -37.613607409150504 ], [ 176.136889649823502, -37.614127413798407 ], [ 176.13750665517523, -37.614644796907854 ], [ 176.138069806079869, -37.615200062219678 ], [ 176.138614935879986, -37.615768001331865 ], [ 176.139214763089882, -37.616303367329955 ], [ 176.139848782057442, -37.616835881241428 ], [ 176.140474631460904, -37.617369240677938 ], [ 176.141073237005088, -37.617901191994598 ], [ 176.141738179134563, -37.618380440502165 ], [ 176.142328350261664, -37.618919085282691 ], [ 176.14293296230656, -37.61944625435433 ], [ 176.14356889776505, -37.619948535715665 ], [ 176.144239766614902, -37.62042306127605 ], [ 176.14488950799867, -37.620915789652521 ], [ 176.145521323848214, -37.621438443891037 ], [ 176.146132888375462, -37.621978770849701 ], [ 176.146744288492954, -37.622502924505874 ], [ 176.147391417200055, -37.622996375311985 ], [ 176.147997087578972, -37.623525445901109 ], [ 176.148593068615071, -37.624062838941335 ], [ 176.149217431780386, -37.624554623623872 ], [ 176.149780143991734, -37.625006583188586 ], [ 176.15039661799193, -37.625454169824771 ], [ 176.15100074536511, -37.625984414810404 ], [ 176.151616624750858, -37.626545772407759 ], [ 176.152270094632229, -37.627085633057412 ], [ 176.152853893845872, -37.627639676663172 ], [ 176.153404745480913, -37.628209651061098 ], [ 176.153997396805522, -37.62874633789535 ], [ 176.154514739870791, -37.629338527378529 ], [ 176.154943934109809, -37.62979680988019 ], [ 176.155341503459937, -37.630276615837332 ], [ 176.155798127557716, -37.630891984045512 ], [ 176.15622504056455, -37.631528261160526 ], [ 176.156691283158921, -37.632184925460599 ], [ 176.157076218651071, -37.632877581692796 ], [ 176.157436298729039, -37.633542574784684 ], [ 176.157823411645666, -37.634193227404801 ], [ 176.158315770160925, -37.63489413721539 ], [ 176.158895229433625, -37.635597651206943 ], [ 176.159476596259481, -37.636187469389988 ] ] } },
{ "type": "Feature", "properties": { "group_id": "nzd0208" }, "geometry": { "type": "LineString", "coordinates": [ [ 177.976862591732385, -37.588947987743516 ], [ 177.977558918111697, -37.588496135753367 ], [ 177.978287519264398, -37.588071399121247 ], [ 177.978941456185083, -37.587583923837009 ], [ 177.979539576851835, -37.587049546915885 ], [ 177.980222966944666, -37.586586813399961 ], [ 177.980835033679625, -37.586061674631416 ], [ 177.981512030140237, -37.585575903026644 ] ] } },
{ "type": "Feature", "properties": { "group_id": "nzd0210" }, "geometry": { "type": "LineString", "coordinates": [ [ 177.944236483675439, -37.618545094200343 ], [ 177.945163002193823, -37.618507932038412 ], [ 177.946032204486329, -37.618326652828969 ], [ 177.946830463800154, -37.617967003014108 ], [ 177.947663465039909, -37.617694707427418 ], [ 177.948456527868132, -37.617351734956237 ], [ 177.949226615588145, -37.617071251479302 ], [ 177.9500096089306, -37.616755371243137 ], [ 177.95082020974121, -37.616430561539374 ], [ 177.951610130000745, -37.61608286333108 ], [ 177.952418967844523, -37.615756096953973 ], [ 177.953364896001176, -37.615540926513773 ], [ 177.954091317187817, -37.615065013642436 ], [ 177.954719916018973, -37.614537255889637 ], [ 177.955292679634397, -37.613978452982906 ], [ 177.955909886949883, -37.613437324802021 ], [ 177.956541966035928, -37.612907353512 ], [ 177.957117981824609, -37.61235388599696 ], [ 177.957606994146971, -37.611705464194102 ], [ 177.958028936090983, -37.611029143290104 ], [ 177.958396192585838, -37.610379187876326 ] ] } },
{ "type": "Feature", "properties": { "group_id": "nzd0214" }, "geometry": { "type": "LineString", "coordinates": [ [ 176.123383045415409, -37.661799008535034 ], [ 176.123879156361113, -37.661209207392488 ], [ 176.124262262740046, -37.660563098800338 ], [ 176.124478943748557, -37.659928590111427 ], [ 176.124908472620518, -37.659680000088962 ], [ 176.125769846461026, -37.659541115637758 ], [ 176.126654802190387, -37.65947714800614 ], [ 176.127530063258945, -37.659413727172719 ], [ 176.128402746896967, -37.659495786313606 ], [ 176.129254251805804, -37.659739982909009 ], [ 176.130118999484296, -37.659937102636732 ], [ 176.131014048877404, -37.660008585007908 ], [ 176.131831505239717, -37.660288685702156 ], [ 176.13266330194034, -37.66054065480067 ] ] } },
{ "type": "Feature", "properties": { "group_id": "nzd0215" }, "geometry": { "type": "LineString", "coordinates": [ [ 178.484312345678887, -37.643542075144744 ], [ 178.484504530402546, -37.644302854130231 ], [ 178.484887164538662, -37.644958228463047 ], [ 178.485301290560386, -37.645596169588522 ], [ 178.485581180774545, -37.646308394523089 ], [ 178.486175298780864, -37.646846714859819 ], [ 178.486822554301028, -37.647355622623373 ], [ 178.48745540085082, -37.647891591675815 ], [ 178.48806021028031, -37.648438981211562 ], [ 178.488527635947719, -37.649065211572974 ], [ 178.489175423350531, -37.649559345881904 ], [ 178.489709955833376, -37.650135177059141 ], [ 178.490461032038155, -37.650554791158058 ], [ 178.491037974304334, -37.651108440903258 ], [ 178.491752502446872, -37.651553893908783 ], [ 178.492430325596757, -37.652028138075373 ], [ 178.493174240725239, -37.652427497524641 ], [ 178.493862028754279, -37.65288562334117 ], [ 178.49459897499068, -37.653292273542668 ], [ 178.495293416519274, -37.653742796358827 ], [ 178.495859192678296, -37.654342683499003 ], [ 178.496602612487862, -37.654742900631497 ], [ 178.497293264100847, -37.655202258493532 ], [ 178.497914164546302, -37.655742386168434 ], [ 178.498731436386464, -37.656046539448973 ], [ 178.499327945170023, -37.656555802835449 ], [ 178.499992234447717, -37.657007443401355 ], [ 178.500577556739017, -37.657551712276714 ], [ 178.501168323366102, -37.658114431596637 ], [ 178.501816457697885, -37.658637311814537 ], [ 178.502374766244571, -37.65922635988786 ], [ 178.502958047615408, -37.659790006478403 ], [ 178.503655312440316, -37.66023772035129 ], [ 178.504340397956128, -37.66069781871937 ], [ 178.505041975030196, -37.661141140806834 ], [ 178.505769696047537, -37.661557868913121 ], [ 178.506543082737181, -37.661928146860006 ], [ 178.507194673300717, -37.662422301352393 ], [ 178.507918390093835, -37.662843092550041 ], [ 178.508570173478518, -37.663337045572113 ], [ 178.509273117781618, -37.663778958978661 ], [ 178.509932258799921, -37.664265423055369 ], [ 178.51074400633243, -37.664596662867886 ], [ 178.511466050902527, -37.665021933086145 ], [ 178.512230916079574, -37.665404382121217 ], [ 178.513017000152303, -37.665760303092625 ], [ 178.513692573684779, -37.666231937228048 ], [ 178.514336417814832, -37.666737387483757 ], [ 178.515022167957255, -37.667198170164475 ], [ 178.515680949185764, -37.667687695175033 ], [ 178.516244662600798, -37.668287722346484 ], [ 178.516937725810664, -37.668755021107785 ], [ 178.517681406556733, -37.669156149781458 ], [ 178.51833189138452, -37.669660073623284 ], [ 178.519081076095034, -37.670051782788903 ], [ 178.519943768044584, -37.670325725933338 ], [ 178.520730340449091, -37.670684678730481 ], [ 178.521430731045029, -37.671140295410822 ], [ 178.522251344656979, -37.67144161679628 ], [ 178.522956124617735, -37.671889519968303 ], [ 178.523838605156271, -37.6721129605383 ], [ 178.524678784170362, -37.672339631107619 ], [ 178.525491413826074, -37.672625267824316 ], [ 178.526365484096175, -37.672789681525529 ], [ 178.527206096773085, -37.673090772953742 ], [ 178.528072963750247, -37.673284617597744 ], [ 178.528921782341911, -37.673587090003387 ], [ 178.529824136018306, -37.67373767081223 ], [ 178.530747487051741, -37.673653042753521 ], [ 178.531645589675378, -37.67372771481967 ], [ 178.532554349347777, -37.673704071300996 ], [ 178.533456486509778, -37.673629946233035 ], [ 178.534351715029288, -37.673567032250233 ] ] } },
{ "type": "Feature", "properties": { "group_id": "nzd0216" }, "geometry": { "type": "LineString", "coordinates": [ [ 174.812481946909855, -37.685277487392547 ], [ 174.811807051699986, -37.684725807597097 ], [ 174.811483981316741, -37.684062457494846 ], [ 174.811880239330378, -37.68317079381854 ], [ 174.811440823922283, -37.682544358648698 ], [ 174.810689285739386, -37.682016982424464 ], [ 174.810599055582486, -37.681281244490158 ], [ 174.810639080956605, -37.68050832187955 ], [ 174.810306080045905, -37.679850993954432 ], [ 174.809796144784968, -37.679245508403646 ], [ 174.809598568466185, -37.6785433224032 ], [ 174.808997836899891, -37.677965932012093 ], [ 174.808460628888071, -37.677368870832105 ], [ 174.808384239451328, -37.676643688767719 ], [ 174.808099842532926, -37.675996544327397 ], [ 174.807671859400415, -37.675370683036036 ], [ 174.807336857905199, -37.67470898173935 ], [ 174.807056754288027, -37.674033452324515 ], [ 174.806704972871643, -37.673364561150429 ], [ 174.806285886558868, -37.672696390373801 ], [ 174.805996555363464, -37.671992418826299 ] ] } },
{ "type": "Feature", "properties": { "group_id": "nzd0217" }, "geometry": { "type": "LineString", "coordinates": [ [ 176.177250513165461, -37.629895268251133 ], [ 176.177931441557405, -37.630367334224154 ], [ 176.17860431049607, -37.630848819047173 ], [ 176.17933705357197, -37.631260316125513 ], [ 176.180124992417859, -37.631607292736739 ], [ 176.180961634154272, -37.631907549010506 ], [ 176.181824625285401, -37.632118670414684 ], [ 176.182712844732947, -37.632245142109525 ], [ 176.184288143767191, -37.630432058866468 ], [ 176.18484395149045, -37.631495770550984 ], [ 176.186034334500619, -37.630768767297603 ], [ 176.185757521799218, -37.63379253466465 ], [ 176.186238180987203, -37.634125437423691 ], [ 176.186880265148233, -37.634510602901109 ], [ 176.187625389282033, -37.634924489248156 ], [ 176.188280441830273, -37.635411235568711 ], [ 176.188923428463141, -37.635907739120384 ], [ 176.18934634592722, -37.636546926311738 ], [ 176.189780928424994, -37.637111179462153 ], [ 176.19018241422404, -37.637719316355749 ], [ 176.190691229865081, -37.638306010860916 ], [ 176.191210204614634, -37.638886691535234 ], [ 176.191751517256506, -37.639454154375017 ], [ 176.192443471322036, -37.639932504927245 ], [ 176.193054225363738, -37.640458882274693 ], [ 176.193656597069491, -37.640990213282997 ], [ 176.194274808773116, -37.64151216978636 ], [ 176.194828551941811, -37.642072256645399 ], [ 176.195404379493851, -37.642619275344636 ], [ 176.196077135014178, -37.64313165639944 ], [ 176.19673730379381, -37.643640288776915 ], [ 176.197388239933758, -37.644130585858164 ], [ 176.198011980882342, -37.644642864462497 ], [ 176.198633112448846, -37.645157284599073 ], [ 176.199229565524291, -37.64569198734312 ], [ 176.199827184985651, -37.646225727984145 ], [ 176.200436508918273, -37.646749844065191 ], [ 176.201094893120512, -37.647233628453669 ], [ 176.201691777555993, -37.647767963240696 ], [ 176.202303408932295, -37.648290172434038 ], [ 176.202885880886754, -37.648836347920799 ], [ 176.203495841917828, -37.649359923496696 ], [ 176.204071478029874, -37.649911711599223 ], [ 176.204693233404839, -37.650425585273588 ], [ 176.205332252117216, -37.650926023857892 ], [ 176.205954659790905, -37.651454299068156 ], [ 176.206615847402787, -37.651950322456585 ], [ 176.207263965666868, -37.652443257396129 ], [ 176.207913368828684, -37.652935045953214 ], [ 176.208582688103121, -37.653409110629845 ], [ 176.209212158989772, -37.653918628057617 ], [ 176.209879241163435, -37.654394676882958 ], [ 176.210584189152229, -37.654837030270237 ], [ 176.211314966690907, -37.655256397416068 ], [ 176.212007193206091, -37.655710063077279 ], [ 176.212683822664701, -37.656177603462105 ], [ 176.213407980040557, -37.656602850395736 ], [ 176.214083787449511, -37.657071115477841 ], [ 176.214757517596098, -37.657541225622438 ], [ 176.215390493870046, -37.658047595544602 ], [ 176.21602236532263, -37.658554945496157 ], [ 176.216746087776613, -37.658994590723346 ], [ 176.217469046047057, -37.659433528329629 ], [ 176.218168142655003, -37.65988387549266 ], [ 176.218881311723919, -37.660316486953619 ], [ 176.219570072068507, -37.660775946171526 ], [ 176.220265832137017, -37.661220649244122 ], [ 176.220977871462964, -37.661635606627506 ], [ 176.221695785989169, -37.66205447370848 ], [ 176.222366750868446, -37.66252737248584 ], [ 176.223032415501876, -37.663005235060012 ], [ 176.223717635398373, -37.663464769648449 ], [ 176.224407320790675, -37.66392011655423 ], [ 176.225050638739958, -37.664418911130291 ], [ 176.225719193248523, -37.664894053718506 ], [ 176.226401349820492, -37.66535644679341 ], [ 176.227085401076323, -37.665817061275206 ], [ 176.227751042407704, -37.666299960146432 ], [ 176.228440926128854, -37.666762317467935 ], [ 176.229126568094301, -37.667224432411864 ], [ 176.229808493269644, -37.667688529611212 ], [ 176.230461515490589, -37.668182272323193 ], [ 176.231167296668986, -37.668621893414333 ], [ 176.231879825401563, -37.66905459015689 ], [ 176.232597359296818, -37.669491353145773 ], [ 176.233303828465552, -37.669943267401081 ], [ 176.234005256523801, -37.670391902685402 ], [ 176.234748367274335, -37.670791109117019 ], [ 176.235464920302093, -37.67122068474896 ], [ 176.236201769074796, -37.671627047515614 ], [ 176.236910217863567, -37.672065886772288 ], [ 176.237620703380117, -37.672502394620146 ], [ 176.238358108585999, -37.672901088136598 ], [ 176.239066651720691, -37.673331017609421 ], [ 176.23979003827705, -37.673751659350266 ], [ 176.240488113088418, -37.674200209783528 ], [ 176.241211656342045, -37.674621262158411 ], [ 176.241929634298174, -37.675048320172337 ], [ 176.242652440476888, -37.67547016298051 ], [ 176.243373377618781, -37.675894605309118 ], [ 176.244121879269102, -37.676291523233481 ], [ 176.244870227884945, -37.676687511905129 ], [ 176.245614034950648, -37.677086126371087 ], [ 176.246340287428211, -37.677504307910667 ], [ 176.247084339438231, -37.677902643927794 ], [ 176.247865391043746, -37.678262955514256 ], [ 176.248625275259656, -37.678648966435759 ], [ 176.249404167311781, -37.679005238898021 ], [ 176.250176380408192, -37.679370657283847 ], [ 176.250972983017277, -37.679698828070116 ], [ 176.251745093725702, -37.680064400181557 ], [ 176.252497884937839, -37.680459475419873 ], [ 176.25327996584204, -37.680809819099771 ], [ 176.254011105138943, -37.681231102472317 ], [ 176.254756173404587, -37.681613178193345 ], [ 176.25551351098963, -37.681982865614181 ], [ 176.256270399182966, -37.682365865029766 ], [ 176.257030958493715, -37.682744039171389 ], [ 176.257807278974752, -37.683101503156159 ], [ 176.25858494831067, -37.683457192576256 ], [ 176.259350584988624, -37.68383056921212 ], [ 176.260129793857402, -37.684192324161266 ], [ 176.260902684182867, -37.684561873119286 ], [ 176.26167241773112, -37.684929041186344 ], [ 176.262423112836956, -37.685323576064953 ], [ 176.263204450643144, -37.685674059594646 ], [ 176.263961777000958, -37.686059059080797 ], [ 176.264758156443264, -37.686387915833642 ], [ 176.265531003703813, -37.686750599778286 ], [ 176.266349947497901, -37.687047013969071 ], [ 176.267130365306542, -37.687398810599312 ], [ 176.267896639050576, -37.687770939197364 ], [ 176.268690482369749, -37.688103431399966 ], [ 176.269488783687478, -37.688429512404653 ], [ 176.270290142471225, -37.688754489142418 ], [ 176.271088924269776, -37.689088004596016 ], [ 176.271885092273749, -37.689427445665366 ], [ 176.272678260337926, -37.689764946318022 ], [ 176.273462542037294, -37.690118247268295 ], [ 176.274226528887397, -37.690507634573429 ], [ 176.275074119757107, -37.690748363402783 ], [ 176.275904096782881, -37.691020409600519 ], [ 176.276734625814584, -37.691291472198344 ], [ 176.277551400117403, -37.691586991427492 ], [ 176.278321162924101, -37.691966106013133 ], [ 176.279076870800907, -37.692346735276388 ], [ 176.27982072258996, -37.692713546125603 ], [ 176.280528434576382, -37.693147366705027 ], [ 176.281301070890464, -37.693509709779626 ], [ 176.282068682389706, -37.693878972865051 ], [ 176.282860093117279, -37.694215449146739 ], [ 176.283643154563833, -37.694563424828878 ], [ 176.284441295423477, -37.694890625092391 ], [ 176.285236687909276, -37.695221608974173 ], [ 176.286002770194756, -37.695592968518966 ], [ 176.286778873785181, -37.695950520676206 ], [ 176.287545885752849, -37.696320595760476 ], [ 176.288339162862883, -37.696654484931507 ], [ 176.289129331915944, -37.696999584388479 ], [ 176.289941105596228, -37.697325533763923 ], [ 176.290760038984018, -37.69763404072318 ], [ 176.291584093077176, -37.69791659016915 ], [ 176.292395141732726, -37.698222249971089 ], [ 176.293187298501664, -37.698561481929538 ], [ 176.294019142841762, -37.698830182548932 ], [ 176.29484438623561, -37.699110612089605 ], [ 176.295668302577326, -37.699393398233283 ], [ 176.2965039338157, -37.699655362655861 ], [ 176.297336838378101, -37.699923869716493 ], [ 176.298166056533518, -37.70019886062893 ], [ 176.299012622529204, -37.700437456546034 ], [ 176.299843740671889, -37.700709029412501 ], [ 176.300667915911902, -37.700996078197306 ], [ 176.301490654036229, -37.701286330609577 ], [ 176.302316836904311, -37.701568904451634 ], [ 176.303142853151257, -37.701851849733444 ], [ 176.303959189864457, -37.702156372695519 ], [ 176.304807224164108, -37.702390234864595 ], [ 176.305634443549735, -37.702670497684416 ], [ 176.306472598437125, -37.702926381858951 ], [ 176.307291368793727, -37.703225479963713 ], [ 176.308118591756852, -37.703505734557211 ], [ 176.308943163439807, -37.703791899875355 ], [ 176.309801637993814, -37.704002480850839 ] ] } },
{ "type": "Feature", "properties": { "group_id": "nzd0218" }, "geometry": { "type": "LineString", "coordinates": [ [ 178.53046361600309, -37.71154948495515 ], [ 178.529953525678195, -37.712152546819546 ], [ 178.529378827170547, -37.712761889042149 ], [ 178.528796962772333, -37.713365623460447 ], [ 178.528484489822347, -37.714037072038394 ], [ 178.528029374704886, -37.714650435959463 ], [ 178.52742288167417, -37.715202158639769 ], [ 178.527094963266876, -37.715881187150522 ], [ 178.526737518879997, -37.716552808791242 ], [ 178.526258641158194, -37.717168386022372 ], [ 178.525810611728588, -37.717788147169109 ], [ 178.525451649374105, -37.718438999483006 ], [ 178.525152817904853, -37.719101796647472 ], [ 178.524770523075546, -37.719732305810531 ], [ 178.524476275031077, -37.720405958335633 ], [ 178.523974035163491, -37.721002371328581 ], [ 178.523588150736401, -37.721691498316517 ], [ 178.523406583116696, -37.72243477623217 ], [ 178.523174089279678, -37.723123111999911 ] ] } },
{ "type": "Feature", "properties": { "group_id": "nzd0219" }, "geometry": { "type": "LineString", "coordinates": [ [ 177.697844667625674, -37.726963145127208 ], [ 177.698715260981317, -37.726756572540737 ], [ 177.699535413111647, -37.726466913599083 ], [ 177.700303937952242, -37.72611011273122 ], [ 177.701041544192776, -37.725719440401605 ], [ 177.701795683125994, -37.725332274008188 ], [ 177.702514679991339, -37.724906877829213 ] ] } },
{ "type": "Feature", "properties": { "group_id": "nzd0220" }, "geometry": { "type": "LineString", "coordinates": [ [ 176.470113290975007, -37.74441732380248 ], [ 176.470466090262903, -37.745070738795796 ], [ 176.470911675711193, -37.745691411512013 ], [ 176.471373957889796, -37.746300209840051 ], [ 176.4718491637623, -37.746903314266156 ], [ 176.472328314201746, -37.747504998726249 ], [ 176.472867343234356, -37.748073342365146 ], [ 176.47339098825293, -37.748650050913533 ], [ 176.473884885885553, -37.74924378048383 ], [ 176.474382664477304, -37.749837031612621 ], [ 176.474916190846386, -37.750408059138202 ], [ 176.475424054389919, -37.750993765031595 ], [ 176.476020601752822, -37.751528158092157 ], [ 176.476483640410322, -37.752140456732207 ], [ 176.476946629826216, -37.752754193847622 ], [ 176.477492985052862, -37.753309459904585 ] ] } },
{ "type": "Feature", "properties": { "group_id": "nzd0221" }, "geometry": { "type": "LineString", "coordinates": [ [ 174.830342653509774, -37.756941130284332 ], [ 174.830163445820943, -37.756245239462721 ], [ 174.830087537696386, -37.755532353836152 ], [ 174.829852839945062, -37.754833899125245 ], [ 174.829738735145781, -37.75410335472089 ], [ 174.829388660688267, -37.75343489332392 ], [ 174.829259194637189, -37.752724286725801 ], [ 174.828901783731226, -37.752065179673174 ], [ 174.828719819382144, -37.751366032767095 ], [ 174.828551761422347, -37.7506632862072 ], [ 174.828205799019941, -37.74999635401511 ], [ 174.827869680964085, -37.749329659542873 ], [ 174.827554741532481, -37.748663864007973 ], [ 174.827280109113673, -37.747986465428049 ], [ 174.827054988273431, -37.747293887257392 ], [ 174.826842431274656, -37.746598555160844 ], [ 174.826550027502492, -37.745926983631904 ], [ 174.826288758218652, -37.745281317396213 ], [ 174.826068565337124, -37.744633932247602 ], [ 174.825872139561255, -37.743945657841543 ], [ 174.825758848585991, -37.74323498070703 ], [ 174.825505316212201, -37.742547085108541 ] ] } },
{ "type": "Feature", "properties": { "group_id": "nzd0222" }, "geometry": { "type": "LineString", "coordinates": [ [ 176.444284156201462, -37.754029191633514 ], [ 176.445178417340401, -37.75409489889379 ], [ 176.446067585045796, -37.754218372311108 ], [ 176.446963430410619, -37.754286613311272 ], [ 176.447860277446011, -37.75433081930295 ], [ 176.448756517461334, -37.754380519691743 ], [ 176.449654524532946, -37.754422301701531 ], [ 176.450554160773748, -37.754468442658272 ], [ 176.451452961928226, -37.754507555668148 ], [ 176.452352945773072, -37.754532815529323 ], [ 176.453250384913218, -37.754464524708446 ] ] } },
{ "type": "Feature", "properties": { "group_id": "nzd0223" }, "geometry": { "type": "LineString", "coordinates": [ [ 174.833897129177046, -37.775661119286703 ], [ 174.833796101742308, -37.774953927153433 ], [ 174.833619432214391, -37.774257572602693 ], [ 174.833600095928574, -37.773540593653784 ], [ 174.833458471663391, -37.772839964785433 ], [ 174.833567379962716, -37.772115256543437 ], [ 174.833350961472831, -37.77141884679687 ], [ 174.833188630181382, -37.770719314166712 ], [ 174.833107862239814, -37.770011312904813 ], [ 174.832915032573851, -37.769317383089955 ], [ 174.832764956957476, -37.76861674327661 ], [ 174.832636350422916, -37.767914844201769 ], [ 174.832620550609988, -37.767197827878221 ], [ 174.832520674474523, -37.766490842026037 ], [ 174.832350206151602, -37.765792955557792 ], [ 174.832539746190918, -37.765041934166895 ] ] } },
{ "type": "Feature", "properties": { "group_id": "nzd0224" }, "geometry": { "type": "LineString", "coordinates": [ [ 178.459813970998539, -37.803431509404398 ], [ 178.459393787443844, -37.804059266464655 ], [ 178.458886161293577, -37.804646021279943 ], [ 178.458401033405295, -37.805243319560518 ], [ 178.457984312892961, -37.805872685551627 ], [ 178.457481419308181, -37.806461644777521 ], [ 178.456889837269642, -37.807010653177976 ], [ 178.456353135477144, -37.807588110029272 ], [ 178.455900417851154, -37.808201329448856 ], [ 178.455462608988057, -37.808820506673833 ], [ 178.455039212149444, -37.809445985460826 ], [ 178.454493259475385, -37.810017829504233 ], [ 178.454099140062169, -37.810656109867843 ], [ 178.453573413582689, -37.811238295629202 ], [ 178.453075793847802, -37.811841524061649 ], [ 178.452600679870528, -37.812458279511617 ], [ 178.452110141101542, -37.813061760174108 ], [ 178.45167604357772, -37.813685218030365 ], [ 178.451297582781393, -37.814328368149745 ], [ 178.450923400990916, -37.814973027676899 ], [ 178.450420636126609, -37.815572158250625 ], [ 178.450026996404688, -37.81620991801006 ], [ 178.449581405271886, -37.816829279508681 ], [ 178.449208945828673, -37.817490038045484 ], [ 178.448861445960631, -37.818197654758386 ], [ 178.448529270142814, -37.818911745250801 ], [ 178.448249039020396, -37.819593009119359 ], [ 178.44798290383477, -37.82027620277487 ], [ 178.447744127768885, -37.820963148062589 ], [ 178.447478938822456, -37.821646458781508 ], [ 178.447025177823718, -37.822343343600558 ], [ 178.447212732966221, -37.823199982103844 ], [ 178.447310928898304, -37.824004967985282 ], [ 178.44717930427754, -37.824743579753935 ], [ 178.447164275114886, -37.825465824274801 ], [ 178.44744461002918, -37.826146618090391 ], [ 178.447706837483963, -37.826829945786542 ], [ 178.448076300315847, -37.827498219508684 ] ] } },
{ "type": "Feature", "properties": { "group_id": "nzd0225" }, "geometry": { "type": "LineString", "coordinates": [ [ 174.836467974837575, -37.792730914389125 ], [ 174.836324681199443, -37.792010562990576 ], [ 174.836209547922579, -37.791281362883034 ], [ 174.836080813484614, -37.790563559615386 ], [ 174.836136715336067, -37.789846319540345 ], [ 174.836259583654254, -37.789126206319686 ], [ 174.836181673855265, -37.788418691373231 ], [ 174.836204291450514, -37.787706223069087 ], [ 174.836214761849533, -37.786991214427552 ], [ 174.836234611971236, -37.786270070545854 ], [ 174.835854723764726, -37.78559595864197 ], [ 174.835696321499796, -37.784896382199278 ], [ 174.835643419727745, -37.784185502960717 ], [ 174.835645954068013, -37.783469163520913 ], [ 174.835505117506472, -37.782766657620648 ], [ 174.835343703062421, -37.782067056069472 ], [ 174.835200778818319, -37.781365627111363 ] ] } },
{ "type": "Feature", "properties": { "group_id": "nzd0226" }, "geometry": { "type": "LineString", "coordinates": [ [ 176.481266931950415, -37.757628368634514 ], [ 176.481986714765299, -37.758056511709576 ], [ 176.482678828733413, -37.758509443771217 ], [ 176.483318048199436, -37.759011234508712 ], [ 176.483905250734551, -37.759554725749211 ], [ 176.484554018101534, -37.760045657289929 ], [ 176.485201984119556, -37.760537734260467 ], [ 176.485789297900311, -37.761077781199234 ], [ 176.48639261102133, -37.76160385262019 ], [ 176.487003117255881, -37.762124853659614 ], [ 176.487689628645285, -37.762583928224295 ], [ 176.488346015003856, -37.763069728145155 ], [ 176.488910002862696, -37.763629975584273 ], [ 176.489546405749508, -37.764130598487412 ], [ 176.49024069973683, -37.76457853459474 ], [ 176.490911631560266, -37.765047500435806 ], [ 176.491584186686993, -37.765521249316883 ], [ 176.492222484378118, -37.766024001653079 ], [ 176.492819281208313, -37.766558349679919 ], [ 176.493505910379838, -37.767015344918335 ], [ 176.494183534879113, -37.767481249206156 ], [ 176.494823675156141, -37.7679820414114 ], [ 176.49550702871332, -37.768442606225555 ], [ 176.496188204580875, -37.768905163886544 ], [ 176.496879973127562, -37.769357845164954 ], [ 176.497557998474406, -37.769820430614089 ], [ 176.498243674456859, -37.770276644700374 ], [ 176.498907853196528, -37.770758696539318 ], [ 176.49961611360726, -37.771195177406852 ], [ 176.500276334367271, -37.77168124659385 ], [ 176.500923545707536, -37.772177682657464 ], [ 176.501614193281142, -37.772630576521287 ], [ 176.502298648663384, -37.773090408752623 ], [ 176.50295914995354, -37.773575420964207 ], [ 176.503704121559309, -37.773976135894429 ], [ 176.504419598414415, -37.774405209986917 ], [ 176.505101006879613, -37.774869256378622 ], [ 176.505772765800202, -37.77534323228123 ], [ 176.506457867071219, -37.775803472672962 ], [ 176.50714970620362, -37.776251319649631 ], [ 176.507837925359269, -37.776700274549199 ], [ 176.508514997252547, -37.777166302548167 ], [ 176.50924371648145, -37.777578492882128 ], [ 176.509971911061854, -37.777992248052101 ], [ 176.510655008428728, -37.77845661293523 ], [ 176.511356545426423, -37.778900938489762 ], [ 176.512078707951957, -37.779322849144563 ], [ 176.512788654130219, -37.779758073789203 ], [ 176.513485600950276, -37.78020735072667 ], [ 176.51416768300038, -37.780672117284588 ], [ 176.514890099203143, -37.781093781695041 ], [ 176.515608469808171, -37.781519934704875 ], [ 176.516364794595916, -37.781904105705877 ], [ 176.517047891251934, -37.782369401801013 ], [ 176.517810640447493, -37.782742590020405 ], [ 176.51855649102913, -37.783136612026709 ], [ 176.519285068647292, -37.783554522034798 ], [ 176.520026162650083, -37.783956561651188 ], [ 176.52074578260499, -37.784384696082626 ], [ 176.521458703804143, -37.784813432183704 ], [ 176.522135980527082, -37.785279306682789 ], [ 176.522851487525173, -37.785709552577323 ], [ 176.523594479385054, -37.786110267495474 ], [ 176.524312680733004, -37.786536991915554 ], [ 176.525056397633819, -37.786935075877643 ], [ 176.525746470388299, -37.787392763603556 ], [ 176.526507998259206, -37.787771051626919 ], [ 176.527216712720303, -37.788208020789746 ], [ 176.527935319672793, -37.788633990880484 ], [ 176.528695950555601, -37.789013751800034 ], [ 176.529416698390349, -37.789437563167752 ], [ 176.53013924384004, -37.789857683622841 ], [ 176.530876035933176, -37.790260565966484 ], [ 176.531610028355828, -37.790668364325626 ], [ 176.532325209002465, -37.791099491044378 ], [ 176.533025196149765, -37.791548398377095 ], [ 176.533749895303117, -37.79196907474963 ], [ 176.534437313566769, -37.792429589687863 ], [ 176.535147993213712, -37.792863550385377 ], [ 176.535868685647358, -37.793286916360472 ], [ 176.536552866105779, -37.793749574948791 ], [ 176.537266131124596, -37.79418202528047 ], [ 176.538030272721443, -37.794556468587906 ], [ 176.538741502045553, -37.794992154995732 ], [ 176.539432221124144, -37.795446522066491 ], [ 176.540143163632251, -37.795879549545312 ], [ 176.540873382125284, -37.796292841738349 ], [ 176.541593646948257, -37.796716636383202 ], [ 176.542297791594535, -37.797157405974346 ], [ 176.54302419325154, -37.797574061763534 ], [ 176.543751791843732, -37.797988034189672 ], [ 176.544503391458164, -37.798373956555594 ], [ 176.545234168244917, -37.798786242137624 ], [ 176.545966843056902, -37.799197210093631 ], [ 176.546709736828888, -37.79959595263901 ], [ 176.547455998783249, -37.799990664027185 ], [ 176.548210744577005, -37.800374252108284 ], [ 176.548934966743246, -37.80079493171985 ], [ 176.549714014893368, -37.801150300110749 ], [ 176.550433984342021, -37.801577349253186 ], [ 176.551156129537986, -37.802001273600339 ], [ 176.551889383136796, -37.802411756950896 ], [ 176.552600463994679, -37.802850030387432 ], [ 176.553312659369539, -37.803285535603777 ], [ 176.554007828363268, -37.803738665840044 ], [ 176.554700180194601, -37.804193301878811 ], [ 176.555448068195915, -37.804586759526529 ], [ 176.556172944691781, -37.805005585235044 ], [ 176.556915173758654, -37.805405410679441 ], [ 176.557621390424657, -37.805843818960973 ], [ 176.558339588408955, -37.806267637293871 ], [ 176.559119287917014, -37.806620732425699 ], [ 176.559817008804742, -37.807075689821488 ], [ 176.560556567264769, -37.807478490987066 ], [ 176.561291742434577, -37.807886163577308 ], [ 176.562034230399149, -37.808285240917435 ], [ 176.562779290563384, -37.808681003192014 ], [ 176.563509860033321, -37.80909111187043 ], [ 176.56427554390126, -37.809459144625627 ], [ 176.565036574352973, -37.80983609720203 ], [ 176.565761133640336, -37.810259850958737 ], [ 176.566486227966806, -37.810682912688634 ], [ 176.567218542623039, -37.811096623705367 ], [ 176.568000888734758, -37.811446415019255 ], [ 176.5687362716059, -37.811855508433418 ], [ 176.569461932331564, -37.812274463768787 ], [ 176.570171882256801, -37.812711263296904 ], [ 176.570878422734211, -37.813152018062368 ], [ 176.571608095685036, -37.813565920974774 ], [ 176.572380715903108, -37.813929627913268 ], [ 176.573152611195042, -37.814291939702223 ], [ 176.573895086305583, -37.814691117854011 ], [ 176.574645744277888, -37.815080688879348 ], [ 176.575405804848202, -37.815458495729693 ], [ 176.576146904756627, -37.815859726364678 ], [ 176.576911941497542, -37.816230834476166 ], [ 176.577647170864594, -37.816639965790678 ], [ 176.578372449413905, -37.81706181037908 ], [ 176.579120408851168, -37.817454936141282 ], [ 176.622621917739252, -37.838704403402161 ], [ 176.623050488208264, -37.838873353496602 ] ] } },
{ "type": "Feature", "properties": { "group_id": "nzd0227" }, "geometry": { "type": "LineString", "coordinates": [ [ 177.633341399871824, -37.812576523111538 ], [ 177.63425174570861, -37.812496124370618 ], [ 177.635141874565647, -37.812365992355737 ], [ 177.636006807744224, -37.81217388395816 ] ] } },
{ "type": "Feature", "properties": { "group_id": "nzd0228" }, "geometry": { "type": "LineString", "coordinates": [ [ 174.82477395536975, -37.82171381683397 ], [ 174.825538708030564, -37.821321727355823 ], [ 174.826158476279858, -37.820798100789155 ], [ 174.826836476400331, -37.820302510818635 ], [ 174.827432636548735, -37.81975494280055 ] ] } },
{ "type": "Feature", "properties": { "group_id": "nzd0229" }, "geometry": { "type": "LineString", "coordinates": [ [ 176.623855703679652, -37.83918763802729 ], [ 176.624673644763874, -37.83948047578491 ], [ 176.625497699641727, -37.839763008460842 ], [ 176.626302219558482, -37.840082187548497 ], [ 176.627088093858958, -37.840436228223396 ], [ 176.627862054771072, -37.840802906924274 ], [ 176.628640262532883, -37.841157907448462 ], [ 176.629428964788787, -37.841497134352245 ], [ 176.63023561943794, -37.84180937861975 ], [ 176.631020865689777, -37.842153130836742 ], [ 176.631799197927961, -37.842504043373118 ], [ 176.632587954119487, -37.842840508097531 ], [ 176.633344441128344, -37.84323154143754 ], [ 176.6341597210114, -37.843529546973087 ], [ 176.6349713459783, -37.843833333462754 ], [ 176.635783073825849, -37.844133659352998 ], [ 176.636579145811481, -37.844456403570234 ], [ 176.637353022743923, -37.84482059279803 ], [ 176.638113146749589, -37.845210671759027 ], [ 176.638933296752725, -37.845499780403088 ], [ 176.639750101964751, -37.845794513392562 ], [ 176.640569932703471, -37.846084155081499 ], [ 176.64137172395931, -37.846398784875127 ], [ 176.642160340305622, -37.846737190871977 ], [ 176.642974072336358, -37.847036601746233 ], [ 176.719286983968402, -37.87379176034095 ], [ 176.720086711178169, -37.874135537264031 ], [ 176.720900553779614, -37.874439450236359 ], [ 176.721709348792018, -37.874745606750963 ], [ 176.722539821980604, -37.87501536326161 ], [ 176.723384857519306, -37.875256272149919 ], [ 176.72422229482018, -37.875512230282517 ], [ 176.725077005826648, -37.875733968531321 ], [ 176.72589942307269, -37.8760196769177 ], [ 176.726718535379035, -37.87631193144545 ], [ 176.72755491383478, -37.876569980657479 ], [ 176.728381422592378, -37.876847580529414 ], [ 176.72918357905391, -37.877173422937176 ], [ 176.730037526247315, -37.877396662903664 ], [ 176.730877752964403, -37.877647082226034 ], [ 176.731722016423845, -37.877881018799279 ], [ 176.732543701230099, -37.878164467068537 ], [ 176.733370168631666, -37.878449865627779 ], [ 176.734199726003794, -37.878729012458564 ], [ 176.735041366027787, -37.878978487203206 ], [ 176.735876974018367, -37.879242775566773 ], [ 176.736710138952105, -37.879513064115173 ], [ 176.737542476246688, -37.879785385770042 ], [ 176.73837127706588, -37.880066393506389 ], [ 176.739226088913369, -37.880283518158791 ], [ 176.74009367445197, -37.880469268211478 ], [ 176.740941044369293, -37.880699665064547 ], [ 176.741783327325805, -37.88094038142799 ], [ 176.742615158127251, -37.881209114992636 ], [ 176.743466536469072, -37.881434730406852 ], [ 176.744320147961076, -37.881660710989649 ], [ 176.745195107638551, -37.881830855368435 ], [ 176.746060305698109, -37.882020989681578 ], [ 176.746919219603058, -37.882228107271168 ], [ 176.747788383318976, -37.882407084555474 ], [ 176.748632958819229, -37.882653564580522 ], [ 176.749459172834662, -37.882950456042479 ] ] } },
{ "type": "Feature", "properties": { "group_id": "nzd0230" }, "geometry": { "type": "LineString", "coordinates": [ [ 177.555442787496276, -37.882939447450234 ], [ 177.556226723233152, -37.88258906723361 ], [ 177.556989875429394, -37.882214558728187 ], [ 177.557740726365665, -37.881825768710499 ], [ 177.558498655505588, -37.881445193256184 ], [ 177.559283188021652, -37.881095497067633 ], [ 177.560059976053481, -37.88074032828677 ], [ 177.560827848930444, -37.880377657371497 ], [ 177.561612011456901, -37.880032447841877 ], [ 177.562396232171608, -37.879686830575551 ], [ 177.563168189827309, -37.879324885970419 ], [ 177.563934070778544, -37.878954850183113 ], [ 177.564726432616794, -37.87862016525829 ], [ 177.565529037694006, -37.878300821855191 ], [ 177.566324156427896, -37.877970927876049 ], [ 177.56709966433192, -37.877613584793039 ], [ 177.567887233643461, -37.877273115671265 ], [ 177.568669714128731, -37.876927409986422 ], [ 177.569463177766607, -37.876595520622217 ], [ 177.570235267244584, -37.876233462132298 ], [ 177.571017034996913, -37.875882968148559 ], [ 177.571779826473659, -37.875509848470131 ], [ 177.572542410616251, -37.875136843280572 ], [ 177.573269647549864, -37.874720871241259 ], [ 177.574030604444715, -37.874338447105977 ], [ 177.574744269452452, -37.873908272769519 ], [ 177.575445745018186, -37.873466127752664 ], [ 177.576129976192817, -37.873006467686977 ], [ 177.57677569217276, -37.872510269270506 ], [ 177.577411024156675, -37.872007869260322 ], [ 177.578001413004927, -37.87147379518283 ], [ 177.578586189711984, -37.870935467322752 ], [ 177.579177925342975, -37.870402940559103 ], [ 177.579748126443349, -37.869847893679243 ], [ 177.580295071543247, -37.86928218103936 ] ] } },
{ "type": "Feature", "properties": { "group_id": "nzd0232" }, "geometry": { "type": "LineString", "coordinates": [ [ 174.773045799544917, -37.911595607054707 ], [ 174.772824675279224, -37.910906160870702 ], [ 174.772644870383573, -37.91020547907307 ], [ 174.772544721508126, -37.909483142630265 ], [ 174.772279229979659, -37.908805735306537 ], [ 174.771981358015751, -37.908137121951441 ], [ 174.771597041549398, -37.907491995763685 ], [ 174.771301243472692, -37.906822806527749 ], [ 174.770896118502776, -37.906183323256229 ], [ 174.77061471512269, -37.905510209684529 ], [ 174.770344325315421, -37.9048340967556 ], [ 174.770124256040162, -37.904144301810021 ], [ 174.76982386594338, -37.903476329846953 ], [ 174.769600899015842, -37.902787309982223 ], [ 174.769435100676588, -37.902082746703037 ], [ 174.769204110360477, -37.901395894848982 ], [ 174.768952658224379, -37.900727169187327 ], [ 174.768631819232866, -37.900075948592217 ], [ 174.768245064147806, -37.899428094323994 ], [ 174.768003949081589, -37.898745106649443 ], [ 174.767755619715558, -37.898063845366345 ], [ 174.767529840373385, -37.89737709094652 ], [ 174.767403798316394, -37.896665736351871 ], [ 174.767156139085387, -37.895983658755988 ], [ 174.766720873995951, -37.895347588038454 ], [ 174.766515519619446, -37.894655868635567 ], [ 174.766352799925642, -37.89395382446515 ], [ 174.766041779155046, -37.893287665660182 ], [ 174.765699605898675, -37.892629040086277 ], [ 174.76539710177255, -37.891960807564182 ] ] } },
{ "type": "Feature", "properties": { "group_id": "nzd0234" }, "geometry": { "type": "LineString", "coordinates": [ [ 176.905478762171867, -37.912841386337078 ], [ 176.906370830999322, -37.912924587170338 ], [ 176.907248494756885, -37.913086038832581 ], [ 176.908112964858674, -37.913320114601703 ], [ 176.909005201645556, -37.913406379399504 ], [ 176.909896319477696, -37.913497557834724 ], [ 176.910784169469082, -37.913603960190756 ], [ 176.911677862641341, -37.913677210398845 ], [ 176.912552651998368, -37.91385771113471 ], [ 176.913443327342463, -37.913948080964047 ], [ 176.914343792725418, -37.913982897421498 ], [ 176.915230760558586, -37.914094297730784 ], [ 176.916117340940673, -37.914207896018574 ], [ 176.916993109358657, -37.914382851434894 ], [ 176.917863814846129, -37.914586544984587 ], [ 176.918757692941995, -37.91465873057129 ], [ 176.91964229590846, -37.914783555038575 ], [ 176.920520455226779, -37.914944953999075 ], [ 176.921401557512297, -37.91508965174507 ], [ 176.922266592094417, -37.915280581432 ], [ 176.923161233367722, -37.915312305735782 ], [ 176.924063893568189, -37.915354308831198 ], [ 176.924948914048343, -37.915475335577661 ] ] } },
{ "type": "Feature", "properties": { "group_id": "nzd0235" }, "geometry": { "type": "LineString", "coordinates": [ [ 178.392524878720593, -37.913830019670385 ], [ 178.392044530938932, -37.914448207079431 ], [ 178.391600112814643, -37.915076217351086 ], [ 178.391219447265428, -37.915721661596642 ], [ 178.390891204063223, -37.916381440312819 ], [ 178.390575724012734, -37.917044704492007 ], [ 178.390375617049045, -37.91773952307031 ], [ 178.390189260987881, -37.91843809680875 ], [ 178.389980902229411, -37.919129620594958 ], [ 178.389854127644838, -37.919812754798777 ], [ 178.389735551479362, -37.920506036685062 ], [ 178.389640341399826, -37.921212654394239 ], [ 178.389564095032625, -37.921919603869924 ], [ 178.389524407711491, -37.922627199206502 ], [ 178.389427667786521, -37.923333769254263 ], [ 178.389390028233578, -37.924041387541813 ], [ 178.389414435373567, -37.924745277338083 ], [ 178.389450312657914, -37.925447885432618 ], [ 178.389456573724175, -37.926161094784661 ], [ 178.389438110488101, -37.92687755410045 ], [ 178.389563723265496, -37.927578663955671 ], [ 178.38962794808819, -37.928286304257377 ], [ 178.389714229815866, -37.928999226456348 ], [ 178.389880456441944, -37.929709891056163 ], [ 178.389963580220382, -37.930436452945159 ], [ 178.390079347394675, -37.931153615369666 ], [ 178.390252854491195, -37.931859494948824 ], [ 178.390566146414187, -37.932538799476298 ], [ 178.390887550355728, -37.9332121109368 ], [ 178.391149438691855, -37.933893059060622 ], [ 178.39150164953449, -37.934544286242399 ], [ 178.391997840720251, -37.935148139640347 ] ] } },
{ "type": "Feature", "properties": { "group_id": "nzd0236" }, "geometry": { "type": "LineString", "coordinates": [ [ 177.507155976376424, -37.928651046145426 ], [ 177.507972086677682, -37.928355392796981 ], [ 177.508802509743361, -37.928085682695958 ], [ 177.509640102936515, -37.927828968298051 ] ] } },
{ "type": "Feature", "properties": { "group_id": "nzd0237" }, "geometry": { "type": "LineString", "coordinates": [ [ 174.776954641528761, -37.922294400642969 ], [ 174.776766691063926, -37.921598609683102 ], [ 174.776564011776372, -37.920912758260151 ], [ 174.776176864682668, -37.920273824026602 ], [ 174.775846836314201, -37.91961413240265 ], [ 174.775542074839109, -37.918944878728041 ], [ 174.775345567884074, -37.918252851723445 ], [ 174.775006221290482, -37.9175908588374 ], [ 174.774911686791143, -37.916877373190751 ] ] } },
{ "type": "Feature", "properties": { "group_id": "nzd0238" }, "geometry": { "type": "LineString", "coordinates": [ [ 177.449356371583633, -37.961128119736877 ], [ 177.450246473116351, -37.961005926980775 ], [ 177.451147633490564, -37.960913623026705 ], [ 177.452019322462007, -37.960741656996646 ], [ 177.452872155275287, -37.96051872505295 ], [ 177.453735310916244, -37.96032369491288 ], [ 177.454606088362056, -37.960149264803768 ], [ 177.455464424279938, -37.959941208564082 ], [ 177.456317141931777, -37.95971796892178 ], [ 177.45717255484908, -37.959502014795149 ], [ 177.458023007810681, -37.959272657226741 ] ] } },
{ "type": "Feature", "properties": { "group_id": "nzd0239" }, "geometry": { "type": "LineString", "coordinates": [ [ 177.023730823145428, -37.9564169320251 ], [ 177.024304065942658, -37.956962238302737 ], [ 177.024936016359817, -37.9574669010901 ], [ 177.025650646867092, -37.95791432531319 ], [ 177.02644444933668, -37.958306938463437 ], [ 177.027287949337904, -37.958662230423251 ], [ 177.028012050477713, -37.959042859387957 ], [ 177.028756563860696, -37.959431905653361 ], [ 177.029553537014635, -37.95975807227353 ], [ 177.030330518790009, -37.960115118651274 ], [ 177.031076933685824, -37.960519382235113 ], [ 177.031875050377465, -37.960843777865932 ], [ 177.032657110309685, -37.961192975905973 ], [ 177.033429524905529, -37.961557072676818 ], [ 177.034180648856335, -37.961967294994601 ], [ 177.035014050048204, -37.962248275068035 ], [ 177.035834246623438, -37.962542021614098 ], [ 177.036670769199588, -37.962799347210911 ], [ 177.037452489314944, -37.963169277104569 ], [ 177.038276470641762, -37.963452370978153 ], [ 177.038991364433684, -37.963959617856496 ], [ 177.039824990987455, -37.964222894127339 ], [ 177.040693555119248, -37.964414377204434 ], [ 177.041515092853103, -37.964702491069261 ], [ 177.042350353085737, -37.964962405683565 ], [ 177.043174635111541, -37.96524487859314 ], [ 177.044007394609508, -37.965509929713299 ], [ 177.044814892670956, -37.965826892090348 ], [ 177.045629978037255, -37.966128262476907 ], [ 177.046488208653415, -37.966340966275766 ], [ 177.047287335882146, -37.966675130518354 ], [ 177.04807347066486, -37.967035996442959 ], [ 177.048889910321094, -37.96733458272039 ], [ 177.049765407685896, -37.96751179452054 ], [ 177.050635971043789, -37.967699142772567 ], [ 177.051485913262781, -37.967928868949329 ], [ 177.052300219647236, -37.968231834379111 ], [ 177.053125410599705, -37.968533425157503 ], [ 177.053970021832725, -37.96882426130199 ], [ 177.054825803258638, -37.969071459810039 ], [ 177.055694121633422, -37.969253083003935 ], [ 177.056502169835312, -37.969593703796761 ], [ 177.057324726049188, -37.969896053716852 ], [ 177.058115557496507, -37.97028210229103 ], [ 177.058897843809916, -37.970690699996297 ], [ 177.059804655966246, -37.970770768175576 ], [ 177.060743440233779, -37.970766475569434 ], [ 177.061600839235695, -37.970976901161755 ], [ 177.062471423784274, -37.971152535908729 ], [ 177.063335961777597, -37.971344122100206 ], [ 177.064198557844179, -37.971540830316705 ], [ 177.065054766513526, -37.971754390826504 ], [ 177.065920032687643, -37.971944050416134 ], [ 177.066781768506615, -37.972143023706728 ], [ 177.067635476491432, -37.972363179159338 ], [ 177.068469491018703, -37.97263530170779 ], [ 177.069321222787806, -37.972860671651013 ], [ 177.070186956989033, -37.973049089439371 ], [ 177.071061970031707, -37.973213018366501 ], [ 177.071903971949212, -37.973464062247487 ], [ 177.072738214226035, -37.973735584974605 ], [ 177.073605757568885, -37.973919222503604 ], [ 177.074479436785197, -37.974086663989368 ], [ 177.075384828417327, -37.974188038691928 ], [ 177.076253589286267, -37.974409148342041 ], [ 177.077129382488209, -37.974595185370688 ], [ 177.077996603801921, -37.974784331030286 ], [ 177.078879502319182, -37.974914149254104 ], [ 177.079747083233002, -37.975101934407782 ], [ 177.080608879560799, -37.975311612859755 ], [ 177.081444426647948, -37.975620638988303 ], [ 177.082324839634055, -37.975759864258713 ], [ 177.083206666842983, -37.975893734943419 ], [ 177.084064732121874, -37.976117543039969 ], [ 177.084950665431677, -37.976235869879069 ], [ 177.085837747492832, -37.976349845282556 ], [ 177.086702825285727, -37.976547111504011 ], [ 177.087575669732701, -37.97671497879319 ], [ 177.088452539520034, -37.976867607642248 ], [ 177.089332135331006, -37.977009915522849 ], [ 177.090192017501352, -37.977226853723622 ], [ 177.091053511401441, -37.97743769268402 ], [ 177.091919292058066, -37.977632304195993 ], [ 177.092806301465203, -37.977746542311046 ], [ 177.093690181268244, -37.977872626506951 ], [ 177.094565838413502, -37.97802984197132 ], [ 177.095433565177757, -37.978217084750099 ], [ 177.096288361201033, -37.978453291636427 ], [ 177.097137096352185, -37.97871245274937 ], [ 177.098016378967401, -37.978859056737932 ], [ 177.098915236571031, -37.978967433923323 ], [ 177.099838070258244, -37.978962087812292 ], [ 177.100734109346689, -37.979033010025134 ], [ 177.101593973629747, -37.979263951394323 ], [ 177.102462544579282, -37.979456381826694 ], [ 177.103353856899872, -37.979548208716622 ], [ 177.104227342322758, -37.979718899608322 ], [ 177.105116195773007, -37.979821600000605 ], [ 177.106018173155945, -37.979866231479136 ], [ 177.106898610519664, -37.980006160953579 ], [ 177.107770079911234, -37.980185770584541 ], [ 177.108622599695849, -37.98044923173493 ], [ 177.109478170191267, -37.980699201088925 ], [ 177.110363186840971, -37.980818873527909 ], [ 177.111291829793231, -37.980745483553008 ], [ 177.11218409996863, -37.980833044799887 ], [ 177.11303445029958, -37.981106123804729 ], [ 177.113878103115468, -37.981408852668231 ], [ 177.114757209488715, -37.981554677316801 ], [ 177.115650088069941, -37.9816395449486 ], [ 177.116545759043362, -37.981712048305432 ], [ 177.117439624609943, -37.981792537731302 ], [ 177.118312517531621, -37.981965858826221 ], [ 177.119137541529824, -37.982351082269027 ], [ 177.120016799431426, -37.98249623723656 ], [ 177.120886705196995, -37.982682793662342 ], [ 177.121806180249791, -37.982649902683775 ], [ 177.122718088958635, -37.98265049705995 ], [ 177.123602456023491, -37.982773020678273 ], [ 177.124479997534536, -37.982925763448314 ], [ 177.125318478268383, -37.983253766582841 ], [ 177.126219112002616, -37.983308123756252 ], [ 177.127110487175997, -37.983401214531135 ], [ 177.128031594143181, -37.983357652182399 ], [ 177.128925149809163, -37.983438622147602 ], [ 177.129827940214199, -37.983477840038461 ], [ 177.130752648302575, -37.983417963219004 ], [ 177.131633476607504, -37.983556453304303 ], [ 177.132548792327071, -37.983539018365384 ], [ 177.13342126217367, -37.983716642140521 ], [ 177.134310444450676, -37.983824630284509 ], [ 177.135175751068772, -37.98403560569659 ], [ 177.136043307456191, -37.984231201053817 ], [ 177.136842466918409, -37.984724060379641 ], [ 177.137623020852402, -37.985297803751841 ], [ 177.138452328592109, -37.985659671823363 ], [ 177.139267362988619, -37.986083591619426 ], [ 177.139997150317697, -37.986528117612821 ], [ 177.140610855546498, -37.986999759929766 ], [ 177.141446901681888, -37.987106081988046 ], [ 177.142208013491086, -37.987536673745446 ] ] } },
{ "type": "Feature", "properties": { "group_id": "nzd0240" }, "geometry": { "type": "LineString", "coordinates": [ [ 177.157014820489366, -37.987529420878587 ], [ 177.157934692402819, -37.987115284193798 ], [ 177.158837062260886, -37.987042814243438 ], [ 177.159741613986455, -37.986927687803721 ], [ 177.160652806750079, -37.986682770436417 ], [ 177.161551235895018, -37.986687149720794 ], [ 177.162438077347559, -37.986917962937774 ], [ 177.163325947390433, -37.987128728985709 ], [ 177.164239647357391, -37.986834615995789 ], [ 177.165137288011579, -37.98685437582666 ], [ 177.166023526696023, -37.987097084858604 ], [ 177.16691661123437, -37.987205967057825 ], [ 177.208062856177463, -37.990246643209666 ], [ 177.208959879580476, -37.990313555865647 ], [ 177.209858060490888, -37.990299051661552 ], [ 177.210754591027239, -37.990400709432784 ], [ 177.211650657716177, -37.990535130443952 ], [ 177.212549589305354, -37.990467709138208 ], [ 177.213446911912371, -37.990513668428939 ], [ 177.214341618663809, -37.990744262463686 ], [ 177.215238270108642, -37.990837760276669 ], [ 177.216135464334201, -37.990892980616422 ], [ 177.217033266407896, -37.990905258017676 ], [ 177.217931848128728, -37.990862366935701 ], [ 177.218831398687314, -37.990750823826112 ], [ 177.219726354549096, -37.990964501980272 ], [ 177.220623027269113, -37.991056739501133 ], [ 177.221523096482599, -37.990908245292815 ], [ 177.222421419823689, -37.990883398100614 ], [ 177.223320092728983, -37.99083367847696 ], [ 177.224217441256911, -37.990877924032723 ], [ 177.225115135797097, -37.991024339573002 ], [ 177.226021475139277, -37.991042229846656 ], [ 177.226926459257555, -37.991052230370535 ], [ 177.22782468398708, -37.991064652509223 ], [ 177.228723826369304, -37.991129013181244 ], [ 177.229622287584704, -37.991154788601136 ], [ 177.230520326987346, -37.991156697720129 ], [ 177.231417673328849, -37.991119441075803 ], [ 177.232317281071147, -37.991209992371154 ], [ 177.233214911296841, -37.991188797353175 ], [ 177.234111716994477, -37.99112108971066 ], [ 177.235010630499971, -37.991172378384441 ], [ 177.235909194506263, -37.991203920467811 ], [ 177.314038438114864, -37.989817655232912 ], [ 177.314946527064762, -37.989837410927827 ], [ 177.315833000979467, -37.989721347592081 ], [ 177.316713259288292, -37.989566237256206 ], [ 177.317607005635978, -37.989495874649421 ], [ 177.31850556236617, -37.989455732247855 ], [ 177.319402631011883, -37.989406239087508 ], [ 177.320287465477833, -37.989279893845072 ], [ 177.32118434704833, -37.989229225860122 ], [ 177.322082746858342, -37.989195395674102 ], [ 177.32297767857861, -37.989154568180879 ], [ 177.323871210467018, -37.98909857319147 ], [ 177.324769966714086, -37.989064107293331 ], [ 177.325662171416923, -37.988984477401516 ], [ 177.326564509578873, -37.988974698039662 ], [ 177.327447384506598, -37.988830763502989 ], [ 177.328345777402546, -37.98879378949723 ], [ 177.32924510694653, -37.988763268117587 ], [ 177.330150951444836, -37.988777640219631 ], [ 177.331029751624271, -37.988605642972843 ], [ 177.331925947241018, -37.988553522731983 ], [ 177.332819312769431, -37.988481901734666 ], [ 177.333719686025461, -37.988458564204642 ], [ 177.334619375335905, -37.988430510658951 ], [ 177.335509857921437, -37.988339027766145 ], [ 177.336408145194582, -37.988301312575217 ], [ 177.337296757914004, -37.988196953411986 ], [ 177.338192892808053, -37.988116268835824 ], [ 177.339086639127203, -37.988016261904669 ], [ 177.339975967484918, -37.987914375735109 ], [ 177.340883017090704, -37.987922549077794 ], [ 177.34180078504599, -37.987994754683108 ], [ 177.342690814396263, -37.987901221584998 ], [ 177.343578062785383, -37.987791076342582 ], [ 177.344445968155981, -37.987565379678486 ], [ 177.345334680530669, -37.987463992221961 ], [ 177.346248088299831, -37.987510123819931 ], [ 177.347147727116266, -37.987474000172405 ], [ 177.348016614761889, -37.987254200613009 ], [ 177.348912051926135, -37.987192984216641 ], [ 177.349806310211591, -37.987105585829724 ], [ 177.350687146987696, -37.986928663322672 ], [ 177.351587145813681, -37.986865446568828 ], [ 177.352484773208772, -37.986805885560102 ], [ 177.35340443599344, -37.986851106403307 ], [ 177.354273530327504, -37.986655858074379 ], [ 177.355169797041157, -37.986589820010053 ], [ 177.356061224810645, -37.986500771663813 ], [ 177.35696344686383, -37.986463045069932 ], [ 177.357832073333867, -37.986265587067557 ], [ 177.358717977951414, -37.986151970057655 ], [ 177.359605517850838, -37.986049920849958 ], [ 177.360513783723803, -37.986048256494364 ], [ 177.361428416791597, -37.986074115685682 ], [ 177.362285839773023, -37.985818766410887 ], [ 177.363177054798683, -37.985729518213716 ], [ 177.364063788615255, -37.985618245325107 ], [ 177.364966150991478, -37.985583782880084 ], [ 177.365848824571458, -37.985452556078279 ], [ 177.411001213590907, -37.979512362104607 ], [ 177.411869506784683, -37.97932850229364 ], [ 177.412759065077921, -37.979191251677051 ], [ 177.413667617657069, -37.979059299861952 ], [ 177.414566422295138, -37.978879170223806 ], [ 177.415417635653142, -37.978645028932348 ], [ 177.416255474992226, -37.9784071247404 ], [ 177.417100502173724, -37.978185887694416 ], [ 177.417950678039546, -37.977954272019574 ], [ 177.41877001549588, -37.977612916477725 ], [ 177.419586279934009, -37.977253371040824 ], [ 177.420360302350161, -37.976870189247784 ] ] } },
{ "type": "Feature", "properties": { "group_id": "nzd0241" }, "geometry": { "type": "LineString", "coordinates": [ [ 174.794865350857123, -38.015188552515816 ], [ 174.794155841849516, -38.014676800795414 ], [ 174.795298904238223, -38.013435506865967 ], [ 174.795405353810821, -38.010688112759873 ], [ 174.795127858698777, -38.009283592937415 ], [ 174.79510596209991, -38.008558176808805 ], [ 174.794215971183519, -38.008004708500714 ], [ 174.793227186712187, -38.007511937770154 ], [ 174.792456110090001, -38.006935616051017 ], [ 174.791917381418159, -38.006277750543894 ], [ 174.791570156438183, -38.005596855758476 ], [ 174.791215699090969, -38.004916611203221 ], [ 174.790975277035812, -38.004225992904111 ], [ 174.790668305665264, -38.003541417356004 ], [ 174.790609950993911, -38.002834234474079 ], [ 174.790320707730928, -38.002148033616983 ], [ 174.790225216020701, -38.001444213171297 ], [ 174.790167671984591, -38.000793738390449 ], [ 174.790048317595136, -38.000164856769103 ], [ 174.789905344952501, -37.999477237419427 ], [ 174.7897841884961, -37.998767376604043 ], [ 174.789585722120336, -37.998075503892714 ], [ 174.789481777357963, -37.997361623775674 ], [ 174.789233211655102, -37.996681399441769 ], [ 174.789114491360124, -37.995970945486349 ], [ 174.78900904704318, -37.995257394722607 ], [ 174.788817922269033, -37.994563780936502 ], [ 174.788677013633418, -37.993852762715555 ], [ 174.78872183205408, -37.99312310667392 ], [ 174.788540102764841, -37.992425416909796 ], [ 174.788546477693899, -37.991715893038275 ], [ 174.788631910771699, -37.991002561025553 ], [ 174.788563733992248, -37.990296608091604 ], [ 174.788431633161764, -37.989593721936004 ], [ 174.788435687930672, -37.988884282320598 ], [ 174.788356431964928, -37.988178841636696 ], [ 174.788379346789469, -37.987468481542791 ], [ 174.788296458199426, -37.986762721109969 ], [ 174.788290440835681, -37.98604504744111 ], [ 174.7881502653631, -37.985345630419808 ] ] } },
{ "type": "Feature", "properties": { "group_id": "nzd0242" }, "geometry": { "type": "LineString", "coordinates": [ [ 178.3461581754907, -37.996359828171208 ], [ 178.345520486695023, -37.996872287279913 ], [ 178.345026235672975, -37.997463079630883 ], [ 178.344564482406383, -37.998071615895626 ], [ 178.344188939993927, -37.998727230674582 ], [ 178.343679139278834, -37.99933315303538 ], [ 178.343114203459663, -37.999932699662978 ], [ 178.342667333396861, -38.000566496901328 ], [ 178.342226160464008, -38.001183006478847 ], [ 178.341747668538829, -38.001784162960632 ], [ 178.341431867381147, -38.00245222284348 ], [ 178.340998814806113, -38.003072056411078 ], [ 178.340470944548599, -38.003687689424297 ], [ 178.340096014507139, -38.00437314033438 ], [ 178.339728663020622, -38.005030480853321 ], [ 178.339393707459465, -38.005687391503756 ], [ 178.339087772554961, -38.006352409226189 ], [ 178.338756858178613, -38.007010558700813 ], [ 178.338384596799187, -38.007659720869462 ], [ 178.338123487021562, -38.008339535842445 ], [ 178.33783960447991, -38.009010600098968 ], [ 178.337661946369423, -38.009710572371468 ], [ 178.337385264440599, -38.010383584361463 ], [ 178.337061835525105, -38.011043866017772 ], [ 178.336804257650329, -38.011772657920659 ], [ 178.336698130328074, -38.012529933169688 ], [ 178.336555558926221, -38.013249977918846 ], [ 178.336548237557395, -38.013958182973376 ], [ 178.336688869697042, -38.014661183183314 ] ] } },
{ "type": "Feature", "properties": { "group_id": "nzd0243" }, "geometry": { "type": "LineString", "coordinates": [ [ 178.335567571697538, -38.018047913540784 ], [ 178.335282824537842, -38.018721101889284 ], [ 178.335081788924441, -38.019410425573362 ], [ 178.334831644032278, -38.020110218879886 ], [ 178.334801724370408, -38.020844361114122 ], [ 178.334765891971415, -38.021557323067341 ], [ 178.334662966227057, -38.022268377284369 ], [ 178.334638665389292, -38.022986300415866 ], [ 178.334527768408208, -38.023698834630942 ], [ 178.334424951370835, -38.024407044324704 ], [ 178.334490879212865, -38.025113592210282 ], [ 178.334550254356714, -38.025820197415364 ], [ 178.334581241561921, -38.026527074169451 ], [ 178.334520125661044, -38.027234847614764 ], [ 178.334480275295078, -38.027948624083876 ], [ 178.33458147979556, -38.028658079277861 ], [ 178.334705969870356, -38.029359654217558 ], [ 178.334741875039498, -38.030068160518823 ], [ 178.33487953571094, -38.03076742030067 ], [ 178.334922861474752, -38.031475239210181 ], [ 178.335027816665473, -38.032178137764234 ], [ 178.335179790517913, -38.032872057741606 ], [ 178.335379289448184, -38.033566565026248 ], [ 178.335682038434044, -38.034232177132765 ], [ 178.335986113904312, -38.034897402378235 ], [ 178.336343244713817, -38.035547395616163 ], [ 178.336690617490575, -38.036188447399695 ], [ 178.337089694989885, -38.036783192951312 ], [ 178.337522957340809, -38.037401754474551 ], [ 178.338142019070347, -38.037905118860436 ], [ 178.338932116362997, -38.0382804238481 ], [ 178.339811771812208, -38.038416368600558 ], [ 178.340720772845827, -38.038468464099537 ], [ 178.341603566205919, -38.038313849391223 ], [ 178.34249672776059, -38.038243110668141 ] ] } },
{ "type": "Feature", "properties": { "group_id": "nzd0244" }, "geometry": { "type": "LineString", "coordinates": [ [ 174.781145914515093, -38.083024285539459 ], [ 174.781051010971368, -38.08232089448309 ], [ 174.781090398700485, -38.081603032745392 ], [ 174.781016155589697, -38.080897402885803 ], [ 174.780578410237723, -38.080230917557188 ], [ 174.780509505654862, -38.079524699384017 ], [ 174.780168110708985, -38.078847822786713 ], [ 174.779900951956506, -38.078162943739741 ], [ 174.779671188163093, -38.077474030343815 ], [ 174.779228457771296, -38.076808046472244 ], [ 174.778861671192203, -38.076111284626769 ], [ 174.779003821367667, -38.07534900628719 ], [ 174.778985381619918, -38.074619592271567 ], [ 174.779088949438204, -38.073911399649525 ], [ 174.779176643642984, -38.073203357650691 ], [ 174.779130212137375, -38.072496639856148 ], [ 174.779227747985345, -38.071788486500317 ], [ 174.779253979469928, -38.071081033926212 ], [ 174.779205725705793, -38.070374313728934 ], [ 174.779155058875517, -38.069667610611816 ], [ 174.779215756289062, -38.068959795511788 ], [ 174.779516292602182, -38.068249593071357 ], [ 174.779818943527914, -38.067539362085093 ], [ 174.779633874728461, -38.066833966231641 ], [ 174.779651111610292, -38.066126555053962 ], [ 174.779774586995046, -38.065417456710207 ], [ 174.779838084179204, -38.06471042036204 ], [ 174.780141374721836, -38.064023163264373 ], [ 174.780290192455851, -38.063324210798548 ], [ 174.780460446826112, -38.062626965395104 ], [ 174.780640588441258, -38.061930503706741 ], [ 174.78079320623965, -38.061231834846353 ], [ 174.780971658352257, -38.060535224613382 ], [ 174.780966675486155, -38.059823942606329 ], [ 174.781110816958744, -38.05912457589595 ], [ 174.781295465171411, -38.058428440863601 ], [ 174.781475094905772, -38.057736818453577 ], [ 174.781603590233459, -38.057054013482443 ], [ 174.78180860501115, -38.056376301017849 ], [ 174.781937154445899, -38.055676020052239 ], [ 174.782011649797084, -38.054968375555497 ], [ 174.782141523871644, -38.05426826151237 ], [ 174.782294905335704, -38.053571340260184 ], [ 174.782437553205625, -38.052872951496127 ], [ 174.782539000330274, -38.052168948448823 ], [ 174.782567400962904, -38.051454996542056 ], [ 174.782597566991939, -38.05074127799805 ], [ 174.782685740042695, -38.050035447912634 ], [ 174.78289145391372, -38.049344047009079 ], [ 174.782981518787437, -38.048638076324941 ], [ 174.78312453793626, -38.047937637286097 ], [ 174.783340274734655, -38.047243594754903 ], [ 174.783548268532883, -38.046548943932073 ], [ 174.783762646296083, -38.045854782267256 ], [ 174.783568642209985, -38.045128888718949 ], [ 174.78358082088306, -38.044419005520041 ], [ 174.783707121587412, -38.043717981401336 ], [ 174.783795406839317, -38.043013997189874 ], [ 174.783797335591629, -38.042303297241808 ], [ 174.783987583849097, -38.041607220941273 ], [ 174.784062643545013, -38.040902188962193 ], [ 174.784223442854653, -38.04020420529293 ], [ 174.784444499617052, -38.039513879498422 ], [ 174.78449786289076, -38.038807909427859 ], [ 174.784448434036079, -38.03808938868395 ], [ 174.784554844211442, -38.037386863719647 ], [ 174.78463245655206, -38.036681374818471 ], [ 174.784703344253955, -38.035975188599785 ], [ 174.784867145996685, -38.035278536987917 ], [ 174.785180774125024, -38.034597264296977 ], [ 174.785605943774812, -38.033927438652874 ], [ 174.785993423461036, -38.033253735616761 ], [ 174.786486620519327, -38.032590880846747 ], [ 174.786946655766315, -38.031991127044016 ], [ 174.787281138566556, -38.03156196500673 ], [ 174.787781343242386, -38.031136973650604 ], [ 174.787942437656085, -38.030400715778555 ], [ 174.788780755537999, -38.029954206976512 ], [ 174.789095721889396, -38.029283774062208 ], [ 174.789590448089172, -38.029051713195607 ], [ 174.789919524437352, -38.028920953431722 ], [ 174.79067598697128, -38.028692686435981 ], [ 174.791596352690391, -38.028514287380055 ], [ 174.792397914464345, -38.028188615341136 ], [ 174.793046566506149, -38.027673396951776 ], [ 174.793900486082322, -38.027008691952723 ], [ 174.794579776250231, -38.026143195593797 ], [ 174.794949284659538, -38.025379481292063 ], [ 174.795158933454189, -38.024625353208705 ], [ 174.795198093056172, -38.023773921304773 ], [ 174.795096647109375, -38.022842235873938 ], [ 174.795558571565778, -38.022232062630437 ] ] } },
{ "type": "Feature", "properties": { "group_id": "nzd0245" }, "geometry": { "type": "LineString", "coordinates": [ [ 174.762438535740927, -38.102368966476945 ], [ 174.763310432742827, -38.101904027550304 ], [ 174.763810419492529, -38.101306324209865 ], [ 174.76428584656216, -38.100699848434999 ], [ 174.76448970004563, -38.099996425640093 ], [ 174.764834933064691, -38.099343464222557 ], [ 174.765210735824809, -38.098701409476888 ], [ 174.765661452390447, -38.098086090799981 ], [ 174.766090104381107, -38.09746289026517 ], [ 174.766336146262717, -38.096774498354762 ], [ 174.766587481628846, -38.096087990019093 ] ] } },
{ "type": "Feature", "properties": { "group_id": "nzd0246" }, "geometry": { "type": "LineString", "coordinates": [ [ 174.733466560053728, -38.124057999210123 ], [ 174.734293899489813, -38.123771821103908 ], [ 174.735082807669102, -38.123376351007693 ], [ 174.735806171952675, -38.122955935104095 ], [ 174.736512558675543, -38.122511502315881 ], [ 174.737253570642082, -38.122097682162263 ], [ 174.737871083881657, -38.121583829598208 ], [ 174.738497548256873, -38.12107699031764 ], [ 174.739142237402632, -38.12058708228615 ], [ 174.739839661210596, -38.120144670264381 ], [ 174.740528070076891, -38.119693135007104 ], [ 174.741124926783925, -38.119152175752362 ], [ 174.741725543292063, -38.118618990878517 ], [ 174.742380076423814, -38.118126123792038 ], [ 174.742905559477578, -38.117549847111086 ] ] } },
{ "type": "Feature", "properties": { "group_id": "nzd0248" }, "geometry": { "type": "LineString", "coordinates": [ [ 174.712651402954634, -38.203806292056285 ], [ 174.71238901637264, -38.20312884717297 ], [ 174.712329671943536, -38.202416497018866 ], [ 174.71227651809167, -38.201703076017957 ], [ 174.712067928708677, -38.201016364844449 ], [ 174.711876656032416, -38.200326670688156 ], [ 174.711646511456649, -38.199643651358905 ], [ 174.711394880491099, -38.198964318598975 ], [ 174.71119492177084, -38.19827609776631 ], [ 174.710974562345342, -38.197591376893861 ], [ 174.710870254090025, -38.196886702298393 ], [ 174.710594690706358, -38.196211456936375 ], [ 174.710373428594778, -38.19552687156655 ], [ 174.710274603247996, -38.194821234820445 ], [ 174.710176014361338, -38.194115550736029 ], [ 174.710256131263009, -38.19337914276624 ], [ 174.709740498450742, -38.192745129509944 ], [ 174.709743789009394, -38.192021913896923 ], [ 174.709416269604986, -38.191355553429368 ], [ 174.709176308275119, -38.190669157240229 ], [ 174.708843138033416, -38.190000516774859 ], [ 174.697022855113943, -38.155185453679636 ], [ 174.696707440775924, -38.154522986387263 ], [ 174.696379567926954, -38.153863584257401 ], [ 174.696080749711854, -38.153197012997019 ], [ 174.695842917222251, -38.15251540056034 ], [ 174.695705492971911, -38.151809027835469 ], [ 174.695514868185995, -38.151115764372776 ], [ 174.695250754791232, -38.15044061209889 ], [ 174.694966304638285, -38.149770467294545 ], [ 174.694816471110386, -38.149067128284152 ], [ 174.694431725344685, -38.148421697530225 ], [ 174.694110361120522, -38.147760634620589 ], [ 174.693733461856283, -38.147113256856223 ], [ 174.693493850157608, -38.146432026478422 ], [ 174.693302077264235, -38.14573899573665 ], [ 174.693112290204255, -38.14504546901739 ], [ 174.692772523258583, -38.144388911866059 ], [ 174.692492799842057, -38.143717545399447 ], [ 174.692202090778011, -38.143044839867883 ], [ 174.691881906061468, -38.142377813901874 ], [ 174.691514461814705, -38.14172871593609 ], [ 174.691192831484301, -38.141069050682617 ] ] } },
{ "type": "Feature", "properties": { "group_id": "nzd0249" }, "geometry": { "type": "LineString", "coordinates": [ [ 178.333498336733982, -38.205749836582768 ], [ 178.333561758517646, -38.206453451526315 ], [ 178.333543518823376, -38.207161671427848 ], [ 178.333637071607484, -38.207863571041187 ], [ 178.333750090960791, -38.208564364364697 ], [ 178.333784201345139, -38.209238210790481 ], [ 178.333747862375134, -38.209911024529134 ], [ 178.333602033683576, -38.210611247325318 ], [ 178.333518536727212, -38.211314266037988 ], [ 178.333389415146968, -38.211999389284564 ], [ 178.333245882357744, -38.21264715307467 ], [ 178.33307999020181, -38.213308371547022 ], [ 178.333005216823807, -38.21401613453677 ], [ 178.332962458889142, -38.214802143219096 ], [ 178.333045551038595, -38.215593704446896 ], [ 178.33316761414315, -38.216338838767598 ] ] } },
{ "type": "Feature", "properties": { "group_id": "nzd0250" }, "geometry": { "type": "LineString", "coordinates": [ [ 174.713621077238287, -38.224604062279042 ], [ 174.714136130413493, -38.223969292562643 ], [ 174.714521731354324, -38.223312641007446 ], [ 174.714825697774131, -38.222642188290529 ], [ 174.714970370016914, -38.221944811520395 ], [ 174.71485356249633, -38.221129826950353 ], [ 174.714920377270346, -38.220343082364884 ], [ 174.714896519346212, -38.219629292664692 ], [ 174.7148102849022, -38.218926723139305 ], [ 174.714819283723671, -38.218218336223067 ], [ 174.714901362902026, -38.217492956091256 ], [ 174.714779897702044, -38.216776392259767 ], [ 174.714472474863499, -38.216090185977968 ], [ 174.714286018004572, -38.215397059979118 ], [ 174.714192257752046, -38.214695073384405 ], [ 174.71412161908674, -38.21399087157809 ] ] } },
{ "type": "Feature", "properties": { "group_id": "nzd0251" }, "geometry": { "type": "LineString", "coordinates": [ [ 178.311561355546445, -38.228448433866554 ], [ 178.311354411958177, -38.229139075884234 ], [ 178.31095043048569, -38.229774665412272 ], [ 178.310692238598335, -38.230450978123784 ], [ 178.310555971545767, -38.231161346256044 ], [ 178.310320078839936, -38.231907290842877 ], [ 178.31009671574634, -38.232679117802327 ], [ 178.309826994732248, -38.233394004182941 ], [ 178.310008096934041, -38.234120925018026 ], [ 178.310253480605638, -38.234853821697662 ], [ 178.310294920535142, -38.235597428919228 ], [ 178.310336022116928, -38.236339157570626 ], [ 178.310305074454647, -38.237067813099358 ], [ 178.31054441184159, -38.237748734890786 ], [ 178.310739127009612, -38.238481403757994 ], [ 178.311034229513922, -38.239206693077534 ], [ 178.311265021405177, -38.239915386468887 ], [ 178.311630661213286, -38.24056180588132 ], [ 178.311971109148175, -38.241219004091633 ], [ 178.312468189518938, -38.24180914439183 ], [ 178.31298989950659, -38.242388735426069 ], [ 178.313516667302196, -38.243002115754777 ], [ 178.314070101042745, -38.243609455028825 ], [ 178.314594473623799, -38.244208106674705 ], [ 178.315093615161032, -38.24481111759566 ], [ 178.31563813533424, -38.245388794281624 ], [ 178.316114241970155, -38.246017225080351 ], [ 178.316611296857104, -38.246622571800458 ], [ 178.317216396172, -38.247144132539489 ], [ 178.317898253844504, -38.247625163845228 ], [ 178.318612716355972, -38.248077535342418 ], [ 178.319415898680603, -38.248436508080253 ], [ 178.320188923702915, -38.24887864934577 ], [ 178.321037097325899, -38.249266989142988 ], [ 178.321869508902722, -38.249669443976174 ], [ 178.322715619637961, -38.249970785718254 ], [ 178.323592490314326, -38.250295487011577 ], [ 178.324426304477612, -38.250776231259984 ] ] } },
{ "type": "Feature", "properties": { "group_id": "nzd0252" }, "geometry": { "type": "LineString", "coordinates": [ [ 174.716033032831888, -38.279004214807202 ], [ 174.716017643972577, -38.278246934320897 ], [ 174.716156000635664, -38.277473083302304 ], [ 174.716062147596574, -38.276771739296393 ], [ 174.716021233275001, -38.276065473717487 ], [ 174.715753684370924, -38.275380241916459 ], [ 174.715654824485995, -38.274679342439875 ], [ 174.71569757547249, -38.273965289149217 ], [ 174.715500589791986, -38.273273486062898 ], [ 174.715397468509906, -38.272572961889153 ], [ 174.715082775083886, -38.271892072965507 ], [ 174.714834877446066, -38.271204975868947 ], [ 174.71475980752669, -38.270501827228834 ], [ 174.71457945973998, -38.269808445441065 ], [ 174.714513725817341, -38.269104416549709 ], [ 174.715071057878447, -38.268342535612383 ], [ 174.714784510709848, -38.267658993587617 ], [ 174.714292583499315, -38.266994511717677 ], [ 174.714661704706543, -38.266250083740772 ], [ 174.714582201097386, -38.265547299126695 ] ] } },
{ "type": "Feature", "properties": { "group_id": "nzd0253" }, "geometry": { "type": "LineString", "coordinates": [ [ 178.330104424185691, -38.274569107525487 ], [ 178.330290469862604, -38.275272297404548 ], [ 178.330511614779567, -38.275963861668295 ], [ 178.330796560254157, -38.276634299121042 ], [ 178.331126780844812, -38.277286798142782 ], [ 178.331420902626689, -38.277945595030758 ], [ 178.331830835733655, -38.278571125062129 ], [ 178.33214869816959, -38.279230172691705 ], [ 178.3324841428159, -38.279897395945476 ], [ 178.332904694716092, -38.280549896330122 ], [ 178.333351105914517, -38.281178177074104 ], [ 178.333852748201082, -38.281790217835841 ], [ 178.334367429457785, -38.282396826426044 ], [ 178.334960759007117, -38.282929892826175 ], [ 178.335553017902896, -38.283486105652436 ], [ 178.336171676517296, -38.284036156014366 ], [ 178.336804899921958, -38.284536849645946 ], [ 178.337378492684167, -38.285074249488936 ], [ 178.338025091225575, -38.285588021462623 ], [ 178.338802906160169, -38.286019053003095 ], [ 178.339633461544423, -38.286346349269742 ] ] } },
{ "type": "Feature", "properties": { "group_id": "nzd0254" }, "geometry": { "type": "LineString", "coordinates": [ [ 178.334921355294142, -38.297661473373417 ], [ 178.334102713577323, -38.298012335904161 ], [ 178.333309006430369, -38.298383179059229 ], [ 178.332624955295984, -38.298841907081055 ], [ 178.332224668270214, -38.29952806671821 ], [ 178.331913025114858, -38.300285268531468 ], [ 178.330968232485645, -38.300535007774755 ], [ 178.330173077010556, -38.300944616460534 ], [ 178.329648568143597, -38.301616771364472 ], [ 178.329066724762868, -38.302204476775742 ], [ 178.32855275844318, -38.302785838027255 ], [ 178.327985964735149, -38.303332270400965 ], [ 178.327441708452909, -38.303893598840055 ], [ 178.32695574478538, -38.304493461495468 ], [ 178.326213026921351, -38.305155728097773 ], [ 178.325770956061717, -38.305996539879196 ], [ 178.325599510217188, -38.306723361938197 ], [ 178.325318229787257, -38.307393474234367 ], [ 178.32503769631569, -38.308061443061327 ], [ 178.324667743409492, -38.308676226879861 ], [ 178.324423616817313, -38.309320874122335 ], [ 178.32418169385295, -38.310000482390421 ], [ 178.323980082358872, -38.310748466580151 ], [ 178.323780579748359, -38.31151901138567 ], [ 178.323463789801849, -38.312232293329757 ], [ 178.323262732030855, -38.312923852583189 ], [ 178.323251851031472, -38.313631258785477 ], [ 178.323144505171939, -38.314417600120024 ], [ 178.323140641700888, -38.315292850101613 ], [ 178.323446287791427, -38.316050623364539 ], [ 178.323702913930703, -38.316727675648515 ], [ 178.32396090036093, -38.317405080296822 ], [ 178.32417742192672, -38.318091056451806 ], [ 178.324605551508796, -38.318769667998751 ], [ 178.325259461187471, -38.319371090003074 ], [ 178.325957110010933, -38.319891729953952 ], [ 178.326742764614437, -38.320356495160738 ] ] } },
{ "type": "Feature", "properties": { "group_id": "nzd0255" }, "geometry": { "type": "LineString", "coordinates": [ [ 178.3249818145853, -38.333404683152267 ], [ 178.324517992626113, -38.334029422831129 ], [ 178.324164465659635, -38.334680806959497 ], [ 178.324202649651625, -38.335484574219258 ], [ 178.324126094267257, -38.336397122087376 ], [ 178.324191443331443, -38.337253791178 ], [ 178.326074163083945, -38.343562004411957 ], [ 178.32641017616163, -38.344242299093075 ], [ 178.326713485919015, -38.344905061489051 ], [ 178.326966186584514, -38.345582121340748 ], [ 178.327245549131106, -38.346248981571598 ], [ 178.327538736144419, -38.346912468594283 ], [ 178.327841423976594, -38.347598554256642 ], [ 178.328156490542852, -38.348293093556329 ], [ 178.328521153709573, -38.348947118920421 ] ] } },
{ "type": "Feature", "properties": { "group_id": "nzd0257" }, "geometry": { "type": "LineString", "coordinates": [ [ 174.655309729856356, -38.384649118100725 ], [ 174.655824646762028, -38.384061007521638 ], [ 174.656289658751575, -38.383454432753737 ], [ 174.656832496459174, -38.3828766383347 ], [ 174.65729573013104, -38.382269394791308 ], [ 174.657756330083913, -38.381661171597017 ], [ 174.658135767099196, -38.381022922712589 ], [ 174.658494826216781, -38.380377130939586 ], [ 174.658817541699023, -38.379688828307742 ], [ 174.659007094962362, -38.378954532459908 ], [ 174.659253884101474, -38.378263816982162 ], [ 174.659503798057472, -38.377587443544797 ], [ 174.65962713744355, -38.376882492671257 ], [ 174.659789347761205, -38.376186309396587 ], [ 174.660042102576284, -38.375510558144505 ], [ 174.660274884299326, -38.374834526258518 ], [ 174.660494657408918, -38.374156774331396 ], [ 174.660735269571148, -38.373477852385697 ], [ 174.661119747714793, -38.372838730437401 ], [ 174.661488574574605, -38.372194986151776 ], [ 174.661866570696105, -38.371552621072617 ], [ 174.662223889157218, -38.37090368911457 ], [ 174.662565709077626, -38.370251662717976 ], [ 174.662965584463393, -38.36961600007379 ], [ 174.663300824647763, -38.368962106464764 ], [ 174.663671942504095, -38.368312184715919 ], [ 174.663951560310892, -38.367635889805662 ], [ 174.66394698706452, -38.366894055304996 ] ] } },
{ "type": "Feature", "properties": { "group_id": "nzd0258" }, "geometry": { "type": "LineString", "coordinates": [ [ 174.641816273694218, -38.426037784893467 ], [ 174.64168335426578, -38.425341720133169 ], [ 174.641685619444445, -38.424627893966033 ], [ 174.641595470623884, -38.423926198358771 ], [ 174.641070290778885, -38.423281631617336 ], [ 174.641032152467517, -38.422573091990834 ], [ 174.641004176886241, -38.421861163042458 ], [ 174.640819056244794, -38.42116715051143 ], [ 174.640765916350233, -38.420455467772939 ], [ 174.640503896555089, -38.41977831872579 ], [ 174.640300327168603, -38.419092341594684 ], [ 174.640035123013661, -38.418415659836874 ], [ 174.63991269322176, -38.417717423745941 ] ] } },
{ "type": "Feature", "properties": { "group_id": "nzd0259" }, "geometry": { "type": "LineString", "coordinates": [ [ 174.644566514018919, -38.460183852170019 ], [ 174.644494541386138, -38.459481652399269 ], [ 174.644429752400612, -38.458779307612538 ], [ 174.644344475082193, -38.45807537987347 ], [ 174.644229292244745, -38.457363922888923 ], [ 174.644165016321409, -38.456653408960925 ], [ 174.644104946645484, -38.455951504590871 ], [ 174.644000249440012, -38.455252444858672 ], [ 174.643860942016573, -38.454555589683153 ], [ 174.643820830075526, -38.453852389664569 ], [ 174.643676247716058, -38.453139830097633 ], [ 174.643451755674903, -38.452438084842136 ], [ 174.643750812347491, -38.451626298158367 ], [ 174.64350752161954, -38.450949043336671 ] ] } },
{ "type": "Feature", "properties": { "group_id": "nzd0261" }, "geometry": { "type": "LineString", "coordinates": [ [ 174.634597583838087, -38.536282995501736 ], [ 174.634676197276633, -38.535575961823632 ], [ 174.634604052816997, -38.534875360991677 ], [ 174.634470828867222, -38.534177362320364 ], [ 174.634398946163003, -38.533476736574322 ], [ 174.634504128133443, -38.532768540628865 ], [ 174.63439279181506, -38.532069586490678 ], [ 174.63436525160148, -38.531367046104712 ], [ 174.634234064211654, -38.530668926165532 ], [ 174.634252227609039, -38.529964419858871 ], [ 174.634156766633453, -38.529264760158028 ], [ 174.63407121933426, -38.528564670126286 ], [ 174.634295976454951, -38.527851318483279 ], [ 174.634125846018151, -38.527148165963808 ], [ 174.633829849569167, -38.526457036272816 ], [ 174.63365157480078, -38.525764343090835 ], [ 174.633536294257084, -38.525067219206306 ], [ 174.633466078228565, -38.524366385979874 ], [ 174.633532637736351, -38.523654308204272 ], [ 174.633486990459289, -38.522951442681851 ], [ 174.633149643436042, -38.5222725370257 ], [ 174.63300780798221, -38.521577560905094 ], [ 174.632931275657313, -38.52087721263036 ], [ 174.63287864415642, -38.520174893830713 ], [ 174.632840130674765, -38.519471408248741 ], [ 174.632953716887073, -38.518755418867627 ], [ 174.632688384515887, -38.518070555697285 ], [ 174.632442272141674, -38.517384106360069 ], [ 174.632325578099426, -38.516691257065787 ], [ 174.632266026033221, -38.515992242656829 ], [ 174.632200703649659, -38.515283416215993 ], [ 174.632051213944692, -38.514588920682399 ], [ 174.632075531868281, -38.51386244061387 ], [ 174.632010684359727, -38.513152358693567 ], [ 174.631777307452438, -38.512473277348576 ], [ 174.63157653211195, -38.511788191205113 ] ] } },
{ "type": "Feature", "properties": { "group_id": "nzd0262" }, "geometry": { "type": "LineString", "coordinates": [ [ 178.288891916239038, -38.5281137122617 ], [ 178.287978680402006, -38.528340237757348 ], [ 178.287185619825465, -38.528686943242192 ], [ 178.286450912038561, -38.529092003472513 ], [ 178.285667418869281, -38.529448271479303 ], [ 178.284834488973644, -38.52990535510132 ], [ 178.284005941252786, -38.530543411949715 ], [ 178.283336973746486, -38.531182154212061 ], [ 178.282994618620933, -38.53184921359852 ], [ 178.282680281657264, -38.532531161907691 ], [ 178.282326479010976, -38.5333983926445 ], [ 178.281956901868057, -38.53424254407453 ], [ 178.281807797743852, -38.534943095034379 ], [ 178.281809205023393, -38.535640301474892 ], [ 178.281602814748595, -38.536306106117578 ], [ 178.281399451451648, -38.536982825328302 ], [ 178.281236539151877, -38.537673342494486 ], [ 178.280959741053096, -38.538347664166444 ] ] } },
{ "type": "Feature", "properties": { "group_id": "nzd0264" }, "geometry": { "type": "LineString", "coordinates": [ [ 174.62974794058718, -38.584792032359765 ], [ 174.630075968608168, -38.584104468340499 ], [ 174.630182864485931, -38.583406144850848 ], [ 174.63018104616296, -38.582694435379594 ], [ 174.630413651496355, -38.581979754711838 ], [ 174.630308745907769, -38.581269259622154 ], [ 174.63034857236957, -38.580566815406819 ], [ 174.630185431590348, -38.579865557056067 ], [ 174.630175212739772, -38.579163393191287 ], [ 174.63021216712599, -38.578460945294644 ], [ 174.630157357728308, -38.577764189434838 ], [ 174.630588329303322, -38.577076316252516 ], [ 174.630485990754664, -38.576373685357524 ], [ 174.630522489885294, -38.575671966492727 ], [ 174.630480679910477, -38.574968551320367 ], [ 174.630687162250751, -38.574281644176665 ], [ 174.630560415317802, -38.573585329785054 ], [ 174.630413210747548, -38.572875229706092 ], [ 174.630574049415316, -38.57217638577908 ], [ 174.630835832851943, -38.571472199311941 ], [ 174.631005728166258, -38.570764714699436 ], [ 174.630737043236678, -38.570059049139125 ], [ 174.630711360162849, -38.569357365310466 ] ] } },
{ "type": "Feature", "properties": { "group_id": "nzd0265" }, "geometry": { "type": "LineString", "coordinates": [ [ 178.201927549010975, -38.589096585193289 ], [ 178.201433823539276, -38.58970007995525 ], [ 178.201005081003615, -38.590472060540478 ], [ 178.200741282585938, -38.591252746668104 ] ] } },
{ "type": "Feature", "properties": { "group_id": "nzd0266" }, "geometry": { "type": "LineString", "coordinates": [ [ 174.626630903382164, -38.608571256422891 ], [ 174.62690715876073, -38.607898728322695 ], [ 174.627141932954743, -38.607219658400183 ], [ 174.627279974506621, -38.606523888649683 ], [ 174.627368407976093, -38.60580807797281 ], [ 174.627349822242934, -38.60508704572603 ], [ 174.627610268897314, -38.604403921667632 ], [ 174.627752106259521, -38.603710089216982 ], [ 174.627803015768507, -38.603008045930522 ], [ 174.627870454465153, -38.602299397021504 ], [ 174.62778284153427, -38.601582993908757 ], [ 174.62793188920719, -38.600882730607836 ], [ 174.628124674756293, -38.600185429966096 ], [ 174.628227125256103, -38.599485732193507 ], [ 174.628337620256417, -38.598786240406703 ], [ 174.628376094558178, -38.598087817847123 ], [ 174.628321591387163, -38.597388367095256 ], [ 174.628197101340874, -38.596681688593399 ], [ 174.628392948080716, -38.595987442137364 ], [ 174.628392096347199, -38.595284139928403 ], [ 174.628489397061713, -38.594585346305372 ], [ 174.62853333985035, -38.5938859070964 ], [ 174.628566239887448, -38.593187373498679 ], [ 174.628622438268536, -38.592488137993605 ], [ 174.628749242691953, -38.591791872999515 ], [ 174.628859123129928, -38.59109450151557 ], [ 174.62896004987789, -38.590390692455884 ], [ 174.628917044917557, -38.589678985897287 ], [ 174.629140022525604, -38.588980202464448 ], [ 174.629095670564595, -38.588276684973657 ], [ 174.629064885726223, -38.587573487360672 ] ] } },
{ "type": "Feature", "properties": { "group_id": "nzd0268" }, "geometry": { "type": "LineString", "coordinates": [ [ 178.140837221164674, -38.652806589434263 ], [ 178.139954115343187, -38.652740401355537 ], [ 178.139133062647062, -38.652545184646002 ], [ 178.138594785732067, -38.651749162551106 ], [ 178.137513487707054, -38.651998713671006 ], [ 178.137103055258706, -38.651095289210559 ], [ 178.136258910090021, -38.650906345688149 ], [ 178.135147698709318, -38.65104927353984 ], [ 178.134312358780761, -38.650739257365828 ], [ 178.133466649341983, -38.650414346920336 ], [ 178.132612339535086, -38.650228752276739 ], [ 178.131705273947176, -38.650117943791976 ], [ 178.130755153177546, -38.650024909272453 ], [ 178.129837722173136, -38.650165445420797 ], [ 178.128905326087761, -38.650174928902558 ], [ 178.127997934475559, -38.650208021489 ], [ 178.127122537243423, -38.65038236173185 ], [ 178.126212244033383, -38.650610459169343 ], [ 178.125341350819269, -38.650872402920562 ], [ 178.124564871155059, -38.651232380568523 ], [ 178.123748599183301, -38.651578904481134 ], [ 178.122988642934814, -38.652003631053411 ], [ 178.122234312960984, -38.652405718908916 ], [ 178.121493774586099, -38.652806404707924 ], [ 178.120797918650311, -38.653158026139401 ], [ 178.119973463123415, -38.653410433579161 ], [ 178.119208556918949, -38.653766548902759 ], [ 178.11854476933047, -38.654262430762145 ], [ 178.11781898098269, -38.654590715704721 ], [ 178.117030628680055, -38.654851833839373 ], [ 178.116206457051959, -38.655260818543539 ], [ 178.115501104208136, -38.655622579445264 ], [ 178.114913643705847, -38.655906230930334 ], [ 178.114153282943192, -38.656213459693817 ], [ 178.113408267076551, -38.656551342968605 ], [ 178.112709748392945, -38.656995962569979 ], [ 178.111930966243733, -38.657368243291451 ], [ 178.111165729335568, -38.657765483559793 ], [ 178.110450538564351, -38.658193534303599 ], [ 178.109645028893624, -38.658550396764284 ], [ 178.109045618383448, -38.659085185104871 ], [ 178.108413443686629, -38.659597330224258 ], [ 178.10774235748724, -38.660130543617655 ], [ 178.107107386257553, -38.660706864450276 ], [ 178.106493378701742, -38.66119978384063 ], [ 178.106205546114836, -38.661868209046311 ] ] } },
{ "type": "Feature", "properties": { "group_id": "nzd0269" }, "geometry": { "type": "LineString", "coordinates": [ [ 174.622348660411973, -38.630458007570702 ], [ 174.622420361530686, -38.629760821685082 ], [ 174.622283490115422, -38.629048037739047 ], [ 174.622245174504684, -38.628339852764775 ], [ 174.622461582872546, -38.627657920401496 ], [ 174.622779396572298, -38.627001166880966 ], [ 174.623287368723652, -38.626405721405284 ], [ 174.623654240996302, -38.625715330739567 ], [ 174.623757995416867, -38.624960578161655 ], [ 174.623729634038398, -38.624243084919527 ], [ 174.623752552184982, -38.623543490505917 ], [ 174.623689702342801, -38.62284194221558 ], [ 174.623801094974198, -38.622144733241079 ], [ 174.623788345483206, -38.621441515419349 ], [ 174.623833151478692, -38.620740589638899 ], [ 174.623946128110674, -38.620054781953201 ], [ 174.6240011151136, -38.619383230320658 ], [ 174.624154356046489, -38.618704601060855 ], [ 174.624479445014657, -38.618038314487059 ], [ 174.624728521527061, -38.617342096173218 ], [ 174.624901493303099, -38.616636601257419 ], [ 174.625016677357792, -38.615940408252776 ] ] } },
{ "type": "Feature", "properties": { "group_id": "nzd0270" }, "geometry": { "type": "LineString", "coordinates": [ [ 178.10149408487888, -38.666459303098726 ], [ 178.100583796436865, -38.66661528753184 ], [ 178.099823148191263, -38.666991479737739 ], [ 178.099138594671956, -38.667479653851743 ] ] } },
{ "type": "Feature", "properties": { "group_id": "nzd0271" }, "geometry": { "type": "LineString", "coordinates": [ [ 177.981559345444339, -38.677939518701031 ], [ 177.980760173900734, -38.678264785352937 ], [ 177.979985372879014, -38.678619827713788 ], [ 177.979247919606024, -38.679020503101199 ], [ 177.978461904160525, -38.679361839280027 ], [ 177.977682341177342, -38.679711057768515 ], [ 177.976891951071849, -38.68004704456002 ], [ 177.976139993701423, -38.680429991100183 ], [ 177.975400325637025, -38.680827952816919 ], [ 177.974618224969362, -38.681174063357005 ], [ 177.973870974297483, -38.681562756689686 ], [ 177.97315507865261, -38.681989762829652 ], [ 177.972364207563999, -38.682370391847243 ], [ 177.971679646417499, -38.682889300524572 ], [ 177.970898131050376, -38.683289014596568 ], [ 177.970132054696961, -38.683675214171132 ], [ 177.969471899709703, -38.684150188415721 ], [ 177.968800473193625, -38.684615712509569 ], [ 177.968157612499823, -38.685105176225932 ], [ 177.967415359341175, -38.685511330710327 ], [ 177.966786456159241, -38.686012487230471 ], [ 177.96614832356542, -38.6865059052109 ], [ 177.965466643496455, -38.68696282058297 ], [ 177.964767051194201, -38.687404719603329 ], [ 177.964143416233043, -38.687910280369159 ], [ 177.963531974154733, -38.688426057952576 ], [ 177.962924466440683, -38.688945130362676 ], [ 177.962288317309259, -38.689440193736843 ], [ 177.961655631874322, -38.689951641745452 ], [ 177.961029037379149, -38.690473347326964 ], [ 177.960395921128224, -38.690985437654206 ], [ 177.959821664114457, -38.691524469054983 ], [ 177.959190213747945, -38.692028515534062 ], [ 177.958590402269465, -38.69255190911192 ], [ 177.957952984235249, -38.693052297469045 ], [ 177.957390499927811, -38.693598513279767 ], [ 177.9568807949845, -38.694177006301139 ], [ 177.956332102675191, -38.694731649565689 ], [ 177.95574689333651, -38.695274663475139 ], [ 177.955081852528167, -38.695798053902166 ], [ 177.937428164326292, -38.740528835091546 ], [ 177.937348479848566, -38.741253652335942 ], [ 177.937590225510462, -38.741928831339955 ], [ 177.937739583719775, -38.742620447103036 ], [ 177.937760845431285, -38.743334855068376 ], [ 177.937821873114899, -38.744042178600559 ], [ 177.938099631302123, -38.744710921689006 ], [ 177.938094781198856, -38.745429956800521 ], [ 177.938401305135869, -38.74609356698685 ], [ 177.938563214721114, -38.746794877328263 ], [ 177.938936394890874, -38.747454229089612 ], [ 177.939309157838125, -38.748105060150685 ], [ 177.939504902023941, -38.748815822603071 ], [ 177.939826392062116, -38.749475000719542 ], [ 177.940087266738402, -38.750159036195036 ], [ 177.940375207703056, -38.750831963889695 ] ] } },
{ "type": "Feature", "properties": { "group_id": "nzd0273" }, "geometry": { "type": "LineString", "coordinates": [ [ 174.591882873500765, -38.79521639617635 ], [ 174.592193485983984, -38.794553335372022 ], [ 174.592320890866461, -38.793858024389912 ], [ 174.592547723316045, -38.793180205707984 ], [ 174.592650492604122, -38.792480545697607 ], [ 174.592843692665014, -38.79179172451294 ], [ 174.593082466460885, -38.791108801188081 ], [ 174.59336137107141, -38.790436508696629 ], [ 174.593562183366231, -38.789753539179287 ], [ 174.59370334137617, -38.789061793908409 ], [ 174.593871147378451, -38.788373959248958 ], [ 174.594219851493591, -38.787749483531449 ], [ 174.594406627211356, -38.787105941061213 ], [ 174.59482686814124, -38.786484821861876 ], [ 174.595041634349087, -38.785801648472145 ], [ 174.5953628595704, -38.785147422606563 ] ] } },
{ "type": "Feature", "properties": { "group_id": "nzd0274" }, "geometry": { "type": "LineString", "coordinates": [ [ 174.5905818804045, -38.798631278471973 ], [ 174.590746673733008, -38.797938742098928 ], [ 174.590983131641821, -38.797263087222539 ] ] } },
{ "type": "Feature", "properties": { "group_id": "nzd0275" }, "geometry": { "type": "LineString", "coordinates": [ [ 177.919428862937565, -38.811137963598235 ], [ 177.919451596257403, -38.811837908063609 ], [ 177.919452501512552, -38.81253900248867 ] ] } },
{ "type": "Feature", "properties": { "group_id": "nzd0276" }, "geometry": { "type": "LineString", "coordinates": [ [ 174.514981445530282, -38.892943555585916 ], [ 174.515814812170959, -38.892671356403987 ], [ 174.516783677525893, -38.892588699969515 ], [ 174.517406221954133, -38.892021582404588 ], [ 174.518185172321495, -38.891640448822336 ], [ 174.51893272788223, -38.891147214143395 ], [ 174.519549114148475, -38.890574118289081 ], [ 174.520202856374141, -38.890094474318701 ], [ 174.52093838578898, -38.889680130696945 ], [ 174.521598093036317, -38.889205242762884 ], [ 174.522294107741658, -38.888773066310065 ], [ 174.522926188906467, -38.888290831514446 ], [ 174.523613020965854, -38.887841444981703 ], [ 174.524277511723426, -38.887370937690989 ], [ 174.525026627106854, -38.886973836420452 ], [ 174.525672990941558, -38.886478898880476 ], [ 174.52641156907174, -38.886034763063357 ], [ 174.527042483770344, -38.885511201391616 ], [ 174.527742914159575, -38.885064291861539 ], [ 174.528342307521115, -38.884542581389333 ], [ 174.528783553887081, -38.883902791325475 ], [ 174.529459389057223, -38.883434755995545 ], [ 174.530125639720325, -38.882962069470231 ], [ 174.530871951256898, -38.882547166055424 ], [ 174.531617600752384, -38.882129008457774 ], [ 174.532084348709873, -38.881510273037982 ], [ 174.53260971702835, -38.880936264602937 ], [ 174.533106403088453, -38.880342046136718 ], [ 174.533755675842002, -38.879856768636721 ], [ 174.53438319894596, -38.879349798058385 ], [ 174.534992900007893, -38.878824769509329 ], [ 174.535568954323168, -38.878282859635036 ], [ 174.536132721588814, -38.877721814181967 ], [ 174.536643365878319, -38.877119334153186 ], [ 174.537091798329669, -38.876499018684456 ], [ 174.537559516374984, -38.875900378895537 ], [ 174.538082461301485, -38.875331724817599 ], [ 174.538642209602841, -38.874783051818341 ], [ 174.539025892673436, -38.874138763943023 ], [ 174.539603938806465, -38.873602887357542 ], [ 174.5402536673094, -38.873126546047779 ], [ 174.540959312662039, -38.872693759672451 ], [ 174.541595632974378, -38.872197069931893 ], [ 174.542045502637535, -38.871576762368448 ], [ 174.542677419202477, -38.87108003437703 ], [ 174.543284766696502, -38.870597003171227 ], [ 174.543911005835582, -38.870126881834565 ], [ 174.544740379137124, -38.869790417346188 ], [ 174.545391789542805, -38.869308852788222 ], [ 174.545946199956603, -38.868774022809639 ], [ 174.546474829193841, -38.868208038001676 ], [ 174.547258438010715, -38.867852253785514 ], [ 174.547750493973666, -38.867216798352253 ], [ 174.548555405939823, -38.866854866683767 ], [ 174.549355251380604, -38.866452718535371 ], [ 174.549943312467718, -38.865892728496767 ], [ 174.550539475599606, -38.865342418663118 ], [ 174.550941124169725, -38.864687094139661 ], [ 174.551529420226075, -38.864156223511742 ] ] } },
{ "type": "Feature", "properties": { "group_id": "nzd0277" }, "geometry": { "type": "LineString", "coordinates": [ [ 174.143593648883694, -39.019391345664928 ], [ 174.144513817929692, -39.01937010527022 ], [ 174.145412536412579, -39.019283643169928 ], [ 174.14629103948451, -39.019135719492773 ], [ 174.147148842886594, -39.018924866551984 ], [ 174.148009327142177, -39.018722164945665 ], [ 174.148851153031046, -39.018462744766616 ], [ 174.149699972631169, -39.018224588123452 ], [ 174.150546002715259, -39.017929038414373 ], [ 174.151431421900185, -39.017718602883519 ], [ 174.152357325010513, -39.017583182655656 ], [ 174.153299750708584, -39.017501374808838 ], [ 174.154110843309155, -39.017201368690657 ], [ 174.154910359270275, -39.01688212878544 ], [ 174.155748335544729, -39.016512689357512 ], [ 174.156541537542324, -39.016039676215492 ], [ 174.15731452620301, -39.015606203868224 ], [ 174.158053757094365, -39.015198991819929 ], [ 174.15874316862616, -39.01475011323285 ], [ 174.159423220137, -39.014317974774329 ], [ 174.160019865649303, -39.013832112579209 ], [ 174.16072344653719, -39.013418681553503 ], [ 174.161437573575995, -39.012995104714825 ], [ 174.16209362392911, -39.012514419985237 ], [ 174.162845037781779, -39.012127501080855 ], [ 174.163653958430586, -39.011797123379999 ], [ 174.16440975126369, -39.01141450375092 ], [ 174.16514826133735, -39.011014887789074 ], [ 174.165778501655439, -39.010508813126513 ] ] } },
{ "type": "Feature", "properties": { "group_id": "nzd0278" }, "geometry": { "type": "LineString", "coordinates": [ [ 174.130616529289, -39.023838680911233 ], [ 174.131170028639673, -39.023288745949699 ], [ 174.131663128787238, -39.022700180900905 ], [ 174.132177027790561, -39.022124912881822 ], [ 174.13280650617159, -39.021623555344355 ], [ 174.133906543123459, -39.021423118656095 ], [ 174.134451068286097, -39.020974532380897 ], [ 174.134884410631599, -39.020502514061107 ], [ 174.135514628845954, -39.020063363300572 ] ] } },
{ "type": "Feature", "properties": { "group_id": "nzd0279" }, "geometry": { "type": "LineString", "coordinates": [ [ 177.885914830356512, -39.016245315847726 ], [ 177.885867827605182, -39.016942005840328 ], [ 177.885779637554407, -39.017637616043721 ], [ 177.885761274863967, -39.018335038369571 ], [ 177.885741329075984, -39.019032412549549 ], [ 177.885726827229519, -39.019729921624531 ], [ 177.885738884116336, -39.020428115549009 ], [ 177.885793017671546, -39.021127398405802 ], [ 177.885875003498398, -39.021827399565176 ], [ 177.885876353007802, -39.022521753484604 ], [ 177.885869843396705, -39.023193960165656 ], [ 177.886004852173755, -39.023867219644103 ], [ 177.886078088760542, -39.024570791217101 ], [ 177.886013516557995, -39.025300043349922 ], [ 177.88604311187396, -39.026011735788437 ], [ 177.886051476880567, -39.026727378544052 ], [ 177.886243406948438, -39.027408799038376 ], [ 177.886476958371105, -39.028082454936246 ], [ 177.886566113468746, -39.028783018830175 ], [ 177.886650777750589, -39.029484413044585 ], [ 177.886796805992788, -39.030168443217391 ], [ 177.886780464415239, -39.030865914714198 ], [ 177.886850709901665, -39.031551977750738 ] ] } },
{ "type": "Feature", "properties": { "group_id": "nzd0280" }, "geometry": { "type": "LineString", "coordinates": [ [ 177.643830884108951, -39.050816886233704 ], [ 177.642941782588736, -39.0509616646425 ], [ 177.642044677232604, -39.050990619427317 ], [ 177.641145173389674, -39.050984855733368 ], [ 177.640243672641787, -39.050950175132975 ], [ 177.639344438288816, -39.050948300554452 ], [ 177.638447272261942, -39.050976375570691 ], [ 177.637551180280525, -39.051020010146566 ], [ 177.636652270456324, -39.051022834119664 ], [ 177.635752955691743, -39.051043555469143 ], [ 177.634851197702488, -39.051052511944043 ], [ 177.633951135095174, -39.051066352502957 ], [ 177.633058025273783, -39.05113898255896 ], [ 177.632155742250205, -39.051127598928637 ], [ 177.631253944993716, -39.051120657597274 ], [ 177.630357604362786, -39.051163695852239 ], [ 177.629465679516045, -39.051247189613854 ], [ 177.628570202462896, -39.051298145238832 ], [ 177.627670859851577, -39.051313684188244 ], [ 177.626770620271145, -39.051321000716392 ], [ 177.625870676937694, -39.051331027703974 ], [ 177.62496412484208, -39.051280482397189 ], [ 177.62406600361291, -39.051307197383331 ], [ 177.623169982137568, -39.051353157872796 ], [ 177.622274799513832, -39.051404879020595 ], [ 177.621380588035777, -39.051462740669756 ], [ 177.620484922638525, -39.051508799317659 ], [ 177.619587106804062, -39.05153725442797 ], [ 177.618691677393457, -39.051588410799674 ], [ 177.617796158527455, -39.05163871886711 ], [ 177.616896682722029, -39.051651381187519 ], [ 177.615995748151278, -39.051650159578301 ], [ 177.615099247953367, -39.051691130103428 ], [ 177.614199800328947, -39.051704051705698 ], [ 177.613297016083294, -39.051685213448344 ], [ 177.61239322046265, -39.051656740110666 ], [ 177.611500642659166, -39.051735040496531 ], [ 177.610615842771296, -39.051887392237347 ], [ 177.609723855962216, -39.051971338926315 ], [ 177.608825411914779, -39.051993812248 ], [ 177.607919683512335, -39.051946921610003 ], [ 177.607022956228263, -39.05198573429135 ], [ 177.606123095390302, -39.051985811682684 ], [ 177.605232148627778, -39.052071345228839 ], [ 177.604336492385471, -39.052118599748077 ], [ 177.603440523137181, -39.052163985357303 ], [ 177.602548402472735, -39.05224878705566 ], [ 177.601654690145068, -39.052317296429955 ], [ 177.600757095450945, -39.052346046309253 ], [ 177.599856742269253, -39.052346539104484 ], [ 177.598958569823708, -39.052369367452698 ], [ 177.598061301925242, -39.052401462055151 ], [ 177.597163238737267, -39.052425408316282 ], [ 177.596271470152004, -39.052513855180614 ], [ 177.59537908825078, -39.052596026693429 ], [ 177.594478772256366, -39.052610187071544 ], [ 177.593591672313266, -39.052730562752075 ], [ 177.592695909584648, -39.052787679645441 ], [ 177.591794099700138, -39.052809650350532 ], [ 177.590889322522912, -39.05281404549482 ], [ 177.589988578551015, -39.052842318228862 ], [ 177.589093117567501, -39.052901873529599 ], [ 177.58818622064959, -39.052893699465415 ], [ 177.587287860894321, -39.052936081046127 ], [ 177.586390426990192, -39.052983943885927 ], [ 177.58551049736883, -39.0531354878824 ], [ 177.584619164525265, -39.053219491924153 ], [ 177.583713833550149, -39.05322057431151 ], [ 177.582819968256132, -39.053239827935656 ], [ 177.581931313083913, -39.053264841622386 ], [ 177.581031645204433, -39.05326302250571 ], [ 177.580138877438628, -39.053339745503465 ], [ 177.579251256377916, -39.053465872784791 ], [ 177.578355395621912, -39.053512924902954 ], [ 177.577462653380508, -39.053589915014236 ], [ 177.576564931626109, -39.053619108009556 ], [ 177.575664861793456, -39.05362575661664 ], [ 177.574762080537852, -39.053606366616549 ], [ 177.57386339259989, -39.053626274121051 ], [ 177.572969075611439, -39.053688154798088 ], [ 177.572076575260411, -39.053767486983283 ], [ 177.571186105185973, -39.053866326714747 ], [ 177.570292502247838, -39.053935084061123 ], [ 177.569391525601191, -39.053928065329735 ], [ 177.568493905243855, -39.053945148159286 ], [ 177.567593328504245, -39.053931516177563 ], [ 177.566696830963366, -39.053970381778115 ], [ 177.565803528004466, -39.054045917364931 ], [ 177.56490765706414, -39.054091984813311 ], [ 177.564008925389288, -39.054105214896275 ], [ 177.563111959110785, -39.054138711766782 ], [ 177.562219373654045, -39.054222512296803 ], [ 177.561320242296119, -39.054231155089276 ], [ 177.560424173542344, -39.054274967334266 ], [ 177.559527325189066, -39.054309829174464 ], [ 177.558625503226494, -39.054287562757402 ], [ 177.557726424271124, -39.054296798502257 ], [ 177.556828570816322, -39.054320111040852 ], [ 177.55593002107716, -39.054335423087927 ], [ 177.555035905582628, -39.054401687841647 ], [ 177.55414040399441, -39.054452031340816 ], [ 177.553242019702566, -39.054469248079734 ], [ 177.552342015768801, -39.054467846647846 ], [ 177.55144072221799, -39.054451615434196 ], [ 177.550537307197828, -39.054410986554707 ], [ 177.549634868893179, -39.054381575127124 ], [ 177.548737864786887, -39.054398326589961 ], [ 177.547841417182696, -39.054411311809311 ], [ 177.546943996324103, -39.054429420408646 ], [ 177.546045992838515, -39.054445546451085 ], [ 177.545147633822353, -39.054456499120995 ], [ 177.544252285306015, -39.054511266181073 ], [ 177.543354539403538, -39.054531146966795 ], [ 177.542449793452988, -39.054449124579477 ], [ 177.541550294689671, -39.054443474903401 ], [ 177.540655042908043, -39.054499661827073 ], [ 177.539755478687255, -39.054493056714875 ], [ 177.53886038630705, -39.05455157799927 ], [ 177.537962326067714, -39.054566878501078 ], [ 177.537065434117125, -39.054599199259094 ], [ 177.536168234391056, -39.054627040074543 ], [ 177.535268708449848, -39.054620986871612 ], [ 177.534369512855818, -39.054619743052079 ], [ 177.533467540967365, -39.054578029621851 ], [ 177.532565024625427, -39.054528365707419 ], [ 177.53167232061918, -39.054621740838058 ], [ 177.530775514591625, -39.054655324301272 ], [ 177.529876491115289, -39.054656576337287 ], [ 177.528980438711216, -39.054667962860435 ], [ 177.528085039357848, -39.054672521659334 ], [ 177.527185853597103, -39.054642303224114 ], [ 177.526286410125465, -39.05461950293089 ], [ 177.525390316790919, -39.05467001075575 ], [ 177.524493187819473, -39.054697867454358 ], [ 177.523594991474312, -39.054702365858091 ], [ 177.522695876037943, -39.05468674003086 ], [ 177.521797543514339, -39.054688254207377 ], [ 177.520899926644461, -39.054705444527528 ], [ 177.520002910435068, -39.054735800215127 ], [ 177.519105881447842, -39.054765886299094 ], [ 177.518207936867299, -39.054775915782919 ], [ 177.517308311221427, -39.054749097809122 ], [ 177.51641275882406, -39.054811574829188 ], [ 177.51551462507652, -39.054817467876049 ], [ 177.514616518571643, -39.054823959890193 ], [ 177.513718917532969, -39.054841541953252 ], [ 177.512819342503519, -39.054815818516076 ], [ 177.511923149114494, -39.054864294983517 ], [ 177.511024521492487, -39.054884303064945 ], [ 177.510126417280247, -39.054926752596465 ], [ 177.509233438825134, -39.055009291001106 ], [ 177.508328394303902, -39.054981532606014 ], [ 177.507431956341918, -39.055025639628909 ], [ 177.506537443478635, -39.055085824936874 ], [ 177.50562978191914, -39.055036189809883 ], [ 177.504738291482369, -39.055121618771537 ], [ 177.503848826835792, -39.055223976152824 ], [ 177.502948877101403, -39.05523874828009 ], [ 177.502048878434351, -39.055253107747731 ], [ 177.501144271601873, -39.055228960714281 ], [ 177.500251747686008, -39.055305767823754 ], [ 177.499356454097665, -39.055359435069107 ], [ 177.498458392441478, -39.055389971070483 ], [ 177.497563850384608, -39.055449920898845 ], [ 177.496662818342855, -39.055455628628927 ] ] } },
{ "type": "Feature", "properties": { "group_id": "nzd0281" }, "geometry": { "type": "LineString", "coordinates": [ [ 177.794680367523114, -39.066307459269026 ], [ 177.793851208240284, -39.065990294317196 ], [ 177.792969029881931, -39.065859465301649 ], [ 177.792105038349376, -39.065664720024927 ], [ 177.791223634156268, -39.06553116646635 ], [ 177.790341308578917, -39.065400847935514 ], [ 177.789467156238203, -39.065241806006554 ], [ 177.788648614901092, -39.064887352927641 ], [ 177.723445362254523, -39.054787501642956 ], [ 177.722550959225174, -39.05470853579174 ], [ 177.721665609484234, -39.054572119153519 ], [ 177.720774423020373, -39.054484610972004 ], [ 177.719892988376614, -39.054315404467211 ], [ 177.718998242122609, -39.054257722442074 ], [ 177.718101015131055, -39.054220816056507 ], [ 177.71721532646194, -39.054087257716631 ], [ 177.716326464746629, -39.053980281069713 ], [ 177.715438429180693, -39.053866388070432 ], [ 177.714540418426537, -39.053836033005894 ], [ 177.713645769862865, -39.053777515954174 ], [ 177.712759947125903, -39.053645095547466 ], [ 177.711861077635632, -39.053586619281049 ], [ 177.71096537056701, -39.053488127740451 ], [ 177.710072493271269, -39.053402811379087 ], [ 177.709182041958201, -39.053297160584044 ], [ 177.708282731207476, -39.053289614540446 ], [ 177.707392833385939, -39.053177838617692 ], [ 177.706498439473989, -39.053115844914807 ], [ 177.705606711902249, -39.053024333530686 ], [ 177.704721313326871, -39.052862771780134 ] ] } },
{ "type": "Feature", "properties": { "group_id": "nzd0282" }, "geometry": { "type": "LineString", "coordinates": [ [ 177.378858499929976, -39.070463689636135 ], [ 177.3779719523327, -39.070603628115244 ], [ 177.377048290458418, -39.070657552292502 ], [ 177.376218434687075, -39.070928867956823 ], [ 177.375371140780715, -39.071159771539591 ], [ 177.37450729058196, -39.071352304820238 ], [ 177.373678270095382, -39.071625559663502 ], [ 177.372819368295836, -39.071829561377157 ], [ 177.371967739385383, -39.072050419049312 ], [ 177.371122685249759, -39.072286515470203 ], [ 177.370246146205744, -39.072449637277018 ], [ 177.369348823438372, -39.072564583984196 ], [ 177.368475345865392, -39.072734797150943 ], [ 177.367612823566844, -39.07292714366335 ], [ 177.366741938205223, -39.073088668967216 ], [ 177.365905613030151, -39.073335851673583 ], [ 177.364994885920538, -39.073412875235917 ], [ 177.364189111286606, -39.073745725834598 ], [ 177.363346428479417, -39.073988612108565 ], [ 177.362462598543118, -39.074131196352099 ], [ 177.36161648245178, -39.074365714170568 ], [ 177.360744703458806, -39.074537672904349 ], [ 177.359896171643442, -39.074766302629733 ], [ 177.359051586668585, -39.075004554978435 ], [ 177.358180183652678, -39.075177428954149 ], [ 177.357325685950343, -39.075391515882231 ], [ 177.356470148348478, -39.075603067867732 ], [ 177.355621430336981, -39.075829081670591 ], [ 177.354727787697016, -39.07594223078037 ], [ 177.353831293925083, -39.07604949828054 ], [ 177.352929610933273, -39.076145862577611 ], [ 177.351942309726667, -39.076028397605874 ], [ 177.35127562493156, -39.076711648527564 ], [ 177.350434127873143, -39.076958322173056 ], [ 177.349550222778703, -39.077099082190088 ], [ 177.348752988281888, -39.077456306271237 ], [ 177.347832584370565, -39.077505905915238 ], [ 177.346943496158417, -39.07763371587351 ], [ 177.346138915788828, -39.077972599989408 ], [ 177.345260705872363, -39.078127580110014 ] ] } },
{ "type": "Feature", "properties": { "group_id": "nzd0283" }, "geometry": { "type": "LineString", "coordinates": [ [ 177.868561232741911, -39.08661062207176 ], [ 177.871747741142428, -39.086164081771216 ], [ 177.872041336567349, -39.085486970229987 ], [ 177.872262268341188, -39.084804061703458 ], [ 177.872597620091625, -39.084130263882884 ], [ 177.872458411242889, -39.083381767973862 ], [ 177.872389203871251, -39.082638123928007 ], [ 177.87224805038332, -39.081928972588997 ], [ 177.872130016436046, -39.081235390751715 ], [ 177.872139822666696, -39.080519621080811 ], [ 177.871860894850386, -39.079807785954102 ], [ 177.87152400825974, -39.079098333772457 ], [ 177.871339726944029, -39.078365852333384 ], [ 177.871018295750758, -39.077709406741029 ], [ 177.870717374774046, -39.07704452133148 ], [ 177.870339813486993, -39.076411146001469 ], [ 177.869986432574507, -39.07576782168784 ], [ 177.869665966586552, -39.075110956526501 ], [ 177.869136282984954, -39.074540119832129 ], [ 177.8685216726509, -39.07400176518896 ], [ 177.868015028818036, -39.073345336104033 ], [ 177.867421955603589, -39.072733433372846 ], [ 177.866853956042178, -39.072192502510532 ], [ 177.866352551614142, -39.071604707023106 ], [ 177.865769435972965, -39.071074404852098 ], [ 177.865201429488394, -39.070533466890105 ], [ 177.864614651846239, -39.070005733455062 ], [ 177.864060028719933, -39.069455370119911 ], [ 177.863416398003409, -39.068967633747242 ], [ 177.862791742720674, -39.068466540920092 ], [ 177.862236665801419, -39.067859859111628 ], [ 177.861429478423219, -39.067444938658781 ], [ 177.860768229639547, -39.066956454056481 ], [ 177.860003319353694, -39.066583585732516 ], [ 177.859257233191954, -39.066192290702688 ], [ 177.85859925483885, -39.065714762955842 ], [ 177.857898737167943, -39.06527886464086 ], [ 177.857132266582312, -39.064907509215175 ], [ 177.856421968129638, -39.064474938962924 ], [ 177.855601182353837, -39.06413963413717 ], [ 177.85482906863399, -39.063745061097613 ], [ 177.854060309158115, -39.063374611073215 ], [ 177.853311124518967, -39.062971066762756 ], [ 177.85255321957743, -39.062582265728089 ], [ 177.851761299699518, -39.062250970979996 ], [ 177.851002695690823, -39.061863351615806 ], [ 177.850229806295886, -39.061499882990354 ], [ 177.849397497819041, -39.061173951642047 ], [ 177.848592509010274, -39.060772682468652 ], [ 177.847750707141898, -39.060529303443673 ], [ 177.846916211016492, -39.060271011452762 ], [ 177.846040912627558, -39.059993842281578 ], [ 177.84509173202315, -39.059819492940569 ], [ 177.844205388332, -39.059550179150584 ], [ 177.843288042973256, -39.059581422418248 ], [ 177.842384781022503, -39.059548089115239 ], [ 177.841479426770036, -39.059524338604518 ], [ 177.840527804121564, -39.059457067411955 ], [ 177.839555949624099, -39.059312214236634 ], [ 177.838654828108787, -39.059322032082392 ], [ 177.837760705009885, -39.059384873563317 ], [ 177.836860887295416, -39.059396317608368 ], [ 177.835960307852503, -39.059400881840119 ] ] } },
{ "type": "Feature", "properties": { "group_id": "nzd0284" }, "geometry": { "type": "LineString", "coordinates": [ [ 177.344527779291923, -39.078246234603547 ], [ 177.343661381923624, -39.078430717391754 ], [ 177.342818754480277, -39.078674574426643 ], [ 177.341962259338288, -39.078883792385099 ], [ 177.341089157616352, -39.079051527685976 ], [ 177.340237977653402, -39.079274023093532 ], [ 177.339371779855156, -39.07945900360302 ], [ 177.338478599069902, -39.079584621122898 ], [ 177.337584734279119, -39.079728271515151 ], [ 177.336758373192083, -39.080017918265554 ], [ 177.335910065367329, -39.080246517575262 ], [ 177.33504897071785, -39.080447654798064 ], [ 177.334170904055355, -39.080612340064455 ], [ 177.333305067819254, -39.080803290679405 ], [ 177.332442503469707, -39.081001267057182 ], [ 177.331625278684271, -39.081296622629552 ], [ 177.330735982773575, -39.081437183018721 ], [ 177.329859248270452, -39.081604720510533 ], [ 177.328935832675143, -39.08167198857987 ], [ 177.328075224133755, -39.081874157605029 ], [ 177.327244603479528, -39.082140739121805 ], [ 177.326414331654348, -39.082408070742247 ], [ 177.32549662905339, -39.082487597267558 ], [ 177.324611982507832, -39.082638125914073 ], [ 177.323819248517339, -39.082986091741496 ], [ 177.322989024131516, -39.083253525465295 ], [ 177.32211286531026, -39.083422284302095 ], [ 177.3212879703498, -39.083701167092904 ], [ 177.320481902469652, -39.084020496256379 ], [ 177.319661032830624, -39.084308029403005 ], [ 177.318809447973166, -39.084531389606852 ], [ 177.31791179682233, -39.084658046080577 ], [ 177.317057618748919, -39.084875235125196 ], [ 177.316201990220094, -39.085088530518952 ], [ 177.315331278998286, -39.085269969546282 ], [ 177.314405957709425, -39.085336065041332 ], [ 177.263052967031683, -39.100263098642223 ], [ 177.262197100023002, -39.100490072070372 ], [ 177.261379210119486, -39.100778104078188 ], [ 177.260635090966673, -39.101184747333839 ], [ 177.25960849305892, -39.101137202509022 ], [ 177.25887686159237, -39.101563923582887 ], [ 177.25797603573622, -39.101718596829194 ], [ 177.257170049999786, -39.10202576240016 ], [ 177.256348508948633, -39.102307915164552 ], [ 177.25569211858209, -39.102855622108912 ], [ 177.254851671298212, -39.103107374695028 ], [ 177.254018527185309, -39.103370868826367 ], [ 177.253293655828088, -39.103808464052975 ], [ 177.252478858090967, -39.104101458175251 ], [ 177.2516189681794, -39.104321941716996 ], [ 177.250727942917081, -39.104489963678517 ], [ 177.249926428138963, -39.104801330276409 ], [ 177.249124042932124, -39.105113739720196 ], [ 177.24831396420845, -39.105414308046029 ], [ 177.24744524622966, -39.105619270535207 ], [ 177.246634009400339, -39.105917948298448 ], [ 177.245700802468093, -39.106017760853462 ], [ 177.245056256929018, -39.106588217046735 ], [ 177.244205143950552, -39.106821876803089 ], [ 177.243384918516568, -39.10710589594116 ], [ 177.242608376744244, -39.107461140076659 ], [ 177.241773433206703, -39.107721159834739 ], [ 177.240952658575395, -39.108004280856008 ], [ 177.239958305847011, -39.108004372042899 ], [ 177.239267962977209, -39.108500166699173 ], [ 177.238468106501159, -39.108817392617496 ], [ 177.237646637874946, -39.109099377359925 ], [ 177.236847359969943, -39.109417545621426 ], [ 177.236051960235272, -39.10974203739962 ], [ 177.23525961881046, -39.110071515967412 ], [ 177.234262181891324, -39.110066550887574 ], [ 177.233262800587056, -39.110058404986283 ], [ 177.232778080031125, -39.110889519278984 ], [ 177.23194401771525, -39.111150960667629 ], [ 177.231106226450152, -39.111406319565532 ], [ 177.230263675162405, -39.111655095728253 ], [ 177.229439439125628, -39.111939832900433 ], [ 177.228623569510688, -39.112237339999687 ], [ 177.227792282748993, -39.112505041509124 ], [ 177.226977008286696, -39.11279769006557 ], [ 177.225997487050108, -39.112834420864253 ], [ 177.225191347707863, -39.113141298283075 ], [ 177.224323134542743, -39.113351453734971 ], [ 177.223453228547328, -39.113558968350361 ], [ 177.222560496842391, -39.113730912652159 ] ] } },
{ "type": "Feature", "properties": { "group_id": "nzd0285" }, "geometry": { "type": "LineString", "coordinates": [ [ 177.167606404023587, -39.133965117767936 ], [ 177.166662271650637, -39.134043573336754 ], [ 177.165892068511567, -39.13445290141587 ], [ 177.165152308611965, -39.134845069786365 ], [ 177.16440581065558, -39.13515274816239 ], [ 177.163519163157247, -39.135422365012779 ], [ 177.16270328236925, -39.135714050880132 ], [ 177.161980735513112, -39.136054892742614 ], [ 177.161181609690288, -39.136322909818738 ], [ 177.16040057475098, -39.136704195937895 ], [ 177.159622003253418, -39.137088375953816 ], [ 177.15882826070245, -39.137415258031702 ], [ 177.158041214119862, -39.137742547389536 ], [ 177.157246683451518, -39.138055576640262 ], [ 177.156437930419003, -39.138351190473252 ], [ 177.155633812738898, -39.138683868787673 ], [ 177.154834415999147, -39.139012321432887 ], [ 177.154042967413886, -39.13932044580077 ], [ 177.153268336058119, -39.139658895850111 ], [ 177.152490990387633, -39.139995576087323 ], [ 177.1516849273915, -39.140306542808624 ], [ 177.150878098617824, -39.140629028165456 ], [ 177.15011276822915, -39.140985435435255 ], [ 177.149325775700305, -39.141309080359392 ], [ 177.148533646406833, -39.141640328447117 ], [ 177.147742675145281, -39.141962478440711 ], [ 177.146946933743266, -39.142281504475214 ], [ 177.146157060024592, -39.142590289503438 ], [ 177.145367290041236, -39.142913353104944 ], [ 177.14454160652636, -39.143200378913136 ], [ 177.143743314110822, -39.143505223032946 ], [ 177.142972082352486, -39.143865283754351 ], [ 177.142196211790178, -39.144210482984512 ], [ 177.141418057335244, -39.14455253383985 ], [ 177.140631524640639, -39.144885692058338 ], [ 177.139862441638058, -39.145230540456275 ], [ 177.139086050690707, -39.145569856975193 ], [ 177.138309085714639, -39.145922108991861 ], [ 177.137523634029975, -39.146265582397895 ], [ 177.136740850655656, -39.146608817865015 ], [ 177.135940833916834, -39.146932280611487 ], [ 177.135165831703461, -39.147274045095777 ], [ 177.134399265306598, -39.147594034219509 ], [ 177.133600501494072, -39.147922528518158 ], [ 177.132775889515898, -39.148214552057532 ], [ 177.132004976440953, -39.148567830118189 ], [ 177.131220876121091, -39.148889227984 ], [ 177.130438016432379, -39.149232975794284 ], [ 177.129654166300128, -39.149570021846635 ], [ 177.128864759699781, -39.149882432966059 ], [ 177.128050441625874, -39.150189731205636 ], [ 177.127224149180705, -39.150454314867638 ], [ 177.065434412300135, -39.182143384016861 ], [ 177.064743202333631, -39.182621402046195 ], [ 177.063960816870406, -39.183000311400768 ], [ 177.063319546037917, -39.183464380518757 ], [ 177.062506717717952, -39.18374902064852 ], [ 177.061827198484906, -39.184220884135108 ], [ 177.061144597350221, -39.184693416844517 ], [ 177.060419306156206, -39.185117171039046 ], [ 177.059698016798791, -39.185522909131961 ], [ 177.05901974390855, -39.185968328348217 ], [ 177.058252069627741, -39.186361963947803 ], [ 177.057517064127239, -39.186776032482406 ], [ 177.056809756899185, -39.187184805848496 ], [ 177.056104025534211, -39.187603928595514 ], [ 177.05543276311559, -39.188053556717904 ], [ 177.054754580352096, -39.188519881882783 ], [ 177.054031775362375, -39.188954185503086 ], [ 177.053314074558983, -39.18938272949881 ], [ 177.05268691581125, -39.189870953281201 ], [ 177.051952589266989, -39.190269373497948 ], [ 177.051262089191169, -39.190713051037157 ], [ 177.050665492316142, -39.191238750897547 ], [ 177.049993031807531, -39.191701288387392 ], [ 177.049243271962069, -39.192099742122885 ], [ 177.048590332384435, -39.192587149594424 ], [ 177.047914246767448, -39.193064097496006 ], [ 177.047267838711349, -39.193542955671177 ], [ 177.046666028159706, -39.1940462246286 ], [ 177.045979664767373, -39.19449908471416 ], [ 177.045321401089154, -39.194979113363473 ], [ 177.044662944894554, -39.195461461506142 ], [ 177.044026486821991, -39.195967704111112 ], [ 177.043442597280233, -39.196523161163675 ], [ 177.042731278706412, -39.196988988726254 ], [ 177.042066986481103, -39.197449502146526 ], [ 177.041422524657861, -39.197934196148701 ], [ 177.040911383253359, -39.198507952962025 ], [ 177.040392944386838, -39.199077262534971 ], [ 177.039801339249493, -39.19960202036517 ], [ 177.039167805522567, -39.200136527932969 ], [ 177.038686553888368, -39.200815587212382 ], [ 177.03848681136634, -39.201559203590129 ], [ 177.038207646112511, -39.202221039069947 ], [ 177.037973531885456, -39.202895689231049 ], [ 177.037786092462653, -39.203583615893443 ] ] } },
{ "type": "Feature", "properties": { "group_id": "nzd0286" }, "geometry": { "type": "LineString", "coordinates": [ [ 177.941243170782997, -39.155666843870733 ], [ 177.940471065207333, -39.156031345894135 ], [ 177.939737176158474, -39.156433737568136 ], [ 177.93893154535786, -39.156764992933716 ], [ 177.938244476194058, -39.157213802773072 ], [ 177.937524475623121, -39.157629957885668 ], [ 177.936795811902698, -39.158037520814041 ], [ 177.936058874189598, -39.158492218578765 ], [ 177.935419464052984, -39.159053443685949 ], [ 177.934770831371594, -39.159569121657348 ], [ 177.934159768204069, -39.160080947261036 ], [ 177.933467450541997, -39.160541319393658 ], [ 177.933000795789212, -39.161148335723908 ], [ 177.93243928638995, -39.16169636528889 ], [ 177.931886225090096, -39.162245879053394 ], [ 177.931364439005819, -39.162813396664852 ], [ 177.930864601528185, -39.163394365904118 ], [ 177.930307348440095, -39.163940132156768 ], [ 177.929761679984836, -39.164492996393548 ], [ 177.929109947233059, -39.164980833452994 ], [ 177.928490277757675, -39.16549289962461 ], [ 177.927922808227578, -39.166052197034709 ], [ 177.927298301049262, -39.166582711356746 ], [ 177.926715761486435, -39.16711956728146 ], [ 177.926297248127753, -39.167738639980122 ], [ 177.925766489413974, -39.168301442836608 ], [ 177.925295165037113, -39.168894033573572 ], [ 177.924795679021599, -39.169509481814856 ], [ 177.924324316941039, -39.17015340867308 ], [ 177.923817493785975, -39.170770386776411 ], [ 177.923402483655508, -39.171437191270634 ], [ 177.92323359831471, -39.172191000119241 ], [ 177.923348752691794, -39.172933518068959 ], [ 177.923352531414565, -39.173645793551486 ], [ 177.923371035717821, -39.174362724905592 ], [ 177.923246046039651, -39.175068481809355 ], [ 177.923267379681732, -39.175750248536062 ], [ 177.923361157295375, -39.176441759373169 ], [ 177.923367629974905, -39.177140647049214 ], [ 177.923299115056011, -39.177866235776861 ], [ 177.923348858352597, -39.178593958544482 ], [ 177.923121602266036, -39.179339612876518 ], [ 177.9234721709295, -39.179999301842876 ], [ 177.923881787768181, -39.180646091055628 ], [ 177.924171756442348, -39.181319286840314 ], [ 177.924558562748416, -39.181965468654042 ], [ 177.924855754795516, -39.182621745332689 ], [ 177.924982174572023, -39.183310913221149 ], [ 177.925068147329114, -39.183985483875418 ], [ 177.925096021017083, -39.184664742623823 ], [ 177.924871749192647, -39.185337588573667 ], [ 177.924503181862292, -39.185967791549615 ], [ 177.92448160895151, -39.18666926097017 ], [ 177.924218527404889, -39.187340756524861 ], [ 177.924017661915713, -39.188021908355985 ], [ 177.923911168614467, -39.188714614185464 ], [ 177.923925530045409, -39.189421657312622 ], [ 177.923732954182327, -39.190089685139014 ], [ 177.92344725685868, -39.190721389328992 ], [ 177.92301851104574, -39.191326049717347 ], [ 177.922847066824829, -39.192023843146814 ], [ 177.922470711112084, -39.192656206296896 ], [ 177.922097356979862, -39.193289522074487 ] ] } },
{ "type": "Feature", "properties": { "group_id": "nzd0287" }, "geometry": { "type": "LineString", "coordinates": [ [ 177.919622444834943, -39.196801290905604 ], [ 177.919098012676756, -39.197377172366451 ], [ 177.918867445075222, -39.198060980093018 ], [ 177.918393722359554, -39.198638711912963 ], [ 177.917907542298082, -39.19925038257378 ], [ 177.917696885973328, -39.200006572463153 ], [ 177.917456421620017, -39.200731110442902 ], [ 177.917515613435427, -39.201437026904429 ], [ 177.917323246830023, -39.202120962542274 ], [ 177.916980237225317, -39.202735161162728 ], [ 177.916744570128316, -39.203337799208192 ], [ 177.91642441008878, -39.203980110072209 ], [ 177.916155057637951, -39.204652881200111 ], [ 177.915473016156653, -39.205219430963879 ], [ 177.915378214184301, -39.205931068828392 ], [ 177.915179558080894, -39.206613813600406 ], [ 177.915038776410512, -39.207312661600419 ], [ 177.914633296896824, -39.207946675559377 ], [ 177.914323376772415, -39.208600834577773 ], [ 177.914087003991284, -39.209270108874641 ], [ 177.913728549515838, -39.209909813291446 ] ] } },
{ "type": "Feature", "properties": { "group_id": "nzd0288" }, "geometry": { "type": "LineString", "coordinates": [ [ 177.027058546444266, -39.242286766272301 ], [ 177.026395608552008, -39.242760902966168 ], [ 177.025330839727957, -39.242958628014122 ], [ 177.024997184395829, -39.243659261225403 ], [ 177.024527980513852, -39.244266650142755 ], [ 177.023913126221657, -39.244772833786612 ], [ 177.023242402580706, -39.245236564626687 ], [ 177.022765076285395, -39.245837287326331 ], [ 177.022191538776241, -39.246373476446699 ], [ 177.021646981942212, -39.246959465404132 ], [ 177.021240713285522, -39.247583462120957 ] ] } },
{ "type": "Feature", "properties": { "group_id": "nzd0291" }, "geometry": { "type": "LineString", "coordinates": [ [ 176.951557255444357, -39.320597141858173 ], [ 176.951064248399547, -39.321179829442038 ], [ 176.950544995337935, -39.321747076187037 ], [ 176.950046148871166, -39.322326320786544 ], [ 176.949519802965938, -39.322889387421057 ], [ 176.948986990143823, -39.323448646346257 ], [ 176.948550659908392, -39.32406587484931 ], [ 176.948063271385593, -39.324650391721299 ], [ 176.947584798223517, -39.325238846593955 ], [ 176.947097748054176, -39.325823281233568 ], [ 176.946577792375592, -39.326394307443124 ], [ 176.946156014391875, -39.32700901460133 ], [ 176.945657186084986, -39.327590468127795 ], [ 176.945158691786276, -39.328173174465185 ], [ 176.944694289358608, -39.328770671139573 ] ] } },
{ "type": "Feature", "properties": { "group_id": "nzd0292" }, "geometry": { "type": "LineString", "coordinates": [ [ 173.772590076299792, -39.361479513534569 ], [ 173.772667429370216, -39.360765398426146 ], [ 173.772681918981277, -39.360059386488103 ], [ 173.772625636642573, -39.359362498398987 ], [ 173.772595534561646, -39.358662225675658 ], [ 173.772589602973909, -39.357958827512782 ], [ 173.772651976074371, -39.35724660944377 ], [ 173.772667113432561, -39.356540478741856 ], [ 173.772633952620993, -39.355840572742274 ], [ 173.772563992095684, -39.355145408019602 ], [ 173.772480324660165, -39.354452005051812 ], [ 173.772315071441113, -39.353746343275056 ], [ 173.772129591460299, -39.353043524443869 ], [ 173.772000672764221, -39.352354605312136 ], [ 173.77179218916109, -39.351678617425868 ], [ 173.771480719898221, -39.351019061827785 ], [ 173.771195619577185, -39.350355290472542 ], [ 173.770830236367431, -39.349704327321305 ], [ 173.77059536602124, -39.349032524873842 ], [ 173.770483422472552, -39.348341094073362 ], [ 173.770449464042343, -39.347637208299616 ], [ 173.770484937081051, -39.346922232525365 ], [ 173.770267092534567, -39.346258640109994 ], [ 173.769916875359144, -39.345615917189242 ], [ 173.769626427922276, -39.344953094183829 ], [ 173.769364706088197, -39.344283730489693 ], [ 173.769084921950054, -39.343616885722369 ], [ 173.768868957513348, -39.342941110343894 ], [ 173.768763767403868, -39.342249838711233 ], [ 173.768519242346116, -39.341578043612039 ], [ 173.768410083511441, -39.340887313523048 ], [ 173.768478939585236, -39.340171684421946 ], [ 173.768245146336909, -39.339498368742639 ], [ 173.768357218974614, -39.338776682503564 ], [ 173.768100767848352, -39.338060389375173 ], [ 173.767853331929558, -39.337322946912472 ], [ 173.767509738740216, -39.336655383016506 ], [ 173.767154009564194, -39.336015546199739 ], [ 173.766669428715915, -39.33541051499364 ], [ 173.766269601578813, -39.33478257974442 ], [ 173.765908214179376, -39.334144253148452 ], [ 173.765629697965778, -39.333483531248284 ], [ 173.76544091852702, -39.332798558978986 ], [ 173.765199902147998, -39.332127693236835 ], [ 173.764941694920651, -39.331461465720331 ], [ 173.764638117997038, -39.330789911398874 ], [ 173.764215731826965, -39.330126920655218 ], [ 173.763715898281021, -39.32951397452284 ], [ 173.76325672901271, -39.328915533420293 ] ] } },
{ "type": "Feature", "properties": { "group_id": "nzd0293" }, "geometry": { "type": "LineString", "coordinates": [ [ 176.897802686626221, -39.370766492503144 ], [ 176.897448069701994, -39.371395868180599 ], [ 176.897056865672738, -39.372020922857452 ], [ 176.896732080876802, -39.372669333983026 ], [ 176.896405544980269, -39.373317123427519 ], [ 176.896062939761549, -39.373959255021255 ], [ 176.895680902547184, -39.374587511460987 ], [ 176.895373864640987, -39.375242141783325 ], [ 176.895041555290334, -39.37588787762035 ], [ 176.894707658243561, -39.376533049289293 ], [ 176.89438969806065, -39.377184583845803 ], [ 176.894048702833715, -39.377829916914969 ], [ 176.893760943627655, -39.378490059737018 ], [ 176.89339124375519, -39.379126371613424 ], [ 176.877128352116102, -39.418816240568837 ], [ 176.877035783134772, -39.419510345532828 ], [ 176.876894509133564, -39.420192743985382 ], [ 176.87664124422264, -39.420867379981743 ], [ 176.876452309144298, -39.421548401061081 ], [ 176.876315136247285, -39.422234287164372 ], [ 176.876091098280455, -39.422911990993278 ], [ 176.875990846919734, -39.423601338588661 ], [ 176.875796221219701, -39.424281797190332 ], [ 176.875717693607101, -39.424973175812873 ], [ 176.875537690004677, -39.425654997141706 ], [ 176.875431095952706, -39.426343720711209 ], [ 176.875362516773407, -39.427036015220665 ], [ 176.875229488040418, -39.427722237321461 ], [ 176.87510984584344, -39.428409457293583 ], [ 176.875021648051359, -39.429099722433101 ], [ 176.874969973785028, -39.429793825859853 ], [ 176.874902686757821, -39.430486389341183 ], [ 176.874781647263092, -39.431173664301653 ], [ 176.874524009279668, -39.431847510483564 ], [ 176.874428239133209, -39.432537254938403 ], [ 176.874334231884632, -39.433227165800652 ], [ 176.874196206135963, -39.433912744733306 ], [ 176.874099358035693, -39.43460236287941 ], [ 176.873956660300138, -39.435287469247818 ], [ 176.873820455734318, -39.435973206861156 ], [ 176.873717318841784, -39.436662186762703 ], [ 176.873600467319989, -39.437349812360992 ], [ 176.87352727899264, -39.438041721193564 ], [ 176.873389347130342, -39.438727262035677 ], [ 176.873180201904717, -39.439405799328256 ], [ 176.873117860641656, -39.440094302433614 ], [ 176.872937587973951, -39.440769813416026 ], [ 176.872959448531105, -39.44145994393849 ], [ 176.872825120855651, -39.442151875256236 ], [ 176.872804631464106, -39.442845169255385 ], [ 176.872771546834173, -39.443538304820258 ], [ 176.872695851163513, -39.444230920869103 ], [ 176.872615763177578, -39.444923477190038 ], [ 176.872544520225546, -39.44561613303263 ], [ 176.872517521460566, -39.446309314251003 ], [ 176.872431289658323, -39.447001768429836 ], [ 176.872399729432573, -39.447694885627953 ], [ 176.872367899853998, -39.448391709237413 ], [ 176.872379685401114, -39.449086122093604 ], [ 176.872443646495867, -39.449777745436513 ], [ 176.872420334079948, -39.450474016331448 ], [ 176.872433801458072, -39.451168318793293 ], [ 176.87241655285851, -39.451864252472639 ], [ 176.872383544143588, -39.452561019731135 ], [ 176.872623407392439, -39.453243227489565 ], [ 176.872741158469296, -39.453931940643812 ], [ 176.872735226826194, -39.454627265413663 ], [ 176.872955412389558, -39.455300875572334 ], [ 176.873139056242081, -39.455970076567084 ], [ 176.87325696210047, -39.456660566114884 ], [ 176.873383348677777, -39.45734954078933 ], [ 176.873526355913611, -39.458035553052966 ], [ 176.873727615042014, -39.458711199502467 ], [ 176.873882912749337, -39.459395012797813 ], [ 176.874092636738965, -39.46006914063716 ], [ 176.874294842404936, -39.460744598848507 ], [ 176.874522076516115, -39.461415599529275 ], [ 176.87477954179667, -39.462065563017518 ], [ 176.87510532216919, -39.462680929002403 ], [ 176.87537595217043, -39.463345188685963 ], [ 176.875671791862175, -39.464008245338192 ], [ 176.875987065991524, -39.464663416549115 ], [ 176.876326024758868, -39.4653089791639 ], [ 176.876666016286123, -39.46595411739132 ], [ 176.877052857639626, -39.466580254887312 ], [ 176.877406510157641, -39.467219843065891 ], [ 176.877827631001196, -39.467832070917126 ], [ 176.878203117887836, -39.468462382367271 ] ] } },
{ "type": "Feature", "properties": { "group_id": "nzd0294" }, "geometry": { "type": "LineString", "coordinates": [ [ 176.92217631112814, -39.480836831931271 ], [ 176.922050208328386, -39.481528943844722 ], [ 176.921834211166697, -39.482202806761073 ], [ 176.9215516831581, -39.482872263174528 ], [ 176.92142412635593, -39.483562504227109 ], [ 176.921365036057296, -39.48424953465102 ], [ 176.921249659337775, -39.484935689639237 ], [ 176.921147874169094, -39.485622509728081 ], [ 176.921049233635756, -39.48631132298393 ], [ 176.920983506554279, -39.487002757337606 ], [ 176.920907762797924, -39.487693841038372 ], [ 176.920852381640287, -39.488385627157193 ], [ 176.920602543452731, -39.489067192407276 ], [ 176.920648436492598, -39.489762820073409 ], [ 176.920598869886334, -39.49045413370763 ], [ 176.920562599951779, -39.491144147887013 ], [ 176.920506317451611, -39.491836938848756 ], [ 176.920442725469854, -39.492528912967735 ], [ 176.920386170420528, -39.493220674527997 ], [ 176.920379180009007, -39.493914423886785 ], [ 176.920327845221266, -39.494606186551501 ], [ 176.920191145738499, -39.495294110419401 ], [ 176.920151924214707, -39.4959865510762 ], [ 176.920075850957545, -39.496677910068172 ], [ 176.920117341733658, -39.497372866878607 ], [ 176.920017251938106, -39.49806229075373 ], [ 176.919979068140009, -39.498753935187096 ], [ 176.919934646056419, -39.499446201657108 ], [ 176.919916358775481, -39.500138792502931 ], [ 176.919858439744587, -39.500829568690762 ], [ 176.91980490868869, -39.501521546832748 ], [ 176.919753146097094, -39.50221534422618 ], [ 176.919725727370206, -39.502910203979326 ], [ 176.919675138599473, -39.503604595976199 ], [ 176.919628957077464, -39.504296782057907 ], [ 176.919624941143269, -39.504978581022627 ], [ 176.919553928446163, -39.505662338495412 ], [ 176.919590769598983, -39.506358722883206 ], [ 176.919553583590044, -39.507054853966395 ], [ 176.919512489642301, -39.507745457793597 ], [ 176.919473169005983, -39.508435183367666 ], [ 176.919409469693591, -39.509129050707159 ], [ 176.919380088863306, -39.509824439846952 ], [ 176.91935358925187, -39.510513429141156 ], [ 176.919334657071602, -39.511200338122826 ], [ 176.919249256988792, -39.511895118787159 ], [ 176.919184525825358, -39.512589803446367 ], [ 176.919226639367309, -39.513281563874081 ], [ 176.919158439891135, -39.513975113809586 ], [ 176.919122785302477, -39.514668845575066 ], [ 176.919128014745098, -39.515360504047919 ], [ 176.919158760771523, -39.516044933437492 ], [ 176.919129700422786, -39.516735791767204 ], [ 176.919165887013918, -39.517432650822542 ], [ 176.919178041853229, -39.51812660103554 ], [ 176.919186408839096, -39.518816576760649 ], [ 176.919228743782611, -39.519508917507352 ], [ 176.919219384098938, -39.52020351443732 ], [ 176.919194050030313, -39.520898410270703 ], [ 176.919227076763235, -39.52159147358303 ], [ 176.91924086097643, -39.522281106923018 ], [ 176.919263410720191, -39.522970819934379 ], [ 176.919273709380889, -39.523661476891839 ], [ 176.919353719050861, -39.524348556532757 ], [ 176.919370644616976, -39.525045030776575 ], [ 176.919375306097521, -39.525741073964184 ], [ 176.919231072039651, -39.526441176023972 ], [ 176.919484558589261, -39.527114818083973 ], [ 176.919516607347902, -39.527811479416592 ], [ 176.919601129581054, -39.528504452811866 ], [ 176.919632915843067, -39.529193723035732 ], [ 176.919654064525901, -39.529885855154532 ], [ 176.919575984738231, -39.530587997707691 ], [ 176.919676211603701, -39.531272889420357 ], [ 176.919865087509123, -39.531942136641234 ], [ 176.919901151676953, -39.532639779264656 ], [ 176.920004846477639, -39.533328767125397 ], [ 176.92016566045686, -39.534012595516693 ], [ 176.920108351627192, -39.534712841527906 ], [ 176.920140120664968, -39.53540624180922 ], [ 176.920212829283003, -39.53609654538338 ], [ 176.92032938205395, -39.536781381576027 ], [ 176.920400569361931, -39.537470598970536 ], [ 176.920356193549338, -39.538177303107254 ], [ 176.920451479347093, -39.538864415535656 ], [ 176.920621364257443, -39.539544996371674 ], [ 176.920749074218293, -39.54023053409972 ], [ 176.920832330275573, -39.540920316985016 ], [ 176.92085775769678, -39.541615340311743 ], [ 176.920986618321933, -39.542300867245828 ], [ 176.957964624235814, -39.615816205806681 ], [ 176.958493560935182, -39.616378053842034 ], [ 176.958976372575421, -39.616968799546576 ], [ 176.959484166599253, -39.617548548917483 ], [ 176.960032268667533, -39.61809820677761 ], [ 176.960581576132512, -39.618647047189405 ], [ 176.961159676457243, -39.619176454991475 ], [ 176.961739629575561, -39.619704608445232 ], [ 176.962253381453337, -39.620277379058486 ], [ 176.962808705896862, -39.620821875746977 ], [ 176.963345962634833, -39.621378516316291 ], [ 176.963925342013681, -39.621907016840211 ], [ 176.964525016299547, -39.622421859522937 ], [ 176.965121673395515, -39.622938727856443 ] ] } },
{ "type": "Feature", "properties": { "group_id": "nzd0295" }, "geometry": { "type": "LineString", "coordinates": [ [ 177.055423898771693, -39.688787528164575 ], [ 177.054725388157891, -39.689223709286082 ], [ 177.05397988541614, -39.689620401600152 ], [ 177.053299455798054, -39.690071769315999 ], [ 177.052555418329035, -39.690469686333735 ], [ 177.051832043572517, -39.690884962310079 ], [ 177.051059509025833, -39.691258927145796 ], [ 177.050293775121219, -39.691638602794164 ], [ 177.049682545509256, -39.692148102778248 ], [ 177.049054511773818, -39.692643479726236 ], [ 177.048371849717199, -39.693092950412257 ], [ 177.047757494116496, -39.693599815293936 ], [ 177.047148263461423, -39.694110983823037 ], [ 177.046466240919102, -39.694560983305713 ], [ 177.045852896384957, -39.695091865363672 ], [ 177.045176063041851, -39.695583489219899 ], [ 177.04463233299694, -39.696143354487269 ], [ 177.044019209301382, -39.696651594798141 ], [ 177.043453424745167, -39.697188263155461 ], [ 177.042892800606666, -39.697728026782009 ], [ 177.042255855137, -39.698221947217299 ], [ 177.041731928061751, -39.69878374313835 ], [ 177.041183648622649, -39.699330908744386 ], [ 177.040659022921318, -39.69989227679303 ], [ 177.040110792893671, -39.700439463833561 ], [ 177.039622944944625, -39.701022912451137 ], [ 177.039119787208364, -39.701597161749 ], [ 177.0385831858475, -39.702154724308315 ], [ 177.037999189484083, -39.702697384128889 ], [ 177.037525370931689, -39.703285212067136 ], [ 177.037061429987318, -39.70387708886949 ], [ 177.036559681296495, -39.704452623102888 ], [ 177.036121823768781, -39.705055760905978 ], [ 177.035666488051817, -39.705651340931617 ], [ 177.035152510423927, -39.706221575636661 ], [ 177.034772960171068, -39.706849893694134 ], [ 177.034332488064535, -39.707451881200008 ], [ 177.033957105001178, -39.708081989454477 ], [ 177.033563808285379, -39.708704351687565 ], [ 177.033077902477885, -39.709286691291879 ], [ 177.032561970626659, -39.709856051246049 ], [ 177.032095932995361, -39.710446965988126 ], [ 177.031619643332249, -39.71103344563975 ], [ 177.031224725309983, -39.711655081637367 ], [ 177.030760247610488, -39.712246655143218 ], [ 177.030364132156961, -39.712867763334643 ], [ 177.029856439399083, -39.713440653148695 ], [ 177.029364291846576, -39.714020255082012 ], [ 177.028833571628923, -39.714581190297913 ], [ 177.028424889807326, -39.715197325668832 ], [ 177.027954398748989, -39.715785711119686 ], [ 177.027434727963481, -39.716350217944949 ], [ 177.026896613037849, -39.716905770621359 ], [ 177.026357457624584, -39.717460813683189 ], [ 177.02587550681821, -39.718043608573119 ], [ 177.025307505971995, -39.718584645875794 ], [ 177.024826847527038, -39.7191680583162 ], [ 177.024310181864422, -39.719735932300829 ], [ 177.023799187429262, -39.720310642527004 ], [ 177.023342686608373, -39.720909305900868 ], [ 177.022905136449083, -39.721512704927584 ], [ 177.022377608657848, -39.722079853792778 ], [ 177.021881619213161, -39.722659701763938 ], [ 177.021367069972825, -39.723232068224242 ], [ 177.020903675998312, -39.723825035918786 ], [ 177.020431148534499, -39.724414319215072 ], [ 177.020027688613055, -39.725031419091763 ], [ 177.019572549123808, -39.725627696119467 ], [ 177.019088640048437, -39.726212378969976 ], [ 177.018642181759049, -39.726812142471559 ] ] } },
{ "type": "Feature", "properties": { "group_id": "nzd0296" }, "geometry": { "type": "LineString", "coordinates": [ [ 176.998831865170075, -39.785435652402676 ], [ 176.998494801228588, -39.786080965314952 ], [ 176.998181510192893, -39.786731086582016 ], [ 176.997866146793172, -39.78738078183018 ], [ 176.9975472209168, -39.78802974927325 ], [ 176.997155980674449, -39.788664064809481 ], [ 176.996751232222351, -39.789295638223336 ], [ 176.996506729736637, -39.78995965954249 ], [ 176.996342927189914, -39.790640018278999 ], [ 176.99611968026565, -39.791308331511701 ], [ 176.996013529540079, -39.792000352912936 ], [ 176.995746933859891, -39.792696235627297 ], [ 176.995539718348567, -39.793412814315523 ], [ 176.995405621784471, -39.794102797101239 ], [ 176.99532481775833, -39.794789995848426 ], [ 176.995063557938437, -39.795462570048514 ], [ 176.994828969094812, -39.796137297917632 ], [ 176.994559997417554, -39.796809233764421 ], [ 176.994363285477618, -39.797487016301154 ], [ 176.994195654616618, -39.798181768839527 ], [ 176.994191065118997, -39.798905383015395 ], [ 176.994376008532896, -39.799618592879071 ], [ 176.994291167928424, -39.800306562138438 ], [ 176.994312810697096, -39.800997455201099 ], [ 176.994397823098694, -39.801690085232586 ], [ 176.994335410385787, -39.802378651025194 ], [ 176.994050250253935, -39.803061079741141 ], [ 176.994186891847022, -39.803755109901715 ], [ 176.994101396984917, -39.804443019809028 ], [ 176.994090509083264, -39.805132975951771 ], [ 176.994232455590151, -39.805827130750366 ], [ 176.994101060473611, -39.806513756939673 ], [ 176.994029816749816, -39.807202031424985 ], [ 176.99396827298176, -39.80789056592927 ], [ 176.993976034744747, -39.808581000538375 ], [ 176.993961313571617, -39.809270809554221 ], [ 176.993778341916169, -39.809966177960462 ], [ 176.993845301120984, -39.810710251676589 ], [ 176.993694822461038, -39.811492435957319 ], [ 176.994119186352378, -39.812125463841092 ], [ 176.994322532090251, -39.812797272021463 ], [ 176.994443277502938, -39.813483569307216 ], [ 176.994506798287972, -39.814179902299699 ], [ 176.994599322840116, -39.814871138578987 ], [ 176.994675761511672, -39.815564564774647 ], [ 176.994802528543431, -39.816248581013689 ], [ 176.995123147283692, -39.81689957452808 ], [ 176.995225117135561, -39.817588904711819 ], [ 176.995439301806869, -39.8182587930228 ], [ 176.995757416773671, -39.818910674273077 ], [ 176.995918677563282, -39.819589715494793 ], [ 176.996312894409613, -39.8202284026003 ], [ 176.996493417327457, -39.820904094371606 ] ] } },
{ "type": "Feature", "properties": { "group_id": "nzd0297" }, "geometry": { "type": "LineString", "coordinates": [ [ 176.99798185082247, -39.840816223117685 ], [ 176.997394906767852, -39.841342970774726 ], [ 176.99678206303534, -39.84185217578095 ], [ 176.996200046653627, -39.842394624564086 ], [ 176.995660950261708, -39.842970771032391 ], [ 176.995211627383128, -39.843588262291952 ], [ 176.99475818676828, -39.844229935722346 ], [ 176.99453372177851, -39.844904834703627 ] ] } },
{ "type": "Feature", "properties": { "group_id": "nzd0298" }, "geometry": { "type": "LineString", "coordinates": [ [ 176.985292929417511, -39.857246381158113 ], [ 176.984655656701733, -39.857752362223948 ], [ 176.98391438830015, -39.858185781945821 ], [ 176.983290424445556, -39.858773834124854 ], [ 176.982642467892759, -39.859319718480556 ], [ 176.982030691319522, -39.859844584382735 ], [ 176.981482127130107, -39.860404491742763 ], [ 176.981093883155864, -39.861056185931545 ], [ 176.980718682582392, -39.861708720750947 ], [ 176.980389740487112, -39.862352782588282 ] ] } },
{ "type": "Feature", "properties": { "group_id": "nzd0299" }, "geometry": { "type": "LineString", "coordinates": [ [ 174.818385982149209, -39.863563115752044 ], [ 174.817557077106869, -39.863293122838598 ], [ 174.816739114443919, -39.862998690106345 ], [ 174.815882936979051, -39.862789611468578 ], [ 174.815029580707574, -39.862574230160313 ], [ 174.814198338908454, -39.862309456448315 ], [ 174.813353309271861, -39.862075476580443 ], [ 174.812506648481161, -39.861845138875346 ], [ 174.81166806910025, -39.861596751975263 ], [ 174.810842649005792, -39.861318976488334 ], [ 174.809963758662263, -39.861160613376569 ], [ 174.809110240921569, -39.860945584862485 ], [ 174.808294078593519, -39.860647134446957 ], [ 174.807468007985676, -39.860370811763779 ], [ 174.806647086825933, -39.860082990533094 ], [ 174.805774793857381, -39.859909886116782 ], [ 174.804918661433675, -39.859700692149012 ], [ 174.804046457952552, -39.859527382656616 ], [ 174.803184944683267, -39.859330199785788 ], [ 174.802365401090725, -39.859039301337972 ], [ 174.801480945373044, -39.858893342996986 ], [ 174.800686826069011, -39.858545676805811 ] ] } },
{ "type": "Feature", "properties": { "group_id": "nzd0300" }, "geometry": { "type": "LineString", "coordinates": [ [ 174.873165723560362, -39.875926893791494 ], [ 174.872356765859337, -39.875615835583034 ], [ 174.871528342616699, -39.875346530787787 ], [ 174.870720993806856, -39.875003486492695 ], [ 174.869897977407192, -39.87462319131447 ], [ 174.868990194914659, -39.874474808211176 ], [ 174.868120951899726, -39.874300056939127 ], [ 174.867269082338254, -39.874079688849676 ], [ 174.866401248001353, -39.873901236472214 ], [ 174.865523717703866, -39.873748238672356 ], [ 174.864642178525941, -39.873605762973291 ], [ 174.863771034853272, -39.873435992439447 ], [ 174.862918651842733, -39.873216968026362 ], [ 174.862000332467858, -39.873170374194892 ], [ 174.861146389887978, -39.872952150290082 ], [ 174.860304028555589, -39.872703703807453 ], [ 174.859445460626318, -39.872500813130777 ], [ 174.858575305166653, -39.872328634594105 ], [ 174.85771076203406, -39.872141579112103 ], [ 174.856877409508371, -39.871871855448234 ], [ 174.856062866227433, -39.871552283137852 ], [ 174.855168038605996, -39.871445490973905 ], [ 174.85437758458832, -39.871062080803689 ], [ 174.853576468437922, -39.870706933427584 ], [ 174.852794190050957, -39.870301868438801 ], [ 174.851848680318966, -39.870329388164869 ], [ 174.850902079760004, -39.87035978684181 ], [ 174.850027187604866, -39.870200151031995 ], [ 174.849144231942375, -39.870061880169274 ], [ 174.848316122387416, -39.869778273291466 ], [ 174.84744469039876, -39.869609463919801 ], [ 174.846622942182194, -39.869309004462451 ], [ 174.845774038775488, -39.86906417919328 ], [ 174.844871212097672, -39.868929826659226 ], [ 174.843974777432265, -39.868798590422905 ], [ 174.843145410047242, -39.868505776633754 ], [ 174.842275562434679, -39.868333873572134 ], [ 174.841374945348974, -39.868253869186255 ], [ 174.840507867348123, -39.86807369020395 ], [ 174.839613203471174, -39.867975897617541 ], [ 174.838726592324008, -39.867854051013879 ], [ 174.83786422909705, -39.867659786813817 ], [ 174.836999810381144, -39.86747166115228 ], [ 174.836147948058255, -39.867246038590359 ], [ 174.835281102505576, -39.867065160561538 ], [ 174.834463297208913, -39.866737841371496 ], [ 174.833565200997981, -39.866650282303922 ], [ 174.832653146142462, -39.866604398169905 ], [ 174.831798546368418, -39.86638695148752 ], [ 174.830943506213345, -39.866170820950259 ], [ 174.830062062462218, -39.866033526490639 ], [ 174.829242109785667, -39.865712635951574 ], [ 174.828390814312741, -39.865485329308953 ], [ 174.827483305087128, -39.865425853700366 ], [ 174.826546840584257, -39.86545281623907 ] ] } },
{ "type": "Feature", "properties": { "group_id": "nzd0301" }, "geometry": { "type": "LineString", "coordinates": [ [ 174.969721648223782, -39.93224647922775 ], [ 174.969249764380265, -39.931660265832697 ], [ 174.968766742466471, -39.931079565379399 ], [ 174.968276707064234, -39.930500284819075 ], [ 174.967659719990138, -39.929980393712732 ], [ 174.96717856293526, -39.929384772799125 ], [ 174.966719059552616, -39.928782161572236 ], [ 174.966189857958653, -39.928223879829623 ], [ 174.965653868355474, -39.927669911619049 ], [ 174.965111487135346, -39.927120004800635 ], [ 174.964532822392243, -39.926593173020599 ], [ 174.963994436518618, -39.92604071644174 ], [ 174.963426336478562, -39.925507156234808 ], [ 174.962872643356604, -39.924964427876297 ], [ 174.962311696089074, -39.924426309515688 ], [ 174.961769309830743, -39.923876380702787 ], [ 174.961191904285442, -39.923348722658993 ], [ 174.960657743259617, -39.922793553567558 ], [ 174.960009904942837, -39.922290583500647 ], [ 174.959382382874139, -39.921772046653388 ], [ 174.958777277432858, -39.921256356106703 ], [ 174.95818128071852, -39.920738160782037 ], [ 174.957596800304458, -39.920210845768359 ], [ 174.95697077222664, -39.919716416672586 ], [ 174.956345328460117, -39.919221521606239 ], [ 174.955699783024585, -39.91874253555595 ], [ 174.955117744767961, -39.918213273943415 ], [ 174.954512018797772, -39.91770276011642 ], [ 174.953911169480818, -39.91718838259154 ], [ 174.953239486571874, -39.916730073057792 ], [ 174.952621666569911, -39.916229122570719 ], [ 174.951969232246512, -39.915755568960634 ], [ 174.951358877195503, -39.915248702465 ], [ 174.950684976729804, -39.914792134107827 ], [ 174.950048280803458, -39.914306111704086 ], [ 174.949412743050658, -39.913819169042945 ], [ 174.948753538805732, -39.913350956747685 ], [ 174.94804870792197, -39.912918857668778 ], [ 174.947411970142241, -39.91243285431608 ], [ 174.94677067899471, -39.911950451790169 ], [ 174.946132268216161, -39.911465765771602 ], [ 174.945513191305565, -39.910965772288947 ], [ 174.944803535400382, -39.91053747419398 ], [ 174.944124607874073, -39.910084848940663 ], [ 174.943491647679309, -39.909594337594754 ], [ 174.942835164166354, -39.909114071081184 ], [ 174.942162442192483, -39.908648646324153 ], [ 174.941532033486709, -39.908155726644814 ], [ 174.941000429102161, -39.90757785697803 ], [ 174.940318457442146, -39.907129262584377 ], [ 174.939729924413768, -39.90660033145916 ], [ 174.939040439552002, -39.90615819018511 ], [ 174.938350513823451, -39.905716424571239 ] ] } },
{ "type": "Feature", "properties": { "group_id": "nzd0302" }, "geometry": { "type": "LineString", "coordinates": [ [ 176.913985806456537, -39.974155345200323 ], [ 176.913803243509591, -39.974834558640204 ], [ 176.913559185940414, -39.975487430035479 ], [ 176.913366519323148, -39.976094357496606 ], [ 176.913093395430536, -39.976713447630893 ], [ 176.912764601244191, -39.977331046329816 ], [ 176.91240988866727, -39.977918537528893 ], [ 176.911974762902958, -39.97850277731667 ], [ 176.911398191073658, -39.979013727926258 ], [ 176.91086757683297, -39.979463081821784 ], [ 176.910237556061531, -39.979878367652368 ], [ 176.909458975636198, -39.980326688638392 ], [ 176.908907016747946, -39.980952521675952 ], [ 176.908547417706984, -39.981612738207652 ], [ 176.908132484658921, -39.982225366759629 ], [ 176.907887600286557, -39.982914506471339 ], [ 176.907836243243054, -39.983626749178363 ], [ 176.907801822484402, -39.984323116811098 ], [ 176.907605246766707, -39.985018276588043 ], [ 176.907454814918623, -39.985751818312103 ], [ 176.907474573467255, -39.986491023666815 ] ] } },
{ "type": "Feature", "properties": { "group_id": "nzd0303" }, "geometry": { "type": "LineString", "coordinates": [ [ 175.084315691269211, -40.022330730016613 ], [ 175.083807934546599, -40.021731168186882 ], [ 175.083273448869619, -40.021174676343804 ], [ 175.082671683022284, -40.020661603891384 ], [ 175.082096280308548, -40.020132877189475 ], [ 175.081557423792759, -40.019582451453402 ], [ 175.081031862502812, -40.019024128965555 ], [ 175.080578711527693, -40.018422817808101 ], [ 175.080062158694091, -40.01785913884499 ], [ 175.079562694418769, -40.017285311314119 ], [ 175.079032020409301, -40.016730006105689 ], [ 175.078548029579878, -40.016146984325474 ], [ 175.078022872355746, -40.015588395364482 ], [ 175.077511827155405, -40.015021424762338 ], [ 175.077007814522432, -40.014450275035124 ], [ 175.076387034905082, -40.013948436229576 ], [ 175.075844401320467, -40.013400203823764 ], [ 175.075212562242001, -40.012904920995567 ], [ 175.074593183972809, -40.01240223656049 ], [ 175.074006485794229, -40.011880148134807 ], [ 175.073410430078383, -40.011363609942379 ], [ 175.072855116221717, -40.010822882346496 ], [ 175.07235449764346, -40.010249682505993 ], [ 175.071796694581309, -40.00971042364516 ], [ 175.071297148757367, -40.009136578137273 ], [ 175.070734159147861, -40.008600389181794 ], [ 175.070156879558823, -40.008068726573981 ], [ 175.069577189031861, -40.007530195420649 ], [ 175.06901872749782, -40.006981665988469 ], [ 175.068459137442943, -40.006442997092066 ], [ 175.067878872562375, -40.005917841284543 ], [ 175.067305705428936, -40.005388040837538 ], [ 175.066774373909396, -40.004830884203052 ], [ 175.066227760275837, -40.004283714900538 ], [ 175.065570762487795, -40.003808710346554 ], [ 175.06498158591387, -40.003289360265683 ], [ 175.064400483600252, -40.002764727123441 ], [ 175.063771794293586, -40.002271201851322 ], [ 175.063151554854784, -40.001772147855604 ], [ 175.062632724323009, -40.001206789547972 ], [ 175.061986388184692, -40.000724788947011 ], [ 175.061408434673211, -40.000198076355467 ], [ 175.060871793116888, -39.999644350425307 ], [ 175.060265294946362, -39.999136291691222 ], [ 175.059672061296084, -39.998619556617932 ], [ 175.059136675333747, -39.998064997505523 ], [ 175.058524660693649, -39.997560532851864 ], [ 175.057946389857875, -39.997034002906936 ], [ 175.057436215726824, -39.996462948466508 ], [ 175.056877932798983, -39.995923342589187 ], [ 175.056313925279426, -39.995386877243199 ], [ 175.055806737010954, -39.994812212328213 ], [ 175.055148028436093, -39.994338077255705 ], [ 175.054637132343458, -39.99376688889447 ], [ 175.053983642440329, -39.993290046849154 ], [ 175.0534045218632, -39.992763992571966 ], [ 175.052887435096494, -39.992196888316414 ], [ 175.052261658474208, -39.991701696765944 ], [ 175.051713394269171, -39.991155213563516 ], [ 175.051112830052006, -39.99064333151177 ], [ 175.050548316291128, -39.990107591969526 ], [ 175.049990788552122, -39.989567225949216 ], [ 175.049419911033112, -39.989035688949883 ], [ 175.048790173876512, -39.988543093143996 ], [ 175.048220996665663, -39.98801042291629 ], [ 175.047621269200675, -39.987497962527449 ], [ 175.047019515649879, -39.986986838578893 ], [ 175.046462695730185, -39.986445979772114 ], [ 175.045838752439352, -39.985949529600681 ], [ 175.045289118350979, -39.985403908090227 ], [ 175.044736620250177, -39.984860177517412 ], [ 175.044132317162649, -39.984350719937261 ], [ 175.043553513084703, -39.983824346307983 ], [ 175.042974079448044, -39.983293870840832 ], [ 175.042375166157967, -39.982776239794369 ], [ 175.041882925234432, -39.982187999990529 ], [ 175.041291661393501, -39.981669607430725 ], [ 175.040637423535145, -39.981195632919047 ], [ 175.039989596163196, -39.980717132386751 ], [ 175.039396836085189, -39.980199783578257 ], [ 175.038765555251842, -39.979709603248949 ], [ 175.038148620057257, -39.979209299638761 ], [ 175.037512396570122, -39.978722597885806 ], [ 175.036900277634146, -39.978218889060869 ], [ 175.036383298193186, -39.977648066035613 ], [ 175.035691021248766, -39.977200891957764 ], [ 175.035092570306858, -39.976687530239303 ], [ 175.034491593201977, -39.976171513015998 ], [ 175.033846117180957, -39.975685839012684 ], [ 175.033205674997163, -39.975195841390821 ], [ 175.032557947934777, -39.974716896930566 ] ] } },
{ "type": "Feature", "properties": { "group_id": "nzd0304" }, "geometry": { "type": "LineString", "coordinates": [ [ 176.890569172035924, -40.021535794587578 ], [ 176.890334441181949, -40.022211052140435 ], [ 176.889785469903757, -40.02277337822062 ], [ 176.889389324193189, -40.023390618378826 ], [ 176.888862398010701, -40.023970858450305 ], [ 176.888390963048266, -40.024575489241386 ], [ 176.888097410090722, -40.025228813249704 ], [ 176.887757540376725, -40.025865357501665 ], [ 176.887435455806013, -40.026507694822008 ] ] } },
{ "type": "Feature", "properties": { "group_id": "nzd0305" }, "geometry": { "type": "LineString", "coordinates": [ [ 176.883726170842692, -40.034663228408355 ], [ 176.883520964930511, -40.035334317678647 ], [ 176.883221375067478, -40.035993786824491 ], [ 176.883005276351042, -40.036643186634578 ], [ 176.882755115140696, -40.03726324756451 ], [ 176.882499964786518, -40.037911687249832 ], [ 176.882349693080187, -40.038619304821559 ], [ 176.882053740035673, -40.039290568344548 ], [ 176.881902792725498, -40.03995681131665 ], [ 176.881806772226213, -40.040642170153113 ], [ 176.881465784075829, -40.041303801634911 ], [ 176.881556985433662, -40.042024097500899 ], [ 176.881292859380522, -40.042685172018729 ], [ 176.88101527353993, -40.043324760479379 ], [ 176.880768518692719, -40.043966759661473 ], [ 176.880580442048682, -40.044642082165169 ], [ 176.88027370703216, -40.045311822979073 ], [ 176.880114238076573, -40.046006230818563 ], [ 176.879945469563438, -40.046681508706193 ], [ 176.879807287720695, -40.047360803800721 ], [ 176.879709950410188, -40.048063601590812 ], [ 176.879726668094918, -40.048775053125922 ], [ 176.879645063927939, -40.049467638170732 ], [ 176.879544201911273, -40.050154111947087 ], [ 176.87944900550653, -40.050840631475907 ], [ 176.879500572930198, -40.051529315078156 ], [ 176.879429923997122, -40.052220592107631 ], [ 176.87941628685428, -40.052911661383568 ], [ 176.879071053633737, -40.053602753473747 ], [ 176.879096513971547, -40.05428986590556 ], [ 176.879214203528818, -40.054975982920283 ], [ 176.879395416000449, -40.055670749965415 ], [ 176.879439203245823, -40.056373718240017 ], [ 176.8795094942042, -40.057067629479882 ], [ 176.879368233731867, -40.057773911454774 ], [ 176.879531496141681, -40.058450881162166 ], [ 176.879613476563406, -40.05913566602726 ], [ 176.879776247258746, -40.059812669273256 ] ] } },
{ "type": "Feature", "properties": { "group_id": "nzd0307" }, "geometry": { "type": "LineString", "coordinates": [ [ 175.191010444656229, -40.161074417580735 ], [ 175.1907237723469, -40.160422950134766 ], [ 175.190418600053476, -40.159777048545614 ], [ 175.190189026050035, -40.159108371434783 ], [ 175.189868084319642, -40.158467207201689 ], [ 175.189526234900796, -40.157832334091573 ], [ 175.189275613118667, -40.157169977922074 ], [ 175.188942375389985, -40.156532498879777 ], [ 175.188562396990619, -40.155909091703151 ], [ 175.188256642479416, -40.155263322787626 ], [ 175.187906085776604, -40.154631041890504 ], [ 175.187623443874827, -40.153978299430769 ], [ 175.187319517981592, -40.153331961461042 ], [ 175.187042666085233, -40.152677462826048 ], [ 175.186779589402789, -40.152018808997035 ], [ 175.186453870582625, -40.15137901664545 ], [ 175.186108750650362, -40.150744901392507 ], [ 175.185796871847515, -40.150100875838532 ], [ 175.185448202089901, -40.149467679725852 ], [ 175.185152072611004, -40.148819260096303 ], [ 175.184847143394165, -40.14817338704524 ], [ 175.184475017671673, -40.147547001022573 ], [ 175.184179006727192, -40.146898528597205 ], [ 175.183778175104038, -40.146280457697848 ], [ 175.183444224639203, -40.14564297899004 ], [ 175.183221032502644, -40.144973363960283 ], [ 175.182935711806891, -40.144321765782003 ], [ 175.182659936159439, -40.143667392463229 ], [ 175.182376264975147, -40.143015303422466 ], [ 175.18209256127119, -40.142363217643585 ], [ 175.181744847949659, -40.141729694693396 ], [ 175.181442863585659, -40.141082899791428 ], [ 175.181165785447632, -40.14042987369654 ], [ 175.180826050193929, -40.139797098239519 ], [ 175.180522438692293, -40.139150743790317 ], [ 175.180213019066969, -40.138504700549689 ], [ 175.179893798904232, -40.137861938007454 ], [ 175.179532887446811, -40.137233150939331 ], [ 175.179233818853703, -40.136583618579813 ], [ 175.1789591329632, -40.135925903301903 ], [ 175.178612056827546, -40.135292458702473 ], [ 175.17834638200037, -40.134631709482548 ], [ 175.178016439172382, -40.133992507187124 ], [ 175.17763705579668, -40.133369879409564 ], [ 175.177317681518502, -40.132727121005516 ], [ 175.176982790345761, -40.132089560442822 ], [ 175.176700920011712, -40.131434212702892 ], [ 175.176294431020636, -40.130820651599393 ], [ 175.175940715560586, -40.130189386277863 ], [ 175.175583689074443, -40.129559225457044 ], [ 175.175138998747656, -40.128958458074294 ], [ 175.174756317649212, -40.128336889133791 ], [ 175.174359582546089, -40.127720027517896 ], [ 175.174026587306059, -40.127081783944014 ], [ 175.173659961354218, -40.126454877131074 ], [ 175.173304591063442, -40.125824242855543 ], [ 175.172990075946757, -40.12517780501404 ], [ 175.172616688123185, -40.124553007294537 ], [ 175.172132234534473, -40.123969188728509 ], [ 175.171721443807201, -40.123358181819356 ], [ 175.17132402241478, -40.122742235736169 ], [ 175.17092881912572, -40.122125688460315 ], [ 175.170516230404075, -40.121517643213686 ], [ 175.170105774639978, -40.120908725415624 ], [ 175.169741514607438, -40.120279416024012 ], [ 175.169369924260764, -40.119653017407686 ], [ 175.168940262208821, -40.119049717199566 ], [ 175.16858052507942, -40.118418591594342 ], [ 175.168185376159386, -40.117801549108378 ], [ 175.167778769560698, -40.117189059549041 ], [ 175.167425786439622, -40.116555230051382 ], [ 175.167024210170666, -40.115940728017243 ], [ 175.166667963635888, -40.115308185680632 ], [ 175.166271587696968, -40.114691603519915 ], [ 175.165967767540337, -40.114038191666587 ], [ 175.16554397840045, -40.113432504941237 ], [ 175.165193143371653, -40.112797787136685 ], [ 175.164888936640807, -40.112144512064589 ], [ 175.164469644397343, -40.111537019529834 ], [ 175.16404874952039, -40.110930159077455 ], [ 175.163642102899246, -40.110317624225146 ], [ 175.163228058025737, -40.109708027313964 ], [ 175.162878051546983, -40.109072946273365 ], [ 175.162506969610263, -40.108445032201864 ], [ 175.162132612178112, -40.107814587070244 ], [ 175.161715021692174, -40.107202472334038 ], [ 175.161304288878057, -40.106590922871739 ], [ 175.160916303795688, -40.105969533555204 ], [ 175.160472572105249, -40.105372239670558 ], [ 175.160045281157096, -40.104767832634373 ], [ 175.159638015748357, -40.104154762615273 ], [ 175.159232345313882, -40.103540997658477 ], [ 175.158821028809143, -40.102929668285086 ], [ 175.158462282942281, -40.10229560559533 ], [ 175.15801246211862, -40.101700912089285 ], [ 175.157598415348787, -40.101090746957098 ], [ 175.157168617673591, -40.10048738608554 ], [ 175.156721749597267, -40.099891399952924 ], [ 175.156344631529038, -40.099262780603816 ], [ 175.155888755754489, -40.098662479466924 ], [ 175.155535971131116, -40.098016219633038 ], [ 175.155135346264501, -40.097398305400567 ], [ 175.154718361512153, -40.096788032369687 ], [ 175.154206411764704, -40.096222139744228 ], [ 175.153733030575722, -40.095638215456475 ], [ 175.153310901313461, -40.095030331439844 ], [ 175.152888232816395, -40.094422694264459 ], [ 175.152495024089518, -40.093801282670718 ], [ 175.151990563145461, -40.093231864163371 ], [ 175.151548402924249, -40.09263332171502 ], [ 175.151135588006412, -40.092021058346816 ], [ 175.150675847341518, -40.091430722513962 ], [ 175.150195494303915, -40.090850015587407 ] ] } },
{ "type": "Feature", "properties": { "group_id": "nzd0308" }, "geometry": { "type": "LineString", "coordinates": [ [ 176.864545526516849, -40.135052520453172 ], [ 176.863896184422686, -40.135532190920507 ] ] } },
{ "type": "Feature", "properties": { "group_id": "nzd0309" }, "geometry": { "type": "LineString", "coordinates": [ [ 175.219732403463524, -40.272637606744048 ], [ 175.219735381469548, -40.271944475068523 ], [ 175.219569262647894, -40.271270471157827 ], [ 175.219421451136412, -40.270594388803701 ], [ 175.219301478295534, -40.269915149458399 ], [ 175.219242672815199, -40.269228981673315 ], [ 175.219092352006498, -40.268553162803563 ], [ 175.218967299951657, -40.267874477727425 ], [ 175.218847476474565, -40.267195194164103 ], [ 175.21873893087394, -40.266514501274912 ], [ 175.218634179816775, -40.26583321212135 ], [ 175.218526224046315, -40.265152381578318 ], [ 175.2183995450022, -40.264473833662663 ], [ 175.218363189955056, -40.263784871654046 ], [ 175.218232837866736, -40.263106733296738 ], [ 175.218001184519807, -40.2624402602316 ], [ 175.21791073538958, -40.261757510563903 ], [ 175.217718478368596, -40.261086484546283 ], [ 175.217570654002913, -40.260410332108009 ], [ 175.217462088273635, -40.259729649411234 ], [ 175.217344665960582, -40.259049961826157 ], [ 175.217286534649929, -40.258362317555907 ], [ 175.217050640877659, -40.257696170445371 ], [ 175.216961394550196, -40.257012712650855 ], [ 175.216784875218821, -40.256340202774048 ], [ 175.216674585565869, -40.25565937278342 ], [ 175.216592509317309, -40.254974994534848 ], [ 175.216427561795371, -40.254301011768078 ], [ 175.216318774805814, -40.253619972728643 ], [ 175.216095555725559, -40.252953290845177 ], [ 175.215999132729308, -40.252270686251997 ], [ 175.215855023132747, -40.251594060662946 ], [ 175.215775793191966, -40.250908921561994 ], [ 175.215508148675553, -40.250247985748338 ], [ 175.215389243370907, -40.249567713022508 ], [ 175.215263928538434, -40.248888368655152 ], [ 175.215173468109526, -40.248204217700881 ], [ 175.214991642417857, -40.247532641896719 ], [ 175.214813819636959, -40.246860508094521 ], [ 175.214662716243282, -40.246184687998685 ], [ 175.214527065831902, -40.245506733097343 ], [ 175.21445485782229, -40.244820034670227 ], [ 175.214324288853788, -40.244141366423769 ], [ 175.21418104394516, -40.243464437039073 ], [ 175.214039274319759, -40.242787297722266 ], [ 175.213855485997158, -40.242116958982535 ], [ 175.213784447798588, -40.241433177693111 ], [ 175.213725359820756, -40.240747313737181 ], [ 175.213515543204721, -40.240077757175364 ], [ 175.213345248636273, -40.239403813055063 ], [ 175.213225377354888, -40.238724273095237 ], [ 175.213120934533663, -40.23804301618042 ], [ 175.213060149873002, -40.237356913236276 ], [ 175.212967785406079, -40.236674303826206 ], [ 175.212784896933329, -40.236001721556654 ], [ 175.212625709993205, -40.235326505300847 ], [ 175.2125345912483, -40.234643737335759 ], [ 175.212372919604803, -40.233969005712694 ], [ 175.21222298659751, -40.233293209912404 ], [ 175.212007015636175, -40.232626977909945 ], [ 175.21188283563103, -40.231946616867859 ], [ 175.211766474001479, -40.231265049610535 ], [ 175.211591549286965, -40.230592460076593 ], [ 175.211472323194187, -40.229911318779678 ], [ 175.211382438359522, -40.229225669270157 ], [ 175.211331108356234, -40.228534097926904 ], [ 175.211200146446828, -40.227854736761522 ], [ 175.211079474921149, -40.227173790098412 ], [ 175.210927120131686, -40.226497697532011 ], [ 175.210727067502376, -40.22582891606514 ], [ 175.210553971746322, -40.225155992158314 ], [ 175.210422818084595, -40.22447662674351 ], [ 175.210316072383847, -40.223793509864713 ], [ 175.210237844214959, -40.223106010956215 ], [ 175.210068750223257, -40.222432462316462 ], [ 175.209874372328102, -40.221765401825088 ], [ 175.2096950141067, -40.221095875581021 ], [ 175.20951619163182, -40.22042365891798 ], [ 175.209354291658428, -40.219749064734664 ], [ 175.209131921694251, -40.219082935394361 ], [ 175.209074084853057, -40.218393748868927 ], [ 175.208894304964986, -40.217721639343537 ], [ 175.208709574109207, -40.217050216684626 ], [ 175.208500483030434, -40.216382200060245 ], [ 175.208295350822908, -40.215713622058203 ], [ 175.208121289825556, -40.215040684347876 ], [ 175.208028866920472, -40.214356302664214 ], [ 175.207912760846142, -40.213675232120202 ], [ 175.207808858009884, -40.212991889468917 ], [ 175.207700713705805, -40.212306881222524 ], [ 175.207531619022689, -40.211631113846252 ], [ 175.207266333875253, -40.210972666371006 ], [ 175.207016224033708, -40.210311799707085 ], [ 175.206807859823328, -40.209644289901583 ], [ 175.206710963776146, -40.2089590528809 ], [ 175.206499416240746, -40.208292035770285 ], [ 175.206412800531325, -40.207605150947742 ], [ 175.206297579487739, -40.206922806879412 ], [ 175.206023840137846, -40.206265656723083 ], [ 175.20583349312011, -40.205595242502675 ], [ 175.205647671727917, -40.204924102126917 ], [ 175.205555037335955, -40.204238140501189 ], [ 175.205364578658532, -40.203567723948844 ], [ 175.205243255898949, -40.202886309636291 ], [ 175.205104085888138, -40.202207725903236 ], [ 175.204944238162284, -40.201532422767897 ], [ 175.204752862856168, -40.200862125161201 ], [ 175.20452876821463, -40.200197022560481 ], [ 175.204309452825896, -40.199531153469508 ], [ 175.204059340971014, -40.198870129010842 ], [ 175.203930455780124, -40.198188605285651 ], [ 175.203705684942378, -40.197524084993304 ], [ 175.203490894066505, -40.196857907678286 ], [ 175.203317727676961, -40.196184170545116 ], [ 175.203010326450737, -40.195534785133951 ], [ 175.202810702366918, -40.19486583582443 ], [ 175.202548582502516, -40.194208220416876 ], [ 175.202365541922717, -40.19353624863728 ], [ 175.202267579510675, -40.192848831797185 ], [ 175.202105051325105, -40.192173124475659 ], [ 175.202027386193748, -40.191482010917078 ], [ 175.201798520470618, -40.190818371213474 ], [ 175.2015684424114, -40.190154920310299 ], [ 175.20139223259909, -40.189481795689673 ], [ 175.201199603754276, -40.18881156713897 ], [ 175.201055690717197, -40.188132680916425 ], [ 175.200860833987349, -40.187462834712669 ], [ 175.200714206378194, -40.186784417210426 ], [ 175.20059025504608, -40.186101966076592 ], [ 175.200401627027475, -40.185430993812091 ], [ 175.200193871930736, -40.184763411589195 ], [ 175.200068547342539, -40.184081184291081 ], [ 175.199821257935895, -40.183420609530089 ], [ 175.199687981129188, -40.18273978110966 ], [ 175.199450519598173, -40.182077408188988 ], [ 175.199293938623669, -40.181396540122947 ], [ 175.199016661189575, -40.180739329631663 ], [ 175.198787264139725, -40.180075642001384 ], [ 175.198561622977479, -40.179411113493309 ], [ 175.198279619105364, -40.178759100060923 ], [ 175.198051462074119, -40.178095117563558 ], [ 175.197859738626391, -40.177423034465612 ], [ 175.19761985959974, -40.176761643185387 ], [ 175.197444673320859, -40.176085873136088 ], [ 175.197284807027813, -40.175406692976971 ], [ 175.197078875165602, -40.1747377403888 ], [ 175.196740510100625, -40.17409820333198 ], [ 175.196476692781658, -40.173441492790616 ], [ 175.196195832087938, -40.172788376150123 ], [ 175.195916547309736, -40.172135574112026 ], [ 175.195607107383267, -40.171490138398134 ], [ 175.195443083377711, -40.170810881428665 ], [ 175.195192538048929, -40.170151737604698 ], [ 175.194840043588272, -40.169516294622056 ], [ 175.194533924050234, -40.168870061225888 ], [ 175.194302987705356, -40.168206338357273 ], [ 175.194044016674724, -40.167549128254755 ], [ 175.193738865536261, -40.166902650494528 ], [ 175.193486554105931, -40.166243878965446 ], [ 175.193170671971103, -40.165599883813805 ], [ 175.192823711472869, -40.164970327215592 ], [ 175.192548973226735, -40.164324471976705 ], [ 175.192334891841881, -40.163652197519546 ], [ 175.19197501976285, -40.163022801392749 ], [ 175.191709669640915, -40.162364930508708 ], [ 175.191475192976839, -40.161697754743713 ] ] } },
{ "type": "Feature", "properties": { "group_id": "nzd0310" }, "geometry": { "type": "LineString", "coordinates": [ [ 176.776155288985933, -40.217630426797875 ], [ 176.775279488523893, -40.217802682515661 ], [ 176.774420280679351, -40.218007483785534 ], [ 176.773535258906776, -40.218161645857016 ], [ 176.77268565138624, -40.218385275817781 ], [ 176.771817634808912, -40.218572791702307 ], [ 176.770944694295451, -40.218750645986802 ], [ 176.770078232564515, -40.218941207666219 ], [ 176.769187493241816, -40.219084139532121 ], [ 176.768320675623698, -40.219273998154883 ], [ 176.767509432297089, -40.219572883732752 ], [ 176.766648619717643, -40.219774521194438 ], [ 176.765896603159547, -40.220189605162865 ], [ 176.765050077906267, -40.220419273402833 ], [ 176.764217650628353, -40.220676600495011 ], [ 176.763419318223868, -40.221000821200064 ], [ 176.762576971928155, -40.221238687905533 ], [ 176.761771488619388, -40.221548880599194 ], [ 176.760937827800831, -40.221803788621209 ], [ 176.760072061982839, -40.221995703554001 ], [ 176.759219878026641, -40.222214265797589 ], [ 176.758405609764566, -40.222507223216162 ], [ 176.757595526815777, -40.222808393846783 ], [ 176.756781967463468, -40.223102744191209 ], [ 176.755950629583623, -40.22336221001742 ], [ 176.755127683961035, -40.223680891621306 ], [ 176.754264463135456, -40.22401252900972 ], [ 176.753382460802328, -40.224298087100429 ], [ 176.752549152569287, -40.224571906678982 ], [ 176.751772430832204, -40.224916343964559 ], [ 176.750975521308135, -40.225235584793545 ], [ 176.750180599141714, -40.225557303819322 ], [ 176.749343751585741, -40.225826696136373 ], [ 176.748563217514743, -40.226166367751937 ], [ 176.747785719421017, -40.226509826692528 ], [ 176.746987803428624, -40.226827800917739 ], [ 176.746177400824735, -40.22713018870239 ], [ 176.745342607266764, -40.227402131867528 ], [ 176.744610446335656, -40.227802168462588 ], [ 176.743851640706879, -40.228168948547463 ], [ 176.743042787685141, -40.22847326206508 ], [ 176.742223546672761, -40.228764607641118 ], [ 176.741438320276615, -40.229098405791703 ], [ 176.740690640312721, -40.2294790657444 ], [ 176.739985399521913, -40.22991269524951 ], [ 176.739241557968285, -40.230298144068229 ], [ 176.738500234989516, -40.230686735346616 ], [ 176.737764089408159, -40.231081787820763 ], [ 176.736972206439077, -40.231407268641455 ] ] } },
{ "type": "Feature", "properties": { "group_id": "nzd0311" }, "geometry": { "type": "LineString", "coordinates": [ [ 175.216164235456631, -40.454092120004766 ], [ 175.216307850544553, -40.453420196964089 ], [ 175.216428423167713, -40.452749364173229 ], [ 175.216539534578118, -40.452073943380078 ], [ 175.216704916680612, -40.451401646987932 ], [ 175.216852707404598, -40.45072735864084 ], [ 175.21697281257471, -40.450049939169247 ], [ 175.217036946884207, -40.44936619643665 ], [ 175.217152671107101, -40.448688268914346 ], [ 175.217291801545457, -40.448012976076889 ], [ 175.217412868340773, -40.44733563789223 ], [ 175.217522248079234, -40.446656973955754 ], [ 175.217635269597963, -40.445978321542562 ], [ 175.217763778377304, -40.445298396695364 ], [ 175.217908306023389, -40.444619982063514 ], [ 175.218050653309916, -40.443944406900165 ], [ 175.218221411544164, -40.44327133410053 ], [ 175.218331198917298, -40.442592869693797 ], [ 175.218448686617023, -40.441915078525696 ], [ 175.218548589540319, -40.441235727458995 ], [ 175.218688954115095, -40.440559943082263 ], [ 175.218814839303093, -40.439882873077572 ], [ 175.218875861128879, -40.43920006751074 ], [ 175.219004730095435, -40.438523247358617 ], [ 175.219228186085104, -40.437854774363039 ], [ 175.21932867499828, -40.43717543404928 ], [ 175.219497981581668, -40.436502164932307 ], [ 175.219733337554374, -40.435834722511721 ], [ 175.21996698165222, -40.435167122044611 ], [ 175.220132460701507, -40.434493494441938 ], [ 175.220115078284181, -40.433803728635624 ], [ 175.22006098524642, -40.433110714850635 ], [ 175.220258312196393, -40.432439901276503 ], [ 175.22032455292279, -40.431757477220749 ], [ 175.220508407607525, -40.431085447461129 ], [ 175.22088727945561, -40.43043065693918 ], [ 175.221013101506884, -40.429753481535947 ], [ 175.220933595710079, -40.429058141286276 ], [ 175.221042409093911, -40.428379447983978 ], [ 175.221078869366949, -40.42769434918128 ], [ 175.221156466581277, -40.427012881478881 ], [ 175.221208154762195, -40.426329115536753 ], [ 175.221324007041346, -40.425651017301739 ], [ 175.221464266345919, -40.424975070777208 ], [ 175.221680358788348, -40.424305824062444 ], [ 175.22177872150499, -40.42362615861385 ], [ 175.221812684189217, -40.422940790745919 ], [ 175.221953701495323, -40.422264883973391 ], [ 175.222035096623699, -40.421583697312627 ], [ 175.222157207022008, -40.420906104727592 ], [ 175.222268774675172, -40.420227572886667 ], [ 175.222305247422753, -40.419542392557744 ], [ 175.222330879432889, -40.41885624645834 ], [ 175.222501843449038, -40.418178322265007 ], [ 175.222661382772259, -40.417496288284063 ], [ 175.222744509952292, -40.416814383762585 ], [ 175.222793080376704, -40.416131476666926 ], [ 175.222923623526128, -40.415452818780302 ], [ 175.222980244868552, -40.414770315893414 ], [ 175.22305946941222, -40.414088979689055 ], [ 175.223213175462945, -40.413411503792346 ], [ 175.223323301713407, -40.412731758272535 ], [ 175.223454939614726, -40.4120531227749 ], [ 175.223444141223069, -40.411367084850639 ], [ 175.223589304846058, -40.410689137872069 ], [ 175.223661548806319, -40.410009330808322 ], [ 175.223764602005332, -40.409338727247409 ], [ 175.223841807723488, -40.408664358555697 ], [ 175.223920882785336, -40.407982895440732 ], [ 175.224004457186652, -40.407301810430504 ], [ 175.224093486446947, -40.406621185293865 ], [ 175.2240925200596, -40.405932852692246 ], [ 175.224264241476334, -40.405259289487994 ], [ 175.224217386840934, -40.404567016446265 ], [ 175.224296193583172, -40.403885489020162 ], [ 175.224399143220268, -40.403206020619415 ], [ 175.22456779198356, -40.402532167246072 ], [ 175.224589200834146, -40.401845707684608 ], [ 175.224666538279934, -40.401161599041551 ], [ 175.224748879211404, -40.400476335202541 ], [ 175.224788427535799, -40.399792194652463 ], [ 175.224823067891407, -40.399108468119756 ], [ 175.224975198362074, -40.39842589930911 ], [ 175.225158332906688, -40.397743630750703 ], [ 175.22505766260889, -40.397058542233424 ], [ 175.225138797526824, -40.396375248811893 ], [ 175.225186310084979, -40.395691615173071 ], [ 175.225221648815932, -40.395007853923047 ], [ 175.225287899511642, -40.394324392135736 ], [ 175.225365573751304, -40.393645323584991 ], [ 175.225302493252713, -40.392966614043949 ], [ 175.225410195962922, -40.392289377386355 ], [ 175.225380537694491, -40.391602684057673 ], [ 175.225465155250788, -40.390921230923219 ], [ 175.225698035428678, -40.390246578570476 ], [ 175.22565585372476, -40.389559289479898 ], [ 175.225770579728277, -40.388879198129644 ], [ 175.225877658626558, -40.388198748746838 ], [ 175.225868999023902, -40.387512978060897 ], [ 175.227451156535182, -40.349215003706185 ], [ 175.22746564348904, -40.348530079053894 ], [ 175.227500935300185, -40.347844803838619 ], [ 175.227430105504794, -40.347161274362612 ], [ 175.227401405030179, -40.346477042123318 ], [ 175.227383536341222, -40.345792624039611 ], [ 175.227376814366295, -40.345108014916853 ], [ 175.227391315041757, -40.344423048355274 ], [ 175.227284363601967, -40.343740080567407 ], [ 175.227109888681554, -40.343058220720124 ], [ 175.227259365666896, -40.342371004458485 ], [ 175.227212924793349, -40.341687016473657 ], [ 175.227255583203515, -40.341001550204346 ], [ 175.227265450448442, -40.340316618479783 ], [ 175.227143572512517, -40.339633855327158 ], [ 175.227128725848019, -40.338950396565764 ], [ 175.227047100505985, -40.338270086396797 ], [ 175.227058023857182, -40.337585273795654 ], [ 175.227111714039467, -40.336897461372956 ], [ 175.227015608439331, -40.336215753340142 ], [ 175.227016512323672, -40.33553008059809 ], [ 175.226984461457704, -40.33484574539348 ], [ 175.227000690664738, -40.334159433515978 ], [ 175.226935338331828, -40.333476443069188 ], [ 175.226896610859569, -40.332792359437448 ], [ 175.226835134384089, -40.332109196975068 ], [ 175.22689562557548, -40.331421051531684 ], [ 175.227004913557778, -40.330730908185934 ], [ 175.227023616574712, -40.330044453644547 ], [ 175.226835975666802, -40.329366410921864 ], [ 175.226757008114362, -40.328683927398259 ], [ 175.226583921725393, -40.328005276745067 ], [ 175.226516562082992, -40.327322305702253 ], [ 175.226469673954369, -40.326638492538883 ], [ 175.226505260555484, -40.325951307706973 ], [ 175.226582475846072, -40.325262417518566 ], [ 175.22649687728611, -40.324580192085357 ], [ 175.226436979888206, -40.32389960137796 ], [ 175.226362483275494, -40.323219737979322 ] ] } },
{ "type": "Feature", "properties": { "group_id": "nzd0312" }, "geometry": { "type": "LineString", "coordinates": [ [ 176.603826288770705, -40.49074528622171 ], [ 176.60291783889565, -40.490783742343361 ], [ 176.601910017460796, -40.490479799796383 ], [ 176.601037791604909, -40.490643050513263 ], [ 176.600174917441478, -40.490838526900916 ], [ 176.599318508835353, -40.491056286278109 ], [ 176.598326057661865, -40.490805247803941 ], [ 176.597455513596657, -40.490974291728953 ], [ 176.596579278173863, -40.49112372399015 ], [ 176.595667314760988, -40.491150026874983 ], [ 176.594819626001964, -40.49139784135803 ], [ 176.593969659473089, -40.491637811652247 ], [ 176.593144998817195, -40.491965006628654 ], [ 176.592294240362037, -40.49220226114781 ], [ 176.591395915734893, -40.492275571747669 ], [ 176.590445349216822, -40.492168806389728 ], [ 176.589491805787446, -40.492051763572093 ], [ 176.588763056137964, -40.492709595037539 ], [ 176.587830739049053, -40.492754616847371 ], [ 176.586893763498949, -40.492814326132603 ], [ 176.586054473868415, -40.49308486177992 ], [ 176.53965499551515, -40.506055667376103 ], [ 176.538877889012497, -40.506398386012506 ], [ 176.538041335399754, -40.506657929582524 ], [ 176.537228485773568, -40.50695063601065 ], [ 176.536472555234639, -40.507322979378365 ], [ 176.5356615588029, -40.507618275958158 ], [ 176.534831645830764, -40.507887103112573 ], [ 176.534064408200493, -40.508243623085235 ], [ 176.533331950102252, -40.508648806014463 ], [ 176.532512817702326, -40.508932713105771 ], [ 176.531695422381176, -40.509268948903376 ], [ 176.530897019487895, -40.509649422684568 ], [ 176.530041812616332, -40.509942883428394 ], [ 176.529346224508743, -40.510375040033296 ], [ 176.528483460920739, -40.510643665038337 ], [ 176.527776305173234, -40.511064501175326 ], [ 176.527136351756468, -40.511551072289272 ], [ 176.526432444946153, -40.511975082169961 ], [ 176.525736900025237, -40.51240726940577 ], [ 176.524987582519174, -40.512786853529668 ], [ 176.524278661065409, -40.513205950994845 ], [ 176.523607354992492, -40.513661842179289 ], [ 176.522922950826683, -40.514104918455715 ], [ 176.522222237178994, -40.514532038248362 ], [ 176.521515656014628, -40.514953416003877 ], [ 176.520740930204227, -40.515308130093992 ], [ 176.519944632732262, -40.515641738871054 ], [ 176.519265979277776, -40.516090429225393 ], [ 176.518530135583774, -40.516483171185527 ], [ 176.517764348462833, -40.51684984304061 ], [ 176.517029637314607, -40.517257295444239 ], [ 176.516351347307364, -40.517714890662369 ], [ 176.515497541718446, -40.518000763916369 ], [ 176.514648367921524, -40.518290904721944 ], [ 176.513991816113872, -40.518758702724696 ], [ 176.513205101468117, -40.519106444802297 ], [ 176.512580419084998, -40.519603632195903 ], [ 176.511902147276686, -40.520051389727868 ], [ 176.511249760269408, -40.520523019425781 ], [ 176.510561850137179, -40.520961882258291 ], [ 176.509902233897009, -40.521426839348479 ], [ 176.509220032046727, -40.521870962265176 ], [ 176.508611393327897, -40.52238293367018 ], [ 176.507923393842617, -40.522821704370486 ], [ 176.507260858357512, -40.52328395938919 ], [ 176.506557647646929, -40.523708694954017 ], [ 176.505766795138896, -40.524052590394632 ], [ 176.504981620647669, -40.524401719568196 ], [ 176.504289695010755, -40.524836855753961 ], [ 176.503567800111625, -40.525244346434242 ], [ 176.502856749999211, -40.525650695679303 ], [ 176.502238473488148, -40.526136206331643 ], [ 176.501635004129298, -40.526652780620843 ], [ 176.500976758205042, -40.527123462781788 ], [ 176.500248948258331, -40.527523487802313 ], [ 176.499494703549061, -40.527896660886654 ], [ 176.498804084192784, -40.528334455675711 ], [ 176.498137882480165, -40.52879704953024 ], [ 176.497295414430113, -40.529080606569224 ], [ 176.496472067541987, -40.529383581402321 ], [ 176.49560366052188, -40.529640783733186 ], [ 176.494773979227631, -40.529937316862394 ] ] } },
{ "type": "Feature", "properties": { "group_id": "nzd0315" }, "geometry": { "type": "LineString", "coordinates": [ [ 175.165717036111573, -40.631508324910598 ], [ 175.165984087719295, -40.630862558601088 ], [ 175.166175805457272, -40.630199462973621 ], [ 175.166478605688241, -40.629552836228299 ], [ 175.166813044872498, -40.628911722641014 ], [ 175.166959532314564, -40.628237812716094 ], [ 175.167099593310979, -40.627562774931526 ], [ 175.167290297532077, -40.626896565751565 ], [ 175.167467175735368, -40.626227937848036 ], [ 175.167630165144914, -40.625556880226313 ], [ 175.167902035054425, -40.624904811738865 ], [ 175.168173532516533, -40.624252671754661 ], [ 175.168448964163986, -40.623601211627026 ], [ 175.168695105339083, -40.622944485063016 ], [ 175.169023223858602, -40.622303351902396 ], [ 175.169205065952895, -40.621635333770584 ], [ 175.169444632057804, -40.620978008779183 ], [ 175.169777195738249, -40.620338159364437 ], [ 175.169967131712895, -40.619671491746729 ], [ 175.170178302337376, -40.619008809365326 ], [ 175.17039700692402, -40.61834753673309 ], [ 175.170741895678702, -40.617709978510135 ], [ 175.171009083666263, -40.617057807161103 ], [ 175.171264056248162, -40.616403333011306 ], [ 175.171468297322122, -40.615739315500832 ], [ 175.1717038220159, -40.615081172402853 ], [ 175.171911429156665, -40.614417774613891 ], [ 175.172315620327367, -40.613791325941222 ], [ 175.185229985163545, -40.576186960280886 ], [ 175.185373716634189, -40.57551119976582 ], [ 175.18570231268518, -40.574870109799328 ], [ 175.185934658577992, -40.57421095865238 ], [ 175.18614151932897, -40.57354702044065 ], [ 175.186361893656937, -40.572885610610214 ], [ 175.186513993754289, -40.572210405377525 ], [ 175.186730692905542, -40.571546562929491 ], [ 175.186898299722628, -40.570875591175827 ], [ 175.187049038184881, -40.570202631138081 ], [ 175.187459106817101, -40.569569745948868 ], [ 175.18768616745902, -40.568908568923099 ], [ 175.187915249512656, -40.568247697715591 ], [ 175.188169747631093, -40.567590748146813 ], [ 175.188512238714395, -40.566947391909146 ], [ 175.188788354408871, -40.566293770286514 ], [ 175.188947619585605, -40.565622082023744 ], [ 175.189038730786024, -40.564939853290106 ], [ 175.18922569547135, -40.564273293643048 ], [ 175.189341178422353, -40.56360726056829 ], [ 175.189441448453096, -40.562931093332971 ], [ 175.189570138680835, -40.562249199189367 ], [ 175.189882088408069, -40.561607325405582 ], [ 175.190208938039518, -40.560968699693291 ], [ 175.190354004578865, -40.560290363011674 ], [ 175.190612302913451, -40.559636751745003 ], [ 175.190869075473273, -40.558982800846316 ], [ 175.191110907957864, -40.558325580345553 ], [ 175.191460802196247, -40.557691956463074 ], [ 175.191592678118496, -40.557010706273935 ], [ 175.19174968586276, -40.556334938773475 ], [ 175.191938204271992, -40.555666047405474 ], [ 175.192143300085206, -40.555004574658895 ], [ 175.192330681102362, -40.554350577672338 ], [ 175.192505955499399, -40.55368883189108 ], [ 175.192899506568978, -40.55304345937202 ], [ 175.193025560757548, -40.552367736808449 ], [ 175.193187640544494, -40.551696094002473 ], [ 175.193369872540273, -40.551026730400892 ], [ 175.193684295469836, -40.550372355041212 ], [ 175.19384493179669, -40.549700528286451 ], [ 175.193998283520074, -40.549027868447148 ], [ 175.194248731219659, -40.548366215880812 ], [ 175.194480346104996, -40.547702420273254 ], [ 175.194754129235577, -40.547053831865782 ], [ 175.194898590244293, -40.546396417515403 ], [ 175.195054120751195, -40.545729021780993 ], [ 175.195124074815283, -40.545041159944191 ], [ 175.195230719485437, -40.544359628708428 ], [ 175.195345214476617, -40.543679446652526 ], [ 175.195644369395012, -40.543031154425037 ], [ 175.195715048358295, -40.542343390633107 ], [ 175.195841391317117, -40.5416652349898 ], [ 175.195999912275738, -40.540992630881867 ], [ 175.196129782478266, -40.540315818963641 ], [ 175.196249281297582, -40.539638458311487 ], [ 175.196422245944092, -40.53896915024378 ], [ 175.196640522201307, -40.53830648940221 ], [ 175.196803756324243, -40.537635045931196 ], [ 175.196992501482782, -40.536967663348207 ], [ 175.19714529631824, -40.536294542073144 ], [ 175.19734510982741, -40.535628910994909 ], [ 175.197723153176497, -40.534991691070182 ], [ 175.197808474731715, -40.534307791721432 ], [ 175.198023218045648, -40.533644521331965 ], [ 175.198202089480873, -40.532975524698891 ], [ 175.198464117179242, -40.532325089627648 ], [ 175.198669875380801, -40.5316637027544 ], [ 175.198976702234745, -40.531007731066438 ], [ 175.199154696084207, -40.530337462211193 ], [ 175.199433172095581, -40.529678131355439 ], [ 175.19962880166841, -40.529009769916087 ], [ 175.199739757629317, -40.528332178871956 ], [ 175.199844915464496, -40.52765394945353 ], [ 175.199805771306586, -40.526959995106104 ], [ 175.20023003562784, -40.526316510597553 ], [ 175.20002070008394, -40.525604004369526 ], [ 175.200245433679697, -40.524938772607335 ], [ 175.200606329803293, -40.524288365739423 ], [ 175.200417149412942, -40.523578033948709 ], [ 175.20066968290854, -40.522915810171767 ], [ 175.201133140155065, -40.522276554906732 ], [ 175.201220898769975, -40.521596369131387 ], [ 175.201288372198633, -40.520913966866466 ], [ 175.20115677088674, -40.520209872428289 ], [ 175.201279962801181, -40.519533525651546 ], [ 175.201354000254639, -40.518851817541325 ], [ 175.201449264733753, -40.518171963435783 ], [ 175.201577162778847, -40.517495589084064 ], [ 175.201760805775166, -40.516825985866312 ], [ 175.202012751536529, -40.516164193018696 ], [ 175.202099640206256, -40.515483651583047 ], [ 175.202257649408921, -40.514811178949785 ], [ 175.202507338837364, -40.514149109724102 ], [ 175.202843763535583, -40.51349688230296 ], [ 175.203232287237768, -40.512850563588316 ], [ 175.203232216174627, -40.512160114664233 ], [ 175.203481407643778, -40.511497961859654 ], [ 175.203472144495379, -40.510806455416883 ], [ 175.203836574277688, -40.510157374248237 ], [ 175.203921607147748, -40.50947647157053 ], [ 175.204137176029008, -40.508809606867594 ], [ 175.204188502960761, -40.508124544224152 ], [ 175.204370589474479, -40.507454518495649 ], [ 175.204485597132589, -40.506777145158523 ], [ 175.204678320864247, -40.506108270009172 ], [ 175.204888695980998, -40.50544131981048 ], [ 175.204922920774607, -40.504755085484284 ], [ 175.204924431841192, -40.504065263991983 ], [ 175.205140642561076, -40.503398932218836 ], [ 175.205195385797708, -40.502714922687879 ], [ 175.205166491365077, -40.502021752713951 ], [ 175.205606523159872, -40.501379896071526 ], [ 175.205901616437757, -40.500719847239147 ], [ 175.205751488777793, -40.500013406810012 ], [ 175.205985039255097, -40.499346883832935 ], [ 175.206281909783399, -40.498686778490317 ], [ 175.206224399414651, -40.497992990625832 ], [ 175.206303432714265, -40.497312171169398 ], [ 175.206354250779327, -40.496628663538623 ], [ 175.206594699358902, -40.495963169635424 ], [ 175.206545200933192, -40.495270115155243 ], [ 175.206451771390704, -40.494572878482451 ], [ 175.206607059996827, -40.493899271364285 ], [ 175.206698231058965, -40.493219564057881 ], [ 175.20671181698458, -40.492531563271129 ], [ 175.206773925808648, -40.491843950696321 ], [ 175.206789432446129, -40.49114935420144 ] ] } },
{ "type": "Feature", "properties": { "group_id": "nzd0320" }, "geometry": { "type": "LineString", "coordinates": [ [ 172.235896767524565, -40.773129666782033 ], [ 172.236763494122243, -40.772945591982847 ], [ 172.237661258540527, -40.772828401118915 ], [ 172.238486687065944, -40.772549428752171 ], [ 172.239285479676454, -40.77221868775613 ], [ 172.240097903747653, -40.771919689757787 ], [ 172.240877303488674, -40.771581340197116 ], [ 172.24165351545912, -40.771232086613082 ], [ 172.242401448014391, -40.770848990302348 ], [ 172.243175580737727, -40.770489329933035 ], [ 172.243824931673373, -40.77001473542488 ], [ 172.244463527424813, -40.769529897558641 ], [ 172.245114903635454, -40.769057226704788 ], [ 172.245839926219361, -40.768654678131739 ], [ 172.246666836930046, -40.768347123165981 ], [ 172.247450016058878, -40.767991579388344 ], [ 172.248122205388341, -40.767536206281967 ], [ 172.248843660546015, -40.76712840560473 ], [ 172.249483613283815, -40.766724804353025 ], [ 172.250081993887108, -40.766181675719281 ], [ 172.250928582640483, -40.765955293019381 ], [ 172.25184047415263, -40.765955574498527 ], [ 172.2527257470785, -40.765898050867285 ], [ 172.253602415497227, -40.765743709037132 ] ] } },
{ "type": "Feature", "properties": { "group_id": "nzd0321" }, "geometry": { "type": "LineString", "coordinates": [ [ 175.025024570614903, -40.859322962973835 ], [ 175.025759123642814, -40.858914458224845 ], [ 175.02646698926128, -40.858491589722355 ], [ 175.027129729424587, -40.858057303792002 ], [ 175.027787605084882, -40.857608882954061 ], [ 175.028313551226859, -40.857050155556593 ], [ 175.029107689211344, -40.85668305160177 ], [ 175.029561617522035, -40.856106318661993 ], [ 175.030094153671058, -40.855572537644044 ], [ 175.030674213256987, -40.855041931110577 ], [ 175.031252337256149, -40.854513475872437 ], [ 175.0318184558447, -40.853986329335584 ], [ 175.03246914129727, -40.853519572327237 ], [ 175.033102174644171, -40.853037281711899 ], [ 175.033702795904446, -40.852532244487499 ], [ 175.034273574435986, -40.852006562093635 ], [ 175.034968369398541, -40.851562268260395 ], [ 175.035580472087645, -40.851064163105761 ], [ 175.036132770608873, -40.850528173813302 ], [ 175.036613548563793, -40.849947070601793 ], [ 175.037199403303703, -40.84943025948283 ], [ 175.037779282215666, -40.848912358797136 ], [ 175.038351221627323, -40.84838897881329 ], [ 175.038965012236901, -40.847891444864693 ], [ 175.039480182701482, -40.847332522942267 ], [ 175.040073855398475, -40.846823641708554 ], [ 175.040610549179661, -40.846278839909772 ], [ 175.041226299019144, -40.845781666883191 ], [ 175.041779248343659, -40.845250966738156 ], [ 175.042280086108093, -40.844692257125153 ], [ 175.042886166279771, -40.844186327690572 ], [ 175.043411557639956, -40.843635756116932 ], [ 175.043983845769446, -40.843111319581865 ], [ 175.044572027475311, -40.842592523839073 ], [ 175.045094913614662, -40.842038346209904 ], [ 175.045560355494985, -40.84146069655116 ], [ 175.04612816368379, -40.840937529634772 ], [ 175.046615321685834, -40.840366612271374 ], [ 175.0471067940056, -40.839795790878156 ], [ 175.047648415076594, -40.839250109651402 ], [ 175.048180139108183, -40.838701394156764 ], [ 175.048716317091277, -40.838157705084889 ], [ 175.049196711610108, -40.837584874943182 ], [ 175.049689196039964, -40.837019947396065 ], [ 175.050157249650312, -40.836443683119732 ], [ 175.050717578401844, -40.8359041446733 ], [ 175.051221593841575, -40.835340253919767 ], [ 175.051682743873045, -40.834756535852414 ], [ 175.052153025436922, -40.834177667096995 ], [ 175.052579944051047, -40.83357721999387 ], [ 175.053069748311174, -40.833018008021902 ], [ 175.053559454273625, -40.832454881425761 ], [ 175.054046049676941, -40.831881613473634 ], [ 175.054474340861674, -40.8312822348488 ], [ 175.054888807375363, -40.830677995132483 ], [ 175.055358986796932, -40.830099818090048 ], [ 175.05581127890278, -40.82951270796238 ], [ 175.056286667270626, -40.828935256956434 ], [ 175.056811654008442, -40.828378917624853 ], [ 175.057238683586633, -40.827780867151006 ], [ 175.057687187484703, -40.827191954308326 ], [ 175.05822639193596, -40.826641652774825 ], [ 175.058739986416128, -40.826079762602745 ], [ 175.059190400965406, -40.825489536585806 ], [ 175.059628206288011, -40.824893573155599 ], [ 175.05993241768499, -40.824250446625584 ], [ 175.060364869871194, -40.823653403551006 ], [ 175.06079090099368, -40.823054047202042 ], [ 175.061141989796624, -40.822427751232027 ], [ 175.061612337446405, -40.821844310963151 ], [ 175.062074165854369, -40.821257803337687 ], [ 175.062471538061857, -40.820648124747635 ], [ 175.062915738528119, -40.820055270555166 ], [ 175.063369917406931, -40.819465997022704 ], [ 175.063718121186724, -40.818838630601725 ], [ 175.064208410213325, -40.818262323905117 ], [ 175.064585415027722, -40.817645297360556 ], [ 175.065036770915953, -40.817054986995032 ], [ 175.065460736127335, -40.816462122490456 ], [ 175.065897751965082, -40.815876878751574 ], [ 175.066350864359947, -40.815290702166877 ], [ 175.066719289224636, -40.814668883335891 ], [ 175.067146231077004, -40.814070781973193 ], [ 175.06762159520818, -40.813492305795762 ], [ 175.068117458295262, -40.812922134645937 ], [ 175.068473686486755, -40.812295349785472 ], [ 175.068877732069666, -40.811687944835782 ], [ 175.069273429954393, -40.811077150293883 ], [ 175.069708084496341, -40.810482143660302 ], [ 175.070124587485196, -40.809879772916837 ], [ 175.070502955759594, -40.809261936656235 ], [ 175.070946941786076, -40.808670697061302 ], [ 175.071294320335227, -40.808040286407127 ], [ 175.071760734687189, -40.807456811857826 ], [ 175.072248267691634, -40.806879065922253 ], [ 175.07260815824111, -40.806253728763359 ], [ 175.072965269362385, -40.805629030835611 ], [ 175.073474959137201, -40.805061037936554 ], [ 175.073865243109651, -40.804448658685445 ], [ 175.074277233929109, -40.80384434192446 ], [ 175.074695089380384, -40.803242199420687 ], [ 175.075034788048697, -40.802611001785763 ], [ 175.075410593832942, -40.801993218960419 ], [ 175.075853574173379, -40.801400398399011 ], [ 175.076263933525922, -40.800795447569293 ], [ 175.076658305884052, -40.800184549050357 ], [ 175.077041144975937, -40.799569085857001 ], [ 175.077460339721682, -40.798964927801315 ], [ 175.077851997417895, -40.798350414633425 ], [ 175.078255387824697, -40.79774192022974 ], [ 175.078673190959222, -40.797138226492223 ], [ 175.079149041532645, -40.796553884820149 ], [ 175.079515760272841, -40.795933143931848 ], [ 175.079835879344785, -40.79529685704442 ], [ 175.080218731454664, -40.7946814848098 ], [ 175.080581668620766, -40.794059465486775 ], [ 175.080935409576057, -40.793434373575323 ], [ 175.081299900324638, -40.792812860792125 ], [ 175.081667640274958, -40.792192425806533 ], [ 175.082033057585136, -40.791573038283055 ], [ 175.082429906949415, -40.790966810759777 ], [ 175.082850950013807, -40.790367762191202 ], [ 175.08329034102016, -40.789773431084221 ], [ 175.083584393202727, -40.789125303387465 ], [ 175.083966702137502, -40.788509834592119 ], [ 175.084332531562069, -40.787888260961282 ], [ 175.084726700354651, -40.787277170462772 ], [ 175.085080929249301, -40.786651292112388 ], [ 175.085430538306241, -40.786024519418511 ], [ 175.085777225832231, -40.785398361811446 ], [ 175.086113106698207, -40.784767815620079 ], [ 175.086504358086245, -40.7841543972119 ], [ 175.086863168815796, -40.783530791237219 ], [ 175.087242166155931, -40.782913515127596 ], [ 175.087639394522967, -40.782301955138117 ], [ 175.087996577611733, -40.781677829659593 ], [ 175.088368911940876, -40.781058494394593 ], [ 175.088774039048644, -40.780449519546991 ], [ 175.08913235026003, -40.779825744354049 ], [ 175.089482480839649, -40.779199382070118 ], [ 175.0898675049161, -40.778584023868312 ], [ 175.090267052047409, -40.777973242306075 ], [ 175.128891746691522, -40.712822755611853 ], [ 175.12921611117153, -40.712187857956557 ], [ 175.129452775451512, -40.711526899183056 ], [ 175.12981761238845, -40.710904013598906 ], [ 175.130252826497497, -40.710302030736727 ], [ 175.130498083436635, -40.709643606701569 ], [ 175.130913637487225, -40.709035771147732 ], [ 175.131143231018484, -40.708372681437247 ], [ 175.131476192069812, -40.707740295854023 ], [ 175.1318859532565, -40.707130721541247 ] ] } },
{ "type": "Feature", "properties": { "group_id": "nzd0322" }, "geometry": { "type": "LineString", "coordinates": [ [ 172.210916598102614, -40.789676071160045 ], [ 172.211478334518091, -40.78911318641034 ], [ 172.211664471835149, -40.788437368896396 ], [ 172.211858736627761, -40.787763988550523 ], [ 172.21220560851981, -40.78713649334432 ], [ 172.2124833273013, -40.786489967715397 ], [ 172.212724876499863, -40.785834699398549 ], [ 172.212921586613902, -40.785169886600862 ], [ 172.213199468597793, -40.784522623769256 ], [ 172.213427632339403, -40.783864592833851 ], [ 172.21362036194401, -40.783200337018961 ], [ 172.213870387264592, -40.782546066095705 ], [ 172.214113280216424, -40.781890391356434 ], [ 172.214366333441774, -40.781236472325674 ] ] } },
{ "type": "Feature", "properties": { "group_id": "nzd0323" }, "geometry": { "type": "LineString", "coordinates": [ [ 172.126061489013381, -40.876418637208083 ], [ 172.126812970393843, -40.876031023652708 ], [ 172.127550922783911, -40.875624070004228 ], [ 172.128366166728085, -40.875143040531611 ], [ 172.128861702802965, -40.874466089181688 ], [ 172.129263948229038, -40.873858751570829 ], [ 172.129640451350269, -40.87324172099256 ], [ 172.129916756465406, -40.872586978075176 ], [ 172.130184326831653, -40.871924368546608 ], [ 172.130536602077797, -40.871259367082843 ], [ 172.130851748455001, -40.870585425838193 ], [ 172.13111197515866, -40.869934744813584 ], [ 172.131383081045612, -40.869286203366791 ], [ 172.131583579224127, -40.86862372682446 ], [ 172.131790597462668, -40.867962529907714 ], [ 172.131927701010682, -40.867287534420974 ], [ 172.132057677418658, -40.866611126252728 ], [ 172.132256529752112, -40.865948298643481 ], [ 172.132413415453811, -40.865277185595737 ], [ 172.132554697093411, -40.864594652037212 ], [ 172.132735927413307, -40.863918773002396 ], [ 172.132913929494578, -40.863249398209589 ], [ 172.133085946237628, -40.862581988490106 ], [ 172.133170668663951, -40.861904588519081 ], [ 172.133317174051967, -40.861234247550541 ], [ 172.133418581900287, -40.860558742131573 ], [ 172.133506854720309, -40.859881727648208 ], [ 172.133682200815969, -40.859214664636312 ], [ 172.133788327614923, -40.858539678393967 ], [ 172.13391862501274, -40.85786296823246 ], [ 172.13401748016841, -40.85718321574398 ], [ 172.134101319188773, -40.856506621307147 ], [ 172.134238385014754, -40.855834613211719 ], [ 172.134472379029802, -40.855170962444497 ], [ 172.134817372163894, -40.854516882906204 ], [ 172.135179732072771, -40.853864294597486 ], [ 172.134876795635648, -40.853154291021418 ] ] } },
{ "type": "Feature", "properties": { "group_id": "nzd0324" }, "geometry": { "type": "LineString", "coordinates": [ [ 176.219199167428826, -40.887249302824451 ], [ 176.219356681093728, -40.888012669979375 ], [ 176.219325445460925, -40.888714021019403 ], [ 176.219064432493951, -40.889384946151694 ], [ 176.218869026763201, -40.890058033244244 ], [ 176.218980766055751, -40.890741268008412 ], [ 176.218990346198638, -40.891421118207766 ], [ 176.218998491310145, -40.892100913943153 ], [ 176.218971152655712, -40.892805640106921 ], [ 176.21894234838598, -40.893537158326858 ], [ 176.219156673013345, -40.894208545073838 ], [ 176.219357718972304, -40.894870930600739 ], [ 176.219488033818351, -40.895548269799185 ], [ 176.219676296666989, -40.896257464504224 ], [ 176.220052966265825, -40.896933886649109 ], [ 176.220348677517563, -40.89760326871145 ], [ 176.220672940785107, -40.898243490247957 ], [ 176.221367148087381, -40.898752653523523 ], [ 176.222049618536431, -40.899297347421886 ], [ 176.22270760762774, -40.89984011206792 ], [ 176.223359773734728, -40.900310460877826 ], [ 176.224031564368801, -40.900762279274048 ], [ 176.224734323526718, -40.901263742464181 ], [ 176.225601323285076, -40.901665069927262 ], [ 176.226457125828887, -40.902031269150953 ], [ 176.227347881921901, -40.902153730669347 ] ] } },
{ "type": "Feature", "properties": { "group_id": "nzd0325" }, "geometry": { "type": "LineString", "coordinates": [ [ 174.975322546936383, -40.934347005617127 ], [ 174.975522219092539, -40.933686069680391 ], [ 174.975584895036945, -40.933035624897208 ], [ 174.975721546781728, -40.932373063724789 ], [ 174.975858931682495, -40.93168858014274 ], [ 174.976091942002455, -40.931012813241097 ], [ 174.976149564861714, -40.930340536574278 ], [ 174.976247648936521, -40.929682278309251 ], [ 174.976395585520294, -40.929021709887664 ], [ 174.976434272212629, -40.928335110223273 ], [ 174.976536887217947, -40.927652521535485 ], [ 174.976677827824119, -40.926974829834059 ], [ 174.976873863067482, -40.926310236017429 ], [ 174.976962324791288, -40.925639559516107 ], [ 174.977064556448909, -40.924961648519336 ], [ 174.977276847005072, -40.924288204547217 ], [ 174.977358305282564, -40.923609495384099 ], [ 174.977430451916888, -40.922924337418792 ], [ 174.977488329406498, -40.922252349557979 ], [ 174.977497053051366, -40.921589269475348 ], [ 174.9776123874544, -40.920912144041793 ], [ 174.977800999202998, -40.920233023834797 ], [ 174.977840667509554, -40.919549741939484 ], [ 174.978035407511783, -40.918856423932759 ], [ 174.978149072817558, -40.918159493615669 ], [ 174.978425549378187, -40.917484241423452 ], [ 174.978506708892667, -40.916820928927848 ], [ 174.978327037059699, -40.916140838905342 ], [ 174.978315256095726, -40.91545480471617 ], [ 174.978339472741624, -40.914772752697921 ], [ 174.978243609944656, -40.914093614121498 ], [ 174.978162134934706, -40.913411060317067 ], [ 174.978257626347727, -40.912721385926645 ], [ 174.978321913455886, -40.912032028780736 ], [ 174.97798524849108, -40.911359405459436 ], [ 174.978123201823365, -40.91066581348754 ], [ 174.978133737317904, -40.909990219941648 ], [ 174.977990366422631, -40.909313915694213 ], [ 174.977976221922063, -40.90860684305791 ], [ 174.977918436692875, -40.907899159853116 ], [ 174.9781052055217, -40.907176790898454 ], [ 174.977769136879544, -40.906550422507536 ], [ 174.977575177403224, -40.905928874447085 ], [ 174.977528128952173, -40.905289463376619 ], [ 174.977491108262171, -40.904620902086208 ], [ 174.977354741343277, -40.903945505226382 ], [ 174.977253807906095, -40.903265256475493 ], [ 174.977195986808425, -40.902581944136806 ], [ 174.977160229864666, -40.901904592631851 ], [ 174.977167068874678, -40.901229994646229 ], [ 174.97713266948881, -40.900552718103057 ], [ 174.977149402116964, -40.899882785961196 ], [ 174.977213529799258, -40.899213487138468 ], [ 174.977275025786668, -40.898535563650597 ], [ 174.977276418118493, -40.897856408080621 ], [ 174.977387889717107, -40.897179489369755 ], [ 174.977359585241999, -40.896523945636581 ], [ 174.977547843389402, -40.895883342682431 ], [ 174.977674971529638, -40.895211723585732 ], [ 174.977808862654882, -40.894545538015393 ], [ 174.978029062000985, -40.893893766774944 ], [ 174.978253540906252, -40.893237954887745 ], [ 174.978595552137477, -40.892597356171869 ], [ 174.978923962799456, -40.891964508139409 ], [ 174.979050310867478, -40.89129926184701 ], [ 174.979217466528326, -40.890637081017672 ], [ 174.979393548193002, -40.890043274832969 ], [ 174.979635380774681, -40.889453598717012 ], [ 174.979889684058321, -40.888797768454566 ], [ 174.980235701677202, -40.888172483865851 ], [ 174.980513799682313, -40.887525306851437 ], [ 174.980907321861622, -40.88691397318231 ], [ 174.98128582706704, -40.886284425624417 ], [ 174.981598864772707, -40.885634761353067 ], [ 174.981930618989509, -40.884996094927835 ], [ 174.982381826523294, -40.884349889839733 ], [ 174.982813188701925, -40.883687013830368 ], [ 174.983092924212258, -40.88320474200313 ], [ 174.983330531702421, -40.882819885131717 ], [ 174.98371339997459, -40.882253089322305 ], [ 174.98420573753836, -40.881694420044234 ], [ 174.984857280313463, -40.881291967006902 ], [ 174.985586479911831, -40.880937104988192 ], [ 174.986243392290362, -40.8804698794006 ], [ 174.986995614806403, -40.880094607405475 ], [ 174.987684434200077, -40.879696057450161 ], [ 174.988524063599499, -40.879482035011783 ] ] } },
{ "type": "Feature", "properties": { "group_id": "nzd0326" }, "geometry": { "type": "LineString", "coordinates": [ [ 176.213445702003582, -40.909912283107907 ], [ 176.212561747607282, -40.910035056221012 ], [ 176.211639445295845, -40.910028990120011 ], [ 176.210689946043772, -40.910315915329569 ], [ 176.209781107556012, -40.910675797830685 ], [ 176.208986046564235, -40.911022921580837 ], [ 176.208246627390537, -40.911462613105392 ], [ 176.207487321343365, -40.911898867107951 ], [ 176.206762424102834, -40.912334375258737 ], [ 176.205976450908793, -40.912709493294656 ], [ 176.205335788621454, -40.913257625231495 ], [ 176.20466732969291, -40.913768386599052 ], [ 176.204118291655533, -40.914305484106983 ] ] } },
{ "type": "Feature", "properties": { "group_id": "nzd0328" }, "geometry": { "type": "LineString", "coordinates": [ [ 172.09890005622924, -40.939484082029452 ], [ 172.098985147266603, -40.938793948970527 ], [ 172.099014281164045, -40.938108577006659 ], [ 172.098888410861463, -40.937436406796174 ], [ 172.098787364104993, -40.936762114361883 ], [ 172.098625571816513, -40.936092991548044 ], [ 172.098512350067949, -40.935419722888902 ], [ 172.098477579697459, -40.934739761989348 ], [ 172.098295506171581, -40.934072346916736 ], [ 172.09819581889451, -40.933397747874828 ], [ 172.098091876578621, -40.932723238765135 ], [ 172.09796128104324, -40.932051445311025 ], [ 172.097805920859145, -40.931382446970595 ], [ 172.097666769682149, -40.930711803379033 ], [ 172.097512768543652, -40.930042654020085 ], [ 172.097478814068069, -40.929361363243942 ], [ 172.097383706959221, -40.928686247026675 ], [ 172.097207578481772, -40.928019766047498 ], [ 172.096592874517967, -40.927387709077252 ], [ 172.09629116539881, -40.926712844549733 ], [ 172.096591777367394, -40.926007594530205 ], [ 172.096746636739141, -40.925323329599301 ], [ 172.096680669449938, -40.924645943911358 ], [ 172.096556286054494, -40.923970109730647 ], [ 172.096526062162837, -40.923291756542568 ], [ 172.096549166757541, -40.922611973638148 ], [ 172.096507407119446, -40.921933914283827 ], [ 172.09667560055567, -40.921248673015306 ], [ 172.096372829686601, -40.920598786437594 ], [ 172.09638529340711, -40.919907490615493 ], [ 172.096313669618382, -40.919227027437138 ], [ 172.09608789726542, -40.918568400661279 ] ] } },
{ "type": "Feature", "properties": { "group_id": "nzd0329" }, "geometry": { "type": "LineString", "coordinates": [ [ 172.100544782809891, -40.957482188770449 ], [ 172.100682378782267, -40.956767049039513 ], [ 172.100909202133977, -40.956037715231268 ], [ 172.100778916124483, -40.955365149748879 ], [ 172.100581795948671, -40.954703203463623 ], [ 172.099971756968529, -40.954106899697258 ], [ 172.099865052512683, -40.953430565381183 ], [ 172.099677007909776, -40.952767354905994 ], [ 172.099537233361445, -40.952098815501742 ], [ 172.099364149309963, -40.951430482819887 ], [ 172.099239583660903, -40.950758038671914 ], [ 172.099192645853378, -40.950079752966644 ], [ 172.099094728533345, -40.949405292089317 ] ] } },
{ "type": "Feature", "properties": { "group_id": "nzd0330" }, "geometry": { "type": "LineString", "coordinates": [ [ 176.160145188225414, -40.944414557382096 ], [ 176.159520505671765, -40.944902008843094 ], [ 176.158918126687695, -40.945406197469836 ], [ 176.158302610077101, -40.945900522088102 ], [ 176.157648043585624, -40.946365533582139 ], [ 176.156940364872753, -40.946817158135765 ], [ 176.15628181528453, -40.947311327941094 ], [ 176.155702961764717, -40.947832248291242 ], [ 176.15513097193255, -40.948355224982514 ], [ 176.154592376129472, -40.948915645229491 ], [ 176.154009626070803, -40.949450642110513 ], [ 176.153318363600079, -40.949910324898894 ], [ 176.152743739826604, -40.950433148556449 ], [ 176.152174540999312, -40.950958979147437 ], [ 176.151654525969093, -40.951512106641964 ], [ 176.151144632488666, -40.95207084807334 ], [ 176.150601269251723, -40.952612941647544 ], [ 176.150117282263182, -40.953196675744849 ], [ 176.149682688128564, -40.953802669384658 ], [ 176.149114899378475, -40.954331222349708 ], [ 176.148608638173812, -40.954891373059105 ], [ 176.148133296797766, -40.955467062183679 ], [ 176.147601027732435, -40.956013448786358 ], [ 176.147062827290569, -40.956557147854909 ], [ 176.146517985464214, -40.957097409590837 ], [ 176.145987266307941, -40.957644966328317 ], [ 176.145516712453031, -40.958227394678687 ], [ 176.14504158014239, -40.958833055470102 ], [ 176.144473649160602, -40.959404310095735 ], [ 176.1440619748671, -40.960007359354762 ], [ 176.143630866925719, -40.960595461895295 ], [ 176.143250633042754, -40.96119909580117 ], [ 176.142838373806086, -40.961798411048676 ], [ 176.142422347697959, -40.962399467941829 ], [ 176.141974578359623, -40.962987711440633 ], [ 176.141493682166612, -40.963562583325405 ], [ 176.141040769854953, -40.964148741149629 ], [ 176.140645300524, -40.964758071258323 ], [ 176.140277850648204, -40.965378701446568 ], [ 176.139832033445742, -40.965985563879613 ], [ 176.139353670262324, -40.966589186589154 ], [ 176.138948782772303, -40.967200302824153 ], [ 176.138587812037201, -40.967821564836086 ], [ 176.138223416820637, -40.968441777222182 ], [ 176.13779160153706, -40.969041434689252 ], [ 176.137516001896898, -40.969685497344798 ], [ 176.137143174846784, -40.970297934787766 ], [ 176.13664725128811, -40.970873922555306 ], [ 176.136231186126537, -40.971477163172949 ], [ 176.136039315437102, -40.972152445476972 ], [ 176.135722972197669, -40.972789331936987 ], [ 176.135305348937237, -40.973414814064135 ], [ 176.134855529689332, -40.97403803051531 ], [ 176.134699808629676, -40.974712538618093 ], [ 176.134527477605047, -40.975382997606658 ], [ 176.134138808871995, -40.975988844832749 ], [ 176.133765604361116, -40.97657003299333 ], [ 176.133293689394861, -40.977128210239741 ], [ 176.132888859515333, -40.977799461308713 ], [ 176.132795440399349, -40.978538435341214 ], [ 176.132631803989312, -40.979205644759823 ], [ 176.132329315483219, -40.979849038136415 ], [ 176.132187233487429, -40.980519930381014 ] ] } },
{ "type": "Feature", "properties": { "group_id": "nzd0332" }, "geometry": { "type": "LineString", "coordinates": [ [ 174.940619369244814, -40.99822310395281 ], [ 174.941120674918722, -40.997660017277859 ], [ 174.94163654313283, -40.997103731682053 ], [ 174.942185028324758, -40.996568909605728 ], [ 174.942678600130307, -40.996009798178243 ], [ 174.943141448366106, -40.995427410286396 ], [ 174.943629546735536, -40.994855662896562 ], [ 174.944138542644083, -40.994292827707071 ], [ 174.944633549684312, -40.993722264002777 ], [ 174.945074717002768, -40.993131702055322 ], [ 174.945629347972272, -40.992591616816391 ], [ 174.946090608075849, -40.992012278030401 ], [ 174.946498843949485, -40.991407073920591 ], [ 174.947018283645292, -40.990852522699925 ], [ 174.94747124614031, -40.9902713422318 ], [ 174.948001494763218, -40.989726078963841 ], [ 174.94847006268671, -40.989136181764749 ], [ 174.948918435875271, -40.988537510897011 ], [ 174.949335767745737, -40.987941325073521 ], [ 174.949653675026667, -40.987303399826779 ], [ 174.949979634642716, -40.986665010987053 ], [ 174.950385322403918, -40.986059755965087 ], [ 174.950875343545533, -40.985489168948078 ], [ 174.951387198368735, -40.984927425005601 ], [ 174.951850396286659, -40.984345681294037 ], [ 174.952281274065399, -40.98375069459432 ], [ 174.952725435615093, -40.983158797011619 ], [ 174.953072425096053, -40.982530406984758 ], [ 174.953543064192786, -40.981947614361822 ], [ 174.954003510567048, -40.981368342337269 ], [ 174.95441435984543, -40.980767938615692 ], [ 174.954880901745753, -40.980183959547041 ], [ 174.955214669870287, -40.979550390817899 ], [ 174.955651583163899, -40.978957068499412 ], [ 174.956045229966236, -40.978347530862294 ], [ 174.956456985108531, -40.977744743631511 ], [ 174.95684708364027, -40.97713281020426 ], [ 174.957281968290687, -40.976536813894853 ], [ 174.957729925599295, -40.975945648210754 ], [ 174.958101896178789, -40.975327572294781 ], [ 174.958432906471643, -40.974693987940718 ], [ 174.958911652650386, -40.974103042395207 ], [ 174.95941837386701, -40.973513797593725 ], [ 174.959928015318866, -40.9729654391111 ], [ 174.960127924981123, -40.972319575861533 ], [ 174.960401237260839, -40.971653970249754 ], [ 174.960687355120797, -40.970998795858691 ], [ 174.961043364240595, -40.970375998742092 ], [ 174.96142111407346, -40.969759904330871 ], [ 174.961766930558639, -40.969138830776458 ], [ 174.962132422246981, -40.968526546699678 ], [ 174.962475879650384, -40.967900550099131 ], [ 174.962851880746882, -40.967276901320169 ], [ 174.963292321538489, -40.966666490622494 ], [ 174.963518510568861, -40.966007812848112 ], [ 174.963875222658544, -40.965384290384485 ], [ 174.964262039061026, -40.964770505631819 ], [ 174.964565714706936, -40.964133196961711 ], [ 174.964945190196346, -40.963516510127633 ], [ 174.965126812495811, -40.962846948596535 ], [ 174.965493233084771, -40.962228317860593 ], [ 174.965840317086759, -40.961602410623925 ], [ 174.966170966842583, -40.960966502323842 ], [ 174.966491942842367, -40.960326627876825 ], [ 174.966779630643941, -40.959683305776132 ], [ 174.967110056850146, -40.959051370653839 ], [ 174.967398106195191, -40.95840853603724 ], [ 174.967639301926994, -40.957753946387044 ], [ 174.967969647182656, -40.957121691130027 ], [ 174.968404956144724, -40.956509298029481 ], [ 174.96886261636638, -40.955896698477233 ], [ 174.968920941279407, -40.955202693676853 ], [ 174.969056126869589, -40.954530961121911 ], [ 174.969288598226854, -40.953881158195038 ], [ 174.969730668677386, -40.953279983816941 ], [ 174.969985218568468, -40.95261709048598 ], [ 174.970153460831085, -40.951936365973452 ], [ 174.970353780903167, -40.951272985887712 ], [ 174.970651971705365, -40.950631514957017 ], [ 174.970858693414584, -40.949974921083125 ], [ 174.971141882308643, -40.949331232044067 ], [ 174.971429418215024, -40.948687036856839 ], [ 174.971728922780841, -40.948045250204878 ], [ 174.971974689132793, -40.947392614213008 ], [ 174.972166835091514, -40.946729152544897 ], [ 174.972377898650649, -40.94605815261373 ], [ 174.972518106847218, -40.945376899558163 ] ] } },
{ "type": "Feature", "properties": { "group_id": "nzd0333" }, "geometry": { "type": "LineString", "coordinates": [ [ 172.110104380238312, -41.006059041420897 ], [ 172.109920320089145, -41.005395022834676 ], [ 172.109712431250017, -41.004734046630723 ] ] } },
{ "type": "Feature", "properties": { "group_id": "nzd0335" }, "geometry": { "type": "LineString", "coordinates": [ [ 172.111327633165558, -41.031479707916567 ], [ 172.111331405272068, -41.030797493504551 ], [ 172.111271873342361, -41.03012063645636 ], [ 172.1111576060147, -41.029448410803639 ], [ 172.110976567511187, -41.028781836505466 ], [ 172.110876850665363, -41.028108364109094 ], [ 172.110817674008018, -41.027431449405142 ], [ 172.110712835097047, -41.02675837764788 ], [ 172.110549777680745, -41.026090176111005 ], [ 172.110436906354977, -41.025417741279384 ], [ 172.110354000131537, -41.024742767049048 ], [ 172.110248062015643, -41.024069790451705 ], [ 172.110204451981161, -41.023391382361737 ], [ 172.110562751059206, -41.02263634734183 ], [ 172.110012944321937, -41.022006893700542 ], [ 172.109778933436161, -41.021349158733052 ], [ 172.109754666397635, -41.020644403266424 ] ] } },
{ "type": "Feature", "properties": { "group_id": "nzd0336" }, "geometry": { "type": "LineString", "coordinates": [ [ 172.107226471921877, -41.050971820045362 ], [ 172.107153064215282, -41.050295813906246 ], [ 172.107074814294549, -41.049620283439594 ], [ 172.107090331772866, -41.048935401068817 ], [ 172.107014816853763, -41.048259584156831 ], [ 172.106861064473065, -41.047591557746216 ], [ 172.106760896909634, -41.046918184068268 ], [ 172.106635577228531, -41.046247310284897 ], [ 172.106504787534988, -41.045576974824108 ] ] } },
{ "type": "Feature", "properties": { "group_id": "nzd0337" }, "geometry": { "type": "LineString", "coordinates": [ [ 172.104715083667003, -41.067019299940519 ], [ 172.104781365936873, -41.066325904911714 ], [ 172.104687059606306, -41.065651500594058 ], [ 172.104540995292695, -41.064983212530592 ], [ 172.104447366146417, -41.064308714422232 ], [ 172.104255988854817, -41.063645773444236 ], [ 172.105015219684191, -41.062870361265858 ] ] } },
{ "type": "Feature", "properties": { "group_id": "nzd0338" }, "geometry": { "type": "LineString", "coordinates": [ [ 174.853633351860879, -41.069691259945074 ], [ 174.853478193789044, -41.069021025853289 ], [ 174.853224651266714, -41.068372303992895 ], [ 174.852833768154682, -41.067753604067711 ], [ 174.852291671297621, -41.067209985194559 ], [ 174.851769057798634, -41.066655993361294 ] ] } },
{ "type": "Feature", "properties": { "group_id": "nzd0339" }, "geometry": { "type": "LineString", "coordinates": [ [ 172.103268706107713, -41.077404972723535 ], [ 172.103132972391847, -41.076735205529531 ], [ 172.102986680139054, -41.076066376569791 ], [ 172.102989881035825, -41.075384159579635 ], [ 172.103007648162503, -41.074700631663681 ], [ 172.103083654725083, -41.074011883379107 ], [ 172.103044095270121, -41.073333472788654 ] ] } },
{ "type": "Feature", "properties": { "group_id": "nzd0340" }, "geometry": { "type": "LineString", "coordinates": [ [ 172.103270297191159, -41.088774942530264 ], [ 172.103261975142914, -41.088091641760727 ], [ 172.103156840913243, -41.08741909353909 ], [ 172.103063428962116, -41.086745266447451 ], [ 172.103031744024065, -41.086064615496248 ], [ 172.102934550704475, -41.085391096508957 ], [ 172.10278966060244, -41.084727681609223 ], [ 172.102700830719414, -41.084060093208798 ], [ 172.102620488148233, -41.083386891807386 ], [ 172.102455472138558, -41.082718838770269 ] ] } },
{ "type": "Feature", "properties": { "group_id": "nzd0341" }, "geometry": { "type": "LineString", "coordinates": [ [ 176.068610646959797, -41.103763463058911 ], [ 176.068490170249873, -41.104434183931026 ] ] } },
{ "type": "Feature", "properties": { "group_id": "nzd0342" }, "geometry": { "type": "LineString", "coordinates": [ [ 174.8316948638344, -41.107726889441452 ], [ 174.832633403820608, -41.107799299226663 ], [ 174.833542283803496, -41.1076495910254 ], [ 174.83429988887778, -41.107240695037028 ], [ 174.834976174820724, -41.10676786081477 ], [ 174.835534833930041, -41.106213687110923 ], [ 174.836077217407365, -41.105625883090731 ], [ 174.836436429583244, -41.104934556544663 ], [ 174.836593731125163, -41.104227457501523 ], [ 174.836499173383515, -41.103517501712382 ] ] } },
{ "type": "Feature", "properties": { "group_id": "nzd0343" }, "geometry": { "type": "LineString", "coordinates": [ [ 176.060640220421931, -41.130647882099623 ], [ 176.059750010482816, -41.130822652411418 ], [ 176.058899213083293, -41.131055367388491 ], [ 176.058098056735815, -41.131361068518764 ], [ 176.057341084628831, -41.131731734585891 ], [ 176.05657606474216, -41.132090567590488 ], [ 176.055827965851648, -41.13247428047972 ], [ 176.055105653326251, -41.132895909182501 ], [ 176.054331432794669, -41.133327548319365 ], [ 176.053604261534701, -41.133797828275057 ], [ 176.05295336355934, -41.134268034637863 ], [ 176.052247909331754, -41.134701117644788 ], [ 176.051624151905884, -41.135188625813079 ], [ 176.051020358744182, -41.13568943108821 ], [ 176.050438365222789, -41.136204756302604 ], [ 176.049808213843448, -41.136742344837117 ], [ 176.049229933144886, -41.137326440044248 ], [ 176.048753863546949, -41.137911585719237 ], [ 176.048301772395234, -41.138496888299954 ], [ 176.047859231235151, -41.139085926491227 ], [ 176.047443716482661, -41.139685838732724 ], [ 176.047030779184922, -41.140286954030756 ] ] } },
{ "type": "Feature", "properties": { "group_id": "nzd0345" }, "geometry": { "type": "LineString", "coordinates": [ [ 172.093079627123416, -41.271602919413127 ], [ 172.093311624463183, -41.270939566168664 ], [ 172.093652948210405, -41.270282783242109 ], [ 172.093580761031575, -41.269601114918622 ], [ 172.093535265520472, -41.268921045361118 ], [ 172.093523618729279, -41.268243005273646 ], [ 172.102601897008554, -41.19564953022693 ], [ 172.102710018382965, -41.194978209651751 ], [ 172.102718926844489, -41.194300068166761 ], [ 172.102756151338809, -41.193623864474247 ], [ 172.102813685498944, -41.192949048727833 ], [ 172.102797587034757, -41.192269168779696 ], [ 172.102881057464515, -41.191600138526233 ], [ 172.102958337858354, -41.190939418086948 ], [ 172.103024769795525, -41.190272853501035 ], [ 172.103103059511682, -41.189598015416507 ], [ 172.103133651763329, -41.188922362121197 ], [ 172.103137098673756, -41.188246241883093 ], [ 172.103133722409069, -41.187569999049138 ], [ 172.103122913580592, -41.186893623290096 ], [ 172.103086309897179, -41.186216803446484 ], [ 172.103151348536386, -41.185541698969992 ], [ 172.103182128705981, -41.184866006995485 ], [ 172.103246220484095, -41.184190872489921 ], [ 172.103282433709921, -41.183515258609106 ], [ 172.103335759884033, -41.182839927706837 ], [ 172.103428120437997, -41.182165251186852 ], [ 172.10346735588692, -41.181489667551894 ], [ 172.103496505975272, -41.180813906059484 ], [ 172.103556057852273, -41.180138652672319 ], [ 172.103641236577943, -41.179463826458772 ], [ 172.103645853800458, -41.17878762838491 ], [ 172.103617147043963, -41.178110858751857 ], [ 172.103683750623105, -41.177435696898407 ], [ 172.103657544610826, -41.176758955680924 ], [ 172.10368006729766, -41.176083033050283 ], [ 172.103683412734512, -41.175406778537152 ], [ 172.103710143450201, -41.174730913244289 ], [ 172.103763544744481, -41.174055492823477 ], [ 172.103752746396395, -41.173378977757345 ], [ 172.103829594315386, -41.172703940599995 ], [ 172.103860101958986, -41.172028111373585 ], [ 172.103912587146169, -41.171352647491751 ], [ 172.103867803717463, -41.170675528779974 ], [ 172.103897220861057, -41.169999660146857 ], [ 172.103834379013335, -41.169322507309495 ], [ 172.103971392475785, -41.168647137818702 ], [ 172.104200904884777, -41.167971162822724 ], [ 172.104309494652426, -41.16729512308931 ], [ 172.104513761644569, -41.166619239991945 ], [ 172.104685916257466, -41.165943294632768 ], [ 172.104429752364354, -41.16526660974403 ], [ 172.104271969364532, -41.164590085894105 ], [ 172.104129285899944, -41.163913580754873 ], [ 172.104058559399391, -41.163237191872774 ], [ 172.104042080219585, -41.162560889000488 ], [ 172.103978395509841, -41.161884498201481 ], [ 172.10403517219828, -41.16120830698285 ], [ 172.10401537282624, -41.160531977482442 ], [ 172.104018801901361, -41.159855680827725 ], [ 172.104038945181827, -41.159179405844739 ], [ 172.104006749322565, -41.158503034160347 ], [ 172.103943318271035, -41.157826601934723 ], [ 172.103961350691208, -41.157150208683142 ], [ 172.104003266934228, -41.156473580161432 ], [ 172.104002764203329, -41.155797016664714 ], [ 172.103996669802825, -41.155120675917722 ], [ 172.104031726617762, -41.154444254918239 ], [ 172.104016199639517, -41.1537679170088 ], [ 172.103939795855069, -41.153091680513249 ], [ 172.103901731983683, -41.15241536876681 ], [ 172.103805058793768, -41.151739154338507 ], [ 172.103875714066163, -41.151062635138373 ], [ 172.103865515821809, -41.150386252854155 ], [ 172.103869132029558, -41.1497098389993 ], [ 172.103892506587755, -41.149033382983511 ], [ 172.103800724002355, -41.148357125008459 ], [ 172.10376025169748, -41.147680768697811 ], [ 172.103726631397649, -41.147004393210558 ], [ 172.103681679741271, -41.14632803090521 ], [ 172.10367966944284, -41.145651585211972 ], [ 172.103615930586528, -41.144975264062936 ], [ 172.103645100032992, -41.144298954198362 ], [ 172.103672028245313, -41.143620910080529 ], [ 172.103597751812913, -41.142946346959718 ], [ 172.103541347082086, -41.142271126956167 ], [ 172.103506313115503, -41.141595122814174 ], [ 172.103469675716724, -41.140919170020084 ], [ 172.103475532905804, -41.140241664840367 ], [ 172.103385201687303, -41.139567650831104 ], [ 172.103342259115919, -41.138891906455818 ], [ 172.103227521777228, -41.138218766129256 ], [ 172.103161491669965, -41.137543847486867 ], [ 172.103175912876651, -41.136865996055555 ], [ 172.103096899757958, -41.136191535670783 ], [ 172.103059947143663, -41.135515538669111 ], [ 172.103065025985757, -41.134838006070879 ], [ 172.103044419054612, -41.134161400649731 ], [ 172.102957345417508, -41.133487205618479 ], [ 172.10291091868686, -41.132811525332116 ], [ 172.102850025751081, -41.132136399223306 ], [ 172.102809901950621, -41.131460541458281 ], [ 172.10281022998609, -41.130783230793497 ], [ 172.102759648587863, -41.13010766184933 ], [ 172.102708868466181, -41.129432092883249 ], [ 172.102628493908924, -41.128757549816065 ], [ 172.102606066678675, -41.128080977409766 ] ] } },
{ "type": "Feature", "properties": { "group_id": "nzd0347" }, "geometry": { "type": "LineString", "coordinates": [ [ 175.948830192355643, -41.246618429497829 ], [ 175.947919906358266, -41.246611689209892 ], [ 175.947006756557755, -41.246591095847286 ], [ 175.946138667073058, -41.246788335182202 ], [ 175.945171291442051, -41.246945015331761 ], [ 175.944219269952185, -41.247167399943379 ], [ 175.943354457784096, -41.247377468166384 ], [ 175.942560663331761, -41.247698431994131 ], [ 175.941726586542416, -41.248016094922193 ], [ 175.940950938182795, -41.248453263582576 ], [ 175.940146228108375, -41.248809218770674 ], [ 175.939401325321711, -41.249170748747815 ], [ 175.938657509029412, -41.249366164826135 ], [ 175.937864799967599, -41.249429941924397 ], [ 175.936999799869426, -41.249612596898466 ], [ 175.936167097494462, -41.249832431713529 ], [ 175.935330871669805, -41.250040567376267 ], [ 175.934497152499347, -41.250303441516657 ], [ 175.93365672435047, -41.250554059819606 ], [ 175.932799979415591, -41.250758956551671 ], [ 175.931948153100763, -41.250984279880285 ], [ 175.931069635924246, -41.251206468638976 ], [ 175.930221554628076, -41.251482105415192 ], [ 175.929389024063568, -41.251736016426996 ], [ 175.928559661187876, -41.251995377299814 ], [ 175.927769784789149, -41.252322686267611 ], [ 175.926904376932924, -41.25252001846772 ], [ 175.926045844391837, -41.252745604323302 ], [ 175.92517070159488, -41.253018318185077 ], [ 175.924433440515458, -41.253457240758131 ], [ 175.923754233018514, -41.253900930705484 ], [ 175.923080868197786, -41.254350345373361 ], [ 175.92229899085973, -41.254577242258613 ], [ 175.9215394685381, -41.254690182949297 ], [ 175.920664732517906, -41.254779766368834 ], [ 175.919757818502404, -41.254846538621443 ], [ 175.91883583261324, -41.255017944808898 ], [ 175.917932192182036, -41.25522746265198 ], [ 175.917125559666118, -41.255528139164014 ], [ 175.916277882060342, -41.255799481324985 ], [ 175.915431333240861, -41.256089845393326 ], [ 175.914636453606334, -41.256418845524387 ], [ 175.913879979870075, -41.256783803087757 ], [ 175.913067093038137, -41.25707638700122 ], [ 175.912252666554707, -41.25736699335792 ], [ 175.911452957969203, -41.257676479390661 ], [ 175.910672014238315, -41.258010037612522 ], [ 175.909841915173843, -41.258280530346632 ], [ 175.909071090959145, -41.25862706785815 ], [ 175.908330697470518, -41.259012645751731 ], [ 175.907596073563553, -41.259409638147304 ], [ 175.906795972534354, -41.259726503647919 ], [ 175.906011453439191, -41.260059328515318 ], [ 175.90523292039839, -41.260396463125836 ], [ 175.904456042019859, -41.260735621038592 ], [ 175.9036692701373, -41.261062668348359 ], [ 175.902935132159826, -41.26145413344409 ], [ 175.902171156484002, -41.261809078226989 ], [ 175.901373825578276, -41.262123196669336 ], [ 175.900626415741812, -41.26249841373118 ], [ 175.89985474464757, -41.262855646490323 ], [ 175.899085621517429, -41.263242786294029 ], [ 175.898371855011732, -41.263678806818895 ], [ 175.897669142612074, -41.264099807341054 ], [ 175.897023119819551, -41.264570797094237 ], [ 175.896280843717705, -41.26495690251425 ], [ 175.895544908759888, -41.265348596789643 ], [ 175.894792923301935, -41.265726133501516 ], [ 175.894017360454143, -41.266082874617318 ], [ 175.893394934312653, -41.266574660286167 ], [ 175.892680505887085, -41.266985308572728 ] ] } },
{ "type": "Feature", "properties": { "group_id": "nzd0348" }, "geometry": { "type": "LineString", "coordinates": [ [ 175.886349920658745, -41.272356132550058 ], [ 175.885642589122398, -41.272780239667561 ], [ 175.884849584695019, -41.273099647599125 ], [ 175.884108417393833, -41.273482402650686 ], [ 175.883368810525099, -41.273867063467698 ], [ 175.882608872978238, -41.274299644042806 ], [ 175.881852489777742, -41.274756194930099 ], [ 175.881213865465924, -41.275259719297431 ], [ 175.880602408416365, -41.275755983519566 ], [ 175.880019829882315, -41.276269910536222 ], [ 175.879510195368368, -41.276833504620512 ], [ 175.878898408163366, -41.27734708376569 ], [ 175.878335437066625, -41.27788567640188 ], [ 175.877782886905862, -41.278418582676068 ], [ 175.877256933258508, -41.278965706688489 ], [ 175.876670803777444, -41.279480647738282 ], [ 175.876242019082866, -41.280079722888345 ], [ 175.875714374654279, -41.280625929258932 ], [ 175.875206308876074, -41.281182600584373 ], [ 175.874666722062813, -41.281722411901711 ], [ 175.874137187900118, -41.282267594256666 ], [ 175.873481126946473, -41.282718217899429 ], [ 175.872787922943985, -41.28309120491916 ], [ 175.872035598564509, -41.283438309650705 ], [ 175.871371534902948, -41.283893192817651 ], [ 175.870677102593646, -41.284324565950193 ], [ 175.870089874112892, -41.284838916674872 ], [ 175.869549032801388, -41.285441743765517 ], [ 175.868892383674279, -41.286035236936058 ], [ 175.868169800819345, -41.286608613195064 ], [ 175.867784509014115, -41.287218465913263 ] ] } },
{ "type": "Feature", "properties": { "group_id": "nzd0349" }, "geometry": { "type": "LineString", "coordinates": [ [ 175.862012590511313, -41.317042532292696 ], [ 175.861537748338321, -41.317596179789753 ], [ 175.860961998454087, -41.318070633753265 ], [ 175.860339044926008, -41.318572441638608 ], [ 175.859748519500641, -41.319081193017475 ], [ 175.859099097215818, -41.319470087064772 ], [ 175.858409115057697, -41.319852583655269 ], [ 175.857727645701345, -41.3202527547598 ], [ 175.85708071263565, -41.320671411375578 ], [ 175.856306526659694, -41.320913555018436 ], [ 175.855577319078151, -41.321218590686783 ], [ 175.85476437249946, -41.321480723421992 ], [ 175.853935891642607, -41.321741178626993 ], [ 175.853128177282713, -41.321959634093147 ], [ 175.852303504867024, -41.322224533683503 ], [ 175.851396077492666, -41.322482891979604 ], [ 175.850553173398339, -41.322824146000492 ], [ 175.849808963636036, -41.323194090834079 ], [ 175.849079837363945, -41.32359710506357 ], [ 175.848356388513309, -41.324023561925053 ] ] } },
{ "type": "Feature", "properties": { "group_id": "nzd0350" }, "geometry": { "type": "LineString", "coordinates": [ [ 174.804813803427095, -41.328773925220574 ], [ 174.803992055642425, -41.328402702720894 ], [ 174.803128512875958, -41.328377228827065 ], [ 174.802249964111837, -41.328225259338879 ], [ 174.801324148920031, -41.328060489122251 ], [ 174.800363237363626, -41.328026514233422 ], [ 174.799401804144281, -41.32810921534935 ], [ 174.798453022194479, -41.328196435201143 ], [ 174.797556031752862, -41.328426018397892 ], [ 174.796677712299669, -41.328719595123935 ], [ 174.795835442893434, -41.329022123427301 ], [ 174.795030331938364, -41.329377533565548 ], [ 174.794245172602473, -41.329767371361243 ], [ 174.793500261805406, -41.330197689384072 ], [ 174.792846460133205, -41.330701946175481 ], [ 174.792216658355898, -41.331214274194721 ], [ 174.791647924525137, -41.331760553368014 ], [ 174.791073727058233, -41.33229070877919 ] ] } },
{ "type": "Feature", "properties": { "group_id": "nzd0351" }, "geometry": { "type": "LineString", "coordinates": [ [ 172.073955870691663, -41.359564703191289 ], [ 172.074186518833898, -41.358912952065189 ], [ 172.074476776844449, -41.35827220437556 ], [ 172.074735050512487, -41.357625542550402 ], [ 172.074920048382239, -41.356965339986282 ], [ 172.075061492111331, -41.356297086209516 ], [ 172.075176846303634, -41.355624006861973 ], [ 172.075361267343027, -41.354963677755194 ], [ 172.075558647611956, -41.35430573565398 ], [ 172.075901720966584, -41.353674697270542 ], [ 172.076041770914344, -41.353006152766035 ], [ 172.076220177394589, -41.352344686262022 ], [ 172.076371707348301, -41.351675492767733 ], [ 172.076521693112227, -41.351007779640916 ], [ 172.076668532183817, -41.350342329437822 ], [ 172.07689753666358, -41.349688247477303 ], [ 172.077230088687401, -41.349048370307599 ], [ 172.077429099960199, -41.348390158324733 ], [ 172.07751284643345, -41.347716119862682 ], [ 172.077667298679927, -41.34705177874671 ], [ 172.077912097565672, -41.346399830716265 ], [ 172.078042707619289, -41.345732203793716 ], [ 172.078252958334275, -41.345075500597552 ], [ 172.07845970497192, -41.344418309712601 ], [ 172.078671015580795, -41.343761738459484 ], [ 172.078787931253686, -41.343092204946977 ], [ 172.078904669258947, -41.342422640229735 ], [ 172.079031453565165, -41.341754447543664 ], [ 172.079189190600317, -41.341090496317136 ], [ 172.079345996223509, -41.340426410479026 ], [ 172.079455499954975, -41.339755825636061 ], [ 172.07965814207995, -41.339098017349436 ], [ 172.07983506808003, -41.338436672733458 ], [ 172.080057840244336, -41.337781613797056 ], [ 172.080238870696718, -41.337120819001797 ], [ 172.080440220270674, -41.336462806268429 ], [ 172.080626037851772, -41.335802654989678 ], [ 172.080742255569078, -41.335132944250518 ], [ 172.080827520337976, -41.334458978308703 ], [ 172.080879376184214, -41.333780419975113 ], [ 172.081015769359908, -41.333113457885595 ], [ 172.081151126564237, -41.332446346808879 ], [ 172.081276238753986, -41.331777822745558 ], [ 172.081534401467223, -41.331127553886354 ], [ 172.081766036144131, -41.330473637122012 ], [ 172.08199669166828, -41.329819579192439 ], [ 172.082143585525984, -41.329154017780141 ], [ 172.082279830080978, -41.328486987904121 ], [ 172.082412670178741, -41.327819483949504 ], [ 172.082479511060086, -41.327142914309761 ], [ 172.082533741113224, -41.326464606802851 ], [ 172.082658146206455, -41.325795924580909 ], [ 172.082812991859299, -41.325131413830768 ], [ 172.082934396245747, -41.324462306131757 ], [ 172.083129906054694, -41.323803363420936 ], [ 172.083292593710553, -41.323139908746626 ], [ 172.08356521399611, -41.322491536764979 ], [ 172.083786514675467, -41.321836113838984 ], [ 172.083965084275462, -41.321174818868762 ], [ 172.084118090466319, -41.320510008282916 ], [ 172.084242765069376, -41.319841302085955 ], [ 172.084331037777616, -41.319167592470727 ], [ 172.084374514740574, -41.318487727154817 ], [ 172.084523312001664, -41.317822311638693 ], [ 172.084673407999105, -41.317156825190814 ], [ 172.084851216977142, -41.316489052377833 ], [ 172.085028473300014, -41.315820362056719 ], [ 172.085202406674796, -41.315157362884058 ], [ 172.085362337402756, -41.314492888796764 ], [ 172.085488700086614, -41.313824888533588 ], [ 172.085630249738358, -41.313158473638232 ], [ 172.085777446221726, -41.312492643911071 ], [ 172.086007086518094, -41.311835450847418 ], [ 172.086170145471982, -41.311171270449563 ], [ 172.086267791936734, -41.31050022528418 ], [ 172.086310306619737, -41.309823393111003 ], [ 172.086441597266003, -41.309155861504046 ], [ 172.086494827789494, -41.308480138983356 ], [ 172.08659839677992, -41.307809687208518 ], [ 172.086775569245248, -41.307146945431192 ] ] } },
{ "type": "Feature", "properties": { "group_id": "nzd0352" }, "geometry": { "type": "LineString", "coordinates": [ [ 174.060016898135245, -41.386007848016874 ], [ 174.058926272707424, -41.386288897531323 ], [ 174.057925241574083, -41.386264383860109 ], [ 174.056884983542318, -41.386349464614717 ], [ 174.05598535596576, -41.386816852602479 ], [ 174.056486544318034, -41.387983057974786 ] ] } },
{ "type": "Feature", "properties": { "group_id": "nzd0353" }, "geometry": { "type": "LineString", "coordinates": [ [ 175.180262697351338, -41.41266805259361 ], [ 175.179468213730019, -41.412353376567829 ], [ 175.178674317053407, -41.412037810825574 ], [ 175.177890179944853, -41.4117074727138 ], [ 175.177118928938711, -41.411357630750899 ], [ 175.176299791145908, -41.411080262884077 ], [ 175.175508368462857, -41.410760947601837 ], [ 175.174728733600546, -41.410423791043989 ], [ 175.173921389460844, -41.410128569106249 ], [ 175.173093588077052, -41.4098643051897 ], [ 175.172272833515905, -41.409589374262062 ], [ 175.171444978140272, -41.4093251870991 ], [ 175.170644396054314, -41.409019723739355 ], [ 175.169872178390563, -41.408671334320879 ], [ 175.169140900046472, -41.408260990363331 ], [ 175.168297606299745, -41.408020159158909 ], [ 175.167475480475559, -41.407747291990653 ], [ 175.166628066378706, -41.407512690046318 ], [ 175.165843078421716, -41.407183619424465 ], [ 175.165006621832759, -41.406932431042939 ], [ 175.164204274052992, -41.406629626377814 ], [ 175.163377745840648, -41.40636340948052 ], [ 175.162584239014137, -41.406047223322055 ], [ 175.161822271029735, -41.405683312823761 ], [ 175.161035871196987, -41.405356370654744 ], [ 175.160233627201336, -41.405053401480714 ], [ 175.15944791386579, -41.404725418096099 ], [ 175.158666532305205, -41.404390879265371 ], [ 175.157889666421994, -41.404049506929582 ], [ 175.157114539262352, -41.403705502983762 ], [ 175.15627788099502, -41.403454597341181 ], [ 175.155488748703846, -41.403131781031313 ], [ 175.154716306454219, -41.402783711368414 ], [ 175.153972705562353, -41.402392004203762 ], [ 175.153167729331869, -41.402093156831334 ], [ 175.152344467879516, -41.401821972555958 ], [ 175.151621110090275, -41.401399637142887 ], [ 175.150823647137656, -41.401089418607107 ], [ 175.150038977142941, -41.40075984392557 ], [ 175.149226224324593, -41.4004727546968 ], [ 175.148450067163992, -41.400130298529632 ], [ 175.147683616384512, -41.39977315707165 ], [ 175.146897002546382, -41.39943878837299 ], [ 175.146062731152711, -41.399165683750361 ], [ 175.145254712394831, -41.398857846997956 ], [ 175.144379867002442, -41.398674274560904 ], [ 175.143544100709761, -41.398425603955502 ], [ 175.142790999893037, -41.398039236866587 ], [ 175.142004063631077, -41.397709229230486 ], [ 175.141241929617223, -41.397337909537633 ], [ 175.140269659085192, -41.397316598569354 ], [ 175.139510281911328, -41.396940684872348 ], [ 175.138720497125348, -41.396615418164728 ], [ 175.137955141322692, -41.396249463144017 ], [ 175.137137885343833, -41.395969950571491 ], [ 175.136336291415347, -41.395664351078132 ], [ 175.13551210280221, -41.395396382192303 ], [ 175.134699908293129, -41.395108435633198 ], [ 175.133878419605622, -41.394835966864306 ], [ 175.133075674733277, -41.39453227983978 ], [ 175.132260664159702, -41.394249019429736 ], [ 175.131446399356122, -41.393964515644392 ], [ 175.130640913303523, -41.393665390621734 ], [ 175.129846538497929, -41.393347760463314 ], [ 175.129052572758752, -41.39302944853025 ], [ 175.128230915927162, -41.392757250446309 ], [ 175.127394710103403, -41.392509279005644 ], [ 175.12657585199571, -41.392232416660285 ], [ 175.125752845014915, -41.391962461675085 ], [ 175.124929535693241, -41.391693008437571 ], [ 175.124118001131421, -41.391403946095608 ], [ 175.123306334267227, -41.391115102832224 ], [ 175.122489038602396, -41.390835631201249 ], [ 175.121658668854508, -41.390577928279797 ], [ 175.120842597022659, -41.390296415600375 ], [ 175.120016842566741, -41.389999208795771 ], [ 175.11919404831076, -41.389664231178422 ], [ 175.118347752332113, -41.38940759489212 ], [ 175.117525764628596, -41.389126772078981 ], [ 175.116685194930625, -41.388887758039075 ], [ 175.11585867515933, -41.388617133485305 ], [ 175.115023838009961, -41.388365222390519 ], [ 175.114184907025987, -41.388122521740513 ], [ 175.113358957104822, -41.387850617033322 ], [ 175.112532882909761, -41.387578992833809 ], [ 175.111678426923476, -41.387371218881079 ], [ 175.110831802117787, -41.387145826413388 ], [ 175.109996264543497, -41.386895491678665 ], [ 175.109152630180148, -41.386663371126474 ], [ 175.108297482884012, -41.386457148342494 ], [ 175.10744745339386, -41.386239411877014 ], [ 175.106600722110613, -41.386014255395253 ], [ 175.105770613179232, -41.385751708417544 ], [ 175.104935548882565, -41.38550030829127 ], [ 175.104073128492132, -41.385310440070249 ], [ 175.103209214957047, -41.385123928215847 ], [ 175.102366183860227, -41.384890445430123 ], [ 175.101531535621717, -41.38463810783918 ], [ 175.100689056312973, -41.384403383507198 ], [ 175.099808429553008, -41.384254455257391 ], [ 175.09894225497996, -41.384073019936906 ], [ 175.098076662553865, -41.383890272971726 ], [ 175.097249501831271, -41.383621093016757 ], [ 175.096381223819378, -41.383444382664869 ], [ 175.095508442982094, -41.383277795915163 ], [ 175.094635988550237, -41.38311047214048 ], [ 175.09375454012158, -41.382963370749579 ], [ 175.092881667925781, -41.382796980053804 ], [ 175.092012957075241, -41.382621228855989 ], [ 175.091184943418, -41.382353962151193 ], [ 175.090319987789059, -41.382169763575362 ], [ 175.089450209549625, -41.381996406548453 ], [ 175.088589366056254, -41.381802957035404 ], [ 175.087710876995232, -41.381649180826393 ], [ 175.0868409180176, -41.381476221998113 ], [ 175.085990923076935, -41.381258374016056 ], [ 175.085133486034124, -41.381057257274769 ], [ 175.084273019295694, -41.380862950494553 ], [ 175.083399508869149, -41.380697967069068 ], [ 175.082528087448708, -41.380528284101167 ], [ 175.081668932208117, -41.380331022135785 ], [ 175.080820540405057, -41.380109561089192 ], [ 175.07994812659004, -41.379942102054422 ], [ 175.079087117868625, -41.379783644105984 ], [ 175.078218874311801, -41.379677092050159 ], [ 175.077358760023998, -41.379474199582965 ], [ 175.076495992888852, -41.379268245673011 ], [ 175.07562826107457, -41.379082535067752 ], [ 175.074774944963877, -41.378838064544823 ], [ 175.073892838053979, -41.378710958749863 ], [ 175.073013967591123, -41.378570660333246 ], [ 175.072143112760074, -41.378397691190436 ], [ 175.071273940072416, -41.378217868604011 ], [ 175.070395123969917, -41.378077352023254 ], [ 175.069518900695414, -41.377926268711569 ], [ 175.068647817791884, -41.377754237710889 ], [ 175.067754147868243, -41.377674255540747 ], [ 175.066888154140344, -41.377481487757571 ], [ 175.066013149954273, -41.377325440629612 ], [ 175.065127255803304, -41.377213768756867 ], [ 175.064264080892769, -41.377009523219023 ], [ 175.063379351923516, -41.37689310363011 ], [ 175.062519131040403, -41.37667682893531 ], [ 175.061648741049396, -41.376501990574646 ], [ 175.060804095359629, -41.376326051605595 ], [ 175.059939588912727, -41.37624484770997 ], [ 175.05907921951399, -41.376073675254119 ], [ 175.05822319015877, -41.375869367907157 ], [ 175.057352190975223, -41.375702207937096 ], [ 175.05648717360225, -41.375520201950131 ], [ 175.055647473460397, -41.37527537150406 ], [ 175.054799792118359, -41.375050346359203 ], [ 175.053931234963358, -41.374877121026792 ], [ 175.053067699236294, -41.374691434143337 ], [ 175.052210230482871, -41.374490692283239 ], [ 175.051331583724931, -41.374342495658631 ], [ 175.0504767566471, -41.374135196690141 ], [ 175.049613310922922, -41.373949280495324 ], [ 175.048748154881849, -41.373767606115273 ], [ 175.047882445573066, -41.373587302694695 ], [ 175.04702266526138, -41.373392288312949 ], [ 175.046134335095417, -41.373268100522964 ], [ 175.045214995160933, -41.373220836872314 ] ] } },
{ "type": "Feature", "properties": { "group_id": "nzd0354" }, "geometry": { "type": "LineString", "coordinates": [ [ 174.049112841612953, -41.392079735604355 ], [ 174.048764135025777, -41.392700811666714 ], [ 174.048365057959728, -41.393306337077412 ], [ 174.048066219193117, -41.393942790852975 ], [ 174.047733321043836, -41.394568727676884 ], [ 174.047372682254718, -41.39518609763708 ], [ 174.047062422366707, -41.395819008819551 ], [ 174.046728448759154, -41.396444595867408 ], [ 174.046420599498049, -41.397078238981386 ], [ 174.046057768853558, -41.397694908765779 ], [ 174.045767156403457, -41.398333859195304 ], [ 174.045438781483313, -41.398961150110239 ], [ 174.045141936705107, -41.399598165189794 ], [ 174.044816910582369, -41.400226477558995 ], [ 174.04448024813928, -41.400851193029546 ], [ 174.044161918393797, -41.401481559921024 ], [ 174.043849402424257, -41.402113714915238 ], [ 174.043538940124847, -41.402747004598396 ], [ 174.043220262522198, -41.403381795853186 ], [ 174.042921072159203, -41.404021326253343 ], [ 174.042607063882627, -41.404652595159796 ], [ 174.042281185026667, -41.405280522082798 ], [ 174.041951079856005, -41.405907255239129 ], [ 174.041659708944991, -41.40654486739075 ], [ 174.04128035472209, -41.407157748450643 ], [ 174.040974255017545, -41.40779120934463 ], [ 174.040732213694696, -41.40844266561087 ], [ 174.040390077202375, -41.409065987302299 ], [ 174.040089366172083, -41.409700944117127 ], [ 174.039800943783689, -41.41033934808609 ], [ 174.039493317636101, -41.410972349394854 ], [ 174.039161622724066, -41.411598580966093 ], [ 174.03888037223129, -41.412238981929313 ], [ 174.03862120151274, -41.412885581363554 ], [ 174.038320911846171, -41.413524007643709 ], [ 174.038026309361811, -41.414165413242884 ], [ 174.037747852155832, -41.414807688996497 ], [ 174.037510751187654, -41.415457484277361 ], [ 174.037252589328006, -41.41610309033247 ], [ 174.036976122025322, -41.416745054423941 ], [ 174.036802956566021, -41.417407527850507 ], [ 174.036545534854099, -41.418053261429456 ], [ 174.036265752883935, -41.418694547795582 ], [ 174.036023480208968, -41.419343277004096 ], [ 174.035836347205077, -41.420002950344063 ], [ 174.035583328564087, -41.420649532409485 ], [ 174.035363221756654, -41.421302644168449 ] ] } },
{ "type": "Feature", "properties": { "group_id": "nzd0355" }, "geometry": { "type": "LineString", "coordinates": [ [ 174.029742850474605, -41.459566986339567 ], [ 174.029732133685286, -41.460240752115311 ], [ 174.029807021364803, -41.460912661203608 ], [ 174.029832048715775, -41.461586536523498 ], [ 174.029859548404744, -41.462260884599416 ], [ 174.02987023804323, -41.46293613137253 ], [ 174.029936026888038, -41.463607590299127 ], [ 174.029997411177021, -41.464279344517252 ], [ 174.030023057915571, -41.464953544042658 ], [ 174.030097941373612, -41.465624358070848 ], [ 174.030172510762497, -41.466295186709523 ], [ 174.030304582694384, -41.466962062699544 ], [ 174.030443361241936, -41.467628471541722 ] ] } },
{ "type": "Feature", "properties": { "group_id": "nzd0357" }, "geometry": { "type": "LineString", "coordinates": [ [ 174.077135748493561, -41.5142632782334 ], [ 174.077974154908276, -41.514525371922367 ], [ 174.078710996692024, -41.514924766606519 ], [ 174.079416719860745, -41.515352843505298 ], [ 174.080098772179326, -41.515790705958686 ], [ 174.080726756933416, -41.516274092871171 ], [ 174.081368405339049, -41.516739590789875 ], [ 174.08207364130962, -41.51715124538466 ], [ 174.082806957044539, -41.517542274157648 ], [ 174.083502180531838, -41.517970514321242 ], [ 174.084177627087314, -41.518412261525398 ], [ 174.084885297522732, -41.518824776542552 ], [ 174.085690569729678, -41.51911296378784 ], [ 174.086487650281327, -41.519396610740756 ], [ 174.087264248443574, -41.519759901746326 ], [ 174.087919993315154, -41.5202320563046 ], [ 174.088520414644535, -41.520731635391314 ], [ 174.089110779767708, -41.521229108859501 ], [ 174.08965385344095, -41.521763484683596 ], [ 174.090232672380637, -41.52227782792955 ], [ 174.090840560025953, -41.5227729817395 ], [ 174.091450859590054, -41.523266746389432 ], [ 174.092097030804183, -41.523730961579979 ], [ 174.09279283997455, -41.524158719910332 ], [ 174.09355235881759, -41.524518989490879 ], [ 174.094338966317906, -41.524837961961296 ], [ 174.095144342777417, -41.525134245717453 ], [ 174.095997568541748, -41.525347238818931 ], [ 174.096830620168618, -41.525602546510754 ], [ 174.097586554715008, -41.525985272047699 ], [ 174.098320417944848, -41.526374012303449 ], [ 174.099069846291883, -41.526744572252333 ], [ 174.099810006385724, -41.527125247477038 ], [ 174.100544839831201, -41.527510626175101 ], [ 174.101277255705298, -41.527897922189695 ], [ 174.102025973614673, -41.528262613563484 ], [ 174.102812286220086, -41.528584528159591 ], [ 174.103644495289757, -41.528808114578105 ], [ 174.104512483796043, -41.528988601551276 ], [ 174.105314134565418, -41.529302271217674 ], [ 174.106060750845671, -41.529682472802648 ], [ 174.106808098867447, -41.53005661052773 ], [ 174.107513687324968, -41.53047658664785 ], [ 174.108228951889345, -41.530885692787095 ], [ 174.10892929177578, -41.531308317798789 ], [ 174.109653856325849, -41.531701921168541 ], [ 174.110436938650253, -41.532032397299382 ], [ 174.111235682124772, -41.532342730583068 ], [ 174.112066896112083, -41.532590890430448 ], [ 174.11293489722442, -41.532774886931563 ], [ 174.113622203037096, -41.533206760348399 ], [ 174.114203212687556, -41.533721011571707 ], [ 174.114844859333829, -41.534192140336103 ], [ 174.115542207393787, -41.534625364280735 ], [ 174.116265709542944, -41.535034433913495 ], [ 174.117029276591126, -41.535391711592531 ], [ 174.117791625662562, -41.535739962026923 ], [ 174.118355777654784, -41.536262446354456 ], [ 174.118796322824153, -41.53685370271829 ], [ 174.119260103582434, -41.537424174305457 ], [ 174.119729406675987, -41.537995519004568 ], [ 174.120239551933508, -41.538552473696619 ], [ 174.120770737881315, -41.539096738163018 ], [ 174.121354955206755, -41.539609302452938 ], [ 174.121931576497389, -41.54012577452658 ], [ 174.122551500199705, -41.540614280383153 ], [ 174.123175200515135, -41.541098429265148 ], [ 174.123823712217842, -41.541564750948993 ], [ 174.124491354021956, -41.542015595687545 ], [ 174.125163121937192, -41.542462376052931 ], [ 174.12580127371956, -41.542937592690123 ], [ 174.126498594180504, -41.543361358086273 ], [ 174.12711463970777, -41.54385094754354 ], [ 174.1277277058104, -41.54434250323137 ], [ 174.128329078274447, -41.54484493850736 ], [ 174.129020737554981, -41.545281700129934 ], [ 174.129718671970238, -41.545711496429057 ], [ 174.130470254497624, -41.546087124687233 ], [ 174.131239085018109, -41.546437759875232 ], [ 174.132047036922046, -41.546738528196997 ], [ 174.132764569499699, -41.547147875939942 ], [ 174.133326256039993, -41.547650152429078 ], [ 174.133615523744368, -41.548298996830333 ], [ 174.133989127441311, -41.548917166357157 ], [ 174.134509503388301, -41.549474342312614 ], [ 174.135150124727829, -41.54995059303306 ], [ 174.135779867840228, -41.550429183908754 ], [ 174.136396466460099, -41.550919922177044 ], [ 174.136948223000985, -41.551446132423536 ], [ 174.13753556779929, -41.551954357625121 ], [ 174.138174070326016, -41.552424138185465 ], [ 174.138952798697176, -41.552753714969704 ], [ 174.139713380630837, -41.553100976042813 ], [ 174.140417726088003, -41.553530067030927 ], [ 174.141080502897495, -41.553989144971645 ], [ 174.141785959881588, -41.554403779956886 ], [ 174.14249698595151, -41.554766438273163 ], [ 174.143275700340581, -41.555043950284954 ] ] } },
{ "type": "Feature", "properties": { "group_id": "nzd0358" }, "geometry": { "type": "LineString", "coordinates": [ [ 175.398677081777919, -41.567401161601175 ], [ 175.397799520700914, -41.567551539147374 ], [ 175.396919648927593, -41.567681793066619 ], [ 175.396183422159083, -41.56855031597123 ], [ 175.395270958299591, -41.568525255460798 ], [ 175.394315287934006, -41.568099907343019 ], [ 175.393412511821765, -41.568094835291511 ], [ 175.392512419607186, -41.568111085465517 ], [ 175.391614032530271, -41.568140883258053 ], [ 175.390713091351472, -41.568150375973033 ], [ 175.389818919230464, -41.568202860688373 ], [ 175.388918665586573, -41.568196821384404 ], [ 175.388010548233751, -41.568133582575697 ], [ 175.387110179296712, -41.568144225197898 ], [ 175.386217196977753, -41.568217825334671 ], [ 175.385318032423015, -41.568238728461893 ], [ 175.384420623674629, -41.568274596282535 ], [ 175.383528155058542, -41.56835258176266 ], [ 175.382585286479895, -41.568406068293598 ], [ 175.381620721706469, -41.568567933804204 ], [ 175.380697830052014, -41.56872780244376 ], [ 175.379862270259622, -41.568981599508767 ], [ 175.379020213876885, -41.569219459424957 ], [ 175.378147043243729, -41.569380980848777 ], [ 175.377280460435429, -41.569558664628182 ], [ 175.376452858743704, -41.569831993311887 ], [ 175.375587360333014, -41.570012338235848 ], [ 175.374720826285397, -41.570190141269194 ], [ 175.373880159802155, -41.570441882021704 ], [ 175.373004369753858, -41.570640527912019 ], [ 175.372128303106763, -41.570833539958372 ], [ 175.371254022575158, -41.5710019407598 ], [ 175.370382583447082, -41.57117610623613 ], [ 175.369516459699668, -41.571361058282889 ], [ 175.368680036325685, -41.571606294000738 ], [ 175.367824608947132, -41.571812954903287 ], [ 175.366969865585077, -41.57213023569004 ], [ 175.366158635620678, -41.572544560531526 ], [ 175.365387358234557, -41.572938428259739 ], [ 175.364646417345227, -41.573318396222135 ], [ 175.363924947281561, -41.573718868169514 ], [ 175.363168812450709, -41.574134737338916 ], [ 175.362436144279059, -41.574606491370247 ], [ 175.361767322517494, -41.575099196955406 ], [ 175.361191541304834, -41.575615035134668 ] ] } },
{ "type": "Feature", "properties": { "group_id": "nzd0359" }, "geometry": { "type": "LineString", "coordinates": [ [ 171.891628888397349, -41.588602857857552 ], [ 171.892071247008431, -41.588017831968926 ], [ 171.89253861330144, -41.587444065612715 ], [ 171.892943669393958, -41.586842226353312 ], [ 171.893412548214712, -41.586269130938234 ], [ 171.893803308953125, -41.585660841834326 ], [ 171.894212139000956, -41.585060686834844 ], [ 171.894625595867353, -41.584462610755686 ], [ 171.895025246787498, -41.583858310454154 ], [ 171.895453601603492, -41.583266934761149 ], [ 171.89582517389448, -41.582649975682777 ], [ 171.896254156884652, -41.582058872474235 ], [ 171.896686659668575, -41.581469349573702 ], [ 171.897082256233659, -41.580863196639605 ], [ 171.89746963515401, -41.580250228057118 ], [ 171.897864846264326, -41.5796402240791 ], [ 171.898301242234936, -41.579049678173206 ], [ 171.898665338191478, -41.578434225805381 ], [ 171.899091028288439, -41.577842357327675 ], [ 171.899456413389657, -41.57722738744144 ], [ 171.899854809748604, -41.576625054720004 ], [ 171.900225994581092, -41.576012294782956 ], [ 171.900715481581216, -41.575444837254103 ], [ 171.901160315890053, -41.574860272826818 ], [ 171.901602893961609, -41.574274838721713 ], [ 171.902025651789387, -41.573700510312122 ], [ 171.902597825977466, -41.573212634279606 ], [ 171.903243131130921, -41.572746599563878 ], [ 171.903864555732241, -41.572255958885606 ], [ 171.904400874610161, -41.57171681259252 ], [ 171.904779901702881, -41.57108802239496 ], [ 171.905402519792574, -41.570598048476782 ], [ 171.906172069825288, -41.570191804772065 ], [ 171.906691557670172, -41.569643048687318 ], [ 171.907145708645714, -41.569057053402034 ], [ 171.907687438864485, -41.568520964020827 ], [ 171.908230610003017, -41.567985691310604 ], [ 171.908766393098404, -41.567446203751395 ], [ 171.90923371938635, -41.566865704581055 ], [ 171.909745283950286, -41.566254963073696 ], [ 171.910208178043291, -41.565626241390845 ], [ 171.910712749181016, -41.565062770897278 ], [ 171.911227333422772, -41.564502964014601 ], [ 171.911619166384355, -41.563898168657055 ], [ 171.912038070946494, -41.563303288144482 ], [ 171.912481155670804, -41.562717262907299 ], [ 171.912871028824952, -41.562111732348754 ], [ 171.913252671680112, -41.561503180059624 ], [ 171.913639648132715, -41.560896576605643 ], [ 171.91406745239442, -41.560304929095146 ], [ 171.91444109512608, -41.559693428042053 ], [ 171.914799421792566, -41.559076308582419 ], [ 171.915183231126861, -41.558468521745098 ], [ 171.915555198184251, -41.557856389496877 ], [ 171.9159333033694, -41.557246500918865 ], [ 171.916323811390924, -41.556641151794388 ], [ 171.916682069022244, -41.556023978453048 ], [ 171.917047464421131, -41.555409415103696 ], [ 171.917398176519299, -41.554775197329299 ], [ 171.917795327071815, -41.554157183374706 ], [ 171.918122305079692, -41.553529885155079 ], [ 171.9185079467631, -41.552922501469737 ], [ 171.918886088686833, -41.552312627222008 ], [ 171.919232669814221, -41.551692290893143 ], [ 171.91958320452332, -41.551073258498526 ], [ 171.919935808919433, -41.550454905901972 ], [ 171.920286367152869, -41.549835869502495 ], [ 171.920643002301063, -41.549218840524254 ], [ 171.921003741793101, -41.54860316545146 ], [ 171.921367991915162, -41.547986985802716 ], [ 171.92173786528636, -41.547371503728016 ], [ 171.922104389309283, -41.546756555422355 ], [ 171.922485865181415, -41.546147596485021 ], [ 171.922841713380961, -41.545530301903817 ], [ 171.923161111375151, -41.544901153987567 ], [ 171.923577597513827, -41.544303556720195 ], [ 171.923932646993705, -41.543685984777341 ], [ 171.92420921216879, -41.543042897028172 ], [ 171.924559665774041, -41.542423819387388 ], [ 171.924908989351479, -41.541804368521809 ], [ 171.925290651603035, -41.541195422887178 ] ] } },
{ "type": "Feature", "properties": { "group_id": "nzd0360" }, "geometry": { "type": "LineString", "coordinates": [ [ 174.15024885189996, -41.560234629501934 ], [ 174.150372327803098, -41.560901674793747 ], [ 174.15037135384236, -41.561575817707691 ], [ 174.150433336272783, -41.562247167617421 ], [ 174.150441603760356, -41.56292527591296 ], [ 174.15057320671778, -41.563594122665009 ], [ 174.150682922543979, -41.564245047204246 ], [ 174.1506749734788, -41.564856570654584 ], [ 174.150472078538826, -41.56548199913739 ], [ 174.150247240977137, -41.56613383825411 ], [ 174.149919528637753, -41.566759110118213 ], [ 174.14959644599395, -41.567385414375678 ], [ 174.149255483768087, -41.568008177590478 ], [ 174.148929169006294, -41.568634770576011 ], [ 174.148649477201474, -41.569284513154805 ], [ 174.148389188167442, -41.569940112384927 ], [ 174.148175160698372, -41.570594677131744 ], [ 174.148033935567582, -41.571267747155581 ], [ 174.14794969584355, -41.571944443306364 ], [ 174.147916549549933, -41.572626869693742 ], [ 174.147946064289471, -41.573306243038608 ], [ 174.148050085827919, -41.573975046576074 ], [ 174.148166054049, -41.574643089474101 ], [ 174.148334083028232, -41.575301002751374 ], [ 174.148465069782816, -41.575969417732928 ], [ 174.148646255303277, -41.576628332000432 ], [ 174.148815330930717, -41.577289549450008 ], [ 174.149013435959404, -41.577945223243177 ], [ 174.149219880502045, -41.578593450990368 ], [ 174.149352097692827, -41.579252054133512 ], [ 174.149507995236263, -41.579913555200896 ], [ 174.149672649306694, -41.580574259316485 ], [ 174.149857855963518, -41.581232427123851 ], [ 174.150111458499538, -41.581881801524354 ], [ 174.150351558693728, -41.582523399777699 ], [ 174.150536072284211, -41.583183160586259 ], [ 174.150748271900028, -41.583833211800105 ], [ 174.150974917080106, -41.584479233200213 ] ] } },
{ "type": "Feature", "properties": { "group_id": "nzd0361" }, "geometry": { "type": "LineString", "coordinates": [ [ 171.844969604283165, -41.635153043001552 ], [ 171.845654000633175, -41.634707423719554 ], [ 171.846249086683116, -41.634204430032561 ], [ 171.846844863150409, -41.63370187572017 ], [ 171.847444309370474, -41.633201674599178 ], [ 171.848032222751925, -41.632694061069429 ], [ 171.848626868134545, -41.632190767813611 ], [ 171.849243358300981, -41.631701502666765 ], [ 171.849838581294307, -41.631198572169524 ], [ 171.850427400077166, -41.630691523748339 ], [ 171.850982860029575, -41.630163042914539 ], [ 171.851544740924936, -41.629625342388749 ], [ 171.852133119723504, -41.62910317033635 ], [ 171.852766789812279, -41.6286203227112 ], [ 171.853345330746464, -41.628106212676528 ], [ 171.853916943843331, -41.627588028099083 ], [ 171.854460660664472, -41.627053450035717 ], [ 171.854969275152484, -41.626498244950042 ], [ 171.855520542814133, -41.625968094242914 ], [ 171.85606698433034, -41.625435103782067 ], [ 171.856571735521243, -41.624877615869266 ], [ 171.857108301868323, -41.624338814982003 ], [ 171.857610411085005, -41.623779766137169 ], [ 171.858205792056793, -41.623275510069895 ], [ 171.858732237439739, -41.622730260652055 ], [ 171.859252914579997, -41.622181520082641 ], [ 171.859764987372245, -41.621628246786912 ] ] } },
{ "type": "Feature", "properties": { "group_id": "nzd0362" }, "geometry": { "type": "LineString", "coordinates": [ [ 174.160947440227289, -41.62747701612065 ], [ 174.160801107339211, -41.628143887726154 ], [ 174.160667904523962, -41.628812943939813 ], [ 174.160506348720133, -41.629475301877264 ], [ 174.160428581351397, -41.630145332948892 ], [ 174.160314953181768, -41.630811460321169 ], [ 174.160178238908543, -41.631475072212496 ], [ 174.16006360420738, -41.632140572157759 ], [ 174.159878501589645, -41.632797580631554 ], [ 174.159681440671591, -41.633455329996593 ], [ 174.159598605728746, -41.634129954350527 ], [ 174.159431569445843, -41.634797660357066 ], [ 174.159417177267073, -41.635470180796574 ], [ 174.159326336192834, -41.636138302334309 ], [ 174.159236861674913, -41.636806495442279 ], [ 174.159167697071723, -41.637476119969214 ], [ 174.159085354499297, -41.638145578735113 ], [ 174.159014617508461, -41.638815443245477 ], [ 174.158886361536503, -41.639481860322867 ], [ 174.158761247359791, -41.640148427337145 ], [ 174.158758897804489, -41.640820789291958 ], [ 174.158720726689182, -41.64148894009076 ], [ 174.158605274272389, -41.642152589155998 ], [ 174.158492915294744, -41.642818901662785 ], [ 174.15846239668349, -41.643491089248947 ], [ 174.158354536285145, -41.644157711242762 ], [ 174.158229071568257, -41.644824107884617 ], [ 174.158199127563222, -41.645497970755798 ], [ 174.158127329075086, -41.646168143489668 ], [ 174.158014205788675, -41.646835008051276 ], [ 174.157957352661668, -41.647504934127952 ], [ 174.157866462559923, -41.648172997200163 ], [ 174.157881918933072, -41.648847099154139 ], [ 174.157701451670334, -41.649512232169464 ], [ 174.157766887026696, -41.650188600208274 ], [ 174.157698672808948, -41.650858008399318 ], [ 174.157654899086992, -41.651528425948662 ], [ 174.157634287300141, -41.652199799665802 ], [ 174.15762639372457, -41.652873560143263 ], [ 174.157614427044109, -41.653546955400955 ], [ 174.157622095790856, -41.654218233527082 ], [ 174.157612798720095, -41.654889742333943 ], [ 174.157640293631715, -41.655560601234782 ], [ 174.157664410442322, -41.656231801366964 ], [ 174.15771598238257, -41.65690398805404 ], [ 174.15774758874943, -41.657579006612998 ], [ 174.157770278764133, -41.658252912754676 ], [ 174.157935795109807, -41.658914007781185 ], [ 174.157995683820531, -41.659584565268162 ], [ 174.15802945158336, -41.66025745749117 ], [ 174.158135327687717, -41.660923331258907 ], [ 174.158242668337721, -41.661589049573301 ], [ 174.158327445313176, -41.662257219653789 ], [ 174.158406449063705, -41.662925902971381 ], [ 174.158520860551903, -41.66359158330323 ], [ 174.15854417214382, -41.664264965196566 ], [ 174.158714818269232, -41.664927610826787 ], [ 174.158903510818448, -41.665588841780796 ], [ 174.159015198839654, -41.666256964293851 ], [ 174.15917400772878, -41.666917464083944 ], [ 174.159376763503104, -41.66757240363556 ], [ 174.159554797495986, -41.668231461521501 ], [ 174.159610265105641, -41.668912077760595 ], [ 174.159973334111015, -41.669537677604673 ], [ 174.16018143167048, -41.670190441792961 ], [ 174.160369575132194, -41.670846865776838 ], [ 174.160573883948615, -41.671500312858903 ], [ 174.160753157157757, -41.672159492217197 ], [ 174.160919440636377, -41.672824384051168 ], [ 174.161201358943458, -41.673463001469734 ], [ 174.161455699149144, -41.674106653995928 ], [ 174.161703639592417, -41.674751820206488 ], [ 174.161960595245887, -41.675394838696505 ], [ 174.162196991769662, -41.676041069387836 ], [ 174.162398101825772, -41.676692984073114 ], [ 174.162681836652524, -41.677328992653322 ], [ 174.162944056383992, -41.677970922548937 ], [ 174.163218216429073, -41.678610375239082 ], [ 174.163431575558036, -41.679262402373325 ], [ 174.163622780137274, -41.679919077834029 ], [ 174.163922380474304, -41.680555281253703 ], [ 174.164283875946325, -41.681174409869683 ], [ 174.164551625303034, -41.681814944464001 ], [ 174.164777638195972, -41.682465924829032 ], [ 174.164993380721484, -41.683119470783247 ], [ 174.165330456603499, -41.683743215262936 ], [ 174.165705046182865, -41.684356045338518 ], [ 174.166001003802904, -41.684989681978081 ], [ 174.166273405144437, -41.685630117850145 ], [ 174.166575212404098, -41.686262139504443 ], [ 174.16688256667922, -41.686892568948046 ], [ 174.167144411510463, -41.687536103523762 ], [ 174.167456461530577, -41.688165298248705 ], [ 174.167789890274321, -41.688788238528069 ], [ 174.168110135722202, -41.689414739936353 ], [ 174.168381256767276, -41.690054818339 ], [ 174.168726247823741, -41.690674343175488 ], [ 174.169143195659331, -41.691274261898151 ], [ 174.169466229459942, -41.691900725160764 ], [ 174.169809413249851, -41.692522190163814 ], [ 174.170217072671335, -41.693125291824785 ], [ 174.17054959829315, -41.693725637010274 ], [ 174.170871010197345, -41.694338818369125 ], [ 174.171203835364025, -41.69497153540042 ], [ 174.171560303420961, -41.695589287591019 ], [ 174.171943643935947, -41.69619709705924 ], [ 174.172259889336459, -41.696825422593413 ], [ 174.172524104350884, -41.697470127424758 ], [ 174.172937908127892, -41.698067426745276 ], [ 174.173304835216442, -41.698679687494852 ], [ 174.173692056921254, -41.699283289931934 ], [ 174.174109760633371, -41.699870002182948 ], [ 174.174519411730699, -41.700462619903327 ], [ 174.174881847124624, -41.70107937033039 ], [ 174.175308599977001, -41.701669555337162 ], [ 174.17568290191204, -41.702281385413343 ], [ 174.176117251339576, -41.702868361968697 ], [ 174.17652737783888, -41.703465439218903 ], [ 174.177037257956272, -41.70402100984559 ], [ 174.177490116817609, -41.704599353020456 ], [ 174.177952463109222, -41.705172554795908 ], [ 174.17840421081354, -41.70575143407941 ], [ 174.178825029116837, -41.706344867262182 ], [ 174.179286058021432, -41.706920414959697 ], [ 174.179756450915391, -41.70749225438432 ], [ 174.180187764968395, -41.708082700974089 ], [ 174.180666676891491, -41.708652716234418 ], [ 174.18111539978193, -41.709227548388888 ], [ 174.181559251581035, -41.70980393273291 ], [ 174.182010807596157, -41.710383843427543 ], [ 174.18246548911327, -41.710962888674835 ], [ 174.182981738664637, -41.711510041855504 ], [ 174.183458522374792, -41.712077993103584 ], [ 174.184007949501023, -41.712609565861314 ], [ 174.184523176134434, -41.713158945803912 ], [ 174.185075744833711, -41.713688792759491 ], [ 174.185631467721436, -41.714205901690903 ], [ 174.186222874392939, -41.714697471767728 ], [ 174.1868204150976, -41.715172477388151 ], [ 174.187417422251485, -41.715649278458983 ], [ 174.188060685885404, -41.716118102011364 ], [ 174.188721700694998, -41.716573233158563 ], [ 174.189356483295882, -41.717048323702635 ], [ 174.189970680556996, -41.717539956877914 ], [ 174.190652968112971, -41.71797688867575 ], [ 174.191278293251628, -41.718459572807603 ], [ 174.191990501657074, -41.718871990956941 ], [ 174.192604449694073, -41.719363386722165 ], [ 174.193253936476026, -41.719818241992421 ], [ 174.193907993053216, -41.720255219085985 ], [ 174.194674094538357, -41.720592740740642 ], [ 174.195379653469303, -41.721004477206421 ], [ 174.196103791900356, -41.721396653648561 ], [ 174.196807308528719, -41.721817666933738 ], [ 174.197543630727836, -41.722203474436817 ], [ 174.198292782084707, -41.722573604048321 ], [ 174.199129080967737, -41.722831540594967 ], [ 174.19989395395649, -41.723148629128261 ], [ 174.200659971900819, -41.723438768002644 ], [ 174.201381532121701, -41.723689906273904 ], [ 174.202175607055494, -41.723898492778311 ] ] } },
{ "type": "Feature", "properties": { "group_id": "nzd0364" }, "geometry": { "type": "LineString", "coordinates": [ [ 174.203358722800971, -41.72419021078322 ], [ 174.204121232036158, -41.724544892079017 ], [ 174.204886043843459, -41.724888066062611 ], [ 174.20567966496472, -41.725173672940102 ], [ 174.206473342782999, -41.725466599577999 ], [ 174.20731331739762, -41.725712933310227 ], [ 174.208115197822906, -41.726013928056005 ], [ 174.208919598702437, -41.726296753482465 ], [ 174.209720146504196, -41.726526363125473 ], [ 174.210509032926069, -41.726799563250921 ], [ 174.211366426646038, -41.726980982526818 ], [ 174.212234062030177, -41.72710340753202 ], [ 174.213063745620303, -41.727248143378866 ], [ 174.213809758681919, -41.727373008164136 ], [ 174.214608100384794, -41.727419591175241 ], [ 174.215434551540085, -41.727454847008161 ], [ 174.21624835465073, -41.727080556706582 ], [ 174.217151028686231, -41.726806522700919 ], [ 174.217983248760532, -41.726655228990779 ] ] } },
{ "type": "Feature", "properties": { "group_id": "nzd0365" }, "geometry": { "type": "LineString", "coordinates": [ [ 174.224385890294059, -41.722771690370955 ], [ 174.224976403029217, -41.723306148913842 ], [ 174.22567076302613, -41.723733978711643 ], [ 174.22638074477095, -41.724146735833791 ], [ 174.227081342114303, -41.724568059454299 ], [ 174.227777110500739, -41.724992980397751 ], [ 174.228497879823863, -41.725390306076392 ], [ 174.229272763789822, -41.725726965127947 ], [ 174.229966711596205, -41.72615675934577 ], [ 174.230667593226542, -41.726580577860211 ], [ 174.231470739920297, -41.7268796478306 ], [ 174.232284390712039, -41.727160383393979 ], [ 174.233086946072007, -41.727462122372842 ], [ 174.233836642961535, -41.727838453645447 ], [ 174.234632359033952, -41.728153610954429 ], [ 174.235443453644905, -41.728448222187303 ], [ 174.236236404609912, -41.728728094970755 ], [ 174.237035779541742, -41.728993086476287 ], [ 174.237841009464603, -41.729294484173394 ], [ 174.238687491069641, -41.729507922150432 ], [ 174.239519016895258, -41.72975205929265 ], [ 174.240378861851923, -41.729938455406376 ], [ 174.241182276134907, -41.730223061321773 ], [ 174.242005697418904, -41.730405162210701 ], [ 174.242841903788531, -41.730326190237534 ], [ 174.243691298342213, -41.730195349506204 ] ] } },
{ "type": "Feature", "properties": { "group_id": "nzd0366" }, "geometry": { "type": "LineString", "coordinates": [ [ 171.671727220416159, -41.738111908731071 ], [ 171.673013083612631, -41.738586494526906 ], [ 171.674262822209982, -41.739003012386739 ], [ 171.675100541130462, -41.738757666561249 ], [ 171.675303341580303, -41.737492431690697 ], [ 171.675986708542155, -41.736999153214654 ], [ 171.676725388774514, -41.736594728634387 ], [ 171.677456829128801, -41.736178675528933 ], [ 171.678183037364278, -41.735755403825543 ], [ 171.678883374873067, -41.735314952868869 ], [ 171.679503608518246, -41.734781173346612 ], [ 171.680251436307231, -41.734406330064409 ], [ 171.68101568205509, -41.734053122344413 ], [ 171.681839864722633, -41.733778901274505 ], [ 171.682677908295659, -41.733522943593591 ], [ 171.683503579166171, -41.733250677445319 ], [ 171.684341769903028, -41.732994906988786 ], [ 171.685179112185381, -41.732738120899192 ], [ 171.68601438636415, -41.732478199539443 ], [ 171.686838883234856, -41.732203820378139 ], [ 171.687702434140533, -41.73198052754276 ], [ 171.688570746780016, -41.731763451707259 ], [ 171.689354543279109, -41.731435950404702 ], [ 171.690121668376463, -41.731086665939067 ], [ 171.690919578496136, -41.730777600100097 ], [ 171.691658764669029, -41.730391810533867 ] ] } },
{ "type": "Feature", "properties": { "group_id": "nzd0367" }, "geometry": { "type": "LineString", "coordinates": [ [ 171.617920256662018, -41.733404944412364 ], [ 171.618785293502327, -41.733566717958375 ], [ 171.619587111418667, -41.733900957322483 ], [ 171.620364886269186, -41.733842655606182 ], [ 171.621206500921573, -41.733987804993191 ], [ 171.622124381079459, -41.734150329412586 ], [ 171.623020584618928, -41.734104637438996 ], [ 171.62392238503611, -41.734112689008633 ], [ 171.62481391179594, -41.734022080894057 ], [ 171.625705933367271, -41.73393622904544 ], [ 171.62660390976805, -41.73390755002012 ], [ 171.627499463558195, -41.733855609794631 ], [ 171.628382444514926, -41.733682986625546 ], [ 171.629320087354273, -41.733532318023357 ], [ 171.630293954812743, -41.733444546946401 ], [ 171.631231110777861, -41.733298101912538 ], [ 171.632142669351396, -41.733212782464243 ], [ 171.633054013269572, -41.733129285924605 ], [ 171.6339395655651, -41.733267501700553 ], [ 171.634824031294841, -41.733415073074127 ], [ 171.635726552209775, -41.733551217803523 ], [ 171.636699968864235, -41.733812603918985 ], [ 171.637700976374475, -41.73390284006549 ], [ 171.638477635928524, -41.734297917631942 ], [ 171.639296673990259, -41.734590548329081 ], [ 171.640091440350403, -41.734941861970988 ], [ 171.640962935127817, -41.735107677493843 ], [ 171.641799354181245, -41.735358294510178 ], [ 171.642658734328336, -41.735553398865029 ], [ 171.643486205189049, -41.735825653318905 ], [ 171.644437389474007, -41.735757296890931 ], [ 171.645329355216717, -41.735787781259766 ], [ 171.646159955250482, -41.736052080194767 ], [ 171.647024441033011, -41.736236329276949 ], [ 171.647878481194596, -41.736452965382774 ], [ 171.648671934990205, -41.736857450379276 ], [ 171.649516519896451, -41.737103413712745 ], [ 171.65044721090544, -41.737082399622977 ], [ 171.651337641353848, -41.737151549034586 ], [ 171.652228037147836, -41.737175870264828 ], [ 171.653107910599061, -41.737285225143665 ], [ 171.654009095600514, -41.73732863914973 ], [ 171.654922093027182, -41.737319949558646 ], [ 171.655851758141864, -41.737237734534368 ], [ 171.65672985987058, -41.737382942376342 ], [ 171.657611486807212, -41.737512603423959 ], [ 171.658515765612549, -41.73754234427183 ], [ 171.659445477876204, -41.737645830150612 ], [ 171.660454631695131, -41.737586069029355 ], [ 171.66140050785927, -41.737610379572807 ], [ 171.662246237106217, -41.73784235312867 ], [ 171.663196097207191, -41.737797269980319 ] ] } },
{ "type": "Feature", "properties": { "group_id": "nzd0368" }, "geometry": { "type": "LineString", "coordinates": [ [ 171.504951985526304, -41.745765597308832 ], [ 171.505960010988161, -41.745729381901874 ], [ 171.506756903104133, -41.746041076688442 ], [ 171.507541233635095, -41.746373471397384 ], [ 171.508352377425894, -41.746661680702871 ], [ 171.50911616952061, -41.747027921281614 ], [ 171.509757307785492, -41.747527980710856 ], [ 171.510498066987935, -41.747843984731794 ], [ 171.511202408479448, -41.748255063855204 ], [ 171.511855850961581, -41.748731485971781 ], [ 171.512667572520343, -41.749031581220684 ], [ 171.513439474526791, -41.749376033530751 ], [ 171.514243704743961, -41.749684468517984 ], [ 171.515067749038622, -41.749996564700822 ], [ 171.515916210480299, -41.750318847327726 ], [ 171.516786455577233, -41.750597574757293 ], [ 171.517650698008225, -41.75078045723081 ], [ 171.518512454848292, -41.750969573401285 ], [ 171.519410913381677, -41.751066633181345 ], [ 171.520287598644416, -41.751218302058483 ], [ 171.521208132636303, -41.75125998121127 ], [ 171.522120201659931, -41.751322886705609 ], [ 171.523033741718763, -41.751382095923731 ], [ 171.523933468191473, -41.75147595069096 ], [ 171.524862482681812, -41.751496328734802 ], [ 171.525652680140524, -41.751580524941453 ], [ 171.526429294962782, -41.751749692266934 ], [ 171.527324521913243, -41.751771130718069 ], [ 171.528248741376387, -41.751892461278111 ], [ 171.529146483073418, -41.751849222521102 ], [ 171.530047581490891, -41.751826837425796 ], [ 171.530947416003528, -41.751796591100387 ], [ 171.531850886825964, -41.751788931637186 ], [ 171.532738428242084, -41.751682293673987 ], [ 171.533622231404564, -41.751552433328769 ], [ 171.534505203368099, -41.751417413977748 ], [ 171.535395226017982, -41.751305054961477 ], [ 171.536286743807295, -41.751203169634486 ], [ 171.537180341607893, -41.751127630170743 ], [ 171.538067382669198, -41.751022038675153 ], [ 171.538957774761826, -41.750932612389263 ], [ 171.539863396732727, -41.7509166515852 ], [ 171.540770905826406, -41.750909784926897 ], [ 171.541667603005891, -41.750850757946765 ], [ 171.542563123343285, -41.750786050022299 ], [ 171.543451144324678, -41.7506851682978 ], [ 171.544324351160355, -41.75051283965783 ], [ 171.545190257900572, -41.750305310574618 ], [ 171.546067385162445, -41.750151899659734 ], [ 171.546942815105808, -41.749990307462674 ] ] } },
{ "type": "Feature", "properties": { "group_id": "nzd0369" }, "geometry": { "type": "LineString", "coordinates": [ [ 174.276745417500905, -41.726901729048606 ], [ 174.276421027117806, -41.727536629295216 ], [ 174.276118170841642, -41.728174789878906 ], [ 174.27603475115049, -41.728846390497083 ], [ 174.275767763703129, -41.729490830157339 ], [ 174.275761919878192, -41.730172980102004 ], [ 174.275829581045258, -41.730851787879317 ], [ 174.275749191697713, -41.731496322092433 ], [ 174.275939657191316, -41.73214898610285 ], [ 174.276163722617895, -41.732797652021397 ], [ 174.276363858100609, -41.733454291102724 ], [ 174.276446704156172, -41.734121765973619 ], [ 174.276235019517884, -41.734808921224207 ], [ 174.276053670114379, -41.735499252670877 ], [ 174.275875914301139, -41.736173958375389 ], [ 174.275965798218891, -41.736852338580874 ], [ 174.275437213695113, -41.737491637824469 ], [ 174.275486309666292, -41.738167428708316 ], [ 174.275664551394044, -41.738849180236535 ], [ 174.275852057915216, -41.739510405366381 ], [ 174.27568767284211, -41.740175822041387 ], [ 174.275594923078216, -41.740850082626508 ], [ 174.275649718680654, -41.741523229815805 ], [ 174.275513904359286, -41.742182785778603 ], [ 174.275303411608292, -41.742843516123415 ], [ 174.275058769034132, -41.743506402757724 ], [ 174.274391681265939, -41.744009802660536 ], [ 174.273674323820472, -41.744476165069322 ], [ 174.273769048279689, -41.745311708058345 ], [ 174.273310738602049, -41.745867621491911 ], [ 174.27282881693813, -41.746362592390668 ], [ 174.272584739739528, -41.747008148272265 ], [ 174.272339640947592, -41.747688154131787 ], [ 174.272081303192863, -41.748510542095993 ], [ 174.270893904415345, -41.748676732719197 ], [ 174.269866313889167, -41.748510549914343 ], [ 174.268993483876699, -41.748307495965008 ], [ 174.268039841662613, -41.748360398669725 ], [ 174.267100373680819, -41.74853801800856 ], [ 174.26640774238831, -41.74907410748623 ], [ 174.265780617658066, -41.749549419391712 ], [ 174.265148289673931, -41.750033868147156 ], [ 174.264746048513928, -41.750639065537079 ], [ 174.264704029166467, -41.751440929417051 ], [ 174.263743206887881, -41.751650029117116 ], [ 174.263222458648301, -41.752180720504022 ], [ 174.262960478623228, -41.752836711443564 ], [ 174.262675313674805, -41.753500325093917 ], [ 174.26213064990273, -41.75409109350538 ], [ 174.261225819606324, -41.754383567992058 ], [ 174.260362479321401, -41.754770582849332 ], [ 174.26037662900427, -41.755500278650928 ], [ 174.260483496207797, -41.756251159845093 ], [ 174.259649439438419, -41.756712696498688 ], [ 174.259017497399611, -41.757208602332021 ], [ 174.258084162174839, -41.757408877236202 ], [ 174.257360321775025, -41.757844551941794 ], [ 174.257104370677808, -41.758506788240709 ], [ 174.256811562793274, -41.759142742341588 ], [ 174.25688736746045, -41.759834140349916 ], [ 174.256783455607319, -41.760559643291892 ], [ 174.256162755904455, -41.761203025124104 ], [ 174.255092928186258, -41.761114593962859 ], [ 174.254155643660511, -41.760973057099903 ], [ 174.253212229328909, -41.761093543818511 ], [ 174.252356297193643, -41.761350103271447 ], [ 174.251550327938389, -41.761674926182792 ], [ 174.250758110310755, -41.762050586855189 ], [ 174.250003258232596, -41.762476226216179 ], [ 174.249337258296435, -41.762952600720936 ], [ 174.248737843704504, -41.763456156536954 ], [ 174.248205951754898, -41.764017983063098 ], [ 174.24770872696098, -41.764590903294582 ], [ 174.247251293524272, -41.765177890320679 ], [ 174.246708714676089, -41.765712577277199 ], [ 174.246099545653863, -41.766206360766944 ], [ 174.245507665979432, -41.766710673849573 ], [ 174.244873444819575, -41.767188378121631 ], [ 174.244214647577166, -41.7676505519728 ], [ 174.243627676335109, -41.7681578089475 ], [ 174.243087286876971, -41.768694193150203 ], [ 174.242589490701988, -41.769257210221497 ], [ 174.242115858647338, -41.769825624596848 ], [ 174.24178137025325, -41.770437864402695 ], [ 174.241563621083486, -41.771078528572808 ], [ 174.241211586318855, -41.771702684301516 ], [ 174.240623788170183, -41.77224895430917 ], [ 174.240083997243772, -41.772793829248826 ], [ 174.239685319388883, -41.773386108645298 ], [ 174.239243831302332, -41.77395486538731 ], [ 174.238634507908387, -41.774442119057767 ], [ 174.238262917331753, -41.775030814322406 ], [ 174.237927627756733, -41.775655457731276 ], [ 174.237957222003217, -41.776385498562504 ], [ 174.237380874980516, -41.776931645711564 ], [ 174.236791131842637, -41.777442062222889 ], [ 174.236647410953509, -41.778144543866212 ], [ 174.235892085538609, -41.778574051625931 ], [ 174.235189289926012, -41.778993647347527 ], [ 174.234591146597495, -41.779492308226267 ], [ 174.234213521761603, -41.780090845244452 ], [ 174.233966605257706, -41.780733253670547 ], [ 174.233872862911397, -41.781411297444436 ], [ 174.233682947438069, -41.782065977655691 ], [ 174.233124113460519, -41.782641813130226 ], [ 174.233154207364521, -41.783411125711922 ], [ 174.233942878418446, -41.785068972402001 ], [ 174.232070561401684, -41.784769451531353 ], [ 174.231044169978304, -41.784875459082365 ], [ 174.230171166680492, -41.785115253054933 ], [ 174.229378539324415, -41.785434027041383 ], [ 174.228660507770826, -41.78583025617408 ], [ 174.227860740002455, -41.786132068918413 ], [ 174.227108136908299, -41.786496041800575 ], [ 174.226509036218857, -41.786993953848594 ], [ 174.225738305957236, -41.787358220428793 ], [ 174.224948713745363, -41.787706117936168 ], [ 174.22428941606131, -41.788138443309002 ], [ 174.223577285979161, -41.788537940926595 ], [ 174.222844051581603, -41.788928624447422 ], [ 174.222139932138759, -41.789348714437438 ], [ 174.221405720280529, -41.789751967453725 ], [ 174.22077306755267, -41.790229341787757 ], [ 174.220103616534232, -41.790685164420573 ], [ 174.219532118407784, -41.79120760171773 ], [ 174.218920228357291, -41.791707693535059 ], [ 174.218378332727099, -41.792252011865806 ], [ 174.217885264400905, -41.792814076818438 ], [ 174.217449265192016, -41.793403756132172 ], [ 174.216990850648017, -41.793981729276325 ], [ 174.216515224836058, -41.79455222861489 ], [ 174.216163863131214, -41.79517211221556 ], [ 174.215853596338007, -41.795798316334611 ], [ 174.215542195554633, -41.796423015079576 ], [ 174.215285886306418, -41.797067094043769 ], [ 174.215021820458588, -41.797708798475128 ], [ 174.214696985621146, -41.798330052867101 ], [ 174.214483821350541, -41.798981317959068 ], [ 174.214203303554797, -41.79961324014333 ], [ 174.213843863868675, -41.800222082778511 ], [ 174.213439350742107, -41.800827868850689 ], [ 174.213503522038195, -41.801532667489823 ], [ 174.21349780731984, -41.802172666040285 ], [ 174.212859939202332, -41.80275405127405 ], [ 174.213174063622887, -41.803438502155139 ], [ 174.21307304426503, -41.804104194980908 ], [ 174.213055982855934, -41.804755315866409 ], [ 174.213104657807179, -41.805391108305976 ], [ 174.213371236615217, -41.806026946979145 ], [ 174.21322304106684, -41.806698648246069 ], [ 174.213696822621642, -41.807272542625334 ], [ 174.214074956480715, -41.80776070241081 ], [ 174.214561172220982, -41.80824267817237 ] ] } },
{ "type": "Feature", "properties": { "group_id": "nzd0370" }, "geometry": { "type": "LineString", "coordinates": [ [ 171.455867922505604, -41.774358839428828 ], [ 171.456806962494028, -41.774422503417618 ], [ 171.457646969639768, -41.77414853807425 ], [ 171.458442416758771, -41.773746188827872 ], [ 171.459132888009464, -41.773269808758677 ], [ 171.45983646489077, -41.7726895720307 ], [ 171.459970289116256, -41.771931180802767 ], [ 171.460064105881855, -41.771240555157995 ], [ 171.46019786125413, -41.770556743793854 ], [ 171.460233095512223, -41.769884423517979 ], [ 171.460268788089621, -41.769170444894826 ], [ 171.460073215727419, -41.768457828221763 ], [ 171.45971040784022, -41.767811735542722 ], [ 171.459294250702669, -41.767205458181941 ], [ 171.459197877281326, -41.766478230062972 ], [ 171.458708329488672, -41.765900160252478 ], [ 171.45828775647189, -41.765308142752595 ] ] } },
{ "type": "Feature", "properties": { "group_id": "nzd0371" }, "geometry": { "type": "LineString", "coordinates": [ [ 171.459104271636562, -41.805588790844944 ], [ 171.45882543742627, -41.804958942063394 ], [ 171.458612630603994, -41.804323821986408 ], [ 171.458622941528489, -41.80365969956916 ], [ 171.458721632201559, -41.802984802737413 ], [ 171.45859555958026, -41.802319487807125 ], [ 171.458493027004636, -41.801653161635627 ], [ 171.458443584221698, -41.800984563565194 ], [ 171.458363124243078, -41.800317281804425 ], [ 171.458269000823663, -41.799651210689298 ], [ 171.458339867896228, -41.798980156447492 ], [ 171.458179524157231, -41.798316658920385 ], [ 171.458090076621573, -41.797649267693338 ], [ 171.458104708899953, -41.796978519690398 ], [ 171.458087104976215, -41.796308802203505 ], [ 171.457961519636115, -41.795642553192472 ], [ 171.457983961623057, -41.794971532841096 ], [ 171.457890449640217, -41.794304237594993 ], [ 171.457684988921329, -41.793639440927237 ], [ 171.45754873875191, -41.792972632345993 ], [ 171.457426228089844, -41.792306994095348 ], [ 171.457396723955469, -41.791637128677472 ], [ 171.457569514934704, -41.790956362850281 ], [ 171.457400657496351, -41.790293987499361 ], [ 171.457377103866889, -41.789623780626833 ], [ 171.457374478845821, -41.788952439726934 ], [ 171.457334766867348, -41.788284512471691 ], [ 171.45736081923161, -41.787616068441039 ], [ 171.457264998541518, -41.786951559329438 ], [ 171.457051000240881, -41.78628915288693 ], [ 171.456909942576317, -41.785623925990713 ], [ 171.45689083491888, -41.784953988419069 ], [ 171.456852747803339, -41.784284775916007 ], [ 171.456851657312399, -41.783614129396831 ], [ 171.456695734164896, -41.782948602361031 ], [ 171.456558201185771, -41.782278982047764 ], [ 171.456515323360549, -41.781604472358943 ], [ 171.456514246832569, -41.780930517470381 ], [ 171.45646761752127, -41.780260375880886 ], [ 171.456452538602662, -41.779587581248613 ], [ 171.456317368685433, -41.778924851459827 ], [ 171.456067055387791, -41.77827177162559 ], [ 171.455829639391339, -41.777583004226344 ], [ 171.455446198096894, -41.776937853176669 ], [ 171.455019834581549, -41.776273648801897 ], [ 171.453921334671946, -41.776158459781342 ] ] } },
{ "type": "Feature", "properties": { "group_id": "nzd0372" }, "geometry": { "type": "LineString", "coordinates": [ [ 171.459682165857458, -41.840317521400124 ], [ 171.459707182000386, -41.839647039028044 ], [ 171.459739143802238, -41.838977545740732 ] ] } },
{ "type": "Feature", "properties": { "group_id": "nzd0374" }, "geometry": { "type": "LineString", "coordinates": [ [ 174.165454216019782, -41.85964486785754 ], [ 174.164861071362907, -41.860147689213726 ], [ 174.164336803566215, -41.860651598308586 ], [ 174.163778717295713, -41.861148130891962 ], [ 174.163302383291494, -41.861715406805843 ], [ 174.162914455222136, -41.862315274402278 ], [ 174.162632424801188, -41.862942944254208 ], [ 174.162196315973745, -41.863520102271316 ], [ 174.161799947439135, -41.864120617861218 ], [ 174.161480867719433, -41.864719283114937 ], [ 174.161441536927441, -41.865369830606049 ], [ 174.161488322884196, -41.865958480843013 ], [ 174.161586673718517, -41.86651677937251 ] ] } },
{ "type": "Feature", "properties": { "group_id": "nzd0375" }, "geometry": { "type": "LineString", "coordinates": [ [ 174.161431516503399, -41.868336206073373 ], [ 174.160498351343762, -41.868717001520665 ], [ 174.160304800947728, -41.869345819769478 ], [ 174.16039849733275, -41.870009378865063 ] ] } },
{ "type": "Feature", "properties": { "group_id": "nzd0377" }, "geometry": { "type": "LineString", "coordinates": [ [ 174.162896384847187, -41.873208831422147 ], [ 174.161743619543074, -41.873198797354895 ], [ 174.161037791761629, -41.873612534968402 ], [ 174.160361328715709, -41.874054113480703 ], [ 174.15965095003591, -41.874463530922981 ], [ 174.158925866767646, -41.874859002818084 ], [ 174.158187586593158, -41.875241958540258 ], [ 174.157530912279697, -41.875705748731825 ], [ 174.15683615115023, -41.876148001508341 ], [ 174.156165479267969, -41.876607312148728 ], [ 174.155509453142798, -41.877064232081011 ], [ 174.154859983458522, -41.877526426483911 ], [ 174.154215978183743, -41.877993016365565 ], [ 174.153566011340558, -41.87845480437629 ], [ 174.152974084437517, -41.878963308811933 ], [ 174.15239049735689, -41.879478523456896 ], [ 174.151794748895611, -41.879983891990001 ], [ 174.151189680247001, -41.880481344155811 ], [ 174.150568948572499, -41.880966216458248 ], [ 174.149937332347235, -41.881442534670867 ], [ 174.149294415301114, -41.881909849206338 ], [ 174.148647545640472, -41.882374012524743 ], [ 174.147967890186919, -41.882812060173599 ], [ 174.147274881001948, -41.883241913481484 ], [ 174.146634988197007, -41.883715374999774 ], [ 174.146054758481739, -41.884236593967778 ], [ 174.145680719629951, -41.884930580506001 ], [ 174.1448856201811, -41.88526946350548 ], [ 174.144138164230583, -41.885643411134637 ], [ 174.143454414581498, -41.886072653051045 ], [ 174.142819632017932, -41.886546578415071 ], [ 174.142272183617052, -41.887090682462691 ], [ 174.141674456189548, -41.887509149456378 ], [ 174.141012908735235, -41.88789660898918 ], [ 174.14039282705275, -41.888385528053355 ], [ 174.140069226959042, -41.889040423802115 ], [ 174.13945720093605, -41.88958304579559 ], [ 174.138830032348608, -41.890102988074368 ], [ 174.138132114184316, -41.890529658015389 ], [ 174.137412561507261, -41.890940969716262 ], [ 174.13673821038563, -41.891410444203494 ], [ 174.135702059966889, -41.891519333737527 ], [ 174.134832174939049, -41.89178811817203 ], [ 174.134143185639203, -41.892251652045651 ], [ 174.133617882106591, -41.892816815781075 ], [ 174.133280939900345, -41.893465761309791 ], [ 174.133033040444417, -41.894116905697764 ], [ 174.132911599270898, -41.89488926466224 ], [ 174.131806864029045, -41.895146694331046 ], [ 174.131161007732516, -41.895617754353509 ], [ 174.13066978872962, -41.896192902531283 ], [ 174.130155743055354, -41.896751864562432 ], [ 174.12936372166584, -41.897111181417984 ], [ 174.128757626297812, -41.897596019135193 ], [ 174.128340017566046, -41.898190051558345 ], [ 174.128038778280313, -41.898744125140574 ], [ 174.127533751305322, -41.899254263034308 ], [ 174.127469734880123, -41.900053710110114 ], [ 174.126823580255177, -41.900738584363275 ], [ 174.125682910580821, -41.900676793001814 ], [ 174.124912281005152, -41.901009410283201 ], [ 174.124227076641318, -41.901442851792325 ], [ 174.123497715345223, -41.901833811407016 ], [ 174.122945012626843, -41.902394716756667 ], [ 174.12227698489508, -41.902844675817789 ], [ 174.121543776342833, -41.903231927399865 ], [ 174.120640994161363, -41.903456727584427 ], [ 174.119902523824493, -41.903839537341362 ], [ 174.119178044584487, -41.90423535296145 ], [ 174.118449444866002, -41.904626495949834 ], [ 174.117724167978821, -41.905020976656118 ], [ 174.116989054160086, -41.905405566608536 ], [ 174.116242454218337, -41.905777429003948 ], [ 174.115560117584863, -41.906203842981299 ], [ 174.114967905807987, -41.906704477614689 ], [ 174.114418878555369, -41.907237594523181 ], [ 174.113909575594619, -41.907809836315494 ], [ 174.113259930188974, -41.908281181192876 ], [ 174.112514996560293, -41.908666335472503 ], [ 174.111813287291994, -41.909086269885158 ], [ 174.111149218421986, -41.90953649131108 ], [ 174.110556396192948, -41.910044044050821 ], [ 174.109948861237399, -41.910529462159282 ], [ 174.109328824511636, -41.910993093180792 ], [ 174.108637605772998, -41.911424524262316 ], [ 174.108055879800787, -41.911933908109027 ], [ 174.107548177355682, -41.912487893520854 ], [ 174.107034448520523, -41.913029223348467 ], [ 174.10652175670063, -41.9135719553556 ], [ 174.106013112910574, -41.914123751546867 ], [ 174.105486130293173, -41.914659462431544 ], [ 174.105001001644922, -41.915206121234625 ], [ 174.104458737374728, -41.915731149083221 ], [ 174.103985043123487, -41.91629918578613 ], [ 174.103505709214204, -41.916859142444984 ], [ 174.103089029341504, -41.917443298602258 ], [ 174.102674939228194, -41.918033362040667 ], [ 174.102288939671809, -41.918637194430829 ], [ 174.102058560336332, -41.919279899235747 ], [ 174.101773780414675, -41.91989418739994 ], [ 174.101249290741492, -41.920448569477102 ], [ 174.101102992012898, -41.921137199655682 ], [ 174.101024647205207, -41.921964027719433 ], [ 174.099722582897442, -41.922266844471572 ], [ 174.098696211092118, -41.922464733054568 ], [ 174.09813014744887, -41.922955346730852 ], [ 174.097855151176418, -41.923594854717763 ], [ 174.097866970303102, -41.924252439297803 ], [ 174.098040447899223, -41.924879159479204 ], [ 174.09827662455649, -41.925538923950988 ], [ 174.097985578890814, -41.926220269003366 ], [ 174.097396197000336, -41.926825642952913 ], [ 174.097501046139996, -41.927375526690255 ], [ 174.097393779750547, -41.927856526693084 ], [ 174.097488657390073, -41.928397618385702 ], [ 174.097757160793009, -41.929010388307397 ] ] } },
{ "type": "Feature", "properties": { "group_id": "nzd0378" }, "geometry": { "type": "LineString", "coordinates": [ [ 174.09644335038962, -41.930028521671986 ], [ 174.096554270102644, -41.930965332589039 ], [ 174.096166829448293, -41.931594535944903 ], [ 174.095271482893992, -41.931907546149532 ], [ 174.094932539491737, -41.932535577858289 ], [ 174.094632959943681, -41.933181516749649 ], [ 174.094106555363339, -41.93372047563409 ], [ 174.093621001659216, -41.934278815532245 ], [ 174.092992299021176, -41.934782315264215 ], [ 174.092600562152938, -41.935401935980266 ], [ 174.091956730140254, -41.935888816093851 ], [ 174.091369970235775, -41.936398225670501 ], [ 174.090643706670818, -41.936820836979059 ], [ 174.090243967566551, -41.937468113325444 ], [ 174.089783537972153, -41.938090042983909 ], [ 174.088888476385989, -41.93835311527971 ], [ 174.088096647866962, -41.938699826763319 ], [ 174.087181361491588, -41.938940223073764 ], [ 174.0864140139021, -41.93930387758428 ], [ 174.085744381575637, -41.939763405247028 ], [ 174.085177560182444, -41.940306421089169 ], [ 174.084639614499508, -41.940852667840204 ], [ 174.084194265983001, -41.941450619256841 ], [ 174.083848672553643, -41.942062206904936 ], [ 174.083465063244887, -41.942655975994683 ], [ 174.08328653074463, -41.943300057143389 ], [ 174.083012837674772, -41.943946547710951 ], [ 174.08342341997627, -41.944649090734551 ], [ 174.083451168453877, -41.945416653725147 ], [ 174.082702665734047, -41.946012532519539 ], [ 174.081683794152269, -41.946229075724503 ], [ 174.081065932587649, -41.946720250950939 ], [ 174.08017685520241, -41.946973286068534 ], [ 174.079470009687839, -41.947386324059309 ], [ 174.078821254682225, -41.94785036534747 ], [ 174.078154160736091, -41.948298301477791 ], [ 174.077412425710037, -41.948680695929873 ], [ 174.076783105357521, -41.949163776228367 ], [ 174.076135887552852, -41.949629861595874 ], [ 174.075459337825919, -41.950071011730827 ], [ 174.074762135669374, -41.950495171233811 ], [ 174.074118463412532, -41.950961256608963 ], [ 174.073616169634732, -41.951541583884371 ], [ 174.072850229342976, -41.951903294955351 ], [ 174.072105561261992, -41.952279548269054 ], [ 174.071427320368343, -41.952718920066843 ], [ 174.070784639006121, -41.953191981209727 ], [ 174.070049633611291, -41.953577565325489 ], [ 174.069295928399896, -41.953945428798534 ], [ 174.068573803062748, -41.954343210802428 ], [ 174.067840218307595, -41.954730132339492 ], [ 174.067126705204629, -41.955140439212329 ], [ 174.066468904060429, -41.955599032706914 ], [ 174.065805989584476, -41.956054460247003 ], [ 174.065167497709524, -41.956524955615656 ], [ 174.064526818599802, -41.95699470306495 ], [ 174.063879249828375, -41.957460964830751 ], [ 174.063289902342547, -41.957966294501126 ], [ 174.062666749437057, -41.958447318619143 ], [ 174.062052961348712, -41.958924565664148 ], [ 174.061358561588179, -41.959339223694258 ], [ 174.060694957583706, -41.959789457955168 ], [ 174.060068474922531, -41.960269605032067 ], [ 174.059419919928331, -41.96073196103201 ], [ 174.058789330504851, -41.9612133596872 ], [ 174.058164019019188, -41.961697275959111 ], [ 174.057523849407602, -41.962166155138227 ], [ 174.056838591647221, -41.962602393749826 ], [ 174.056191566117633, -41.963066252606879 ], [ 174.055554230817506, -41.963537109375714 ], [ 174.054986794607032, -41.964058467107854 ], [ 174.054398751756111, -41.964564932377726 ], [ 174.05377554801791, -41.96504598919158 ], [ 174.053142106915573, -41.965519645594945 ], [ 174.052536410647633, -41.966013395607625 ], [ 174.051902673230671, -41.96648719321729 ], [ 174.051265187654195, -41.966958385270701 ], [ 174.050616829631366, -41.967421548900234 ], [ 174.049966434885306, -41.967884256616749 ], [ 174.049329861582066, -41.9683590867837 ], [ 174.048740517035242, -41.968865291142343 ], [ 174.048111636605199, -41.9693431737834 ], [ 174.047482338466295, -41.969830241415295 ], [ 174.046947697534335, -41.970386264074719 ], [ 174.046428723814529, -41.970948906596178 ], [ 174.045933783514613, -41.971464189756098 ], [ 174.045345504035623, -41.971873438424417 ], [ 174.04481479544873, -41.972347768997444 ], [ 174.04401282755515, -41.97265136524387 ], [ 174.04321948450243, -41.97301139957279 ], [ 174.042488210835899, -41.973410457735419 ], [ 174.041799818875631, -41.97383955826033 ], [ 174.041054019646708, -41.974219275965879 ], [ 174.040398448748732, -41.974681369100082 ], [ 174.039709148100258, -41.97511109750009 ], [ 174.039044823357756, -41.975561206812095 ], [ 174.038352942193626, -41.976003779267621 ], [ 174.03772433899843, -41.976496353495008 ], [ 174.037070425038877, -41.976955620299726 ], [ 174.036435640003901, -41.977428180879251 ], [ 174.035797614672532, -41.977897949110918 ], [ 174.03515064084101, -41.978359943945108 ], [ 174.034528014294494, -41.978840240719236 ], [ 174.033865910709807, -41.97929252604083 ], [ 174.033245575890476, -41.979775710535428 ], [ 174.032620896799358, -41.980257910962443 ], [ 174.032003809798567, -41.98074596900971 ], [ 174.03140189930744, -41.981242673867818 ], [ 174.030785834249343, -41.981728710248142 ], [ 174.030171546123114, -41.982216016039537 ], [ 174.029527587783519, -41.982687835550863 ], [ 174.028968271167344, -41.98321867775158 ], [ 174.028348866452092, -41.983705739499847 ], [ 174.027742191244954, -41.984198836893256 ], [ 174.02719340235808, -41.984728378791914 ], [ 174.026599547653348, -41.985229540647147 ], [ 174.025998479217407, -41.985724955816345 ], [ 174.025388968665453, -41.986212350460207 ], [ 174.024771372371191, -41.986695253908593 ], [ 174.024194671563635, -41.987206113393945 ], [ 174.023555812206553, -41.987663141247239 ], [ 174.022903301477896, -41.988109602736451 ], [ 174.022258819766421, -41.988583794529156 ], [ 174.021672402793854, -41.989114523867258 ], [ 174.021168934239057, -41.989684682161034 ], [ 174.020565421963397, -41.990191387964892 ], [ 174.020075179616526, -41.99075668531966 ], [ 174.019590347550405, -41.991321721312843 ], [ 174.019148280353903, -41.991900685605323 ], [ 174.018679407070607, -41.992452388569767 ], [ 174.018099112692397, -41.992946862681009 ], [ 174.017612854161996, -41.99350698682894 ], [ 174.017067768396601, -41.994028763344403 ], [ 174.016422037889072, -41.994522458754311 ], [ 174.016146656938417, -41.995169803631136 ], [ 174.015861424578986, -41.995812215909744 ], [ 174.015475397291056, -41.996367947463924 ], [ 174.014977934838157, -41.996794915669874 ], [ 174.014318560627743, -41.997239219604779 ], [ 174.013736312820498, -41.997762835657312 ], [ 174.01314403914148, -41.998281557729563 ], [ 174.012611262202313, -41.998856037732729 ], [ 174.012179080109433, -41.999460732513874 ], [ 174.011643031728795, -42.000025614967441 ], [ 174.011379287044605, -42.000709880031678 ], [ 174.011257829473493, -42.001433873422613 ], [ 174.011227873432688, -42.00215577825265 ], [ 174.011454370002724, -42.002823200463929 ], [ 174.011662173768229, -42.003450201432322 ], [ 174.011934502776654, -42.004001495869986 ], [ 174.011537724208665, -42.004440160900756 ], [ 174.010755821332054, -42.004622440829394 ], [ 174.010211815930887, -42.005178665712975 ], [ 174.009515612401458, -42.005611203112394 ], [ 174.008762051942568, -42.006020873545282 ], [ 174.008212724355104, -42.00661524172903 ], [ 174.007786542429784, -42.007240382319246 ], [ 174.007295458354236, -42.007799698878507 ], [ 174.00672900961527, -42.008313128548608 ], [ 174.006213657762117, -42.00883666009306 ], [ 174.00554354445913, -42.009268719410024 ], [ 174.004921642888718, -42.009749991189906 ], [ 174.004310022867344, -42.010231984962743 ], [ 174.003734431681437, -42.010741162032893 ], [ 174.003124628212248, -42.011231757226248 ], [ 174.002514503234352, -42.011722113231443 ], [ 174.001856461831693, -42.012178091643975 ], [ 174.001215581330626, -42.012651659459387 ], [ 174.000614777193761, -42.013152765143765 ], [ 174.000024291168728, -42.013656072935269 ], [ 173.999387747163212, -42.014127836596657 ], [ 173.99880499594704, -42.014645344633678 ], [ 173.998236817164582, -42.015172655498688 ], [ 173.99766023456931, -42.015687743120736 ], [ 173.997118332195157, -42.016220041348539 ], [ 173.99651359735887, -42.016719238176108 ], [ 173.995980467906094, -42.017260605027595 ], [ 173.99544989065032, -42.017800801598661 ], [ 173.994915103946767, -42.018337084376803 ], [ 173.994373664319681, -42.01886891117914 ], [ 173.99384071581099, -42.019400920321274 ], [ 173.993276833976353, -42.019916231252658 ], [ 173.992750401529122, -42.020457416240134 ], [ 173.992203142179761, -42.02098668192631 ], [ 173.991671152063049, -42.021524795297864 ], [ 173.991166655772247, -42.022078604867005 ], [ 173.990606711809647, -42.022600528124023 ], [ 173.990062391439523, -42.023131225533575 ], [ 173.989472729957015, -42.023633547701792 ], [ 173.988910048236733, -42.024151422146851 ], [ 173.98833063006316, -42.024661597813584 ], [ 173.987730457402591, -42.025159368196874 ], [ 173.987156492734556, -42.025672793948814 ], [ 173.986586391453983, -42.026188523912943 ], [ 173.986015651991352, -42.026706377255401 ], [ 173.985449126852984, -42.027228497467092 ], [ 173.984925276631486, -42.027772571666709 ], [ 173.984400547530527, -42.028314476726855 ], [ 173.983857397855218, -42.028845952455086 ], [ 173.983288395736167, -42.029362792847714 ], [ 173.982779625613944, -42.029913716589505 ], [ 173.982227185723588, -42.030439921451013 ], [ 173.98168281279942, -42.030973631866893 ], [ 173.981130922630371, -42.031504294070253 ], [ 173.980576979238265, -42.032031274458348 ], [ 173.980053841552348, -42.032573686135997 ], [ 173.979535919884341, -42.033116231334674 ], [ 173.978979405564132, -42.033634713115113 ], [ 173.9784225576079, -42.034155440472993 ], [ 173.977886631387349, -42.034692666655921 ], [ 173.977369783470778, -42.035243504082672 ], [ 173.97687882519233, -42.035806055025539 ], [ 173.976330978215486, -42.036335357537332 ], [ 173.975776880794513, -42.036861653511373 ], [ 173.975217500710954, -42.037386359532796 ], [ 173.974696480370909, -42.037930988313455 ], [ 173.974181890148657, -42.038477836654486 ], [ 173.973644714986364, -42.039012984643115 ], [ 173.973294921947115, -42.039384513512928 ] ] } },
{ "type": "Feature", "properties": { "group_id": "nzd0379" }, "geometry": { "type": "LineString", "coordinates": [ [ 171.394590229365832, -42.014864752158502 ], [ 171.394838533250464, -42.014204343117072 ], [ 171.394959672949142, -42.013544661660774 ], [ 171.395120083655172, -42.012915036288604 ], [ 171.395294932832968, -42.01225837962987 ], [ 171.395457622043125, -42.011594915121123 ], [ 171.395600509182401, -42.010935296311523 ], [ 171.395763308458612, -42.010284179074254 ], [ 171.395935380759738, -42.009625491364893 ], [ 171.396029264869696, -42.008969824617132 ], [ 171.396253194338016, -42.008336625889697 ], [ 171.396503464878094, -42.007689002408853 ], [ 171.396914893901112, -42.00705316601973 ] ] } },
{ "type": "Feature", "properties": { "group_id": "nzd0380" }, "geometry": { "type": "LineString", "coordinates": [ [ 171.364093793049648, -42.059677371229306 ], [ 171.364191140406092, -42.059014401156148 ], [ 171.364242787570589, -42.05834769214237 ], [ 171.364357026228703, -42.057686087584919 ], [ 171.364497826631066, -42.057026645195585 ], [ 171.364588179744885, -42.056363076206914 ], [ 171.364752023188714, -42.055705501690561 ], [ 171.364911070195291, -42.055047528524689 ], [ 171.365076741293251, -42.054390089331704 ], [ 171.365131283362899, -42.053723568234737 ], [ 171.365206811610364, -42.05305875395301 ] ] } },
{ "type": "Feature", "properties": { "group_id": "nzd0382" }, "geometry": { "type": "LineString", "coordinates": [ [ 173.97284420334455, -42.039962618361933 ], [ 173.972351645914301, -42.04052167568193 ], [ 173.971867369214038, -42.041080357972369 ], [ 173.971431004925421, -42.041650812426106 ], [ 173.970929256746842, -42.042194988379578 ], [ 173.970411072156281, -42.042743137714623 ], [ 173.969865689182285, -42.043279474159 ], [ 173.969350698490814, -42.043830314900312 ], [ 173.968846600709981, -42.044382569752479 ], [ 173.968333578673423, -42.044928615906436 ], [ 173.967907997780969, -42.045518219474353 ], [ 173.967412500306011, -42.046074447919359 ], [ 173.966912662333215, -42.046628792171617 ], [ 173.966374577570718, -42.047164573183217 ], [ 173.965848841275232, -42.047708496999725 ], [ 173.965341614775895, -42.048261132531756 ], [ 173.964831508958213, -42.048810863409976 ], [ 173.964331032255018, -42.049368850080249 ], [ 173.96384440467645, -42.049934662560027 ], [ 173.963349518680474, -42.050493628460501 ], [ 173.962890785370945, -42.051067234274377 ], [ 173.962449686339482, -42.051648319625528 ], [ 173.962000942470894, -42.052226154922018 ], [ 173.961531130928705, -42.052793220499304 ], [ 173.961067411224576, -42.053362103326577 ], [ 173.960572291920045, -42.053918956872643 ], [ 173.960078472062463, -42.054476944294095 ], [ 173.959629141735206, -42.055054555903247 ], [ 173.959162263574228, -42.055624420060411 ], [ 173.958713408219353, -42.056201657334007 ], [ 173.958225931820095, -42.056751694158621 ], [ 173.957756193973637, -42.057310708453443 ], [ 173.957236141677669, -42.057854713250101 ], [ 173.956734118473662, -42.058407798187233 ], [ 173.956231903011258, -42.058960781487272 ], [ 173.955734947330455, -42.059516410439549 ], [ 173.955253961541928, -42.060086261335542 ], [ 173.95480111967376, -42.060676011882961 ], [ 173.954331248999836, -42.061254819568347 ], [ 173.953923244566511, -42.061848995158449 ], [ 173.953502740171302, -42.062438355608066 ], [ 173.953134455062468, -42.063050248818868 ], [ 173.952800045646825, -42.063677790777454 ], [ 173.952425006640453, -42.064288788467742 ], [ 173.95205561612147, -42.064897014786808 ], [ 173.951640059031433, -42.065490856177675 ], [ 173.951259619824327, -42.066094076916812 ], [ 173.950844172970847, -42.066686016284848 ], [ 173.950478939184308, -42.067295335830195 ], [ 173.950126935802047, -42.0679132583371 ], [ 173.949800511235765, -42.068541587487736 ], [ 173.949467841080576, -42.069164065841015 ], [ 173.949176487532867, -42.069795118314346 ], [ 173.948858138025685, -42.070418674674208 ], [ 173.948508878080361, -42.071033648920022 ], [ 173.948170372678788, -42.071650554087292 ], [ 173.947902061688012, -42.072286645777702 ], [ 173.947577287113347, -42.072907800534324 ], [ 173.947247603944021, -42.073528086117634 ], [ 173.946908726077481, -42.074145732727999 ], [ 173.94655787764799, -42.074757868478883 ], [ 173.946111049046948, -42.075326135967863 ], [ 173.945747409021948, -42.075921291684914 ], [ 173.945348862629544, -42.076518848152531 ], [ 173.944958714813055, -42.077119449022582 ], [ 173.944587157217967, -42.07772679545635 ], [ 173.944180267894097, -42.078325006440025 ], [ 173.943785688852671, -42.078932434869209 ], [ 173.943408214578511, -42.079542479462233 ], [ 173.94303436092153, -42.080148982780358 ], [ 173.942675958915117, -42.080760435794666 ], [ 173.942315875355149, -42.081371260660553 ], [ 173.941908707171137, -42.08196701912739 ], [ 173.941552588652797, -42.082579091850548 ], [ 173.941156883405142, -42.083162044754765 ], [ 173.940778656126071, -42.083745774307197 ], [ 173.940390082172343, -42.084343656005132 ], [ 173.939959379724939, -42.084928705834649 ], [ 173.93958447393203, -42.085539308650013 ], [ 173.939218578061116, -42.086171089603475 ], [ 173.938824022282802, -42.086793134041109 ], [ 173.938501581646221, -42.087407797571238 ], [ 173.938192128862369, -42.08802221887349 ], [ 173.937894244665841, -42.088649282131904 ], [ 173.937561257314712, -42.089268637135049 ], [ 173.937222265527708, -42.089888025261502 ], [ 173.936886889679613, -42.090516739462906 ], [ 173.936572022857064, -42.09115048897457 ], [ 173.936253060166024, -42.09177470152062 ], [ 173.935925620714812, -42.092396072284025 ], [ 173.935620449305958, -42.093020047257347 ], [ 173.93531578680188, -42.093644727731174 ], [ 173.935043575878495, -42.09428011161647 ], [ 173.934754386555198, -42.094911196598659 ], [ 173.9344645692386, -42.095542116549197 ], [ 173.93419852610279, -42.096177836516844 ], [ 173.933895446129952, -42.096803922126149 ], [ 173.933608332749202, -42.097435369181291 ], [ 173.933254629398363, -42.098049640665913 ], [ 173.932979717807825, -42.098684446259718 ], [ 173.932673221473522, -42.0993117748435 ], [ 173.932390465891103, -42.099946509516947 ], [ 173.932098816015156, -42.100578220843914 ], [ 173.931785262768386, -42.101203179656352 ], [ 173.931491328830447, -42.101833019166563 ], [ 173.931253797799968, -42.102477023159572 ], [ 173.931005998444874, -42.103118769426885 ], [ 173.930745089449999, -42.10375707722779 ], [ 173.930473605020126, -42.104392442583773 ], [ 173.930214314245916, -42.105031782058894 ], [ 173.929929484542811, -42.10566568213509 ], [ 173.929675673557995, -42.106305847883156 ], [ 173.929369131933612, -42.106933143472638 ], [ 173.929111509282535, -42.107571608200118 ], [ 173.928854350056923, -42.108212587603184 ], [ 173.928661810114193, -42.108867608729796 ], [ 173.92838633591694, -42.109503826738354 ], [ 173.92813957771304, -42.110144775407093 ], [ 173.927925509039966, -42.110792059671645 ], [ 173.927692055529349, -42.111435576527377 ], [ 173.927434191678344, -42.112076362418335 ], [ 173.927255105597652, -42.11273203752453 ], [ 173.927067527718322, -42.113384191024423 ], [ 173.92688019268931, -42.114036004203669 ], [ 173.926679083171507, -42.114685452945565 ], [ 173.92652894940602, -42.115343944733546 ], [ 173.926363631654624, -42.115999722361899 ], [ 173.926174247369545, -42.116651328533138 ], [ 173.926043362045505, -42.117311650981478 ], [ 173.925812201349459, -42.117956651835293 ], [ 173.925600994410615, -42.118604693506818 ], [ 173.925442676270791, -42.11926095573611 ], [ 173.925300199226484, -42.119919009383835 ], [ 173.925112034793983, -42.120571868742772 ], [ 173.924995245656675, -42.121232590647281 ], [ 173.924877712119297, -42.121893224394 ], [ 173.924784337021521, -42.122556139413696 ], [ 173.924690905613687, -42.123216321133874 ], [ 173.924584936091577, -42.1238780191483 ], [ 173.924490257856235, -42.124541699198261 ], [ 173.924418003924103, -42.125206159042335 ], [ 173.924372093684838, -42.125871536197877 ], [ 173.924293266534761, -42.126535143084219 ], [ 173.924189743662026, -42.127196433889807 ], [ 173.92411006321035, -42.127859385741679 ], [ 173.92409895947165, -42.128526991439543 ], [ 173.924052436097014, -42.129192535725103 ], [ 173.9239917360417, -42.129857250769547 ], [ 173.92397854106423, -42.130523500030449 ], [ 173.924004963225826, -42.131185067244402 ], [ 173.924006920791413, -42.131851673907001 ], [ 173.924001363291552, -42.132520027094664 ], [ 173.92402991834939, -42.133186475043566 ], [ 173.924109553232086, -42.133850073645561 ], [ 173.924191380537223, -42.134514435008249 ], [ 173.924280643221778, -42.135179210704685 ], [ 173.924370607336101, -42.135847478317025 ], [ 173.924538489140787, -42.136501917419125 ], [ 173.924738393392118, -42.137151538064202 ], [ 173.924954455767477, -42.137798873840872 ], [ 173.925278505133775, -42.138422005188254 ], [ 173.925525404986871, -42.139066227683116 ], [ 173.925819915482549, -42.13970085882292 ], [ 173.926226487169458, -42.140294899146568 ], [ 173.926687481341219, -42.140869223698914 ], [ 173.927162830192373, -42.141436853005338 ], [ 173.927624464868842, -42.142010126436482 ], [ 173.928106870985545, -42.142573913482124 ], [ 173.928615453638258, -42.14312337559582 ], [ 173.929080549604691, -42.14369657244962 ], [ 173.929614687788899, -42.144230433011522 ], [ 173.930140831184332, -42.144766846247684 ], [ 173.930671308001934, -42.145303179487819 ], [ 173.931235701954421, -42.145824090469851 ], [ 173.931762910896452, -42.146363715353004 ], [ 173.93221443914706, -42.146941432751063 ], [ 173.932681114104156, -42.147504413597922 ], [ 173.933055714075749, -42.148103261713146 ], [ 173.933412369257667, -42.148715922578447 ], [ 173.933806830841348, -42.149316214991401 ], [ 173.934248291889958, -42.149897876039908 ], [ 173.934693619660806, -42.150476940712352 ], [ 173.935147313839735, -42.151052730563599 ], [ 173.935504365339114, -42.151667097985857 ], [ 173.935836407469651, -42.152291355794645 ], [ 173.936181937131323, -42.152898052160964 ], [ 173.936452098266216, -42.153517159972928 ], [ 173.93682854259967, -42.154130709557215 ], [ 173.93728684476099, -42.154722651253806 ], [ 173.937732835775677, -42.155305595617868 ], [ 173.938199949642694, -42.15587568985206 ], [ 173.938592891669373, -42.156468399420326 ], [ 173.938862243969027, -42.157076625834435 ], [ 173.939167331457696, -42.157681646627509 ] ] } },
{ "type": "Feature", "properties": { "group_id": "nzd0384" }, "geometry": { "type": "LineString", "coordinates": [ [ 173.903087982628477, -42.183914801710912 ], [ 173.902313852352876, -42.18425263723713 ], [ 173.90153610513056, -42.184586079475864 ], [ 173.900768820594777, -42.18493222253408 ], [ 173.899996305775232, -42.185272013585305 ], [ 173.899250241072707, -42.185643916544564 ], [ 173.898497887579055, -42.186008182616078 ], [ 173.897758869062784, -42.186392083713329 ], [ 173.897009748966667, -42.186765936537661 ], [ 173.896268226273463, -42.187145162848545 ], [ 173.895501627896351, -42.187494139813509 ], [ 173.894761690232173, -42.187875335105929 ], [ 173.894046833046247, -42.188288042832035 ], [ 173.893287190746321, -42.188659552154618 ], [ 173.892592240484134, -42.189081411662713 ], [ 173.891890996601234, -42.189497747396224 ], [ 173.891189706228005, -42.189914039382273 ], [ 173.890489529582879, -42.190331305390394 ], [ 173.889796212348216, -42.190754585698976 ], [ 173.889107817169702, -42.191182180878428 ], [ 173.888436129898707, -42.191624429920267 ], [ 173.88778219013787, -42.192082244948764 ], [ 173.887141219453667, -42.192551434270143 ], [ 173.886520011212752, -42.193037957363153 ], [ 173.885909716012122, -42.193531866229073 ], [ 173.885334003414442, -42.194040321372441 ], [ 173.884722807712421, -42.194525151367372 ], [ 173.884153029609422, -42.195041333868268 ], [ 173.88360058612551, -42.195569421084883 ], [ 173.883028246431877, -42.196083840673573 ], [ 173.882455787004176, -42.196598261218782 ], [ 173.881937135516324, -42.197149694340212 ], [ 173.881421450262735, -42.197703077661217 ], [ 173.880983563503804, -42.198286221041251 ], [ 173.880625649561324, -42.198829040825835 ], [ 173.880476519927555, -42.199473044136127 ], [ 173.88022573988556, -42.200179515548541 ], [ 173.879802875789153, -42.200836903707092 ], [ 173.879297502076497, -42.201375574249724 ], [ 173.878862507421786, -42.201901721429095 ], [ 173.878595926532171, -42.202267648286075 ], [ 173.878316241569337, -42.202637751995489 ], [ 173.87799010812418, -42.203196300853854 ], [ 173.877867155717354, -42.203808562991142 ] ] } },
{ "type": "Feature", "properties": { "group_id": "nzd0385" }, "geometry": { "type": "LineString", "coordinates": [ [ 171.303699204082108, -42.270934080827409 ], [ 171.304113564530041, -42.270339019241831 ], [ 171.304365492296171, -42.269699172082611 ], [ 171.304637252709142, -42.269064786109254 ], [ 171.304770751440003, -42.268391448299909 ], [ 171.305013116891104, -42.267751017950836 ], [ 171.305247744090764, -42.267108089062965 ], [ 171.305333036225136, -42.26644071174595 ], [ 171.305518249210422, -42.265790188797645 ], [ 171.305737309983499, -42.265145375806888 ], [ 171.305932126472925, -42.264496363844579 ], [ 171.306148859966953, -42.263849459033906 ], [ 171.306364581639798, -42.263202664470747 ], [ 171.306445490221392, -42.262538149235517 ], [ 171.306554305960418, -42.26187729400872 ], [ 171.306733414463054, -42.261225668192331 ], [ 171.306916266627326, -42.260574527466126 ], [ 171.307239406789961, -42.259941813238967 ], [ 171.307289893838629, -42.259273266609362 ], [ 171.307467479779206, -42.258621413472092 ], [ 171.307435808840808, -42.257942057619381 ], [ 171.307572034976488, -42.257284193679979 ], [ 171.30763199921023, -42.256617885835631 ], [ 171.307757235429932, -42.255959555028262 ], [ 171.307896718853186, -42.255302715834517 ], [ 171.308012351230019, -42.254643367136879 ], [ 171.308083198868047, -42.253979312398215 ], [ 171.308232886717349, -42.253323523258295 ], [ 171.30829256707375, -42.252658282935364 ], [ 171.308380434176854, -42.251995993264352 ], [ 171.308567993982052, -42.251344157312616 ], [ 171.308697633129839, -42.250685254475627 ], [ 171.308778580720258, -42.250021961047644 ], [ 171.308803115255984, -42.249356511952186 ], [ 171.308932930120079, -42.248695810067268 ], [ 171.309014155895056, -42.248033172535784 ], [ 171.30906418735708, -42.247369289839121 ], [ 171.309112834415913, -42.246705345194449 ], [ 171.309178057657078, -42.246042051486008 ], [ 171.309240716272484, -42.245378648981237 ], [ 171.309295712701413, -42.244714935353379 ], [ 171.309307049911467, -42.24404948183598 ], [ 171.309405399928977, -42.24338747496811 ], [ 171.309507810721414, -42.242725622247953 ], [ 171.309446742670389, -42.242057273921326 ], [ 171.309429437151465, -42.241390655528619 ], [ 171.309468042040436, -42.240726249310129 ], [ 171.30951161844871, -42.240062033422539 ], [ 171.309499131483562, -42.239395585264838 ], [ 171.309471428372774, -42.238728573174001 ], [ 171.309522845216804, -42.238068715575025 ], [ 171.309549137635059, -42.237405143889369 ], [ 171.309594826758968, -42.236739304071051 ], [ 171.309629626030329, -42.236072471551758 ], [ 171.309710887316783, -42.235409837719153 ], [ 171.309837667262627, -42.234751317231982 ], [ 171.310038900213073, -42.234099529154875 ], [ 171.310094218542531, -42.233434526264176 ], [ 171.310172017053787, -42.232771551288756 ], [ 171.310386348006176, -42.232120928067339 ], [ 171.310836112422294, -42.231491608308964 ], [ 171.310763571780484, -42.230815004633506 ], [ 171.310979218770882, -42.230164479576182 ], [ 171.311205163107473, -42.229514879578609 ], [ 171.311407684704903, -42.228863152476166 ], [ 171.311666501634704, -42.228216513854044 ], [ 171.31180531386758, -42.227570177309673 ], [ 171.311982438982113, -42.226928717539629 ], [ 171.312191103770317, -42.226279679566836 ], [ 171.312393471619288, -42.22562988096832 ], [ 171.312556460149011, -42.224975520131579 ], [ 171.312583746215552, -42.224305454405943 ], [ 171.312682789391886, -42.223643682614259 ], [ 171.312796859709636, -42.222983642290181 ], [ 171.312949002810683, -42.222327999406353 ], [ 171.313063009989435, -42.221667938036255 ], [ 171.313140195176373, -42.221003610132158 ], [ 171.313307133347848, -42.220349658189924 ], [ 171.313362105584503, -42.219682746842707 ], [ 171.31342691324167, -42.219016966340803 ], [ 171.313503349457903, -42.218352524148621 ], [ 171.313512983177816, -42.217680346916183 ], [ 171.313599300103192, -42.21701703389995 ], [ 171.313672861528829, -42.216352238320468 ], [ 171.313693184700327, -42.215675933097074 ], [ 171.313771526985363, -42.214997923563715 ], [ 171.313847054032379, -42.214325059741583 ], [ 171.313872506771418, -42.21365944010514 ], [ 171.313985261381617, -42.212998437621835 ], [ 171.31406795672433, -42.212335835992938 ], [ 171.314063389059186, -42.211668605315715 ], [ 171.314105485066875, -42.211003839285496 ], [ 171.31412774226331, -42.210338015448222 ], [ 171.314198276660363, -42.209674741762612 ], [ 171.314108085695636, -42.20900294771107 ], [ 171.314092315288406, -42.20833508854323 ], [ 171.314112724817903, -42.20766913880373 ], [ 171.31409097631186, -42.207000948918314 ], [ 171.314032905778163, -42.2063308279387 ], [ 171.314084317590897, -42.205666499417077 ], [ 171.314240753381057, -42.205007727220412 ], [ 171.314346317269013, -42.204345484655185 ], [ 171.31428521105039, -42.203674848740256 ], [ 171.314343342067502, -42.203010381671653 ], [ 171.314403223328526, -42.202346403329152 ], [ 171.314469483546219, -42.201682664802121 ], [ 171.314544080184561, -42.201019241824355 ], [ 171.314597875093085, -42.200355006982157 ], [ 171.314620158686949, -42.199689545907901 ], [ 171.314680567816481, -42.199025552987351 ], [ 171.314733099573886, -42.198361248276392 ], [ 171.314767065623329, -42.197696218227151 ], [ 171.314841500075005, -42.197032746970272 ], [ 171.314872423194458, -42.196367585191425 ], [ 171.314960359258777, -42.195704622325387 ], [ 171.314978420548073, -42.195038948913449 ], [ 171.3149666510202, -42.194372138994765 ], [ 171.315138831065127, -42.193723367194352 ], [ 171.315091477959811, -42.193060032659297 ], [ 171.315103838477853, -42.192390973415165 ], [ 171.315131920063919, -42.191723286831113 ], [ 171.315264295462583, -42.191064746129257 ], [ 171.315349328414754, -42.190402043718379 ], [ 171.315435640695085, -42.189739446645667 ], [ 171.315603405741143, -42.189083990975064 ], [ 171.31568374639042, -42.188420855980091 ], [ 171.315864518821741, -42.18776652797613 ], [ 171.316034908193018, -42.187111281797272 ], [ 171.316104328336678, -42.1864471676652 ], [ 171.316222138744081, -42.185787293318839 ], [ 171.316340914569992, -42.185127496770185 ], [ 171.316452040390715, -42.18446702193085 ], [ 171.31671613782072, -42.183822232030202 ], [ 171.31681696942303, -42.183176581725483 ], [ 171.316976028047378, -42.18253495529293 ], [ 171.317052028737777, -42.181868358982342 ], [ 171.317212580856705, -42.181213461238876 ], [ 171.317416925104993, -42.180564619358393 ], [ 171.317612201570171, -42.179914515326928 ], [ 171.31778103561831, -42.179260743771081 ], [ 171.317994398000792, -42.178613130002603 ], [ 171.318008856149476, -42.177937972673611 ], [ 171.318134676999705, -42.177278225802411 ], [ 171.318269966160472, -42.176619782934964 ], [ 171.318402244165469, -42.175960916367927 ], [ 171.318498299859442, -42.175297028156166 ], [ 171.318649682068383, -42.174640792827866 ], [ 171.318862699157762, -42.173993083812562 ], [ 171.318846943052563, -42.173313695075905 ], [ 171.318908510248434, -42.172639363137648 ], [ 171.318952929532657, -42.171961378505905 ], [ 171.319004579889679, -42.17128955440473 ], [ 171.319093806886428, -42.170625790520461 ], [ 171.319307012236777, -42.169965348522496 ], [ 171.319282554125294, -42.169298517999593 ], [ 171.319293435292423, -42.168632629349602 ], [ 171.319275256240957, -42.167965953396816 ], [ 171.319300844385282, -42.167300445634538 ], [ 171.319429334805818, -42.166637693862441 ], [ 171.319466902697059, -42.165972493745244 ], [ 171.319468349785581, -42.165306316775116 ], [ 171.319500210576962, -42.164640949414007 ], [ 171.319497486156763, -42.16397464642796 ], [ 171.319497607510641, -42.163308412843612 ], [ 171.319495573563643, -42.162642114380034 ], [ 171.319470502351351, -42.16197522499732 ], [ 171.31954008432109, -42.161328169815874 ], [ 171.319610528430218, -42.160680679331449 ], [ 171.319629771148186, -42.160010538822121 ], [ 171.319648611385816, -42.159340350249096 ], [ 171.319721829566731, -42.158675699632603 ], [ 171.319839491249894, -42.158015574043468 ], [ 171.319919777797452, -42.15735163036004 ], [ 171.319889011603891, -42.156676355413161 ], [ 171.320018640505907, -42.156017429429966 ], [ 171.320229282680515, -42.155366757710411 ], [ 171.320257825913984, -42.154697509926358 ], [ 171.320425355428767, -42.154042428111566 ], [ 171.320643053298681, -42.153392455201129 ], [ 171.320819273489718, -42.152738245776447 ], [ 171.320988915704532, -42.152083358675561 ], [ 171.321130483235208, -42.15142959077275 ], [ 171.321391020293333, -42.150836417945889 ], [ 171.321735161809073, -42.150267712109937 ], [ 171.32189236066921, -42.149597382450786 ], [ 171.322121282446545, -42.148948198397584 ], [ 171.32245125879615, -42.148328810669888 ], [ 171.322754272506756, -42.147701465112398 ], [ 171.32308979726173, -42.147083701478309 ], [ 171.323461238114447, -42.146476524014787 ], [ 171.323782583630674, -42.145854566487998 ], [ 171.324086362941699, -42.14522742225337 ], [ 171.324403952871592, -42.144604344893168 ], [ 171.324700508135749, -42.143975057878592 ], [ 171.325006458347019, -42.143348535476306 ], [ 171.325270962256326, -42.142709783536674 ] ] } },
{ "type": "Feature", "properties": { "group_id": "nzd0386" }, "geometry": { "type": "LineString", "coordinates": [ [ 173.864358942186129, -42.217749574489289 ], [ 173.863448357994628, -42.217788505458415 ], [ 173.86267378584094, -42.217872662449281 ], [ 173.861991379072691, -42.218116357974523 ], [ 173.861250681052809, -42.21838797355263 ], [ 173.860568625916528, -42.218758504103938 ], [ 173.859966665218565, -42.219269171633179 ], [ 173.859415968602434, -42.2197255575255 ], [ 173.858796838971813, -42.220111563460932 ] ] } },
{ "type": "Feature", "properties": { "group_id": "nzd0387" }, "geometry": { "type": "LineString", "coordinates": [ [ 173.769485979117889, -42.278945469286413 ], [ 173.768840965296732, -42.279410316936776 ], [ 173.768531263665125, -42.280167625840981 ], [ 173.767872625508971, -42.280620585581467 ], [ 173.76719499347098, -42.281056975876083 ], [ 173.766544800122119, -42.281519798323252 ], [ 173.765846265707637, -42.2819438945548 ], [ 173.765140422727598, -42.282361203053803 ], [ 173.764487029113894, -42.282817313395029 ], [ 173.763820563516532, -42.283263018600351 ], [ 173.763224941163656, -42.283765711402893 ], [ 173.762554448539873, -42.28421231322654 ], [ 173.761845910136572, -42.284631330067931 ], [ 173.761302489945791, -42.285169145804986 ], [ 173.760767597954612, -42.285713266617286 ], [ 173.760096705785259, -42.286156782522298 ], [ 173.759421865700261, -42.286597374453386 ], [ 173.75881905180654, -42.287094759001732 ], [ 173.758228217701458, -42.287598933829806 ], [ 173.757669723712866, -42.288120459467031 ], [ 173.757106531808603, -42.288638254118446 ], [ 173.756542755696245, -42.289155706259798 ], [ 173.75598543247304, -42.289676889566508 ], [ 173.755416895355637, -42.290193285756601 ], [ 173.754876229812623, -42.290726786548248 ], [ 173.754340536963383, -42.291261955810263 ], [ 173.753846680002198, -42.291817318686881 ], [ 173.753353735565412, -42.292373147423085 ], [ 173.752859867470136, -42.292928495158939 ], [ 173.752433779111783, -42.293517694441967 ], [ 173.751967611055818, -42.294081849184231 ], [ 173.751496521193076, -42.294646828407899 ], [ 173.751067230073687, -42.295230047113634 ], [ 173.750579827096914, -42.29579207704959 ], [ 173.750209897376607, -42.296398535898952 ], [ 173.749865918788657, -42.297012669177342 ], [ 173.749500695097367, -42.29761956053499 ], [ 173.749152677447967, -42.298235548748146 ], [ 173.748769377707049, -42.298834233569039 ], [ 173.748468861835079, -42.299441340991692 ], [ 173.74821387528263, -42.300059412355402 ], [ 173.747950878993208, -42.300682313547355 ], [ 173.747806208525759, -42.301333049272273 ], [ 173.747722577125757, -42.301966282288305 ], [ 173.747831974608545, -42.302572046708718 ], [ 173.748024391544874, -42.303157600315387 ], [ 173.748456187598265, -42.303686482796657 ], [ 173.749077715349472, -42.304137433509297 ], [ 173.7498014995451, -42.304509444676306 ], [ 173.750601088624563, -42.304806782661949 ] ] } },
{ "type": "Feature", "properties": { "group_id": "nzd0388" }, "geometry": { "type": "LineString", "coordinates": [ [ 171.279548310916084, -42.314582048945766 ], [ 171.279871976295226, -42.313962409280485 ], [ 171.280281505877156, -42.313366357281701 ], [ 171.280563178743478, -42.31273259603568 ], [ 171.280875009848558, -42.312102693176207 ], [ 171.281148713735064, -42.311471024698989 ], [ 171.281476904325785, -42.3108645892802 ], [ 171.281759018997889, -42.310243282478268 ], [ 171.28207323940336, -42.309620923049224 ], [ 171.282292938675596, -42.308973656932814 ], [ 171.282498462419255, -42.308321913256286 ], [ 171.282720483117799, -42.307671320998793 ], [ 171.282898932422512, -42.307014799049263 ], [ 171.283082080295827, -42.306363075012321 ], [ 171.283258814047855, -42.305710036658844 ], [ 171.283447187400157, -42.305060028693227 ], [ 171.283657228774388, -42.304415624296176 ], [ 171.283754747258627, -42.303754342033052 ], [ 171.283945374723999, -42.303104164560793 ], [ 171.284049852790304, -42.302443722834681 ], [ 171.284165743704364, -42.301784633106443 ], [ 171.284359770869287, -42.301134839882273 ] ] } },
{ "type": "Feature", "properties": { "group_id": "nzd0390" }, "geometry": { "type": "LineString", "coordinates": [ [ 173.740771540548081, -42.327172697568749 ], [ 173.740096400225156, -42.327620467551462 ], [ 173.739376675607645, -42.328019292060489 ], [ 173.738635917631882, -42.328395024442464 ], [ 173.737873084770058, -42.328732898403388 ], [ 173.737110671877133, -42.329070429861858 ], [ 173.736306468427813, -42.329367023058317 ], [ 173.735527062145053, -42.329702709452327 ], [ 173.734754797241152, -42.3300490626605 ], [ 173.733995046566434, -42.330406339148333 ], [ 173.733204716467355, -42.330724852943909 ], [ 173.732404487712245, -42.331028702692926 ], [ 173.731636146050789, -42.331359439511523 ], [ 173.730851327535845, -42.331672065306186 ], [ 173.73006211245891, -42.33198925508762 ], [ 173.729283116655381, -42.332320289541514 ], [ 173.728513197505606, -42.332676740738307 ], [ 173.727767626078361, -42.333062347871127 ], [ 173.727004616108559, -42.333422776599996 ], [ 173.726261723606086, -42.333797136224121 ], [ 173.725536930832817, -42.33418947292148 ], [ 173.724839756820643, -42.334609242975532 ], [ 173.724139122862766, -42.335026590454724 ], [ 173.723446224655873, -42.335451953891962 ], [ 173.722727303161292, -42.335851070555712 ], [ 173.722024603272985, -42.33626485570651 ], [ 173.721360389380834, -42.336715433760247 ], [ 173.7206620575611, -42.337133390293616 ], [ 173.719966305435292, -42.337553818415401 ], [ 173.71926541452325, -42.337968715236187 ], [ 173.718591193551532, -42.338407199141962 ], [ 173.717885765876503, -42.338819405926372 ], [ 173.717224835402646, -42.339269560595682 ], [ 173.716552999871197, -42.339710411615727 ], [ 173.715877478377905, -42.340148115994253 ], [ 173.715181318783408, -42.340568215308359 ], [ 173.714508990459507, -42.341009202341858 ], [ 173.713835090750763, -42.341449896988728 ], [ 173.713120544395366, -42.341853022692931 ], [ 173.712441403380069, -42.342284740504454 ], [ 173.711771165000215, -42.34272156692785 ], [ 173.711082118210356, -42.343148623582053 ], [ 173.710351814068815, -42.34354483317756 ], [ 173.709672455913534, -42.34398042506821 ], [ 173.709006155611775, -42.344426007466453 ], [ 173.708328775973484, -42.344862350576719 ], [ 173.707662250643267, -42.345307062284313 ], [ 173.706970374758384, -42.345732483896633 ], [ 173.706330881173272, -42.34619902378774 ], [ 173.705696934295219, -42.346669914831651 ], [ 173.705039793758345, -42.347132440831423 ], [ 173.704402971576201, -42.347612258680677 ], [ 173.703789448659649, -42.348098298360483 ], [ 173.703177860998949, -42.348585224794164 ], [ 173.702600286288799, -42.349093771074443 ], [ 173.701984997665619, -42.34957833654942 ], [ 173.701385331001887, -42.350073425417492 ], [ 173.700791144714941, -42.350574395500487 ], [ 173.700210172240247, -42.351083149012595 ], [ 173.69970692104323, -42.351637154416018 ], [ 173.699171957384664, -42.352171730567449 ], [ 173.698591211259014, -42.352684144255086 ], [ 173.698069895708414, -42.353231085681436 ], [ 173.697527620895016, -42.353761763584721 ], [ 173.697041439840774, -42.354320754909416 ], [ 173.69656325032301, -42.354885622120307 ], [ 173.696104443201705, -42.355459207866517 ], [ 173.695614130268638, -42.356017649492109 ], [ 173.695157596063382, -42.356589369207605 ], [ 173.694679659298004, -42.357151888114217 ], [ 173.694213017551334, -42.35771925471763 ], [ 173.693811115825241, -42.358314431568516 ], [ 173.693380550530577, -42.358897287900021 ], [ 173.692973444723805, -42.359490002640086 ], [ 173.692613769884275, -42.360098437089974 ], [ 173.692163256247284, -42.360674831452343 ], [ 173.691772743974155, -42.361272603789068 ], [ 173.691447874922801, -42.361893047607261 ], [ 173.691060916733903, -42.362490957865319 ], [ 173.690707452067926, -42.363100744027854 ], [ 173.690401710705686, -42.363725757596761 ], [ 173.690025092372963, -42.364328800204426 ], [ 173.68972344401169, -42.364955070232526 ], [ 173.689359244800698, -42.365560345495787 ], [ 173.689025275078222, -42.366174302987481 ], [ 173.688710874700917, -42.366795579360641 ], [ 173.688411483298154, -42.367421428961123 ], [ 173.688115463252984, -42.368048876965254 ], [ 173.687860333350443, -42.368688048635562 ], [ 173.687542526779168, -42.36930881663001 ], [ 173.68727907128229, -42.369942070367102 ], [ 173.687023750109518, -42.370565892996112 ], [ 173.68679738171457, -42.371198956742283 ], [ 173.686591078815979, -42.371844942155619 ], [ 173.686351249168212, -42.372484717345074 ], [ 173.686096882505325, -42.373121796116493 ], [ 173.685946862747556, -42.37377817606216 ], [ 173.685682793378817, -42.374415192081067 ], [ 173.685417497443154, -42.375051868627601 ], [ 173.685247358627407, -42.375705981397559 ], [ 173.685082290282452, -42.376357903774782 ], [ 173.684812653635021, -42.376985829147053 ], [ 173.68464393094095, -42.377634829107492 ], [ 173.684527460215094, -42.378294776596782 ], [ 173.684320963336319, -42.37893324629195 ], [ 173.68411058042858, -42.37957314478362 ], [ 173.684038121347157, -42.380238032052581 ], [ 173.683932126081316, -42.380891266941951 ], [ 173.683746024227503, -42.381529858773533 ], [ 173.683551251767767, -42.38217602778446 ], [ 173.683457508197648, -42.382836105444873 ], [ 173.683297610144052, -42.383489972639431 ], [ 173.683105675540531, -42.384140575659352 ], [ 173.68304730556855, -42.384801151287178 ], [ 173.682939049843299, -42.385457433668485 ], [ 173.68281938509574, -42.386115246392855 ], [ 173.682702706449106, -42.386772957070313 ], [ 173.682450374821371, -42.387420082108626 ], [ 173.682408550426828, -42.388084006462869 ], [ 173.68245339726181, -42.388746088510736 ], [ 173.682466113085923, -42.389401407268778 ], [ 173.682405172621372, -42.390062769039538 ], [ 173.682272952274872, -42.390722515323581 ], [ 173.682182338830899, -42.391383632431022 ], [ 173.682091247176544, -42.392043624249062 ], [ 173.68192814257975, -42.392700790775336 ], [ 173.681991420627611, -42.393363324592912 ], [ 173.681940057719203, -42.394026421921808 ], [ 173.681934398756368, -42.394689827678484 ], [ 173.681943855799091, -42.395353330746566 ], [ 173.68195746360422, -42.396010424050701 ], [ 173.682036077435384, -42.396657967345568 ], [ 173.682111797555478, -42.397313624220864 ], [ 173.682141380148465, -42.397976245765193 ], [ 173.682316618549919, -42.398621136392016 ], [ 173.682501815726226, -42.39926748335796 ], [ 173.682748551800302, -42.399890296318588 ], [ 173.683102238337426, -42.40046055572676 ], [ 173.683477342338222, -42.401045685092662 ], [ 173.683925871822623, -42.401602798253577 ], [ 173.684412258192111, -42.402141662172625 ], [ 173.684577181405302, -42.402869718238982 ], [ 173.684509589651555, -42.403565831034506 ] ] } },
{ "type": "Feature", "properties": { "group_id": "nzd0391" }, "geometry": { "type": "LineString", "coordinates": [ [ 173.684624857957544, -42.404976609091172 ], [ 173.684575028756115, -42.405649712512343 ], [ 173.684659801537549, -42.406314074506945 ], [ 173.684951493954372, -42.406949168864749 ], [ 173.685380365853376, -42.407532098760448 ], [ 173.685841717431146, -42.408100170434544 ], [ 173.686350495592478, -42.408646261356978 ], [ 173.68687135954562, -42.409192920616455 ], [ 173.687243501934091, -42.40979484579249 ], [ 173.687805592274401, -42.410308563619758 ], [ 173.688349110557226, -42.410845947534341 ], [ 173.688792996273889, -42.411410705964322 ], [ 173.689256223856404, -42.411933108265835 ], [ 173.689863976807942, -42.41238639412596 ], [ 173.690681820665162, -42.412740919016663 ], [ 173.691104594600233, -42.413366232966318 ], [ 173.691625217441754, -42.413890070874238 ], [ 173.69226886889814, -42.414328230819876 ], [ 173.692969431788441, -42.414708509468319 ], [ 173.693721158402099, -42.415052504703311 ], [ 173.694528947735762, -42.41535961186483 ], [ 173.695428887293588, -42.415410487121115 ] ] } },
{ "type": "Feature", "properties": { "group_id": "nzd0392" }, "geometry": { "type": "LineString", "coordinates": [ [ 171.206546241060863, -42.423152144629206 ], [ 171.206766694642681, -42.422507818517325 ], [ 171.2069954649875, -42.421865485115546 ], [ 171.207222182154879, -42.421222651714039 ], [ 171.20746895919828, -42.420584633877361 ], [ 171.207722929861319, -42.419948338833052 ], [ 171.20799609722161, -42.419316651927026 ], [ 171.208206121134737, -42.41866977999252 ], [ 171.20841354989264, -42.418027393536562 ], [ 171.208653153159844, -42.417393489936487 ], [ 171.208810480974847, -42.416739767093695 ], [ 171.208945884751387, -42.416081855404556 ], [ 171.209134267606601, -42.415433290252608 ], [ 171.209353733971056, -42.41479020612271 ], [ 171.209541558334195, -42.414141529012774 ], [ 171.209676986859648, -42.41348359481281 ], [ 171.209877288002758, -42.412837107065542 ], [ 171.210124669282294, -42.412198924605718 ], [ 171.210383149769939, -42.411562695039969 ], [ 171.210623613412963, -42.410923277960379 ], [ 171.210801638919122, -42.410272830818485 ], [ 171.211079872264548, -42.409640068636129 ], [ 171.211350579524492, -42.409005971060573 ], [ 171.211562471367557, -42.408361115355845 ], [ 171.211768326308032, -42.407714939416906 ], [ 171.2119330595267, -42.407062810459237 ], [ 171.212080599361002, -42.406408086026609 ], [ 171.212262925797177, -42.405758663283102 ], [ 171.212470525466244, -42.405113090506916 ], [ 171.212585620619819, -42.404453394656528 ], [ 171.212733546361193, -42.403798702006291 ], [ 171.212866287305189, -42.40314168532241 ], [ 171.213058907370026, -42.402493825268181 ], [ 171.213268555679889, -42.401848738983823 ], [ 171.213420774751853, -42.401194417390776 ], [ 171.213566278496387, -42.400539008287488 ], [ 171.213736063829828, -42.399887484937388 ], [ 171.213892737771829, -42.39923385297763 ], [ 171.21408813766439, -42.398586422365177 ], [ 171.214206038374215, -42.397926561198403 ], [ 171.214362012869771, -42.397271312667399 ], [ 171.214530960617424, -42.396616149430443 ], [ 171.214728022037349, -42.39596694719021 ], [ 171.214900298141202, -42.39531394225348 ], [ 171.215097158804809, -42.394665934054025 ], [ 171.215324851579197, -42.394024194138403 ], [ 171.215589281672692, -42.393389924367078 ], [ 171.215780953378527, -42.392740840374074 ], [ 171.215957415794605, -42.392088654375101 ] ] } },
{ "type": "Feature", "properties": { "group_id": "nzd0393" }, "geometry": { "type": "LineString", "coordinates": [ [ 173.675499461930144, -42.415963975890854 ], [ 173.674883287374342, -42.415435179741245 ], [ 173.6741910190064, -42.414998998220689 ], [ 173.673417321754869, -42.414661923316579 ], [ 173.672603505179922, -42.414372039598661 ], [ 173.671800460045489, -42.414088160270815 ], [ 173.670954331362452, -42.413817342974461 ], [ 173.670113381895618, -42.413534474144441 ], [ 173.669182125976164, -42.413597180363787 ], [ 173.668212814308873, -42.413810394543191 ], [ 173.667337171910845, -42.413746038962039 ], [ 173.66645961037338, -42.413710586570041 ], [ 173.665570693172299, -42.413599290126712 ], [ 173.664682221688423, -42.413484018634733 ], [ 173.663786992637029, -42.413429152475892 ], [ 173.662914788150971, -42.413424070041785 ], [ 173.662074919137751, -42.413482546934368 ], [ 173.661170414309538, -42.413443985781647 ], [ 173.660306050303319, -42.413640320075302 ], [ 173.659423016752498, -42.413762121370645 ], [ 173.658542267275294, -42.413893042302817 ], [ 173.657657587135674, -42.414008269611713 ], [ 173.656757783880806, -42.414063110491057 ], [ 173.655851663995804, -42.41409280135575 ], [ 173.654948756892395, -42.414134179210471 ], [ 173.654104647241184, -42.414425913367531 ], [ 173.653192068937216, -42.414419038540522 ], [ 173.652289833750046, -42.414457414994075 ], [ 173.651358872003044, -42.414370073296723 ], [ 173.650486517497342, -42.414539200886452 ], [ 173.649609137590403, -42.414686339461298 ], [ 173.648726324162055, -42.414809700204962 ], [ 173.647841187373331, -42.414922893025377 ], [ 173.646960064458227, -42.415053655058294 ], [ 173.64606323538797, -42.415151629069392 ], [ 173.645166309099324, -42.415281797413911 ], [ 173.644316596143682, -42.415499787023826 ], [ 173.643461516278421, -42.415703455290604 ], [ 173.642590272871757, -42.415872461970785 ], [ 173.641736402830873, -42.416078721795714 ], [ 173.640911748792291, -42.416347632663268 ], [ 173.640084390101066, -42.416610744674919 ], [ 173.639247074675978, -42.416852505370102 ], [ 173.638384878538403, -42.417040908393524 ], [ 173.63754799578976, -42.417283596662408 ], [ 173.636691663846364, -42.417484573952819 ], [ 173.635843036165483, -42.417702073166161 ], [ 173.634999737744465, -42.417931001515747 ], [ 173.634149502490686, -42.418144982197717 ], [ 173.633300170025052, -42.418360793111177 ], [ 173.632489639849211, -42.418660410253132 ], [ 173.63164453601749, -42.418885526408097 ], [ 173.630791265119228, -42.419093017714026 ], [ 173.629949594328195, -42.419325541742715 ], [ 173.629059719620699, -42.419454037374784 ], [ 173.628210715879135, -42.419670734126278 ], [ 173.627360798848969, -42.419885459298264 ], [ 173.626492046315803, -42.420059532799876 ], [ 173.625627401015691, -42.420242468608585 ], [ 173.62475971179407, -42.420418832906272 ], [ 173.623895904659747, -42.420604551997961 ], [ 173.623065122704389, -42.4208649496953 ], [ 173.622211076353722, -42.421076132035495 ], [ 173.621334406503109, -42.421239029495652 ], [ 173.62048237588283, -42.421450395856553 ], [ 173.619644083111069, -42.421688787271712 ], [ 173.618786688123265, -42.421889597599595 ], [ 173.617949675421585, -42.422130505604123 ], [ 173.617101993184917, -42.422350421834672 ], [ 173.61623161495055, -42.422525683914344 ], [ 173.615397246836068, -42.422771792154833 ], [ 173.614568263431693, -42.423028494476341 ], [ 173.613708413783911, -42.423224466431812 ], [ 173.612881615691691, -42.423485467538988 ], [ 173.612042396372999, -42.423722028809095 ], [ 173.611192096368882, -42.423936786745124 ], [ 173.610374800605456, -42.424226120580627 ], [ 173.609534930334348, -42.424472738179006 ], [ 173.60868760149566, -42.42469793845806 ], [ 173.607850583309698, -42.424939291285128 ], [ 173.607027614820623, -42.425205285423118 ], [ 173.606198842933736, -42.425461099719001 ], [ 173.605360401385838, -42.425699952246205 ], [ 173.604538159084228, -42.425967217461064 ], [ 173.603702859665958, -42.426211578924118 ], [ 173.602875043578763, -42.426469065511171 ], [ 173.602029149610416, -42.426694840397445 ], [ 173.601179402898794, -42.426913855124909 ], [ 173.6003380530492, -42.427156473926367 ], [ 173.599505787660433, -42.427425853459177 ], [ 173.598672203673232, -42.427686270297038 ], [ 173.597845450740266, -42.427946965648957 ], [ 173.597027355085885, -42.428221098781187 ], [ 173.596196367749542, -42.428475217101976 ], [ 173.595378676229615, -42.428751438990354 ], [ 173.594524388575849, -42.429030214739861 ], [ 173.593736909988422, -42.429399454361217 ], [ 173.592974617270102, -42.42975024556597 ], [ 173.592216270022277, -42.430156678091393 ], [ 173.591494746104701, -42.430612565591836 ], [ 173.59084433450596, -42.431105559663088 ], [ 173.590272858871629, -42.43168507856231 ], [ 173.589990534326489, -42.432366797215792 ] ] } },
{ "type": "Feature", "properties": { "group_id": "nzd0394" }, "geometry": { "type": "LineString", "coordinates": [ [ 173.531655986377132, -42.47723643739991 ], [ 173.531028685231092, -42.477710870642817 ], [ 173.530407462152539, -42.478194263290519 ], [ 173.529684891618842, -42.478635619813325 ], [ 173.529073653340532, -42.479182116001169 ], [ 173.528752136797664, -42.479858154320418 ], [ 173.528068231630016, -42.480499078756417 ] ] } },
{ "type": "Feature", "properties": { "group_id": "nzd0395" }, "geometry": { "type": "LineString", "coordinates": [ [ 171.173499584177051, -42.493750960390543 ], [ 171.173813613282277, -42.493128969109527 ], [ 171.174158543131199, -42.492517180310742 ], [ 171.174414018391673, -42.491875832982586 ], [ 171.174689584096427, -42.491241116712146 ], [ 171.174981439473953, -42.490611775938689 ], [ 171.175265012340532, -42.48997969284224 ], [ 171.175590800089651, -42.489361550221872 ], [ 171.175880657760018, -42.488731531381411 ], [ 171.176150072356734, -42.488094752663891 ], [ 171.176420846812675, -42.487458417105536 ], [ 171.176786270459559, -42.486855762698021 ], [ 171.177082642552136, -42.486234785532282 ], [ 171.177469071902919, -42.485635415189201 ], [ 171.177795061797525, -42.485017961851824 ], [ 171.178145438972933, -42.484406979709114 ], [ 171.178530642841707, -42.483805241536224 ], [ 171.178843514450193, -42.483184285152554 ], [ 171.179177698672447, -42.482568983301142 ], [ 171.179462860952384, -42.48194065459559 ], [ 171.179795268910937, -42.481324868453484 ], [ 171.180057949421496, -42.480690555853144 ], [ 171.180298856104002, -42.480050453589108 ], [ 171.180628807717738, -42.479433996252823 ], [ 171.180896694515752, -42.478801047586984 ], [ 171.181110990969103, -42.478153858364216 ], [ 171.181374441203332, -42.477519718626311 ], [ 171.181645184502855, -42.476887509713478 ], [ 171.181912588242028, -42.476254407459365 ], [ 171.182189512055288, -42.47562382757706 ], [ 171.182378744124179, -42.47497159177442 ], [ 171.182659797127712, -42.47434512902106 ], [ 171.18286938100124, -42.47370106918617 ], [ 171.183169687076742, -42.473075382304259 ], [ 171.183430024474632, -42.47244122742881 ], [ 171.183593798800814, -42.471786623273069 ], [ 171.183933040099248, -42.471169159619755 ], [ 171.184224371973471, -42.47054154683979 ], [ 171.184425470873265, -42.46989482486611 ], [ 171.184723209930638, -42.469268555500179 ], [ 171.185021504761238, -42.468642397282458 ], [ 171.185234810032199, -42.467998239879869 ] ] } },
{ "type": "Feature", "properties": { "group_id": "nzd0396" }, "geometry": { "type": "LineString", "coordinates": [ [ 173.509607144132417, -42.505341014830911 ], [ 173.509257159948703, -42.505951414544803 ], [ 173.508931338185306, -42.50656857912265 ], [ 173.508655378721187, -42.507199710273561 ], [ 173.508397398216886, -42.507845499504505 ], [ 173.508148128757796, -42.508493794084828 ], [ 173.507875848491523, -42.509131818065903 ], [ 173.507676949564228, -42.509786188122661 ], [ 173.507488270622787, -42.510440566123634 ], [ 173.507293785970319, -42.511087627242318 ], [ 173.507064838360037, -42.511730981485329 ], [ 173.506829000827224, -42.512373683793356 ] ] } },
{ "type": "Feature", "properties": { "group_id": "nzd0397" }, "geometry": { "type": "LineString", "coordinates": [ [ 173.502210856582394, -42.525960781184423 ], [ 173.502156516320269, -42.526622091179235 ], [ 173.502143156646071, -42.52728640070174 ], [ 173.502024447611916, -42.527945067012176 ], [ 173.501921884605821, -42.528615975310665 ], [ 173.501943201184588, -42.529289699875847 ], [ 173.501950915842485, -42.529963723574767 ], [ 173.501916104383412, -42.530639126213984 ] ] } },
{ "type": "Feature", "properties": { "group_id": "nzd0399" }, "geometry": { "type": "LineString", "coordinates": [ [ 173.504986289210649, -42.563778513925406 ], [ 173.50385305879098, -42.563766034438629 ], [ 173.502797159811649, -42.564131470722806 ], [ 173.50186587983697, -42.564368175047797 ], [ 173.501445070745149, -42.565110366434737 ], [ 173.50089288852169, -42.565715975738712 ], [ 173.500318252531656, -42.566252557530241 ], [ 173.499711478379965, -42.566740420687459 ], [ 173.49904864414296, -42.567190339114866 ], [ 173.498330038068559, -42.567614043097777 ], [ 173.497677499210255, -42.568089422880135 ], [ 173.497140207641365, -42.568650095878873 ], [ 173.496585450205544, -42.569226062951167 ], [ 173.496048938297861, -42.569795853741695 ], [ 173.495549290519136, -42.570348056392568 ], [ 173.495151576269137, -42.570942238689113 ], [ 173.494817087830739, -42.571566207664148 ], [ 173.494420954117459, -42.572185237117459 ], [ 173.49398776313592, -42.572788229764384 ], [ 173.493693817638416, -42.57341561840245 ], [ 173.493362652757241, -42.574023287220733 ], [ 173.492914481596756, -42.574584231039964 ], [ 173.492384637896237, -42.575121503163757 ], [ 173.491967450437244, -42.575724278679161 ], [ 173.491596610480116, -42.576363117242629 ], [ 173.491370281809111, -42.577026939912642 ], [ 173.490949942901324, -42.577605161172272 ], [ 173.490573335533185, -42.578148470952542 ], [ 173.490241389451484, -42.578725212036062 ], [ 173.489754036201134, -42.579280801647876 ], [ 173.489325380255309, -42.579805395200587 ], [ 173.488730954396885, -42.580240181718629 ], [ 173.488123369353616, -42.580719409776442 ], [ 173.487514694192242, -42.581166668275948 ], [ 173.486865123317557, -42.581593222973368 ], [ 173.486318793287296, -42.582123671604329 ], [ 173.485753179102829, -42.582679001932789 ], [ 173.485197662985769, -42.583292273842957 ], [ 173.484714032957044, -42.583907613920282 ], [ 173.484273730415026, -42.584484147308054 ], [ 173.483906548848978, -42.585107216485859 ], [ 173.48358438182234, -42.585751089462491 ], [ 173.483232178898419, -42.586367794975239 ], [ 173.482880322521339, -42.586975825016225 ], [ 173.482518840149339, -42.587572819665077 ], [ 173.482197495660387, -42.588185183042256 ], [ 173.456673468667134, -42.633880980040743 ], [ 173.456355014190052, -42.634462908124661 ], [ 173.456021900350862, -42.635075338124629 ], [ 173.455645084526338, -42.635681877235591 ], [ 173.455319225358238, -42.636309422529642 ], [ 173.454957468263842, -42.636919192091305 ], [ 173.45461148029537, -42.637529059338135 ], [ 173.454190666207182, -42.638115943586854 ], [ 173.453835114396242, -42.638722862163839 ], [ 173.453529310253316, -42.639343571523241 ], [ 173.453210386074574, -42.639960018845592 ], [ 173.452872031755504, -42.640571878862239 ], [ 173.452556582347171, -42.641198074469301 ], [ 173.452271008348049, -42.641831884372721 ], [ 173.451885097440282, -42.642436642345075 ], [ 173.451543874016664, -42.643058010826444 ], [ 173.451234608718579, -42.643684687484942 ], [ 173.450915641231148, -42.644277921320167 ], [ 173.450565330185952, -42.644849349688307 ], [ 173.450257807761318, -42.645466237431648 ], [ 173.44991564930254, -42.646080618021941 ], [ 173.449540931850095, -42.646695401276695 ], [ 173.449231050145187, -42.647327644774428 ], [ 173.448925218128267, -42.647948927757838 ], [ 173.448582320110489, -42.648560132158998 ], [ 173.448269259019071, -42.649179438379441 ], [ 173.447881539301505, -42.649774237936548 ], [ 173.447595252567595, -42.650395145719983 ], [ 173.447291905630323, -42.651015743588573 ], [ 173.446952165416604, -42.651627396498746 ], [ 173.446599995870969, -42.652244229796132 ], [ 173.44630613488394, -42.652877305196355 ], [ 173.44597440569072, -42.653492095181321 ], [ 173.445629092927931, -42.654090549713025 ], [ 173.445291537053919, -42.654686243819221 ], [ 173.445009719018003, -42.655313836967885 ], [ 173.444670366970627, -42.655925804151501 ], [ 173.444304856727143, -42.656537121518589 ], [ 173.444016121426159, -42.657172709507904 ], [ 173.443724075799366, -42.657798053657189 ], [ 173.443358133926978, -42.658394576613439 ], [ 173.443054288371997, -42.659010993139695 ], [ 173.442758829642202, -42.659637542328205 ], [ 173.442378560238865, -42.660245031200596 ], [ 173.442069257928949, -42.660872502696982 ], [ 173.441743885969686, -42.661487377583263 ], [ 173.441418138947967, -42.662092093274858 ], [ 173.441096869588137, -42.662699731687624 ], [ 173.440765887385311, -42.663314051807241 ], [ 173.440451164299304, -42.663933447727857 ], [ 173.440080127581325, -42.664536304590818 ], [ 173.439791004399609, -42.665169140209734 ], [ 173.439478205383296, -42.665793336353779 ], [ 173.439077807185413, -42.666389840072576 ], [ 173.438745300317834, -42.666998807062129 ], [ 173.438472759062734, -42.667622872992261 ], [ 173.438160193506093, -42.668240964033515 ], [ 173.437816770044918, -42.668851321625858 ], [ 173.43752074412609, -42.669475841030639 ], [ 173.43715722669819, -42.670080180214683 ], [ 173.436852924674923, -42.670702213679412 ], [ 173.436512930178736, -42.671313572162155 ], [ 173.436199136644461, -42.671933888896383 ], [ 173.435870498001265, -42.672550754110475 ], [ 173.435498647752183, -42.673154718430339 ], [ 173.435190684831184, -42.673775187159237 ], [ 173.434859061006904, -42.674389125906444 ], [ 173.434565527076273, -42.675013560719457 ], [ 173.434270078328154, -42.675637326129021 ], [ 173.433922589912754, -42.676246379500441 ], [ 173.433597404534453, -42.676861723317984 ], [ 173.433254822474254, -42.677472509148139 ], [ 173.432980667981212, -42.678102214671824 ], [ 173.432613996173558, -42.678704038094835 ], [ 173.43229600035923, -42.679319952527983 ], [ 173.431986620675872, -42.679940316401328 ], [ 173.431589556618434, -42.680535643763605 ], [ 173.431250479731887, -42.681149380111243 ], [ 173.430889836546413, -42.681756234709532 ], [ 173.430607055136193, -42.682383724546852 ], [ 173.430273852006906, -42.682997070299947 ], [ 173.42996311474451, -42.683616709214213 ], [ 173.429560124607463, -42.684204216655864 ], [ 173.429225584646844, -42.684807323337481 ], [ 173.428868152272599, -42.685410004964695 ], [ 173.428561617906325, -42.686033094588431 ], [ 173.428129539280576, -42.686613926752152 ], [ 173.427845416387896, -42.687246394053055 ], [ 173.427495609454638, -42.687858012080966 ], [ 173.427134508274435, -42.688464551059482 ], [ 173.426737531067744, -42.689058592975712 ], [ 173.426373037987389, -42.689662400254463 ], [ 173.426047555150603, -42.690277935924513 ], [ 173.425684097032075, -42.690880195945056 ], [ 173.42529338301685, -42.691467364292883 ], [ 173.424871733863512, -42.692044859665017 ], [ 173.424475245357769, -42.692637383941928 ], [ 173.42415378911312, -42.693256217510672 ], [ 173.423768202965903, -42.69385681083007 ], [ 173.423362215076537, -42.694451409648764 ], [ 173.423001534606556, -42.695056448185667 ], [ 173.42266333268546, -42.695668330849749 ], [ 173.422297451032165, -42.696271337289481 ], [ 173.421927382914106, -42.696873023807143 ], [ 173.421538357780889, -42.697471555671079 ], [ 173.421184684008551, -42.698081394066584 ], [ 173.420849166563613, -42.698693850017108 ], [ 173.420509150981758, -42.699304931703338 ], [ 173.420144403474808, -42.699908484316047 ], [ 173.419822893446764, -42.700525183146162 ], [ 173.419450899505222, -42.701126519572142 ], [ 173.419095804647895, -42.701732990468358 ], [ 173.418767800200328, -42.702348003029122 ], [ 173.41840622567824, -42.702955262655294 ], [ 173.418059545990928, -42.703566848577722 ], [ 173.417744959527056, -42.704185301553089 ], [ 173.417411460320352, -42.704798266772436 ], [ 173.417089862156132, -42.705414675320966 ], [ 173.416748723594083, -42.706025414232222 ], [ 173.41640392161554, -42.706633355278377 ], [ 173.416089153911116, -42.707247684358997 ], [ 173.415773976361749, -42.707864044293693 ], [ 173.41547839925218, -42.708488936907678 ], [ 173.415133578731798, -42.709098478479554 ], [ 173.414826797182144, -42.709719867593535 ], [ 173.414489970826736, -42.710331888327751 ], [ 173.414128828895571, -42.710940527835454 ], [ 173.41381550141935, -42.711564709747748 ], [ 173.413475309728057, -42.712178310132252 ], [ 173.413171798135608, -42.712795836341435 ], [ 173.412800005900152, -42.713392580815373 ], [ 173.412446268088814, -42.713998165585572 ], [ 173.412089512483078, -42.714604187207328 ], [ 173.4117840362143, -42.715225282978189 ], [ 173.411442094351543, -42.715835233237982 ], [ 173.411097280909161, -42.716444223814648 ], [ 173.410763469662982, -42.717056890700391 ], [ 173.410456038002451, -42.717677473837881 ], [ 173.410073192011112, -42.71827563930114 ], [ 173.409742489974207, -42.718887841930915 ], [ 173.409412565839034, -42.719498426552349 ], [ 173.409028191556558, -42.720093433345376 ], [ 173.408700743777018, -42.720708453969749 ], [ 173.408358792840914, -42.721318851379849 ], [ 173.408048692640619, -42.721939382917277 ], [ 173.407683506907887, -42.722542371405474 ], [ 173.40731356754722, -42.723143840636993 ], [ 173.406990133141647, -42.723761037173581 ], [ 173.406669391164229, -42.724379300332487 ], [ 173.406297436039779, -42.724980928735874 ], [ 173.40592559246403, -42.72558206823048 ], [ 173.405578221360457, -42.726189489601104 ], [ 173.405208042767498, -42.72678906557374 ], [ 173.404857211825146, -42.727395919770331 ], [ 173.404465828368728, -42.727990489834902 ], [ 173.404115076490655, -42.728598019385323 ], [ 173.403760285488147, -42.729204235752249 ], [ 173.403416066850468, -42.729813224594345 ], [ 173.403041620206807, -42.730412507173682 ], [ 173.402683029338817, -42.731017519986601 ], [ 173.402368468002692, -42.731636794010228 ], [ 173.402008700842543, -42.732241413887834 ], [ 173.401645687924457, -42.732844976162632 ], [ 173.401306763350021, -42.733458561598297 ], [ 173.400950974688413, -42.734067152967661 ], [ 173.400617129763589, -42.734680133040335 ], [ 173.400301897644056, -42.735298469745508 ], [ 173.399921402254819, -42.735898364228881 ], [ 173.399587164641048, -42.736511396760996 ], [ 173.399283053138163, -42.737132442081709 ], [ 173.398971850566397, -42.737751462320709 ], [ 173.398629533723977, -42.738361617676389 ], [ 173.398328558968103, -42.73898340646889 ], [ 173.398014311237375, -42.739600713104018 ], [ 173.397710324647505, -42.740221322164395 ], [ 173.397446188343594, -42.740854395978467 ], [ 173.397118098763315, -42.741468589851941 ], [ 173.396854915212799, -42.742101315596891 ], [ 173.396565717897346, -42.742723394322944 ], [ 173.396249598880843, -42.743342881104951 ], [ 173.395989538410902, -42.743974551495334 ], [ 173.39575889054629, -42.744612656146685 ], [ 173.395409646953794, -42.745229428029482 ], [ 173.39513909371442, -42.745860518927699 ], [ 173.394852720926139, -42.746487493315776 ], [ 173.394587934593943, -42.747118026661958 ] ] } },
{ "type": "Feature", "properties": { "group_id": "nzd0400" }, "geometry": { "type": "LineString", "coordinates": [ [ 170.97411363529298, -42.704813254480939 ], [ 170.974802587544957, -42.704382778497312 ], [ 170.975503790460124, -42.703960675970109 ], [ 170.976162091161342, -42.703509229984434 ], [ 170.976849942745105, -42.703077988436107 ], [ 170.977492514935079, -42.702615778132653 ], [ 170.978099237050998, -42.702129047656129 ], [ 170.978682586315102, -42.701626329734552 ], [ 170.979249407527647, -42.701112305257091 ], [ 170.979849571321068, -42.700621078271801 ], [ 170.980475028541264, -42.700147144250977 ], [ 170.981067956138332, -42.699650961024147 ], [ 170.981743472174003, -42.699211251527466 ], [ 170.982312175899921, -42.698696158993044 ], [ 170.982964992264641, -42.698237305037203 ], [ 170.983563659864842, -42.69774419583036 ], [ 170.984115985321665, -42.697220851183481 ], [ 170.984755534000328, -42.696756192823223 ], [ 170.985358798483418, -42.696267115811381 ], [ 170.985938922088252, -42.695762464048656 ], [ 170.986539333282138, -42.69527145926051 ], [ 170.987126727702304, -42.694771691960995 ], [ 170.987744417964365, -42.694292305776194 ], [ 170.988322204812562, -42.693786066008613 ], [ 170.988889674943948, -42.693272880593859 ], [ 170.989509576045549, -42.692794970136809 ], [ 170.990110415789871, -42.692304230029947 ], [ 170.990689262348099, -42.691798687643853 ], [ 170.991238749095601, -42.691273386334231 ], [ 170.991883322631708, -42.69081206108509 ], [ 170.992517343700001, -42.690343631436015 ], [ 170.99307814181978, -42.689825929383666 ], [ 170.993641999470867, -42.68931028207043 ], [ 170.994233669311086, -42.688813344393168 ], [ 170.994761032584591, -42.688273133961864 ], [ 170.995342277602163, -42.687769174137564 ], [ 170.995916730128755, -42.687260640069169 ], [ 170.996514212560243, -42.686767597782335 ], [ 170.997088794353402, -42.686259142880203 ], [ 170.997605377677559, -42.685711659865142 ], [ 170.998098931240548, -42.685148677381719 ], [ 170.998678844670508, -42.68464379829269 ], [ 170.999244582250412, -42.68412838990443 ], [ 170.999725439540782, -42.683555216488642 ], [ 171.000239693726627, -42.683007067571083 ], [ 171.000731609939834, -42.682446178817493 ], [ 171.001323210643534, -42.681949363337608 ], [ 171.001864464267754, -42.681420180634184 ], [ 171.002401738542545, -42.680888435950827 ], [ 171.002967194459302, -42.680374802377045 ], [ 171.003520137051538, -42.679853121175434 ], [ 171.004122007247332, -42.679362886500641 ] ] } },
{ "type": "Feature", "properties": { "group_id": "nzd0404" }, "geometry": { "type": "LineString", "coordinates": [ [ 170.849446525739296, -42.837628059810129 ], [ 170.850149074968215, -42.837217300296025 ], [ 170.85089602739842, -42.836849862559177 ], [ 170.851567828373419, -42.836409096590913 ], [ 170.85224459998463, -42.835973178128455 ], [ 170.852912217903878, -42.835528326132099 ], [ 170.853611979713946, -42.835114834215133 ], [ 170.854328292967352, -42.834717488650057 ], [ 170.855070032141441, -42.834344947749827 ], [ 170.855809195480447, -42.833969890628239 ], [ 170.856495396107221, -42.83354315679459 ], [ 170.857192355161658, -42.833104551549823 ], [ 170.857890189426655, -42.832653947645547 ], [ 170.858562004525481, -42.832187899387037 ], [ 170.85918491386812, -42.831706707330376 ], [ 170.859738276506846, -42.831187633898097 ], [ 170.860370281488002, -42.830711385871723 ], [ 170.860963946884596, -42.830214252571793 ], [ 170.861523168173647, -42.829698355712765 ], [ 170.862083480729467, -42.829183048482577 ], [ 170.862626753881358, -42.828658456665686 ], [ 170.863140986807139, -42.828118044481997 ], [ 170.863716198999555, -42.827610837764468 ], [ 170.864247051301277, -42.827079467402292 ], [ 170.864759274237741, -42.826537946611637 ], [ 170.865273298989763, -42.82599740246711 ], [ 170.865822504514824, -42.825476013535344 ], [ 170.866268667098751, -42.824898501560064 ], [ 170.866747706981357, -42.82433889028291 ], [ 170.867241977990517, -42.823787569420823 ], [ 170.867763185203103, -42.823250913723449 ], [ 170.868234203259163, -42.822686919702051 ], [ 170.868735195554365, -42.822139245403172 ], [ 170.869193316911776, -42.821568218333233 ], [ 170.869644100156734, -42.820993190122458 ], [ 170.870145964156194, -42.820445976619773 ], [ 170.870594100182814, -42.819869497334054 ], [ 170.87105216468197, -42.819298420562795 ], [ 170.871508502751055, -42.818726398855404 ], [ 170.871942485890855, -42.818142197514725 ], [ 170.872404834604993, -42.817570732313882 ], [ 170.872881490679333, -42.817004453267423 ], [ 170.891004898056053, -42.790493717313282 ], [ 170.89140487072055, -42.789903522872905 ], [ 170.891749477396502, -42.789293616821261 ] ] } },
{ "type": "Feature", "properties": { "group_id": "nzd0405" }, "geometry": { "type": "LineString", "coordinates": [ [ 173.362334912078467, -42.801457854073924 ], [ 173.361532340354103, -42.801858491451114 ], [ 173.361276851115861, -42.80262712571394 ] ] } },
{ "type": "Feature", "properties": { "group_id": "nzd0406" }, "geometry": { "type": "LineString", "coordinates": [ [ 173.334760189330609, -42.827347804672904 ], [ 173.334127491055057, -42.827815497432049 ], [ 173.33351738837041, -42.828316753752809 ], [ 173.332927275983309, -42.828842940886631 ], [ 173.332415699474723, -42.829404741090826 ], [ 173.331897389683434, -42.829952011870247 ], [ 173.331365510088318, -42.830521268378803 ], [ 173.33079829206622, -42.831075542165841 ], [ 173.330243052783004, -42.831607235167652 ], [ 173.329797595759686, -42.832179380233562 ], [ 173.32945767374477, -42.83279435471583 ] ] } },
{ "type": "Feature", "properties": { "group_id": "nzd0407" }, "geometry": { "type": "LineString", "coordinates": [ [ 173.321438890471768, -42.840905876509026 ], [ 173.320862119507808, -42.841416513305845 ], [ 173.320367539637232, -42.841967093328556 ], [ 173.319880855106618, -42.842528372594124 ], [ 173.319444785737318, -42.843111404762219 ], [ 173.318984713648945, -42.843689963905 ], [ 173.318549699965189, -42.844279599835168 ], [ 173.318117940774926, -42.844858215288852 ], [ 173.317744387972141, -42.845450350894325 ], [ 173.317304835863723, -42.846016540489316 ], [ 173.31694843802785, -42.846623603489796 ], [ 173.316566329380123, -42.847228856339399 ], [ 173.316074679135227, -42.847794818567259 ], [ 173.315654771283619, -42.848378386220752 ], [ 173.315242601665318, -42.848971818762699 ], [ 173.314898400875364, -42.849590489779878 ], [ 173.314580385452615, -42.850209530562104 ], [ 173.314173479601436, -42.850799388647701 ], [ 173.313830276421925, -42.851408251453691 ], [ 173.313522206561146, -42.85202742777053 ], [ 173.313034698310673, -42.852593534695906 ], [ 173.312766597626194, -42.853224301723237 ], [ 173.312359493554567, -42.853814094234231 ], [ 173.312086954466849, -42.854437379861537 ], [ 173.311815749609252, -42.855061394316031 ], [ 173.311483820101557, -42.855672565781838 ], [ 173.311137281030454, -42.856294270161797 ], [ 173.310794244159979, -42.856924655705612 ], [ 173.310500922540797, -42.857555747952773 ], [ 173.31021470160249, -42.858175496582376 ], [ 173.310044157861455, -42.858821050982129 ], [ 173.309645835206084, -42.85941620933842 ], [ 173.309439454575283, -42.860063797879832 ], [ 173.309341452473262, -42.860741301387478 ], [ 173.309026240453505, -42.861369337896853 ], [ 173.308750526702994, -42.86199975873842 ], [ 173.308552779606714, -42.862656314521054 ], [ 173.308449237130219, -42.863323167203916 ], [ 173.308362501340639, -42.863982446010013 ], [ 173.308274538964639, -42.864653270636524 ], [ 173.308176066083348, -42.865323843703649 ], [ 173.308130373888815, -42.865987589825281 ], [ 173.308159404715298, -42.866655879036436 ], [ 173.308224364479031, -42.867324082577561 ], [ 173.308371022764334, -42.867980481234653 ] ] } },
{ "type": "Feature", "properties": { "group_id": "nzd0408" }, "geometry": { "type": "LineString", "coordinates": [ [ 173.310149159470996, -42.871441116751662 ], [ 173.309926401662437, -42.87208354511327 ], [ 173.309880894997036, -42.872756778203275 ], [ 173.309826253690858, -42.873428935826688 ], [ 173.309862722247459, -42.874089993827596 ] ] } },
{ "type": "Feature", "properties": { "group_id": "nzd0409" }, "geometry": { "type": "LineString", "coordinates": [ [ 170.782156838537929, -42.89252818381506 ], [ 170.782836600950787, -42.892091391232945 ], [ 170.783520386142698, -42.891638101541538 ], [ 170.784173841377026, -42.89112944178634 ], [ 170.784801367901451, -42.890627362389374 ], [ 170.785404645458641, -42.890138439485966 ], [ 170.786033022131619, -42.889668132876309 ], [ 170.786653845869125, -42.889192219523309 ], [ 170.787233561267271, -42.888685806464615 ], [ 170.787815261389852, -42.888180862302775 ], [ 170.823902748707667, -42.857176567420346 ], [ 170.824428934006875, -42.856643472963199 ], [ 170.824947048375492, -42.856087705721869 ], [ 170.825469450173159, -42.855534028649927 ], [ 170.825987903929814, -42.854977276330168 ], [ 170.826545978088149, -42.854451349775481 ], [ 170.827103292215526, -42.853924828619256 ], [ 170.827624496179681, -42.853370206593674 ], [ 170.828171991619769, -42.85283603899439 ], [ 170.828748919870804, -42.852324770137386 ], [ 170.829293996109385, -42.85184053778876 ], [ 170.8297516256753, -42.851347815909108 ], [ 170.830289684815028, -42.850859845941443 ], [ 170.830833359664581, -42.850335431398712 ], [ 170.831360716973137, -42.849801407203323 ], [ 170.831918287106191, -42.849285163290588 ], [ 170.832457502855334, -42.848758110748818 ], [ 170.833010314798884, -42.848239057152412 ], [ 170.83352004555752, -42.847694639645937 ], [ 170.834080536199025, -42.847180097298903 ], [ 170.834612166882977, -42.846648562305234 ], [ 170.835146992885058, -42.846118903833784 ], [ 170.835685112755414, -42.845591179892736 ], [ 170.836295110736756, -42.845105762071647 ], [ 170.836892387520749, -42.8446128515072 ], [ 170.837479229112432, -42.844113793888511 ], [ 170.83817691613126, -42.843679979471915 ], [ 170.838882653195668, -42.843250898573849 ], [ 170.839492741352842, -42.842765510891851 ], [ 170.840201834079409, -42.842338395468325 ], [ 170.841064991102684, -42.841977626826534 ], [ 170.841789481284707, -42.841556730232192 ], [ 170.842444968143667, -42.841096953563166 ], [ 170.843196236379555, -42.840733759237459 ], [ 170.843979578143404, -42.840401857922586 ], [ 170.844705745591938, -42.840014164706851 ], [ 170.845482370496939, -42.839675702520211 ], [ 170.846257446889012, -42.839335725807665 ], [ 170.846938873316873, -42.838904367945858 ], [ 170.847661800180816, -42.838513500996129 ], [ 170.8483822352365, -42.838120199899038 ], [ 170.849127133406341, -42.837750765135056 ] ] } },
{ "type": "Feature", "properties": { "group_id": "nzd0410" }, "geometry": { "type": "LineString", "coordinates": [ [ 173.313109903823403, -42.885901885253524 ], [ 173.312530377973843, -42.886501719419677 ], [ 173.311727420269619, -42.886797413758075 ], [ 173.310938008432316, -42.887129580142663 ] ] } },
{ "type": "Feature", "properties": { "group_id": "nzd0412" }, "geometry": { "type": "LineString", "coordinates": [ [ 173.266567596118676, -42.928564635241557 ], [ 173.266012604684732, -42.929079656187355 ], [ 173.265441210984051, -42.929582880116037 ], [ 173.264863067410289, -42.930084932010104 ], [ 173.264305503227462, -42.930600650960692 ], [ 173.26376495637254, -42.931126345184509 ], [ 173.263191615648992, -42.931632803696914 ], [ 173.262616522997547, -42.932138230531535 ], [ 173.262058465673562, -42.932652732451203 ], [ 173.261508784506788, -42.933170790652326 ], [ 173.260938254753711, -42.933677393435886 ], [ 173.260416031719075, -42.934215134598013 ], [ 173.259857985447468, -42.934730860841086 ], [ 173.25931314737565, -42.935254698488755 ], [ 173.258758684410878, -42.935772618231674 ], [ 173.25817221554945, -42.936270868512189 ], [ 173.25765136416527, -42.936809432014627 ], [ 173.25704789392708, -42.937297227932888 ], [ 173.256500794795983, -42.93781729476467 ], [ 173.2559862464594, -42.938346606157175 ], [ 173.255405973806262, -42.938878487863043 ], [ 173.254921705632256, -42.939441266030997 ], [ 173.25455678468208, -42.940042204917951 ], [ 173.254171426491894, -42.940636602216834 ], [ 173.253771303310998, -42.941208510634524 ], [ 173.253405837945223, -42.941792808803854 ], [ 173.253128693460468, -42.942432667294703 ], [ 173.252592234621687, -42.94289108225891 ], [ 173.251860541644731, -42.94314644196362 ], [ 173.251110707384498, -42.943506237993233 ], [ 173.250355750686879, -42.943862774062737 ], [ 173.249662018995224, -42.944324020030606 ], [ 173.249040551461661, -42.94482595188606 ], [ 173.248447514774398, -42.945329932301057 ], [ 173.247895657954672, -42.945851872378682 ], [ 173.247397992551043, -42.946405055111583 ], [ 173.246850174233714, -42.946929512071719 ], [ 173.246334220720087, -42.947468098294252 ], [ 173.245734463757884, -42.947967481091574 ], [ 173.245202258388048, -42.948500737607723 ], [ 173.245432867499375, -42.949392498261481 ] ] } },
{ "type": "Feature", "properties": { "group_id": "nzd0413" }, "geometry": { "type": "LineString", "coordinates": [ [ 170.678869277289834, -42.947712710815466 ], [ 170.679532705091106, -42.947263197531612 ], [ 170.680224084682322, -42.946841589335449 ], [ 170.680920497461841, -42.946425003921604 ], [ 170.681628599987931, -42.946020087076334 ], [ 170.682311690262168, -42.945590195773192 ], [ 170.683001153528807, -42.945166664894515 ], [ 170.683667491012926, -42.944720043381921 ], [ 170.684340686906495, -42.944280341327314 ], [ 170.685076002106484, -42.943905886422833 ], [ 170.685789806196198, -42.943491320630486 ], [ 170.686475684120154, -42.943037578945379 ], [ 170.687181415084069, -42.942610716687199 ], [ 170.687916451734566, -42.942223531244743 ], [ 170.688611704050032, -42.941782481764889 ], [ 170.689365894294127, -42.94142122715337 ], [ 170.690080142675527, -42.941005895634632 ], [ 170.690812568322656, -42.94061517334692 ], [ 170.691535237211326, -42.940211241373198 ], [ 170.692315889064616, -42.93988580843174 ], [ 170.69311591763929, -42.939586606389518 ], [ 170.693912987146064, -42.939283396128026 ] ] } },
{ "type": "Feature", "properties": { "group_id": "nzd0414" }, "geometry": { "type": "LineString", "coordinates": [ [ 170.499771298655702, -43.017526597396689 ], [ 170.500656232113045, -43.017647520746195 ], [ 170.501565081139063, -43.017618639366489 ], [ 170.502477511383915, -43.017567311479269 ], [ 170.503390973780313, -43.017509502662897 ], [ 170.50430588553337, -43.017442597679491 ], [ 170.505207772104939, -43.017457289776843 ], [ 170.506077045941026, -43.017676333427993 ], [ 170.5070092965139, -43.017500747732342 ], [ 170.507886913051266, -43.017667522301643 ], [ 170.508766944337765, -43.017819174980232 ], [ 170.509610464246805, -43.018199678666605 ], [ 170.510495655240106, -43.018319024268727 ], [ 170.511371092178933, -43.018499518365367 ], [ 170.512338319834328, -43.018651224893802 ], [ 170.513336213308264, -43.018737612362152 ], [ 170.514227243664521, -43.018604130923876 ], [ 170.515119221658921, -43.018517877900429 ], [ 170.516020997049168, -43.018531347163282 ], [ 170.516912577000113, -43.018441043651215 ], [ 170.517797085429265, -43.018278786833122 ], [ 170.518690869177277, -43.018210925680748 ], [ 170.519591180744897, -43.018209479367293 ], [ 170.520489197069139, -43.018184672030806 ], [ 170.521378272434816, -43.018068911375934 ], [ 170.522261543974082, -43.017894131572788 ], [ 170.523213369769309, -43.017766923141622 ], [ 170.52419489431756, -43.017649399312788 ], [ 170.525084792652137, -43.017443299123435 ], [ 170.525944141328466, -43.017251260936668 ], [ 170.526780042377993, -43.017008967592872 ], [ 170.527605416154245, -43.016744112351041 ], [ 170.528427163794419, -43.016471486446733 ], [ 170.529240157316195, -43.016180100518682 ], [ 170.530072544749316, -43.015930278437146 ], [ 170.530917143872387, -43.015706626338329 ], [ 170.531743919224738, -43.015444777398727 ], [ 170.532575775802826, -43.015193817757108 ], [ 170.533365809630311, -43.014829735575638 ], [ 170.53414414390673, -43.014460666014656 ], [ 170.5349344271512, -43.014138064869556 ], [ 170.535728962662688, -43.013829130498287 ], [ 170.536554822570423, -43.013570663955541 ], [ 170.537375610122155, -43.013304023185249 ], [ 170.538191146441477, -43.013028920328999 ], [ 170.53899434412358, -43.01273393726386 ], [ 170.539848485545122, -43.012521027077966 ], [ 170.54067878511276, -43.012269703313258 ], [ 170.54147601125581, -43.011965095302202 ], [ 170.542273187710407, -43.011660406456414 ], [ 170.543083604901966, -43.011377047454772 ], [ 170.543854231408318, -43.011029585717935 ], [ 170.544647157203258, -43.010718047190373 ], [ 170.545443122060675, -43.01041140375591 ], [ 170.546236054738074, -43.010099875018717 ] ] } },
{ "type": "Feature", "properties": { "group_id": "nzd0415" }, "geometry": { "type": "LineString", "coordinates": [ [ 173.142363466334558, -42.986960657243351 ], [ 173.141655382159826, -42.987365450050156 ], [ 173.140960196420508, -42.987781640961259 ], [ 173.140174103176548, -42.988145651296882 ], [ 173.139475627819053, -42.988612783429531 ], [ 173.138865981504438, -42.989121090105463 ], [ 173.138325914842113, -42.989654052043939 ], [ 173.137810981956903, -42.990216922326191 ], [ 173.136991105534889, -42.990573681564186 ], [ 173.136434858184629, -42.99109394030156 ], [ 173.135543783446764, -42.991391710892351 ], [ 173.135233374478759, -42.992083975329649 ], [ 173.134886868657475, -42.992742223626294 ], [ 173.134231537645405, -42.993197953018971 ], [ 173.133627983133977, -42.993688193254222 ], [ 173.1329813630052, -42.994173147665911 ], [ 173.132387177035582, -42.994689227910627 ], [ 173.131872743122301, -42.995227986697145 ], [ 173.131417461315806, -42.995798107277814 ], [ 173.130908465619285, -42.99633502259082 ], [ 173.130357351228724, -42.996848678722181 ], [ 173.129840635350291, -42.997386022727454 ], [ 173.129392600740687, -42.997961687496129 ], [ 173.128619545264655, -42.998368174929233 ], [ 173.128244670579818, -42.99898909286933 ], [ 173.127714109859994, -42.999519388457863 ], [ 173.127229611446211, -43.000071840444832 ], [ 173.126702242124622, -43.000599993977566 ], [ 173.126339029973479, -43.001217919190921 ], [ 173.12575685738247, -43.00172039929182 ], [ 173.125289050268123, -43.002284175174452 ], [ 173.12463673564136, -43.002749049638297 ], [ 173.123948901781517, -43.003191779578245 ], [ 173.12351218131181, -43.003758013215077 ], [ 173.122958325705071, -43.004263060568618 ], [ 173.122381137040691, -43.004766520990223 ], [ 173.121814740417477, -43.005276422516239 ], [ 173.121277562986108, -43.005803770413415 ], [ 173.120705970002916, -43.006310560102229 ], [ 173.120157727899823, -43.006830852026354 ], [ 173.119625013974485, -43.007353463704327 ], [ 173.119018317082833, -43.007831033222985 ], [ 173.11842538217735, -43.008324522115714 ], [ 173.117869518963232, -43.008841569770077 ], [ 173.117318358530156, -43.00936160254269 ], [ 173.11675622854807, -43.009875705584236 ], [ 173.116232634442554, -43.010422413183704 ], [ 173.115633671470391, -43.010922573216803 ], [ 173.115016318430463, -43.011404115244474 ], [ 173.114519782292092, -43.011953498735039 ], [ 173.113974794377185, -43.012475669240132 ], [ 173.113407781451428, -43.012985466955236 ], [ 173.112927834913592, -43.01354415325752 ], [ 173.112412570724047, -43.014083002154202 ], [ 173.111344879280495, -43.014311623303072 ], [ 173.111160834987601, -43.015036465334354 ], [ 173.110700948336557, -43.01560639895385 ], [ 173.110162563887968, -43.016129606794657 ], [ 173.109518130628089, -43.01658770358133 ], [ 173.108940363506406, -43.017086834659672 ], [ 173.108373807212416, -43.017596542066045 ], [ 173.107799571529569, -43.018101648394229 ], [ 173.107245914418314, -43.018619068825814 ], [ 173.106627111373058, -43.019097488704944 ], [ 173.106054662899851, -43.019603652197645 ], [ 173.105524204339901, -43.020134946704999 ], [ 173.104999449869069, -43.020669651490984 ], [ 173.104426268820816, -43.0211753638836 ], [ 173.103901303636832, -43.021709934158011 ], [ 173.103370733308736, -43.022249229138822 ], [ 173.102801579233642, -43.022774595248265 ], [ 173.102274652046958, -43.023316425174521 ], [ 173.101779542743628, -43.023864407227634 ], [ 173.10124543652762, -43.024393549654867 ], [ 173.100709378345414, -43.024921744415408 ], [ 173.100246725908761, -43.025485387837783 ], [ 173.09978145457444, -43.026047761465179 ], [ 173.099318135356953, -43.026611073006379 ], [ 173.098831944455782, -43.027163333098912 ], [ 173.098341513949094, -43.027713540657004 ], [ 173.097851684072481, -43.028264033411617 ], [ 173.097403403409714, -43.028835132254102 ], [ 173.096923806708617, -43.029392556159557 ], [ 173.096532592690352, -43.029990626392532 ], [ 173.096061388165907, -43.030549805425728 ], [ 173.095596237305529, -43.031111807393486 ], [ 173.095084298878476, -43.031651947830639 ], [ 173.094592243723156, -43.032201371635765 ] ] } },
{ "type": "Feature", "properties": { "group_id": "nzd0417" }, "geometry": { "type": "LineString", "coordinates": [ [ 173.044316061859035, -43.046156046799894 ], [ 173.043528796833073, -43.046505875498106 ], [ 173.042713453139442, -43.046781997867967 ], [ 173.04188418376026, -43.047034524254755 ], [ 173.041011291971103, -43.047244300112766 ], [ 173.040106736554264, -43.047441311759179 ], [ 173.039462682039584, -43.047983166313166 ], [ 173.03861834971886, -43.048220508058421 ], [ 173.037941064077046, -43.048690602999876 ], [ 173.037060122214911, -43.048902597633692 ], [ 173.036169834298903, -43.049114312872369 ], [ 173.035360859044317, -43.049404649355566 ], [ 173.034661764217674, -43.04982968257152 ], [ 173.033863172900908, -43.050132744491748 ], [ 173.033003342843472, -43.050369134609717 ], [ 173.032316731733232, -43.050834339071194 ], [ 173.031640667990871, -43.051295726233576 ], [ 173.030845338036727, -43.051607058387638 ], [ 173.030222319980169, -43.052108368069952 ], [ 173.029434208042574, -43.052439954452467 ], [ 173.02864800988408, -43.052776874382474 ], [ 173.02789367116219, -43.053134810337404 ], [ 173.0270846530874, -43.053436442792346 ] ] } },
{ "type": "Feature", "properties": { "group_id": "nzd0420" }, "geometry": { "type": "LineString", "coordinates": [ [ 172.938775750217673, -43.085395623569632 ], [ 172.938008658211629, -43.085743041297107 ], [ 172.937479895260651, -43.086318083180608 ], [ 172.936762701368934, -43.08671315370831 ], [ 172.936080223516143, -43.087141378959707 ], [ 172.935422936791639, -43.08759366205561 ], [ 172.934732767459593, -43.088017735486893 ], [ 172.934040647997904, -43.088441808369652 ], [ 172.933349662923661, -43.088863640215862 ], [ 172.932641705776348, -43.089306565795987 ], [ 172.931906653037089, -43.08974646583556 ], [ 172.931145579219731, -43.090137007049407 ], [ 172.930492821569715, -43.090587883739921 ] ] } },
{ "type": "Feature", "properties": { "group_id": "nzd0421" }, "geometry": { "type": "LineString", "coordinates": [ [ 172.892404342838603, -43.096903475407665 ], [ 172.891531653140817, -43.097070371653274 ], [ 172.890565176025461, -43.097048557801592 ], [ 172.889853495665221, -43.097539412558291 ], [ 172.888959889243779, -43.097753437416614 ], [ 172.887929581447423, -43.098010467305599 ], [ 172.886999068227453, -43.098382636830507 ], [ 172.886432717497343, -43.098921435423698 ], [ 172.885701059961491, -43.09930264097094 ], [ 172.885067345910045, -43.09977721634516 ], [ 172.884403328645305, -43.100222900617332 ], [ 172.883697394830421, -43.100641606733326 ], [ 172.88301105825056, -43.101104234597436 ], [ 172.882238686975001, -43.101482128197297 ], [ 172.881640188197764, -43.101978056766363 ], [ 172.88088853069101, -43.102347573732651 ], [ 172.880182236619703, -43.102754527718332 ], [ 172.879571553015523, -43.103240390850573 ], [ 172.878920719383217, -43.103693113136174 ], [ 172.878334544870711, -43.104199199264635 ], [ 172.877719334619087, -43.104681317758576 ], [ 172.876984182094048, -43.105064437836639 ], [ 172.876301516694127, -43.105528116118244 ], [ 172.875690261644934, -43.106049203108299 ], [ 172.875074361812608, -43.106533041999903 ], [ 172.874365765993673, -43.106947060557459 ], [ 172.87378067506333, -43.107445561623528 ], [ 172.873145239498712, -43.107909619434238 ], [ 172.872509964046088, -43.108373782941932 ], [ 172.871886370981201, -43.108845934309464 ], [ 172.871276793553875, -43.109327669727165 ], [ 172.870640493393296, -43.109791120826337 ], [ 172.86995671970962, -43.110233475976756 ], [ 172.869259096552639, -43.110680316778215 ], [ 172.868714789043025, -43.111215270119132 ], [ 172.868131999952595, -43.111714337400812 ], [ 172.867506579158459, -43.112186532805062 ], [ 172.866870094297212, -43.112651751115322 ], [ 172.866293827435243, -43.1131549167415 ], [ 172.865738131312014, -43.113671042738829 ], [ 172.86513718181854, -43.114158644447784 ], [ 172.864532897921492, -43.114644140617841 ], [ 172.863918295994324, -43.115123129884942 ], [ 172.863379716517358, -43.115650027383971 ], [ 172.862822629051522, -43.116165256425141 ], [ 172.862242509119028, -43.116665965490093 ], [ 172.861744518228477, -43.1172116531475 ], [ 172.861225304631148, -43.117725803363214 ], [ 172.860858032529592, -43.118357453520048 ], [ 172.86035551870043, -43.118914196734515 ], [ 172.859543746125411, -43.119254450964576 ], [ 172.858932644357196, -43.119735173843161 ] ] } },
{ "type": "Feature", "properties": { "group_id": "nzd0423" }, "geometry": { "type": "LineString", "coordinates": [ [ 170.169938129918904, -43.214348975850029 ], [ 170.170475409248382, -43.213823985716061 ], [ 170.171077098496824, -43.213336735577826 ], [ 170.17163432206786, -43.212823423934196 ], [ 170.17219683468403, -43.212313207227531 ], [ 170.172759518133262, -43.211803086171606 ], [ 170.173281790389495, -43.211269279724604 ], [ 170.173849951804954, -43.210762359872454 ], [ 170.174423780761003, -43.210258756717216 ], [ 170.174986195976999, -43.209748460668997 ], [ 170.175510932366365, -43.209215262065158 ], [ 170.176022237333257, -43.208674290193301 ], [ 170.176544162938882, -43.208140428298229 ], [ 170.177088242394404, -43.207619593140926 ], [ 170.177596466092069, -43.207078319789971 ], [ 170.178108985786025, -43.206539490153034 ], [ 170.178650653771058, -43.206017267180492 ], [ 170.179120763566175, -43.205454259746752 ], [ 170.179637774865881, -43.204917976276164 ], [ 170.180182031465932, -43.204397214983715 ], [ 170.180671884719004, -43.203845445522717 ], [ 170.181177300117866, -43.203301474970139 ], [ 170.181670739471826, -43.202748031990453 ], [ 170.182152784135354, -43.202187778987138 ], [ 170.18269387838825, -43.201664246347377 ], [ 170.183254165198804, -43.201152413021909 ], [ 170.183701387547785, -43.200571628850724 ], [ 170.18421839588737, -43.20003339583198 ], [ 170.184844507597177, -43.199561689645932 ], [ 170.185420285907355, -43.199059285859015 ], [ 170.185997036386709, -43.198560284736004 ], [ 170.186517813825873, -43.198029074690368 ], [ 170.187127765439385, -43.197547396481482 ], [ 170.187692252710008, -43.197038204140377 ], [ 170.188287509909998, -43.196546981953091 ], [ 170.188911482874175, -43.196072529814423 ], [ 170.189490419460924, -43.195571764659434 ], [ 170.19013433191796, -43.195108951079092 ], [ 170.190767177396566, -43.1946396679351 ], [ 170.191350793310448, -43.194142029087089 ], [ 170.191943162250197, -43.193651846859609 ], [ 170.192490588274666, -43.193134275877767 ], [ 170.193025845400769, -43.192607073999426 ], [ 170.193556129038768, -43.192076831269915 ], [ 170.194109990962914, -43.191556188545761 ], [ 170.194632598818004, -43.191018248835562 ], [ 170.19515687177028, -43.190485488160746 ], [ 170.195664390922133, -43.18994513316126 ], [ 170.196159806092851, -43.189398455858814 ], [ 170.196709566526067, -43.188880138464704 ], [ 170.197189295583456, -43.18832526442894 ], [ 170.197694238817206, -43.187783545752104 ], [ 170.19814452371017, -43.187213168458705 ], [ 170.198584089245031, -43.186637018511441 ], [ 170.199083370662152, -43.186092276001091 ], [ 170.199537077285584, -43.185524932263384 ], [ 170.200063130932392, -43.184994038309149 ], [ 170.200551508701494, -43.184444155076115 ], [ 170.201026933136632, -43.18388773992374 ], [ 170.201528275658347, -43.183344379632835 ], [ 170.202034299709339, -43.182803373386818 ], [ 170.20253274174118, -43.182258541753939 ], [ 170.202993205849879, -43.181694390184965 ], [ 170.203438095533386, -43.18112400043595 ], [ 170.203912954125002, -43.180568411268133 ], [ 170.204303195040154, -43.17997423127489 ], [ 170.204756602322618, -43.179408668408563 ], [ 170.205177843615303, -43.17882852502192 ], [ 170.205608831535216, -43.178252792862892 ], [ 170.206050201458226, -43.177681759855282 ], [ 170.206501678978952, -43.177115301670717 ], [ 170.206887845104177, -43.176519598271241 ], [ 170.207306778807691, -43.175942957766523 ], [ 170.207742069318158, -43.175373955923078 ], [ 170.208112184489636, -43.174773787968817 ], [ 170.208616542225485, -43.174229715366124 ], [ 170.209005802590326, -43.173637537439426 ], [ 170.209477918133416, -43.173079979786003 ], [ 170.209972378813148, -43.172531754865041 ], [ 170.210464360771653, -43.171982488622362 ], [ 170.211007180781678, -43.171454462363108 ], [ 170.211425231195761, -43.170874178384288 ], [ 170.211882734901963, -43.170310154302761 ], [ 170.212335730126483, -43.169744409235797 ], [ 170.21270926621321, -43.169146526618093 ], [ 170.21310798053733, -43.168558820919337 ], [ 170.213492506277532, -43.167965371588188 ], [ 170.213857927095717, -43.167364190334659 ], [ 170.21421623742188, -43.166760127875634 ], [ 170.214628549211369, -43.166177899083628 ], [ 170.215005067742368, -43.165585255775291 ], [ 170.215440365112414, -43.165015946752646 ], [ 170.215861677668983, -43.164437098630707 ], [ 170.216249781132063, -43.163846351390383 ], [ 170.21667311821443, -43.163267657580555 ], [ 170.217066525922064, -43.162678714079981 ], [ 170.217517654349678, -43.162109520577232 ], [ 170.21787180538746, -43.161507129114803 ], [ 170.218347578672933, -43.16094635897683 ], [ 170.21867543462352, -43.160333723086097 ], [ 170.219096619387983, -43.159752460036856 ], [ 170.21940201086187, -43.159134017533006 ], [ 170.219767076906209, -43.158535457061099 ], [ 170.220128701300922, -43.157935750559304 ], [ 170.220466019356195, -43.157327986294725 ], [ 170.220798890669329, -43.15671874301465 ], [ 170.221123041051328, -43.156106604815477 ] ] } },
{ "type": "Feature", "properties": { "group_id": "nzd0424" }, "geometry": { "type": "LineString", "coordinates": [ [ 172.819143361899989, -43.13283143350057 ], [ 172.818550191374271, -43.133330233557579 ], [ 172.817764491436719, -43.13367339701886 ], [ 172.817069085178701, -43.134089546985791 ], [ 172.816448561827428, -43.134566226855462 ], [ 172.815854146375614, -43.135064008651817 ], [ 172.81521691477738, -43.135527260469537 ], [ 172.782161217864541, -43.170779470268073 ], [ 172.781682940544897, -43.171336328373997 ], [ 172.781243744416344, -43.171908123129221 ], [ 172.780848448422319, -43.172496696963634 ], [ 172.780384246030422, -43.173058919907938 ], [ 172.779973941854678, -43.173641744536447 ], [ 172.779548025831133, -43.174218594682948 ], [ 172.779141825619178, -43.174802977338068 ], [ 172.778680255429407, -43.175366184645206 ], [ 172.77829727669473, -43.175959434602134 ], [ 172.777887531259893, -43.176542445207559 ], [ 172.777424049886832, -43.177104905293341 ], [ 172.777026702232149, -43.177692644929863 ], [ 172.776627537834315, -43.178279951718693 ], [ 172.776203479683176, -43.178862744095397 ], [ 172.775809075210134, -43.179456284117201 ], [ 172.775386102361324, -43.180034451506721 ], [ 172.774977463071679, -43.180617833988663 ], [ 172.774521528357496, -43.181183984434675 ], [ 172.774176783846201, -43.181790628026306 ], [ 172.773773766500199, -43.182376041280364 ], [ 172.773370632341482, -43.182961406351886 ], [ 172.772943607277881, -43.183538064062816 ], [ 172.772605609340587, -43.184147142227026 ], [ 172.772159923175678, -43.184716991819791 ], [ 172.77174500064703, -43.185298040718287 ], [ 172.771315893665104, -43.185873917648252 ], [ 172.770974097402814, -43.186481589713054 ], [ 172.77059768693735, -43.187076648726674 ], [ 172.770180050372772, -43.187658536283863 ], [ 172.769826617987775, -43.188270024203305 ], [ 172.76944189483595, -43.188868407723881 ], [ 172.769045182520273, -43.189456281011225 ], [ 172.768700614836689, -43.190061648121613 ], [ 172.768329040291178, -43.190657945963693 ], [ 172.767970761885579, -43.191258700120464 ], [ 172.767610919388233, -43.191858923540437 ], [ 172.767260938500954, -43.192462450627445 ], [ 172.766864483477917, -43.193050375442112 ], [ 172.766419500377481, -43.193622008738288 ], [ 172.766140363581286, -43.194249293174238 ], [ 172.76574075184223, -43.19483614121966 ], [ 172.765424200345763, -43.195452513875452 ], [ 172.765026208399206, -43.196046515359093 ], [ 172.764610023847126, -43.19663389863755 ], [ 172.764301674363338, -43.197249964158253 ], [ 172.763922392620231, -43.197843986489659 ], [ 172.763588455591417, -43.198452090524896 ], [ 172.763278695764114, -43.199067699887763 ], [ 172.762955882052495, -43.199678958161243 ], [ 172.762586616002181, -43.200275127289068 ], [ 172.762229600328936, -43.200875394647689 ], [ 172.761851889102275, -43.201469783769198 ], [ 172.761517477094344, -43.20207777452196 ], [ 172.761175992937382, -43.202683536764873 ], [ 172.760828736443301, -43.203287479000963 ], [ 172.760465725065188, -43.20388646407271 ], [ 172.760104751911086, -43.204486083756954 ], [ 172.759750805486675, -43.205087905760209 ], [ 172.759402285694875, -43.205691427216912 ], [ 172.759043097031906, -43.206291589894242 ], [ 172.758689974412562, -43.2068936529678 ], [ 172.758319286598407, -43.207490190027421 ], [ 172.757978383044872, -43.208096081209796 ], [ 172.757657545902447, -43.208708272511949 ], [ 172.757287778053126, -43.209305080877655 ], [ 172.75691772243951, -43.209901792887095 ], [ 172.756601749177605, -43.210518196975372 ], [ 172.756267329938538, -43.211128822900008 ], [ 172.755944004482899, -43.211740106278562 ], [ 172.755584645164333, -43.212340265277092 ], [ 172.755202838677235, -43.212933627815531 ], [ 172.754854711680082, -43.213537172715128 ], [ 172.754566482234651, -43.214158831076517 ], [ 172.75419293842981, -43.214754675180131 ], [ 172.753829644940595, -43.215353614091192 ], [ 172.753494661054361, -43.215961110840176 ], [ 172.753149651093082, -43.21656556863006 ], [ 172.752855872349471, -43.21718559202926 ], [ 172.752523143523661, -43.217798602482496 ], [ 172.752114663926704, -43.21839010352371 ], [ 172.751834558373417, -43.219013056706729 ], [ 172.751548464728415, -43.219634315360523 ], [ 172.751214057050419, -43.220241945825258 ], [ 172.750864679164692, -43.220845349372809 ], [ 172.75056508547803, -43.221462783298762 ], [ 172.750235189129285, -43.222069935425743 ], [ 172.749816866554426, -43.222650274494292 ], [ 172.74953300698192, -43.223271394510405 ], [ 172.749169236094787, -43.223870333770343 ], [ 172.748836072002803, -43.224478233341031 ], [ 172.748568099191033, -43.225105224739345 ], [ 172.748222579128253, -43.225709492450818 ], [ 172.747864305646232, -43.226310017993647 ], [ 172.747535177681385, -43.226919075673578 ], [ 172.747213106925045, -43.227530194686537 ], [ 172.746919548432146, -43.228149660232177 ], [ 172.746531549728076, -43.228741453636587 ], [ 172.746193025363453, -43.229347734400903 ], [ 172.745905048227883, -43.229968816739301 ], [ 172.745600783957968, -43.23058807716658 ], [ 172.74527980225281, -43.231206508417976 ], [ 172.744890566944093, -43.231804219055007 ], [ 172.744612136086772, -43.232426830108629 ], [ 172.744337396649229, -43.233050406606779 ], [ 172.743972837210237, -43.233650333077776 ], [ 172.743646614016285, -43.234260344802927 ], [ 172.743274060192903, -43.234858154486687 ], [ 172.742942750787336, -43.23546681494939 ], [ 172.742593246563672, -43.236070679704909 ], [ 172.74228640842631, -43.236685769442339 ], [ 172.742049347738089, -43.237319220687105 ], [ 172.741718597188935, -43.237928003415888 ], [ 172.741398546970686, -43.238539596610813 ], [ 172.741099302798148, -43.239156660397995 ], [ 172.740824922498291, -43.239780262878398 ], [ 172.740489270345023, -43.240387730513362 ], [ 172.740119983239595, -43.240986338222079 ], [ 172.739845394543778, -43.241599694478616 ], [ 172.739590813781433, -43.242215622223775 ], [ 172.739352400366073, -43.242847832865628 ], [ 172.739072343723564, -43.243471610558537 ], [ 172.738714502949023, -43.24407192717964 ], [ 172.738424079407707, -43.244692566690816 ], [ 172.738149450415079, -43.245317962728762 ], [ 172.737839956545059, -43.245932839619634 ], [ 172.73759465983207, -43.246567068084751 ], [ 172.737188606333376, -43.247152816820424 ], [ 172.736888521448861, -43.247775800086671 ], [ 172.736553962197604, -43.248389541716591 ], [ 172.736289063457235, -43.249016673419028 ], [ 172.736123734226055, -43.249668899392219 ], [ 172.735885086934388, -43.250301810608953 ], [ 172.73554673004287, -43.250909282035558 ], [ 172.73522311554018, -43.251523859454807 ] ] } },
{ "type": "Feature", "properties": { "group_id": "nzd0425" }, "geometry": { "type": "LineString", "coordinates": [ [ 170.150239578607938, -43.226227069547519 ], [ 170.151098041159685, -43.226033726837727 ], [ 170.151916272514228, -43.225755435843496 ], [ 170.152676319949279, -43.225430225943839 ], [ 170.153400436808454, -43.225096532958673 ], [ 170.154146696547173, -43.224733994902849 ], [ 170.154814799899412, -43.224293799005402 ], [ 170.155466643877674, -43.223838274166845 ], [ 170.156097578567113, -43.223381470541483 ], [ 170.156678630834648, -43.222903100317417 ], [ 170.157348593569651, -43.222471700960675 ], [ 170.157893810301346, -43.221945805304756 ], [ 170.158432852352718, -43.221415574655133 ], [ 170.159045067411682, -43.220936668156753 ], [ 170.159669073602515, -43.22046602878487 ], [ 170.160435559310741, -43.22008398105357 ], [ 170.161087526660566, -43.219612368563475 ], [ 170.161787458840394, -43.219189621393937 ], [ 170.162577055504272, -43.218869469607917 ], [ 170.163931351262335, -43.219127616354051 ], [ 170.164248490194126, -43.218323618566814 ], [ 170.164801703016138, -43.217761378289168 ], [ 170.165503238056175, -43.217362417899913 ], [ 170.166207140610624, -43.216958331204893 ], [ 170.16699407576553, -43.216557591089021 ], [ 170.167647379878844, -43.216092763191689 ], [ 170.168207852326987, -43.215580035061045 ] ] } },
{ "type": "Feature", "properties": { "group_id": "nzd0426" }, "geometry": { "type": "LineString", "coordinates": [ [ 170.119242052575459, -43.246682634287993 ], [ 170.119817180759355, -43.246168753410991 ], [ 170.120300942053859, -43.245616514496184 ], [ 170.120795135461492, -43.24509006295191 ], [ 170.121300857616433, -43.244560379778925 ], [ 170.121798590109506, -43.244024196250301 ], [ 170.122258428699269, -43.243463237328491 ], [ 170.122701148502728, -43.242890349296644 ], [ 170.123146606666353, -43.242322489791199 ], [ 170.123642576552072, -43.241778518929543 ], [ 170.124016806781015, -43.241181362125921 ], [ 170.124443050988276, -43.240605455918988 ] ] } },
{ "type": "Feature", "properties": { "group_id": "nzd0427" }, "geometry": { "type": "LineString", "coordinates": [ [ 170.080635562592477, -43.275802249226828 ], [ 170.081321484429736, -43.275377133548801 ], [ 170.082046031261115, -43.274990827753022 ], [ 170.082733886764203, -43.274578127435426 ] ] } },
{ "type": "Feature", "properties": { "group_id": "nzd0430" }, "geometry": { "type": "LineString", "coordinates": [ [ 172.717770368345384, -43.301000701726672 ], [ 172.717517610142465, -43.301629616497053 ], [ 172.717373724754623, -43.302275961738374 ], [ 172.717265654696661, -43.302935908877672 ], [ 172.717134335562065, -43.303597091813913 ], [ 172.716838277382152, -43.304230042932105 ], [ 172.716762569353108, -43.304883648226379 ], [ 172.716615489262892, -43.305528538360534 ], [ 172.716491114071658, -43.306176191908023 ], [ 172.716212531398099, -43.306805023518301 ], [ 172.715971789002424, -43.307438465223555 ], [ 172.715973760337079, -43.308101514055913 ], [ 172.715826400111297, -43.308746335815819 ], [ 172.715575718073495, -43.309378544379953 ], [ 172.715516469173849, -43.31003410297901 ], [ 172.715437294783811, -43.310687223512666 ], [ 172.715254523514062, -43.31132769742814 ], [ 172.715034284413662, -43.31196359310654 ], [ 172.715010350352628, -43.312623432827053 ], [ 172.714824694388085, -43.313261466739235 ], [ 172.714536568906539, -43.313879861035261 ], [ 172.714272533329137, -43.314502049551457 ], [ 172.714240268543278, -43.315163151041745 ], [ 172.71426369008995, -43.31583778170004 ], [ 172.714129904977682, -43.316500191059987 ], [ 172.713995296035961, -43.317156972814729 ], [ 172.713886125870033, -43.317805735901409 ], [ 172.71368340037651, -43.31844551634925 ], [ 172.713659770359811, -43.31910247234682 ], [ 172.713605319190322, -43.319756464361248 ], [ 172.713333133303138, -43.320389560186037 ], [ 172.713144403043941, -43.321030655745673 ], [ 172.713160762217967, -43.321691420575156 ], [ 172.713114448145802, -43.322346165543209 ], [ 172.71299083207083, -43.322999091541988 ], [ 172.712610380473194, -43.323645423059148 ], [ 172.712628258697379, -43.324315560790396 ], [ 172.712594790006023, -43.324968996482788 ], [ 172.712647381754692, -43.32562691840846 ], [ 172.712444980767117, -43.326271520030772 ], [ 172.712181593913215, -43.326912930312091 ], [ 172.712211969778565, -43.327557096176207 ], [ 172.712239845463898, -43.328201442051927 ], [ 172.712106368400214, -43.328845903482282 ], [ 172.711870759843151, -43.32948422586626 ], [ 172.711689487401344, -43.330126976609534 ], [ 172.711780151446561, -43.330791918023884 ], [ 172.711853667310862, -43.331455452353651 ], [ 172.711663867853446, -43.332097486434172 ], [ 172.711496912155781, -43.332741378186171 ], [ 172.711190794071058, -43.333373903593973 ], [ 172.711100394034219, -43.334032250924665 ], [ 172.71118075706184, -43.334709194898927 ], [ 172.711178450741386, -43.335371418477663 ], [ 172.711096614211584, -43.336022194510619 ], [ 172.710850346588131, -43.336664226606921 ], [ 172.710565016431445, -43.337304175819554 ], [ 172.710830093633774, -43.337973364264442 ], [ 172.710917125090248, -43.338633084804044 ], [ 172.710742152733246, -43.339278877314342 ], [ 172.710592092333769, -43.339925986425357 ], [ 172.71042915688372, -43.340572404396134 ], [ 172.710462881555259, -43.34122968496861 ], [ 172.710401101808344, -43.341882931299089 ], [ 172.710461985392499, -43.342541934284149 ], [ 172.710316698138683, -43.343189482172356 ], [ 172.710240837576578, -43.343840524373334 ], [ 172.710293674465362, -43.344498049972536 ], [ 172.710248181307207, -43.345150609627488 ], [ 172.710283746665141, -43.345807250050306 ], [ 172.710227030239679, -43.34645922968879 ], [ 172.710252709946673, -43.347115357465491 ], [ 172.710116396112397, -43.347763309101552 ], [ 172.710075744536482, -43.348416077867959 ], [ 172.710096774823199, -43.349073876657634 ], [ 172.710151979510869, -43.349734706057092 ], [ 172.710047681539237, -43.350386738259445 ], [ 172.709990556901573, -43.351038670972606 ], [ 172.709916884774202, -43.351689951212592 ], [ 172.709994169070825, -43.352347112679077 ], [ 172.709983230863713, -43.353000201126854 ], [ 172.710016073648603, -43.353654351521755 ], [ 172.709982640785455, -43.354306458230631 ], [ 172.709897313156119, -43.354957060208321 ], [ 172.709735784118408, -43.35560425737453 ], [ 172.709830093009174, -43.356262855228223 ], [ 172.709925095765954, -43.356922553062901 ], [ 172.710004135930035, -43.357583857852561 ], [ 172.709831964702744, -43.358240082332024 ], [ 172.709777284921557, -43.358893128172554 ], [ 172.709774991329908, -43.359546256530507 ], [ 172.709738706835111, -43.360199319738534 ], [ 172.709812568110607, -43.360852404257102 ], [ 172.709786393135886, -43.361504897937621 ], [ 172.709671192667429, -43.362157103382856 ], [ 172.709707951455925, -43.362810376291471 ], [ 172.709941184227603, -43.363464524449768 ], [ 172.709924890432774, -43.364117545011133 ], [ 172.709928637556573, -43.364770648522629 ], [ 172.709937457855261, -43.365423767780321 ], [ 172.710030551305437, -43.366077433539814 ], [ 172.70996944489508, -43.366730567349776 ], [ 172.710006547683747, -43.367383699331853 ], [ 172.710122519249182, -43.368036938198046 ], [ 172.710042963717257, -43.368689836248564 ], [ 172.710128084450048, -43.369343066745117 ] ] } },
{ "type": "Feature", "properties": { "group_id": "nzd0431" }, "geometry": { "type": "LineString", "coordinates": [ [ 169.90888206236545, -43.390719405084354 ], [ 169.909789263501466, -43.390811995610356 ], [ 169.910688947891146, -43.390812780198686 ], [ 169.911605224512414, -43.390700048631359 ], [ 169.912520401260451, -43.390566371841437 ], [ 169.913398779216976, -43.390387668023436 ], [ 169.914267280931796, -43.39022119722793 ], [ 169.91512989571126, -43.390016868305246 ], [ 169.915995368889071, -43.389812230208939 ], [ 169.91684597760991, -43.389594643847531 ], [ 169.91767974028167, -43.389349954731813 ], [ 169.918505797886638, -43.389089070501029 ], [ 169.919335736120672, -43.388836342878498 ], [ 169.920142409231687, -43.388534717361125 ], [ 169.920955447271155, -43.388246470900455 ], [ 169.92177242855783, -43.387959849556267 ], [ 169.922575285229243, -43.387656139620709 ], [ 169.923371754571576, -43.387349496376856 ], [ 169.924207288032306, -43.387098567766337 ], [ 169.924971890252664, -43.386754979428204 ], [ 169.925771458321634, -43.386465726004502 ], [ 169.926563640106195, -43.386174254968864 ], [ 169.927357574499382, -43.385873976983561 ], [ 169.928153193036252, -43.385569820747669 ], [ 169.928911793116157, -43.385208208130628 ], [ 169.929706857242167, -43.384903189899113 ], [ 169.93046855343303, -43.384546382324281 ], [ 169.93125582710465, -43.384229271605648 ], [ 169.932008733905036, -43.383861122874478 ], [ 169.932777977763209, -43.383532796388273 ], [ 169.933518168251226, -43.383169021488946 ], [ 169.934278075554317, -43.382820737636699 ], [ 169.935072008434531, -43.382514317315994 ], [ 169.935838358943755, -43.382173956926692 ], [ 169.936590791907776, -43.381816470450538 ], [ 169.937353445819127, -43.381471557824199 ], [ 169.938119977517317, -43.381131359823179 ], [ 169.938871862302108, -43.380772891431619 ], [ 169.939626540725669, -43.380417808651728 ], [ 169.940363986817943, -43.380041611750634 ], [ 169.941126767507825, -43.379696766188239 ], [ 169.941890614254845, -43.379353237943484 ], [ 169.942629876153603, -43.378979283314663 ], [ 169.943385569140162, -43.378625660950142 ], [ 169.944096472091815, -43.378229256832277 ], [ 169.944821724972485, -43.377865060138312 ], [ 169.94556121153002, -43.377503443497211 ], [ 169.946305127734973, -43.377137487213922 ], [ 169.947052022249579, -43.376774563503524 ], [ 169.947771350219824, -43.376383541349064 ], [ 169.94850604336574, -43.376008176539145 ], [ 169.949220455921306, -43.375612139488119 ], [ 169.949899410928452, -43.375181648824132 ], [ 169.950636954092261, -43.374816645288021 ], [ 169.951390605634884, -43.374461731523489 ], [ 169.952080278859256, -43.374043496503724 ], [ 169.952766807864549, -43.37362241177788 ], [ 169.953506656327022, -43.373249598611636 ], [ 169.95419471185923, -43.372829889850969 ], [ 169.95489408870236, -43.372420428138035 ], [ 169.955594280564981, -43.372011701256987 ], [ 169.9563200551313, -43.371626132912589 ], [ 169.95697251720145, -43.371174187251235 ], [ 169.95765964401528, -43.370755034586892 ], [ 169.958374630102867, -43.370362943592021 ], [ 169.959096377337346, -43.369975490277525 ], [ 169.959763681235728, -43.369531755900873 ], [ 169.960502546651242, -43.3691605480454 ], [ 169.961241868795383, -43.368787233070329 ], [ 169.961864912006234, -43.368306402915572 ], [ 169.962525366982476, -43.367864019476805 ], [ 169.963201028728236, -43.367433972236292 ], [ 169.963896298995934, -43.367020435499029 ], [ 169.96461455040037, -43.366626249312162 ], [ 169.965321170620598, -43.366223557590175 ], [ 169.965972820237681, -43.365788120469034 ], [ 169.966679702033247, -43.365394949607364 ], [ 169.967379850253934, -43.364977947638103 ], [ 169.968153424369746, -43.364645875911165 ], [ 169.968876193825281, -43.364255036404195 ], [ 169.969632601084555, -43.363903103358261 ], [ 169.97034818484056, -43.363503948640478 ], [ 169.971165600203562, -43.363222133514782 ], [ 169.971954702092575, -43.362904361917785 ], [ 169.972723745375532, -43.362563200045749 ], [ 169.973477974523973, -43.362208675575189 ], [ 169.97416248808085, -43.361778468736468 ], [ 169.974873247088595, -43.361376750794932 ], [ 169.975594741360709, -43.360986684357918 ], [ 169.976299321334977, -43.360578254771049 ], [ 169.976948401932106, -43.360109577252068 ], [ 169.977618604264308, -43.359666854061956 ], [ 169.978291393243524, -43.359250333581024 ], [ 169.97898839305148, -43.358852592441004 ], [ 169.979625397413002, -43.35839131466799 ], [ 169.980287126333735, -43.357949896737608 ], [ 169.980969827616065, -43.357523820201592 ], [ 169.981596188222198, -43.357049843566912 ], [ 169.98224581521032, -43.35659662667296 ], [ 169.982900223445796, -43.356148154654299 ], [ 169.983537669107079, -43.355685125926279 ], [ 169.984217698026583, -43.355270997504725 ], [ 169.984800099193336, -43.354784736723502 ], [ 169.985408414877668, -43.354305725695397 ], [ 169.986010675317402, -43.353820854575147 ], [ 169.986601309033119, -43.353327801209844 ], [ 169.987200987755728, -43.35284110649895 ] ] } },
{ "type": "Feature", "properties": { "group_id": "nzd0437" }, "geometry": { "type": "LineString", "coordinates": [ [ 172.712658488538665, -43.413914610909423 ], [ 172.712752875932011, -43.41456731209702 ], [ 172.712761910609657, -43.415220834357903 ], [ 172.712880037091338, -43.415870620799105 ], [ 172.712983057584665, -43.416519189679349 ], [ 172.712955857077077, -43.4171705549116 ], [ 172.71301630927627, -43.417821691724711 ], [ 172.713029778453745, -43.418473820381273 ], [ 172.71307040537323, -43.419125682879859 ], [ 172.713214731395738, -43.419775929773195 ], [ 172.713300505172327, -43.420428731407689 ], [ 172.713218397463891, -43.421086983070381 ], [ 172.713250005831611, -43.42174023390244 ], [ 172.713314476937938, -43.422391013258363 ], [ 172.713317073410508, -43.42304415959412 ], [ 172.713338490834815, -43.423696624901019 ], [ 172.713419503975928, -43.424346144030231 ], [ 172.713450293481117, -43.424990947750459 ], [ 172.71347281558846, -43.425636981422102 ], [ 172.713466994864149, -43.426289395236346 ], [ 172.713570700723182, -43.426944759880506 ], [ 172.713650341942241, -43.427602703677557 ], [ 172.713599986700558, -43.428262404647917 ], [ 172.713653195541156, -43.42890891202191 ], [ 172.713758679446585, -43.429555890718113 ], [ 172.713792222131019, -43.430207819132995 ], [ 172.713809816784419, -43.430860264174669 ], [ 172.713886141575273, -43.431510879883703 ], [ 172.713865200612389, -43.432164603954284 ], [ 172.713945295970404, -43.432815002501037 ], [ 172.714036387634565, -43.433465038644933 ], [ 172.714100000345155, -43.434118733798321 ], [ 172.714127887966896, -43.434776417840304 ], [ 172.714259608031426, -43.435425009733621 ], [ 172.714151361661436, -43.436088081296361 ], [ 172.714257003179455, -43.436732478786986 ], [ 172.714282358831724, -43.437371074444115 ], [ 172.714428034171988, -43.438011488764822 ], [ 172.714393720206687, -43.438664274779924 ], [ 172.714478385082771, -43.439316344120897 ], [ 172.714475343426074, -43.439976601699733 ], [ 172.714562466757798, -43.440635314904362 ], [ 172.714708007656981, -43.441283427007619 ], [ 172.714743107375909, -43.441937275856354 ], [ 172.714931376513334, -43.442578802302947 ], [ 172.714755619442201, -43.44324325517929 ], [ 172.714906637064757, -43.443884702552047 ], [ 172.714861952532601, -43.444541627000035 ], [ 172.715126328170669, -43.445180513263217 ], [ 172.715175744746062, -43.445834539921826 ], [ 172.715176593417794, -43.446492465049893 ], [ 172.715365394839921, -43.447134313191903 ], [ 172.715461875918436, -43.447782748810255 ], [ 172.715696657637949, -43.448421537136433 ], [ 172.715654477653572, -43.449081555690228 ], [ 172.715748373918899, -43.449729960311394 ], [ 172.715802917378113, -43.450378472733874 ], [ 172.715903778593656, -43.451029520279107 ], [ 172.716103021686223, -43.451676341487349 ], [ 172.716206910927923, -43.452327711492146 ], [ 172.716282918602786, -43.452975594751109 ], [ 172.716300721846636, -43.453625856083264 ], [ 172.716449759308944, -43.454267661419358 ], [ 172.716528002759418, -43.454917543371295 ], [ 172.716730503017885, -43.455557524052814 ], [ 172.716802939471364, -43.456208661753394 ], [ 172.716979895967881, -43.456849404663366 ], [ 172.717027151622517, -43.457497862838473 ], [ 172.717162391207637, -43.458144381559556 ], [ 172.717340577808073, -43.458791775267933 ], [ 172.71736482037187, -43.459451088422895 ], [ 172.717379404434411, -43.46011098160723 ], [ 172.717560518404383, -43.460753450452536 ], [ 172.717875509841207, -43.461377366008314 ], [ 172.717956883907306, -43.462028005123081 ], [ 172.717953571698047, -43.462687287511322 ], [ 172.718166712736092, -43.463321828855591 ], [ 172.718420935484005, -43.46395285847985 ], [ 172.718571477595191, -43.464594461188604 ], [ 172.718694979253343, -43.465238939060654 ], [ 172.718704774260971, -43.465896982754714 ], [ 172.718915460554229, -43.466535472950767 ], [ 172.719237891855101, -43.46716003411229 ], [ 172.719240178049517, -43.467819646411186 ], [ 172.719314901992476, -43.468467898622698 ], [ 172.719467819763935, -43.469107919799754 ], [ 172.719814339687531, -43.469732676306805 ], [ 172.719967820290719, -43.470377613711797 ], [ 172.720111851964617, -43.471022558626267 ], [ 172.720176980807935, -43.47168063726059 ], [ 172.720472636498101, -43.472303488812194 ], [ 172.720624054012433, -43.472941061970751 ], [ 172.720730935934057, -43.473584797836288 ], [ 172.720802770087346, -43.474237118460991 ], [ 172.721088618049976, -43.474867142500898 ], [ 172.72129915658661, -43.475503797217577 ], [ 172.721382564017688, -43.476159107920715 ], [ 172.721536179470633, -43.476809898779187 ], [ 172.721731161237443, -43.477447150087492 ], [ 172.722020382411586, -43.478053784146944 ], [ 172.722080749649933, -43.478711234681271 ], [ 172.722313610069449, -43.479350338123467 ], [ 172.722554017612566, -43.479975294561044 ], [ 172.722703054301547, -43.480613178889186 ], [ 172.722812186606603, -43.481245908560773 ], [ 172.722961916684199, -43.481882179531127 ], [ 172.723290771682656, -43.482513756343266 ], [ 172.723535159438427, -43.483146800950855 ], [ 172.723630911837205, -43.483796167538699 ], [ 172.723909433883961, -43.484417879912236 ], [ 172.724225050869677, -43.485036630143433 ], [ 172.724305175406187, -43.485692560190081 ], [ 172.724457781566912, -43.486337919724996 ], [ 172.724727978770431, -43.486962822781031 ], [ 172.724900941228043, -43.487603879073717 ], [ 172.724939462121426, -43.488268737842375 ], [ 172.725324882058374, -43.488868197581326 ], [ 172.725588337923142, -43.48949137615427 ], [ 172.725690642181888, -43.490140209249802 ], [ 172.74536454631135, -43.538897118274861 ], [ 172.745666499637963, -43.5395104256962 ], [ 172.745936301085891, -43.540132107682815 ], [ 172.746260047519115, -43.540739842861825 ], [ 172.74668922857191, -43.541319323794347 ], [ 172.746962261670546, -43.541940294341423 ], [ 172.747327522412206, -43.542536688177172 ], [ 172.747544522690845, -43.543172507584423 ], [ 172.747963202283017, -43.543752517732287 ], [ 172.748241552468329, -43.544372806407587 ], [ 172.748586439806616, -43.544974119588943 ], [ 172.748849028119139, -43.545599434702815 ], [ 172.749013065310947, -43.546267507761073 ], [ 172.749376644697264, -43.546849123573587 ], [ 172.749669426813313, -43.547443551837119 ], [ 172.75000217879699, -43.548043221085265 ], [ 172.75040567104071, -43.548636205826305 ], [ 172.750653758581223, -43.549261062657472 ], [ 172.750968743607416, -43.54987377204084 ], [ 172.751123434797393, -43.550516781388211 ], [ 172.751546825131356, -43.551107194885738 ], [ 172.751762418480098, -43.551730817858903 ], [ 172.75188365517991, -43.552388149365555 ], [ 172.752116541189054, -43.55300265587902 ], [ 172.752455872669799, -43.553632110983663 ], [ 172.75263384538016, -43.554265806961453 ], [ 172.752788590346711, -43.554886036413201 ], [ 172.753164662105149, -43.555479069791041 ], [ 172.753301392720715, -43.556143242499203 ], [ 172.753484077638007, -43.556803645409907 ], [ 172.753442457500682, -43.557469265760346 ] ] } },
{ "type": "Feature", "properties": { "group_id": "nzd0438" }, "geometry": { "type": "LineString", "coordinates": [ [ 169.706015541076084, -43.528820742403127 ], [ 169.70649441616149, -43.528269978944458 ], [ 169.706961244737613, -43.527713775667834 ], [ 169.707416049822598, -43.527152142959068 ], [ 169.707883006931695, -43.526595987186155 ], [ 169.708316960655225, -43.526024937254896 ], [ 169.708795700729638, -43.525474086687396 ], [ 169.709206834071665, -43.52489273122476 ], [ 169.709700154131326, -43.524348050161741 ], [ 169.710159640881415, -43.523787445623846 ], [ 169.710544457403415, -43.52319386118824 ], [ 169.711040611380866, -43.522650751963873 ], [ 169.711447135876256, -43.522067543475366 ], [ 169.711858192865236, -43.521486357205085 ], [ 169.712287174943782, -43.520913184104778 ], [ 169.712744731906099, -43.520349752897694 ], [ 169.713151006106614, -43.519756406195832 ], [ 169.713537828794216, -43.51915983688864 ], [ 169.713966519353704, -43.518587667825813 ], [ 169.714460210373431, -43.518041236395 ], [ 169.714833820580822, -43.517447241821493 ], [ 169.715291082005564, -43.516890648658169 ], [ 169.715650197620221, -43.516299975851361 ], [ 169.716014996055947, -43.515704875484921 ] ] } },
{ "type": "Feature", "properties": { "group_id": "nzd0439" }, "geometry": { "type": "LineString", "coordinates": [ [ 172.751504382425338, -43.563289331082437 ], [ 172.752517228313025, -43.563216431359713 ], [ 172.753366663727206, -43.563431190748126 ], [ 172.754179810693273, -43.563709832172563 ], [ 172.755146559111068, -43.563774560387756 ], [ 172.755955368984502, -43.564213273604331 ], [ 172.756825101273108, -43.564546168116728 ], [ 172.757563608627237, -43.564918272234912 ], [ 172.758259678585119, -43.565128436511245 ], [ 172.75870878552243, -43.565223982768501 ], [ 172.759552099855171, -43.565739252748656 ], [ 172.760150366814514, -43.566357464221696 ], [ 172.760481793512952, -43.567014119038639 ], [ 172.761038609221828, -43.567525038064744 ], [ 172.761485821878125, -43.568095866435058 ], [ 172.761885587419926, -43.568659941459416 ], [ 172.762280599864425, -43.569221623988902 ], [ 172.762787137343224, -43.569760285348465 ], [ 172.763493208617888, -43.570221071595455 ], [ 172.764176174163566, -43.570681677062879 ], [ 172.764776502238391, -43.571224368235221 ], [ 172.765461916278468, -43.571652093174599 ], [ 172.766271718728916, -43.571993315687557 ], [ 172.76711769774343, -43.572352326292439 ], [ 172.768013166269071, -43.572610268066818 ], [ 172.768923023412071, -43.572646772001164 ] ] } },
{ "type": "Feature", "properties": { "group_id": "nzd0440" }, "geometry": { "type": "LineString", "coordinates": [ [ 172.777352642525528, -43.580366910753277 ], [ 172.775682644588272, -43.581156908559507 ], [ 172.776004923214686, -43.581830052586092 ], [ 172.775861115983759, -43.582630629132396 ], [ 172.776377403914211, -43.583264643713846 ], [ 172.776936164722457, -43.583876708243615 ], [ 172.777489888655481, -43.584415863953311 ] ] } },
{ "type": "Feature", "properties": { "group_id": "nzd0441" }, "geometry": { "type": "LineString", "coordinates": [ [ 169.60927595888495, -43.592023393683505 ], [ 169.610081228461496, -43.591692287677162 ], [ 169.610772134119003, -43.591276564337839 ], [ 169.611415089947343, -43.590821101718845 ], [ 169.612061025480216, -43.590368105213201 ], [ 169.61270237678329, -43.589911306637461 ], [ 169.61332450931522, -43.58943857856444 ], [ 169.613889851718682, -43.588913612827511 ], [ 169.614454674082708, -43.5883889947076 ], [ 169.615013560717045, -43.587871747074388 ] ] } },
{ "type": "Feature", "properties": { "group_id": "nzd0442" }, "geometry": { "type": "LineString", "coordinates": [ [ 169.529936564037001, -43.610515136390525 ], [ 169.530593400971696, -43.610071546107541 ], [ 169.531248609134934, -43.609626622713783 ], [ 169.531913674893218, -43.609189744102757 ], [ 169.532552448024461, -43.608731395968341 ], [ 169.533204126885806, -43.608281660878468 ], [ 169.533824653061799, -43.607808078746963 ], [ 169.534461791524052, -43.607349108857385 ], [ 169.53511438098613, -43.606902380297974 ], [ 169.53575784440369, -43.606448893073129 ], [ 169.53638151602479, -43.605980752757354 ], [ 169.536993231761528, -43.605503759396719 ], [ 169.537606545759928, -43.605027945421668 ], [ 169.53821415185007, -43.604547903034977 ], [ 169.538819550328725, -43.604066223066631 ], [ 169.539399042730622, -43.603565364768706 ], [ 169.539990382784225, -43.60307331931692 ], [ 169.540585600940972, -43.602588065854242 ], [ 169.541171125676129, -43.602095609327286 ], [ 169.541730886780726, -43.601586847206924 ], [ 169.542291505486759, -43.601078546872998 ], [ 169.54284470163492, -43.600566203888583 ], [ 169.543374805251744, -43.600041293768363 ], [ 169.543881102806125, -43.599503428388722 ], [ 169.54436999999416, -43.598956092476747 ], [ 169.544857342255995, -43.598407905993227 ], [ 169.545371144828664, -43.597868429975357 ], [ 169.545826942891239, -43.597302464762301 ], [ 169.546274615650816, -43.596737369480188 ], [ 169.546726889851101, -43.596175468090031 ], [ 169.547141253319893, -43.595598199338149 ], [ 169.547575505809135, -43.595028984313082 ], [ 169.54798708921291, -43.594450577996376 ], [ 169.548365003651469, -43.593858523076193 ], [ 169.548722810794487, -43.593258592693893 ], [ 169.549054799706141, -43.592647950933262 ], [ 169.54947330694975, -43.592071202613724 ], [ 169.550325375377298, -43.591686802973925 ] ] } },
{ "type": "Feature", "properties": { "group_id": "nzd0444" }, "geometry": { "type": "LineString", "coordinates": [ [ 169.348002026207126, -43.668050305129029 ], [ 169.348842189560713, -43.667810524622858 ], [ 169.349618573449334, -43.667483028294605 ], [ 169.350403605268923, -43.667167423306516 ], [ 169.351226493609857, -43.666903877298004 ], [ 169.352026909502968, -43.666609424271435 ], [ 169.352827521018071, -43.66628568339096 ], [ 169.353567713140507, -43.665872944149108 ], [ 169.354291412135723, -43.665460189441212 ], [ 169.354957343734753, -43.665024485604242 ], [ 169.355592245217338, -43.664563596110376 ], [ 169.356245220512278, -43.664117370991008 ], [ 169.356802664747875, -43.663573093527496 ], [ 169.357304548284191, -43.663010029981763 ], [ 169.357821464083514, -43.662459145105316 ], [ 169.358283136822735, -43.661900959027044 ], [ 169.358682951286482, -43.661319124127864 ], [ 169.359046757253822, -43.660723520549844 ], [ 169.359385830817644, -43.660118458122433 ], [ 169.359699979533502, -43.659503863206773 ], [ 169.360011904414421, -43.658888128643561 ], [ 169.360361343626607, -43.6582867812213 ], [ 169.360752953975094, -43.657701754119472 ], [ 169.36112484991088, -43.657110181988855 ], [ 169.36145042388091, -43.656502166818868 ], [ 169.361718978373375, -43.655873912471037 ], [ 169.361981680876369, -43.65524221224377 ], [ 169.362274171783554, -43.654619413816533 ], [ 169.362518567417311, -43.653980135375441 ], [ 169.362797570239593, -43.653353720457403 ], [ 169.363302493721562, -43.65281085554119 ], [ 169.363806843535087, -43.652267772615694 ], [ 169.364284782751469, -43.651714916077871 ], [ 169.364732994983711, -43.651151059451998 ], [ 169.365065081788543, -43.650544248903699 ], [ 169.365378468450984, -43.649944895363959 ], [ 169.365645681236799, -43.649347558492799 ], [ 169.36595474727298, -43.648742279884232 ], [ 169.366171759718583, -43.64811150214576 ] ] } },
{ "type": "Feature", "properties": { "group_id": "nzd0445" }, "geometry": { "type": "LineString", "coordinates": [ [ 169.168430858731995, -43.743944740749761 ], [ 169.169088885628696, -43.743503448475849 ], [ 169.169735049146567, -43.743052950499539 ], [ 169.170381571316767, -43.742602727172851 ], [ 169.171029090301829, -43.7421532734934 ], [ 169.171687803117379, -43.741712498896035 ], [ 169.172325182112928, -43.741255172895499 ], [ 169.173011444500105, -43.740835760116305 ], [ 169.1736641341449, -43.740394048305809 ], [ 169.17428318175206, -43.739928177514692 ], [ 169.174930572743733, -43.739479549371609 ], [ 169.175571668907338, -43.739021832408149 ], [ 169.176209216107623, -43.738561016858341 ], [ 169.176858522341888, -43.738110455703051 ], [ 169.177501205820477, -43.73765424686426 ], [ 169.178151168488142, -43.737205806083956 ], [ 169.178800089475402, -43.736757149882195 ], [ 169.179509039532633, -43.736357122954885 ], [ 169.180166850158599, -43.735919316404036 ], [ 169.180852053903948, -43.735497975819875 ], [ 169.181609661078596, -43.735146852161577 ], [ 169.182429759178007, -43.734880001776105 ], [ 169.183249475543448, -43.734625508457178 ], [ 169.184060380070264, -43.734347822105967 ], [ 169.18487712554392, -43.734077207976277 ], [ 169.185703391573782, -43.733836212767301 ], [ 169.186526601047063, -43.733571496482128 ] ] } },
{ "type": "Feature", "properties": { "group_id": "nzd0446" }, "geometry": { "type": "LineString", "coordinates": [ [ 169.061612771184542, -43.822295535927935 ], [ 169.062370440732593, -43.821934797045458 ], [ 169.063060588748158, -43.821503615098415 ], [ 169.063746578287038, -43.82108104213723 ], [ 169.064504343343884, -43.820730985993244 ], [ 169.065202770879097, -43.820322888183775 ], [ 169.065914636161295, -43.819927931185681 ], [ 169.066637026926088, -43.819543266291639 ], [ 169.067312983215885, -43.819113181542853 ], [ 169.06801834562873, -43.818711855994977 ], [ 169.068703877579452, -43.818291132032819 ], [ 169.069414912958479, -43.817895349737988 ], [ 169.070095379992381, -43.817469666833134 ], [ 169.070786199790035, -43.817052083553271 ] ] } },
{ "type": "Feature", "properties": { "group_id": "nzd0447" }, "geometry": { "type": "LineString", "coordinates": [ [ 172.717021680437171, -43.828044580795485 ], [ 172.716125295395472, -43.827988851044935 ], [ 172.715228248939184, -43.827948839564272 ], [ 172.714331284862197, -43.827906883526303 ], [ 172.713434787262713, -43.827853871175677 ], [ 172.71253677584059, -43.827836783975805 ], [ 172.71164128103689, -43.827760015317857 ], [ 172.710742750379296, -43.827755251919854 ], [ 172.709844777257132, -43.827737266591626 ], [ 172.708948642017532, -43.827675727582708 ], [ 172.70805646054697, -43.827520536223368 ], [ 172.707153372297824, -43.827623752815853 ], [ 172.706255730740793, -43.827597929594369 ], [ 172.70535597952852, -43.827590214429421 ], [ 172.704456836790172, -43.82756448369144 ], [ 172.70355815856982, -43.827570019447251 ], [ 172.702659532316829, -43.827574551876438 ], [ 172.701762344368433, -43.827527814105423 ], [ 172.700863815910736, -43.827528857808488 ], [ 172.699965359892701, -43.827527312645003 ], [ 172.699067131052317, -43.827517672806067 ], [ 172.698171750543111, -43.827406668427344 ], [ 172.697269801279873, -43.827529412684868 ], [ 172.696370899566119, -43.827543685596211 ], [ 172.695470654155116, -43.827605705884743 ], [ 172.694570991450178, -43.827646966360312 ], [ 172.693671360601485, -43.827687057094131 ], [ 172.692778863293825, -43.827720779140478 ], [ 172.691898928621697, -43.82781449875317 ], [ 172.691003350110861, -43.82784966873281 ], [ 172.690114435484503, -43.827947585769415 ], [ 172.689207068346434, -43.827921304663121 ], [ 172.688329758736415, -43.82809733777394 ], [ 172.687432420541313, -43.828138556749373 ], [ 172.686537778143816, -43.828197920385172 ], [ 172.685643105058801, -43.828257075772058 ], [ 172.68473339097298, -43.828214955895398 ], [ 172.68386091244173, -43.828423550769458 ], [ 172.682967322088729, -43.828503164354217 ], [ 172.682060301229342, -43.828475884107448 ], [ 172.681167230939906, -43.828571207610935 ], [ 172.68027108613876, -43.828617365666638 ], [ 172.679375790207274, -43.828674506848337 ], [ 172.678479303771553, -43.828716250658843 ], [ 172.677586955421845, -43.828811539694883 ], [ 172.676684534761591, -43.82877649728114 ], [ 172.675785446652441, -43.828784568138374 ], [ 172.674888540050802, -43.828820869645739 ], [ 172.673995418531717, -43.828906173024777 ], [ 172.673100305076645, -43.828976657015559 ], [ 172.672199003713587, -43.828976884554365 ], [ 172.67130090502053, -43.829016705029474 ], [ 172.6704033596844, -43.829043978530272 ], [ 172.6695078906113, -43.829114214520573 ], [ 172.668610838269501, -43.829151702410975 ], [ 172.667709731548854, -43.829105268882451 ], [ 172.666811909824276, -43.829126820358496 ], [ 172.665915883518522, -43.829185551980153 ], [ 172.665018705709116, -43.829220446492975 ], [ 172.664121191456104, -43.829248375075466 ], [ 172.663224951612534, -43.829302713457409 ], [ 172.662326150854824, -43.829278469446912 ], [ 172.661433684624342, -43.829330331234011 ], [ 172.660538493199226, -43.829361582507367 ], [ 172.659637933321989, -43.829356491492028 ], [ 172.658742603721379, -43.829411037689411 ], [ 172.6578426898065, -43.829413299051268 ], [ 172.656945422890118, -43.829445745498198 ], [ 172.656048762604911, -43.829485110206512 ], [ 172.655149375595414, -43.829493362972507 ], [ 172.654250761556284, -43.829510428100704 ], [ 172.653354048366111, -43.829549180406154 ], [ 172.652455912746689, -43.829571696609499 ], [ 172.651557956785609, -43.829596258890717 ], [ 172.650662778549872, -43.829652528300713 ], [ 172.649762018826095, -43.829645073425915 ], [ 172.648865385994583, -43.829684731690783 ], [ 172.64796650344735, -43.829695559941179 ], [ 172.647071449116396, -43.82973638623065 ], [ 172.646174531104549, -43.829753635471654 ], [ 172.64527680282842, -43.829777250043144 ], [ 172.644380746210828, -43.829830093538334 ], [ 172.643482945944896, -43.829852450649952 ], [ 172.642585741056337, -43.829885220004762 ], [ 172.641687949544234, -43.829907727623947 ], [ 172.640789658006895, -43.8299214833864 ], [ 172.639893072414253, -43.829965090524226 ], [ 172.638997070241658, -43.830018915487798 ], [ 172.63809863058907, -43.830030074609169 ], [ 172.637203147116367, -43.830092992679432 ], [ 172.636307152378066, -43.830146968584913 ], [ 172.635411308574248, -43.830203597351691 ], [ 172.63451451639952, -43.830243620453281 ], [ 172.633617717533838, -43.830283530321822 ], [ 172.632721190523341, -43.830328208778944 ], [ 172.631825609417064, -43.830389474021501 ], [ 172.630927854828741, -43.830412644242557 ], [ 172.630031725655613, -43.830464315138649 ], [ 172.62913801932126, -43.830509858099205 ], [ 172.62824461356891, -43.830548253642753 ], [ 172.627348639303847, -43.830591281265725 ], [ 172.62644943330514, -43.83061263546201 ], [ 172.625556789431272, -43.830687489510552 ], [ 172.62465714519243, -43.830705261918354 ], [ 172.623759748135882, -43.830741353492073 ], [ 172.62286106242297, -43.830766931159175 ], [ 172.621968185526242, -43.830839882727219 ], [ 172.621074885687648, -43.830909386486965 ], [ 172.620174829221469, -43.830923772535577 ], [ 172.619280491521806, -43.830984807661025 ], [ 172.618385980769489, -43.831044431061663 ], [ 172.617488746192095, -43.83108182850485 ], [ 172.616591124644913, -43.831116064420485 ], [ 172.615696195197842, -43.831172266892771 ], [ 172.614805808971596, -43.831265549904415 ], [ 172.61390897637321, -43.831306219807182 ], [ 172.613014647805613, -43.831367327483868 ], [ 172.612114868271135, -43.831383934445277 ], [ 172.611217147577747, -43.831417343806955 ], [ 172.610326721211663, -43.831510308630932 ], [ 172.609432776604706, -43.83157454938128 ], [ 172.608540626404817, -43.831653445008612 ], [ 172.607638821912587, -43.831653495049643 ], [ 172.606740358873026, -43.831680827899959 ], [ 172.605854230933289, -43.831808915644409 ], [ 172.604963531740481, -43.831904377068341 ], [ 172.604069395317396, -43.831972853903132 ], [ 172.603175135243021, -43.832036278215703 ], [ 172.602280954021467, -43.832098440674834 ], [ 172.601380478533002, -43.832115766201355 ], [ 172.600488992436993, -43.832197123385228 ], [ 172.599603934993269, -43.832324282322496 ], [ 172.598708851726485, -43.832380017290618 ], [ 172.597804344705509, -43.832368602850138 ], [ 172.596919164691258, -43.832494898759386 ], [ 172.596023759310498, -43.832548333159941 ], [ 172.595140657399924, -43.832689450800878 ], [ 172.594248540493169, -43.832766325511336 ], [ 172.593351947619482, -43.83281129729086 ], [ 172.592462349051942, -43.832906123962275 ], [ 172.591573490022398, -43.833006226526585 ], [ 172.590686994264928, -43.833114396259347 ], [ 172.589775098958995, -43.83309229535071 ], [ 172.588894226003276, -43.833225824979976 ], [ 172.588017926475999, -43.833375494855929 ], [ 172.587132862762502, -43.833486565330048 ], [ 172.586246589157838, -43.833592306617533 ], [ 172.585363842728071, -43.833713584790758 ], [ 172.584468407222317, -43.833778966199262 ], [ 172.583588435740836, -43.833912468742767 ], [ 172.582708827743971, -43.834047574721431 ], [ 172.581813522771142, -43.834113525771194 ], [ 172.580913894412276, -43.834160424297693 ], [ 172.580052358677847, -43.834375159315293 ], [ 172.579167427527324, -43.834486815261521 ], [ 172.578278151829267, -43.834579327043237 ], [ 172.577396280914456, -43.834704468159359 ], [ 172.576515732242541, -43.834835437640102 ], [ 172.575631349456614, -43.834949511679525 ], [ 172.574721688047049, -43.834952175775015 ], [ 172.57386006529336, -43.83516656035426 ], [ 172.572981394857379, -43.835304007034175 ], [ 172.572088322845985, -43.835378888325408 ], [ 172.571180789968025, -43.835394894327145 ], [ 172.570316768969832, -43.835594411409147 ], [ 172.569430122625079, -43.835698636674408 ], [ 172.568540059231736, -43.835788467758299 ], [ 172.567641225287502, -43.835841351771094 ], [ 172.566749567834449, -43.835924462090425 ], [ 172.565875910314958, -43.836083398987583 ], [ 172.56499260813672, -43.83620170738206 ], [ 172.564107096194221, -43.83631070615963 ], [ 172.563225156472981, -43.836434755210185 ], [ 172.562347665295931, -43.836577548719276 ], [ 172.561467727947189, -43.836710037346052 ], [ 172.560574856764021, -43.836788027077446 ], [ 172.559689584567622, -43.83689803561353 ], [ 172.558808307104215, -43.837024878136404 ], [ 172.557928323244369, -43.837157173328897 ], [ 172.557033942841173, -43.837228795993397 ], [ 172.556139500245138, -43.837300152931114 ], [ 172.555264293146138, -43.83745258085488 ], [ 172.554390040842407, -43.837609036349242 ], [ 172.553505840690235, -43.837723563314938 ], [ 172.552601016080786, -43.83775115073859 ], [ 172.551724390062589, -43.837897603192353 ], [ 172.55084935888226, -43.838050781638906 ], [ 172.549964371784256, -43.838161990298858 ], [ 172.549067235971165, -43.838221978967844 ], [ 172.54817980612151, -43.838323035251719 ], [ 172.547309428008134, -43.838494618037721 ], [ 172.546422997077059, -43.838599657291368 ], [ 172.545533020956668, -43.838690437749385 ], [ 172.544639768609642, -43.838767808552547 ], [ 172.543769827243153, -43.838940576499212 ], [ 172.542884122696108, -43.839048835322473 ], [ 172.541979352099872, -43.839079059060253 ], [ 172.541094373633996, -43.839190285036899 ], [ 172.54021624708048, -43.839329556556464 ], [ 172.539332083900916, -43.839444119840053 ], [ 172.538439192422544, -43.839522953521886 ], [ 172.537532169942125, -43.83954393619922 ], [ 172.536667478924073, -43.839738209486278 ], [ 172.535804100915811, -43.839937864167403 ], [ 172.534903381902012, -43.839984645289483 ], [ 172.534009691637408, -43.840054195775309 ], [ 172.533126829505818, -43.840166359996878 ], [ 172.532255057434867, -43.840338264483563 ], [ 172.53137784531512, -43.84048690964395 ], [ 172.530480860489178, -43.84054252675768 ], [ 172.529589299493352, -43.840623660251836 ], [ 172.528717794687907, -43.840799166713268 ], [ 172.527831418971573, -43.84090470121302 ], [ 172.526941650095353, -43.840994267901898 ], [ 172.526043273408703, -43.841043323407611 ], [ 172.525164089475481, -43.841182702780358 ], [ 172.524281816424462, -43.841307546230901 ], [ 172.523382566630346, -43.841352484915213 ], [ 172.522492320647189, -43.841439799689475 ], [ 172.521615373455177, -43.841589714218337 ], [ 172.520738110732282, -43.841738147712995 ], [ 172.519849592470848, -43.841833597611306 ], [ 172.518949863293443, -43.841876266552312 ], [ 172.518063540365347, -43.841982048609573 ], [ 172.517193066983111, -43.842162456521315 ], [ 172.516305288089598, -43.842261387085493 ], [ 172.51541517976986, -43.842349348480028 ], [ 172.514517489588513, -43.842401605261294 ], [ 172.513630475001349, -43.842504131395906 ], [ 172.512748607229071, -43.842631601247362 ], [ 172.511861082934502, -43.842733087632034 ], [ 172.510967755121214, -43.842804534811528 ], [ 172.510066976866, -43.842837522206757 ], [ 172.509196533350632, -43.843025265399277 ], [ 172.508315115799093, -43.84315702764944 ], [ 172.507429078473081, -43.843265222078912 ], [ 172.506527877478959, -43.84329604413513 ], [ 172.505648941806783, -43.84344047590551 ], [ 172.504755184723081, -43.843509277680262 ], [ 172.50386000464718, -43.843570814749839 ], [ 172.502980823828409, -43.843714002429145 ], [ 172.502092104751114, -43.843808512974014 ], [ 172.501213050295917, -43.84395235287181 ], [ 172.500321213839868, -43.844030953561912 ], [ 172.499411369085578, -43.844017626584353 ], [ 172.498527089896953, -43.844134798431696 ], [ 172.497642467221937, -43.84425021896525 ], [ 172.496761622838108, -43.844384931323965 ], [ 172.495861827554364, -43.844422890480672 ], [ 172.494964035266861, -43.844471070958896 ], [ 172.49408248288961, -43.84460217105805 ], [ 172.493200206403344, -43.844729577151625 ], [ 172.492300642633012, -43.844768705188507 ], [ 172.491410803741843, -43.844857492340253 ], [ 172.490523271891675, -43.844958061496541 ], [ 172.489637187655234, -43.845066024917685 ], [ 172.488750856559307, -43.845172728758534 ], [ 172.487842009616202, -43.845164422248189 ], [ 172.486934997891865, -43.845158156869694 ], [ 172.486066555363919, -43.845357580409093 ], [ 172.485183583767849, -43.845487219803339 ], [ 172.484288679229394, -43.845546274292175 ], [ 172.483394543670528, -43.845609987317019 ], [ 172.482494493174897, -43.845637843058071 ], [ 172.481598811201536, -43.845692175189129 ], [ 172.480710845584923, -43.845793285032372 ], [ 172.479821410993935, -43.845885491107481 ], [ 172.478919827562919, -43.845904036636696 ], [ 172.478027431217839, -43.845978282058979 ], [ 172.477131948004626, -43.8460338078525 ], [ 172.476245261594244, -43.846134258122554 ], [ 172.475353012529666, -43.846183754544953 ], [ 172.474457534503927, -43.846215913607587 ], [ 172.473569262121856, -43.84632875743263 ], [ 172.472677709484117, -43.84641367800188 ], [ 172.471787005578676, -43.846505831061606 ], [ 172.470887815519347, -43.846525714898007 ], [ 172.469993689093286, -43.846588722000199 ], [ 172.469098927919163, -43.846646323007903 ], [ 172.468203635961316, -43.846699402205317 ], [ 172.467306721865924, -43.846738660356323 ], [ 172.466414192086035, -43.846815271813028 ], [ 172.465514028870132, -43.846826840283867 ], [ 172.464542044856785, -43.84691012406779 ] ] } },
{ "type": "Feature", "properties": { "group_id": "nzd0448" }, "geometry": { "type": "LineString", "coordinates": [ [ 172.463655524778744, -43.847037958968109 ], [ 172.462761380175976, -43.84710081844127 ], [ 172.461867560323412, -43.847166446995956 ], [ 172.460971437879351, -43.847212447460457 ], [ 172.460078455096976, -43.847285213555018 ], [ 172.459184397846911, -43.84734882087227 ], [ 172.458288320428608, -43.847395202958197 ], [ 172.457397460345248, -43.847486075701184 ], [ 172.456500749186546, -43.847527052753442 ], [ 172.455602257384726, -43.847552839218046 ], [ 172.454707661108898, -43.847611849191154 ], [ 172.453813747597337, -43.847676683868855 ], [ 172.452918450691271, -43.847729717284274 ], [ 172.45202437742148, -43.847793190233311 ], [ 172.451125574803399, -43.847829083868376 ], [ 172.450226917122393, -43.847873604531003 ], [ 172.449338144995522, -43.847971613258018 ], [ 172.448431486352433, -43.847955953051923 ], [ 172.447545743273423, -43.848072078356687 ], [ 172.446654525794315, -43.848153709964883 ], [ 172.445751912971957, -43.848163526393392 ], [ 172.444858567485682, -43.848231742535518 ], [ 172.443959233428444, -43.848262211495687 ], [ 172.443070081336884, -43.848356855569406 ], [ 172.442176354755645, -43.848422665116018 ], [ 172.441276750425601, -43.848451418623995 ], [ 172.440383521269382, -43.848520358926912 ], [ 172.439483154300376, -43.848544294117552 ], [ 172.438605933272783, -43.848714167217963 ], [ 172.437711478293778, -43.84877537801696 ], [ 172.436826878828185, -43.848898737549099 ], [ 172.435942093012557, -43.849020927567686 ], [ 172.435042845472793, -43.849051913402846 ], [ 172.434156733969047, -43.849165747333046 ], [ 172.433265618639922, -43.849248022822145 ], [ 172.432365404606685, -43.84927290267543 ], [ 172.43147849160718, -43.849400248705614 ], [ 172.430595067000354, -43.849545786660386 ], [ 172.429711383608606, -43.849671323710915 ], [ 172.428808271976095, -43.849697554109177 ], [ 172.427916076795384, -43.849775520462877 ], [ 172.427031546370245, -43.849889816643916 ], [ 172.426154710820441, -43.850040590502132 ], [ 172.425268746643269, -43.850148093761142 ], [ 172.424371320177414, -43.850201256881199 ], [ 172.423490713214164, -43.850334157312865 ], [ 172.422604645063444, -43.850441167668869 ], [ 172.421715118388335, -43.850531779913609 ], [ 172.420822124754466, -43.85060595172564 ], [ 172.419951734055132, -43.850787302403127 ], [ 172.419066882440774, -43.850900084628677 ], [ 172.418178289280632, -43.85099512404166 ], [ 172.417292923562115, -43.851105469186713 ], [ 172.41640960905471, -43.8512255435733 ], [ 172.415533865948277, -43.851381530951407 ], [ 172.414646771093487, -43.851483679180525 ], [ 172.413755373073826, -43.851566680832669 ], [ 172.412878999659398, -43.851716675925005 ], [ 172.411998317866505, -43.851846336132461 ], [ 172.411105043464346, -43.851921896960505 ], [ 172.41021504032642, -43.852011533207794 ], [ 172.409335696039847, -43.852147042167452 ], [ 172.408454068029499, -43.852272723701034 ], [ 172.407569257205893, -43.852384706652401 ], [ 172.406669285857731, -43.852431431773475 ], [ 172.405797908830436, -43.852601239423535 ], [ 172.404915124886287, -43.852721947195072 ], [ 172.404032213615722, -43.85284210749704 ], [ 172.403134317587728, -43.852897756336915 ], [ 172.402244798215179, -43.852989464852875 ], [ 172.401376317010403, -43.853171752445334 ], [ 172.400496332717267, -43.853304516700568 ], [ 172.399606762155827, -43.853396005070692 ], [ 172.398718224206476, -43.853491938145112 ], [ 172.39782156448581, -43.853552895151616 ], [ 172.396938318496268, -43.853671613497248 ], [ 172.396050808500519, -43.853772557774725 ], [ 172.395156183300344, -43.853844338130642 ], [ 172.394281385441246, -43.853997691721091 ], [ 172.393394416250089, -43.854100616497433 ], [ 172.392505785279866, -43.854196656162969 ], [ 172.391619393643737, -43.854301970945642 ], [ 172.390742200551045, -43.854445392954908 ], [ 172.389860758007785, -43.854571211537341 ], [ 172.388970368438322, -43.854659961622183 ], [ 172.388088719473302, -43.854784924824934 ], [ 172.38720566931886, -43.854904082794334 ], [ 172.386325427571023, -43.855034878095331 ], [ 172.385435735261666, -43.855127058786088 ], [ 172.384563291721065, -43.855289760493378 ], [ 172.383688547459116, -43.855437777156297 ], [ 172.382808878930518, -43.855569255938505 ], [ 172.381936529031293, -43.855724786188226 ], [ 172.38105530271298, -43.85585114387569 ], [ 172.380165542234721, -43.855949451071027 ], [ 172.379285145238555, -43.85607777690818 ], [ 172.378402316176135, -43.85619724303838 ], [ 172.377533886058956, -43.856366225034236 ], [ 172.376659931505458, -43.856516928200634 ], [ 172.375777825320711, -43.856639950987088 ], [ 172.374905536681865, -43.856796311479023 ], [ 172.374032714029084, -43.856950859349965 ], [ 172.373139379820685, -43.857035749021414 ], [ 172.372247956703376, -43.857127125229951 ], [ 172.371384245631077, -43.857312616846414 ], [ 172.370525908267552, -43.85751636254664 ], [ 172.369641260744402, -43.857630748990388 ], [ 172.368765780122573, -43.857776270226658 ], [ 172.367888389066678, -43.8579153023598 ], [ 172.367015863025927, -43.85807086003161 ], [ 172.366141892372639, -43.858221511215497 ], [ 172.365260037716354, -43.858345492772251 ], [ 172.364382634272033, -43.858484555858929 ], [ 172.363493697094981, -43.858585153934307 ], [ 172.362612002494245, -43.858709805926239 ], [ 172.361755234481336, -43.858917345648408 ], [ 172.360871208101372, -43.859034243404587 ], [ 172.359968199871247, -43.859088014212453 ], [ 172.359117986610045, -43.859317356857758 ], [ 172.358247645193984, -43.859479763403002 ], [ 172.357361762164885, -43.859590481743737 ], [ 172.356499597388193, -43.859780083973504 ], [ 172.355644186533738, -43.859987616277017 ], [ 172.354744833645952, -43.860057397713916 ], [ 172.353873065559782, -43.860213724042239 ], [ 172.353012486144365, -43.860403271010732 ], [ 172.352114730722008, -43.860482381146937 ], [ 172.351229743020554, -43.860599416394116 ], [ 172.350367558530877, -43.860784194217089 ], [ 172.349508987739512, -43.86097970930745 ], [ 172.348628638837255, -43.861110522809575 ], [ 172.347757092880897, -43.86126748899197 ], [ 172.346882756671306, -43.861416164395685 ], [ 172.346015716300826, -43.861586516954581 ], [ 172.345132385036408, -43.861708463640809 ], [ 172.344278044448657, -43.86191628361658 ], [ 172.343407620896187, -43.862076452492893 ], [ 172.342516816567127, -43.86217458970097 ], [ 172.341664775659552, -43.862391464707677 ], [ 172.340795266680516, -43.862554859252612 ], [ 172.339891981035436, -43.862614833398915 ], [ 172.339040016884667, -43.862831947533351 ], [ 172.338173009094191, -43.863003000260342 ], [ 172.337279214749628, -43.863092028822571 ], [ 172.33641500017012, -43.86327163414105 ], [ 172.335558459821414, -43.863474741789958 ], [ 172.334668192762877, -43.86357507604086 ], [ 172.333812260375026, -43.863778945419938 ], [ 172.332942219095912, -43.863940007179551 ], [ 172.332065150450148, -43.864081056557808 ], [ 172.33119734908405, -43.864248704188171 ], [ 172.330350892477639, -43.864477619043846 ], [ 172.329465763766876, -43.864595530916269 ], [ 172.328588515689233, -43.864736061492827 ], [ 172.327732315042113, -43.864937009364276 ], [ 172.326859097658172, -43.865089109277164 ], [ 172.32598038213041, -43.865225424359245 ], [ 172.325122552375205, -43.86542169736569 ], [ 172.324238131326695, -43.865541630354564 ], [ 172.323361257544036, -43.865683228797437 ], [ 172.322508276807014, -43.865893424544346 ], [ 172.321621718686771, -43.866007216553072 ], [ 172.3207460826562, -43.866152365390661 ], [ 172.319892920987314, -43.866362043907252 ], [ 172.31901991517492, -43.866514744249464 ], [ 172.318130751203313, -43.866621045908779 ], [ 172.317262917051664, -43.866789909667979 ], [ 172.316397030819701, -43.866965985105089 ], [ 172.315505041805892, -43.867077959599307 ], [ 172.314637997361615, -43.86724798422317 ], [ 172.313767869326682, -43.867410527841635 ], [ 172.312884521397734, -43.867541002674137 ], [ 172.312015682399988, -43.867706668813625 ], [ 172.311156689535466, -43.867896217828708 ], [ 172.310265182120219, -43.868006891428386 ], [ 172.30942281451965, -43.868236768630616 ], [ 172.30856305327103, -43.868424451092302 ], [ 172.307701807920239, -43.868608532498719 ], [ 172.30686395207826, -43.868849357240343 ], [ 172.305996664883992, -43.869035985637936 ], [ 172.305141822018527, -43.869252044050548 ], [ 172.304291297128941, -43.869462240738891 ], [ 172.303424536729295, -43.869636859331052 ], [ 172.302587176707021, -43.869872672916848 ], [ 172.301735597585349, -43.870078888640172 ], [ 172.300893248311752, -43.87030431600877 ], [ 172.300040905357747, -43.870508939785331 ], [ 172.299179504024835, -43.870694705765636 ], [ 172.2983390842098, -43.870924147318711 ], [ 172.297498911078549, -43.871154102127619 ], [ 172.296673785302602, -43.871415382070637 ], [ 172.295830681375577, -43.871639235531248 ], [ 172.294983337039298, -43.87185426055445 ], [ 172.294139937906692, -43.872091519648649 ], [ 172.293313301838282, -43.872363710170248 ], [ 172.292455852291482, -43.872571502586005 ], [ 172.291626732031659, -43.872820766020119 ], [ 172.290804435433699, -43.873081535321077 ], [ 172.289979731782694, -43.873338244313594 ], [ 172.289157756474481, -43.873599553275149 ], [ 172.288325149982086, -43.873842932257887 ], [ 172.287514068631424, -43.87412261123594 ], [ 172.286719331614592, -43.874429854293851 ], [ 172.285918767589834, -43.874727270211565 ], [ 172.28509813281579, -43.874990836005594 ], [ 172.284286166417246, -43.875274104393078 ], [ 172.283491813143428, -43.875582828064111 ], [ 172.282686918523723, -43.875870710960811 ], [ 172.281862755033217, -43.876129065269083 ], [ 172.281053684716539, -43.876410473418069 ], [ 172.280249554602875, -43.876699426821077 ], [ 172.279441183794717, -43.876981901048588 ], [ 172.278625557498174, -43.877253290411339 ], [ 172.277809540552823, -43.877524081460606 ], [ 172.277006062616266, -43.877814026229892 ], [ 172.276192253810478, -43.878088187723321 ], [ 172.275391731572256, -43.878382552154228 ], [ 172.274584840208945, -43.878666624698987 ], [ 172.273758328059785, -43.878920421132761 ], [ 172.272958070685206, -43.879215672587819 ], [ 172.272165201409081, -43.879522424632576 ], [ 172.271350230319058, -43.879794768831111 ], [ 172.27054306631598, -43.880079265612842 ] ] } },
{ "type": "Feature", "properties": { "group_id": "nzd0449" }, "geometry": { "type": "LineString", "coordinates": [ [ 168.9590571051464, -43.88118403798515 ], [ 168.959921964513029, -43.881006838707847 ], [ 168.960783931010923, -43.88078522262154 ], [ 168.961615200055462, -43.880508935558609 ], [ 168.962468234228822, -43.880293216592037 ], [ 168.96331699023267, -43.880071186905397 ], [ 168.964156196832391, -43.87983507614063 ], [ 168.964987031127038, -43.879586620109379 ], [ 168.965811106835758, -43.879328198139184 ], [ 168.9666172415549, -43.879043326653402 ], [ 168.967431803412211, -43.878770875437645 ], [ 168.968243751420147, -43.878494568909176 ], [ 168.969032397582737, -43.878183912195844 ], [ 168.969830390586338, -43.87788703158914 ], [ 168.97061773772802, -43.877574457157692 ], [ 168.971392914130632, -43.877243941787526 ], [ 168.972171612170058, -43.876918616286233 ], [ 168.972950286810487, -43.876593255235953 ], [ 168.973724946592938, -43.876261975447527 ], [ 168.974511432312795, -43.875912925708242 ], [ 168.975284615316127, -43.875530969868322 ], [ 168.976063952971742, -43.875187805736701 ], [ 168.976805716062529, -43.874822063935149 ], [ 168.97752509284274, -43.874430317330116 ], [ 168.978260685933094, -43.874057404889804 ], [ 168.979020198899093, -43.873712274082486 ], [ 168.979750930513575, -43.873333710798619 ], [ 168.980501326966021, -43.872977986525385 ], [ 168.981245571206728, -43.872615114218682 ], [ 168.981984644032309, -43.872246233237242 ], [ 168.982709221900535, -43.871860514597941 ], [ 168.983425519278683, -43.871465176607686 ], [ 168.98416309551294, -43.871094551634116 ], [ 168.984887470382631, -43.870708591847453 ], [ 168.985596077313915, -43.870293672391625 ], [ 168.986310506998649, -43.869871370898487 ], [ 168.987026696150906, -43.869462001030165 ], [ 168.98771595139732, -43.869047231076543 ], [ 168.988355920323755, -43.8685892667839 ], [ 168.989042159463708, -43.868171847542676 ], [ 168.989732662554417, -43.867758161716324 ], [ 168.990406164684913, -43.867329574417305 ], [ 168.991036091938952, -43.866862798721854 ], [ 168.991693227843484, -43.866419863536137 ], [ 168.992329559206041, -43.865958694193807 ], [ 168.993009671769897, -43.865535887761482 ], [ 168.993661768339905, -43.865088527749897 ], [ 168.994328113211537, -43.864653650586334 ], [ 168.995011984229706, -43.864234128460062 ], [ 168.995709541941096, -43.863826596668723 ], [ 168.996395105622128, -43.863411357627832 ], [ 168.997064826142719, -43.862988845687845 ], [ 168.997751596433574, -43.862576467932257 ], [ 168.998415620356639, -43.862134003420643 ], [ 168.99911166728856, -43.861723389153916 ], [ 168.999810248464854, -43.861315293116348 ], [ 169.000501036749625, -43.860899443262731 ], [ 169.001221352981077, -43.860512961101577 ], [ 169.001910233710504, -43.860095208855796 ], [ 169.002627970388517, -43.859706155576646 ], [ 169.003356820144717, -43.859328153009322 ], [ 169.004001576753041, -43.858866505877856 ], [ 169.004644023629993, -43.858403333495069 ], [ 169.005314707457472, -43.857972746197682 ], [ 169.006015387479437, -43.857570652467707 ], [ 169.006706755007144, -43.85715749637739 ], [ 169.007374095658065, -43.856722664559555 ], [ 169.008027860971936, -43.856275584744566 ], [ 169.008720143919248, -43.855863245484841 ], [ 169.009428023917707, -43.85546497176523 ], [ 169.010047257389402, -43.854986735614595 ], [ 169.01069222156579, -43.854531705992265 ], [ 169.011331892104067, -43.854071898843749 ], [ 169.011977635962268, -43.853617567129383 ] ] } },
{ "type": "Feature", "properties": { "group_id": "nzd0450" }, "geometry": { "type": "LineString", "coordinates": [ [ 168.849629516536282, -43.945747502838636 ], [ 168.850247070647811, -43.945278160636114 ], [ 168.850847810255345, -43.944796876044279 ], [ 168.85145410568046, -43.944319532363629 ], [ 168.852049631681808, -43.943813596407985 ], [ 168.85263664611, -43.943292220579245 ], [ 168.85317814037208, -43.942763051857092 ], [ 168.853704652976631, -43.942237155323802 ], [ 168.85429378737615, -43.941749287128715 ], [ 168.854857859928529, -43.941246193506778 ], [ 168.855398651182838, -43.940728955932173 ], [ 168.855915762369079, -43.940197332259331 ], [ 168.856441229673067, -43.939670779244643 ], [ 168.85697493185566, -43.939149223247924 ], [ 168.857513022344193, -43.938630328098895 ], [ 168.858076232950282, -43.938126684932847 ], [ 168.858595406434887, -43.937596292173353 ], [ 168.859124887307445, -43.937072155122195 ], [ 168.85964981893531, -43.936545250841007 ], [ 168.860144807052478, -43.936000156545802 ] ] } },
{ "type": "Feature", "properties": { "group_id": "nzd0451" }, "geometry": { "type": "LineString", "coordinates": [ [ 172.180017714172436, -43.907604674174131 ], [ 172.17915758890544, -43.907793644505531 ], [ 172.178307959065393, -43.908003881035299 ], [ 172.177448850985201, -43.9081959943153 ], [ 172.17660773787739, -43.908429005480336 ], [ 172.175764881093613, -43.908657426918531 ], [ 172.174941587714926, -43.908918076693581 ], [ 172.174082250984782, -43.909111210616906 ], [ 172.173237924913053, -43.909332460274626 ], [ 172.172415474002094, -43.90959468598794 ], [ 172.171576379546366, -43.909825733664761 ], [ 172.170716972799482, -43.910018729052737 ], [ 172.169869971726285, -43.910234962041621 ], [ 172.16903239552687, -43.910468849686985 ], [ 172.168199142800688, -43.910710835895493 ], [ 172.167359892055742, -43.910941584443762 ], [ 172.166509736674413, -43.911151902389847 ], [ 172.16567794702803, -43.911396626649221 ], [ 172.16485198662059, -43.911652271454976 ], [ 172.164023280267344, -43.911902771242531 ], [ 172.16317891255423, -43.912123927613543 ], [ 172.162362777537766, -43.91239797980235 ], [ 172.161516457454013, -43.912615476080582 ], [ 172.160684982429103, -43.912861918118217 ], [ 172.159827839611438, -43.913063364983223 ], [ 172.159012194201324, -43.913339753348886 ], [ 172.15815512398288, -43.913538338059183 ], [ 172.157327684246667, -43.913790645423852 ], [ 172.156490341111635, -43.914024995238222 ], [ 172.155671619631164, -43.914293109050881 ], [ 172.1548214617616, -43.91450422043259 ], [ 172.153998273174238, -43.914764232775646 ], [ 172.153187370467208, -43.915046522757365 ], [ 172.152353087420721, -43.915286416453178 ], [ 172.151509364864438, -43.915509191722151 ], [ 172.150686109576554, -43.915769080630852 ], [ 172.149849344734804, -43.916004470480502 ], [ 172.149028952262086, -43.916269549618818 ], [ 172.148195101361409, -43.916510221812885 ], [ 172.147362486633142, -43.916753134731088 ], [ 172.146547147026297, -43.917027375734826 ], [ 172.145723655165455, -43.917294186453518 ], [ 172.144916031876761, -43.917586847444717 ], [ 172.144104409211138, -43.917865892707034 ], [ 172.143281166164201, -43.918124835007298 ], [ 172.142440502604188, -43.918355480975855 ], [ 172.141609102103075, -43.918601170269213 ], [ 172.140797656043958, -43.918879269292994 ], [ 172.139964756072857, -43.919122519875017 ], [ 172.139112739085391, -43.919334716374991 ], [ 172.138277160247895, -43.919573611362694 ], [ 172.137470649466508, -43.919859721650255 ], [ 172.136645278606352, -43.920115195105225 ], [ 172.135812273016114, -43.920358265071911 ], [ 172.134986382300525, -43.920612890845391 ], [ 172.134177312877938, -43.920894840604475 ], [ 172.133343775578766, -43.921137041936674 ], [ 172.132527506677917, -43.921407293991656 ], [ 172.131699123740248, -43.921657480303004 ], [ 172.130896932619407, -43.921945478525323 ], [ 172.130098597087937, -43.922241350974346 ], [ 172.129275943077516, -43.922501272579908 ], [ 172.128463198286937, -43.922777851617774 ], [ 172.12764893297765, -43.923051873795899 ], [ 172.12684502434152, -43.923343306492271 ], [ 172.12601672844599, -43.923593739442808 ], [ 172.125199770963405, -43.923863233250387 ], [ 172.124400331840945, -43.924162178633239 ], [ 172.123579063338099, -43.924424423224949 ], [ 172.122744713109995, -43.924664672724312 ], [ 172.12192914060617, -43.924936491596917 ], [ 172.12111291178087, -43.9252072061917 ], [ 172.120284188712759, -43.925456912763252 ], [ 172.119468486659684, -43.925728511132789 ], [ 172.118646178071316, -43.925989000491022 ], [ 172.117805825206176, -43.92621914866875 ], [ 172.116992524931788, -43.926496319717387 ], [ 172.116173631609172, -43.926768416823542 ], [ 172.115361559854563, -43.927049477485426 ], [ 172.114542847201278, -43.927315754403431 ], [ 172.113716193818334, -43.927569646893346 ], [ 172.112899053317335, -43.927838372244217 ], [ 172.112087994836827, -43.92811658076613 ], [ 172.111297162536147, -43.928426330279393 ], [ 172.110485357420941, -43.928703372382188 ], [ 172.109683880033117, -43.92899651945973 ], [ 172.108891966319987, -43.929304580540936 ], [ 172.108067716073037, -43.929562210654183 ], [ 172.107286545013977, -43.92988702408271 ], [ 172.106465408160147, -43.930149507190308 ], [ 172.105649174959439, -43.930419636453514 ], [ 172.104828489843158, -43.930682820932631 ], [ 172.104019453783195, -43.93096350788273 ], [ 172.103196743791017, -43.931222529292 ], [ 172.102375490775614, -43.931484507045077 ], [ 172.101575213848008, -43.931779934861666 ], [ 172.100767301807053, -43.932063258783842 ], [ 172.099957518186159, -43.932343614861175 ], [ 172.099150488351256, -43.932628335331259 ], [ 172.098327605172216, -43.932887923060299 ], [ 172.097494709052995, -43.933131635765719 ], [ 172.096688472105171, -43.933417609579372 ], [ 172.095854264912447, -43.933659240324211 ], [ 172.095024342325928, -43.933907661606007 ], [ 172.094211077340447, -43.934182489593688 ], [ 172.093402126387986, -43.934464155859118 ], [ 172.092584508428388, -43.934732080277278 ], [ 172.091779422485047, -43.935019872091715 ], [ 172.090984362570623, -43.935323558916217 ], [ 172.090164370423537, -43.935590284960057 ], [ 172.089360059130144, -43.935884015656015 ], [ 172.088557548119638, -43.936177815883745 ], [ 172.087754203933258, -43.936467284011229 ], [ 172.086946259778301, -43.936750228285923 ], [ 172.086149022038569, -43.937048351244187 ], [ 172.085335757614473, -43.937323748389574 ], [ 172.084543980382847, -43.937629610701926 ], [ 172.083727917899836, -43.937901036712205 ], [ 172.082901950639723, -43.938158416064788 ], [ 172.082094074727621, -43.938441446032826 ], [ 172.081283430059671, -43.938720548099504 ], [ 172.080469317650056, -43.938993620159373 ], [ 172.079658861172106, -43.939270040416197 ], [ 172.078849468532866, -43.9395489875576 ], [ 172.078046544907465, -43.939839021937608 ], [ 172.077241755902349, -43.940126354659313 ], [ 172.076457095573176, -43.940442822477763 ], [ 172.075664444406641, -43.940747722353713 ], [ 172.074874648807707, -43.941056754638879 ], [ 172.074062106709306, -43.941332858721992 ], [ 172.073246600167238, -43.941604669667498 ], [ 172.072440286406305, -43.941889786177612 ], [ 172.07164176809431, -43.942186185918928 ], [ 172.07082949114141, -43.942462666757386 ], [ 172.070024932962383, -43.942750319890877 ], [ 172.069228517540722, -43.943049759503914 ], [ 172.068430458569111, -43.943346818471809 ], [ 172.067617499589915, -43.943622305256021 ], [ 172.066806897768231, -43.943901202693432 ], [ 172.065991500398042, -43.944173155635333 ], [ 172.065173418624198, -43.944441220255818 ], [ 172.064374986745889, -43.944728090397398 ], [ 172.063557976125196, -43.944985659120988 ], [ 172.062749822455032, -43.945266820134776 ], [ 172.061947943530413, -43.945558913785788 ], [ 172.061166835283444, -43.945882825958563 ], [ 172.060378976210899, -43.946196395836338 ], [ 172.059566282368053, -43.946471918811859 ], [ 172.058774486673826, -43.946779456317714 ], [ 172.057955016249821, -43.947044594976212 ], [ 172.057163041142104, -43.947351855807746 ], [ 172.056363943903818, -43.947648204478057 ], [ 172.055545145954881, -43.947914369265931 ], [ 172.054761836824355, -43.94823490458559 ], [ 172.053965130032168, -43.948534912848636 ], [ 172.053171314542283, -43.948842057468887 ], [ 172.052375459079457, -43.949148198230525 ], [ 172.051581734049051, -43.949454296905309 ], [ 172.050782009149287, -43.949748905833054 ], [ 172.049965637845446, -43.950019443201803 ], [ 172.049143760501664, -43.950282016924142 ], [ 172.04834024829313, -43.950571144496983 ], [ 172.047522916506836, -43.950840287139684 ], [ 172.046711672026873, -43.951118230232474 ], [ 172.045906809783389, -43.951405400581613 ], [ 172.045085877045096, -43.951669330233493 ], [ 172.044286924280868, -43.951965042768542 ], [ 172.043480340326369, -43.952249718394299 ], [ 172.042686789334681, -43.952553239651721 ], [ 172.041886743497486, -43.952847367239329 ], [ 172.041106218676362, -43.953169723837746 ], [ 172.040317851413789, -43.95348073812022 ], [ 172.039522900333964, -43.953782229921764 ], [ 172.038698173681411, -43.954040658881432 ], [ 172.037917829543346, -43.954363272557778 ], [ 172.037131040264143, -43.954676564234553 ], [ 172.03634904582259, -43.954996789458932 ], [ 172.035541479473181, -43.955287978629428 ], [ 172.034750815095691, -43.95560260419704 ], [ 172.033965034089277, -43.955916290205558 ], [ 172.033188348961318, -43.956241870838412 ], [ 172.032388922008096, -43.956537068114351 ], [ 172.031584109559986, -43.956825068553556 ], [ 172.030798940299263, -43.957139309798436 ], [ 172.030012863570732, -43.95745233708405 ], [ 172.029207744887145, -43.957739922521483 ], [ 172.028432200179253, -43.958067017353656 ], [ 172.027623600986232, -43.958349948826438 ], [ 172.026826543965939, -43.95864829899633 ], [ 172.026009773455058, -43.95892030868184 ], [ 172.025222156930795, -43.959231268012736 ], [ 172.024433557973822, -43.959540913065467 ], [ 172.023645338563, -43.959851063553131 ], [ 172.022892951557452, -43.960210559296364 ], [ 172.022094481904475, -43.960511095083355 ], [ 172.021334957308255, -43.96086097878414 ], [ 172.02055902338725, -43.961187070642197 ], [ 172.019766054961423, -43.961491047498775 ], [ 172.018979513911859, -43.961803366172511 ], [ 172.018204370497472, -43.962130479214288 ], [ 172.017424528265877, -43.962451490734423 ], [ 172.016651601532942, -43.962781478337284 ], [ 172.015877718461667, -43.963110222913087 ], [ 172.015079423285982, -43.963407273408755 ], [ 172.014290349918781, -43.963716293928464 ], [ 172.013485052242629, -43.964004249184782 ], [ 172.012693036283906, -43.964309445398314 ], [ 172.011929949622271, -43.964652198128931 ], [ 172.011153689128776, -43.964977846057174 ], [ 172.010381323051035, -43.965308548569858 ], [ 172.009594166120309, -43.96562004631329 ], [ 172.008804143765985, -43.965927821923351 ], [ 172.008028467487406, -43.966254221816129 ], [ 172.007251009461896, -43.966579571038515 ], [ 172.00646726901698, -43.96689881865921 ], [ 172.005684353551175, -43.967217873230524 ], [ 172.004910767671447, -43.967546668047746 ], [ 172.004116930949692, -43.967849817460809 ], [ 172.00333559721625, -43.968168797417519 ], [ 172.002566252065975, -43.968502956971591 ], [ 172.001775863583987, -43.968810466919329 ], [ 172.001011667970545, -43.969151144162275 ], [ 172.000231153587379, -43.969471154432938 ], [ 171.99944575015806, -43.96978497147019 ], [ 171.9986636653434, -43.970102989181143 ], [ 171.997886275220196, -43.970426950352682 ], [ 171.997099746008757, -43.970739335878605 ], [ 171.996326672732579, -43.971068760331221 ], [ 171.995552853398749, -43.971397238265311 ], [ 171.994768432169138, -43.971712287739564 ], [ 171.993999565790972, -43.972047034870052 ], [ 171.993219332013354, -43.972367383916222 ], [ 171.992431103133043, -43.972677605428103 ], [ 171.99165622099116, -43.973004728499973 ], [ 171.990839408293567, -43.973278744357835 ], [ 171.990068937362139, -43.973611450381632 ], [ 171.989274671113606, -43.97391401716478 ], [ 171.988503450189711, -43.974245769765467 ], [ 171.987728317545333, -43.974572566297844 ], [ 171.986961026571265, -43.974903652549486 ], [ 171.986180226816771, -43.975217034897931 ], [ 171.985401304325904, -43.975538678645187 ], [ 171.984642841604142, -43.975887680927983 ], [ 171.983869471138973, -43.976217162571274 ], [ 171.983076535383532, -43.976521024563951 ], [ 171.982286555501219, -43.976828754982357 ], [ 171.981497499555161, -43.977137693332232 ], [ 171.98074761970318, -43.977497927413644 ], [ 171.979973478305823, -43.977826392037926 ], [ 171.979183663301143, -43.978134331645457 ], [ 171.978391954451865, -43.978444569024276 ], [ 171.977620800725305, -43.97878731886393 ], [ 171.976866187674688, -43.979145178227768 ], [ 171.976097738170921, -43.979479993836932 ], [ 171.975359661864871, -43.979851854010263 ], [ 171.974588488057009, -43.980183343354518 ], [ 171.973807424357716, -43.980502767797653 ], [ 171.973040322519182, -43.980839219947995 ], [ 171.97227989921862, -43.981183816421222 ], [ 171.971504412641622, -43.981510037611642 ], [ 171.970723791629666, -43.981829993947734 ], [ 171.96995135122711, -43.982159926734973 ], [ 171.969203238699123, -43.982519532581449 ], [ 171.968423953314129, -43.982841112209343 ], [ 171.967656975801816, -43.983177691809338 ], [ 171.96687831573422, -43.983498530099979 ], [ 171.966069534667696, -43.983782143933091 ], [ 171.965317213710108, -43.984136925708796 ], [ 171.964543359633154, -43.984465134691739 ], [ 171.963772065671492, -43.984796500933825 ], [ 171.963014341431261, -43.985144610361651 ], [ 171.962258834335415, -43.985495454221869 ], [ 171.961506523306127, -43.985850240590793 ], [ 171.96071176066863, -43.98615263896653 ], [ 171.959979318373399, -43.986531940871259 ], [ 171.959206783044465, -43.986861764901583 ], [ 171.958440580359223, -43.987199401946576 ], [ 171.957692019710066, -43.987558808822037 ], [ 171.956915130724582, -43.987883254827885 ], [ 171.956139922106189, -43.988209772604357 ], [ 171.955381759871983, -43.988557325500075 ], [ 171.954623679668259, -43.988904978078779 ], [ 171.953862111513132, -43.989248324534465 ], [ 171.953089081002105, -43.989577523245664 ], [ 171.952316973028729, -43.989907858631355 ], [ 171.951561435754513, -43.990258643050495 ], [ 171.950775560725162, -43.990571984017755 ], [ 171.950018387404214, -43.990920745951854 ], [ 171.949240831051384, -43.991244349771456 ], [ 171.948462209971353, -43.991566637522311 ], [ 171.947676543255739, -43.99187992900314 ], [ 171.946900610036408, -43.992204705281388 ], [ 171.946132703292051, -43.992539804995317 ], [ 171.945352062169292, -43.992859545057335 ], [ 171.944583963890381, -43.993194929782902 ], [ 171.94380433176471, -43.993515924733231 ], [ 171.943035769146746, -43.993850726704707 ], [ 171.942271343159916, -43.994190687382599 ], [ 171.94149330685741, -43.994513667579959 ], [ 171.940715615585958, -43.994837076293706 ], [ 171.939957134699341, -43.995184448514436 ], [ 171.939180055412663, -43.99550861711414 ], [ 171.938413152595871, -43.99584547944044 ], [ 171.937644307550443, -43.996179917065767 ], [ 171.936856797038018, -43.996491066528577 ], [ 171.936076402335686, -43.996811091403657 ], [ 171.935280447118402, -43.997111701103982 ], [ 171.934509632046996, -43.997443673458832 ], [ 171.933728654144716, -43.997762964741462 ], [ 171.932948165882465, -43.998082864929508 ], [ 171.932167656196953, -43.998402736416537 ], [ 171.931418382754657, -43.998761577910052 ], [ 171.930666394071693, -43.999116085037059 ], [ 171.929879941541657, -43.999427284500968 ], [ 171.929095457307454, -43.99974192028116 ], [ 171.928332698727331, -44.000084271825415 ], [ 171.927538025978095, -44.000386161530784 ], [ 171.926767019810569, -44.00071805353641 ], [ 171.925993620307338, -44.001046909608746 ], [ 171.925217254727471, -44.001372003528203 ], [ 171.924454567933054, -44.00171443814142 ], [ 171.923681548589087, -44.002043771221039 ], [ 171.922911500829002, -44.002376870169208 ], [ 171.922121926208916, -44.002685209968334 ], [ 171.921341976826568, -44.003005751365428 ], [ 171.920544195040208, -44.003303681273003 ], [ 171.919744952299681, -44.003599756519549 ], [ 171.918981675104874, -44.003941430959763 ], [ 171.918210976736049, -44.004273694391301 ], [ 171.9174199623194, -44.004580196554066 ], [ 171.916640969327318, -44.004902207579256 ], [ 171.91585825132006, -44.005220418601247 ], [ 171.915078149365343, -44.00554166680319 ], [ 171.914325393148829, -44.005896255837982 ], [ 171.913559942682213, -44.006234939838947 ], [ 171.912777847934507, -44.006552769626168 ], [ 171.91202452697874, -44.006906646716473 ], [ 171.911220731806367, -44.007197285217643 ], [ 171.910443476935143, -44.007521172903814 ], [ 171.909644414557562, -44.00781773635174 ], [ 171.908874733695939, -44.00815110952491 ], [ 171.908093253874341, -44.008469697946182 ], [ 171.907300643836749, -44.008774339074286 ], [ 171.906501133778477, -44.009070332657572 ], [ 171.905733499130008, -44.00940520495508 ], [ 171.904951450823859, -44.009721665729892 ], [ 171.90412512929251, -44.00998314318516 ], [ 171.903355147108329, -44.010316254940889 ], [ 171.902571472982828, -44.010632032911545 ], [ 171.901777499718804, -44.010934771466637 ], [ 171.90102096616576, -44.011284902412321 ], [ 171.900241090552299, -44.011605483283354 ], [ 171.899446513905758, -44.011907452038365 ], [ 171.898680366255235, -44.012245407615552 ], [ 171.897909710379309, -44.012577654522666 ], [ 171.897150525057526, -44.012924420935015 ], [ 171.896424860754962, -44.013313622208074 ], [ 171.89564957481187, -44.013640003329733 ], [ 171.894870821895069, -44.013961993577453 ], [ 171.894102724917246, -44.014297472348439 ], [ 171.893309445994333, -44.014601069050542 ], [ 171.892519808047297, -44.014909273103129 ], [ 171.891745131004086, -44.01523641603282 ], [ 171.890995905653909, -44.015595780151095 ], [ 171.890237865596077, -44.015944857714608 ], [ 171.889470777768423, -44.016283672707289 ], [ 171.888691187560596, -44.016605928979921 ], [ 171.887895880624171, -44.016907357701029 ], [ 171.887132300243138, -44.017248142843627 ], [ 171.886385124561684, -44.017609277576312 ], [ 171.88563066681445, -44.017961377013229 ], [ 171.884852217509206, -44.018283711238354 ], [ 171.884045396712537, -44.018570845629888 ], [ 171.883252969748725, -44.018875834626229 ], [ 171.882493458065767, -44.019221657058807 ], [ 171.881738977031517, -44.019573719175654 ], [ 171.880952986428923, -44.019886687432972 ], [ 171.880149041449982, -44.020177378158202 ], [ 171.879373070426311, -44.02050277297505 ], [ 171.878584486861541, -44.02081251762737 ], [ 171.877828487020906, -44.021162686751758 ], [ 171.877080845771104, -44.021523224998766 ], [ 171.876305679951372, -44.0218496116211 ], [ 171.875530213049217, -44.022175622788332 ], [ 171.874765521917851, -44.022515002040194 ], [ 171.87399722194067, -44.022849901939139 ], [ 171.873194782284884, -44.023142440684374 ], [ 171.872478768804342, -44.023542212690231 ], [ 171.871707386500589, -44.023875069919981 ], [ 171.870945529616307, -44.024219674584188 ], [ 171.870159092761241, -44.024532594047621 ], [ 171.869380767030748, -44.024855120515731 ], [ 171.868630969880257, -44.025212334187053 ], [ 171.867886488759694, -44.025576010423379 ], [ 171.86712580072674, -44.025919978173313 ], [ 171.86635842722967, -44.026255814818214 ], [ 171.865579643416424, -44.026577774769216 ], [ 171.864810792405137, -44.026911810906014 ], [ 171.864043318759627, -44.027247520040902 ], [ 171.863281874856654, -44.027590559612335 ], [ 171.862501478869177, -44.02791055108203 ], [ 171.861726695114186, -44.028237365126778 ], [ 171.860951628166561, -44.028563832767816 ], [ 171.860152358227339, -44.028860865895723 ], [ 171.85940203337563, -44.029217417547692 ], [ 171.858652133351796, -44.029574484313187 ], [ 171.857867739118205, -44.029889601206357 ], [ 171.857104797319607, -44.030230804393341 ], [ 171.856338494581195, -44.030567918502065 ], [ 171.855567870831578, -44.030899775851601 ], [ 171.854792321734578, -44.031225641341393 ], [ 171.854034911407581, -44.031573564320318 ], [ 171.853238231014672, -44.031874032582394 ], [ 171.852451067054233, -44.032187661937463 ], [ 171.851716853573862, -44.032564647998413 ], [ 171.850938595353142, -44.032887325835645 ], [ 171.850669987250882, -44.032970177655891 ] ] } },
{ "type": "Feature", "properties": { "group_id": "nzd0452" }, "geometry": { "type": "LineString", "coordinates": [ [ 168.705937928260141, -43.994768558563806 ], [ 168.70680522977753, -43.994601566819355 ], [ 168.707662780605148, -43.994406767238118 ], [ 168.708536901481409, -43.994259220279609 ], [ 168.709402744563732, -43.994088066047382 ], [ 168.710260471147393, -43.99389376643478 ], [ 168.711118487279521, -43.993700292660193 ], [ 168.711977157415163, -43.993508683850393 ], [ 168.712839056864766, -43.993326282800425 ], [ 168.713687049708767, -43.993104230669367 ], [ 168.714554665503783, -43.992952368706099 ], [ 168.715378638432554, -43.992702528013446 ], [ 168.716211182399917, -43.992466559936531 ], [ 168.71706786614908, -43.992273351848198 ], [ 168.717914128671424, -43.992055234384829 ], [ 168.718767618697996, -43.991854390838391 ], [ 168.71962500396549, -43.991662855896031 ], [ 168.72049083489685, -43.991491504224825 ], [ 168.721343254652851, -43.99128809876936 ], [ 168.722201588047142, -43.991098825052234 ], [ 168.723064745235803, -43.990921077603318 ], [ 168.723909217210775, -43.990698675297388 ], [ 168.724761551526399, -43.990495061402349 ], [ 168.725613855167524, -43.990291373266736 ], [ 168.726464173112959, -43.990082939221587 ], [ 168.727350755800927, -43.98996115980438 ], [ 168.728216128250153, -43.989788694552651 ], [ 168.729060461347444, -43.989565955352013 ], [ 168.729973519398783, -43.989507424069728 ], [ 168.730850207688093, -43.989361987006205 ], [ 168.73171510320654, -43.989188370648499 ], [ 168.732618400233832, -43.989106499738284 ], [ 168.733490754276062, -43.988950695838376 ], [ 168.734363143249738, -43.988794972230522 ], [ 168.735266157756342, -43.98871240962886 ], [ 168.736171169938018, -43.988634612480823 ], [ 168.737039831807806, -43.988520452954624 ], [ 168.737870025527769, -43.98841258829485 ], [ 168.738708694085631, -43.988261121287699 ], [ 168.739587881423233, -43.9881297528487 ], [ 168.740448167791754, -43.987925414423891 ], [ 168.741331937650216, -43.987811737257395 ], [ 168.742216928213793, -43.987702769952648 ], [ 168.743081934075605, -43.987516655931643 ], [ 168.743956268775918, -43.987366554376003 ], [ 168.744823520019565, -43.987189112021042 ], [ 168.745678659174445, -43.986964922761921 ], [ 168.746547419081651, -43.986793309789711 ], [ 168.747430016832681, -43.986675105089297 ] ] } },
{ "type": "Feature", "properties": { "group_id": "nzd0454" }, "geometry": { "type": "LineString", "coordinates": [ [ 171.849884767888796, -44.033284511793397 ], [ 171.849140032193532, -44.033647350065358 ], [ 171.848406122620503, -44.034023158480494 ], [ 171.847630537331383, -44.034349030067915 ], [ 171.846860210871881, -44.03468120065876 ], [ 171.846108993543851, -44.035036266039292 ], [ 171.84534844703856, -44.035380151340298 ], [ 171.84457773919064, -44.035711859150489 ], [ 171.843802519295082, -44.036038158383768 ], [ 171.843022968632795, -44.036359266113045 ], [ 171.842269748153456, -44.036711922181901 ], [ 171.841476839421603, -44.037017019068848 ], [ 171.840717924064762, -44.037362847285188 ], [ 171.839969498308676, -44.037721243365354 ], [ 171.839172267939347, -44.038021154905515 ], [ 171.838399035468342, -44.038349820976656 ], [ 171.837635880859921, -44.038690561563598 ], [ 171.776482027371372, -44.064538929107925 ], [ 171.775722588882729, -44.064886270594172 ], [ 171.77491142673756, -44.065165695838338 ], [ 171.774150498278317, -44.065511078120387 ], [ 171.773335606030145, -44.065785601290607 ], [ 171.772607040044221, -44.066173475120486 ], [ 171.771830810015018, -44.066498821533429 ], [ 171.771017551293198, -44.06677561262417 ], [ 171.770259231625687, -44.067124390843794 ], [ 171.769493344153346, -44.067463210849304 ], [ 171.768722638942592, -44.067795712567033 ], [ 171.767929751431325, -44.068099127144585 ], [ 171.767127860933357, -44.0683907347792 ], [ 171.766332867521896, -44.068691383964136 ], [ 171.76555682416091, -44.069016879521953 ], [ 171.764783379808904, -44.06934578156725 ], [ 171.763985382472384, -44.069642486266076 ], [ 171.763236972564187, -44.070004212651057 ], [ 171.762421027782352, -44.070277379200455 ], [ 171.761627561641518, -44.07058001990243 ], [ 171.760830344701134, -44.070877740064915 ], [ 171.760060291755167, -44.071211079670661 ], [ 171.759266048505737, -44.071512695645509 ], [ 171.758468799664769, -44.071810368156925 ], [ 171.757697657741602, -44.072142274966801 ], [ 171.756923882658043, -44.072470727253112 ], [ 171.75614144332539, -44.0727878156518 ], [ 171.755319947883805, -44.07305368300387 ], [ 171.754546677868149, -44.073382792583502 ], [ 171.753744438841068, -44.073673909086942 ], [ 171.752987405079978, -44.074024308789397 ], [ 171.752219321804034, -44.074360435714411 ], [ 171.751413009566875, -44.074646522755273 ], [ 171.750620923901693, -44.074950999390168 ], [ 171.749829355204838, -44.075256116241505 ], [ 171.748852413120431, -44.075318835083685 ], [ 171.748287393413278, -44.075920185989283 ], [ 171.747465669471353, -44.076185865684032 ], [ 171.74670410913987, -44.076530215138114 ], [ 171.745913025700219, -44.076835957375586 ], [ 171.745160743179042, -44.077192436405824 ], [ 171.744384298263327, -44.077517317814966 ], [ 171.74362827507565, -44.077868902999633 ], [ 171.742803165454433, -44.078130142488057 ], [ 171.742020642397591, -44.078447070395853 ], [ 171.741248656265668, -44.078777776081118 ], [ 171.740457422662445, -44.07908330954217 ], [ 171.739637253172788, -44.079350999856921 ], [ 171.738877046617063, -44.079697105421182 ], [ 171.738080626163992, -44.079995849808782 ], [ 171.737290475134444, -44.080302791274768 ], [ 171.736513273948447, -44.080626666819697 ], [ 171.735731990604933, -44.080945202046117 ], [ 171.734951630311315, -44.081264942803266 ], [ 171.734193054827642, -44.081613173213775 ], [ 171.733386205766237, -44.081900415878586 ], [ 171.732627150760209, -44.082250302340945 ], [ 171.731835642364501, -44.082556480514505 ], [ 171.731047343466571, -44.082865942249363 ], [ 171.730284907501726, -44.083208362236569 ], [ 171.729493960392745, -44.083514445257563 ], [ 171.728733192206221, -44.083858987590453 ], [ 171.727955039637891, -44.084181372897987 ], [ 171.727163455110116, -44.08448663778703 ], [ 171.72639052508265, -44.084815675403163 ], [ 171.725592355591147, -44.085112543777356 ], [ 171.724814498643468, -44.085435298377398 ], [ 171.724057377195038, -44.08578447901548 ], [ 171.723267065931594, -44.086091356891167 ], [ 171.722514165077769, -44.086445913908776 ], [ 171.721708605134978, -44.086733352781145 ], [ 171.720950141932974, -44.08708081723799 ], [ 171.720170636592741, -44.087401460480031 ], [ 171.719400371749742, -44.087733879777907 ], [ 171.718633128424727, -44.088070148722394 ], [ 171.717849652120606, -44.088385725324649 ], [ 171.717070464540058, -44.088706766544149 ], [ 171.716320220471715, -44.089064698531544 ], [ 171.715516822910757, -44.08935487717163 ], [ 171.714741312508465, -44.089680600197568 ], [ 171.713952313752259, -44.089988162931476 ], [ 171.713160626478583, -44.09029119068375 ], [ 171.71238023125494, -44.090609755798617 ], [ 171.711651266143434, -44.090995991390159 ], [ 171.710873089994351, -44.091318436846784 ], [ 171.710073372855589, -44.091612957921789 ], [ 171.709294673114044, -44.0919347210681 ], [ 171.708503778781505, -44.09224067485939 ], [ 171.707695164493543, -44.092523656266955 ], [ 171.706951868207028, -44.09289130781638 ], [ 171.706182826967137, -44.093225584734896 ], [ 171.705393547465661, -44.09353362462199 ], [ 171.704596299446536, -44.09383133256695 ], [ 171.70381579254834, -44.094150740939156 ], [ 171.70301760293367, -44.094447224122369 ], [ 171.702246081504086, -44.094778277504524 ], [ 171.701467535978736, -44.095100223337866 ], [ 171.700682234467138, -44.095413408936921 ], [ 171.699902461458379, -44.095733760002467 ], [ 171.699103708897809, -44.096029503482811 ], [ 171.698342246995963, -44.096373590425038 ], [ 171.697558842789135, -44.096689228653609 ], [ 171.696768275566257, -44.096994572040366 ], [ 171.696030660552111, -44.097368413476879 ], [ 171.695233562115789, -44.097665425882397 ], [ 171.694449831936367, -44.09798070380743 ], [ 171.693663691922865, -44.098292807354227 ], [ 171.692880846989283, -44.098609247358937 ], [ 171.692119054742676, -44.098953403350428 ], [ 171.691337807997627, -44.099271944474481 ], [ 171.690559202265689, -44.099593961160963 ], [ 171.689771786168507, -44.099904376356726 ], [ 171.688965271685788, -44.100189644098172 ], [ 171.68820156839206, -44.100531276961235 ], [ 171.687404901991499, -44.100829507305072 ], [ 171.686623575914325, -44.101147933882523 ], [ 171.685826316704805, -44.101445379806059 ], [ 171.685040680952795, -44.101758128348195 ], [ 171.684264949670109, -44.102083916554761 ], [ 171.683461051585766, -44.102372615135423 ], [ 171.682681565400685, -44.102693455766598 ], [ 171.681893038908413, -44.103002390906035 ], [ 171.681112774757992, -44.103322203860664 ], [ 171.680337084435763, -44.103648037972228 ], [ 171.679545209241468, -44.103952558372882 ], [ 171.678760136016365, -44.104265959287304 ], [ 171.677986058012351, -44.104593484050334 ], [ 171.677200044726447, -44.104905367615508 ], [ 171.676438602873134, -44.105250101261994 ], [ 171.675663175776492, -44.105576343939404 ], [ 171.674874135003137, -44.105884586360418 ], [ 171.674095451372665, -44.106206520431712 ], [ 171.673305447570556, -44.106513486128229 ], [ 171.672546354875863, -44.106861319206473 ], [ 171.671770504616347, -44.107186994992951 ], [ 171.670960411725417, -44.107467394442303 ], [ 171.670162376051366, -44.107763733467159 ], [ 171.669375259701553, -44.108074508057356 ], [ 171.668601944190073, -44.108403528658854 ], [ 171.667819213687181, -44.108720099052469 ], [ 171.667036668798517, -44.109036913241297 ], [ 171.666261672198402, -44.109363706607752 ], [ 171.665459456180798, -44.109654507009857 ], [ 171.664672414943965, -44.10996537068295 ], [ 171.663904283873933, -44.110301237555333 ], [ 171.663108273959523, -44.110600238569617 ], [ 171.662342018957986, -44.110938583360927 ], [ 171.661538931368767, -44.111228221691356 ], [ 171.617540807831205, -44.130027887553084 ], [ 171.616776330326587, -44.130363864734605 ], [ 171.616023990131424, -44.130716988706325 ], [ 171.615258766656837, -44.131054696866414 ], [ 171.614511125933632, -44.131413440021809 ], [ 171.613747684236813, -44.131753276288208 ], [ 171.612994169310099, -44.132104987756243 ], [ 171.612232603059226, -44.132447064230263 ], [ 171.611497600442817, -44.132820922030454 ], [ 171.610743330715934, -44.133171725325873 ], [ 171.609989281698375, -44.133522790969693 ], [ 171.609241232514648, -44.133881033815484 ], [ 171.608499341655858, -44.13424664367313 ], [ 171.607748338910085, -44.134604771411318 ], [ 171.607011666985841, -44.134976777658125 ], [ 171.606267157546739, -44.135338186462846 ], [ 171.605538589581101, -44.13571525742293 ], [ 171.604799226886911, -44.136081584844284 ], [ 171.604060014954314, -44.136448059556344 ], [ 171.60331451092955, -44.136808270708279 ], [ 171.602580109779694, -44.137179526861097 ], [ 171.601855397786977, -44.137560421522622 ], [ 171.601134518623638, -44.137945127522798 ], [ 171.600385504513184, -44.138301835104457 ], [ 171.599671263486272, -44.138693141353507 ], [ 171.598936792752852, -44.139064315188953 ], [ 171.598203329750817, -44.139436489141914 ], [ 171.597487960266221, -44.139826665045796 ], [ 171.596746701822696, -44.140191076657544 ], [ 171.596028777170488, -44.140577784728741 ], [ 171.595303285963041, -44.140953178161652 ], [ 171.594551573136897, -44.141302490545733 ], [ 171.593818092864922, -44.141674669446608 ], [ 171.593098111030486, -44.142060913742505 ], [ 171.592370487418833, -44.142439191748785 ], [ 171.591607447994107, -44.142780557485779 ], [ 171.590866465834665, -44.143144908466169 ], [ 171.590138845409399, -44.143523182657283 ], [ 171.5894200115643, -44.143910612055564 ], [ 171.588665514261493, -44.144260870185981 ], [ 171.587938233819557, -44.144639491789867 ], [ 171.587213468661503, -44.145020732642188 ], [ 171.586493528114858, -44.145406999665177 ], [ 171.585767794844855, -44.145787227080383 ], [ 171.585059358365442, -44.146185479874028 ], [ 171.58429728761061, -44.146527829831903 ], [ 171.583551766385767, -44.146887426049908 ], [ 171.582831820175016, -44.147273675939331 ], [ 171.58210945572938, -44.147658674670474 ], [ 171.581363776550461, -44.148020451199343 ], [ 171.580624999183442, -44.14838810567214 ], [ 171.579892277514006, -44.148760928024245 ], [ 171.579155127241336, -44.149129231845976 ], [ 171.57840237280891, -44.14948162072956 ], [ 171.577669170917403, -44.149853945763617 ], [ 171.576920607439149, -44.150210603057999 ], [ 171.576173553838316, -44.150568797381254 ], [ 171.575475752369158, -44.150977215463243 ], [ 171.574753831176054, -44.151361034511893 ], [ 171.574013305277191, -44.151725878252336 ], [ 171.573286602226545, -44.15210481596494 ], [ 171.572554662018206, -44.152478410383921 ], [ 171.571832084743221, -44.15286155078995 ], [ 171.571102578336877, -44.153237622377368 ], [ 171.570390971541457, -44.153631946042736 ], [ 171.569653036193415, -44.153999416757131 ], [ 171.56893383326323, -44.154385989002769 ], [ 171.568200641653448, -44.154758292633737 ], [ 171.567484470711406, -44.155147952370164 ], [ 171.566748959874815, -44.155517885858451 ], [ 171.566010635440392, -44.155893240683469 ], [ 171.565296260585967, -44.156294430361598 ], [ 171.564572006400709, -44.156678393688033 ], [ 171.56386741770504, -44.15707827116568 ], [ 171.563155172061187, -44.157470933789448 ], [ 171.562421187191489, -44.157843117008774 ], [ 171.561716958575772, -44.15824332554012 ], [ 171.561028740967544, -44.158658612737597 ], [ 171.560314898404243, -44.159049760326099 ], [ 171.559609401797161, -44.159448766597748 ], [ 171.558882949380518, -44.159828030906603 ], [ 171.558180218842438, -44.160229637279528 ], [ 171.557468100688197, -44.160622398270007 ], [ 171.556764839295226, -44.161023499302033 ], [ 171.556054178280363, -44.161417627480169 ], [ 171.555340161860471, -44.161808592241691 ], [ 171.554650980694589, -44.16222294859967 ], [ 171.553963098805241, -44.162638526362755 ], [ 171.553243856763629, -44.163024560690573 ], [ 171.552548302970877, -44.163432906451817 ], [ 171.551844919165688, -44.163833873785492 ], [ 171.55114040448035, -44.164233773193722 ], [ 171.550435318909109, -44.164633005296416 ], [ 171.549726154814351, -44.165026869896408 ], [ 171.54903254914592, -44.165435767423602 ], [ 171.548347290499578, -44.165854161553938 ], [ 171.547649988658691, -44.166261066301168 ], [ 171.546952222072719, -44.166667525272281 ], [ 171.546246447905929, -44.167066343898362 ], [ 171.545537145997059, -44.167461795070935 ], [ 171.54483795142508, -44.167866884389355 ], [ 171.54415279059495, -44.168285357175108 ], [ 171.543405763710609, -44.168644816784457 ], [ 171.542714616676932, -44.169057574577586 ], [ 171.542052319723496, -44.169497848809705 ], [ 171.541332693191777, -44.169883436349053 ], [ 171.540621035431144, -44.170276622318298 ], [ 171.539918373786747, -44.170678386805442 ], [ 171.539212860301546, -44.171077428436753 ], [ 171.538498943988088, -44.17146845216849 ], [ 171.537765330998042, -44.171840684767076 ], [ 171.537052629751543, -44.172232862105844 ], [ 171.536355754703067, -44.172640133423478 ], [ 171.53565508304726, -44.173048406946691 ], [ 171.534962964760894, -44.173464994640632 ], [ 171.534233837957373, -44.173845367607072 ], [ 171.533514750217023, -44.174232737377025 ], [ 171.53279893811623, -44.174622930829273 ] ] } },
{ "type": "Feature", "properties": { "group_id": "nzd0457" }, "geometry": { "type": "LineString", "coordinates": [ [ 171.485202383574489, -44.199396867065225 ], [ 171.484404612005505, -44.199699033029425 ], [ 171.483675834382495, -44.200076591253485 ], [ 171.482939079730528, -44.200445430297215 ], [ 171.482199448225259, -44.200811123436708 ], [ 171.481471937893957, -44.201190060531168 ], [ 171.480731833726537, -44.201555232974293 ], [ 171.479942503486654, -44.201866607933681 ], [ 171.479244079879862, -44.202277325492005 ], [ 171.478486333490139, -44.202623211376832 ], [ 171.477734366435584, -44.20297541075675 ], [ 171.476993449422793, -44.203339683895543 ], [ 171.476275994430722, -44.203729595633405 ], [ 171.475530564663387, -44.204088932805981 ], [ 171.474804792217697, -44.204469750795127 ], [ 171.474043737934437, -44.204812007876647 ], [ 171.473323234591675, -44.205198580334404 ], [ 171.472594734606929, -44.205576411417297 ], [ 171.471855277110706, -44.205942334769759 ], [ 171.471082358267097, -44.206273455774586 ], [ 171.470354938324647, -44.206653495872942 ], [ 171.469628035522959, -44.207032378276388 ], [ 171.468886329620034, -44.207395570124383 ], [ 171.468154854691363, -44.207769602522951 ], [ 171.46743257868394, -44.208153381903053 ], [ 171.466698401065031, -44.208524545551242 ], [ 171.465956681569224, -44.208887713803712 ], [ 171.465233634166822, -44.209270669150868 ], [ 171.464500725043678, -44.209643170471352 ], [ 171.463776325766531, -44.210024688762452 ], [ 171.463033774983813, -44.210386966832992 ], [ 171.462310214598006, -44.210769369881056 ], [ 171.461594310612412, -44.211160038780626 ], [ 171.460859409824764, -44.211530799504978 ], [ 171.460105360290811, -44.21188283766076 ], [ 171.459355702277918, -44.212238697484054 ], [ 171.458651104205074, -44.212638826288327 ], [ 171.457930171961976, -44.21302290411365 ], [ 171.457204485594303, -44.213402308331574 ], [ 171.456493643288468, -44.213796294648709 ], [ 171.455778447606548, -44.21418600117142 ], [ 171.45506163597895, -44.214574117460721 ], [ 171.454350825021919, -44.214968127168738 ], [ 171.453651714892658, -44.215373631096746 ], [ 171.452937361865168, -44.215764155682535 ], [ 171.452213057302657, -44.216144899762725 ], [ 171.451521735619622, -44.216558049193758 ], [ 171.450794517957661, -44.216935925919572 ], [ 171.450064142539304, -44.217310697246099 ], [ 171.449332602048457, -44.217684321099242 ], [ 171.448578696220608, -44.218035966186406 ], [ 171.447865251427146, -44.218427365345903 ], [ 171.44715118131225, -44.218818210372483 ], [ 171.446458592735979, -44.219230156116168 ], [ 171.445729500324944, -44.21960623493365 ], [ 171.445017085392323, -44.219998590841833 ], [ 171.444313277031597, -44.220399370999317 ], [ 171.443578424187905, -44.220769752759672 ], [ 171.442873346633945, -44.221169285269319 ], [ 171.442179391033392, -44.221579705122686 ], [ 171.441466265882383, -44.22197135324685 ], [ 171.440773050537956, -44.22238249322465 ], [ 171.440062020406714, -44.222776187778258 ], [ 171.439357259480374, -44.223176018310362 ], [ 171.438662705586609, -44.223585840642009 ], [ 171.437947820284791, -44.22397575308888 ], [ 171.437206750921177, -44.224340024604516 ], [ 171.436459860879609, -44.224698593844032 ] ] } },
{ "type": "Feature", "properties": { "group_id": "nzd0459" }, "geometry": { "type": "LineString", "coordinates": [ [ 171.325764745299779, -44.298902506648041 ], [ 171.325172429453033, -44.299385782952307 ], [ 171.324612051290927, -44.299888996495298 ], [ 171.324007976412304, -44.300364922422737 ], [ 171.323433357252043, -44.300859235926829 ], [ 171.322792850868609, -44.301312406196054 ], [ 171.322224894349716, -44.301810871538919 ], [ 171.321667452689184, -44.30231589816696 ], [ 171.321073699516091, -44.302798248177616 ], [ 171.320518670686283, -44.303304773202477 ], [ 171.319945632596642, -44.303800049331358 ], [ 171.31933373912517, -44.30427106034027 ], [ 171.318811169345224, -44.304797840359448 ], [ 171.31822904544083, -44.305287431103174 ], [ 171.317624602702523, -44.305763081960258 ], [ 171.317040782185757, -44.306251605110333 ], [ 171.316460026643028, -44.306742037914859 ], [ 171.315896270329887, -44.307243080914176 ], [ 171.315280995299446, -44.307711951564528 ], [ 171.314688471015899, -44.308195023624471 ], [ 171.314099250414017, -44.308679646621385 ], [ 171.313512871993282, -44.309165050602182 ], [ 171.31294267180283, -44.309661213693865 ], [ 171.312356473409977, -44.310148266044827 ], [ 171.311802853146816, -44.310655897163905 ], [ 171.31120979588934, -44.311138607990131 ], [ 171.310627556099604, -44.311628149223374 ], [ 171.31005660711142, -44.312124819950142 ], [ 171.30948998147278, -44.312624218143668 ], [ 171.308846365657445, -44.313074969602425 ], [ 171.308237032367146, -44.313547376730639 ], [ 171.307681887093679, -44.314054016127699 ], [ 171.307123151206156, -44.314558382930706 ], [ 171.306530862272012, -44.315041546618581 ], [ 171.305950548926546, -44.31553227252121 ], [ 171.305355803957838, -44.316013876314884 ], [ 171.304769958922861, -44.316501099109189 ], [ 171.304146860400806, -44.316964780578644 ], [ 171.303614735118316, -44.317485936123049 ], [ 171.303020488639788, -44.317967838582462 ], [ 171.302427488177386, -44.318450524210668 ], [ 171.301817758698519, -44.318922636064258 ], [ 171.301230790850298, -44.319409125030347 ], [ 171.300672009683041, -44.319913418840692 ], [ 171.300089951827175, -44.320403001939994 ], [ 171.299509354527913, -44.320893503794302 ], [ 171.298935120834528, -44.321388022265765 ], [ 171.298336870803865, -44.321867362602653 ], [ 171.297773775686863, -44.322368910598222 ], [ 171.297195382458398, -44.322860788832585 ], [ 171.296597258707891, -44.323338529886371 ], [ 171.296007824602242, -44.323821622483152 ], [ 171.29540148909561, -44.324295555597999 ], [ 171.294846202264864, -44.324802427726141 ], [ 171.294273268935029, -44.325297973233461 ], [ 171.293690174760059, -44.325786995168507 ], [ 171.293117095856076, -44.326282439310589 ], [ 171.292536933930592, -44.326773334719903 ], [ 171.291975980266727, -44.327276550965401 ], [ 171.291423911701031, -44.327785464303957 ], [ 171.290878081659173, -44.328298376590709 ], [ 171.290316129982699, -44.328800940602591 ], [ 171.289758356487454, -44.329306181555339 ], [ 171.28919109035769, -44.329805327662491 ], [ 171.288604107841564, -44.330291818887709 ], [ 171.288011982033225, -44.330775005937298 ], [ 171.287452484417202, -44.331282222945973 ], [ 171.286875042495211, -44.33177793790059 ], [ 171.286307576308928, -44.332276712725921 ], [ 171.285717008559743, -44.332761790026481 ], [ 171.285178865076887, -44.333276471177385 ], [ 171.284630669513774, -44.333785470642702 ], [ 171.284025093985946, -44.33426205832572 ], [ 171.283508082623683, -44.33478866126412 ], [ 171.282963897825027, -44.335299912608065 ], [ 171.282413146018399, -44.335807450555706 ], [ 171.281832737820991, -44.336298234501811 ], [ 171.281276991622434, -44.336802942764749 ], [ 171.280661597739169, -44.337273958180937 ], [ 171.280142400096281, -44.337799299775646 ], [ 171.279587112338049, -44.338304253586891 ], [ 171.278941262109811, -44.338758053946663 ], [ 171.27837133983806, -44.339254733303527 ], [ 171.277823282659199, -44.339763757480334 ], [ 171.277295518685349, -44.340284238718468 ], [ 171.276748909580533, -44.340794071885426 ], [ 171.276194612782831, -44.341299558631611 ], [ 171.2756525258377, -44.341811937011656 ], [ 171.275118171579095, -44.342328678352111 ], [ 171.274615574572778, -44.342863351657229 ], [ 171.274044300175404, -44.343359903626798 ], [ 171.273510371931877, -44.343883329987904 ], [ 171.272978082631312, -44.344406525212854 ], [ 171.272425290999905, -44.344913053464261 ], [ 171.271898958005437, -44.345433627076119 ], [ 171.271400605737, -44.345969054329167 ], [ 171.270814298810336, -44.346457771360505 ], [ 171.270260466415806, -44.346963728298554 ], [ 171.269705824334011, -44.347469250602785 ], [ 171.269209034594383, -44.348005489073259 ], [ 171.268691824587165, -44.348530879312712 ], [ 171.268216847275454, -44.349078691357356 ], [ 171.267683562449207, -44.349595536261987 ], [ 171.267128884239241, -44.350101016171159 ], [ 171.26665346950179, -44.350648582041551 ], [ 171.266158593890225, -44.351185809126171 ], [ 171.265606111331238, -44.351692441064571 ], [ 171.265096820360355, -44.352222004015964 ], [ 171.264575053762997, -44.352744937501193 ], [ 171.264091937269455, -44.353288390389551 ], [ 171.26353540925362, -44.35379285552937 ], [ 171.262996353130092, -44.354306593966527 ], [ 171.262425039118114, -44.3548031980527 ], [ 171.261912908735155, -44.355331225384077 ], [ 171.261460129595349, -44.355890764974646 ], [ 171.260988340204705, -44.356440205007438 ], [ 171.260440708104852, -44.356953301891778 ], [ 171.259947177962175, -44.357498861501895 ], [ 171.259403525640181, -44.358016150125678 ], [ 171.258941838824427, -44.358568022243446 ], [ 171.258432057656307, -44.359096829731016 ], [ 171.257932995526346, -44.359630771689304 ], [ 171.257410966072172, -44.360153696595098 ], [ 171.256958155269501, -44.360709804660367 ], [ 171.256460529296618, -44.361244420340284 ], [ 171.256001542595641, -44.361797557332523 ], [ 171.255501274412779, -44.362330896249382 ], [ 171.254978267115632, -44.362853327542197 ], [ 171.254543130334213, -44.363417884917723 ], [ 171.254114739054245, -44.363985671521647 ], [ 171.253624477011471, -44.364523788226073 ], [ 171.253148592021347, -44.36507045941979 ], [ 171.252678096727209, -44.36561997075497 ], [ 171.252239207629231, -44.366182407885795 ], [ 171.251758455353638, -44.36672484553074 ], [ 171.251248124732314, -44.367253565721867 ], [ 171.250844885060587, -44.367848011815127 ], [ 171.250464143719199, -44.368447102264078 ], [ 171.250269274823694, -44.369102629030671 ], [ 171.250364869626566, -44.369737821077081 ], [ 171.250522775839073, -44.3703757678485 ] ] } },
{ "type": "Feature", "properties": { "group_id": "nzd0460" }, "geometry": { "type": "LineString", "coordinates": [ [ 167.974768538288515, -44.385812658282532 ], [ 167.97552945735481, -44.385465875543616 ], [ 167.976258639095306, -44.385090626914788 ], [ 167.977027516650026, -44.38475097342144 ], [ 167.977735257364856, -44.384356489444848 ], [ 167.978439155943164, -44.383958556597413 ] ] } },
{ "type": "Feature", "properties": { "group_id": "nzd0462" }, "geometry": { "type": "LineString", "coordinates": [ [ 171.269450376973793, -44.387824868310844 ], [ 171.268916108779194, -44.388343166550456 ], [ 171.268409270584044, -44.388873713155675 ], [ 171.267888066001291, -44.389402435415576 ], [ 171.267423117812029, -44.389958456217848 ], [ 171.266869507472876, -44.390462212470958 ], [ 171.266458097740269, -44.391027886584602 ], [ 171.266030525228899, -44.391583718859806 ], [ 171.265622672256598, -44.392147749380541 ], [ 171.265219632296748, -44.392714731809491 ], [ 171.264818553832697, -44.393288692383656 ], [ 171.264464472773483, -44.393869097122248 ], [ 171.264173937863433, -44.394462351633067 ], [ 171.263920319644711, -44.395072962306827 ], [ 171.263620912882317, -44.39567676960845 ], [ 171.263395586395291, -44.396290658738089 ], [ 171.263206271569231, -44.39690298308021 ], [ 171.262949027547279, -44.397518588675624 ], [ 171.262851304605363, -44.398159067222437 ], [ 171.262718028135112, -44.398798058688634 ], [ 171.262417447550973, -44.399410245080205 ], [ 171.262349564291583, -44.400063929616564 ], [ 171.262154494219658, -44.400686957782113 ], [ 171.261946333746295, -44.401299002444766 ], [ 171.26180823367784, -44.401927360370038 ], [ 171.261572892774183, -44.402550187148364 ], [ 171.261424800262802, -44.403183364502809 ], [ 171.261386122494173, -44.403829929621381 ], [ 171.261244485531307, -44.404450755734629 ], [ 171.26100317184671, -44.443286799213183 ] ] } },
{ "type": "Feature", "properties": { "group_id": "nzd0463" }, "geometry": { "type": "LineString", "coordinates": [ [ 171.260565050003066, -44.443301935861058 ], [ 171.259866505450901, -44.443713583715187 ], [ 171.259292622026578, -44.444230998917284 ], [ 171.228517211614673, -44.481686789780206 ], [ 171.228078658571917, -44.482246160856469 ], [ 171.227607724119935, -44.482792085145782 ], [ 171.227175950418456, -44.483354259604795 ], [ 171.226665486929477, -44.483883764801035 ], [ 171.226211299154244, -44.484436624548216 ], [ 171.22576544723097, -44.484992939136383 ], [ 171.225308943940092, -44.485544827020114 ], [ 171.224850111481317, -44.486095742724082 ], [ 171.224417537741743, -44.486657941689018 ] ] } },
{ "type": "Feature", "properties": { "group_id": "nzd0464" }, "geometry": { "type": "LineString", "coordinates": [ [ 171.199711100793536, -44.520520289509129 ], [ 171.19928735444779, -44.521085670972816 ], [ 171.198847078058435, -44.52165033052632 ], [ 171.198424216882557, -44.522221401578975 ], [ 171.198041004358856, -44.522800697533128 ], [ 171.197609747264579, -44.523363090985846 ], [ 171.197189718026351, -44.523929427423774 ], [ 171.196773429049586, -44.524497073539592 ], [ 171.196459305411196, -44.525100644296373 ], [ 171.196044166215216, -44.525670298111883 ], [ 171.195682210868426, -44.526260590430574 ], [ 171.195316551957177, -44.526847804989991 ], [ 171.194996982371123, -44.527448137910092 ], [ 171.194645026437428, -44.528037683541612 ], [ 171.19428886816209, -44.528625824340622 ], [ 171.193949045592717, -44.52922082238269 ], [ 171.193574663698456, -44.52980982794606 ], [ 171.193264908307128, -44.530416800989848 ], [ 171.192927006644709, -44.531010072074572 ], [ 171.192611482917982, -44.531609775310656 ], [ 171.192256142129537, -44.53219801681805 ], [ 171.191917160501845, -44.532790958838923 ], [ 171.191620619940124, -44.533395299807914 ], [ 171.191262068247994, -44.533981161405251 ], [ 171.190920435555341, -44.534572782589386 ], [ 171.190620268138161, -44.535177176170919 ], [ 171.190309202365967, -44.535778343671957 ], [ 171.189949799946703, -44.536365223887074 ], [ 171.189598756801644, -44.536954567804827 ], [ 171.189267085067939, -44.537549628972407 ], [ 171.188928282396148, -44.53814257721033 ], [ 171.1886086128861, -44.53874117227496 ], [ 171.188315788379271, -44.539347692586965 ], [ 171.187977748625542, -44.539940847962988 ], [ 171.187668694021454, -44.540543087688533 ], [ 171.187378793445049, -44.541151525306915 ], [ 171.187105561184495, -44.541763971223446 ], [ 171.186768570907162, -44.54235738928044 ], [ 171.186452426242539, -44.542956782977058 ], [ 171.186127088038717, -44.543553532402072 ], [ 171.185786851623533, -44.54414600058972 ], [ 171.185508079546281, -44.544756597188005 ], [ 171.185178127955737, -44.545357790249682 ], [ 171.184880005023871, -44.545967067496306 ], [ 171.184558403737327, -44.546565494423959 ], [ 171.184269928476994, -44.547171729030943 ], [ 171.183955034804654, -44.547771725444129 ], [ 171.183684287872296, -44.548382129177163 ], [ 171.183366286208297, -44.548981379683589 ], [ 171.183172329500565, -44.549609884453893 ], [ 171.182897103315895, -44.550219212350967 ], [ 171.182627542579013, -44.55082987024241 ], [ 171.182329271215508, -44.551433749306867 ], [ 171.182074512810033, -44.552046598236878 ], [ 171.181818293584371, -44.552651115342464 ], [ 171.181528390164942, -44.553249803681432 ], [ 171.181197309879991, -44.553844804957336 ], [ 171.18087005122905, -44.55444090080772 ], [ 171.180510260967623, -44.555027620888403 ], [ 171.180158856663411, -44.555616925673718 ], [ 171.179833891952995, -44.556214594209209 ], [ 171.179485402935512, -44.556805382675385 ], [ 171.179105374743216, -44.557386463853845 ], [ 171.178722394468167, -44.557960952939531 ], [ 171.178397203239967, -44.558549482533657 ], [ 171.178073157362519, -44.559144552984165 ], [ 171.177693897372677, -44.55972485427835 ], [ 171.177350195813176, -44.560316291637541 ], [ 171.176992348719864, -44.56090329059996 ], [ 171.176682382767069, -44.561505286797392 ], [ 171.176362677865143, -44.562102846491193 ], [ 171.176085873550534, -44.562714258949306 ], [ 171.175753641304198, -44.563309380256712 ], [ 171.175397336931013, -44.563896881929367 ], [ 171.175109291840954, -44.564506176780668 ], [ 171.174786386359557, -44.565104332682843 ], [ 171.174470954284317, -44.565704869264835 ], [ 171.174208010094731, -44.566323096301772 ], [ 171.173862977623571, -44.566919572067391 ], [ 171.173509302072802, -44.567514284840534 ], [ 171.173250665782518, -44.568127713352652 ], [ 171.172947152250373, -44.56872999439382 ], [ 171.172702175638761, -44.569346801287033 ], [ 171.172321374387622, -44.569929882479144 ], [ 171.172065523987044, -44.570543977213099 ], [ 171.171743760209836, -44.571143835190284 ], [ 171.171484871581441, -44.571760596370936 ], [ 171.171227070420429, -44.572375366118877 ], [ 171.171043221679923, -44.573004802031804 ], [ 171.170811008043245, -44.573623462650865 ], [ 171.170577405345199, -44.574241807483489 ], [ 171.170261053499189, -44.574843846226123 ], [ 171.170093623393058, -44.575479895304831 ], [ 171.169916149609151, -44.576110405218621 ], [ 171.169646448897396, -44.576721897806401 ], [ 171.169458204210599, -44.577347850098036 ], [ 171.169252383444103, -44.57797067424638 ], [ 171.168993714233864, -44.578584106032814 ], [ 171.168826536724509, -44.579214280168351 ], [ 171.168641215136915, -44.579842269253255 ], [ 171.168485001738759, -44.580474275391687 ], [ 171.168254585252328, -44.581093032694682 ], [ 171.168033096019144, -44.581713232645896 ], [ 171.167823668032526, -44.582335384056513 ], [ 171.167584885452499, -44.582952762935456 ], [ 171.167511209830934, -44.583595705888854 ], [ 171.167355219833325, -44.584225434728189 ], [ 171.16710830546856, -44.584840575701449 ], [ 171.166952405888566, -44.58547211959192 ], [ 171.166788766484245, -44.586102290560397 ], [ 171.166612013408439, -44.586730140080064 ], [ 171.166434819808387, -44.587360030276137 ], [ 171.166279505151095, -44.587992239531481 ], [ 171.16607534256039, -44.58861577984986 ], [ 171.165927960733001, -44.5892469290972 ], [ 171.165716005784901, -44.589869398711549 ], [ 171.165559499823019, -44.590499308842517 ], [ 171.165433203775962, -44.591132923080963 ], [ 171.165197198659428, -44.591750670457955 ], [ 171.165011863319364, -44.592375695955297 ], [ 171.164860341744827, -44.593006462711628 ], [ 171.164655171587128, -44.593629469711161 ], [ 171.16449817302734, -44.594259431365572 ], [ 171.164357385557935, -44.594891728917119 ], [ 171.164134021443999, -44.595512086292715 ], [ 171.163969120353784, -44.596140885523837 ], [ 171.163890046938718, -44.596782081044836 ], [ 171.163736010617868, -44.597413097899171 ], [ 171.163572099356884, -44.598042416088937 ] ] } },
{ "type": "Feature", "properties": { "group_id": "nzd0466" }, "geometry": { "type": "LineString", "coordinates": [ [ 171.163503612892185, -44.598644498854355 ], [ 171.163400133256175, -44.599279815916411 ], [ 171.163300081647151, -44.599915391083805 ], [ 171.163166496099763, -44.600548366157469 ], [ 171.163033300481999, -44.601181364398897 ], [ 171.162902870536783, -44.601809430901852 ], [ 171.162878560210459, -44.602444908034016 ], [ 171.162694429424477, -44.603068795285836 ], [ 171.162539847993116, -44.60369879347521 ], [ 171.162552574664943, -44.604348386236708 ], [ 171.162429915869524, -44.604982110602307 ], [ 171.162333461746073, -44.605619069239978 ], [ 171.162212426469097, -44.606253131785714 ], [ 171.162043436805078, -44.60688147847884 ], [ 171.161984059965846, -44.607522436233339 ], [ 171.161875795935032, -44.608157747204537 ], [ 171.161797403697648, -44.608796497367507 ], [ 171.161626581427583, -44.609424231230172 ], [ 171.161394301573267, -44.610043682489788 ], [ 171.161393674427444, -44.610692229958794 ], [ 171.161251088388809, -44.611323629703477 ], [ 171.161065719512493, -44.611949623236335 ], [ 171.160915158604865, -44.612580002812223 ], [ 171.160807266666239, -44.613218021581723 ], [ 171.160721327602431, -44.613858737395041 ], [ 171.160626735131899, -44.614498590649603 ], [ 171.160529228094248, -44.615135362235023 ], [ 171.160494161748176, -44.615774280764199 ], [ 171.16041946888339, -44.616411825270191 ], [ 171.160376594133709, -44.617049242309406 ], [ 171.160348663807724, -44.617685730710889 ], [ 171.160317676854561, -44.618323656769178 ], [ 171.160251652811752, -44.618961269490875 ], [ 171.160176267562946, -44.619598379638006 ], [ 171.160103958422326, -44.620235645609974 ], [ 171.1600476456465, -44.620873751374283 ], [ 171.159988244523134, -44.621511686632779 ], [ 171.15986302548805, -44.622145322830534 ], [ 171.159858159240258, -44.622785346631723 ], [ 171.15979332481237, -44.623422773736372 ], [ 171.159723722895023, -44.624060142175011 ], [ 171.159678808653126, -44.624698938564059 ], [ 171.15957332038866, -44.625334207105439 ], [ 171.159522028204236, -44.625972618762425 ], [ 171.15948490292098, -44.626611846846579 ], [ 171.159386157008328, -44.627247486263364 ], [ 171.159380843820287, -44.627888549370645 ], [ 171.159313616491175, -44.628526006761795 ], [ 171.15928927637998, -44.629165949899516 ], [ 171.159257446862853, -44.629805450700623 ], [ 171.159254822388732, -44.630452580536428 ], [ 171.159230954050372, -44.631097836289676 ], [ 171.159236485069698, -44.631737511905591 ], [ 171.159219819156419, -44.632376614020885 ], [ 171.159229726798145, -44.633015924004617 ], [ 171.159225152203163, -44.633655109821866 ], [ 171.159263566182574, -44.634294636266958 ], [ 171.159263939047293, -44.634934220811779 ], [ 171.159309582070506, -44.635574056717111 ], [ 171.159281574555621, -44.6362131346147 ], [ 171.159355912374537, -44.636852657108641 ], [ 171.159397571154869, -44.637492013778818 ], [ 171.159403478594953, -44.638131189722742 ], [ 171.159433335212015, -44.63877134768164 ], [ 171.159504788065732, -44.639412219298464 ], [ 171.159573053244173, -44.640051227334261 ], [ 171.159633234630377, -44.640688906271933 ], [ 171.159717506395197, -44.641325521110005 ], [ 171.159802835630842, -44.64196208255084 ], [ 171.159928407053542, -44.64259687115068 ], [ 171.159999190773732, -44.643234230041124 ], [ 171.160106475077185, -44.643868772628622 ], [ 171.160216098536551, -44.644503154413243 ], [ 171.160344133434933, -44.645135777612943 ], [ 171.160445012358878, -44.645770845315454 ], [ 171.160546550068204, -44.646405846621192 ], [ 171.160673489303235, -44.64703814799298 ], [ 171.160751660273831, -44.647674187906361 ], [ 171.160817464982898, -44.648311466523324 ], [ 171.16089159204202, -44.648948443950189 ], [ 171.160980603010472, -44.649584313156026 ], [ 171.161049226840845, -44.650221683820178 ], [ 171.161110574109301, -44.650857621924267 ], [ 171.161209879616194, -44.651488613644702 ], [ 171.161262721808953, -44.652124291259575 ], [ 171.161321115287308, -44.652761915359747 ], [ 171.161396786017406, -44.653398770311497 ], [ 171.161522224880827, -44.654033422864288 ], [ 171.161576178505356, -44.654671221827357 ], [ 171.161665948435854, -44.655309826678447 ], [ 171.16175302133226, -44.655948471792257 ], [ 171.161811111637235, -44.656586691446996 ], [ 171.161895790435096, -44.657222770045315 ], [ 171.161961798705306, -44.657860101772897 ], [ 171.162101895179433, -44.658492426236208 ], [ 171.162190022024845, -44.659127005270577 ], [ 171.162244088986341, -44.659761902027249 ], [ 171.162323360638879, -44.660396722172607 ], [ 171.16246214365205, -44.661030340014761 ], [ 171.162602624884784, -44.661663868136102 ], [ 171.162699297408693, -44.662299523288247 ], [ 171.162804861860394, -44.662936665448797 ], [ 171.162914528548811, -44.663575269516862 ], [ 171.162991498977817, -44.664217341888374 ], [ 171.163146755596728, -44.664846573411246 ], [ 171.16326375176908, -44.665480457022745 ], [ 171.163401100093012, -44.666111855539278 ], [ 171.163519903899072, -44.666743104495488 ], [ 171.163645715021431, -44.667369029321293 ], [ 171.163776467578373, -44.667997167764376 ], [ 171.163899416395907, -44.668630027388375 ], [ 171.164021480940903, -44.669262957359422 ], [ 171.164168517041276, -44.669893698719534 ], [ 171.164259298317631, -44.670529348004791 ], [ 171.164358092903967, -44.671164290253778 ], [ 171.164495760558367, -44.671795829390838 ], [ 171.164634701535931, -44.672427250382391 ], [ 171.164767200953492, -44.673057962383695 ], [ 171.16486027357945, -44.673678660958515 ], [ 171.164949127805897, -44.674303325515133 ], [ 171.165071020354276, -44.674940517195218 ], [ 171.165191721247083, -44.675577717943128 ], [ 171.165261609614305, -44.676215600303259 ], [ 171.165360522522491, -44.676853262971264 ], [ 171.165440111524674, -44.677490649066591 ], [ 171.165516081382606, -44.678127399524847 ], [ 171.165510895462347, -44.678767205691599 ], [ 171.16560178859794, -44.679403332958081 ], [ 171.1656739194583, -44.680040170260483 ], [ 171.16570614698162, -44.680678525531455 ], [ 171.165785663988856, -44.681315178601764 ], [ 171.165811697114464, -44.681954132203231 ], [ 171.165844961179772, -44.682592694495412 ], [ 171.165903234073909, -44.68322998744415 ] ] } },
{ "type": "Feature", "properties": { "group_id": "nzd0467" }, "geometry": { "type": "LineString", "coordinates": [ [ 171.165979091170783, -44.683678022251478 ], [ 171.165957264269764, -44.684319113895697 ], [ 171.16602056203115, -44.684952104478711 ], [ 171.166021963738672, -44.68558382721023 ], [ 171.166083745220789, -44.686220770993145 ], [ 171.166091092296284, -44.686859521537933 ], [ 171.166066972370118, -44.687497922299542 ], [ 171.166111332017294, -44.688137061904591 ], [ 171.166124875125661, -44.688776053349024 ], [ 171.166151144710739, -44.6894154552636 ], [ 171.166198490775542, -44.690054451575733 ], [ 171.166203230583193, -44.690693008615312 ], [ 171.166216263337219, -44.691331564112822 ], [ 171.166283254049773, -44.691970148345447 ], [ 171.16627951261259, -44.692608778665239 ], [ 171.166317717265827, -44.693247343701849 ], [ 171.166333701295486, -44.693885852318509 ], [ 171.166381947736255, -44.694523942526928 ], [ 171.166384729777121, -44.695162483125848 ], [ 171.166407127218662, -44.695800819333314 ], [ 171.166414764494107, -44.696439128754598 ], [ 171.166455966651597, -44.697077198424132 ] ] } },
{ "type": "Feature", "properties": { "group_id": "nzd0468" }, "geometry": { "type": "LineString", "coordinates": [ [ 171.172968551344155, -44.793144885275964 ], [ 171.173021420261733, -44.793781669747503 ], [ 171.17305891430243, -44.794418544240912 ], [ 171.17309616691395, -44.795055417498894 ], [ 171.173120457787689, -44.795692594690877 ], [ 171.173160768387589, -44.796327128115351 ], [ 171.17314249242483, -44.796961960333185 ], [ 171.173151137453658, -44.797599251793223 ], [ 171.173193630644448, -44.798236970470633 ], [ 171.17321726197369, -44.798874541521883 ], [ 171.17323286912179, -44.799512186671841 ], [ 171.173285128610246, -44.800151434237321 ], [ 171.173343796964559, -44.800789013021628 ], [ 171.17335391726661, -44.801427303842914 ], [ 171.173405665142894, -44.802063600384457 ], [ 171.173426763682613, -44.80270135304297 ], [ 171.173461721890618, -44.803334222704699 ], [ 171.173415547735686, -44.803963391817824 ], [ 171.173435917688124, -44.804596787475099 ], [ 171.173435477859272, -44.805234146677101 ], [ 171.173481433136715, -44.805872002500777 ], [ 171.173495408841148, -44.806509504112078 ], [ 171.173516159366926, -44.807148398332068 ], [ 171.173539014779863, -44.80778857595012 ], [ 171.173567156612648, -44.808427258888827 ], [ 171.173568476446121, -44.809064649484931 ], [ 171.173614325899422, -44.809701316287601 ], [ 171.173626040403036, -44.810338525492831 ], [ 171.173659322582608, -44.81097318346832 ], [ 171.17363681626594, -44.811605337937209 ], [ 171.173600188367857, -44.812239413382308 ], [ 171.173616412734049, -44.81287709601775 ], [ 171.17364647838204, -44.813515013871736 ], [ 171.173631293720945, -44.814152132663068 ], [ 171.173622276954376, -44.814789775145151 ], [ 171.17364399075791, -44.815428277343869 ], [ 171.173660986440467, -44.816066168284657 ], [ 171.173625588539664, -44.816703021280695 ], [ 171.17366839785069, -44.817340716207212 ], [ 171.173635357352964, -44.817977580710071 ], [ 171.173658274456642, -44.818615761365209 ], [ 171.173666041552849, -44.819254135863041 ], [ 171.173678048929133, -44.819891760249611 ], [ 171.173684165066106, -44.820528886508335 ], [ 171.173638755606476, -44.821165962330191 ], [ 171.17363835929612, -44.821803069010855 ], [ 171.173630342331364, -44.82243718470145 ], [ 171.173621693280495, -44.823069208555729 ], [ 171.173603192239284, -44.823704300777401 ], [ 171.173597418749921, -44.824341786025791 ], [ 171.173579719174029, -44.82497890232802 ], [ 171.173539036106689, -44.825615314141594 ], [ 171.173537549292575, -44.826254149500102 ], [ 171.173540274377586, -44.826894326760822 ], [ 171.173521098913824, -44.827532813352164 ], [ 171.173513297116926, -44.828169839165369 ], [ 171.173534897891699, -44.828807177160478 ], [ 171.173485982230858, -44.829443742508865 ], [ 171.173454680349892, -44.830078353670217 ], [ 171.173423082628943, -44.830710350509847 ], [ 171.173371431259625, -44.831343927659745 ], [ 171.173313694375736, -44.831979676134509 ], [ 171.173270707379487, -44.832615932739309 ], [ 171.173239111918008, -44.833252580180464 ], [ 171.17321251015548, -44.833889395001457 ], [ 171.173153263530367, -44.834525062607533 ], [ 171.17314966571908, -44.835158511480643 ], [ 171.173089311353152, -44.835789828432873 ], [ 171.173073277481421, -44.836427690091874 ], [ 171.173020510661416, -44.837063618554964 ], [ 171.172978553885372, -44.837700122027492 ], [ 171.172908307031747, -44.83833509531064 ], [ 171.172864384305655, -44.838971478899659 ], [ 171.172818376893957, -44.839607743227837 ], [ 171.17278163648848, -44.840243544313836 ], [ 171.172702864050621, -44.840876299525419 ], [ 171.172661569928238, -44.841512349498643 ], [ 171.172586912432337, -44.842147032530804 ], [ 171.172518110185052, -44.842782074598531 ], [ 171.172456010752313, -44.843417528685102 ], [ 171.172406786245944, -44.844053780631704 ], [ 171.172332718987178, -44.844688418499217 ], [ 171.172260763540692, -44.845323143096081 ], [ 171.172192851630456, -44.845958171104236 ], [ 171.172103373186104, -44.846591873492955 ], [ 171.172038166552426, -44.847227098226504 ], [ 171.171953931110693, -44.847861116968723 ], [ 171.171886561227893, -44.848496116204032 ], [ 171.171815462007459, -44.849128010143531 ], [ 171.171693964243815, -44.849756338512989 ], [ 171.171614507454905, -44.850390744846109 ], [ 171.171552934342373, -44.851026512595368 ], [ 171.171430606974582, -44.851657624645789 ], [ 171.171342687864723, -44.852289586003906 ], [ 171.171247743735961, -44.852913713015461 ], [ 171.17114818061674, -44.853539999265735 ], [ 171.171092197234742, -44.853920736225533 ] ] } },
{ "type": "Feature", "properties": { "group_id": "nzd0470" }, "geometry": { "type": "LineString", "coordinates": [ [ 171.171053381968136, -44.854561091102937 ], [ 171.170987960886151, -44.855198442539745 ], [ 171.17086438474945, -44.855829237460476 ], [ 171.170768545097161, -44.856467469988317 ], [ 171.170686302485905, -44.857108077634926 ], [ 171.170599526463178, -44.857744341621931 ], [ 171.170514141264221, -44.858378184604803 ], [ 171.170433216745693, -44.859012293633839 ], [ 171.170323956638242, -44.859644661149723 ], [ 171.170223358057484, -44.860271861000967 ], [ 171.170106256316046, -44.860893763608004 ], [ 171.169991508289428, -44.861521958681408 ], [ 171.169910672579391, -44.862157071540551 ], [ 171.169813659230755, -44.862790480034697 ], [ 171.169682418012428, -44.863420290300063 ], [ 171.169592025283919, -44.864054782391428 ], [ 171.169476635517185, -44.864686857553856 ], [ 171.169378995276873, -44.865320304374293 ], [ 171.169241596555196, -44.865949470991552 ], [ 171.169124165532139, -44.866580652059319 ], [ 171.169021891751669, -44.867213262969841 ], [ 171.168889331638042, -44.867838939490589 ], [ 171.168808646911771, -44.868471206168252 ], [ 171.168680211152036, -44.869101488992342 ], [ 171.168553641976445, -44.869731993400109 ], [ 171.168419064272996, -44.870361510704214 ], [ 171.168298473194739, -44.870992997422128 ], [ 171.168167869570226, -44.87162362490313 ], [ 171.168026345013431, -44.872252647171905 ], [ 171.167908914520467, -44.872884070407757 ], [ 171.16777089374213, -44.873513071947187 ], [ 171.167657198595435, -44.874144919466303 ], [ 171.167539658756283, -44.874776309185613 ], [ 171.167386336429843, -44.875403495531813 ], [ 171.167267534848293, -44.876034723493945 ], [ 171.167125233417863, -44.876663188573076 ], [ 171.166970683683985, -44.877290210329512 ], [ 171.166818909102602, -44.877917550667249 ], [ 171.166688952645785, -44.878546033988307 ], [ 171.166547184591053, -44.879172104587404 ], [ 171.166411896197616, -44.879800665942028 ], [ 171.166235498844969, -44.880424754509988 ], [ 171.166102913941785, -44.881054748812346 ], [ 171.165939362006014, -44.88168055723046 ], [ 171.165783539834962, -44.882307401957341 ], [ 171.165610015756926, -44.882931850970387 ], [ 171.165442885896397, -44.883557156060945 ], [ 171.165268829590332, -44.88418151960024 ], [ 171.165080383146858, -44.884799959094771 ], [ 171.164907157584082, -44.885413885533062 ], [ 171.164682201142, -44.886023729539836 ], [ 171.16451274501523, -44.886650584551994 ], [ 171.164301148647439, -44.887269307202509 ], [ 171.164135736649939, -44.887896928679119 ], [ 171.163917718483987, -44.888518209111531 ], [ 171.163755973798743, -44.889149726759172 ], [ 171.163563995053579, -44.889772934458456 ], [ 171.163369774248764, -44.890394298776251 ], [ 171.163174597776191, -44.891015517195484 ], [ 171.16302523870695, -44.891643398318557 ], [ 171.162846427845295, -44.892266985444202 ], [ 171.162670264857468, -44.89289095121886 ], [ 171.162492340290527, -44.893514653775512 ], [ 171.162330933628624, -44.89413979298461 ], [ 171.162121774902232, -44.894755113048816 ], [ 171.161944745171922, -44.895376648646888 ], [ 171.161750810961905, -44.895997994029983 ], [ 171.161577319323271, -44.896622763628493 ], [ 171.16139007101097, -44.897245217679298 ] ] } },
{ "type": "Feature", "properties": { "group_id": "nzd0471" }, "geometry": { "type": "LineString", "coordinates": [ [ 171.130637397477216, -44.962541488159282 ], [ 171.130259578408669, -44.963121464050268 ], [ 171.12987779207819, -44.963696826761428 ], [ 171.129429565410135, -44.964249231922807 ], [ 171.129036318097747, -44.964820596105824 ], [ 171.128647685051277, -44.965393546178603 ], [ 171.128263182405902, -44.965967915230109 ], [ 171.127842816009803, -44.966529907572891 ], [ 171.127473392128167, -44.967109466389076 ], [ 171.12707489664524, -44.967678991406167 ], [ 171.126641916057054, -44.968236615302303 ], [ 171.12626127412878, -44.968812287229483 ], [ 171.125876492312813, -44.969386525359226 ], [ 171.12549132683904, -44.96996062537346 ], [ 171.125120992382705, -44.970539835424738 ], [ 171.124735001971061, -44.971113639326781 ], [ 171.124332450206282, -44.971681724792099 ], [ 171.123948150379306, -44.97224926125994 ], [ 171.123550586689248, -44.972812093445249 ], [ 171.123146101127617, -44.973379324060772 ], [ 171.122725770464768, -44.973940868668556 ], [ 171.122273053746397, -44.974490140796384 ], [ 171.121904669641964, -44.975071350144532 ], [ 171.121517223550569, -44.975645333755502 ], [ 171.121094062399123, -44.976205783992221 ], [ 171.120719121432671, -44.976784492989168 ], [ 171.120305671680427, -44.977348610463508 ], [ 171.119920301219878, -44.977923357905368 ], [ 171.119519762608576, -44.978490126592419 ], [ 171.119119076590863, -44.979056450013395 ], [ 171.118689286901372, -44.979613663376156 ], [ 171.118293855735402, -44.980185220925655 ], [ 171.117890091160945, -44.980753468544222 ], [ 171.117485971114064, -44.981321569726582 ], [ 171.117074380340654, -44.981886703078445 ], [ 171.116630622092487, -44.982439075674968 ], [ 171.116182389126095, -44.982989668473287 ], [ 171.115744611344496, -44.983544401590365 ], [ 171.115294808311404, -44.984094360916764 ], [ 171.114837635274057, -44.984641392386692 ], [ 171.114421837957337, -44.985204825004438 ], [ 171.113976201972292, -44.985756420330901 ], [ 171.113542874895927, -44.986312891017931 ], [ 171.113123334178169, -44.986874822903232 ], [ 171.112656141008387, -44.987415855181794 ], [ 171.112224929004242, -44.987964652568152 ], [ 171.1118118573836, -44.988524488693869 ], [ 171.11136503823036, -44.989076049403963 ], [ 171.110908817789465, -44.989623461400569 ], [ 171.110502434898478, -44.990192833599572 ], [ 171.110050826028726, -44.99074226771873 ], [ 171.109611423593918, -44.991297076498974 ], [ 171.109157242954893, -44.991845366769425 ], [ 171.108763688569127, -44.99242037210454 ], [ 171.108279679024008, -44.99295694175936 ], [ 171.107804576160703, -44.99349813806527 ], [ 171.107369311574246, -44.994054682409349 ], [ 171.106933267444333, -44.994610244317848 ], [ 171.106507144048379, -44.995169941921063 ], [ 171.106022250088898, -44.995705102702736 ], [ 171.105579317768985, -44.996257773427274 ], [ 171.105127872274096, -44.996806885333569 ], [ 171.104649809321245, -44.997344881498279 ], [ 171.104191504398614, -44.997891119564358 ], [ 171.10369123209594, -44.998419834649482 ], [ 171.103197393543695, -44.9989512299205 ], [ 171.102721861075253, -44.999482916718577 ], [ 171.102238776274191, -44.999988317722263 ], [ 171.101784914660158, -45.000521778272066 ], [ 171.101299290490772, -45.001060009552425 ], [ 171.100793387479627, -45.001586872941139 ], [ 171.100282630161956, -45.0021110117424 ], [ 171.09977259695998, -45.002635551880424 ], [ 171.099251825967514, -45.003154070567881 ], [ 171.098704442848316, -45.003657672460882 ], [ 171.098164670379646, -45.004165534619013 ], [ 171.097667470542262, -45.004697248362923 ], [ 171.09714022920241, -45.005213121226788 ], [ 171.096638657231239, -45.0057417260224 ], [ 171.096115088222007, -45.006257962761694 ], [ 171.095603001961166, -45.006779782079754 ], [ 171.095085718757389, -45.007298958975824 ], [ 171.094591722365095, -45.007829950121405 ], [ 171.094072669109039, -45.008348219123313 ], [ 171.093545980829532, -45.008862608269965 ], [ 171.093049375824847, -45.009392261164507 ], [ 171.092525303607317, -45.009907968545946 ], [ 171.091989572050977, -45.010417753551714 ], [ 171.091446521779602, -45.010923819215208 ], [ 171.090880506518516, -45.011418224345455 ], [ 171.090361578367492, -45.011936523472258 ], [ 171.08984906611758, -45.012458074192558 ], [ 171.089346768451094, -45.012984804511341 ], [ 171.08881374518495, -45.013490597012719 ], [ 171.088275234816081, -45.013990570877752 ], [ 171.087723210486814, -45.014489438311941 ], [ 171.087206186528647, -45.015011716943214 ], [ 171.086644037555743, -45.015507149898745 ], [ 171.086073303271462, -45.015997471854504 ], [ 171.085515888622922, -45.016495712435514 ], [ 171.084950435115502, -45.016989167055648 ], [ 171.084388761475708, -45.017484865807042 ], [ 171.083830916137288, -45.017982837507752 ], [ 171.083243309483663, -45.018463102066491 ], [ 171.082645498997636, -45.018937224670793 ], [ 171.082110338619941, -45.019447916208868 ], [ 171.081545371186479, -45.019941146207273 ], [ 171.080951778274482, -45.020417671737576 ], [ 171.0803974911301, -45.020918137472421 ], [ 171.079788261235791, -45.021385128844621 ], [ 171.07923346185197, -45.021885274241285 ], [ 171.07866120074732, -45.022374778077705 ], [ 171.078066445736312, -45.022850574763751 ], [ 171.077503510699842, -45.023345751596281 ], [ 171.076940333097923, -45.023840776519471 ], [ 171.076344997010068, -45.024316112335768 ], [ 171.075762739716623, -45.024798844694736 ], [ 171.075162570728708, -45.025270639591525 ], [ 171.074564026317347, -45.025744009299451 ], [ 171.073972066769443, -45.026221451539065 ], [ 171.07335628478134, -45.026684141158874 ], [ 171.072748343291806, -45.027151680643854 ], [ 171.072124031365519, -45.027609080939882 ], [ 171.071538856774083, -45.02809070715832 ], [ 171.07098690372132, -45.028592896930036 ], [ 171.070381949305983, -45.029062269117183 ], [ 171.069787807771434, -45.029538331487245 ], [ 171.069194767044621, -45.03001507123988 ], [ 171.068590478011203, -45.030484842896705 ], [ 171.068013041374684, -45.030971235059567 ], [ 171.067458032705503, -45.03147150858458 ], [ 171.066863551046396, -45.031947339747184 ], [ 171.066301487429683, -45.032439874910075 ], [ 171.065735383159137, -45.032925605131865 ], [ 171.065117999389258, -45.033381775277149 ], [ 171.064523008292724, -45.033857883768633 ], [ 171.063918479648834, -45.034327561600598 ], [ 171.063308424580811, -45.034793511637282 ], [ 171.062735059056223, -45.03528418126097 ], [ 171.062148457746872, -45.035765928162022 ], [ 171.061543383651895, -45.036235223311444 ], [ 171.060930293956147, -45.036699113284428 ], [ 171.060311280279052, -45.037159007498161 ], [ 171.059727713643667, -45.037639571449105 ], [ 171.05911546561677, -45.038100119754525 ], [ 171.058511359963916, -45.03857007139429 ], [ 171.057896443008786, -45.039033301361627 ], [ 171.057263691665582, -45.039483783151532 ], [ 171.056627332483231, -45.039931683110183 ], [ 171.05602728316228, -45.04040552695465 ], [ 171.055388506098183, -45.040851691855678 ], [ 171.054763627304908, -45.041307785055899 ], [ 171.054126544345309, -45.041755153323031 ], [ 171.053471100091826, -45.042189396547876 ], [ 171.052849266089765, -45.042647654766334 ], [ 171.052209834027224, -45.04309333335523 ], [ 171.05157231421768, -45.043539158677461 ], [ 171.050945414543691, -45.043989786942724 ], [ 171.050312481000446, -45.044437740009144 ], [ 171.049657669380508, -45.044872112849212 ], [ 171.049019104183316, -45.045318736852153 ], [ 171.048378833172649, -45.045764070777516 ], [ 171.047725299180428, -45.046199397015791 ], [ 171.047084233017131, -45.046644124337575 ], [ 171.046441435581784, -45.047087542352578 ], [ 171.045788274274457, -45.047523139390648 ], [ 171.0451402262307, -45.047962589969664 ], [ 171.044481243847486, -45.048392836704899 ], [ 171.04384854408616, -45.048842855009191 ], [ 171.043189576556699, -45.049273793367242 ], [ 171.042534113397579, -45.049707662349043 ], [ 171.041866284684517, -45.050132063989402 ], [ 171.041218302391457, -45.050571651620849 ], [ 171.040578544352968, -45.051017530351508 ], [ 171.039929674145554, -45.051456431722208 ], [ 171.039281179579064, -45.051895617231374 ], [ 171.038620372860379, -45.052325376140914 ], [ 171.03799152782733, -45.052779593934858 ], [ 171.037338631109094, -45.053215400128671 ], [ 171.03666320643373, -45.053633960732469 ], [ 171.036017672227615, -45.054075395157916 ], [ 171.035335814510546, -45.05448902511867 ], [ 171.034676583006075, -45.054919969140691 ], [ 171.034018005753268, -45.055351410494247 ], [ 171.033360452832824, -45.055783632439393 ], [ 171.032706927776474, -45.056218933851888 ], [ 171.032032307033916, -45.056638085429753 ], [ 171.031379069728672, -45.057073600250163 ], [ 171.030721093025278, -45.057501058467892 ], [ 171.030081025121461, -45.057936770038687 ], [ 171.029416658819571, -45.058358224765811 ], [ 171.028735410649688, -45.058771701474576 ], [ 171.028084609034948, -45.059210349800992 ], [ 171.027420079636698, -45.059637644301738 ], [ 171.026768732977928, -45.060075836010412 ], [ 171.026085169797653, -45.060487386188818 ], [ 171.02540649629529, -45.060902976293299 ], [ 171.02473367549328, -45.061323402672997 ], [ 171.024072167808413, -45.061753180457337 ], [ 171.023402056973964, -45.062175841491403 ], [ 171.022710763821806, -45.062580984227893 ], [ 171.022029719128966, -45.06299459800745 ], [ 171.021344074867187, -45.06340440530267 ], [ 171.02067069637593, -45.063824351864127 ], [ 171.019999793191715, -45.064246342143988 ], [ 171.019287562671707, -45.064634155806431 ], [ 171.018590101071595, -45.065034178521245 ], [ 171.017882698699907, -45.065420520204242 ], [ 171.0172656634698, -45.065875722114008 ], [ 171.016553274420062, -45.066254518881742 ], [ 171.015875947573818, -45.066672340365777 ], [ 171.015180433318449, -45.067073876778451 ], [ 171.01448663887146, -45.067476950044032 ], [ 171.013794268741037, -45.067881295642522 ], [ 171.013111531049503, -45.068294262087718 ], [ 171.012433971548887, -45.068711861726499 ], [ 171.011710602458834, -45.069088446295133 ], [ 171.011031774670073, -45.069504904931847 ], [ 171.010288810976107, -45.069863940650286 ], [ 171.009610947781653, -45.070281257262216 ], [ 171.008930372594165, -45.070695986815544 ], [ 171.008236321279924, -45.071098547820348 ], [ 171.007555930253602, -45.071513520928512 ], [ 171.006859471510523, -45.071914191694319 ], [ 171.006176302939053, -45.072326778929138 ], [ 171.005494217100988, -45.072740334513547 ], [ 171.004814703462756, -45.073156194301895 ], [ 171.004110981271793, -45.073550339660422 ], [ 171.003406724486922, -45.073944002662181 ], [ 171.002756029751339, -45.074386097688802 ], [ 171.002067886714087, -45.074800712400567 ], [ 171.001337830936308, -45.075178848469633 ], [ 171.000663040103717, -45.075597762249089 ], [ 171.000015715029775, -45.076039914974366 ], [ 170.99928911658796, -45.076414982322206 ], [ 170.998627205955472, -45.076844786591451 ], [ 170.997890828393196, -45.077211572000337 ], [ 170.99721855683066, -45.077631197093154 ], [ 170.996540036475409, -45.078042470542599 ], [ 170.995892320965652, -45.078482319904573 ], [ 170.995244848883118, -45.078925547520207 ], [ 170.9945924609396, -45.079364483480369 ], [ 170.993934703108323, -45.079798731603958 ], [ 170.993329221386773, -45.080281853778324 ], [ 170.992664983404552, -45.080716586740884 ], [ 170.992011129775079, -45.081156441654883 ], [ 170.991295788984786, -45.08154662784488 ], [ 170.990693051314736, -45.082018713136755 ], [ 170.990038476278926, -45.082453090450954 ], [ 170.989434076262455, -45.082925128254047 ], [ 170.988814205097668, -45.083393152125488 ], [ 170.988158488506599, -45.083837559266776 ], [ 170.987524712013197, -45.084288350803554 ], [ 170.986944486784864, -45.084772648716921 ], [ 170.986340530526974, -45.085242092455196 ], [ 170.985778178507474, -45.085737567402234 ], [ 170.985217475083402, -45.086234145921111 ], [ 170.98463098886478, -45.086714580511916 ], [ 170.984105436758966, -45.087233030614357 ], [ 170.9835488455156, -45.087732071205373 ], [ 170.982996173521968, -45.088233558063131 ] ] } },
{ "type": "Feature", "properties": { "group_id": "nzd0472" }, "geometry": { "type": "LineString", "coordinates": [ [ 170.972512579050232, -45.101903267451235 ], [ 170.972426273810726, -45.102535977655954 ], [ 170.972396643967102, -45.103169630532506 ], [ 170.972344170186886, -45.103802893537448 ], [ 170.972491071767735, -45.104439490587652 ] ] } },
{ "type": "Feature", "properties": { "group_id": "nzd0474" }, "geometry": { "type": "LineString", "coordinates": [ [ 170.919957345747065, -45.15593035536309 ], [ 170.919368808215609, -45.156407082169913 ], [ 170.91880599112244, -45.15689980256132 ] ] } },
{ "type": "Feature", "properties": { "group_id": "nzd0482" }, "geometry": { "type": "LineString", "coordinates": [ [ 170.855457182381627, -45.275914638265789 ], [ 170.854730021710509, -45.276278684531412 ], [ 170.854013612088721, -45.27662084526434 ], [ 170.853107220673905, -45.276831974433541 ], [ 170.852115621434962, -45.277091634861044 ], [ 170.851337448094199, -45.277492281028344 ], [ 170.850694159951644, -45.278003646156876 ], [ 170.850108222244216, -45.278521693120446 ], [ 170.849580661931356, -45.279010631032897 ], [ 170.848948753977197, -45.279484206075196 ], [ 170.848312789979303, -45.280021172246215 ], [ 170.847788132030161, -45.2805322768587 ], [ 170.847364056168971, -45.281030534976345 ], [ 170.846859633119891, -45.281605094555331 ], [ 170.846324020946327, -45.282173022430307 ], [ 170.845833436797392, -45.282700322460762 ], [ 170.827068345499896, -45.317307547183724 ], [ 170.827050766387345, -45.317958008426565 ], [ 170.826857469910124, -45.318571791239222 ], [ 170.826581272000453, -45.319183436485879 ], [ 170.826204238946303, -45.319759033056044 ], [ 170.832882463767106, -45.356345698988228 ], [ 170.83334337579106, -45.356884251783114 ], [ 170.833851563252097, -45.357403663194994 ], [ 170.834332593496413, -45.357937002183576 ], [ 170.834931515207074, -45.358412306612223 ], [ 170.835446986073123, -45.358929655761159 ], [ 170.836051137957696, -45.359396781887924 ], [ 170.836653501031179, -45.35986554664693 ], [ 170.837248885784334, -45.360347496237893 ], [ 170.837969292325312, -45.360741602006421 ], [ 170.838872000722318, -45.360892516420982 ], [ 170.839717316172283, -45.361042772377601 ], [ 170.840583576125113, -45.361201417360583 ] ] } },
{ "type": "Feature", "properties": { "group_id": "nzd0483" }, "geometry": { "type": "LineString", "coordinates": [ [ 170.858709218505822, -45.355986725144092 ], [ 170.859482849466019, -45.356304170412571 ], [ 170.860251729174706, -45.35664241343401 ] ] } },
{ "type": "Feature", "properties": { "group_id": "nzd0484" }, "geometry": { "type": "LineString", "coordinates": [ [ 170.86259684898036, -45.359791392317888 ], [ 170.862257480162526, -45.360388730591424 ], [ 170.862062344134614, -45.361022479438361 ] ] } },
{ "type": "Feature", "properties": { "group_id": "nzd0485" }, "geometry": { "type": "LineString", "coordinates": [ [ 170.862044134997177, -45.36230379702296 ], [ 170.862023320201786, -45.362912397944484 ], [ 170.862114662129358, -45.363537864366684 ], [ 170.862399566822745, -45.364147753276278 ], [ 170.862650801817097, -45.364757207404956 ], [ 170.862842823790828, -45.365364692371337 ], [ 170.863043642970467, -45.36597972003544 ], [ 170.863546980559533, -45.366574430086594 ], [ 170.864267295746316, -45.366980614609275 ] ] } },
{ "type": "Feature", "properties": { "group_id": "nzd0486" }, "geometry": { "type": "LineString", "coordinates": [ [ 170.864245543705067, -45.369098154490572 ], [ 170.864310082133272, -45.369750517445532 ], [ 170.864749204584513, -45.3703418815888 ] ] } },
{ "type": "Feature", "properties": { "group_id": "nzd0487" }, "geometry": { "type": "LineString", "coordinates": [ [ 170.865955888252955, -45.372116022095561 ], [ 170.865194247676044, -45.372512802281342 ], [ 170.864672529416566, -45.373076721579977 ] ] } },
{ "type": "Feature", "properties": { "group_id": "nzd0489" }, "geometry": { "type": "LineString", "coordinates": [ [ 170.815565439579444, -45.429579762936868 ], [ 170.815423224828123, -45.430212782798343 ], [ 170.814952117531021, -45.430799741629805 ], [ 170.814778538463827, -45.431444968103513 ], [ 170.814499855611189, -45.432036102746224 ], [ 170.814187794806941, -45.432656208834075 ], [ 170.813901956264601, -45.433275716259502 ] ] } },
{ "type": "Feature", "properties": { "group_id": "nzd0493" }, "geometry": { "type": "LineString", "coordinates": [ [ 170.7598914381079, -45.529461728214194 ], [ 170.759465709686168, -45.53058443476808 ], [ 170.758772087592405, -45.531085965473387 ], [ 170.758301850970213, -45.531560931549556 ], [ 170.757718713112666, -45.53204062009398 ], [ 170.757074671388949, -45.532496327790213 ], [ 170.756444911935631, -45.532959465744305 ], [ 170.755906013517745, -45.533495779069739 ], [ 170.755418654954553, -45.534046828495462 ], [ 170.754970185777466, -45.534599349997379 ] ] } },
{ "type": "Feature", "properties": { "group_id": "nzd0495" }, "geometry": { "type": "LineString", "coordinates": [ [ 170.659770361688317, -45.635106666524628 ], [ 170.659849399039558, -45.635742954727981 ], [ 170.660053417793478, -45.636366093745757 ], [ 170.660325184922982, -45.636965446661144 ], [ 170.660526639443447, -45.637570881150765 ] ] } },
{ "type": "Feature", "properties": { "group_id": "nzd0496" }, "geometry": { "type": "LineString", "coordinates": [ [ 170.662705131411258, -45.642087441320079 ], [ 170.661939476743555, -45.642416350660213 ], [ 170.661218504075123, -45.642800203872909 ], [ 170.660476109011313, -45.643194552767419 ], [ 170.659812402078359, -45.643695872635256 ], [ 170.659142152015505, -45.644173401715541 ], [ 170.65853195594994, -45.644638429618134 ], [ 170.657934831723253, -45.645098630053454 ], [ 170.657351589860042, -45.645565238546993 ], [ 170.656793228576845, -45.646057016441446 ], [ 170.656304841395581, -45.646587520782212 ], [ 170.655812094798563, -45.647130255494531 ], [ 170.655423478166512, -45.647725227583351 ], [ 170.655037603615341, -45.648305175826643 ], [ 170.654631474547926, -45.648888124845307 ], [ 170.654268154536624, -45.649478667386653 ], [ 170.65384161077867, -45.650024216868843 ], [ 170.653510040987555, -45.650595729252366 ] ] } },
{ "type": "Feature", "properties": { "group_id": "nzd0497" }, "geometry": { "type": "LineString", "coordinates": [ [ 170.600998717432475, -45.710856196283935 ], [ 170.601169947872449, -45.711491075111162 ], [ 170.601130804941135, -45.712106051854249 ], [ 170.601121573454662, -45.712713739942821 ], [ 170.601247550174037, -45.713329357735432 ], [ 170.601346703215853, -45.713953164649851 ], [ 170.601459686798762, -45.71457629021392 ], [ 170.601615978174408, -45.715197297112894 ], [ 170.601773549286207, -45.715818195581704 ], [ 170.601715998481836, -45.716449587160987 ], [ 170.601817534973691, -45.717073233700141 ], [ 170.601953046152488, -45.717695215939955 ], [ 170.601695702341232, -45.718335025481814 ], [ 170.602051000971954, -45.718938278229722 ], [ 170.602032242102496, -45.719566943020475 ], [ 170.602048889637729, -45.720196216838616 ], [ 170.602291822717575, -45.720808889907765 ], [ 170.602051701636839, -45.721457271500313 ], [ 170.602362478414591, -45.722068035035882 ], [ 170.602466464732487, -45.722692510178007 ], [ 170.602382776383052, -45.72332672989365 ], [ 170.602774783731604, -45.723935302144064 ], [ 170.602757241425991, -45.724562955119836 ], [ 170.603113135348678, -45.725166077648559 ], [ 170.603196989119112, -45.725789133172313 ], [ 170.603225827703426, -45.726422994678799 ], [ 170.603335492369212, -45.727106189516917 ], [ 170.602825210434389, -45.72771718592103 ], [ 170.602742489004783, -45.728422700586236 ], [ 170.602400036870847, -45.729059528677823 ], [ 170.602128885715246, -45.729552358820655 ], [ 170.601921677688495, -45.730086896825014 ] ] } },
{ "type": "Feature", "properties": { "group_id": "nzd0498" }, "geometry": { "type": "LineString", "coordinates": [ [ 170.616645173635192, -45.736498437824331 ], [ 170.617094489409652, -45.737041671497444 ], [ 170.617732342979338, -45.737507401872413 ], [ 170.618368433766364, -45.737953442034929 ], [ 170.618938858778762, -45.738444695004752 ], [ 170.61959214545152, -45.738875874349063 ], [ 170.620285300117928, -45.739277890589129 ], [ 170.620977887805282, -45.739679340173801 ], [ 170.621585517482401, -45.740144685242171 ], [ 170.622321238828846, -45.740514646090354 ], [ 170.622956797612488, -45.740964903819091 ], [ 170.623663163643727, -45.741354826215392 ], [ 170.624381208374444, -45.741734976816026 ], [ 170.625116532280344, -45.742095475398038 ], [ 170.627289108952368, -45.741204096977498 ] ] } },
{ "type": "Feature", "properties": { "group_id": "nzd0499" }, "geometry": { "type": "LineString", "coordinates": [ [ 170.641291039935169, -45.744611981345273 ], [ 170.641734004168285, -45.745157435349398 ], [ 170.642269142074753, -45.745668446654797 ], [ 170.64266942130368, -45.746229837691033 ], [ 170.643163023992372, -45.746756356465497 ], [ 170.64347478181395, -45.747350809404594 ], [ 170.644001238018575, -45.747865043082243 ], [ 170.644421407889752, -45.748418156567432 ], [ 170.644901736850954, -45.748948209646976 ], [ 170.645385479980945, -45.749477981913557 ], [ 170.645787774740313, -45.750038480283855 ], [ 170.646276113435789, -45.750567280472467 ], [ 170.646766382253986, -45.751095364359053 ], [ 170.647269348241082, -45.75161876608172 ], [ 170.64782291038037, -45.752125458931346 ], [ 170.648347609912236, -45.752647441002011 ], [ 170.648842980463854, -45.753177186730241 ], [ 170.649392704963844, -45.753680993872884 ], [ 170.64995612327948, -45.754179438387787 ], [ 170.650534738425421, -45.754665329821314 ], [ 170.651144313254576, -45.755125679930899 ], [ 170.651692875612696, -45.755624079838761 ], [ 170.652288712557095, -45.756092990806266 ], [ 170.652889316829544, -45.756558924628813 ], [ 170.653578632796069, -45.756969524812355 ], [ 170.654263677956124, -45.757388635095332 ], [ 170.654897446553491, -45.757845501762858 ], [ 170.65559864108161, -45.758247058458139 ], [ 170.656261767448086, -45.758671056327387 ], [ 170.656928376292711, -45.759097288382733 ], [ 170.657673754361923, -45.759455364906721 ], [ 170.658363478678211, -45.759858069202693 ], [ 170.659089866743045, -45.760227059790864 ], [ 170.659963681781363, -45.760463122839553 ] ] } },
{ "type": "Feature", "properties": { "group_id": "nzd0500" }, "geometry": { "type": "LineString", "coordinates": [ [ 170.678014015945223, -45.760267735152432 ], [ 170.678835727035221, -45.760532816396555 ], [ 170.679665797706747, -45.760773248586638 ], [ 170.680444162448424, -45.761095425718565 ], [ 170.681329561557021, -45.761242279200374 ], [ 170.682228573089418, -45.761337311285637 ], [ 170.683088150334726, -45.761524908588051 ], [ 170.683986343906213, -45.761599232411712 ], [ 170.684872447490989, -45.761714752496118 ], [ 170.68577237912271, -45.761751934693493 ], [ 170.68666653303805, -45.761856553858877 ] ] } },
{ "type": "Feature", "properties": { "group_id": "nzd0501" }, "geometry": { "type": "LineString", "coordinates": [ [ 170.665946928596469, -45.761986910584177 ], [ 170.66675982507661, -45.762250664791459 ], [ 170.667617455440535, -45.762450205746411 ], [ 170.668499511230436, -45.762584778516526 ], [ 170.669395067666926, -45.762641391837818 ], [ 170.670296581306559, -45.762688909763291 ], [ 170.671171265854383, -45.762850667698977 ], [ 170.672071407894919, -45.762843309372428 ] ] } },
{ "type": "Feature", "properties": { "group_id": "nzd0502" }, "geometry": { "type": "LineString", "coordinates": [ [ 170.695431098161265, -45.764459272013674 ], [ 170.69559904929821, -45.765088331058763 ], [ 170.695992882852664, -45.765664584430674 ], [ 170.696408931816109, -45.766227290920384 ], [ 170.696833438446134, -45.766790384743373 ], [ 170.697263977831767, -45.767348186386471 ], [ 170.697462788635221, -45.767940670713109 ], [ 170.697852085445305, -45.768504359625382 ], [ 170.698389908012786, -45.768997299088213 ], [ 170.698833112981333, -45.769535327735646 ], [ 170.699506959660937, -45.769983118124337 ], [ 170.70006108207582, -45.770472060846693 ], [ 170.700548543211085, -45.770985158370124 ], [ 170.701079829217946, -45.771489229710362 ], [ 170.701839522392049, -45.771841709819448 ], [ 170.702392016789247, -45.772341723297714 ], [ 170.703144161148685, -45.772688800754658 ], [ 170.703819060660692, -45.773089563898296 ], [ 170.704480179076853, -45.773517428287484 ], [ 170.705155113881972, -45.773936899348811 ], [ 170.705925824336134, -45.774262397228114 ], [ 170.706665123362029, -45.774616831834642 ], [ 170.707386306816034, -45.774996906955323 ], [ 170.708211380943027, -45.775263281865747 ], [ 170.708935094806236, -45.775648932265767 ], [ 170.709755600622202, -45.775919658026204 ], [ 170.710618778302774, -45.77611526285262 ] ] } },
{ "type": "Feature", "properties": { "group_id": "nzd0503" }, "geometry": { "type": "LineString", "coordinates": [ [ 170.740116173522438, -45.787936326321578 ], [ 170.740117044965501, -45.788600899443374 ], [ 170.740035942608131, -45.78924456203773 ], [ 170.739757656098476, -45.789839547212445 ], [ 170.739584954292241, -45.790475769175529 ], [ 170.740575615986501, -45.791272431748169 ] ] } },
{ "type": "Feature", "properties": { "group_id": "nzd0504" }, "geometry": { "type": "LineString", "coordinates": [ [ 170.74115170533355, -45.800089747692795 ], [ 170.74151131075871, -45.800666540868107 ], [ 170.741863875200067, -45.801245505085269 ], [ 170.742327901304009, -45.80178632727786 ], [ 170.742777870889313, -45.802328300347526 ], [ 170.743256594087143, -45.802858450179002 ], [ 170.743698163141715, -45.803406889894632 ], [ 170.744338423463773, -45.803859582544632 ] ] } },
{ "type": "Feature", "properties": { "group_id": "nzd0505" }, "geometry": { "type": "LineString", "coordinates": [ [ 170.743742417162906, -45.809587127393101 ], [ 170.743364725887176, -45.810157582638816 ], [ 170.742941048143194, -45.810725727119781 ], [ 170.742624856917359, -45.811309829706595 ], [ 170.742463370056981, -45.811932849022526 ], [ 170.742301963490547, -45.812560667457859 ], [ 170.742027460378949, -45.813169046639928 ] ] } },
{ "type": "Feature", "properties": { "group_id": "nzd0506" }, "geometry": { "type": "LineString", "coordinates": [ [ 170.735448339699531, -45.815876488596025 ], [ 170.735171180412038, -45.816481013064269 ], [ 170.73487389580967, -45.817085396865906 ], [ 170.734386611485149, -45.817628757032388 ], [ 170.734049394102499, -45.818210841988929 ], [ 170.733659422626175, -45.818780184145758 ], [ 170.733157409048687, -45.819316004840921 ], [ 170.732872943659288, -45.819911107240458 ], [ 170.73263435997228, -45.820519225635586 ], [ 170.732342539996154, -45.821131501553246 ], [ 170.732155592253321, -45.821800071343759 ], [ 170.731879248214767, -45.822426559939657 ], [ 170.73156071106024, -45.823013636003303 ], [ 170.731298921304216, -45.82361236926117 ], [ 170.731022420995942, -45.824208072421065 ], [ 170.730909998058678, -45.82483749292679 ], [ 170.73083928607241, -45.825487802188576 ], [ 170.730565094329194, -45.826107590544844 ], [ 170.730396930321916, -45.826733895015423 ], [ 170.730313316768672, -45.827363364090957 ], [ 170.730283418376075, -45.82800173874606 ], [ 170.730199930001646, -45.828631214662572 ], [ 170.729970554333022, -45.829243015422243 ], [ 170.73003258523454, -45.829915895204408 ], [ 170.73008488791055, -45.830569418344155 ], [ 170.72986694397531, -45.831180377545934 ], [ 170.729898823434496, -45.831814885996316 ], [ 170.729840184481276, -45.832440852338024 ], [ 170.729712773728181, -45.833065191092125 ], [ 170.729663501683035, -45.833699380150129 ], [ 170.729678577931566, -45.834331639352833 ], [ 170.729683929236785, -45.834959290919265 ], [ 170.72978074119311, -45.835595571736299 ], [ 170.729836684612167, -45.836225456845419 ], [ 170.729891895027805, -45.836851724176867 ], [ 170.729899476134847, -45.837478184623286 ], [ 170.730008652077544, -45.838101589463022 ], [ 170.730191200073364, -45.838721315238161 ], [ 170.730403348249553, -45.839332251155945 ], [ 170.73048170831359, -45.83995897616947 ], [ 170.730772452601599, -45.840556416534191 ], [ 170.731039207441398, -45.841155876304015 ], [ 170.73127284651008, -45.841760461943181 ], [ 170.731317772370801, -45.842393128586806 ], [ 170.731677709548791, -45.842987013753437 ], [ 170.731759694146746, -45.843627028196821 ], [ 170.731659450461194, -45.844278136708176 ] ] } },
{ "type": "Feature", "properties": { "group_id": "nzd0507" }, "geometry": { "type": "LineString", "coordinates": [ [ 170.740722236494747, -45.86219999135804 ], [ 170.740711294299018, -45.862832665895027 ], [ 170.740818367306218, -45.863462576588006 ], [ 170.741088244585342, -45.864115109670202 ], [ 170.741595546456551, -45.864696719751365 ], [ 170.741984768091811, -45.865280588737889 ], [ 170.742587160067927, -45.865774736862811 ] ] } },
{ "type": "Feature", "properties": { "group_id": "nzd0508" }, "geometry": { "type": "LineString", "coordinates": [ [ 170.704235345992231, -45.874748474471552 ], [ 170.703340472792405, -45.874804091092301 ], [ 170.70246032237705, -45.874948686913633 ], [ 170.701543148635892, -45.874869510349257 ], [ 170.700699638236784, -45.875235584752595 ], [ 170.69981024868477, -45.875452183531664 ], [ 170.698875824779407, -45.875532794826391 ], [ 170.698030754870985, -45.875799007428014 ], [ 170.697140524948935, -45.875911065570811 ], [ 170.696299779670653, -45.876134847180573 ], [ 170.695399808356001, -45.876224903652556 ], [ 170.694551212008207, -45.87643095614925 ], [ 170.69371666048724, -45.876668721479327 ], [ 170.692862751497557, -45.876899127556179 ], [ 170.691977786430215, -45.877073596450003 ], [ 170.691170682791466, -45.877361691234213 ], [ 170.690357749416648, -45.877632110118199 ], [ 170.689522817786582, -45.877862613394662 ], [ 170.68870527996026, -45.878179329687597 ], [ 170.68790820520698, -45.878511319034899 ], [ 170.687096528595362, -45.878786764777381 ], [ 170.686302525081061, -45.879064833513958 ], [ 170.685551931836272, -45.879358263588252 ], [ 170.68481208487816, -45.879705346395419 ], [ 170.684105706309651, -45.880157071153 ], [ 170.683390635540434, -45.880593836690899 ] ] } },
{ "type": "Feature", "properties": { "group_id": "nzd0509" }, "geometry": { "type": "LineString", "coordinates": [ [ 170.652417847563271, -45.898960678420245 ], [ 170.652132542242072, -45.898201528515926 ], [ 170.651433586926174, -45.897808902471617 ], [ 170.650663102376768, -45.897455224936451 ], [ 170.649864929189931, -45.897118167422128 ], [ 170.649073725728812, -45.896759576725948 ], [ 170.648234209192395, -45.896537381425588 ], [ 170.647328414146244, -45.896362348088239 ], [ 170.646369920889725, -45.896352311159809 ], [ 170.645500725290191, -45.896147764055172 ], [ 170.644616192782394, -45.896039141009609 ], [ 170.643730194827668, -45.89594080979564 ], [ 170.642909304299906, -45.895668232841288 ], [ 170.642001186076953, -45.895701035026718 ], [ 170.641182343908298, -45.895386427500213 ] ] } },
{ "type": "Feature", "properties": { "group_id": "nzd0510" }, "geometry": { "type": "LineString", "coordinates": [ [ 170.551619641206571, -45.906595561164707 ], [ 170.550647455736737, -45.90682235332266 ], [ 170.549730405662075, -45.906773139676716 ], [ 170.548822281194077, -45.906812462719998 ], [ 170.547908299823177, -45.906724643712927 ], [ 170.546991913350496, -45.906605033388516 ], [ 170.546093986050153, -45.906561742969117 ], [ 170.545229052295042, -45.906585307242871 ], [ 170.544335293021163, -45.90656529253598 ], [ 170.543398144661239, -45.906458671056853 ], [ 170.542513462335648, -45.906582647257935 ], [ 170.541634600178696, -45.906576774780866 ], [ 170.540706975333819, -45.906514930107313 ], [ 170.53977228422562, -45.906602434861711 ], [ 170.538813943926357, -45.906515074481561 ], [ 170.537912551513188, -45.906727593426425 ] ] } },
{ "type": "Feature", "properties": { "group_id": "nzd0511" }, "geometry": { "type": "LineString", "coordinates": [ [ 170.563568405553411, -45.906835556969078 ], [ 170.562634799113852, -45.906756011435114 ], [ 170.561761212391161, -45.906906215435718 ], [ 170.560880555544117, -45.90702935431483 ], [ 170.56005923216847, -45.907230998436638 ], [ 170.559267007493247, -45.907491194504971 ], [ 170.558405944729515, -45.907675626562238 ], [ 170.557514805472096, -45.907581365808973 ], [ 170.556762011852101, -45.907439592995551 ], [ 170.556106502668086, -45.907084080982024 ] ] } },
{ "type": "Feature", "properties": { "group_id": "nzd0512" }, "geometry": { "type": "LineString", "coordinates": [ [ 170.531371716406142, -45.907791611042704 ], [ 170.53041598313493, -45.907697527156685 ], [ 170.529436649760157, -45.907750631613006 ], [ 170.52852199991645, -45.90778555916927 ], [ 170.527632749135194, -45.907915775092341 ], [ 170.526730322620949, -45.907877621659587 ], [ 170.525838223943623, -45.907971457814632 ], [ 170.524941352294178, -45.90790625838396 ], [ 170.524053882908561, -45.907941153203367 ], [ 170.523156520532638, -45.90793109825367 ], [ 170.522256443337255, -45.907899770216886 ], [ 170.521359273038144, -45.90792988527518 ], [ 170.520463704535047, -45.90799388041944 ], [ 170.519566340354942, -45.908019897847076 ], [ 170.518667675355317, -45.908018383286731 ], [ 170.517771671852387, -45.90807318869129 ], [ 170.51687287791259, -45.908068924265855 ], [ 170.515976969415306, -45.908125747358355 ], [ 170.515081541362207, -45.908192757932078 ], [ 170.514186999729105, -45.908278564500691 ], [ 170.513290950856856, -45.908332454012118 ], [ 170.512394097228054, -45.908369294554888 ], [ 170.511502558871086, -45.90851882969816 ], [ 170.510606530954163, -45.908684788874702 ], [ 170.509678013335957, -45.908705675429765 ], [ 170.508770301562407, -45.908831985095496 ], [ 170.507876478722437, -45.908897576698557 ], [ 170.506987114014237, -45.908984582636791 ], [ 170.50609005863268, -45.909034636047195 ], [ 170.505205136673482, -45.909142983131602 ], [ 170.504334941055248, -45.909322092159591 ], [ 170.503441767446105, -45.90939079158224 ], [ 170.502548531407115, -45.909459187206409 ], [ 170.50166414118479, -45.909570090750009 ], [ 170.500766611180808, -45.909617843720639 ], [ 170.499897373086412, -45.909801571770053 ], [ 170.49899861957266, -45.909843439068489 ], [ 170.498099542594645, -45.909943810650368 ], [ 170.497181215287299, -45.910021345547939 ], [ 170.496301562393626, -45.910192455943104 ], [ 170.495398587636998, -45.910243117002537 ], [ 170.494500491408786, -45.910309554551738 ], [ 170.493655298124963, -45.910547149678571 ], [ 170.492765928219569, -45.910752947527868 ], [ 170.491853572291262, -45.910989360836609 ], [ 170.491019546093838, -45.91129864532909 ], [ 170.490216362213857, -45.911593792241533 ], [ 170.489419028168754, -45.911895412426311 ] ] } },
{ "type": "Feature", "properties": { "group_id": "nzd0513" }, "geometry": { "type": "LineString", "coordinates": [ [ 170.427493537320061, -45.928266132924342 ], [ 170.426578509163505, -45.92800651017442 ], [ 170.425590735027953, -45.927903799423149 ], [ 170.424672986364925, -45.928233962031435 ], [ 170.423762181470437, -45.928335372515107 ], [ 170.42281873518337, -45.928049951469134 ], [ 170.421953387166241, -45.928268854637601 ], [ 170.421068396239548, -45.928394059109827 ], [ 170.420169027486367, -45.928438613300379 ], [ 170.419257620831814, -45.928402724959611 ], [ 170.418393191551417, -45.928709140070431 ], [ 170.417495148593844, -45.928707407925579 ], [ 170.397130826028103, -45.931163903516335 ], [ 170.396272474681581, -45.93135036604464 ], [ 170.395424668184404, -45.931561875732747 ], [ 170.394596235689761, -45.931816680488978 ], [ 170.393733330972481, -45.931988777101658 ], [ 170.392935360046778, -45.932298145700088 ], [ 170.392071731802758, -45.932465127884008 ], [ 170.391180231112912, -45.932599047381117 ], [ 170.390290265938035, -45.932735622201768 ], [ 170.389575818181982, -45.933170716832556 ], [ 170.388785052349618, -45.93347667424942 ], [ 170.387955908573588, -45.933718260408298 ], [ 170.387117340875534, -45.933944398704767 ], [ 170.386288208676177, -45.93419603375046 ], [ 170.385432646370901, -45.934387580265195 ], [ 170.384559607209184, -45.93454266920547 ], [ 170.383673838539437, -45.934662959894439 ], [ 170.382810560639967, -45.934857155181732 ], [ 170.381909513135497, -45.934898232257588 ], [ 170.381020995560078, -45.935002088804836 ], [ 170.380135387522927, -45.935115349793442 ], [ 170.379231498076621, -45.93511671372427 ], [ 170.378347494366466, -45.935246960208545 ], [ 170.377454874648691, -45.935322203595838 ], [ 170.376557949420516, -45.935337088991645 ], [ 170.375670168115107, -45.935428884339132 ], [ 170.374778267848313, -45.935495056463367 ], [ 170.373889271574683, -45.935587919821053 ], [ 170.372979969152027, -45.93560290613943 ], [ 170.37208960333902, -45.93567630547188 ], [ 170.371203218773616, -45.935708769216447 ], [ 170.37033135490509, -45.935875870381835 ], [ 170.369471071289382, -45.936149572979538 ], [ 170.368554646117246, -45.936163824872565 ], [ 170.367668035895122, -45.936298184368148 ], [ 170.366787386393668, -45.936438651333738 ], [ 170.365924508553945, -45.936597836378503 ], [ 170.365072876664698, -45.936765549590596 ], [ 170.364230370424139, -45.93697348821938 ], [ 170.363355787886206, -45.937104154802348 ], [ 170.362473527961413, -45.93724892043204 ], [ 170.361607614924395, -45.937440232146066 ], [ 170.360700838679207, -45.937550461386579 ], [ 170.359851283038608, -45.937745389083837 ], [ 170.358975982332282, -45.937887230639078 ], [ 170.358142532020821, -45.938064936452889 ], [ 170.357314976070825, -45.938124411889191 ], [ 170.356479592239594, -45.938420560001177 ], [ 170.355633176598673, -45.93868878975141 ] ] } },
{ "type": "Feature", "properties": { "group_id": "nzd0514" }, "geometry": { "type": "LineString", "coordinates": [ [ 170.303970258137952, -45.958460036419886 ], [ 170.303175381272979, -45.958776142776948 ], [ 170.302413650173804, -45.959130896600065 ], [ 170.301651094095064, -45.959480834627016 ], [ 170.300972154497458, -45.959838757069626 ], [ 170.300209657880771, -45.960116015323493 ], [ 170.299373139489148, -45.96037246086032 ], [ 170.29868711118749, -45.960791789585038 ], [ 170.29794685700972, -45.961139720649967 ], [ 170.297239815133565, -45.961552612779833 ], [ 170.296483016693401, -45.961918525125405 ], [ 170.295754223003968, -45.962299228641868 ], [ 170.295037110324387, -45.962690758868135 ], [ 170.294334299606021, -45.963091811965747 ], [ 170.293662045806684, -45.963518194871277 ], [ 170.292996097508563, -45.963940214959273 ] ] } },
{ "type": "Feature", "properties": { "group_id": "nzd0515" }, "geometry": { "type": "LineString", "coordinates": [ [ 170.228907526795041, -46.026592626939845 ], [ 170.228280298738525, -46.027039105025963 ], [ 170.227712631701905, -46.027524052216442 ], [ 170.227129433888337, -46.027998963484045 ], [ 170.226655083853444, -46.028544180607646 ], [ 170.226104312847554, -46.029060202214133 ], [ 170.225509089952226, -46.029552504915969 ], [ 170.224954001459423, -46.030048788806397 ], [ 170.224435570783726, -46.030558199354623 ], [ 170.224053587269452, -46.031144851583107 ], [ 170.223571768664954, -46.031684122115443 ], [ 170.222909760624162, -46.032136786161914 ], [ 170.222452753849126, -46.032673960581434 ], [ 170.222045462283035, -46.033233246580849 ], [ 170.221532410784476, -46.033737248950388 ], [ 170.221079583692728, -46.034229767515662 ], [ 170.220578698175444, -46.034715652341383 ], [ 170.219936555155243, -46.035152394260827 ], [ 170.219430712663382, -46.035677331274933 ], [ 170.218929737242121, -46.036220193283143 ], [ 170.218482890969483, -46.036790836642936 ] ] } },
{ "type": "Feature", "properties": { "group_id": "nzd0517" }, "geometry": { "type": "LineString", "coordinates": [ [ 167.415462998493865, -46.149648726346342 ], [ 167.414569355585314, -46.149708140156648 ], [ 167.413666376197995, -46.149837045156389 ], [ 167.412758619229209, -46.149938035836342 ], [ 167.411878725568812, -46.150089113141895 ], [ 167.411017941088375, -46.150280896935506 ], [ 167.410018540967457, -46.149965467191826 ], [ 167.409254882347199, -46.15051265149296 ], [ 167.408390880731446, -46.150692666284769 ], [ 167.407511599149672, -46.150816765276865 ], [ 167.406668002682352, -46.151071459468774 ], [ 167.40575382370892, -46.151137482367872 ], [ 167.40487281273144, -46.151316854079617 ], [ 167.404058544329587, -46.15160111544742 ], [ 167.403244705202752, -46.151879691193734 ] ] } },
{ "type": "Feature", "properties": { "group_id": "nzd0518" }, "geometry": { "type": "LineString", "coordinates": [ [ 167.577465908392298, -46.179427179609625 ], [ 167.576662836815075, -46.179140710025045 ], [ 167.575831308948665, -46.178894272921013 ], [ 167.575053937332342, -46.178583834537598 ], [ 167.574281229957307, -46.178267883117016 ], [ 167.573444723505389, -46.178027323531019 ], [ 167.57278356564953, -46.177579549638274 ], [ 167.571912356265443, -46.177379995926522 ], [ 167.571067854014615, -46.177148879103456 ], [ 167.570161782776353, -46.176990513748009 ], [ 167.569331584777046, -46.176742487698512 ], [ 167.568531829508061, -46.176458486812606 ], [ 167.567795125931525, -46.176099980289649 ], [ 167.567230426775154, -46.175538227216798 ], [ 167.566199321468446, -46.175527592692617 ], [ 167.56538544965872, -46.175260266163171 ], [ 167.564729604145526, -46.174806215062901 ], [ 167.563986461282724, -46.174455314215656 ], [ 167.563173229402622, -46.174187649296726 ], [ 167.562431302588152, -46.173836570884149 ], [ 167.561549784910397, -46.173648970776114 ], [ 167.560755177474448, -46.173358693797056 ], [ 167.55975087005433, -46.173314396217556 ], [ 167.558936945411489, -46.173046772725158 ], [ 167.558142741413604, -46.172756015233304 ], [ 167.557339233521134, -46.172476169392723 ], [ 167.556562882702508, -46.17216446761163 ], [ 167.555785228891494, -46.171854293007151 ], [ 167.555004335807695, -46.171548303856056 ], [ 167.554236357581686, -46.171226994742369 ], [ 167.553435606209348, -46.170939615451559 ], [ 167.552651890840679, -46.170634079576693 ], [ 167.551903839725611, -46.170290797894658 ], [ 167.551150571148497, -46.169953036448 ], [ 167.550349193942111, -46.169666186575377 ], [ 167.549591172778435, -46.169333451368821 ], [ 167.548820369016823, -46.169014242122017 ], [ 167.548066378063538, -46.168677258983259 ], [ 167.547276627367125, -46.168378160345192 ], [ 167.546499715764583, -46.168065179483612 ], [ 167.545755729747867, -46.167717648740044 ], [ 167.544987408950902, -46.167395585113738 ], [ 167.544186583178885, -46.167107538778552 ], [ 167.543429480245379, -46.166773730971471 ], [ 167.542609844382412, -46.166505366226779 ], [ 167.541949338836872, -46.166070460019284 ], [ 167.541150700836511, -46.165780116142805 ], [ 167.540342135329979, -46.165500159452598 ], [ 167.488605873209735, -46.151434607794968 ], [ 167.487727033531229, -46.151307439506141 ], [ 167.486852922431382, -46.151161510124609 ], [ 167.485944012515574, -46.151153677839673 ], [ 167.485045573371195, -46.151104290181387 ], [ 167.484160940622303, -46.151000117212376 ], [ 167.483253236031487, -46.150987489664999 ], [ 167.482349037262594, -46.150960946588242 ], [ 167.481464099598583, -46.150920411117497 ], [ 167.480577684747033, -46.150901777797912 ], [ 167.479742851399607, -46.150668947448537 ], [ 167.478759485425456, -46.1508570149809 ], [ 167.477896632559322, -46.15068269308707 ], [ 167.47699575343816, -46.150622711751197 ], [ 167.476119511074643, -46.150488651905519 ], [ 167.475225043561437, -46.150409388830226 ], [ 167.474346196364252, -46.150283161158121 ], [ 167.473510899858894, -46.150026003263406 ], [ 167.472655376254096, -46.149820523343131 ], [ 167.471721207056049, -46.149849608630774 ] ] } },
{ "type": "Feature", "properties": { "group_id": "nzd0519" }, "geometry": { "type": "LineString", "coordinates": [ [ 170.079275125759693, -46.202650149576563 ], [ 170.078549965906859, -46.202966965841391 ], [ 170.077809314534534, -46.203323237964014 ], [ 170.077000648468754, -46.203622398695202 ], [ 170.076256139562304, -46.203944189695783 ], [ 170.075512026280904, -46.204291090993102 ] ] } },
{ "type": "Feature", "properties": { "group_id": "nzd0520" }, "geometry": { "type": "LineString", "coordinates": [ [ 166.778554843064171, -46.220389800239481 ], [ 166.77820053156583, -46.219750107091869 ], [ 166.777482158774234, -46.219371320562473 ], [ 166.776704307216193, -46.219035156734101 ], [ 166.775886299281439, -46.218727767259779 ], [ 166.774980698704042, -46.218483146232643 ], [ 166.774272616468693, -46.218096970813619 ], [ 166.773540518003415, -46.217728003083231 ], [ 166.772777146133279, -46.217381443470096 ], [ 166.772115145856731, -46.2169622346062 ], [ 166.771606227022687, -46.216433320233833 ] ] } },
{ "type": "Feature", "properties": { "group_id": "nzd0521" }, "geometry": { "type": "LineString", "coordinates": [ [ 170.024443824509461, -46.231262435134632 ], [ 170.023653565005588, -46.23159011100779 ], [ 170.02288089957662, -46.231901613414415 ], [ 170.022057816501757, -46.232178747411311 ], [ 170.021234770579014, -46.232511158629407 ], [ 170.020461158964366, -46.232832131941933 ], [ 170.019675185150049, -46.23310401354059 ], [ 170.018992078206907, -46.233377418836703 ], [ 170.018211892122252, -46.233685420217554 ], [ 170.017394372007544, -46.23405342813227 ], [ 170.016635328817216, -46.234394451480888 ], [ 170.015880976875565, -46.23474987442755 ], [ 170.015161777448981, -46.235181755897557 ], [ 170.014421532655092, -46.235576736528351 ], [ 170.013764110662038, -46.235970407878511 ], [ 170.013127276398393, -46.236364203263527 ], [ 170.012448202977282, -46.236742030069593 ], [ 170.011746901384953, -46.237141423718448 ], [ 170.010943170075308, -46.237473832173933 ], [ 170.010219826167571, -46.237889299978065 ], [ 170.009545537379779, -46.23834521974188 ], [ 170.008823969015651, -46.238761487370212 ], [ 170.008186390101514, -46.239241746245213 ], [ 170.007591900009999, -46.239640217750747 ], [ 170.006984926138472, -46.239998461306733 ], [ 170.006309313755111, -46.24043426057036 ], [ 170.005570600071792, -46.240825571857194 ], [ 170.004918888700047, -46.241288361465585 ], [ 170.004246175321327, -46.241772255912124 ], [ 170.003607660564768, -46.242276232530905 ], [ 170.003032105037619, -46.242774307980156 ], [ 170.002567986965119, -46.243309992996927 ], [ 170.002179239735341, -46.243884880835438 ], [ 170.001702994902985, -46.244532404575175 ], [ 170.001304987517926, -46.245213879247871 ], [ 170.001146303107276, -46.245845035406631 ], [ 170.000986385513045, -46.246458675558493 ], [ 170.000712489644144, -46.24715722610533 ], [ 170.0006433419166, -46.247885590382523 ], [ 170.000921951865053, -46.248489994513463 ], [ 170.00109569921014, -46.249101888522645 ], [ 170.00141223415298, -46.249665294051127 ], [ 170.001347281303254, -46.250027426021731 ], [ 170.00122629440483, -46.25052364045137 ], [ 170.000817497633449, -46.25109122506089 ], [ 170.000260674721432, -46.251578394385696 ], [ 169.999715607386491, -46.252055161395738 ], [ 169.999075006620131, -46.252399547716003 ], [ 169.998451198780117, -46.252795693453038 ], [ 169.997741988624114, -46.253181825055691 ], [ 169.997014536474381, -46.25354806457775 ], [ 169.996243655708241, -46.253866948637508 ], [ 169.99554308837665, -46.254262498869757 ], [ 169.994765559095953, -46.254574128773235 ], [ 169.993989865590038, -46.254914914467243 ], [ 169.993190323063459, -46.255258538804618 ], [ 169.992442685018943, -46.255634150374419 ], [ 169.991826228978994, -46.256087040867861 ], [ 169.991142866811572, -46.25649109132786 ], [ 169.990527126072379, -46.256944496941003 ], [ 169.990019601400746, -46.257432090244812 ], [ 169.98937787791948, -46.257805824028857 ], [ 169.988643898245499, -46.258148746728253 ], [ 169.987884781947287, -46.258481548498324 ], [ 169.987063040124411, -46.258738928293489 ], [ 169.986274863980839, -46.259036728551614 ], [ 169.985419115704502, -46.259253146861745 ] ] } },
{ "type": "Feature", "properties": { "group_id": "nzd0522" }, "geometry": { "type": "LineString", "coordinates": [ [ 167.726639379108377, -46.300327460559835 ], [ 167.727398440066196, -46.299916275392832 ], [ 167.728625427216144, -46.29969461674181 ], [ 167.728847683263211, -46.299065984618565 ], [ 167.72918435985423, -46.298483692622533 ], [ 167.729515656157901, -46.297899215687849 ], [ 167.729915401288707, -46.297335812247098 ], [ 167.729931663579549, -46.296604045928667 ], [ 167.730158618074938, -46.295981922359417 ], [ 167.730362325815292, -46.295376665524508 ], [ 167.730457048256483, -46.294748488715747 ], [ 167.730656059448961, -46.294142231147958 ], [ 167.730768577769311, -46.2935177822703 ], [ 167.730876503731196, -46.29289236104745 ], [ 167.731115597650188, -46.292294510759746 ], [ 167.731404170764506, -46.291708819333586 ], [ 167.731482789470533, -46.291091121670377 ], [ 167.731660837653948, -46.29048291674264 ], [ 167.73186400980336, -46.289877483009228 ], [ 167.731976457014525, -46.289261896149583 ], [ 167.732102791653318, -46.288647855441639 ], [ 167.732234497855274, -46.288030161603338 ], [ 167.732298306493988, -46.287404820280514 ], [ 167.732475374010704, -46.286786250671355 ], [ 167.732494817129975, -46.286166081108234 ], [ 167.732656864017912, -46.28555040660806 ], [ 167.732565270555199, -46.284926717464032 ], [ 167.732622855373847, -46.284289810112327 ], [ 167.732652735096281, -46.283642419159008 ], [ 167.703251917308336, -46.251439168916868 ], [ 167.702601468830835, -46.251010419304436 ], [ 167.7020475843496, -46.250518505843409 ], [ 167.701387596108418, -46.250095989314453 ], [ 167.700326640316035, -46.249935730492908 ], [ 167.699692161954772, -46.249496521195091 ], [ 167.699245988765625, -46.248934144613479 ], [ 167.69866891446145, -46.248457382705418 ], [ 167.698048912691036, -46.248008694963225 ], [ 167.697360033175073, -46.247605054433436 ], [ 167.696794927432336, -46.247120454428398 ], [ 167.696163496002839, -46.246678061611362 ], [ 167.695504102479646, -46.246252854880261 ], [ 167.694881935720161, -46.245804308109307 ], [ 167.694240851087955, -46.245369595640007 ], [ 167.693610287680457, -46.24492790054159 ], [ 167.693014405159744, -46.244463196427205 ], [ 167.692392125986231, -46.244015999403558 ], [ 167.691742196721009, -46.243587140866232 ], [ 167.691174472656087, -46.243103748020573 ], [ 167.690483704764574, -46.242701973249105 ], [ 167.68971944918988, -46.242348942735489 ], [ 167.689102923009216, -46.241897912939756 ], [ 167.68845757599567, -46.241465997987873 ], [ 167.687917581603216, -46.240964194794927 ], [ 167.687215063550696, -46.240570197285059 ], [ 167.686589412494442, -46.240125207292422 ], [ 167.685860895149801, -46.239748449108966 ], [ 167.685015804403491, -46.239449013928443 ], [ 167.684386627302786, -46.239006352676498 ], [ 167.683583696299166, -46.238678943471783 ], [ 167.682954453531465, -46.238239017512015 ], [ 167.682178372180942, -46.237895658948887 ], [ 167.681535213744354, -46.237462924047939 ], [ 167.680949979254876, -46.236992032714674 ], [ 167.680291992871844, -46.236566912589865 ], [ 167.679652985575302, -46.236129847472796 ], [ 167.67896595440979, -46.235722994679882 ], [ 167.678266479091263, -46.235323967772736 ], [ 167.677642091707895, -46.234877693299786 ], [ 167.676984190932018, -46.23445250121982 ] ] } },
{ "type": "Feature", "properties": { "group_id": "nzd0523" }, "geometry": { "type": "LineString", "coordinates": [ [ 167.314556126447286, -46.251110491422224 ], [ 167.313764882365007, -46.250817898829553 ], [ 167.312944010336537, -46.250563687091038 ], [ 167.312149872892746, -46.250274840852228 ], [ 167.311296719671304, -46.250062444130926 ], [ 167.310453854764461, -46.249833979733985 ], [ 167.309562652035908, -46.249685836390753 ], [ 167.308720462747317, -46.249469567467422 ], [ 167.307910961099935, -46.249201330713163 ], [ 167.307096086222145, -46.24894145412285 ], [ 167.306271315459611, -46.248696973789905 ], [ 167.305460357002062, -46.248431003973117 ], [ 167.304594385616042, -46.248248167630919 ], [ 167.303751163502426, -46.248027616510271 ], [ 167.302902471889411, -46.247816072295137 ], [ 167.30205141507966, -46.247619123332697 ], [ 167.301178597223668, -46.24747038247672 ], [ 167.30031618287876, -46.247298594724349 ], [ 167.29945328958641, -46.247127868189651 ], [ 167.298558078166621, -46.247028730509918 ], [ 167.29767330536427, -46.24690646742021 ], [ 167.296769942574997, -46.246825051060604 ] ] } },
{ "type": "Feature", "properties": { "group_id": "nzd0524" }, "geometry": { "type": "LineString", "coordinates": [ [ 169.97214656529178, -46.272182340618784 ], [ 169.97133051496553, -46.27246660246216 ], [ 169.970493077156021, -46.272699545264942 ], [ 169.969657681701449, -46.272937390675104 ], [ 169.968796248725852, -46.273112753456147 ], [ 169.967946260845224, -46.273315581416128 ], [ 169.967089502190134, -46.273502160278476 ], [ 169.966238760571429, -46.273703179091619 ], [ 169.965392487215581, -46.273911106784645 ], [ 169.964526509793473, -46.274071574923731 ], [ 169.963699646622359, -46.274314453159761 ], [ 169.962858715321687, -46.274532186399028 ], [ 169.961999815762312, -46.274716662712329 ], [ 169.961160111333214, -46.274936662964841 ], [ 169.960346377412776, -46.275204729354421 ], [ 169.959512058730184, -46.275434695980131 ], [ 169.958718579313995, -46.275740251568564 ], [ 169.957894370868615, -46.275988930890392 ], [ 169.957116379642429, -46.276323156715847 ], [ 169.956335293665774, -46.276624987632651 ], [ 169.955594180475316, -46.276954527324996 ], [ 169.954822975896548, -46.277259123450001 ], [ 169.954074273857373, -46.277610042044635 ], [ 169.953296289685738, -46.277921584228537 ], [ 169.95250783507862, -46.278219045234884 ], [ 169.951731201641081, -46.278532400973454 ], [ 169.950924411485516, -46.278805202023399 ], [ 169.950109130733011, -46.279068038271227 ], [ 169.949266317859383, -46.279308842360074 ], [ 169.948481308876438, -46.279633103368759 ], [ 169.947630575212855, -46.279838744670883 ], [ 169.946853599193417, -46.280158015631031 ], [ 169.946092557123023, -46.280501835077942 ], [ 169.945318650928527, -46.280825835879924 ], [ 169.944533790988459, -46.281132960597589 ], [ 169.943757526881768, -46.281453328585499 ], [ 169.942952555296756, -46.281729466484428 ], [ 169.942151473458068, -46.282011596335124 ], [ 169.941384226149751, -46.282345856083985 ], [ 169.940626813992139, -46.282669732546339 ], [ 169.939963497623808, -46.282948235572434 ], [ 169.93926945029321, -46.283219712826657 ], [ 169.938535498570815, -46.283577795557143 ], [ 169.937765812893218, -46.2839031010867 ], [ 169.937035893587023, -46.284264875769992 ], [ 169.936287815781668, -46.284609992713349 ], [ 169.935554039494036, -46.284968223554657 ], [ 169.934807019780862, -46.285314304442167 ], [ 169.934075099905698, -46.285674231664402 ], [ 169.933349174031747, -46.286039653553885 ], [ 169.932664387083918, -46.286442805717947 ], [ 169.932028238421424, -46.286845411266185 ], [ 169.931475679857812, -46.28722826713976 ], [ 169.93091185335166, -46.287668602386994 ], [ 169.930335099523347, -46.288151890887896 ], [ 169.9297517165611, -46.288632350762825 ], [ 169.929260644063163, -46.289152082077592 ], [ 169.928868988180938, -46.289719176621212 ], [ 169.928407804316663, -46.290257802736946 ], [ 169.927878336058654, -46.290759007618838 ], [ 169.927336511384198, -46.291253845062563 ] ] } },
{ "type": "Feature", "properties": { "group_id": "nzd0525" }, "geometry": { "type": "LineString", "coordinates": [ [ 169.925803708933245, -46.293660224413216 ], [ 169.925518997662863, -46.294248799098298 ], [ 169.925185337771779, -46.294826767190166 ], [ 169.924896696037166, -46.29541447773709 ], [ 169.924568970558028, -46.295993717971939 ] ] } },
{ "type": "Feature", "properties": { "group_id": "nzd0526" }, "geometry": { "type": "LineString", "coordinates": [ [ 169.92359612279671, -46.299205450353035 ], [ 169.92275871301436, -46.299430168337373 ], [ 169.921892243926152, -46.299607298501272 ], [ 169.921099925208523, -46.299905850545706 ], [ 169.920311777888571, -46.300211233604514 ], [ 169.919518576891193, -46.300492176578821 ], [ 169.918716678913512, -46.300745270083333 ], [ 169.917917185280288, -46.301017386549184 ], [ 169.917059142394805, -46.301219829999887 ], [ 169.916147690298402, -46.301348984448389 ], [ 169.91533094709385, -46.30160496587299 ], [ 169.914519425724393, -46.301871005007641 ], [ 169.913689092490472, -46.302110170877008 ], [ 169.912906834816567, -46.302416533058917 ], [ 169.912091989386852, -46.302698817966743 ], [ 169.911256585865686, -46.302957278704895 ], [ 169.910508413906314, -46.303299961261786 ] ] } },
{ "type": "Feature", "properties": { "group_id": "nzd0527" }, "geometry": { "type": "LineString", "coordinates": [ [ 169.907841988086574, -46.305835938225755 ], [ 169.907094246546677, -46.306180507477023 ], [ 169.906350259913211, -46.306529360582083 ], [ 169.905694900317741, -46.30697936929888 ], [ 169.904977951872553, -46.307359080713503 ], [ 169.904205402174767, -46.307642324849638 ], [ 169.903415381159476, -46.307874166182991 ], [ 169.902629877113981, -46.308153277186534 ], [ 169.901865285171255, -46.308489640411494 ], [ 169.901113155340823, -46.308864917982902 ], [ 169.900388561113004, -46.309275490720132 ], [ 169.899669502638176, -46.309665813568223 ], [ 169.898929512163136, -46.310020395380462 ], [ 169.898105880403079, -46.310255419437176 ], [ 169.897315881072785, -46.310523464775265 ], [ 169.896522381242619, -46.310813322717351 ], [ 169.895705649462741, -46.311071157032259 ], [ 169.894929944502024, -46.311391904627257 ] ] } },
{ "type": "Feature", "properties": { "group_id": "nzd0528" }, "geometry": { "type": "LineString", "coordinates": [ [ 169.890630044407288, -46.314954766933276 ], [ 169.889719508638535, -46.315019350732392 ], [ 169.888801909109105, -46.315278185937679 ], [ 169.887939901141948, -46.315460419322683 ], [ 169.887077477512548, -46.315636217507098 ], [ 169.886220943082776, -46.31582160036222 ], [ 169.885391965751239, -46.316061352780963 ], [ 169.884538108388483, -46.316251959140217 ], [ 169.883659015162067, -46.316389572210866 ], [ 169.882819403034944, -46.316612339110243 ], [ 169.881983731895531, -46.316841907486626 ], [ 169.88115694908339, -46.317087145591898 ], [ 169.880307415154107, -46.317288099406518 ], [ 169.879467493122974, -46.31750861225315 ], [ 169.878594858620545, -46.317662924388223 ], [ 169.877730405390793, -46.317832360452421 ], [ 169.876928728115189, -46.318135819153184 ], [ 169.876064228996569, -46.318305103972932 ], [ 169.875252006744802, -46.318582540937278 ], [ 169.87439440281571, -46.318763517333096 ], [ 169.873542007886869, -46.318958463715845 ], [ 169.872715789001887, -46.319204883898777 ], [ 169.87189956965338, -46.319464287360937 ], [ 169.871069606815951, -46.319694301972149 ], [ 169.870233634483895, -46.319920494240101 ], [ 169.869396834479772, -46.320145912695764 ], [ 169.868579610484602, -46.320410806107276 ], [ 169.867792607515867, -46.320704527850218 ], [ 169.867043914946464, -46.321011334389588 ] ] } },
{ "type": "Feature", "properties": { "group_id": "nzd0530" }, "geometry": { "type": "LineString", "coordinates": [ [ 168.139499158903476, -46.354112254435627 ], [ 168.13870739312884, -46.353814518031058 ], [ 168.137982433689672, -46.353448539338189 ], [ 168.137237164388125, -46.353103304821325 ], [ 168.1364901346154, -46.352759866868276 ], [ 168.135790839596808, -46.352367669023813 ], [ 168.13504068649101, -46.352027418307955 ], [ 168.134312244557805, -46.351664989463842 ], [ 168.133627329110283, -46.35125810019818 ], [ 168.132820057582705, -46.350976186580141 ], [ 168.131946241001884, -46.35076223958535 ], [ 168.131195051893457, -46.350423037717661 ], [ 168.130502144408922, -46.350024305915852 ], [ 168.129740413265324, -46.349695868425073 ], [ 168.129048739665592, -46.349295873904026 ], [ 168.128328928483882, -46.348924617287778 ], [ 168.127482187839234, -46.348683000498553 ], [ 168.126642591415788, -46.348434083405273 ], [ 168.125959838482316, -46.348024972129011 ], [ 168.125260372479858, -46.347632929601112 ], [ 168.12442487766117, -46.347379816653564 ], [ 168.123420044965968, -46.347217743731683 ], [ 168.122511749589336, -46.34693250838523 ], [ 168.121654489642935, -46.34667501292811 ], [ 168.120795862287082, -46.346487611956896 ], [ 168.119953724943684, -46.346272331206521 ], [ 168.119142644161059, -46.346004546019131 ], [ 168.118275040459025, -46.345832317197974 ], [ 168.117417735228742, -46.345642676399507 ], [ 168.116579064667206, -46.345421532184957 ], [ 168.115810891842216, -46.345081212621842 ], [ 168.114975825455048, -46.344853976692377 ], [ 168.114156397314531, -46.344600305128758 ], [ 168.113346835120069, -46.344329956632862 ], [ 168.112508812501659, -46.344107718147924 ], [ 168.111666942139038, -46.343891983283918 ], [ 168.11081307955692, -46.343696518533768 ], [ 168.109957566760158, -46.343503841822283 ], [ 168.109098998395723, -46.343316328425601 ], [ 168.108213195012752, -46.34317484701824 ], [ 168.107348315612427, -46.342997996580209 ], [ 168.106522730691665, -46.342754729629618 ], [ 168.105635466743877, -46.34261570960426 ], [ 168.104799278517874, -46.342390362374935 ], [ 168.10393321700704, -46.342215503334302 ], [ 168.103060351209734, -46.34205214188907 ], [ 168.102217472913225, -46.341838098308685 ], [ 168.101305301403841, -46.34169927693759 ], [ 168.10039084010063, -46.341515618161274 ], [ 168.099514742450367, -46.341295650749103 ], [ 168.09865298787301, -46.341122269631093 ], [ 168.097752200555078, -46.341046129412319 ], [ 168.096890827357726, -46.340871798440034 ], [ 168.096020161055122, -46.340720618901209 ], [ 168.095183036393109, -46.340485886005169 ], [ 168.094298196995425, -46.34037001388441 ], [ 168.093414663262536, -46.340250887792173 ], [ 168.092543880832551, -46.340099998715196 ], [ 168.091657375248474, -46.339988272695386 ], [ 168.090757253337472, -46.339910459020658 ], [ 168.089892342447968, -46.339744943696992 ], [ 168.088937284957098, -46.339803945334481 ], [ 168.087992831520211, -46.339733811424438 ], [ 168.087037646724383, -46.339563175796485 ], [ 168.086091028112605, -46.33951420555681 ], [ 168.085193805669661, -46.339496888571951 ], [ 168.084295682030756, -46.339519841147485 ], [ 168.083401742310713, -46.339356082178767 ], [ 168.082503969359237, -46.339363474739947 ], [ 168.081606997874815, -46.339335147097955 ], [ 168.080708086255015, -46.339393312977052 ], [ 168.079812358987908, -46.339309620326254 ], [ 168.078915950953586, -46.339256331032388 ], [ 168.078017599837466, -46.339289562317518 ], [ 168.077124328028532, -46.339096902591287 ], [ 168.076223321893906, -46.339248223112087 ], [ 168.075324469380746, -46.339303733412798 ], [ 168.074431781986902, -46.339085455380477 ], [ 168.073531575230163, -46.339201128602305 ], [ 168.072631685279617, -46.339302648904116 ], [ 168.071732302453825, -46.339381599942641 ], [ 168.070833676140097, -46.33942696474071 ], [ 168.069935549148369, -46.339450185224223 ], [ 168.069036589779842, -46.339510247901217 ], [ 168.068136467256011, -46.339621732974017 ], [ 168.067238009037737, -46.339659519953578 ], [ 168.066338455846164, -46.339745686147523 ], [ 168.065383870901115, -46.339858671368106 ], [ 168.064381660835153, -46.339933143588212 ], [ 168.063433087322437, -46.340041344272102 ], [ 168.062599473856181, -46.340301883092238 ], [ 168.061665390233657, -46.340264495734289 ], [ 168.060811919958184, -46.34046615150713 ], [ 168.059963896865696, -46.340683962920323 ], [ 168.059075143601575, -46.340780985180373 ], [ 168.058219679616343, -46.340976730403483 ], [ 168.057405410753404, -46.341294655074968 ], [ 168.056521131462716, -46.341404942494663 ], [ 168.055665688553461, -46.341600755266434 ], [ 168.054771277066777, -46.341791460343508 ], [ 168.053811616992675, -46.342010208704473 ], [ 168.052940533289757, -46.342319151800837 ], [ 168.052176042743298, -46.342648101599877 ], [ 168.051373618434383, -46.342925592491163 ], [ 168.050570666929644, -46.343202365833982 ], [ 168.049759681779449, -46.343468238706734 ], [ 168.048979832818389, -46.343776347302523 ], [ 168.048192718619987, -46.344074598353082 ], [ 168.047415971379337, -46.344386911364012 ], [ 168.04665628493035, -46.344722367784442 ], [ 168.045899816252899, -46.345062188509999 ], [ 168.045134983964857, -46.345390661863895 ] ] } },
{ "type": "Feature", "properties": { "group_id": "nzd0532" }, "geometry": { "type": "LineString", "coordinates": [ [ 167.948735674769608, -46.361959847138102 ], [ 167.948028641420763, -46.361545913442271 ], [ 167.947094103315152, -46.361372171919449 ], [ 167.946204667980538, -46.361230089444298 ], [ 167.945337490521723, -46.361063939562257 ], [ 167.94451095004473, -46.360810004147623 ], [ 167.943627980901283, -46.360685603927614 ], [ 167.942772955746392, -46.36056140854479 ], [ 167.941969681998984, -46.360330846164935 ], [ 167.941052743776055, -46.360200376646866 ], [ 167.940159520459389, -46.360080763100306 ], [ 167.939297880641419, -46.359905522621546 ], [ 167.93843827936837, -46.359752641685958 ], [ 167.937576443837969, -46.359593662607409 ], [ 167.936710319035399, -46.35942617540649 ], [ 167.935838252179053, -46.359263392954752 ], [ 167.93495416497376, -46.359124186651997 ], [ 167.93408044633253, -46.358992524409338 ], [ 167.933250201167908, -46.358761845227974 ], [ 167.932365169759095, -46.358655649571119 ], [ 167.931480969269643, -46.358553337356632 ], [ 167.930602265469645, -46.358436821017527 ], [ 167.929709147769927, -46.358360788229085 ], [ 167.928809885776076, -46.358274025782848 ], [ 167.927912181365571, -46.358178519448288 ], [ 167.927040096119384, -46.358078816028829 ], [ 167.92617737012074, -46.35796426744713 ], [ 167.925304817642058, -46.357845377406697 ], [ 167.92442639404112, -46.357705045732523 ], [ 167.923530550538942, -46.357661166086011 ], [ 167.92263844177225, -46.357571013508746 ], [ 167.921739502544426, -46.35756517955631 ], [ 167.920841054654801, -46.35756461383157 ], [ 167.919953236817207, -46.35746839938539 ], [ 167.919072990576296, -46.357400397817933 ], [ 167.918182564646287, -46.357366091079498 ], [ 167.917280788482799, -46.357344186105067 ], [ 167.916377151651574, -46.357328608835466 ], [ 167.915479400281413, -46.357288559139661 ], [ 167.914577018237878, -46.357292435076211 ], [ 167.913666843149542, -46.357311352834316 ], [ 167.912763066471143, -46.357330445080052 ], [ 167.911864665486831, -46.357361502441144 ], [ 167.910974424745433, -46.357353280975168 ], [ 167.910080586279861, -46.35743258062206 ], [ 167.90917688326644, -46.357401059631471 ], [ 167.908265105556922, -46.357450839472691 ], [ 167.907368016680522, -46.357530109580978 ], [ 167.90647656668753, -46.357605063025318 ], [ 167.905593440986564, -46.357727606366929 ], [ 167.904687302724653, -46.357794297733484 ], [ 167.903782439702184, -46.357868066075454 ], [ 167.902885676778538, -46.357970478835831 ], [ 167.901992921049157, -46.358105282206211 ], [ 167.90106341808513, -46.358244681358627 ], [ 167.90014883786543, -46.358422196022616 ], [ 167.899281580906063, -46.358592729180003 ], [ 167.898434670003013, -46.35879882842579 ], [ 167.897604311184722, -46.359033862762494 ], [ 167.896746287240063, -46.359220527613786 ], [ 167.895943962556657, -46.359469072889127 ], [ 167.895148123359775, -46.359729415479137 ], [ 167.89431140261263, -46.359950216620383 ], [ 167.893468058705537, -46.360167998858458 ], [ 167.892580627390231, -46.360356779062286 ], [ 167.891734795801511, -46.360615205510321 ], [ 167.890883688319832, -46.360874420335229 ], [ 167.89003007663834, -46.361186497666914 ], [ 167.889286644739855, -46.361622322996247 ], [ 167.888522430407164, -46.361984867042949 ], [ 167.887770658274633, -46.362367584702092 ], [ 167.886994495371169, -46.362723788972716 ], [ 167.886276241334002, -46.363150398717579 ], [ 167.885520046545338, -46.36352590787434 ], [ 167.884803059471238, -46.363898324464643 ], [ 167.884126765850169, -46.364347246312931 ], [ 167.883463988132519, -46.364807872143928 ], [ 167.882814519735689, -46.365269867774593 ], [ 167.882120148870115, -46.365732719594618 ], [ 167.881507559054882, -46.366256512358859 ], [ 167.880883262549503, -46.36676830525446 ], [ 167.880306205894328, -46.367243704859689 ], [ 167.879921106849281, -46.367782475484226 ], [ 167.879503191917308, -46.368341213019278 ], [ 167.878952681266497, -46.368871243215416 ], [ 167.878342024682411, -46.369450153518081 ], [ 167.878006983118723, -46.370150500165316 ], [ 167.87777065656789, -46.370830735976611 ], [ 167.87787311686759, -46.371507546195488 ] ] } },
{ "type": "Feature", "properties": { "group_id": "nzd0533" }, "geometry": { "type": "LineString", "coordinates": [ [ 167.857516723764178, -46.378711284846602 ], [ 167.856901126415835, -46.378260179292241 ], [ 167.856250818838959, -46.377833317457331 ], [ 167.855643416300637, -46.377376481379144 ], [ 167.854916336104736, -46.377003242427925 ], [ 167.85427720117562, -46.376568566659685 ], [ 167.853609788542059, -46.37615364090874 ], [ 167.852866418909997, -46.375781180047568 ], [ 167.852204572511567, -46.375347391836797 ], [ 167.851550741032952, -46.374916597749639 ] ] } },
{ "type": "Feature", "properties": { "group_id": "nzd0534" }, "geometry": { "type": "LineString", "coordinates": [ [ 168.009406220794233, -46.383104735995573 ], [ 168.0085596503028, -46.382922360891314 ], [ 168.007922922112272, -46.38285249676413 ], [ 168.007195980555878, -46.3826420356759 ], [ 168.006381089267336, -46.382335258668824 ], [ 168.005610214877578, -46.382010314820292 ], [ 168.00479555962832, -46.381671754019912 ], [ 168.003911563490846, -46.381430338061769 ] ] } },
{ "type": "Feature", "properties": { "group_id": "nzd0535" }, "geometry": { "type": "LineString", "coordinates": [ [ 168.029083661247427, -46.38410281265292 ], [ 168.028240352282694, -46.383886358278502 ], [ 168.027370450381426, -46.383732541939224 ], [ 168.026496708927112, -46.383587768643167 ], [ 168.02563273169261, -46.383419997893327 ], [ 168.024752717164858, -46.383289998042109 ], [ 168.023897507366172, -46.383101579219137 ], [ 168.023026744110751, -46.382949791006588 ], [ 168.022082582480607, -46.382855702731469 ], [ 168.021136394226801, -46.382815507330733 ], [ 168.020245714417399, -46.382640859796723 ], [ 168.019345405946609, -46.382662098545339 ] ] } },
{ "type": "Feature", "properties": { "group_id": "nzd0536" }, "geometry": { "type": "LineString", "coordinates": [ [ 168.015558338288542, -46.383780963948745 ], [ 168.014722905367194, -46.383545530951203 ], [ 168.01384875592737, -46.383401941620292 ], [ 168.012990526761115, -46.383220587972694 ], [ 168.012116469426616, -46.383076779922092 ] ] } },
{ "type": "Feature", "properties": { "group_id": "nzd0537" }, "geometry": { "type": "LineString", "coordinates": [ [ 168.221256805876322, -46.422505253503978 ], [ 168.220696807090889, -46.422004021082977 ], [ 168.220228503935914, -46.421472552776763 ], [ 168.219845754583389, -46.420912873433281 ], [ 168.219253865812334, -46.420422138165172 ], [ 168.218603279745821, -46.419950748527071 ], [ 168.21821531006816, -46.41939277407986 ], [ 168.217831045247948, -46.418833572660461 ], [ 168.217495234808268, -46.418258391117028 ], [ 168.216914862182989, -46.417763831883718 ], [ 168.216446772806421, -46.417232249404378 ], [ 168.21611125669034, -46.416656954394043 ], [ 168.215717281717502, -46.41610092667073 ], [ 168.215309434413768, -46.415549466910818 ], [ 168.215050215067009, -46.414949000953754 ], [ 168.214715799845408, -46.414373320287154 ], [ 168.214265863474026, -46.413835720157145 ], [ 168.213845462715256, -46.413288376953794 ], [ 168.213602385998342, -46.412679963689037 ], [ 168.213077026109659, -46.412160190255861 ], [ 168.212716637719524, -46.411585873615657 ], [ 168.212399368792603, -46.411001715479458 ], [ 168.211946364714692, -46.410466742647621 ], [ 168.211562955110111, -46.409906543224899 ], [ 168.21113523229107, -46.409362397761335 ], [ 168.210800849666896, -46.408784419853369 ], [ 168.210493433631171, -46.408196663395394 ], [ 168.209934401438716, -46.407700089694821 ], [ 168.209383317210182, -46.407200630274779 ], [ 168.208699937042098, -46.406749110492065 ], [ 168.208261305510035, -46.406208886868633 ], [ 168.207860506030244, -46.405654947341851 ], [ 168.207417362237322, -46.405116348403887 ], [ 168.206795322431475, -46.40464257750584 ], [ 168.206220208594829, -46.404151794912103 ], [ 168.205535523962794, -46.403700715812342 ], [ 168.20533134958302, -46.403075492407055 ], [ 168.204942650156056, -46.402517136227232 ], [ 168.204669790625587, -46.401916793075209 ], [ 168.204285819562102, -46.401356712328116 ], [ 168.203871803702441, -46.40080751482882 ], [ 168.203715963062962, -46.400164745011594 ], [ 168.203333604097338, -46.399604063496092 ], [ 168.202870429975349, -46.399072665669856 ], [ 168.202559607415225, -46.398486047065354 ], [ 168.201920207916999, -46.39801850661663 ], [ 168.201404634351121, -46.397506083676269 ], [ 168.200770592744675, -46.397036590579582 ], [ 168.200265715553371, -46.396520280529437 ], [ 168.199648486295729, -46.396044683557953 ], [ 168.199218086329182, -46.395501371191344 ], [ 168.198810615992329, -46.394949743409555 ], [ 168.198100890922831, -46.394507652700966 ], [ 168.197704763549893, -46.393951903704959 ], [ 168.197431673186742, -46.393351558395395 ], [ 168.196966516466603, -46.392820816153403 ], [ 168.196574575299763, -46.392263533800303 ], [ 168.196157461548523, -46.391698708582112 ], [ 168.195459071805686, -46.391228625414513 ], [ 168.195018833039541, -46.390659618362839 ], [ 168.194171914503585, -46.390322416907352 ], [ 168.193542588042362, -46.389873667055454 ], [ 168.193054152308491, -46.389352688868264 ], [ 168.192448631395848, -46.388891727195869 ], [ 168.19198564942198, -46.388357692235921 ], [ 168.191499724188276, -46.38783541421806 ], [ 168.190927771842951, -46.387357231751523 ], [ 168.190222304736409, -46.386947488076039 ], [ 168.189714922693724, -46.386436196735296 ], [ 168.189162583691086, -46.385947947181712 ], [ 168.188510899680978, -46.38551062001217 ], [ 168.188071484967764, -46.384964474237918 ], [ 168.187504854240359, -46.384483538224934 ], [ 168.186988635630769, -46.383976755435761 ], [ 168.186439747043039, -46.383486715850523 ], [ 168.185703911013661, -46.383092505762868 ], [ 168.185129342408771, -46.382615621830752 ], [ 168.184646777350224, -46.382091570568392 ], [ 168.184169211265242, -46.381561908993397 ], [ 168.183487196806652, -46.381130405519215 ], [ 168.18304488351032, -46.380569463596458 ], [ 168.182633731589505, -46.379999597944348 ], [ 168.181956820924114, -46.379582844850951 ], [ 168.181441116428829, -46.379073209280357 ] ] } },
{ "type": "Feature", "properties": { "group_id": "nzd0538" }, "geometry": { "type": "LineString", "coordinates": [ [ 169.783254242279668, -46.385670303793596 ], [ 169.782890728254699, -46.386236732082331 ], [ 169.782749449298223, -46.386868745360751 ], [ 169.782450704877846, -46.387454277653049 ], [ 169.782186423859031, -46.388068904040139 ], [ 169.782224349680661, -46.388718174588334 ], [ 169.781937023948728, -46.389322408310555 ], [ 169.782031872350132, -46.38994840417768 ], [ 169.781851966237923, -46.390547232228393 ], [ 169.781616280282435, -46.391141359735748 ], [ 169.781190190142325, -46.391708404488433 ], [ 169.781113838844277, -46.392364070124266 ], [ 169.781080552549724, -46.393014632053607 ], [ 169.781378626510588, -46.393629405283932 ], [ 169.781276120344245, -46.394247630714638 ], [ 169.781150556320171, -46.39486189794146 ], [ 169.781136800786243, -46.395479316942449 ], [ 169.781060941628823, -46.396097937228596 ], [ 169.780713008421685, -46.396799495535326 ], [ 169.781111015533469, -46.39744364967752 ] ] } },
{ "type": "Feature", "properties": { "group_id": "nzd0539" }, "geometry": { "type": "LineString", "coordinates": [ [ 168.272075351782576, -46.500252133459462 ], [ 168.271313008520281, -46.499884911230808 ], [ 168.270573193772492, -46.499504789869214 ], [ 168.269806958620308, -46.499139785932798 ], [ 168.268956406587165, -46.498823036245852 ], [ 168.26852154857022, -46.498268358606204 ], [ 168.267706142131061, -46.497931484755782 ], [ 168.267114198416976, -46.497466707742056 ], [ 168.266420007120189, -46.497060447925655 ], [ 168.265794367754381, -46.496614948649018 ], [ 168.265219749761854, -46.496140243688465 ], [ 168.264699753968529, -46.495634272154923 ], [ 168.264180946152266, -46.495127616787229 ], [ 168.263627738338556, -46.494640646246395 ], [ 168.263200494974569, -46.494081576334125 ], [ 168.262757644297608, -46.493531435031649 ], [ 168.262243383467734, -46.493022161434077 ], [ 168.261601072170834, -46.492586173993608 ], [ 168.261119639272891, -46.492058103546576 ], [ 168.260938007010679, -46.491358435641061 ], [ 168.260543487852289, -46.49071235109264 ], [ 168.260467228158376, -46.490024425768297 ], [ 168.2602266724532, -46.48942831457822 ], [ 168.259672792697359, -46.488900551032778 ], [ 168.259212291960978, -46.488352521844135 ], [ 168.258859409271281, -46.487781138027046 ], [ 168.258756992619794, -46.487155407413489 ], [ 168.258550897840792, -46.486552164027927 ], [ 168.258171126824067, -46.485986595313371 ], [ 168.257831304222407, -46.485412353167092 ], [ 168.25779101443689, -46.484773117188261 ], [ 168.257321722132161, -46.484226952908443 ], [ 168.257087996598841, -46.48362967280935 ], [ 168.256894920029055, -46.483023566841318 ], [ 168.256705996810894, -46.482416553204665 ], [ 168.256295053348254, -46.481857704778001 ], [ 168.255931887483143, -46.481291822146609 ], [ 168.255906657865836, -46.48062884378043 ], [ 168.255504178702097, -46.480071657753165 ], [ 168.255076606656758, -46.479527082262997 ], [ 168.254553224857631, -46.479013493822166 ], [ 168.254205930253022, -46.478442939134275 ], [ 168.254174455059456, -46.477770215982311 ], [ 168.253764218892371, -46.477220010281691 ], [ 168.253420678244595, -46.476648223791635 ], [ 168.253099764888901, -46.476069111884001 ], [ 168.252603352031457, -46.475546766845135 ], [ 168.251865035847828, -46.475102669278876 ], [ 168.251495747531123, -46.474539189913493 ], [ 168.236649062460344, -46.452709381375676 ], [ 168.236082944504517, -46.452205646815301 ], [ 168.235778043853685, -46.451634843823399 ], [ 168.235860871925041, -46.450981234264205 ], [ 168.235517686031983, -46.450405162822726 ], [ 168.235122557216897, -46.449839060995338 ], [ 168.235043679894744, -46.449212214656654 ], [ 168.234603971210959, -46.448654662195374 ], [ 168.234408866285776, -46.448050125344658 ], [ 168.234166560805221, -46.447454647283564 ], [ 168.233715722738026, -46.446899213511202 ], [ 168.233697677829639, -46.446260651131425 ], [ 168.233532226067695, -46.445650392978834 ], [ 168.233025730264529, -46.445106995211646 ], [ 168.232650614900223, -46.444537838181603 ], [ 168.23241343809903, -46.443941525484334 ], [ 168.232153774043979, -46.443349203336297 ], [ 168.231883295890952, -46.442758886580279 ], [ 168.232050245552216, -46.442087185025912 ], [ 168.231709296200364, -46.441509965705933 ], [ 168.23139366496298, -46.440928029831163 ], [ 168.231088166885797, -46.440344202413009 ], [ 168.230997760940028, -46.439720352325573 ], [ 168.230548480281783, -46.439163261897313 ], [ 168.230280002491213, -46.438572527994744 ], [ 168.230129738052767, -46.437959794735114 ], [ 168.229898175477985, -46.437362180013693 ], [ 168.229677780979358, -46.436762481032552 ], [ 168.229559836638032, -46.436143714790234 ], [ 168.229415388630088, -46.435529872758082 ], [ 168.228984974884185, -46.434969228541277 ], [ 168.228569256200529, -46.434405843868717 ], [ 168.228444671098856, -46.433788287198929 ], [ 168.228276819974667, -46.433178773532021 ], [ 168.227958851813554, -46.432597183211506 ], [ 168.22743867872731, -46.432053207405175 ], [ 168.227089935980501, -46.431477330089251 ], [ 168.226927437681354, -46.430866795101963 ], [ 168.226774793461203, -46.430254420041678 ], [ 168.226348635970766, -46.429692927120442 ], [ 168.226125278770212, -46.429093695769332 ], [ 168.225661162846563, -46.428539252515364 ], [ 168.225301332983747, -46.427925926554238 ], [ 168.224800413138865, -46.427359430572253 ], [ 168.224333107705149, -46.426824577147997 ], [ 168.22388171999404, -46.426287580187108 ], [ 168.223537684138648, -46.425715186379634 ], [ 168.223155989938192, -46.425155202050973 ], [ 168.222617912179771, -46.424646768448127 ], [ 168.222395946469874, -46.424034113939989 ], [ 168.222136521407378, -46.423433802901279 ], [ 168.221403162710288, -46.42298973372867 ] ] } },
{ "type": "Feature", "properties": { "group_id": "nzd0540" }, "geometry": { "type": "LineString", "coordinates": [ [ 169.757915687168605, -46.466548661408602 ], [ 169.757436455934965, -46.467170113954232 ], [ 169.756931999867192, -46.467824172756913 ], [ 169.756339436017583, -46.468384571580913 ], [ 169.755801606502473, -46.468932833860187 ], [ 169.755271430614499, -46.469536808010048 ], [ 169.754738885723668, -46.470171684276487 ], [ 169.754731704209405, -46.470836361090356 ], [ 169.754627477216815, -46.471436233441963 ], [ 169.754292991294875, -46.47205059906571 ], [ 169.753906060327978, -46.472724172962074 ], [ 169.753923669496743, -46.473380550231546 ], [ 169.753784888764159, -46.47398389360449 ] ] } },
{ "type": "Feature", "properties": { "group_id": "nzd0541" }, "geometry": { "type": "LineString", "coordinates": [ [ 169.749630282832214, -46.477849216468478 ], [ 169.748919047465932, -46.477449957989528 ], [ 169.748261157838414, -46.477032562652667 ], [ 169.747464705811836, -46.476743381811175 ], [ 169.74663479966415, -46.476509472716472 ], [ 169.745843079956217, -46.476206753541724 ], [ 169.745002577045852, -46.475957545644178 ] ] } },
{ "type": "Feature", "properties": { "group_id": "nzd0543" }, "geometry": { "type": "LineString", "coordinates": [ [ 169.614083020136633, -46.540893017911287 ], [ 169.613688264129934, -46.541465181022211 ], [ 169.613332083321922, -46.542043267596014 ], [ 169.612977704971826, -46.542621624306506 ], [ 169.61283318231628, -46.543232237656397 ], [ 169.612504053609825, -46.543814462652833 ] ] } },
{ "type": "Feature", "properties": { "group_id": "nzd0544" }, "geometry": { "type": "LineString", "coordinates": [ [ 169.524004045687235, -46.555830079959073 ], [ 169.52316330486903, -46.556090054931936 ], [ 169.52231021391006, -46.556412808896702 ], [ 169.521410219868272, -46.55639515806174 ], [ 169.520555938344415, -46.55640193652858 ], [ 169.519733929069645, -46.556396354089969 ], [ 169.518902313345592, -46.556363292259903 ], [ 169.518026591774088, -46.556275949312571 ], [ 169.517073109844347, -46.556275761336991 ], [ 169.516137183492958, -46.556145804605436 ], [ 169.515218700093186, -46.556269091288968 ], [ 169.51432623163322, -46.556173768612474 ], [ 169.51342571385203, -46.55623226338745 ], [ 169.512511550047492, -46.556217686779149 ], [ 169.511588354967387, -46.556177305992783 ], [ 169.510700692925184, -46.556093724018972 ], [ 169.509828914649404, -46.556067820318709 ], [ 169.508937834426376, -46.556170256436765 ], [ 169.508022572038726, -46.556200972223465 ], [ 169.507090107208057, -46.5563245674768 ], [ 169.506172235466977, -46.556308379444211 ], [ 169.505272722009579, -46.556341393326413 ] ] } },
{ "type": "Feature", "properties": { "group_id": "nzd0545" }, "geometry": { "type": "LineString", "coordinates": [ [ 169.562627004777426, -46.562081469263816 ], [ 169.561603110178055, -46.562537422111248 ], [ 169.56125653848909, -46.560260650071086 ], [ 169.560334502991367, -46.560305714690493 ], [ 169.559446950399632, -46.560211650840351 ], [ 169.558546783458667, -46.560168476065741 ], [ 169.557671922635535, -46.560050975719925 ], [ 169.556785245912806, -46.559980716955998 ], [ 169.555935354175006, -46.559748270044508 ], [ 169.55511132261924, -46.559417693179199 ], [ 169.554185988170303, -46.559462478376197 ], [ 169.553285768221627, -46.559414202391487 ], [ 169.552401692718377, -46.559243283428032 ], [ 169.551482011708202, -46.559026733074866 ], [ 169.550534197333093, -46.559033008128338 ], [ 169.549622190871702, -46.559095200333303 ] ] } },
{ "type": "Feature", "properties": { "group_id": "nzd0546" }, "geometry": { "type": "LineString", "coordinates": [ [ 168.794248250336295, -46.581984029959749 ], [ 168.793554490392268, -46.581698720292351 ], [ 168.793167055743197, -46.581288297818745 ], [ 168.792417901801372, -46.581028287791931 ], [ 168.791515591694036, -46.580831606319393 ], [ 168.790509250394592, -46.580666308292948 ], [ 168.789531473477524, -46.58058692828758 ], [ 168.788692621190876, -46.580367093490281 ], [ 168.787884265652878, -46.580091914441581 ], [ 168.787070959746472, -46.579825725759655 ], [ 168.786290040138596, -46.57950073476821 ], [ 168.785471747801182, -46.579326009981308 ], [ 168.78479172909482, -46.578995873369855 ], [ 168.784052706627278, -46.578677165184111 ], [ 168.783229047745778, -46.578419389823907 ], [ 168.782412644075805, -46.578153553142997 ], [ 168.691203926634472, -46.569367880692113 ], [ 168.690308184457393, -46.569422368239053 ], [ 168.689410940028949, -46.56944168175751 ], [ 168.688514508839205, -46.569480033759802 ], [ 168.687618580826069, -46.569530174268159 ], [ 168.686722526120974, -46.569577350113384 ], [ 168.685826573936566, -46.569626932540764 ], [ 168.684930999728124, -46.56968538290333 ], [ 168.68403503831135, -46.569734759917402 ], [ 168.683141441579949, -46.569839622642036 ], [ 168.682245540788614, -46.56989044580309 ], [ 168.681349612887374, -46.569940637616 ], [ 168.680453906618197, -46.569996038348648 ], [ 168.679554288760897, -46.570058454400986 ], [ 168.678647951071042, -46.570149968030421 ], [ 168.677755086764392, -46.57028151195 ], [ 168.676870925085609, -46.57040154640633 ], [ 168.675978508460219, -46.570468263566632 ], [ 168.675089469364252, -46.570556795697584 ], [ 168.674202707517765, -46.570660039401986 ], [ 168.673301252185325, -46.570668353798673 ], [ 168.672417473130963, -46.570790867183462 ], [ 168.671524324416197, -46.570852841270046 ], [ 168.670639310168553, -46.570967377781045 ], [ 168.669745796133157, -46.571026986749892 ], [ 168.668857245127356, -46.571118668041002 ], [ 168.667969885901869, -46.571218052822694 ], [ 168.667080544566602, -46.571304626561201 ], [ 168.666194128886076, -46.571410112839644 ], [ 168.665306404142882, -46.571507138348224 ], [ 168.664419976105364, -46.571612548736447 ], [ 168.663525321013338, -46.571664765895157 ], [ 168.662646498882708, -46.571819359819884 ], [ 168.661759241683797, -46.571919414741899 ], [ 168.660865481785351, -46.572032335635768 ], [ 168.660003484155851, -46.572251299342973 ], [ 168.659124812588658, -46.572380148865889 ], [ 168.658248035767656, -46.572512697779231 ], [ 168.657366743627279, -46.572630282694767 ], [ 168.656495202068754, -46.572780176701876 ], [ 168.655629030106496, -46.572947864949171 ], [ 168.654752205509936, -46.573080250673065 ], [ 168.653869195125992, -46.57319213397863 ], [ 168.652997903272734, -46.573342853027086 ], [ 168.652114024115463, -46.573451852129558 ], [ 168.651257373372005, -46.573651097827479 ], [ 168.65039287914567, -46.57382434822383 ], [ 168.649532987164491, -46.574012855388396 ], [ 168.648666903394627, -46.574180839875808 ], [ 168.647785610645286, -46.574298407409671 ], [ 168.646899463272888, -46.574399878540788 ], [ 168.646031515093341, -46.574561680866886 ], [ 168.645158732783102, -46.574712347646702 ], [ 168.644298053810076, -46.574901191671607 ], [ 168.643436894285855, -46.575081764031971 ], [ 168.642579427659086, -46.575270381466218 ], [ 168.641708605305098, -46.575420324621781 ], [ 168.640846659932492, -46.57559597285389 ], [ 168.639967658159748, -46.575722226597414 ], [ 168.639100244239103, -46.575882036362749 ], [ 168.638205267714341, -46.575962019984466 ], [ 168.637357518651896, -46.576178779598806 ], [ 168.636479807190284, -46.576308761034454 ], [ 168.635620855263198, -46.576493075150083 ], [ 168.634745046481413, -46.576628563951026 ], [ 168.63388526573209, -46.576810477112353 ], [ 168.633017828248398, -46.576970211627199 ], [ 168.632155584586599, -46.5771449906103 ], [ 168.631288232946559, -46.577304972535941 ], [ 168.630440165752674, -46.577520819741544 ], [ 168.629586567839539, -46.57772370182844 ], [ 168.628720129409913, -46.577891160156796 ], [ 168.627877593730233, -46.578115815255195 ], [ 168.626978531320901, -46.578194922728748 ], [ 168.62613314202116, -46.578409243659095 ], [ 168.625251524522696, -46.578532292522233 ], [ 168.624402768003932, -46.578738129300575 ], [ 168.624227790844031, -46.578804043374248 ] ] } },
{ "type": "Feature", "properties": { "group_id": "nzd0547" }, "geometry": { "type": "LineString", "coordinates": [ [ 169.456678524887877, -46.576809106077405 ], [ 169.455785740512226, -46.576898632660779 ], [ 169.454920813565138, -46.577065330212768 ], [ 169.454046878992358, -46.577207071742251 ], [ 169.453266275694318, -46.577607390637027 ], [ 169.452465571342799, -46.577952028803686 ], [ 169.451654713109605, -46.578268542733475 ], [ 169.450794386703762, -46.578448000317465 ], [ 169.449948019374034, -46.578666136370309 ], [ 169.449151611246208, -46.578959500759609 ], [ 169.448377499543085, -46.579182050866038 ], [ 169.447639435815347, -46.579490794054941 ], [ 169.446855327896969, -46.579782419243458 ], [ 169.446128702434692, -46.580138524949902 ], [ 169.445362668579605, -46.580455226508008 ], [ 169.444592058809434, -46.580778631862124 ], [ 169.443825699758207, -46.581116560093747 ], [ 169.44312663716056, -46.581490576265125 ] ] } },
{ "type": "Feature", "properties": { "group_id": "nzd0548" }, "geometry": { "type": "LineString", "coordinates": [ [ 168.806431213785601, -46.590818521363701 ], [ 168.806416195031034, -46.590194998545783 ], [ 168.806149206633961, -46.589474182473197 ], [ 168.805751902663843, -46.588813928689497 ], [ 168.805261061923829, -46.588242105879871 ], [ 168.804634550298658, -46.587724225502349 ], [ 168.803951904014781, -46.587295926314866 ], [ 168.803282106243671, -46.586846517446624 ], [ 168.802458634122843, -46.586532873158731 ] ] } },
{ "type": "Feature", "properties": { "group_id": "nzd0549" }, "geometry": { "type": "LineString", "coordinates": [ [ 168.623377738426882, -46.579006616173011 ], [ 168.622517899508154, -46.579184531148769 ], [ 168.621657633631457, -46.57936136929932 ], [ 168.620790688534385, -46.579521376468293 ], [ 168.619920942428848, -46.579674323629376 ], [ 168.619075894882286, -46.57988950571459 ], [ 168.618227057266864, -46.580095137975995 ], [ 168.617353231940683, -46.580237801471668 ], [ 168.616498206532299, -46.580427839257879 ], [ 168.615630581862689, -46.580586124711864 ], [ 168.614764344079418, -46.580747903319846 ], [ 168.613927175160029, -46.580989556791174 ], [ 168.613081709627124, -46.581209095229667 ], [ 168.612251109740157, -46.581455422853558 ], [ 168.611376273420603, -46.581598338249805 ], [ 168.610514311382246, -46.581770653102538 ], [ 168.609649725694851, -46.581936973648993 ], [ 168.608799303083629, -46.582135639835556 ], [ 168.607966294129255, -46.58237407835869 ], [ 168.607114086357967, -46.582568666369696 ], [ 168.606257088986467, -46.582752313277588 ], [ 168.605407928447221, -46.582953859400156 ], [ 168.604553373645132, -46.583143083034578 ], [ 168.603707002886352, -46.58335100013506 ], [ 168.602855909796091, -46.583548129389541 ], [ 168.60202047971714, -46.583781038314356 ], [ 168.60119369538171, -46.584033698745131 ], [ 168.600341498515718, -46.584228305854637 ], [ 168.599483979136153, -46.584410752340219 ], [ 168.598637905393787, -46.584619346057984 ], [ 168.597781579723005, -46.584807761095782 ], [ 168.596931630956249, -46.585011777502352 ], [ 168.596090644309498, -46.585231746697694 ], [ 168.595241779704622, -46.5854328679834 ], [ 168.594401489052927, -46.585652497489377 ], [ 168.593573138481673, -46.585897903363779 ], [ 168.592735570793934, -46.586123411222019 ], [ 168.591882288094098, -46.58631499122562 ], [ 168.591044385188297, -46.586539774344637 ], [ 168.590194090867499, -46.58673780382896 ], [ 168.589360604585124, -46.586972121873018 ], [ 168.588513934324226, -46.587177974282078 ], [ 168.587670657533124, -46.587388753394215 ], [ 168.586825229804049, -46.587594849951408 ], [ 168.585970896263973, -46.587783614347188 ], [ 168.585120809353384, -46.587983129542401 ], [ 168.584263063919622, -46.588165060133925 ], [ 168.583412325603092, -46.588363077739665 ], [ 168.58256110128076, -46.588559978600244 ], [ 168.581715467793003, -46.58876971596483 ], [ 168.580861962783104, -46.588961378443656 ], [ 168.58001516034571, -46.589168430624873 ], [ 168.5791706495732, -46.58938074478106 ], [ 168.57833982892106, -46.58962449627785 ], [ 168.577494404697546, -46.589834713197064 ], [ 168.576641446599666, -46.590027628541876 ], [ 168.575796634061874, -46.590239249302563 ], [ 168.574945573518619, -46.590436520835453 ], [ 168.574117467322168, -46.590686509211196 ], [ 168.573269464453631, -46.590890802790952 ], [ 168.572423994008943, -46.591100912156882 ], [ 168.571599525377792, -46.591359258040491 ], [ 168.570752329779225, -46.591558655666688 ], [ 168.569931460539919, -46.59180447711325 ], [ 168.569095211081674, -46.592027886277656 ], [ 168.568264663600758, -46.592262299006734 ], [ 168.567439401437014, -46.592506174460368 ], [ 168.566614586725336, -46.592750850070743 ], [ 168.565771289625985, -46.592962427981902 ], [ 168.564938969812829, -46.593193661169508 ], [ 168.564105210330183, -46.593422314691942 ], [ 168.563282402511931, -46.593670578934756 ], [ 168.562458306293763, -46.593916534925377 ], [ 168.561616418432578, -46.594130627328923 ], [ 168.560789627736654, -46.594371755180134 ], [ 168.559958380251004, -46.594605447439939 ], [ 168.559135923651837, -46.594855151522168 ], [ 168.5583093472261, -46.595096724495718 ], [ 168.55748384887346, -46.595339378462398 ], [ 168.556655463499226, -46.595577082237526 ], [ 168.555815340413773, -46.595794664149281 ], [ 168.554998340665435, -46.596051881278179 ], [ 168.554175549527571, -46.596299169758566 ], [ 168.553343489111228, -46.596530567161778 ], [ 168.552537875067401, -46.596807345459005 ], [ 168.551727053140439, -46.597077230943135 ], [ 168.550902048506117, -46.597322332712594 ], [ 168.550099025449043, -46.597601665843648 ], [ 168.549285518513443, -46.597863716067529 ], [ 168.548470838892257, -46.598123831959846 ], [ 168.547651899605938, -46.598376924501181 ], [ 168.546840033087761, -46.59864167532448 ], [ 168.546036836294775, -46.598920717661493 ], [ 168.545227063443605, -46.599188918126458 ], [ 168.544415659255549, -46.599454428161906 ], [ 168.543615213968366, -46.599737755033345 ], [ 168.542788135238311, -46.599976059358347 ], [ 168.54196997071071, -46.600230348907608 ], [ 168.541140786621924, -46.600466723542191 ], [ 168.540339129780932, -46.600750704130455 ], [ 168.539523208545091, -46.60101001441231 ], [ 168.538688851388855, -46.601237438395621 ], [ 168.537849732726926, -46.60145662512258 ], [ 168.537023617779113, -46.601698300706282 ], [ 168.536202245803452, -46.60194817837246 ], [ 168.535353022590698, -46.602149881990734 ], [ 168.53450460831877, -46.602348818849087 ], [ 168.533697469239115, -46.602610759963284 ], [ 168.532851170856475, -46.602805374515242 ], [ 168.532011133830053, -46.603023926038695 ], [ 168.531174609070291, -46.603249651493392 ], [ 168.530330820382517, -46.603460537221238 ], [ 168.529489907381247, -46.603677296397578 ], [ 168.528657000498185, -46.60391041050422 ], [ 168.527821194707997, -46.604137601883707 ], [ 168.526976583420918, -46.604346802924525 ], [ 168.526121039697927, -46.604533667025024 ], [ 168.525281902227164, -46.604754048500531 ], [ 168.524437699761876, -46.604937036980807 ], [ 168.523601562529052, -46.605138050582745 ], [ 168.522764125686734, -46.605372161750886 ], [ 168.521908520499096, -46.60556218013518 ], [ 168.52104009713608, -46.605718183135494 ], [ 168.520193308964082, -46.605931599009637 ], [ 168.519326151496983, -46.606090959455464 ], [ 168.518456663638602, -46.606244133582621 ], [ 168.517607622649933, -46.606451571501083 ], [ 168.516746802805073, -46.606626820021184 ], [ 168.515889155996774, -46.606776810305071 ], [ 168.515028933851369, -46.606929250575497 ], [ 168.514155015236184, -46.607076281246322 ], [ 168.513281571726679, -46.607225198063361 ], [ 168.512391816257093, -46.607309398409633 ], [ 168.511520067580022, -46.607465039811629 ], [ 168.510628107673625, -46.607540487870708 ], [ 168.50976806775634, -46.607742590536589 ], [ 168.508887076289255, -46.607854625704945 ], [ 168.50801000124082, -46.607973636362331 ], [ 168.507124996273035, -46.608066780134649 ], [ 168.506250984004254, -46.608226819376441 ], [ 168.505360235850787, -46.608303366440602 ], [ 168.504485863973173, -46.608461617866013 ], [ 168.503594774470912, -46.608536458793338 ], [ 168.502709212180719, -46.608638876423569 ], [ 168.501826404445524, -46.608755278416588 ], [ 168.500940585075909, -46.608860046844804 ], [ 168.500056399417218, -46.608971484691658 ], [ 168.4991807876454, -46.609120271668544 ], [ 168.498292443568516, -46.609208686731691 ], [ 168.49741637707524, -46.609288145205284 ], [ 168.496541495290643, -46.609395513117434 ], [ 168.495645255080802, -46.609455069199271 ], [ 168.494747006310718, -46.609478386937184 ], [ 168.493848656331835, -46.609506276561397 ], [ 168.492951050723491, -46.609500480106803 ], [ 168.492052619559274, -46.60953203076388 ], [ 168.491156068344168, -46.609530000061611 ], [ 168.490267138891568, -46.609430369323881 ], [ 168.489369402654518, -46.609428615022395 ], [ 168.488473718648834, -46.609387938233425 ], [ 168.487576217937544, -46.609367420850333 ], [ 168.486677867507694, -46.6093563298394 ], [ 168.485780344343993, -46.609336063536283 ], [ 168.484879523202409, -46.609352369419639 ], [ 168.483980738382797, -46.609346090129485 ], [ 168.483081468901105, -46.609345181837909 ], [ 168.482183373889058, -46.609358581090959 ], [ 168.481282344906106, -46.609370682335701 ], [ 168.480392725056333, -46.609288859534637 ], [ 168.479492864812784, -46.609268161027252 ], [ 168.478584590276739, -46.609299134940997 ], [ 168.477684147381751, -46.609282004106582 ], [ 168.476779365519803, -46.609291513052931 ], [ 168.475879712611601, -46.60926952197692 ], [ 168.474992955389439, -46.609168352111837 ], [ 168.474110152885174, -46.609042910700708 ], [ 168.473225334819176, -46.608941501080331 ], [ 168.472333808695851, -46.608881592052619 ], [ 168.471432704346739, -46.608845084693989 ], [ 168.470540714449328, -46.60876933704251 ], [ 168.469653095972831, -46.608676449025431 ], [ 168.468774127725482, -46.608549647047262 ], [ 168.467879084813063, -46.608485869539706 ], [ 168.466991046876615, -46.608394628424527 ], [ 168.466101431679391, -46.60830957104281 ], [ 168.465208773573465, -46.608240212246372 ], [ 168.464318302580097, -46.608156942597553 ], [ 168.463429650945415, -46.608058781222987 ], [ 168.462551871310694, -46.607928962821454 ], [ 168.461655040650442, -46.607853626036501 ], [ 168.460793846449661, -46.607676377694709 ], [ 168.459899741159148, -46.607593244522739 ], [ 168.459021691230561, -46.607464198564763 ], [ 168.458145234211145, -46.607330598084587 ], [ 168.457270761593946, -46.607191324095353 ] ] } },
{ "type": "Feature", "properties": { "group_id": "nzd0550" }, "geometry": { "type": "LineString", "coordinates": [ [ 168.821217723659373, -46.600651689188581 ], [ 168.820480276211271, -46.600298589699236 ], [ 168.819658942253767, -46.600037593175571 ], [ 168.818824185235798, -46.599791331736164 ], [ 168.818040809601712, -46.599488653917113 ], [ 168.817308760215212, -46.599129621786766 ], [ 168.816561140205238, -46.598787683968474 ], [ 168.815953451112307, -46.598292112547369 ], [ 168.815220651777707, -46.597933901587083 ], [ 168.814420364185054, -46.597649785228434 ], [ 168.813578571906646, -46.597411234219493 ], [ 168.812826778685803, -46.597073872017269 ], [ 168.812032266521044, -46.596783408411561 ], [ 168.811215134577139, -46.596517776031213 ], [ 168.810380547387211, -46.596271304216714 ], [ 168.809583591838532, -46.595983516096219 ] ] } },
{ "type": "Feature", "properties": { "group_id": "nzd0551" }, "geometry": { "type": "LineString", "coordinates": [ [ 168.456789823328364, -46.607131911920071 ], [ 168.455896870199609, -46.607070183969498 ], [ 168.455004379882268, -46.607002986122694 ], [ 168.45410306666281, -46.606990757229944 ], [ 168.453212045289746, -46.606915867349954 ], [ 168.452303043835741, -46.606950456942982 ], [ 168.451412025056158, -46.606876795762659 ], [ 168.45051345713145, -46.606860922003939 ], [ 168.449626055075186, -46.606760756420066 ], [ 168.448714794971778, -46.606812766963301 ], [ 168.447815281809255, -46.606791257478363 ], [ 168.446921170060818, -46.606776809441712 ], [ 168.446025501376909, -46.60680407649852 ], [ 168.445123619140304, -46.606779658814141 ], [ 168.444216365213009, -46.606796611872838 ], [ 168.443332669206342, -46.606712192171187 ], [ 168.442444971809778, -46.606723976688109 ], [ 168.441546618515247, -46.606762061067442 ], [ 168.440647611970576, -46.60678096757723 ], [ 168.439749048910414, -46.606836350363231 ], [ 168.438851704302238, -46.606816151215988 ], [ 168.437959036094554, -46.606908905790263 ], [ 168.437073682027943, -46.606950123731494 ], [ 168.436173878492667, -46.606933960578004 ], [ 168.435274765027913, -46.606961204867439 ], [ 168.434376893950684, -46.606954399373279 ], [ 168.433480651942801, -46.606968963735568 ], [ 168.432587880813116, -46.60693694425035 ], [ 168.431700277216976, -46.606844959069178 ], [ 168.430832636434246, -46.606695579043354 ], [ 168.429989490546546, -46.606481532641929 ], [ 168.42912621567055, -46.606342692095019 ], [ 168.428364248741786, -46.606074171105099 ], [ 168.427603560195394, -46.605816861245025 ], [ 168.426802963292147, -46.605551176675412 ], [ 168.425988308394949, -46.605312315553661 ], [ 168.425225097241395, -46.605043837233289 ], [ 168.424418252734483, -46.604791156659189 ], [ 168.42361833682213, -46.604538483587689 ], [ 168.422880457277245, -46.604309294264638 ], [ 168.422139020893013, -46.604040322096743 ], [ 168.421392596763837, -46.603726181377901 ], [ 168.420671303967339, -46.603369586505025 ], [ 168.419980358080892, -46.602982647891515 ], [ 168.419308432864796, -46.602591363650411 ], [ 168.418616255606594, -46.602149434321021 ], [ 168.417916735282148, -46.601738090634008 ], [ 168.417204008342111, -46.601371621633675 ], [ 168.41637825646049, -46.601068882109097 ], [ 168.415560365298688, -46.600766392223136 ], [ 168.414709623928559, -46.600495318337074 ], [ 168.413837486068616, -46.600275393207603 ], [ 168.412995100822457, -46.600029659054542 ], [ 168.412174529311557, -46.599765490183614 ], [ 168.411348951629037, -46.599516066778875 ], [ 168.410549014129316, -46.599232598100343 ], [ 168.409753356983316, -46.598939898234711 ], [ 168.408964198033061, -46.598644339326434 ], [ 168.408124056761125, -46.598394759896706 ], [ 168.407321912579846, -46.598085229114055 ], [ 168.406492651051195, -46.597837451899899 ], [ 168.40566739660224, -46.597584854811998 ], [ 168.404779031124434, -46.59741766369708 ], [ 168.403904054099229, -46.597242363695599 ], [ 168.403023724349822, -46.597079716500538 ], [ 168.402109602323833, -46.596946512200169 ], [ 168.401236975627569, -46.596758523978956 ], [ 168.400383571856736, -46.596612865276278 ], [ 168.399525333261181, -46.596433399404532 ], [ 168.398648328702137, -46.596237758136091 ], [ 168.397789213843652, -46.596071204354701 ], [ 168.396937977418304, -46.595920496403167 ], [ 168.396041427039819, -46.595809430923168 ], [ 168.395126694722421, -46.595725544703498 ], [ 168.394240564238572, -46.595588163926593 ], [ 168.393351819224478, -46.595476409027668 ], [ 168.392496247093078, -46.595317066937831 ], [ 168.391608004251196, -46.595226062998414 ], [ 168.390709972297287, -46.595122271874061 ], [ 168.389828744982879, -46.594984016373196 ], [ 168.388972303983849, -46.594842397422553 ], [ 168.388085605399766, -46.59480983298171 ], [ 168.387206762431049, -46.594616138059031 ], [ 168.386262422274712, -46.594629800967304 ], [ 168.385346664186244, -46.594690103055136 ], [ 168.384436300258955, -46.594716695623227 ], [ 168.383530275386903, -46.594783572106763 ], [ 168.382646398199739, -46.594865426963239 ], [ 168.38175831764255, -46.594956088321943 ], [ 168.380859613735737, -46.594993083866534 ], [ 168.379966180573319, -46.595053806047495 ], [ 168.37906740122321, -46.595163534556306 ], [ 168.378160888128235, -46.595249602129982 ], [ 168.377306582275565, -46.59547933601354 ], [ 168.376435134283383, -46.595650033561363 ], [ 168.375601230737942, -46.595897531410145 ], [ 168.374756556530912, -46.59614388335789 ], [ 168.373954678605344, -46.596474694625755 ], [ 168.373187951745422, -46.596838349772376 ], [ 168.372502347586504, -46.597238643098386 ], [ 168.371854050920547, -46.597664308308715 ], [ 168.371214308024832, -46.598120506423911 ], [ 168.370678530172086, -46.598621253238022 ], [ 168.37019130322679, -46.599145471135024 ], [ 168.369826275945087, -46.599712746682542 ] ] } },
{ "type": "Feature", "properties": { "group_id": "nzd0553" }, "geometry": { "type": "LineString", "coordinates": [ [ 168.832169801523406, -46.613531317224201 ], [ 168.832355459243189, -46.612909458030984 ], [ 168.832555436152177, -46.612229055172833 ], [ 168.832664770342262, -46.611553447663226 ], [ 168.832677032249251, -46.610925557875419 ], [ 168.832524231543402, -46.610261960970632 ], [ 168.832199524950312, -46.609628893468077 ], [ 168.831911304937478, -46.609026643153719 ], [ 168.831555268057343, -46.608460469792512 ] ] } },
{ "type": "Feature", "properties": { "group_id": "nzd0554" }, "geometry": { "type": "LineString", "coordinates": [ [ 169.379184826572413, -46.607741666667188 ], [ 169.378330589201852, -46.607931714429853 ], [ 169.37751115343076, -46.608198833163534 ], [ 169.376607010330588, -46.608278355365826 ], [ 169.37580532334681, -46.608584783006798 ], [ 169.37498422906441, -46.608848231743622 ] ] } },
{ "type": "Feature", "properties": { "group_id": "nzd0556" }, "geometry": { "type": "LineString", "coordinates": [ [ 169.2685191376749, -46.624537584104516 ], [ 169.267816359071844, -46.624925729362573 ], [ 169.267042733742471, -46.625263880058654 ], [ 169.266341879716578, -46.625653374629906 ], [ 169.265523755386369, -46.625960116264096 ], [ 169.264889752924944, -46.626396774380801 ], [ 169.264140493753274, -46.626752099913531 ], [ 169.263494455954628, -46.62718025772859 ], [ 169.262914871776786, -46.627655304023065 ], [ 169.262357159300507, -46.628145780331558 ], [ 169.261920648557577, -46.62872177766598 ], [ 169.261455772969157, -46.629277756090723 ], [ 169.260868950032943, -46.629747680749894 ] ] } },
{ "type": "Feature", "properties": { "group_id": "nzd0557" }, "geometry": { "type": "LineString", "coordinates": [ [ 169.130732867808092, -46.640956856820416 ], [ 169.129897590269167, -46.64119379628103 ], [ 169.12900444492783, -46.641290849140631 ], [ 169.128133048200198, -46.64144047258393 ], [ 169.127231311895287, -46.641516746933675 ], [ 169.126371414298603, -46.641694163120157 ], [ 169.125503191527997, -46.641851450763482 ], [ 169.124631208451376, -46.641999644793017 ], [ 169.123776051546059, -46.64218851790767 ], [ 169.122886080065939, -46.642293214447584 ], [ 169.121991824542278, -46.642387547394705 ], [ 169.121102301639439, -46.642493317953189 ], [ 169.120228534790641, -46.642637182234189 ], [ 169.119367644316753, -46.642812179951484 ], [ 169.118553711981917, -46.643100728711794 ], [ 169.11775104106934, -46.643416513993976 ], [ 169.116846666557194, -46.643694106118886 ], [ 169.115796041850558, -46.643917499495203 ], [ 169.114829602643709, -46.644179939433869 ], [ 169.114017555229736, -46.644453111863946 ], [ 169.113222626595842, -46.644744380632225 ], [ 169.112472281229969, -46.645082785650359 ], [ 169.111753447073653, -46.645454506439215 ], [ 169.111055120909015, -46.645847909424546 ], [ 169.110369347815748, -46.646254583799291 ], [ 169.109662173594415, -46.646638627739065 ], [ 169.108980840237621, -46.64704999328616 ], [ 169.108116154621655, -46.647458047213682 ], [ 169.107274196075565, -46.64807677340611 ], [ 169.106552867269329, -46.648653163589088 ], [ 169.105928098387096, -46.649112516022953 ], [ 169.105313082284113, -46.649576004895316 ], [ 169.105012154652684, -46.650172886817174 ], [ 169.104565892385239, -46.650708037504813 ], [ 169.104211793941829, -46.651328185720722 ], [ 169.103697335300325, -46.652098292465581 ], [ 169.102991676505212, -46.652831923559738 ], [ 169.102679156781477, -46.653418648222868 ], [ 169.102473368223599, -46.654019132839807 ], [ 169.102463601113129, -46.654644894742432 ], [ 169.102390603147768, -46.655262493746072 ], [ 169.102259932385209, -46.655937296477795 ], [ 169.102144453687487, -46.656691733962312 ], [ 169.102271032918736, -46.657389614153672 ], [ 169.1024181948641, -46.65800705489881 ], [ 169.102650844479456, -46.658625180309905 ], [ 169.102953625388523, -46.65940287801444 ], [ 169.103403766648682, -46.660397352456904 ], [ 169.104317326150181, -46.661032632383929 ], [ 169.105191552498241, -46.661314984296183 ] ] } },
{ "type": "Feature", "properties": { "group_id": "nzd0558" }, "geometry": { "type": "LineString", "coordinates": [ [ 168.845767427289104, -46.655293839544875 ], [ 168.846017330102143, -46.654701977654454 ], [ 168.846030621423694, -46.654020552077071 ], [ 168.8460236002675, -46.653357007356014 ], [ 168.845893059929779, -46.652719981709687 ], [ 168.845639322891998, -46.652089152859631 ], [ 168.845302034384645, -46.651452197579978 ], [ 168.844739654257666, -46.650934717375776 ], [ 168.844180764088804, -46.650448070011144 ], [ 168.843634309008962, -46.649923349489264 ], [ 168.843012969641819, -46.649417830579935 ], [ 168.842294315977995, -46.649004448975425 ], [ 168.841553024470528, -46.648564121142883 ], [ 168.840785642196977, -46.648118093436466 ], [ 168.83998289226065, -46.647841857330448 ], [ 168.839170652958416, -46.64756030407775 ], [ 168.838357900746416, -46.647279118299664 ], [ 168.837514365066255, -46.647062702620957 ], [ 168.836756493319882, -46.646720099739696 ], [ 168.836138520016476, -46.646541850525317 ], [ 168.835722692247657, -46.646356066464222 ], [ 168.835197943262386, -46.645858903839205 ], [ 168.834566138739859, -46.645296212900064 ], [ 168.833765942988634, -46.644909764453651 ], [ 168.832917029157954, -46.644525946618465 ], [ 168.832059640014847, -46.64420100454344 ], [ 168.831306824807911, -46.643861388174145 ] ] } },
{ "type": "Feature", "properties": { "group_id": "nzd0559" }, "geometry": { "type": "LineString", "coordinates": [ [ 168.946518708833224, -46.658165312834932 ], [ 168.94556375960974, -46.658282616811064 ], [ 168.944727839861969, -46.658019560216921 ], [ 168.943824126778367, -46.657973132125832 ], [ 168.942886574823405, -46.658034819270348 ], [ 168.941990887600724, -46.657962734921291 ], [ 168.941111135577444, -46.657839736335639 ], [ 168.940215707834199, -46.657716486465759 ], [ 168.93929936131849, -46.657661742666875 ], [ 168.938387509011562, -46.657657900292953 ], [ 168.937477879738964, -46.65766126278195 ], [ 168.93658907808836, -46.657573965609473 ], [ 168.935743767145112, -46.657297385300815 ], [ 168.934842462298292, -46.657159920958591 ], [ 168.933914418540979, -46.65716892265322 ], [ 168.932987608416056, -46.657335111867923 ], [ 168.932063868195058, -46.657484007217533 ], [ 168.931147490229165, -46.657582028287095 ], [ 168.930240086877433, -46.657618054037513 ], [ 168.929354853920756, -46.65750098489049 ], [ 168.928477758710528, -46.657327741752674 ], [ 168.927593127032509, -46.657206549357319 ], [ 168.926695258324941, -46.657176748815644 ], [ 168.925788014594161, -46.657211660176209 ], [ 168.924871945163176, -46.657307476093713 ], [ 168.923973370450824, -46.657282489398973 ], [ 168.865734219226312, -46.657913263554619 ], [ 168.864906012398649, -46.658177114312394 ], [ 168.864061809360123, -46.658398121989002 ], [ 168.863198308674868, -46.658496574007728 ], [ 168.862477195585967, -46.658803956194092 ], [ 168.861665274123652, -46.658960243335102 ], [ 168.860783276622101, -46.65911995585877 ], [ 168.859904737448034, -46.659309408845147 ], [ 168.859018743944262, -46.659434809939867 ], [ 168.858123736781295, -46.65948273604446 ], [ 168.85722965586811, -46.659538620726686 ], [ 168.856350712091057, -46.659724653047164 ], [ 168.855483217793847, -46.659917702499101 ], [ 168.854599683900972, -46.65940405953824 ], [ 168.853704771561127, -46.659340995118257 ], [ 168.852805874282922, -46.659473306198201 ], [ 168.851904046519138, -46.659940353648153 ] ] } },
{ "type": "Feature", "properties": { "group_id": "nzd0560" }, "geometry": { "type": "LineString", "coordinates": [ [ 169.056312807682957, -46.665443992130001 ], [ 169.055689888015138, -46.664998551693905 ], [ 169.054984247387665, -46.66460104801876 ], [ 169.054612529137728, -46.664010016500455 ], [ 169.05402329459659, -46.663520902484997 ], [ 169.053351269678274, -46.663021953190395 ], [ 169.052454243877861, -46.662740091526729 ], [ 169.051974034536983, -46.662143368921534 ], [ 169.051196222616369, -46.661830226175667 ], [ 169.050406110308046, -46.661528801495898 ], [ 169.049473868143707, -46.661278332801999 ], [ 169.048601694982096, -46.660947029183987 ], [ 169.047642276630285, -46.660886927885841 ], [ 169.046731308051108, -46.660796812704945 ], [ 169.04586917886266, -46.66061900287189 ], [ 169.044959483717861, -46.660505890695227 ], [ 169.0440488711032, -46.660321242100565 ], [ 169.043095145040382, -46.660254013746489 ], [ 169.042201351336132, -46.660341964121841 ], [ 169.041303172398671, -46.660345205123818 ], [ 169.040406245496115, -46.660372624969703 ], [ 169.039506737464677, -46.660350144732149 ], [ 169.038586022470469, -46.660370947123468 ], [ 169.037668245572121, -46.660468942076754 ], [ 169.036782483109704, -46.660609699482769 ], [ 169.035915802482862, -46.660809312104575 ], [ 169.035043416075496, -46.660979889136328 ], [ 169.034146226673499, -46.661106442592171 ], [ 169.033224482330667, -46.661180977467126 ], [ 169.032340746065017, -46.661323871256954 ], [ 169.031515349126835, -46.661582589079572 ], [ 169.030688250351176, -46.661837285163884 ] ] } },
{ "type": "Feature", "properties": { "group_id": "nzd0561" }, "geometry": { "type": "LineString", "coordinates": [ [ 168.530317171249663, -46.777125649212664 ], [ 168.529286283845039, -46.776318115832836 ], [ 168.52837998140501, -46.776483967323621 ], [ 168.527485426296977, -46.776736654308337 ], [ 168.526633382966679, -46.777061836881998 ], [ 168.525851152651626, -46.777426986239348 ], [ 168.525124630746859, -46.77783512168547 ], [ 168.524457676430899, -46.778300507767391 ], [ 168.523861071524209, -46.778806191117617 ], [ 168.523387941498811, -46.779344191248441 ] ] } },
{ "type": "Feature", "properties": { "group_id": "nzd0562" }, "geometry": { "type": "LineString", "coordinates": [ [ 174.921584487500212, -36.878680777074081 ], [ 174.920718990706547, -36.878487215240924 ], [ 174.919986412139906, -36.878128304432764 ], [ 174.919356508679471, -36.877601156241077 ], [ 174.918614108963965, -36.877123204408399 ], [ 174.917967499780872, -36.876573732748348 ], [ 174.917318987689896, -36.876025684981947 ], [ 174.916704229206829, -36.875452438555293 ], [ 174.916097662222114, -36.874878436267345 ], [ 174.915384017115088, -36.8741907119649 ], [ 174.914717778404878, -36.873471488584457 ], [ 174.914091895713796, -36.872729531454681 ], [ 174.913436207650477, -36.872001451539695 ], [ 174.912938390777043, -36.871357525201468 ], [ 174.912447854274859, -36.87071314476151 ], [ 174.912013141755153, -36.870044429233289 ], [ 174.911616336860675, -36.869357853580155 ], [ 174.911145000527, -36.868773210562026 ], [ 174.9108228002967, -36.868130272152577 ] ] } },
{ "type": "Feature", "properties": { "group_id": "nzd0563" }, "geometry": { "type": "LineString", "coordinates": [ [ 176.93765102117473, -39.335980503956058 ], [ 176.937032586441518, -39.337881696524697 ], [ 176.93564551253391, -39.336520550102463 ] ] } },
{ "type": "Feature", "properties": { "group_id": "nzd0564" }, "geometry": { "type": "LineString", "coordinates": [ [ 173.324048261865187, -41.202170613742091 ], [ 173.324826699105529, -41.201753726939032 ], [ 173.325635032495853, -41.201369800603054 ], [ 173.326412028273666, -41.200975501670868 ], [ 173.327161679921545, -41.200529712742615 ], [ 173.327914609254975, -41.200087066972436 ], [ 173.328721752541924, -41.199680268493587 ], [ 173.329460493187611, -41.199219511524042 ], [ 173.330189214108884, -41.198747570382473 ], [ 173.330997634027341, -41.198338112570625 ], [ 173.331807671083055, -41.197957340872158 ], [ 173.332643804277239, -41.197654410771804 ], [ 173.33341636891268, -41.197231328219445 ], [ 173.334239388424407, -41.196858393052779 ], [ 173.335128291889163, -41.196480091206844 ], [ 173.336026529110569, -41.196237223904077 ], [ 173.336949194149781, -41.196049233464827 ], [ 173.337848669789992, -41.195819588258196 ], [ 173.338756805597797, -41.195597434564348 ], [ 173.339625588666536, -41.195357297725643 ], [ 173.340496592397244, -41.195061126505053 ], [ 173.341351376462882, -41.194741230144842 ], [ 173.342184008544677, -41.19438786388276 ], [ 173.342983885575848, -41.194024885406492 ], [ 173.343805108726627, -41.193657490375095 ], [ 173.344591561883703, -41.193248655152971 ], [ 173.34535766684877, -41.192847971139855 ], [ 173.34612244707813, -41.192416307307738 ], [ 173.346866553642769, -41.191965231237752 ], [ 173.347630333461694, -41.191521912168746 ], [ 173.348364502807755, -41.191056329564411 ], [ 173.349159038133507, -41.190657132419865 ], [ 173.349959661624752, -41.190264638147184 ], [ 173.350762759112513, -41.189875374767716 ], [ 173.351541672471683, -41.189459157985645 ], [ 173.352368768684329, -41.189075140744066 ], [ 173.353186534483513, -41.188702750603518 ], [ 173.354016424403341, -41.188347050764975 ], [ 173.354845400340537, -41.188005457285044 ], [ 173.355670186790803, -41.187642999804609 ], [ 173.356491637424028, -41.187276659105791 ], [ 173.357333022233604, -41.186935534543508 ], [ 173.358167860322027, -41.186576673891423 ], [ 173.358990692196016, -41.186211190839074 ], [ 173.359790311905272, -41.185813341196756 ], [ 173.360578631338086, -41.185466769686627 ], [ 173.361411662076449, -41.185103897388657 ], [ 173.362180014541735, -41.18467670879042 ], [ 173.362888840736701, -41.184207700166404 ], [ 173.363627973871786, -41.183750907887756 ], [ 173.364367213421019, -41.183294085089358 ] ] } },
{ "type": "Feature", "properties": { "group_id": "nzd0565" }, "geometry": { "type": "LineString", "coordinates": [ [ 173.018236763212428, -41.019440869607067 ], [ 173.018254115760243, -41.018712271928067 ], [ 173.0186470022729, -41.018008613139095 ] ] } },
{ "type": "Feature", "properties": { "group_id": "nzd0566" }, "geometry": { "type": "LineString", "coordinates": [ [ 173.479732684108171, -41.156948128653681 ], [ 173.478803832521265, -41.157117392275026 ], [ 173.477873195107037, -41.157278891704664 ], [ 173.476947528683979, -41.157436972483339 ], [ 173.476017777983742, -41.157597145070831 ], [ 173.475075823547627, -41.157717223605296 ], [ 173.474142535994673, -41.157866566001609 ], [ 173.473207559637416, -41.158008943061198 ], [ 173.472269945619615, -41.158140024695719 ], [ 173.471339083873289, -41.158292748688993 ], [ 173.470399515390426, -41.158415057197836 ], [ 173.469455724748144, -41.158524669199522 ] ] } },
{ "type": "Feature", "properties": { "group_id": "nzd0567" }, "geometry": { "type": "LineString", "coordinates": [ [ 173.02263509672153, -41.033264578720619 ], [ 173.021630601491779, -41.032964482705729 ] ] } },
{ "type": "Feature", "properties": { "group_id": "nzd0568" }, "geometry": { "type": "LineString", "coordinates": [ [ 173.019907610169696, -41.026912088736736 ], [ 173.019483679179928, -41.026266641808007 ], [ 173.019076453124825, -41.025616625824902 ], [ 173.018759946361513, -41.025005120152223 ] ] } },
{ "type": "Feature", "properties": { "group_id": "nzd0569" }, "geometry": { "type": "LineString", "coordinates": [ [ 172.761324804634597, -40.787061497536406 ], [ 172.76038939826023, -40.786903549142046 ], [ 172.759518921637039, -40.786615847671222 ], [ 172.758635546868561, -40.786353929512423 ], [ 172.757775458314455, -40.786045486093293 ], [ 172.756942970793858, -40.785756149071304 ], [ 172.756123798604364, -40.785393411566602 ], [ 172.75528266675704, -40.785059796134199 ], [ 172.754467474781251, -40.784691235273236 ], [ 172.753683952621628, -40.784338782725797 ], [ 172.752959624214697, -40.783873580970806 ], [ 172.752231452013802, -40.783412137079289 ], [ 172.751542930252214, -40.782943167704033 ], [ 172.750913753085143, -40.782403609063557 ], [ 172.750220255475284, -40.781909951073409 ], [ 172.749628382161774, -40.781343616898546 ], [ 172.748982557942469, -40.780815973107849 ], [ 172.748326935376639, -40.780304000568279 ], [ 172.747592694651814, -40.779835121262991 ], [ 172.746899571926519, -40.779338754151603 ], [ 172.74632146863425, -40.778765492297524 ], [ 172.745721611073549, -40.778210966235655 ], [ 172.745168106090148, -40.777624824776218 ], [ 172.744528440976211, -40.77709067919853 ], [ 172.74393234599961, -40.776530244352514 ], [ 172.74337409108756, -40.775946978396028 ] ] } },
{ "type": "Feature", "properties": { "group_id": "nzd0570" }, "geometry": { "type": "LineString", "coordinates": [ [ 173.088480325755484, -41.234952644246853 ], [ 173.087946525731411, -41.234354071909351 ], [ 173.087491996070781, -41.233719724796146 ], [ 173.086997001723432, -41.233103464881417 ], [ 173.086495830594089, -41.23249600495739 ], [ 173.086069983664459, -41.231850876548322 ], [ 173.085702703730107, -41.231192730505519 ], [ 173.085308245699792, -41.230536488330721 ], [ 173.084983491326511, -41.22985998605477 ], [ 173.084585966839143, -41.229204473688782 ], [ 173.084207663120651, -41.228542926148606 ], [ 173.083802497720427, -41.227895412763047 ], [ 173.083427121205204, -41.227231082530473 ], [ 173.083119014178095, -41.226551469036643 ], [ 173.082980191882569, -41.225843338729767 ], [ 173.083072943127576, -41.225109705800669 ], [ 173.083527422296697, -41.224474773452805 ], [ 173.083779641426361, -41.223897816225431 ], [ 173.083688778736018, -41.223171742520819 ], [ 173.083375300690051, -41.2224930945547 ], [ 173.08314756316588, -41.221799857244321 ], [ 173.083062781418448, -41.221080184257481 ], [ 173.083181772732189, -41.220353598517256 ], [ 173.083398004744453, -41.219665761989006 ], [ 173.083317315171286, -41.21894682418872 ], [ 173.083262066601918, -41.218224843533065 ], [ 173.083393930742432, -41.217501070287206 ], [ 173.083515477143521, -41.216796527798024 ], [ 173.083590122410726, -41.216058798839065 ], [ 173.083920616794046, -41.215377735813163 ], [ 173.084162338861404, -41.214680387512189 ], [ 173.084534836383227, -41.213978205083293 ], [ 173.085356880618519, -41.213475970017377 ] ] } },
{ "type": "Feature", "properties": { "group_id": "nzd0571" }, "geometry": { "type": "LineString", "coordinates": [ [ 172.875649523265565, -40.833409506760418 ], [ 172.874701109514206, -40.833387174130365 ], [ 172.873747719029666, -40.833356267681722 ], [ 172.872798885737296, -40.833376248584038 ], [ 172.871850039448248, -40.83337259692577 ], [ 172.870920725524854, -40.83330496567978 ], [ 172.869975401457936, -40.833239836312373 ], [ 172.869047981588125, -40.833169233686768 ], [ 172.868096991686969, -40.83313111435131 ], [ 172.867174192199997, -40.832936891852071 ], [ 172.866231621758544, -40.832918126199772 ], [ 172.86530997268548, -40.832743008438072 ], [ 172.86439504414767, -40.83256163632737 ], [ 172.863454546367421, -40.832455403516569 ], [ 172.862506848561424, -40.832374110650107 ], [ 172.861627369121294, -40.832014669524511 ], [ 172.860698799156864, -40.831865709469142 ] ] } },
{ "type": "Feature", "properties": { "group_id": "nzd0572" }, "geometry": { "type": "LineString", "coordinates": [ [ 173.068554483223181, -41.190694776791872 ], [ 173.068162357932806, -41.190027189125345 ], [ 173.067625460619922, -41.189435623543261 ], [ 173.06731853250713, -41.188773866078918 ], [ 173.066975930311514, -41.188100000859855 ], [ 173.066697719464344, -41.187410460019237 ], [ 173.066638278240902, -41.186667920626832 ], [ 173.066394693101472, -41.186010906620332 ], [ 173.066110356958234, -41.185326072881601 ], [ 173.06587649918194, -41.184625130555254 ], [ 173.065872309500321, -41.183845564835721 ], [ 173.065204159150767, -41.183304782260151 ] ] } },
{ "type": "Feature", "properties": { "group_id": "nzd0573" }, "geometry": { "type": "LineString", "coordinates": [ [ 173.064548855127072, -41.182736090557981 ], [ 173.063879681520149, -41.182219355806446 ], [ 173.063308815157654, -41.181640684761312 ], [ 173.062702557074601, -41.18109119791054 ], [ 173.062133162199132, -41.180512873469134 ], [ 173.061595687891753, -41.179922483400851 ], [ 173.061063631415635, -41.179298892623038 ], [ 173.0604594783224, -41.178753390467556 ], [ 173.059826427862077, -41.178213534853704 ], [ 173.059241106818916, -41.17765776616978 ], [ 173.058615240438684, -41.177097268585236 ], [ 173.05798244399665, -41.176538677705736 ], [ 173.057275595774797, -41.176053426609407 ], [ 173.056663146359796, -41.175492250835418 ], [ 173.055963724880939, -41.17499133664203 ], [ 173.055236517469609, -41.174500491759652 ], [ 173.054550813762205, -41.174057271412906 ], [ 173.053894289080773, -41.173527539369339 ], [ 173.053257925153247, -41.173038642773037 ], [ 173.052735629983488, -41.172429136934639 ], [ 173.052256684119214, -41.171829251134362 ], [ 173.051777842496563, -41.171201281564684 ], [ 173.051503807527411, -41.170443732603829 ], [ 173.051410406795071, -41.169565224059127 ], [ 173.05074928859284, -41.16901947725826 ] ] } },
{ "type": "Feature", "properties": { "group_id": "nzd0575" }, "geometry": { "type": "LineString", "coordinates": [ [ 173.187371337908047, -41.276192794379348 ], [ 173.186715760233426, -41.275653437584268 ], [ 173.185937833648978, -41.275234541719819 ], [ 173.185088308509535, -41.274775038091533 ], [ 173.184224154897294, -41.274457183432482 ], [ 173.183177200947085, -41.274360088140391 ], [ 173.182353226506478, -41.273994965105125 ], [ 173.181549098426473, -41.273556966934024 ], [ 173.180638200020837, -41.27331489116785 ], [ 173.179745717155896, -41.273046666427376 ], [ 173.178920826052149, -41.272681948023681 ], [ 173.178091179325804, -41.272324109635818 ], [ 173.177199532078276, -41.272024559141492 ], [ 173.176334832753838, -41.271716889894464 ], [ 173.175447406766381, -41.271449824425105 ], [ 173.174563190169039, -41.271177455878608 ], [ 173.173689308863516, -41.270886061072069 ], [ 173.172837876647321, -41.270558287405962 ], [ 173.171941339485358, -41.270306859655271 ], [ 173.171014985402877, -41.270107529328584 ], [ 173.170161571108423, -41.269781203784277 ], [ 173.169272988444135, -41.269515662096715 ], [ 173.168330942246939, -41.269344196310399 ], [ 173.167474086735524, -41.269020249876306 ], [ 173.166620704882916, -41.268689772639966 ], [ 173.165706726558113, -41.268473082226642 ], [ 173.164797877511404, -41.268247031831294 ], [ 173.163937217381942, -41.267930116130358 ], [ 173.163045936140264, -41.267671082809343 ], [ 173.162111954434863, -41.267492121861089 ], [ 173.161256112013547, -41.267158279504045 ], [ 173.160355249475344, -41.266918529242901 ], [ 173.159475228567203, -41.266631758214203 ], [ 173.158586801262828, -41.266363356123975 ], [ 173.15768453636116, -41.266148536967727 ], [ 173.156808998400209, -41.265858343390668 ], [ 173.155906903571235, -41.265621219411408 ], [ 173.155015527143604, -41.265362454815467 ], [ 173.154159389842931, -41.265046462575306 ], [ 173.153243563711271, -41.264832600969804 ], [ 173.152357916828748, -41.264563254043253 ], [ 173.151473458280549, -41.264291011791023 ], [ 173.150603879245551, -41.263991324621919 ], [ 173.14970484007452, -41.263747010300349 ], [ 173.148863133011389, -41.26339880358379 ], [ 173.147967294660816, -41.263147798196137 ], [ 173.147089661370472, -41.262863385310737 ], [ 173.146199479443766, -41.26260206161075 ], [ 173.14532443494312, -41.262312915276596 ], [ 173.144461827791275, -41.26200095665962 ], [ 173.143559750316513, -41.261765737319855 ], [ 173.142697269223703, -41.261454262367067 ], [ 173.141822597763706, -41.261164096909233 ], [ 173.140915093414122, -41.260934246488638 ], [ 173.140057531543249, -41.260613945920809 ], [ 173.139194781278349, -41.260302985832396 ], [ 173.138337659341886, -41.259985600268656 ], [ 173.137414853005481, -41.259781796860885 ], [ 173.136526694673051, -41.259516328229935 ], [ 173.135687960583709, -41.259163099040684 ], [ 173.134755015257838, -41.258977337436257 ], [ 173.133928048032971, -41.258627197305458 ], [ 173.133037331082363, -41.258363882036427 ], [ 173.132161480854592, -41.258075696978295 ], [ 173.131277785820373, -41.257800926636641 ], [ 173.130499763611056, -41.257424314460359 ], [ 173.129645976415333, -41.257098279255992 ], [ 173.128865679007021, -41.256678028208846 ], [ 173.128052871961472, -41.256299464301584 ], [ 173.127243182695935, -41.255916909489443 ] ] } },
{ "type": "Feature", "properties": { "group_id": "nzd0577" }, "geometry": { "type": "LineString", "coordinates": [ [ 173.020173235659911, -41.042909764956647 ], [ 173.019360144235151, -41.042453695298029 ], [ 173.018916102332184, -41.041862321821142 ], [ 173.018462375156417, -41.041223468391301 ], [ 173.018127349916909, -41.040548798595552 ] ] } }
]
}
