{
"type": "FeatureCollection",
"name": "oslr_lines_shoreline_83_shiftedqtl_2100_4.5",
"crs": { "type": "name", "properties": { "name": "urn:ogc:def:crs:OGC:1.3:CRS84" } },
"features": [
{ "type": "Feature", "properties": { "group_id": "nzd0001" }, "geometry": { "type": "LineString", "coordinates": [ [ 172.986665192275353, -34.417184743073122 ], [ 172.987269183515593, -34.416634286472231 ], [ 172.987879924850205, -34.416090828149102 ], [ 172.988461860427236, -34.415525092044767 ] ] } },
{ "type": "Feature", "properties": { "group_id": "nzd0002" }, "geometry": { "type": "LineString", "coordinates": [ [ 172.936559893302416, -34.427072299507095 ], [ 172.937458559890956, -34.427081496730956 ], [ 172.938356910090732, -34.427076239321657 ], [ 172.93925408878107, -34.427017525030017 ], [ 172.9401509944623, -34.426946386578429 ] ] } },
{ "type": "Feature", "properties": { "group_id": "nzd0003" }, "geometry": { "type": "LineString", "coordinates": [ [ 173.01239352369123, -34.422977361160179 ], [ 173.011884039558822, -34.423593548197388 ], [ 173.011435263652686, -34.424236081187246 ], [ 173.011124525076355, -34.424938525522002 ], [ 173.010667525074524, -34.42557747849316 ], [ 173.010273276534349, -34.42624366414168 ], [ 173.009924574909633, -34.42692961455267 ], [ 173.009595857584685, -34.427624233951654 ], [ 173.009241877225577, -34.428336846692886 ], [ 173.008884117565032, -34.429049064062795 ], [ 173.008625920978346, -34.429763527642251 ], [ 173.008294882737601, -34.430453806014057 ], [ 173.008020481392435, -34.431159342527238 ], [ 173.007685890457083, -34.431848651625224 ], [ 173.007385376764461, -34.432551186066895 ], [ 173.007227616115898, -34.433303324983555 ], [ 173.006954229604332, -34.434024203199876 ], [ 173.006616744468204, -34.434719477876122 ], [ 173.00641618436623, -34.435441709590378 ], [ 173.006337014760447, -34.436187839067188 ], [ 173.006112851226305, -34.436905410338177 ], [ 173.005826021180212, -34.437610635303649 ], [ 173.005661497558805, -34.438354228890695 ], [ 173.005422607770925, -34.43910054238485 ], [ 173.005409490617751, -34.439861022854807 ], [ 173.005081513830191, -34.440575223023309 ], [ 173.005223202103025, -34.44133486548467 ], [ 173.005094269889611, -34.442068313978631 ], [ 173.004897192610713, -34.442795161793363 ], [ 173.004803815875732, -34.443542052418863 ], [ 173.004621747343521, -34.444286917039179 ], [ 173.004564160670299, -34.445030011594589 ] ] } },
{ "type": "Feature", "properties": { "group_id": "nzd0004" }, "geometry": { "type": "LineString", "coordinates": [ [ 172.798675578065257, -34.454121961780622 ], [ 172.799582898117876, -34.454143485062431 ], [ 172.800480972948094, -34.454099081829568 ], [ 172.801362277237757, -34.453935111143053 ], [ 172.802249905960196, -34.453816234880108 ], [ 172.803153475818192, -34.453811000921085 ], [ 172.804043512490722, -34.453709289986982 ], [ 172.804944391560838, -34.453684864801062 ], [ 172.805831256983822, -34.453560549465379 ], [ 172.806731994555378, -34.453535108392146 ], [ 172.807620332159644, -34.453421287621687 ], [ 172.808511001788389, -34.453324088796109 ], [ 172.809394342154093, -34.453174660816771 ], [ 172.810281818299359, -34.453054709990234 ], [ 172.811165312030766, -34.452906385352165 ], [ 172.812053084826658, -34.452788555901222 ], [ 172.812933453706961, -34.452617977283232 ], [ 172.813816066203344, -34.452463391392399 ], [ 172.814721717145147, -34.452295438101238 ], [ 172.815619915902715, -34.452092504529077 ], [ 172.81650286886395, -34.451873599723967 ], [ 172.817362436646931, -34.451645093577802 ], [ 172.818206274072622, -34.451387161907753 ], [ 172.819070421092704, -34.45116721577638 ], [ 172.819905366532083, -34.450892648027484 ], [ 172.820760904212591, -34.450656593963636 ], [ 172.821635298891408, -34.450455806650076 ], [ 172.822475071528828, -34.450190261185568 ], [ 172.823333791232159, -34.449960150783603 ], [ 172.824189087040168, -34.449723634021161 ], [ 172.825010954475232, -34.449424594772012 ], [ 172.825833295343728, -34.449126439852961 ], [ 172.826666983756297, -34.448849506295296 ], [ 172.827477349398862, -34.448528952739792 ], [ 172.828295366433792, -34.448222708070183 ], [ 172.82910153593707, -34.447894305548658 ], [ 172.829898704729118, -34.447549069817306 ], [ 172.830692907941341, -34.447198287864914 ], [ 172.831495131891131, -34.446862505554954 ], [ 172.83229527450672, -34.446522830577585 ], [ 172.833076213025407, -34.446147242058821 ], [ 172.833861841428586, -34.445780424299564 ], [ 172.834655186308453, -34.445428036947163 ], [ 172.835415667718792, -34.44501419372623 ], [ 172.836185230143286, -34.44461733317177 ], [ 172.836941032538817, -34.444194741986649 ], [ 172.837708216577312, -34.443793435499572 ], [ 172.838444861325939, -34.443335021967279 ], [ 172.839201686997114, -34.442920941559208 ], [ 172.839859047266543, -34.442498460566313 ], [ 172.840513160604559, -34.442086111337183 ], [ 172.841180162219558, -34.441589564067449 ], [ 172.841877203877686, -34.441119188170823 ], [ 172.842526253829135, -34.440606992810849 ], [ 172.84318056672484, -34.440099380036351 ], [ 172.843778311770848, -34.439542475606025 ], [ 172.844429850267915, -34.439032439299908 ], [ 172.845062878252492, -34.438506271402169 ] ] } },
{ "type": "Feature", "properties": { "group_id": "nzd0005" }, "geometry": { "type": "LineString", "coordinates": [ [ 172.664508812648535, -34.468175591457452 ], [ 172.665217103578158, -34.467706964362726 ], [ 172.665881203213303, -34.467204595078279 ], [ 172.66655130166626, -34.466706801889003 ], [ 172.667168645293003, -34.466172191195795 ], [ 172.667770848252417, -34.465636067134774 ], [ 172.668104258800014, -34.464869129779068 ], [ 172.668895331173161, -34.464476338425392 ], [ 172.66980459304267, -34.464182842637761 ], [ 172.670542832894398, -34.463745653745491 ], [ 172.67071281700683, -34.46283102810699 ], [ 172.671011403139914, -34.462060295993616 ], [ 172.67128139680554, -34.461433147656159 ], [ 172.671556383972359, -34.460782714813398 ], [ 172.671982045399659, -34.460122373206346 ], [ 172.672444498954917, -34.45947310548695 ], [ 172.672829253564004, -34.458800433479595 ], [ 172.673202888873078, -34.458124407207805 ], [ 172.673610639582193, -34.457458648757836 ], [ 172.673865696778677, -34.456746902014288 ], [ 172.674182305053733, -34.456053685116551 ], [ 172.674481323687615, -34.455355165398366 ], [ 172.674779211842463, -34.454656299422567 ], [ 172.675032078401557, -34.453943869539415 ], [ 172.675338846634617, -34.453247666099806 ], [ 172.675634725667265, -34.452548177592284 ], [ 172.675870895685136, -34.451838330786593 ], [ 172.676139610491674, -34.451140986462676 ], [ 172.676291958312532, -34.450412521723791 ], [ 172.676562078779, -34.449701316819329 ], [ 172.676784570208298, -34.448982409242369 ], [ 172.676998121472025, -34.448262050717524 ], [ 172.677237747902382, -34.447545899353244 ], [ 172.677444685075812, -34.44682445943986 ], [ 172.677548261861148, -34.446086311204461 ], [ 172.677804275580627, -34.445372788952056 ], [ 172.678119249780877, -34.444668787779257 ], [ 172.67798883910072, -34.443892810258212 ], [ 172.678019267243599, -34.443144790537829 ], [ 172.67803913001265, -34.442402017937738 ], [ 172.677958149228971, -34.44164719774718 ], [ 172.678017917382817, -34.440906553371477 ] ] } },
{ "type": "Feature", "properties": { "group_id": "nzd0006" }, "geometry": { "type": "LineString", "coordinates": [ [ 173.003259550269206, -34.454909999704768 ], [ 173.003146633354277, -34.455648850814036 ], [ 173.002859119442434, -34.456384524265552 ], [ 173.002842018915032, -34.457125102311863 ], [ 173.002688117356684, -34.457863189057775 ], [ 173.002807999997088, -34.458606242009068 ], [ 173.002758448239575, -34.459335659855263 ], [ 173.002724545405727, -34.460055057116662 ], [ 173.002695758583741, -34.460786654183799 ], [ 173.002759504050971, -34.461534992669506 ], [ 173.002824644243134, -34.462288805865818 ], [ 173.002674086290313, -34.463035304977119 ], [ 173.002651699181257, -34.463782377120026 ], [ 173.002515474378896, -34.464520654113684 ] ] } },
{ "type": "Feature", "properties": { "group_id": "nzd0007" }, "geometry": { "type": "LineString", "coordinates": [ [ 173.002462077836697, -34.482222085825867 ], [ 173.002036971721679, -34.482874490137071 ], [ 173.001624193519746, -34.483532160798084 ], [ 173.001340343426335, -34.484244956847789 ], [ 173.001249750620161, -34.485075441349061 ], [ 173.001285244417261, -34.485902813786829 ], [ 173.001116028095851, -34.486656285405523 ], [ 173.001006954659942, -34.487393939536901 ], [ 173.00123013128092, -34.488144874401918 ], [ 173.001123669475305, -34.488900661288433 ], [ 173.001274314314969, -34.489641697341682 ], [ 173.001107066547462, -34.490410573563075 ], [ 173.001449112784826, -34.491117324149457 ], [ 173.001549251589154, -34.491853573975106 ], [ 173.001611814173657, -34.49259440050848 ], [ 173.001685700311981, -34.493333839395369 ], [ 173.001745841882382, -34.494074948176944 ], [ 173.001735520854481, -34.494828822587884 ], [ 173.001964147835452, -34.49555455720828 ], [ 173.001954084859534, -34.496309317898437 ], [ 173.002080767649176, -34.497042577129172 ], [ 173.002117049675405, -34.497788612459004 ], [ 173.00219047832644, -34.498531392660198 ], [ 173.002213339760118, -34.4992966045643 ], [ 173.002551254147392, -34.500009624355187 ], [ 173.002663662437669, -34.500746579010695 ], [ 173.00266355662643, -34.501502903128518 ], [ 173.002928752721317, -34.502213533621088 ], [ 173.003062871554306, -34.502946730364187 ], [ 173.003259843670975, -34.503659242913614 ], [ 173.00343890292632, -34.504316472733834 ], [ 173.003582024574001, -34.504993793077951 ], [ 173.003859883329937, -34.505720206828009 ], [ 173.003960692866201, -34.506456537859933 ], [ 173.004196733678697, -34.507265163827483 ], [ 173.004522777359682, -34.508037879048928 ] ] } },
{ "type": "Feature", "properties": { "group_id": "nzd0008" }, "geometry": { "type": "LineString", "coordinates": [ [ 172.702708275709142, -34.506610701170054 ], [ 172.70271908407355, -34.505846213384615 ], [ 172.702470035339275, -34.505134348305937 ], [ 172.702287008524735, -34.504409105482573 ], [ 172.702096745983567, -34.503678137490162 ], [ 172.701708683041005, -34.502911898899853 ], [ 172.701148853763328, -34.502234277474386 ], [ 172.700723425125062, -34.501574491378555 ], [ 172.700063650466149, -34.501053715767696 ], [ 172.699430626197426, -34.500517067227122 ], [ 172.698969947553479, -34.499878178736438 ], [ 172.698409481043399, -34.499298480194412 ], [ 172.697806665647221, -34.498743898689163 ], [ 172.697282196249176, -34.498142837968942 ], [ 172.696729082467584, -34.497553721908254 ], [ 172.696134145592907, -34.496989554396976 ], [ 172.695555736064819, -34.496420279714783 ], [ 172.694960246655597, -34.495864910273212 ], [ 172.694323167996174, -34.495337119743454 ], [ 172.693809602357817, -34.494727408561694 ], [ 172.693260539796569, -34.494141235757347 ], [ 172.692660670548548, -34.493588755110302 ], [ 172.692040989247459, -34.493045260060363 ], [ 172.691495349160874, -34.492436758571067 ], [ 172.690846725642558, -34.491919581269677 ], [ 172.690209053816517, -34.491396434723875 ], [ 172.689600982505198, -34.490845866966801 ], [ 172.688984356210852, -34.490303220831244 ], [ 172.688319791184398, -34.489801645182425 ], [ 172.687568961210616, -34.48928335006773 ], [ 172.686746305315438, -34.488812090667167 ], [ 172.685938765175536, -34.488483660924793 ], [ 172.685171120704211, -34.488074945647476 ], [ 172.684395474243843, -34.48768233500644 ] ] } },
{ "type": "Feature", "properties": { "group_id": "nzd0009" }, "geometry": { "type": "LineString", "coordinates": [ [ 172.893608586266907, -34.679029792708114 ], [ 172.89321715853643, -34.678356084584934 ], [ 172.892814466986891, -34.677688594683772 ], [ 172.892461460051123, -34.676993650257366 ], [ 172.892026463213824, -34.676343998866074 ], [ 172.891626140229192, -34.675675186088071 ], [ 172.891169896346128, -34.67503726402839 ], [ 172.890717553629742, -34.674397182028294 ], [ 172.890249344601841, -34.673765861348414 ], [ 172.889832786650459, -34.673105999491867 ], [ 172.889354728684765, -34.672480111042553 ], [ 172.888870092256582, -34.671857852559818 ], [ 172.888354560863974, -34.671252658672799 ], [ 172.887850167122679, -34.670641306808655 ], [ 172.887373972304374, -34.670014370771959 ], [ 172.8874489883151, -34.669082888696458 ], [ 172.886656390393966, -34.668630755219858 ], [ 172.885903989256065, -34.668156407654102 ], [ 172.885231706753757, -34.667637790049156 ], [ 172.884670108185077, -34.667058016003487 ], [ 172.884147013793296, -34.666456964279249 ], [ 172.883610264821414, -34.665863452014904 ], [ 172.883103763057704, -34.665253223975448 ], [ 172.882705500628987, -34.664583190280375 ], [ 172.882114314340356, -34.664019740494702 ], [ 172.881469566810011, -34.663485878024133 ], [ 172.880930449366218, -34.662893651593848 ], [ 172.880364046141239, -34.662316495646841 ], [ 172.879875339579144, -34.661696408788998 ], [ 172.879386360713994, -34.661076467822397 ], [ 172.87884616709718, -34.660484817807408 ], [ 172.878393739166995, -34.659844673816195 ], [ 172.877733991163382, -34.659290637990516 ], [ 172.877109053746693, -34.658686603051244 ], [ 172.876595168032537, -34.658043396248289 ], [ 172.87598794619862, -34.657495752845108 ], [ 172.875478623336875, -34.656885508030975 ], [ 172.87494070669203, -34.656293542168605 ], [ 172.874402376976178, -34.655701836316297 ], [ 172.873831319912398, -34.655131052458607 ], [ 172.873296977962951, -34.654536788582284 ], [ 172.872852915782175, -34.653884794972207 ], [ 172.872397008084903, -34.653240371221067 ], [ 172.871887402904065, -34.652630278018528 ], [ 172.871262635901559, -34.65209381639675 ], [ 172.870627418777502, -34.651564032440646 ], [ 172.870292888979122, -34.650841981989544 ], [ 172.869739746560015, -34.650259710540972 ], [ 172.869171060118703, -34.649687374006795 ], [ 172.8685953355008, -34.649119533637993 ], [ 172.868113802859455, -34.648491461755718 ], [ 172.867488031578944, -34.64795561356312 ], [ 172.866938932179352, -34.647370736404568 ], [ 172.866422829739776, -34.646764756533635 ], [ 172.865830495700294, -34.646207515832415 ], [ 172.865318637452333, -34.645598813972256 ], [ 172.864757969660531, -34.64502131732548 ], [ 172.864195684043494, -34.644444851017866 ], [ 172.863639634163349, -34.643864393404797 ], [ 172.863130985971992, -34.643253622572182 ], [ 172.86254791952021, -34.642690431407175 ], [ 172.861997642349252, -34.642106270338139 ], [ 172.861400761458128, -34.641551903994994 ], [ 172.86077687856843, -34.641014798767984 ], [ 172.860245236260965, -34.640418710091105 ], [ 172.859683558898212, -34.639841821934787 ], [ 172.859180057241673, -34.639227731698085 ], [ 172.858500823090367, -34.638726001887989 ], [ 172.857911584772438, -34.638166723973754 ], [ 172.857348199980237, -34.637590911068862 ], [ 172.856738179160374, -34.637044913280739 ], [ 172.856185999953937, -34.636461927246735 ], [ 172.855613637932208, -34.635891842044352 ], [ 172.855111349348533, -34.635276947594242 ], [ 172.854521682509926, -34.634717918921972 ], [ 172.853991487381677, -34.634120859777312 ], [ 172.853506804780949, -34.63349469566743 ], [ 172.852897659431619, -34.63294810930126 ], [ 172.852293185264188, -34.632398531990617 ], [ 172.851714560163828, -34.631832422601121 ], [ 172.851139565370062, -34.631263987863221 ], [ 172.850663519457243, -34.630632281041692 ], [ 172.849936565857774, -34.63016100047701 ], [ 172.849402207659807, -34.629566570380902 ], [ 172.848916256673675, -34.628941184660157 ], [ 172.848301352982588, -34.628398247019383 ], [ 172.847650903892799, -34.627862347821676 ], [ 172.847022897004393, -34.627267573797667 ], [ 172.846373078189202, -34.62670572960365 ], [ 172.845804825505638, -34.626131636131426 ], [ 172.845189788719608, -34.625592773631979 ], [ 172.844577719546891, -34.625051672533559 ], [ 172.84397695256186, -34.624502055844502 ], [ 172.843394856290587, -34.623938374150235 ], [ 172.842841074422211, -34.623353364539426 ], [ 172.842304171407335, -34.622755639429442 ], [ 172.841655141032078, -34.622242357003579 ], [ 172.841051398389823, -34.621694963531326 ], [ 172.840465523604195, -34.621134109741256 ], [ 172.839918721232266, -34.620543825959118 ], [ 172.839364716589643, -34.619958962836293 ], [ 172.838772185937074, -34.619403111100823 ], [ 172.838112136460921, -34.618898105867252 ], [ 172.837506280755548, -34.618352282361322 ], [ 172.836870648612262, -34.617828880545893 ], [ 172.836276825130312, -34.617273988128623 ], [ 172.835725108133431, -34.616687380887953 ], [ 172.835109616129273, -34.616148800358836 ], [ 172.834534725028448, -34.615579638905032 ], [ 172.833918386329287, -34.615041688872218 ], [ 172.833363721328112, -34.614457287652655 ], [ 172.832757435246378, -34.613911759669364 ], [ 172.832171738263355, -34.613350722093415 ], [ 172.831617233780406, -34.612766189342288 ], [ 172.831040460094044, -34.612198424369829 ], [ 172.830472673203076, -34.611623887731334 ], [ 172.829817109099395, -34.611115454010303 ], [ 172.829181888277418, -34.610591695756675 ], [ 172.82861518015315, -34.610016336024557 ], [ 172.828009579158987, -34.609470263490614 ], [ 172.827449388560581, -34.608889988220312 ], [ 172.826864389341353, -34.60832839309716 ], [ 172.826168760782679, -34.60785011061936 ], [ 172.825578547378569, -34.607292435185954 ], [ 172.824957209497171, -34.606758196302977 ], [ 172.824315874741274, -34.606239013587334 ], [ 172.823722731652111, -34.605683533783591 ], [ 172.823083891393139, -34.605162465181571 ], [ 172.822443086573116, -34.60464287242992 ], [ 172.821839783908189, -34.604095033069676 ], [ 172.821241265377296, -34.603543587190742 ], [ 172.820600912466745, -34.603023643218869 ], [ 172.820039919286984, -34.60244392984076 ], [ 172.819506182716538, -34.601843685950008 ], [ 172.818984680987114, -34.601234224407818 ], [ 172.818190234513139, -34.600830313844192 ], [ 172.817447098223283, -34.600387757292431 ], [ 172.816847586353219, -34.599837034330832 ], [ 172.816143529051828, -34.599365039925878 ], [ 172.815447135563858, -34.598887270043896 ], [ 172.814740748807935, -34.598417022002785 ], [ 172.814001377132797, -34.597971610252245 ], [ 172.813253657527184, -34.597532480916328 ], [ 172.812527905482028, -34.597076804164352 ], [ 172.811807705625114, -34.596616942128144 ], [ 172.811075398557136, -34.596166193539133 ], [ 172.810461026630151, -34.59562662827021 ], [ 172.809814388218228, -34.595111485652659 ], [ 172.809260521544019, -34.594526607912968 ], [ 172.808793441329982, -34.5938763963009 ], [ 172.808254258836968, -34.593280291807304 ], [ 172.807807578692547, -34.592614658205356 ], [ 172.807324404982296, -34.591976449717563 ], [ 172.806958456301288, -34.59125012951813 ], [ 172.806561660948773, -34.590546989844277 ], [ 172.806012879449042, -34.5899580820072 ], [ 172.805494842802545, -34.589346062148209 ], [ 172.804995192599705, -34.58872021902576 ], [ 172.804409287713668, -34.588159203222183 ], [ 172.803826370346059, -34.587595938370029 ], [ 172.803231308238225, -34.587041798194029 ], [ 172.802620618185614, -34.586499400716953 ], [ 172.802001495588001, -34.585963337697549 ], [ 172.801363140928714, -34.585441726208686 ], [ 172.800756485778919, -34.584896285196464 ], [ 172.800134947014897, -34.584362027340312 ], [ 172.799499505434994, -34.58383821540523 ], [ 172.798890001192063, -34.583294904989074 ], [ 172.79831868787997, -34.582722886214064 ], [ 172.797568259068328, -34.582285488938339 ], [ 172.796973671846928, -34.581730955884126 ], [ 172.796367689066216, -34.581184984237005 ], [ 172.79593569264452, -34.580508239473353 ], [ 172.795212462633458, -34.580050384710958 ], [ 172.794531304301529, -34.579560904635287 ], [ 172.794513749096751, -34.578572650877156 ], [ 172.793267092843166, -34.578508197081824 ], [ 172.792527595583152, -34.578062553129989 ], [ 172.791828271559183, -34.57758671100747 ], [ 172.791242964444393, -34.577025170669494 ], [ 172.790634948519767, -34.576480694554405 ], [ 172.789893666309041, -34.576036376536365 ], [ 172.789193675141405, -34.575561020530863 ], [ 172.788641013493276, -34.574974929929219 ], [ 172.788014231941702, -34.574444543251431 ], [ 172.787493178527399, -34.573834689246567 ], [ 172.786981289017348, -34.573217944164838 ], [ 172.786083272680969, -34.572891402359893 ], [ 172.785288542554866, -34.572487227358074 ], [ 172.784665566120026, -34.571953962382203 ], [ 172.784049870414691, -34.57141435148182 ], [ 172.783418553172794, -34.570860970648837 ], [ 172.78272519949823, -34.570360251238888 ], [ 172.78207029643599, -34.569853870785948 ], [ 172.781452955084376, -34.569315301956827 ], [ 172.780808677786922, -34.568799810407228 ], [ 172.780156538426212, -34.56829105238652 ], [ 172.77953969764917, -34.567752045345131 ], [ 172.77884538097959, -34.567279420885093 ], [ 172.778209522041323, -34.566756703394461 ], [ 172.777540211610471, -34.566262645737375 ], [ 172.776879204404764, -34.565761470224722 ], [ 172.776186882760385, -34.565287123160552 ], [ 172.775513241236354, -34.564796766793975 ], [ 172.774916867702416, -34.564240200700098 ], [ 172.774278445888569, -34.563719660291973 ], [ 172.773646270658901, -34.56319376443097 ], [ 172.77299873754464, -34.562681024686356 ], [ 172.772405985160816, -34.562121343608297 ], [ 172.771800221971546, -34.561572807631862 ], [ 172.77117786244338, -34.561038488946089 ], [ 172.770544357672691, -34.560513716807115 ], [ 172.769763330655536, -34.560115343270361 ], [ 172.769032272684655, -34.559674150911427 ], [ 172.768362717104424, -34.559180258280975 ], [ 172.767701359282114, -34.558679338389005 ], [ 172.767025130505687, -34.558191157000316 ], [ 172.766374887495033, -34.557680707294516 ], [ 172.765742906149967, -34.557154607544213 ], [ 172.765106963978127, -34.556631898375969 ], [ 172.764464810292509, -34.556114508189353 ], [ 172.763751095533678, -34.555658429105492 ], [ 172.763103256292567, -34.555145903947867 ], [ 172.762466149447533, -34.554624180052322 ], [ 172.761805991417106, -34.554122203380707 ], [ 172.761177753909124, -34.553592873931692 ], [ 172.760491777424591, -34.553113012165873 ], [ 172.759866151243131, -34.552581439062287 ], [ 172.759244472897763, -34.552046480368496 ], [ 172.758637764083375, -34.551498692746051 ], [ 172.757948916903189, -34.551021277808651 ], [ 172.757411738181816, -34.550413911032607 ], [ 172.756711576765781, -34.549946183776129 ], [ 172.755963786033078, -34.549519261342589 ], [ 172.755342345572899, -34.548984080133302 ], [ 172.754654345605189, -34.548505923000107 ], [ 172.754046690768831, -34.547958924263774 ], [ 172.753418825173469, -34.547429238682632 ], [ 172.752780208355858, -34.546908761438196 ], [ 172.752132564765077, -34.546396015010764 ], [ 172.751416137572789, -34.545942197553785 ], [ 172.75076125940231, -34.545435643081547 ], [ 172.750130159938692, -34.544908712507905 ], [ 172.749497830208725, -34.544382832882143 ], [ 172.748831225788166, -34.543886315622082 ], [ 172.748208046428118, -34.543352589993845 ], [ 172.747565792666364, -34.542835203568657 ], [ 172.746880791043765, -34.54235443879724 ], [ 172.746280217103134, -34.541801336352655 ], [ 172.745551908097241, -34.541357669142805 ], [ 172.744948325478191, -34.540807138236524 ], [ 172.744394806336715, -34.540213004538856 ], [ 172.743792542094383, -34.539660133741492 ], [ 172.743132275715084, -34.539157910004576 ], [ 172.742550090143027, -34.538588666593093 ], [ 172.742051517801372, -34.537947320064504 ], [ 172.741217737271199, -34.537595021649437 ], [ 172.740618601926769, -34.537040384967156 ], [ 172.740022597484199, -34.536483045490975 ], [ 172.739474627175355, -34.535884283220412 ], [ 172.738864889898309, -34.535338779532246 ], [ 172.738066110231927, -34.534956283196422 ], [ 172.737385433122427, -34.534471944092637 ], [ 172.736694866697377, -34.533996129148576 ], [ 172.73600567338346, -34.533519126863339 ], [ 172.735310822958581, -34.533046999280863 ], [ 172.7346245095504, -34.532567507056577 ], [ 172.734017087127853, -34.53201998563425 ], [ 172.733324488007753, -34.53153194954227 ], [ 172.732630666936359, -34.531028648855305 ], [ 172.73196491501696, -34.530505950068807 ], [ 172.731223241975584, -34.530086782678765 ], [ 172.730539517257711, -34.529604934592911 ], [ 172.729846576329095, -34.529133052738317 ], [ 172.729149400356846, -34.528665749322037 ], [ 172.728439361962586, -34.528212355747996 ], [ 172.727689387079323, -34.527802155269569 ], [ 172.726968886546075, -34.527360072623253 ], [ 172.726242360342326, -34.526924504843244 ] ] } },
{ "type": "Feature", "properties": { "group_id": "nzd0010" }, "geometry": { "type": "LineString", "coordinates": [ [ 172.988123836455458, -34.530585680687238 ], [ 172.988640527925156, -34.531203565845161 ], [ 172.989266569144974, -34.531779290678436 ], [ 172.989675101348695, -34.532438860916002 ], [ 172.990037080032408, -34.533037501541557 ], [ 172.990324396887019, -34.53346282625602 ], [ 172.991621642382796, -34.535447421643575 ], [ 172.991617317486543, -34.536188964596526 ], [ 172.99159341045052, -34.536931465934231 ], [ 172.991639559546826, -34.537670508401625 ], [ 172.991938400681107, -34.540649575621174 ], [ 172.991981243268157, -34.541397218789385 ], [ 172.99193922707471, -34.542149680475582 ], [ 172.991932327194064, -34.542897992587115 ], [ 172.991992828977942, -34.543638346524361 ], [ 172.992041832750346, -34.544380050359642 ], [ 172.992155129359787, -34.545114163010489 ], [ 172.99215822968128, -34.545861268991487 ], [ 172.992183096283043, -34.546605800589965 ], [ 172.992358264619952, -34.547332594919794 ], [ 172.992485418254176, -34.548065046995951 ], [ 172.992489510774249, -34.548812009713593 ], [ 172.992521197064065, -34.549555710676628 ], [ 172.992600574786849, -34.550293779182375 ], [ 172.992736250533255, -34.551025200074889 ], [ 172.992759462621422, -34.551769881074378 ], [ 172.992800612224158, -34.552512439526787 ], [ 172.99301929387957, -34.553234049534886 ], [ 172.993075872844372, -34.553974774976929 ], [ 172.993140672613805, -34.554714524152786 ], [ 172.99328120282243, -34.555445333684752 ], [ 172.993462415510578, -34.55617133788531 ], [ 172.993531401275419, -34.556910573880188 ], [ 172.993749089232949, -34.557632262629184 ], [ 172.993778685935411, -34.558376131984573 ], [ 172.993843676796104, -34.559115819746197 ], [ 172.993841111659975, -34.559863469627707 ], [ 172.994177850525375, -34.560571089935166 ], [ 172.994322104983553, -34.561301408626264 ], [ 172.994584044223927, -34.562017839091951 ], [ 172.994683603905543, -34.56275341701388 ], [ 172.994906529543925, -34.563491237766534 ], [ 172.994911657016274, -34.564280367764709 ], [ 172.995092146088865, -34.565028003473024 ], [ 172.995319322869818, -34.565744789946834 ], [ 172.995490064843722, -34.566471087284086 ], [ 172.995695665291038, -34.567191499792628 ], [ 172.995855205993905, -34.567919673464388 ], [ 172.995995966647314, -34.568651007823306 ], [ 172.99610841885297, -34.56938710966029 ], [ 172.996246320425684, -34.570118913402119 ], [ 172.996490590931217, -34.570832773198099 ], [ 172.99667991316835, -34.571555892945867 ], [ 172.996866642083063, -34.572279443710151 ], [ 172.997036385730013, -34.573005852467254 ], [ 172.997255697038725, -34.573723896095537 ], [ 172.997316832157935, -34.574468607241727 ], [ 172.997644752988975, -34.575168323093493 ], [ 172.997803671368786, -34.575896532093282 ], [ 172.997926907897408, -34.576630751859049 ], [ 172.998101565143429, -34.577356294084275 ], [ 172.998231972810345, -34.578089291825989 ], [ 172.99846074286296, -34.578783287260357 ], [ 172.998592440014562, -34.579486616061303 ], [ 172.998829288055987, -34.580198029060107 ], [ 172.999001747501268, -34.580924238494113 ], [ 172.999200115716405, -34.581646948858456 ], [ 172.999372145865919, -34.582373203378843 ], [ 172.999621923006998, -34.583088970683171 ], [ 172.999810158051162, -34.58381302789298 ], [ 172.999950939415527, -34.584543475791556 ], [ 173.000203038863589, -34.58525891085435 ], [ 173.000377506014161, -34.585990551546573 ], [ 173.000568806424127, -34.586747237667915 ], [ 173.0007729822687, -34.587495669853986 ], [ 173.001019191056315, -34.588207795886859 ], [ 173.001206123465067, -34.588931286486584 ], [ 173.001410338137305, -34.589651455639562 ], [ 173.001644627959877, -34.590365849372262 ], [ 173.001806282948934, -34.591094170053751 ], [ 173.002003310114873, -34.591815699203664 ], [ 173.002259874260346, -34.5925258015005 ], [ 173.002403598854272, -34.593257542844441 ], [ 173.002599967129186, -34.593979179630459 ], [ 173.002841171424734, -34.594692209635063 ], [ 173.002950508367746, -34.595430528382579 ], [ 173.003239014199693, -34.596134472513157 ], [ 173.003375792118788, -34.596868828576213 ], [ 173.00359527903359, -34.597587902490659 ], [ 173.003780422331232, -34.598312340866038 ], [ 173.004004939497037, -34.599028473749165 ], [ 173.004165126091237, -34.599757145030999 ], [ 173.004222429173467, -34.600505872363854 ], [ 173.004589587053403, -34.601194171493091 ], [ 173.004875850063485, -34.601898238963393 ], [ 173.00512793043319, -34.60260896588823 ], [ 173.005419525183356, -34.603311981254535 ], [ 173.005588909446061, -34.60403882159207 ], [ 173.005772245315853, -34.604762935081382 ], [ 173.006118261780614, -34.605455319624525 ], [ 173.006207617667798, -34.60619774673949 ], [ 173.006562804472651, -34.606890617620195 ], [ 173.00684278571967, -34.607616887569975 ], [ 173.00695662264306, -34.608379917678285 ], [ 173.007233844611136, -34.609083413981857 ], [ 173.007497956267997, -34.609790119270279 ], [ 173.007757613374963, -34.610497910894829 ], [ 173.008015641562395, -34.611206095928097 ], [ 173.008304244223154, -34.61190677725655 ], [ 173.008577851707088, -34.612611129769967 ], [ 173.008803736002676, -34.61332717917351 ], [ 173.008998365430131, -34.614050886916161 ], [ 173.009280949106568, -34.614753020107685 ], [ 173.009454331239283, -34.615481925932301 ], [ 173.009659769139347, -34.616202964804607 ], [ 173.009948762308539, -34.61690350811741 ], [ 173.010230475602015, -34.617606461483966 ], [ 173.010431897226255, -34.61833701128888 ], [ 173.010768856499396, -34.619032535848767 ], [ 173.011074837524603, -34.619728238139139 ], [ 173.011239752009971, -34.620460710807748 ], [ 173.011553467062896, -34.621154384878253 ], [ 173.011759772342032, -34.621876054764464 ], [ 173.012078093682589, -34.622568516053086 ], [ 173.012280070373066, -34.623291302314811 ], [ 173.012214456836546, -34.624083842069396 ], [ 173.012792196208267, -34.624708656320131 ], [ 173.013189460310571, -34.625380513635008 ], [ 173.013467722580259, -34.626083388430246 ], [ 173.01373253555488, -34.626789763425712 ], [ 173.014046544787504, -34.627483307177556 ], [ 173.014334385816284, -34.628183666911504 ], [ 173.0146045463311, -34.628892832116001 ], [ 173.014896725785547, -34.629601098783375 ], [ 173.015194583254498, -34.63030353390608 ], [ 173.015557031837432, -34.630982869367934 ], [ 173.015854243502076, -34.631680435256506 ], [ 173.016095184963802, -34.63239372492184 ], [ 173.016263461754704, -34.633127321017376 ], [ 173.016574261547049, -34.63382107074252 ], [ 173.016877002409757, -34.634517067338443 ], [ 173.017210876115399, -34.635204355331311 ], [ 173.017538154167454, -34.635893481169546 ], [ 173.017827914636456, -34.636593088582657 ], [ 173.018161574154732, -34.637280418831665 ], [ 173.0184600888999, -34.637977567349481 ], [ 173.018662915115158, -34.638706459999391 ], [ 173.019052885394643, -34.639397292884169 ], [ 173.019379790831437, -34.640101348175044 ], [ 173.019583119332225, -34.640830057314929 ], [ 173.019890316079142, -34.641524888761751 ], [ 173.020203377267592, -34.642217802069396 ], [ 173.020480216323136, -34.642922521713778 ], [ 173.020813261226579, -34.643608906857843 ], [ 173.021211276412998, -34.644274099532801 ], [ 173.021393294621618, -34.64500972288927 ], [ 173.021845218481417, -34.645657324762496 ], [ 173.022298839236186, -34.646304367591625 ], [ 173.022583229731083, -34.647006590467569 ], [ 173.022768592663937, -34.64774110004101 ], [ 173.023211100217708, -34.648391750045661 ], [ 173.023603902930802, -34.649058602928072 ], [ 173.023857765029874, -34.649770758009446 ], [ 173.02436174492334, -34.650401345268058 ], [ 173.024672404676011, -34.651094967603356 ], [ 173.025012230742874, -34.651776206500379 ], [ 173.025238760917858, -34.652491596625254 ], [ 173.025536702551676, -34.653186943184494 ], [ 173.025753665426492, -34.653909869941039 ], [ 173.025886215103839, -34.654659368206708 ], [ 173.026825054600152, -34.655946219848332 ], [ 173.027101667275076, -34.656649077738443 ], [ 173.027671957439082, -34.657256374973592 ], [ 173.028162839628294, -34.65789150927565 ], [ 173.028481861683531, -34.65858230562975 ], [ 173.028877000074061, -34.659250079491819 ], [ 173.029309411904023, -34.659906576500546 ], [ 173.029725065839131, -34.660568135128955 ], [ 173.030118474587709, -34.661236414700674 ], [ 173.030549562912256, -34.661894355765376 ], [ 173.03096677890403, -34.662548939827325 ], [ 173.031324249517667, -34.66322857139717 ], [ 173.031656598281529, -34.66391965968792 ], [ 173.032066223520502, -34.664577285073101 ], [ 173.032430741997075, -34.665254434635443 ], [ 173.032767745699772, -34.66594349163644 ], [ 173.033134486134259, -34.666619668620534 ], [ 173.03349192765063, -34.667299866346404 ], [ 173.033943182802261, -34.667939441879781 ], [ 173.034354108330433, -34.668593924178346 ], [ 173.034804950185048, -34.66923077211802 ], [ 173.035171624822084, -34.669905177338997 ], [ 173.035623198431097, -34.670545423698641 ], [ 173.036052484328337, -34.671194862141512 ], [ 173.036456739764446, -34.671854624477277 ], [ 173.036888744147717, -34.672502930605027 ], [ 173.037302081355392, -34.673158934721265 ], [ 173.037730272966144, -34.673816348141848 ], [ 173.038173793453609, -34.67446758824925 ], [ 173.038642667488944, -34.675098692326202 ], [ 173.039084164992232, -34.675742578694496 ], [ 173.039474793651266, -34.67641198886691 ], [ 173.03985496459012, -34.677086642287186 ], [ 173.04026639724762, -34.677739005660115 ], [ 173.040692926262835, -34.678380362852351 ], [ 173.04115406885785, -34.679012151875455 ], [ 173.041593435491819, -34.679656490641605 ], [ 173.04207394123469, -34.680281811684175 ], [ 173.042564753473044, -34.680902364515326 ], [ 173.043011793561703, -34.681544450765976 ], [ 173.043426604578258, -34.682202583199107 ], [ 173.043861366102163, -34.682850105492633 ], [ 173.044312745729428, -34.683488777444111 ], [ 173.044765660793615, -34.684126715404574 ], [ 173.045278923628643, -34.684735994607962 ], [ 173.045765611326516, -34.68536415188013 ], [ 173.046209001031912, -34.686018539643719 ], [ 173.046704921646437, -34.686639567410211 ], [ 173.047170275588343, -34.687272395525248 ], [ 173.047603588130784, -34.687922940426446 ], [ 173.048084272288776, -34.688547280563171 ], [ 173.04861554224874, -34.689143638325653 ], [ 173.04908866040202, -34.689772153938769 ], [ 173.04952293445595, -34.690411718278249 ], [ 173.049984310607243, -34.691025849758283 ], [ 173.050482765083274, -34.691633118257812 ], [ 173.051000614301586, -34.692240043154698 ], [ 173.051465453376494, -34.692872225606379 ], [ 173.051972525089184, -34.693484276776516 ], [ 173.05253585081627, -34.694079336338632 ], [ 173.052947349626294, -34.694760327122161 ], [ 173.053450383581549, -34.695381274724589 ], [ 173.053907630624707, -34.696023155176476 ], [ 173.054385703699523, -34.696652037425608 ], [ 173.054929420862578, -34.697239958414819 ], [ 173.055464568307173, -34.697833222078202 ], [ 173.055918836574108, -34.698467178687338 ], [ 173.056474557968812, -34.69902227311551 ], [ 173.05690788191859, -34.699656157325514 ], [ 173.057480765627048, -34.7002308725937 ], [ 173.057994058618164, -34.700837421324067 ], [ 173.058484425371631, -34.701456214445095 ], [ 173.058916214952546, -34.702106299474082 ], [ 173.059557480789351, -34.702692234380123 ], [ 173.060143967491825, -34.703327342987151 ], [ 173.060854283171352, -34.703809001907047 ], [ 173.061584668681547, -34.70424580348115 ], [ 173.0622201501522, -34.704763508167467 ], [ 173.062773632524653, -34.705350194105186 ], [ 173.063481930389031, -34.705806765301318 ], [ 173.0641550424412, -34.70629639862026 ], [ 173.064838446131517, -34.706777070924026 ] ] } },
{ "type": "Feature", "properties": { "group_id": "nzd0011" }, "geometry": { "type": "LineString", "coordinates": [ [ 172.948078668034924, -34.740925358454824 ], [ 172.94755853438383, -34.740323479796324 ], [ 172.947126844479811, -34.739669219658666 ], [ 172.946646371926761, -34.739043844601547 ], [ 172.94608004633406, -34.738469308193842 ], [ 172.945514167392787, -34.737894502907857 ], [ 172.945033492241492, -34.737269234808274 ], [ 172.944521055088131, -34.736662772102612 ], [ 172.943935923071876, -34.736099355645543 ], [ 172.943484552883262, -34.735456719797867 ], [ 172.943098061542713, -34.734775657447919 ], [ 172.942559562367677, -34.734184401104407 ], [ 172.941947324404708, -34.733636386335228 ], [ 172.941745246285393, -34.732831241506673 ], [ 172.940982289163259, -34.732382604247512 ], [ 172.940445856604896, -34.731790286730629 ], [ 172.939998040430424, -34.731141759075022 ], [ 172.939372429247356, -34.730605995885952 ], [ 172.938831459835825, -34.730016543501087 ], [ 172.938452448275285, -34.729324363147526 ], [ 172.937908635818786, -34.728736705722802 ], [ 172.937207058428157, -34.728249108575547 ], [ 172.936576198503843, -34.727716653638694 ], [ 172.936198830801345, -34.727023414345233 ], [ 172.935501229783597, -34.726533282490713 ], [ 172.935137618289247, -34.725831309838007 ], [ 172.934394738928717, -34.725369888008579 ], [ 172.933770960694687, -34.724832920599667 ], [ 172.933267271435824, -34.724219781583081 ], [ 172.932818336918245, -34.72357190966418 ], [ 172.932257839927075, -34.722994793184277 ], [ 172.931892416904759, -34.722293944652414 ], [ 172.931223421321306, -34.721785636476092 ], [ 172.930735828883712, -34.721162267054289 ], [ 172.930302868087949, -34.720504242587623 ], [ 172.929622134581166, -34.720003366994838 ], [ 172.929198367242918, -34.719339503234174 ], [ 172.928771890023938, -34.718677353866802 ], [ 172.928089332460246, -34.718177623030286 ], [ 172.927474531568066, -34.717634912273127 ], [ 172.927147005851026, -34.716909989237934 ], [ 172.926566903339392, -34.716345262431986 ], [ 172.925928649495262, -34.715817414748038 ], [ 172.925256773599614, -34.715310887925682 ], [ 172.924975235955628, -34.714556779888426 ], [ 172.924395074868954, -34.713992073680721 ], [ 172.923612326183417, -34.713555857020431 ], [ 172.923143446898564, -34.712920560644164 ], [ 172.922723416907388, -34.712254276697422 ], [ 172.922187419662549, -34.711661542351983 ], [ 172.921456657312461, -34.711192336099991 ], [ 172.920917012168161, -34.710601907220067 ], [ 172.920487537538918, -34.709941597231918 ], [ 172.919744068267249, -34.709480437806214 ], [ 172.919376910667921, -34.708780594399968 ], [ 172.918615769660846, -34.708330344895487 ], [ 172.917987351774229, -34.707796019719446 ], [ 172.917471299482344, -34.707190456328568 ], [ 172.916895589272258, -34.706622943195498 ], [ 172.91634111436224, -34.706041900524347 ], [ 172.915759596759528, -34.705478078015091 ], [ 172.915190696430727, -34.704906215051345 ], [ 172.91469983802142, -34.704284640787421 ], [ 172.914118661897561, -34.70372058839915 ], [ 172.91357444295582, -34.703132992770826 ], [ 172.913019312866084, -34.70255234264377 ], [ 172.912373304611492, -34.702029571216961 ], [ 172.911870070938136, -34.701415858577363 ], [ 172.911330648059078, -34.700825191705611 ], [ 172.91077837374408, -34.700242706144934 ], [ 172.910223431027106, -34.699661916036945 ], [ 172.909692426404007, -34.69906587497529 ], [ 172.909175438933516, -34.698460901871066 ], [ 172.908601121231214, -34.69789243986083 ], [ 172.908037407824679, -34.697317219546555 ], [ 172.907463991042164, -34.696748175439637 ], [ 172.906957651880049, -34.696136403669279 ], [ 172.906419328211371, -34.695544999566046 ], [ 172.9057831488266, -34.695015918240571 ], [ 172.90534257615144, -34.694362245687529 ], [ 172.904718209184551, -34.693825632495383 ], [ 172.904261923280075, -34.69318195984679 ], [ 172.903698208256401, -34.692606707574264 ], [ 172.903201392068524, -34.69198884146418 ], [ 172.902845336782548, -34.691281316324684 ], [ 172.902030180821328, -34.690866201737954 ], [ 172.901428803740203, -34.690314920886451 ], [ 172.900890093859005, -34.689723721543331 ], [ 172.900239169574263, -34.68920399019558 ], [ 172.899710172000539, -34.688606596614115 ], [ 172.899232442942463, -34.687976544726091 ], [ 172.898656039362663, -34.687384448094164 ], [ 172.898126181765804, -34.686667415547859 ], [ 172.897402721952318, -34.686222941498933 ], [ 172.896552720314787, -34.68594288491289 ], [ 172.895738963047393, -34.685616961610712 ] ] } },
{ "type": "Feature", "properties": { "group_id": "nzd0016" }, "geometry": { "type": "LineString", "coordinates": [ [ 173.117315132074054, -34.738791858478699 ], [ 173.117093794368742, -34.739517711615605 ], [ 173.117123834072999, -34.740281719799889 ], [ 173.117223207664381, -34.741014934304161 ], [ 173.117320532124069, -34.74175796864548 ], [ 173.117665172201015, -34.74247770545994 ], [ 173.117978670335731, -34.743178589400586 ], [ 173.118291070832726, -34.743844270404679 ], [ 173.118569566450788, -34.744535886553486 ], [ 173.118931966160403, -34.745230099848605 ], [ 173.119263847179468, -34.745919562391606 ], [ 173.11961049409507, -34.746579617183123 ], [ 173.119998500726354, -34.74726245402281 ], [ 173.120425047318179, -34.747916336475825 ], [ 173.120822324394283, -34.748562938062022 ], [ 173.121256501369459, -34.749233232360446 ], [ 173.12167070269544, -34.749872718933148 ], [ 173.122132014386324, -34.750466731892892 ], [ 173.122559212211712, -34.751113186263069 ], [ 173.123076164886783, -34.751730770489793 ], [ 173.123491557879277, -34.752376748271217 ], [ 173.124010628347207, -34.753019748498993 ], [ 173.124584638605029, -34.753615960438168 ], [ 173.125101325960344, -34.754170752751918 ], [ 173.125663314455494, -34.754742340515243 ], [ 173.126167412329551, -34.755352578433488 ], [ 173.126652946415419, -34.755973046812727 ], [ 173.127148246100717, -34.756554537270702 ], [ 173.127645198510152, -34.757136476073647 ], [ 173.128216766782629, -34.757758131926295 ], [ 173.128794634196595, -34.758342528326551 ], [ 173.129326119093662, -34.758909447664728 ], [ 173.129847138686586, -34.759490574080722 ], [ 173.130399998369597, -34.760073683143624 ], [ 173.131036492125304, -34.760609632907745 ], [ 173.131679595852262, -34.76115040927985 ], [ 173.132268524402036, -34.761724401113938 ], [ 173.132989737290984, -34.762171461291345 ], [ 173.13371562094963, -34.762602289813834 ], [ 173.134339335981139, -34.763114874749895 ], [ 173.134996727349176, -34.763640117419342 ], [ 173.135656135373097, -34.764139726898527 ], [ 173.136312566742276, -34.764626539117174 ], [ 173.137021740600517, -34.765110143108863 ], [ 173.137706459780702, -34.765598218736841 ], [ 173.138401628893433, -34.766055229028474 ], [ 173.139076853897876, -34.766552989700358 ], [ 173.139757928692575, -34.767039757738083 ], [ 173.140488127143954, -34.767515110278715 ], [ 173.141221679857324, -34.767961697696059 ], [ 173.141932464914419, -34.768335714555057 ], [ 173.142673673960985, -34.768696736243363 ], [ 173.143515335839368, -34.769041999803534 ], [ 173.14438601861761, -34.769320799339013 ], [ 173.145232815193651, -34.769583207009291 ], [ 173.146105002050888, -34.769775138558899 ], [ 173.146997129178089, -34.769877981247618 ], [ 173.14789677328406, -34.769900191675589 ] ] } },
{ "type": "Feature", "properties": { "group_id": "nzd0017" }, "geometry": { "type": "LineString", "coordinates": [ [ 172.99815568688652, -34.79805711009309 ], [ 172.997563872091149, -34.797497963562172 ], [ 172.997139643715542, -34.796839900318595 ], [ 172.996581364361049, -34.796260951917432 ], [ 172.996112634539884, -34.795629145413379 ], [ 172.995482073574237, -34.795092850179103 ], [ 172.9949646725089, -34.794489761615871 ], [ 172.994446571839916, -34.793887081608567 ], [ 172.99397629753696, -34.79325616926247 ], [ 172.993483134562496, -34.792638761828293 ], [ 172.992840815656905, -34.79210938456788 ], [ 172.992262013657069, -34.791542514063572 ], [ 172.991736157385901, -34.790944389752276 ], [ 172.991242613409497, -34.790327189827792 ], [ 172.990764705651657, -34.789700756749852 ], [ 172.990329410492109, -34.789049168502707 ], [ 172.989682132070271, -34.788522692328264 ], [ 172.989357020185679, -34.787806063038161 ], [ 172.988893560706259, -34.78717108463028 ], [ 172.988242372115849, -34.786647068466316 ], [ 172.987750752203794, -34.786029403443031 ], [ 172.987132628306142, -34.785484339822773 ], [ 172.986600331927349, -34.784889761072961 ], [ 172.986190057526414, -34.784225160511816 ], [ 172.985534887263555, -34.783701079080821 ], [ 172.985121323282044, -34.78303835726242 ], [ 172.984625825689363, -34.782422645236771 ], [ 172.983967928417144, -34.781900115289815 ], [ 172.98340084638491, -34.781325470187333 ], [ 172.98303127962717, -34.780637484621977 ], [ 172.982536602968622, -34.780021283769898 ], [ 172.982029381532215, -34.779412276797338 ], [ 172.981349908239082, -34.778902105223921 ], [ 172.980956499238289, -34.778227782714012 ], [ 172.980454793657287, -34.777615597363805 ], [ 172.980010143291992, -34.776970668597407 ], [ 172.979337190023273, -34.776456738212723 ], [ 172.978809086632992, -34.775859686892694 ], [ 172.978377150567724, -34.77520744928789 ], [ 172.977954620237171, -34.774549809968384 ], [ 172.977196345527233, -34.774084820238166 ], [ 172.977024651216851, -34.773283239258866 ], [ 172.976349715007643, -34.77277042046903 ], [ 172.975677315101223, -34.772256141519271 ], [ 172.97533841186717, -34.771550493836834 ], [ 172.974816540335382, -34.770949831085716 ], [ 172.974398225610088, -34.77028962592518 ], [ 172.973596855298126, -34.769853169946281 ], [ 172.973207377790942, -34.769175443332848 ], [ 172.972639073203965, -34.768602761729611 ], [ 172.972139074559578, -34.76798882233912 ], [ 172.97169327938775, -34.767342142281379 ], [ 172.971223139326327, -34.766710161015595 ], [ 172.970657442933827, -34.766135887110522 ], [ 172.970102046191016, -34.765555388386751 ], [ 172.969591089110196, -34.764948045862255 ], [ 172.969061537704135, -34.764351929163475 ], [ 172.968482747684817, -34.763785546027627 ], [ 172.967906011229047, -34.763217918312407 ], [ 172.967342596352296, -34.762642240679853 ], [ 172.966950550231672, -34.761963060028442 ], [ 172.966559785141726, -34.761283101054843 ], [ 172.965827816135771, -34.760809209824281 ], [ 172.965248147312309, -34.760243331683284 ], [ 172.964887228077743, -34.759545334510683 ], [ 172.96429338458384, -34.758988008753199 ], [ 172.963620144775064, -34.758478630306023 ], [ 172.963062506883318, -34.757899429326415 ], [ 172.962528478665746, -34.757305964938951 ], [ 172.962087658131651, -34.756656203206198 ], [ 172.961572014273798, -34.756051626933377 ], [ 172.960944932914032, -34.755514349426669 ], [ 172.960448570015217, -34.754898119806057 ], [ 172.959952442229223, -34.754281743874195 ], [ 172.959532205200361, -34.753619529020497 ], [ 172.958992516672879, -34.753029453182094 ], [ 172.958433608063444, -34.752450981125463 ], [ 172.957868442738089, -34.751876283542238 ], [ 172.957353909660071, -34.751271002075647 ], [ 172.956836017854187, -34.750667744834715 ], [ 172.956309332756376, -34.750069873338518 ], [ 172.955932541869203, -34.749382959843018 ], [ 172.955212842866871, -34.748899740443214 ], [ 172.954776999671054, -34.748248002544088 ], [ 172.954320190698667, -34.747608676301084 ], [ 172.953750677270847, -34.747036090402659 ], [ 172.953163231153241, -34.746474120031671 ], [ 172.952534450239625, -34.745936624036865 ], [ 172.951981474088001, -34.745354231487653 ], [ 172.951426977541473, -34.744772734970972 ], [ 172.950945819554306, -34.744147802517475 ], [ 172.950472329926242, -34.743518324411035 ], [ 172.95015805018366, -34.742794556138193 ], [ 172.949572481987218, -34.742231443330382 ], [ 172.948979576477001, -34.741672671356028 ], [ 172.948369934998709, -34.741123806156558 ] ] } },
{ "type": "Feature", "properties": { "group_id": "nzd0018" }, "geometry": { "type": "LineString", "coordinates": [ [ 173.149192054099188, -34.77189923652341 ], [ 173.148588228366577, -34.772445936306802 ], [ 173.148054217724336, -34.773034617301505 ], [ 173.147638274230246, -34.773691948554337 ], [ 173.147272780206976, -34.774374232936097 ], [ 173.147092568224338, -34.775104595464427 ], [ 173.146979925159826, -34.775842946890961 ], [ 173.146865437656885, -34.776588115822996 ], [ 173.147029316821374, -34.777328741442091 ], [ 173.147054900098681, -34.778078724923134 ], [ 173.147381156405487, -34.778780839419632 ], [ 173.147648742513667, -34.779485880040916 ], [ 173.147943625580922, -34.780175030281477 ], [ 173.148346107275813, -34.780835260417419 ], [ 173.148711518977365, -34.781506607127149 ], [ 173.149118285999123, -34.782155481395023 ], [ 173.149559378583263, -34.78279587989622 ], [ 173.150018118276279, -34.783430771526064 ], [ 173.150478722626985, -34.784064673888487 ], [ 173.150943788951594, -34.784698228338534 ], [ 173.151478997308146, -34.785292947625322 ], [ 173.151990284320448, -34.785903542530086 ], [ 173.152708283460754, -34.786374251014472 ], [ 173.153309040244409, -34.786925248221934 ], [ 173.153864301564766, -34.78750519172501 ] ] } },
{ "type": "Feature", "properties": { "group_id": "nzd0019" }, "geometry": { "type": "LineString", "coordinates": [ [ 173.388823592887917, -34.801564874592536 ], [ 173.389708647416199, -34.801573425315674 ], [ 173.390578539670088, -34.801534261981409 ], [ 173.391450835614535, -34.801376498031146 ], [ 173.392296697337599, -34.801196324660495 ], [ 173.393008607264591, -34.800969288430096 ], [ 173.393777181261726, -34.800721615145925 ], [ 173.394559664233043, -34.800385353101539 ], [ 173.39525756670875, -34.799992221245752 ], [ 173.395882731939565, -34.79954731805401 ], [ 173.396494171525774, -34.799070497935944 ], [ 173.397103347926389, -34.79855582767312 ] ] } },
{ "type": "Feature", "properties": { "group_id": "nzd0020" }, "geometry": { "type": "LineString", "coordinates": [ [ 173.165546702529042, -34.804003356638773 ], [ 173.165005754125843, -34.804630526699761 ], [ 173.164560750116749, -34.805298192874211 ] ] } },
{ "type": "Feature", "properties": { "group_id": "nzd0021" }, "geometry": { "type": "LineString", "coordinates": [ [ 173.163601043474557, -34.807572901916409 ], [ 173.163475071514029, -34.808304111357117 ], [ 173.163452134848484, -34.80904501807111 ] ] } },
{ "type": "Feature", "properties": { "group_id": "nzd0022" }, "geometry": { "type": "LineString", "coordinates": [ [ 173.386583496019455, -34.811672062714813 ], [ 173.387218675480398, -34.811150648459801 ], [ 173.38774730988888, -34.810568347299366 ], [ 173.388189571045444, -34.809948466909574 ], [ 173.388617847892078, -34.809311547423725 ], [ 173.388894024465685, -34.808644094056412 ], [ 173.389171133431944, -34.807964037166428 ] ] } },
{ "type": "Feature", "properties": { "group_id": "nzd0023" }, "geometry": { "type": "LineString", "coordinates": [ [ 173.163303334413939, -34.81008351376628 ], [ 173.163433363017049, -34.81081378033398 ], [ 173.163605418399356, -34.811538185527233 ], [ 173.16382309947565, -34.812252942372758 ], [ 173.164134774422337, -34.812945692140318 ], [ 173.164459908475948, -34.813633795841746 ], [ 173.164796631998001, -34.814317385996311 ] ] } },
{ "type": "Feature", "properties": { "group_id": "nzd0024" }, "geometry": { "type": "LineString", "coordinates": [ [ 173.408033401998694, -34.82192770069976 ], [ 173.407571528970749, -34.822569999651748 ] ] } },
{ "type": "Feature", "properties": { "group_id": "nzd0025" }, "geometry": { "type": "LineString", "coordinates": [ [ 173.047626735021367, -34.85530887345886 ], [ 173.047061032949188, -34.85473564371302 ], [ 173.046498864800583, -34.854160227006652 ], [ 173.046011661414809, -34.853538504243573 ], [ 173.045452033216947, -34.852961510298321 ], [ 173.044938018341043, -34.852356339138339 ], [ 173.044437819285946, -34.851742630414535 ], [ 173.043912931839031, -34.851144166212954 ], [ 173.043414333780646, -34.850529460147712 ], [ 173.042887574210056, -34.849932143798789 ], [ 173.042430562086025, -34.849291743644365 ], [ 173.041852701078, -34.848725981694145 ], [ 173.041351701508148, -34.848112741958566 ], [ 173.040855778705492, -34.847499647217163 ], [ 173.040325279091292, -34.846908493971782 ], [ 173.039858734139131, -34.846276967905581 ], [ 173.039297270598752, -34.845699799425525 ], [ 173.038780741417554, -34.845096617927489 ], [ 173.038271245622497, -34.844489360991403 ], [ 173.037858960854464, -34.843825832486779 ], [ 173.03720805265354, -34.843300418204933 ], [ 173.036780821887049, -34.842645531849371 ], [ 173.036266860055719, -34.842040842217457 ], [ 173.035614166270619, -34.841516448170566 ], [ 173.035173233664011, -34.840869479405796 ], [ 173.034675820047113, -34.840255198173828 ], [ 173.034150566970283, -34.839657026407707 ], [ 173.033672006793012, -34.839031823662047 ], [ 173.033201189733376, -34.838402134616672 ], [ 173.032716021620416, -34.837780747740091 ], [ 173.032248715633045, -34.837149017497474 ], [ 173.031685274088034, -34.836572927801342 ], [ 173.031145116973818, -34.835983356236866 ], [ 173.030623824509433, -34.835382861066286 ], [ 173.030088569862954, -34.834790443030037 ], [ 173.029473607746638, -34.834244156568026 ], [ 173.029040097987462, -34.83359283806346 ], [ 173.028401630606311, -34.833060147985961 ], [ 173.027884699782902, -34.8324571061464 ], [ 173.027398415748024, -34.831836321034693 ], [ 173.026898983832666, -34.831223141692917 ], [ 173.026387865367411, -34.830616722295495 ], [ 173.02582619307239, -34.830039662534382 ], [ 173.025308040816725, -34.82943746206103 ], [ 173.024771318330437, -34.828845863485839 ], [ 173.024170673094318, -34.828291072832258 ], [ 173.02376837991423, -34.82762187915268 ], [ 173.023215964263926, -34.82703926350343 ], [ 173.022704991310633, -34.826432741511631 ], [ 173.022232310919293, -34.825804129978536 ], [ 173.021624815974832, -34.825253267833126 ], [ 173.02113730951379, -34.824633198351449 ], [ 173.020569922231601, -34.82405919538531 ], [ 173.02015590195245, -34.82339673412455 ], [ 173.019615287424102, -34.822807281244295 ], [ 173.019051867906796, -34.822230976636604 ], [ 173.018503962302447, -34.821645719988695 ], [ 173.018025346165558, -34.821020496450558 ], [ 173.017725901980185, -34.820291931160867 ], [ 173.017251414345424, -34.819664317436882 ], [ 173.016584835102947, -34.819147488232502 ], [ 173.016133453513817, -34.818506539309737 ], [ 173.015487635901991, -34.817977726861379 ], [ 173.015037232073382, -34.817336205215376 ], [ 173.014513973840081, -34.816736314725773 ], [ 173.013920962732215, -34.816176935440559 ], [ 173.013352906699453, -34.815603471743209 ], [ 173.012919771247738, -34.814951542284163 ], [ 173.012303577774389, -34.814406116915492 ], [ 173.011813945455202, -34.813787050188992 ], [ 173.011269247832104, -34.813200017640057 ], [ 173.010686634413531, -34.812635041162075 ], [ 173.010224016713863, -34.812000243369212 ], [ 173.009685781641565, -34.811409437513781 ], [ 173.009182346761634, -34.810798379498046 ], [ 173.008636230316057, -34.810212150451406 ], [ 173.008255115324175, -34.809529914219866 ], [ 173.007829009613346, -34.808873850331835 ], [ 173.007074621721017, -34.808408786910562 ], [ 173.006725544362553, -34.807707896908127 ], [ 173.006076276228498, -34.807181662752079 ], [ 173.005548683954885, -34.806584629393413 ], [ 173.004994954650073, -34.8060027989387 ], [ 173.004543932570044, -34.805361205917919 ], [ 173.004028379831482, -34.80475709769199 ], [ 173.00339215064767, -34.804223455371691 ], [ 173.003032609508324, -34.803528169570107 ], [ 173.002248646674758, -34.803081068807792 ], [ 173.001847015025049, -34.802410359536793 ], [ 173.001243634310981, -34.801857637509364 ], [ 173.00064816206509, -34.801300285798021 ], [ 173.000108523123146, -34.800710275998114 ], [ 172.999608464659389, -34.800097113483559 ], [ 172.999049226761173, -34.799518627460039 ], [ 172.998611575598687, -34.798869355620141 ], [ 172.998142991621478, -34.798237858300844 ] ] } },
{ "type": "Feature", "properties": { "group_id": "nzd0027" }, "geometry": { "type": "LineString", "coordinates": [ [ 173.337022209334833, -34.857039875068338 ], [ 173.337884085319331, -34.856848652853728 ], [ 173.338739105271088, -34.856640672154761 ], [ 173.339634483298596, -34.856530329714232 ], [ 173.340469428615052, -34.856329472080205 ], [ 173.341234754403587, -34.856010422284221 ], [ 173.342064688558423, -34.855976988018568 ], [ 173.342756454351616, -34.855816353549656 ], [ 173.343631350177787, -34.855551440452011 ], [ 173.344493252144048, -34.85531070409349 ], [ 173.345325067695143, -34.855125704581717 ], [ 173.346113912851365, -34.854902336664523 ], [ 173.346945418646158, -34.85466169234234 ], [ 173.347869455852589, -34.854415192334507 ], [ 173.348743009014527, -34.854156224817643 ], [ 173.349496498746987, -34.853927650332885 ], [ 173.350314257642822, -34.853702566247811 ], [ 173.351189647119384, -34.853394522083214 ], [ 173.352021515403464, -34.85312561296108 ], [ 173.352777681388318, -34.852859987825077 ], [ 173.353652896824855, -34.852590742803486 ], [ 173.354558490675771, -34.85230135336635 ], [ 173.355328455859024, -34.852068484261352 ], [ 173.356055969945629, -34.851796686654048 ], [ 173.35688783650906, -34.851515872300773 ], [ 173.397157681576857, -34.820454093151916 ], [ 173.397189328828745, -34.819726367039443 ], [ 173.397192773075517, -34.81899357549311 ], [ 173.397137397493367, -34.81825445030244 ], [ 173.396935680978544, -34.817533568037881 ], [ 173.396751665556479, -34.81681204297805 ], [ 173.396547521043459, -34.816054344744074 ], [ 173.395961076878251, -34.815445143363604 ] ] } },
{ "type": "Feature", "properties": { "group_id": "nzd0028" }, "geometry": { "type": "LineString", "coordinates": [ [ 173.295647564998973, -34.861392615641932 ], [ 173.296479848667644, -34.861563018419822 ], [ 173.297323754908547, -34.861684640348408 ], [ 173.298193381501051, -34.861723042300532 ], [ 173.299045947221231, -34.861750458081204 ], [ 173.299953787109615, -34.8617162828697 ], [ 173.300842840893438, -34.861731592915731 ], [ 173.301709020979786, -34.861663141052432 ], [ 173.302593917875328, -34.861601678316838 ], [ 173.30349204334388, -34.861530244070536 ], [ 173.304392761829035, -34.861449479656031 ], [ 173.305283104805255, -34.86136884089931 ], [ 173.306178277974141, -34.861357888276075 ], [ 173.307080300232457, -34.861341109601483 ], [ 173.307990503688842, -34.861311148132977 ], [ 173.308888626001703, -34.861296922976742 ], [ 173.309772735806717, -34.861267170042829 ], [ 173.310664943854846, -34.861163503264052 ], [ 173.311566825055166, -34.861088521501316 ], [ 173.312460661094747, -34.861025475658117 ], [ 173.313347573071752, -34.86095060774322 ], [ 173.314228132970129, -34.860878102805593 ], [ 173.315112004788887, -34.860792273205178 ], [ 173.31600362386655, -34.860674077812433 ], [ 173.316880565021251, -34.86054471748853 ], [ 173.317768713317264, -34.860485048754384 ], [ 173.318667157327326, -34.860410611936501 ], [ 173.319564571147396, -34.860294577241945 ], [ 173.320463915034622, -34.860195364263959 ], [ 173.32134670794656, -34.860111829350913 ], [ 173.322223481242105, -34.859977364493488 ], [ 173.323128841820022, -34.859906885940745 ], [ 173.324016090213377, -34.859756902836239 ], [ 173.32484361430744, -34.859615677076668 ], [ 173.325698058950763, -34.859521098427336 ], [ 173.326610034168709, -34.859390114826816 ], [ 173.327524825318932, -34.859268249188979 ], [ 173.328427888785995, -34.859199164156372 ] ] } },
{ "type": "Feature", "properties": { "group_id": "nzd0029" }, "geometry": { "type": "LineString", "coordinates": [ [ 173.154906602082121, -34.82611621303581 ], [ 173.15523542975194, -34.826810893046442 ], [ 173.155398682024696, -34.827525553318978 ], [ 173.155378860011382, -34.828240561439621 ], [ 173.155400788780724, -34.828969650649597 ], [ 173.155255255833765, -34.82968910857538 ], [ 173.155245551692161, -34.830424952798658 ], [ 173.155131723862212, -34.831149810362845 ], [ 173.155164545948168, -34.831887894493065 ], [ 173.155159300787574, -34.832623230503941 ], [ 173.155233511393789, -34.833353968522879 ], [ 173.155420514901493, -34.834068073716715 ], [ 173.155429628713136, -34.834795724749746 ], [ 173.155659177017753, -34.835506331884325 ], [ 173.155923896817683, -34.836202834358673 ], [ 173.156032261153825, -34.836937087988645 ], [ 173.156352064114799, -34.837624822980004 ], [ 173.15663443849752, -34.838323764356055 ], [ 173.156963741831333, -34.839012728678185 ], [ 173.157189423890912, -34.83971962698223 ], [ 173.157592305184465, -34.840371586994713 ], [ 173.157960484011113, -34.841036533221533 ], [ 173.158387232165609, -34.841672463225592 ], [ 173.158754745465046, -34.842357710969921 ], [ 173.159205634676766, -34.842992995701955 ], [ 173.159762861125017, -34.843568418452314 ], [ 173.160325308724907, -34.844139223481555 ], [ 173.160856871088555, -34.844729854877365 ], [ 173.161427429295458, -34.845291719247179 ], [ 173.162062111293153, -34.84581299518598 ], [ 173.162671217285947, -34.846337310207353 ], [ 173.163226556215079, -34.84692085638936 ], [ 173.163871054125281, -34.847434446358314 ], [ 173.164557204636623, -34.84791341293792 ], [ 173.165165315446188, -34.848460066674086 ], [ 173.165821511364442, -34.848972910445205 ], [ 173.166479256986094, -34.849470449456049 ], [ 173.167151140903172, -34.849941687992491 ], [ 173.167753194116074, -34.850480196018751 ], [ 173.168356053480636, -34.851006542373483 ], [ 173.16901831606765, -34.851509881948438 ], [ 173.169674874240712, -34.852018115719879 ], [ 173.170351756360844, -34.85250689807372 ], [ 173.170930939151418, -34.853076273202674 ], [ 173.171595485051341, -34.853570392472093 ], [ 173.172226017158835, -34.854093105828028 ], [ 173.172809045256855, -34.854650500705468 ], [ 173.173440932311792, -34.855174185855788 ], [ 173.174053967465369, -34.855694886755742 ], [ 173.174728240274334, -34.856137553548436 ], [ 173.175421553707537, -34.856603455444386 ], [ 173.176177140262439, -34.857029236406333 ], [ 173.176936402981454, -34.857443460853808 ], [ 173.177637416664908, -34.857877204608613 ], [ 173.178346082119759, -34.85834505880841 ], [ 173.178921524827302, -34.858928909620161 ], [ 173.179573291456506, -34.859434836659155 ], [ 173.180299213974166, -34.859892332725785 ], [ 173.180947893105184, -34.860393154384425 ], [ 173.18156928903457, -34.860894339851122 ], [ 173.182242992937205, -34.86138974389975 ], [ 173.182956156325275, -34.861834122510189 ], [ 173.183609842791697, -34.862303332226141 ], [ 173.184343492072855, -34.862714669484411 ], [ 173.185093223990833, -34.863074364335937 ], [ 173.185873861614368, -34.863420774751056 ], [ 173.186692696025261, -34.863783884057888 ], [ 173.187466875984285, -34.864168863131262 ], [ 173.188173695387746, -34.864580027989462 ], [ 173.18893485506598, -34.864971093951809 ], [ 173.18969216311578, -34.865395263170903 ], [ 173.190387887335447, -34.865858064916573 ], [ 173.191124773222668, -34.866246752926479 ], [ 173.191904438440446, -34.86659695524024 ], [ 173.192690880672643, -34.866967757976269 ], [ 173.193469681012886, -34.86732513860256 ], [ 173.194269625231868, -34.86763703169914 ], [ 173.195093872244286, -34.867978229571378 ], [ 173.195932285734386, -34.86829398232188 ], [ 173.196689560349114, -34.868620785508881 ], [ 173.197475065789916, -34.868993406122598 ], [ 173.198241022010592, -34.869424383369186 ], [ 173.199008903729123, -34.869808472955718 ], [ 173.199784106768732, -34.87017605153433 ], [ 173.20050097788581, -34.870546930910571 ], [ 173.201235380308447, -34.870844313247247 ], [ 173.202010753544187, -34.871143550516379 ], [ 173.202815716849699, -34.871415457761223 ], [ 173.203659950586996, -34.871707051537726 ], [ 173.204509221522898, -34.871990945642992 ], [ 173.205336135029597, -34.872255135577895 ], [ 173.206147871018828, -34.872512297788752 ], [ 173.206995689677882, -34.872753341915292 ], [ 173.207843057455875, -34.873011163625797 ], [ 173.208690642326786, -34.87326160982375 ], [ 173.209532474366711, -34.873506593401181 ], [ 173.210345040312319, -34.873835650125301 ], [ 173.211151072740307, -34.874167544743571 ], [ 173.211975039101816, -34.874425785677531 ], [ 173.212807112661295, -34.87470119061625 ], [ 173.213607322350867, -34.875079622084371 ], [ 173.21445648261269, -34.87536705436181 ], [ 173.215253948116214, -34.875685782664512 ], [ 173.216028697322486, -34.876035010483399 ], [ 173.216782408348479, -34.876317606926911 ], [ 173.21757399325449, -34.876567571327065 ], [ 173.218439103107613, -34.876793090155999 ], [ 173.21928438141731, -34.877002654428182 ], [ 173.220105779413331, -34.877010022452886 ], [ 173.221003438532961, -34.877186510134031 ], [ 173.221927876592133, -34.877436989585398 ], [ 173.222767336111986, -34.877742465681557 ], [ 173.223576433490109, -34.877999568013344 ], [ 173.224374438922382, -34.878266510163549 ], [ 173.225206183991105, -34.87854693043554 ], [ 173.226062032783375, -34.878697349566067 ], [ 173.226917171612399, -34.878893663143813 ], [ 173.227791784428348, -34.879073853734425 ], [ 173.228674482854501, -34.879237131723166 ], [ 173.22953968293973, -34.879398948315824 ], [ 173.230408045332837, -34.87949920823187 ], [ 173.231282273409192, -34.879610904708606 ], [ 173.232149485634949, -34.879643885039485 ], [ 173.23303397873525, -34.879704044815206 ], [ 173.233936379096235, -34.879792396382953 ], [ 173.234821025692213, -34.8798757564646 ], [ 173.235721310834549, -34.879982309712275 ], [ 173.236583044930171, -34.8802638576813 ], [ 173.237467235503487, -34.880362089528788 ], [ 173.238357725433161, -34.880434903690713 ], [ 173.239221181948437, -34.88065952986554 ], [ 173.240119319395433, -34.880720521062123 ], [ 173.241022376543611, -34.880746610228897 ], [ 173.241893188875736, -34.880944497754378 ], [ 173.242796615289393, -34.880977527067721 ], [ 173.243662135016706, -34.881200643633811 ], [ 173.24454179724745, -34.881362574765532 ], [ 173.245439986119749, -34.88140850694743 ], [ 173.246321873761843, -34.881548887254617 ], [ 173.247214076264129, -34.881623602627165 ], [ 173.248088383784051, -34.881822334866591 ], [ 173.248991107419243, -34.881827151224343 ], [ 173.249904010009601, -34.881789365789004 ], [ 173.250790342525505, -34.881912863743928 ], [ 173.251689720341091, -34.881937426951154 ], [ 173.252572732032434, -34.882085949073542 ], [ 173.253480965006872, -34.882084624003227 ], [ 173.254356161239286, -34.882272027606668 ], [ 173.255253435487276, -34.882332274696168 ], [ 173.256149653730887, -34.882385490484893 ], [ 173.257026460519398, -34.882550534314426 ], [ 173.257917022208119, -34.882529438799494 ], [ 173.258796993486243, -34.882566385646925 ], [ 173.259696584154653, -34.882690851632681 ], [ 173.26061244404238, -34.882666891569151 ], [ 173.261543569914693, -34.882646861217815 ], [ 173.262414399457811, -34.882738888173115 ], [ 173.263243588313088, -34.882775472657492 ], [ 173.264175777336334, -34.882839296311175 ], [ 173.265108269821241, -34.882980902275946 ], [ 173.265999202395648, -34.883018497856874 ], [ 173.266873610765913, -34.883124665440008 ], [ 173.267759739825465, -34.883311926960204 ], [ 173.268668363870177, -34.883516299073115 ], [ 173.26957074271499, -34.883765323612863 ], [ 173.270428924850592, -34.884078289928063 ], [ 173.271280619553863, -34.884392118402289 ], [ 173.272061728968538, -34.884800307970487 ], [ 173.272919817365164, -34.885122582439564 ], [ 173.273850462819979, -34.885428273559263 ], [ 173.274676367958051, -34.88586910679863 ], [ 173.275324563456962, -34.886225768917932 ], [ 173.275932288877442, -34.886589054779463 ], [ 173.276670754769668, -34.887078029753305 ], [ 173.277423043046866, -34.887613008552428 ], [ 173.278111511652355, -34.888176047494838 ], [ 173.278804960145436, -34.888745509987984 ], [ 173.279545987141603, -34.889231715932468 ], [ 173.280241815527717, -34.889683678117606 ] ] } },
{ "type": "Feature", "properties": { "group_id": "nzd0030" }, "geometry": { "type": "LineString", "coordinates": [ [ 173.095229492656586, -34.913615460497418 ], [ 173.094721458418121, -34.913007636671054 ], [ 173.094274935282499, -34.912367285106129 ], [ 173.09383290863363, -34.911725365451041 ], [ 173.093391967345582, -34.911082762077257 ], [ 173.092866706819819, -34.910483123874883 ], [ 173.092437209642753, -34.909834678887279 ], [ 173.091932229648421, -34.909224695984115 ], [ 173.091519449653589, -34.908567722107797 ], [ 173.090977846505268, -34.907976393277174 ], [ 173.090505898235421, -34.907349562708823 ], [ 173.090073716092689, -34.90670246202486 ], [ 173.089573884960799, -34.906089831362742 ], [ 173.08910566079021, -34.905461088596844 ], [ 173.088559500299709, -34.90487205846496 ], [ 173.088116219048231, -34.904230594913876 ], [ 173.087647064148001, -34.903602312136798 ], [ 173.087059146172578, -34.903034547910949 ], [ 173.086574927574503, -34.902413932289591 ], [ 173.086207560118055, -34.901733762854555 ], [ 173.085638749007046, -34.901156985576876 ], [ 173.0851421720769, -34.900544666343364 ], [ 173.084691409566233, -34.899907058488026 ], [ 173.084281682681194, -34.899246412348134 ], [ 173.083670464391872, -34.898694044545252 ], [ 173.083210739970809, -34.898060258209931 ], [ 173.08279118735453, -34.897404878534203 ], [ 173.082231428171724, -34.896824842394992 ], [ 173.081881706255302, -34.89613192567986 ], [ 173.081363221229537, -34.895529699216155 ], [ 173.080796626570276, -34.894953322722763 ], [ 173.080241668889954, -34.89437068773988 ], [ 173.079813895035926, -34.89371969832812 ], [ 173.079267965264108, -34.893132202430792 ], [ 173.078865297596451, -34.892467711351465 ], [ 173.078253048487852, -34.891915846939632 ], [ 173.077686436480093, -34.891339451970538 ], [ 173.077313326555355, -34.890659062428021 ], [ 173.076756084410846, -34.890077622811461 ], [ 173.076281417987531, -34.889452990489524 ], [ 173.075757070328393, -34.888857707485542 ], [ 173.075228578398935, -34.888263880773124 ], [ 173.074734871187445, -34.887647851011494 ], [ 173.074243489681521, -34.88703047567035 ], [ 173.073684070972575, -34.886452329912665 ], [ 173.073245933986897, -34.885804241933357 ], [ 173.072753030825282, -34.885187730721142 ], [ 173.072254950321707, -34.884574200612754 ], [ 173.071826408232738, -34.883920566145619 ], [ 173.071284294059637, -34.88333241953471 ], [ 173.070849179325364, -34.882682566260883 ], [ 173.070196986554237, -34.882157888625358 ], [ 173.069768136752032, -34.881504413808123 ], [ 173.069197997394497, -34.880932410462151 ], [ 173.068640485816985, -34.880352421509038 ], [ 173.068235612716393, -34.87968664444319 ], [ 173.067778415875694, -34.879051804836287 ], [ 173.067375876676266, -34.878387646642572 ], [ 173.066763170701222, -34.877835216752082 ], [ 173.066366360408779, -34.87716800352046 ], [ 173.065885848309961, -34.876545284795874 ], [ 173.065224424580123, -34.876018741258129 ], [ 173.064827146922084, -34.875351762544554 ], [ 173.064245907420741, -34.874782580573687 ], [ 173.063794742760393, -34.874144240992969 ], [ 173.063294622434427, -34.873531923526343 ], [ 173.06269201518262, -34.872974087517079 ], [ 173.062191486068485, -34.87236197807983 ], [ 173.061632638821379, -34.871781599439728 ], [ 173.0611901284814, -34.871145022369824 ], [ 173.060626546109035, -34.87057598090383 ], [ 173.060075021323911, -34.869993727461932 ], [ 173.059793588972155, -34.869250492375727 ], [ 173.059097335799834, -34.868754489749676 ], [ 173.058614719508256, -34.868131153316661 ], [ 173.05814995030542, -34.867497175474988 ], [ 173.057547015224117, -34.866945541410281 ], [ 173.057140766303263, -34.866276676230129 ], [ 173.056633143956617, -34.865668226206438 ], [ 173.056123981926333, -34.865060689507338 ], [ 173.055582751910379, -34.864472152595027 ], [ 173.055001069150848, -34.863906522031428 ], [ 173.054466319178573, -34.863313377809348 ], [ 173.053957077243723, -34.862706156608283 ], [ 173.053385981241092, -34.862134222285668 ], [ 173.052954875063392, -34.861482411148273 ], [ 173.052397892702771, -34.86090241527971 ], [ 173.051902899954428, -34.860287046227604 ], [ 173.051360184241361, -34.859698901475376 ], [ 173.050843602748813, -34.859095841150449 ], [ 173.050413851112097, -34.85844328180152 ], [ 173.049786944578614, -34.85790736971186 ], [ 173.049308613948568, -34.857284268875368 ], [ 173.048807137232359, -34.856671384287402 ], [ 173.048221867088898, -34.856110250269715 ], [ 173.047755479697059, -34.855475684386654 ] ] } },
{ "type": "Feature", "properties": { "group_id": "nzd0031" }, "geometry": { "type": "LineString", "coordinates": [ [ 173.382589475253639, -34.874737037304243 ], [ 173.381683365716839, -34.874797215587712 ], [ 173.380772310768606, -34.874978088704843 ], [ 173.379965632261275, -34.875374653949727 ], [ 173.379267826910223, -34.875846982293552 ], [ 173.378577738911105, -34.876311720815195 ], [ 173.37795786792222, -34.876852345473139 ], [ 173.377197138585473, -34.877265646123078 ], [ 173.376648889436495, -34.87788812073812 ], [ 173.375994005114649, -34.878406491441098 ], [ 173.375501393966204, -34.87901214001861 ], [ 173.375000637932061, -34.879602345961068 ], [ 173.374606435180169, -34.88027465549343 ], [ 173.374138574162515, -34.880904475896756 ], [ 173.373790711393042, -34.881584992064894 ], [ 173.373380481486379, -34.882230604128665 ], [ 173.37298111345558, -34.882889222961275 ], [ 173.372631284786081, -34.883564573472924 ], [ 173.372268402743856, -34.884238530003508 ], [ 173.371950003928731, -34.884927148260566 ], [ 173.371669901829137, -34.885626634477767 ], [ 173.371413244731855, -34.886332403283149 ], [ 173.371203128076473, -34.887044906550379 ], [ 173.370790196065258, -34.887694897449002 ], [ 173.370498116475176, -34.888384371455047 ], [ 173.370271557382353, -34.888983145374816 ], [ 173.3701772439004, -34.889699014941321 ], [ 173.369960189631342, -34.890409926769856 ], [ 173.369860329194694, -34.891145055601456 ], [ 173.369635570437111, -34.891859068350726 ], [ 173.369529164208672, -34.892590893483309 ], [ 173.369410329244886, -34.893320892103247 ], [ 173.36928602433369, -34.894050909630622 ], [ 173.369193037993682, -34.894781587820468 ], [ 173.369131486733266, -34.895516923875149 ], [ 173.369067427429144, -34.896248811625242 ], [ 173.369013104861125, -34.896958948257286 ], [ 173.368940995218338, -34.897682051180972 ], [ 173.368940506205888, -34.898408300376417 ], [ 173.368966465094871, -34.89914474306736 ], [ 173.368938283554627, -34.899878856491277 ], [ 173.369066453695012, -34.900592825126651 ], [ 173.369086222716703, -34.901330804156778 ], [ 173.369222922082713, -34.90206171080316 ], [ 173.36927318902579, -34.902798495485825 ], [ 173.369468587989928, -34.903523919401771 ], [ 173.369595327205104, -34.904255041545355 ], [ 173.369695347696592, -34.904982273111223 ], [ 173.369748677338549, -34.905712915552819 ], [ 173.369884786730012, -34.906438364531766 ], [ 173.369955498972132, -34.907181665776555 ], [ 173.37002931833905, -34.907916453398627 ], [ 173.370200183447366, -34.908628965350516 ], [ 173.370313287842094, -34.909356782272376 ], [ 173.370392428951732, -34.910093245823447 ], [ 173.370612619544005, -34.910806971208913 ], [ 173.370755282751588, -34.911531097799745 ], [ 173.370932951052708, -34.91225203370297 ], [ 173.371109741800268, -34.91297563220585 ], [ 173.371270473467291, -34.913693910776963 ], [ 173.371393422168012, -34.914422043455296 ], [ 173.371611773153376, -34.91513690101246 ], [ 173.37178810030764, -34.915856978927899 ], [ 173.371925197629508, -34.916587860667086 ], [ 173.372092361872888, -34.917308233597041 ], [ 173.372088927495497, -34.918019025995747 ], [ 173.372074437893986, -34.918793144242038 ], [ 173.372469355833772, -34.919495934555897 ], [ 173.372923482306163, -34.92009982689946 ], [ 173.373128958516844, -34.920801072106826 ], [ 173.373446563154545, -34.921501543845984 ], [ 173.37368212133407, -34.922195327591609 ], [ 173.373918353580052, -34.922882272656011 ], [ 173.374162821618967, -34.923598253981865 ], [ 173.374416566173096, -34.924307499905048 ], [ 173.374649598114217, -34.925007776464383 ], [ 173.374874215697332, -34.925717527281265 ], [ 173.375136495687656, -34.92642691328907 ], [ 173.37540257892789, -34.92714047228116 ], [ 173.375697288325085, -34.927844829134052 ], [ 173.375956279677126, -34.928554679076001 ], [ 173.376213195858242, -34.929256251884652 ], [ 173.376505853609956, -34.929934311535511 ], [ 173.376818087954291, -34.930642126524845 ], [ 173.377154544262225, -34.931315832364113 ], [ 173.37741220722944, -34.931993424326812 ], [ 173.377731683280473, -34.932703646693405 ], [ 173.378039724082782, -34.933388471677254 ], [ 173.378309245831815, -34.934075177756938 ], [ 173.378639100294521, -34.934766522515119 ], [ 173.379002046510436, -34.935474272571369 ], [ 173.37934170562977, -34.936168656021444 ], [ 173.379675192251483, -34.936792768810385 ], [ 173.380037857941176, -34.937457232803169 ], [ 173.380397401755062, -34.938147824005171 ], [ 173.380778130405758, -34.938836615861817 ], [ 173.381174496622378, -34.93952082010361 ], [ 173.381576372881199, -34.940170808032029 ], [ 173.381971155558887, -34.940812395154495 ], [ 173.382407575680787, -34.941455126544163 ], [ 173.382792037731718, -34.942119305739368 ], [ 173.383250996821204, -34.942761961120297 ], [ 173.383666934066554, -34.943419154381047 ], [ 173.384115978644189, -34.944055092437843 ], [ 173.384563604702805, -34.944693319007612 ], [ 173.384985832785219, -34.945337599182885 ], [ 173.385437811143788, -34.945972425781491 ], [ 173.385889159488016, -34.946616387397128 ], [ 173.386362652418256, -34.947255674279738 ], [ 173.386818152062602, -34.947898038439284 ], [ 173.387241858434209, -34.948532653329664 ], [ 173.387730742979784, -34.949144714416306 ], [ 173.388223182987502, -34.94975669725045 ], [ 173.388689995080114, -34.950367385931692 ], [ 173.38920314686905, -34.950979101257033 ], [ 173.38972012941673, -34.951593129756866 ], [ 173.390224800462761, -34.952206722592372 ], [ 173.390777120786765, -34.952792119056106 ], [ 173.391289446510058, -34.953405356765423 ], [ 173.391820919427687, -34.95399800976093 ], [ 173.392345258291243, -34.954584800256434 ], [ 173.392898528042195, -34.955160817478081 ], [ 173.393398070460307, -34.955764476245413 ], [ 173.393944046880023, -34.956354076800253 ], [ 173.394504946425485, -34.956937317280442 ], [ 173.395050556146231, -34.957522892980009 ], [ 173.395618613993605, -34.958094351997531 ], [ 173.3961358631704, -34.958697961410323 ], [ 173.396720696736821, -34.95925756147502 ], [ 173.39731730444106, -34.959809537480616 ], [ 173.397859765322551, -34.960396552067884 ], [ 173.398456298440522, -34.960949845800506 ], [ 173.399031996473269, -34.961516297214068 ], [ 173.399612363129421, -34.962078283400572 ] ] } },
{ "type": "Feature", "properties": { "group_id": "nzd0032" }, "geometry": { "type": "LineString", "coordinates": [ [ 173.573612398653211, -34.939687364807696 ], [ 173.572798697647983, -34.940240911054062 ], [ 173.572675422603055, -34.941035464134153 ], [ 173.572700217244233, -34.941798112884101 ] ] } },
{ "type": "Feature", "properties": { "group_id": "nzd0033" }, "geometry": { "type": "LineString", "coordinates": [ [ 173.137318780194505, -34.974586816853801 ], [ 173.136907119194262, -34.97393240363597 ], [ 173.136522405923841, -34.973267155246589 ], [ 173.136123070365613, -34.972607777969216 ], [ 173.135764614963477, -34.971931966231701 ], [ 173.135323001587068, -34.971289569105167 ], [ 173.134927288910376, -34.970628719834153 ], [ 173.134536426117791, -34.969965916118824 ], [ 173.134204857154941, -34.969279277594417 ], [ 173.13375246254617, -34.968641192067167 ], [ 173.133387246278488, -34.967968065260024 ], [ 173.132945256485556, -34.967325787539743 ], [ 173.132602044479228, -34.966643211831304 ], [ 173.132233733307999, -34.965969064725051 ], [ 173.131817874711999, -34.965315078178214 ], [ 173.131472351757026, -34.964632465586348 ], [ 173.131070354461684, -34.963973995956287 ], [ 173.130642260122983, -34.963326680149443 ], [ 173.130203952796222, -34.962683726205022 ], [ 173.129732593585544, -34.962054900007516 ], [ 173.129272625405036, -34.961421197844274 ], [ 173.128852716984767, -34.960770361004762 ], [ 173.128411313559639, -34.960128710209318 ], [ 173.127983525465083, -34.95948123232057 ], [ 173.127543613101466, -34.95883893357238 ], [ 173.127187273451995, -34.958160893894899 ], [ 173.12675265717715, -34.957516320134985 ], [ 173.126348046351836, -34.956858910794494 ], [ 173.125906853345953, -34.956217138871295 ], [ 173.125509338100102, -34.955556685020596 ], [ 173.125112877942087, -34.954895774777015 ], [ 173.124696908434004, -34.954243201591119 ], [ 173.124304122443789, -34.953579732020955 ], [ 173.12379614024033, -34.952966990605006 ], [ 173.123309570631591, -34.952346562940299 ], [ 173.122897626430955, -34.951691512515254 ], [ 173.122507302135148, -34.95102635133312 ], [ 173.122054443324856, -34.950390415380731 ], [ 173.121675207020814, -34.949720061245955 ], [ 173.121205469786105, -34.949092004731931 ], [ 173.120784380733767, -34.948441203675621 ], [ 173.120323515738818, -34.947808990041651 ], [ 173.119859376055388, -34.947178302106821 ], [ 173.119450048014329, -34.946521988567021 ], [ 173.118986333906406, -34.945891091720291 ], [ 173.118574146274113, -34.945236633763038 ], [ 173.118095340177263, -34.944613883337233 ], [ 173.117663039378442, -34.943969171922177 ], [ 173.117200790369395, -34.943336780999608 ], [ 173.116728132669664, -34.942708953366171 ], [ 173.116198186128941, -34.942107522664244 ], [ 173.115791905308555, -34.941452706890665 ], [ 173.115360109682626, -34.940807731211315 ], [ 173.114880058434068, -34.940184931592626 ], [ 173.114488932557151, -34.939519000145388 ], [ 173.11400111050807, -34.93889995940517 ], [ 173.113578319588754, -34.93824937496737 ], [ 173.113071395998759, -34.937639588313502 ], [ 173.112666473680093, -34.93698032810218 ], [ 173.112193694699897, -34.936353972173066 ], [ 173.11175820276631, -34.9357095277892 ], [ 173.111428189923089, -34.935013922791519 ], [ 173.110937443525103, -34.934396266053383 ], [ 173.110479293287426, -34.933762795772928 ], [ 173.110008996795216, -34.933135211344286 ], [ 173.109539235132104, -34.932507362633046 ], [ 173.109026319485849, -34.931900438093948 ], [ 173.108623966695973, -34.931239887218851 ], [ 173.108118757355214, -34.930629085286164 ], [ 173.107653771423116, -34.929998535695795 ], [ 173.107215301186358, -34.929355645157095 ], [ 173.106753964136345, -34.928723490541671 ], [ 173.106333334929673, -34.928072332531926 ], [ 173.10594143132468, -34.927407763173029 ], [ 173.10546603833285, -34.926782401412069 ], [ 173.104948090263264, -34.926179669141177 ], [ 173.104438544307015, -34.925572382559572 ], [ 173.104069468050398, -34.9248926032787 ], [ 173.103502254264697, -34.924315008402537 ], [ 173.102980147448164, -34.923714144907493 ], [ 173.102529040367074, -34.923076658668577 ], [ 173.102027734176801, -34.922465057808601 ], [ 173.101590228076532, -34.921820547347657 ], [ 173.101088581767101, -34.921209198797385 ], [ 173.100599368032675, -34.920592334742508 ], [ 173.100116576693694, -34.919972022690352 ], [ 173.099717443274528, -34.91930618402764 ], [ 173.09926999290218, -34.918666122962293 ], [ 173.098748797582857, -34.918065408269165 ], [ 173.098186092542988, -34.917486838907337 ], [ 173.097691378258446, -34.916871984382759 ], [ 173.097216406124119, -34.916246590600942 ], [ 173.096750909740763, -34.915616135790657 ], [ 173.096251368654094, -34.915003842932158 ], [ 173.095775704001341, -34.91437880469195 ], [ 173.095338356645755, -34.9137333152091 ] ] } },
{ "type": "Feature", "properties": { "group_id": "nzd0034" }, "geometry": { "type": "LineString", "coordinates": [ [ 173.57324415684775, -34.943518895967209 ], [ 173.573744573812945, -34.944066565487994 ], [ 173.574482813480756, -34.944446139979803 ], [ 173.575300334377204, -34.944725513089047 ], [ 173.576148113766379, -34.94491643568449 ], [ 173.5770011543122, -34.945006861283453 ], [ 173.577860009854078, -34.945020473784282 ] ] } },
{ "type": "Feature", "properties": { "group_id": "nzd0035" }, "geometry": { "type": "LineString", "coordinates": [ [ 173.619494015963852, -34.950491350974254 ], [ 173.619626368800851, -34.951244551098476 ], [ 173.620002100380674, -34.951941930743871 ], [ 173.620665585790732, -34.952441610567419 ] ] } },
{ "type": "Feature", "properties": { "group_id": "nzd0036" }, "geometry": { "type": "LineString", "coordinates": [ [ 173.670180294532287, -34.961710162295134 ], [ 173.671087026208198, -34.961736061735493 ], [ 173.671992475514571, -34.961654705884285 ], [ 173.672865405991075, -34.961433633902907 ], [ 173.673715778198584, -34.961175292140531 ], [ 173.674560096477308, -34.960890904835502 ], [ 173.67535454317354, -34.960538451650685 ], [ 173.676124364605329, -34.960140370997991 ], [ 173.676847974399038, -34.95968243458443 ], [ 173.677548620745171, -34.95917612995391 ], [ 173.678131074400312, -34.958558045734769 ], [ 173.678635312646378, -34.957907185975472 ] ] } },
{ "type": "Feature", "properties": { "group_id": "nzd0037" }, "geometry": { "type": "LineString", "coordinates": [ [ 173.641532299139584, -34.964174999700454 ], [ 173.642272913804618, -34.964595223141259 ], [ 173.642980899719959, -34.965082216623443 ], [ 173.643814298374963, -34.965445068359024 ], [ 173.644666443082087, -34.965771337182758 ], [ 173.645565350526084, -34.966176531976814 ], [ 173.646591431604776, -34.966052633003862 ], [ 173.647498409017686, -34.965888813222662 ], [ 173.648382550408257, -34.96566347923109 ], [ 173.649269913247423, -34.96587165385931 ], [ 173.650234830703056, -34.96580669195621 ], [ 173.65113396851612, -34.965531050279459 ] ] } },
{ "type": "Feature", "properties": { "group_id": "nzd0038" }, "geometry": { "type": "LineString", "coordinates": [ [ 173.652979964021114, -34.96662536497977 ], [ 173.653861725780217, -34.966786781792578 ], [ 173.654734418391399, -34.967013960987877 ] ] } },
{ "type": "Feature", "properties": { "group_id": "nzd0040" }, "geometry": { "type": "LineString", "coordinates": [ [ 173.50447207016731, -34.989336050744306 ], [ 173.505254260636491, -34.989698808528715 ], [ 173.506086176118458, -34.990053914652869 ], [ 173.507011333549087, -34.990262105873526 ], [ 173.507913409692833, -34.990303431025012 ], [ 173.508827632023525, -34.990256061573291 ], [ 173.509735230305324, -34.990121745930693 ], [ 173.510652419749306, -34.990134666642469 ], [ 173.511560760993376, -34.990138499294808 ], [ 173.512451922890534, -34.989976732833895 ], [ 173.513354797960545, -34.989832773637204 ], [ 173.514225530332766, -34.98961610312228 ], [ 173.515099486615981, -34.989445505680536 ], [ 173.515975733385119, -34.989211576655507 ], [ 173.516874587882882, -34.989000151572974 ], [ 173.517706411374945, -34.988690639959863 ], [ 173.518516178423823, -34.988321434494992 ], [ 173.51929831700636, -34.987894438106252 ], [ 173.520007972225841, -34.987359304625187 ], [ 173.520579255882296, -34.986755482170111 ] ] } },
{ "type": "Feature", "properties": { "group_id": "nzd0041" }, "geometry": { "type": "LineString", "coordinates": [ [ 173.479732011877786, -34.989171945434336 ], [ 173.480457358138722, -34.989596290922471 ], [ 173.481324941535462, -34.989783948468379 ], [ 173.482196580879162, -34.989911668829755 ], [ 173.483055872134969, -34.99011617875 ], [ 173.483937064507984, -34.990256293722517 ], [ 173.484818275495456, -34.990348761765823 ], [ 173.485704823154975, -34.990515189299856 ], [ 173.486580333869796, -34.990572784959788 ] ] } },
{ "type": "Feature", "properties": { "group_id": "nzd0044" }, "geometry": { "type": "LineString", "coordinates": [ [ 173.791313321813959, -35.001835170386393 ], [ 173.792191927387165, -35.002007763097481 ], [ 173.793091380556177, -35.002029577025894 ], [ 173.793986190242777, -35.002039250670911 ], [ 173.794858716834483, -35.00188995449296 ], [ 173.795654276114391, -35.001593009449223 ] ] } },
{ "type": "Feature", "properties": { "group_id": "nzd0045" }, "geometry": { "type": "LineString", "coordinates": [ [ 173.779853287409708, -35.006965544519616 ], [ 173.780648337372241, -35.006788443046297 ], [ 173.781457067105435, -35.006558071238118 ], [ 173.782292671822148, -35.006278438641431 ], [ 173.783112750172222, -35.005982674146729 ], [ 173.783906639472349, -35.00565733120154 ], [ 173.784677966082199, -35.005320787702509 ], [ 173.785403112664227, -35.004916435311372 ], [ 173.78606718768421, -35.004469420134214 ], [ 173.786711533009623, -35.003974118661489 ], [ 173.787369149789924, -35.003467090453519 ], [ 173.788094406958805, -35.003040719439412 ], [ 173.788830793730597, -35.002632796820492 ] ] } },
{ "type": "Feature", "properties": { "group_id": "nzd0046" }, "geometry": { "type": "LineString", "coordinates": [ [ 173.168020489741792, -35.039607687717897 ], [ 173.167873548726988, -35.038878112501571 ], [ 173.167610048353737, -35.038174100649549 ], [ 173.167353131207051, -35.037469049893794 ], [ 173.167098424730966, -35.036763503635143 ], [ 173.166803980383037, -35.036066747528103 ], [ 173.166513983440439, -35.035369000812295 ], [ 173.166299280900404, -35.034654580899257 ], [ 173.166084307995192, -35.033940214634413 ], [ 173.165859698980597, -35.033227975222623 ], [ 173.165528967101238, -35.032539221029971 ], [ 173.165271707630978, -35.031834196836719 ], [ 173.165054222340245, -35.031120362045321 ], [ 173.164864714290275, -35.030399079473703 ], [ 173.164529311019038, -35.029711582318768 ], [ 173.164276403731748, -35.029003902218243 ], [ 173.163950056168147, -35.028318068024547 ], [ 173.163708310271062, -35.027608019994716 ], [ 173.163381790830044, -35.026922223202014 ], [ 173.163166414111544, -35.026204617916804 ], [ 173.162892055319446, -35.025504366704048 ], [ 173.162624746956311, -35.024802312950555 ], [ 173.162388268649892, -35.024091163370031 ], [ 173.162091601472895, -35.023396773498199 ], [ 173.161746740715301, -35.0227158574302 ], [ 173.161543851447334, -35.021995226006318 ], [ 173.161240023433322, -35.021302821227671 ], [ 173.160916167308471, -35.020616012431439 ], [ 173.160617934858067, -35.01992203073489 ], [ 173.160453329938804, -35.019190667014819 ], [ 173.160015023664812, -35.018535852620552 ], [ 173.159733532748788, -35.017835898534649 ], [ 173.15940713813913, -35.017147403938274 ], [ 173.159095506512358, -35.01645570303409 ], [ 173.158825503949828, -35.015752575657096 ], [ 173.158484304133822, -35.015071767280368 ], [ 173.158197650173236, -35.014373849526194 ], [ 173.157825766880364, -35.013702650864857 ], [ 173.157508175131881, -35.013014422541794 ], [ 173.157241034060945, -35.012309892443341 ], [ 173.156928150131961, -35.011619639307042 ], [ 173.156585680103547, -35.010939258933661 ], [ 173.156389238724699, -35.010212478149334 ], [ 173.156016413953978, -35.009541752470604 ], [ 173.155649685439414, -35.008869083459473 ], [ 173.155348917740611, -35.008175443932799 ], [ 173.154986549577501, -35.007501377579572 ], [ 173.154729743048108, -35.006793753947576 ], [ 173.154387815975809, -35.006113179133294 ], [ 173.15407046539454, -35.005428445480675 ], [ 173.153793098847871, -35.004732959883256 ], [ 173.153497979944916, -35.004039003531702 ], [ 173.153289628411414, -35.003319148385017 ], [ 173.152874969753867, -35.002658427411525 ], [ 173.152734825775696, -35.001919007868928 ], [ 173.152185029479739, -35.001297013991554 ], [ 173.151801201455953, -35.000626239274467 ], [ 173.151443264372347, -34.999947944675107 ], [ 173.151114812016118, -34.999258730981936 ], [ 173.150753280732403, -34.998584699403914 ], [ 173.150515102089599, -34.997862453067007 ], [ 173.150242976143829, -34.997153468439194 ], [ 173.149823723281258, -34.996501979585425 ], [ 173.149443882717804, -34.99583508190485 ], [ 173.149053591393738, -34.995174805943769 ], [ 173.148634317941372, -34.994530616235693 ], [ 173.148296734904164, -34.993853635009856 ], [ 173.147997090152046, -34.993158518379232 ], [ 173.147497228267525, -34.992532403907404 ], [ 173.147143072652398, -34.991856064064415 ], [ 173.146780370074367, -34.991182664440927 ], [ 173.146491334682253, -34.990483868622889 ], [ 173.146068846269998, -34.989831063923958 ], [ 173.145610485392694, -34.989190617652774 ], [ 173.145290169838887, -34.988502586233587 ], [ 173.144860421893583, -34.987852266889881 ], [ 173.144475645307239, -34.987186658795352 ], [ 173.144125843984057, -34.986509405656832 ], [ 173.143762917823125, -34.985836091486284 ], [ 173.143369422071459, -34.985174447946932 ], [ 173.142988443770719, -34.984507897441894 ], [ 173.142634852832941, -34.983830617174704 ], [ 173.142195105434013, -34.983187068712382 ], [ 173.141816527722057, -34.982519561995069 ], [ 173.141457779457255, -34.981844285010034 ], [ 173.141133503680408, -34.981155503721858 ], [ 173.140762165456039, -34.980485145858729 ], [ 173.140352235004571, -34.979829894726407 ], [ 173.13998468176149, -34.979157652518616 ], [ 173.139606283415361, -34.978489491381353 ], [ 173.139207832763759, -34.977829759271934 ], [ 173.138832205986432, -34.977160890679741 ], [ 173.13841095950599, -34.976510350378668 ], [ 173.138001073012333, -34.975855239403835 ], [ 173.137602508055551, -34.975195573192124 ] ] } },
{ "type": "Feature", "properties": { "group_id": "nzd0047" }, "geometry": { "type": "LineString", "coordinates": [ [ 173.77697340338068, -35.007542797143905 ], [ 173.777864986571615, -35.007444792050684 ] ] } },
{ "type": "Feature", "properties": { "group_id": "nzd0050" }, "geometry": { "type": "LineString", "coordinates": [ [ 173.859034443592464, -35.018359615175811 ], [ 173.859547070533637, -35.018980560844362 ], [ 173.860708374610795, -35.018873806688028 ] ] } },
{ "type": "Feature", "properties": { "group_id": "nzd0051" }, "geometry": { "type": "LineString", "coordinates": [ [ 173.86595009480618, -35.021199043184339 ], [ 173.866837720376509, -35.021076796956613 ], [ 173.867719524836133, -35.020942380740884 ], [ 173.868572011373374, -35.020815354969379 ], [ 173.869415889439125, -35.020650886847868 ], [ 173.870227101450325, -35.020388102182167 ], [ 173.870956226721006, -35.020008594896218 ], [ 173.871542071772382, -35.019496137553666 ] ] } },
{ "type": "Feature", "properties": { "group_id": "nzd0052" }, "geometry": { "type": "LineString", "coordinates": [ [ 173.862421001107407, -35.020593525355387 ], [ 173.863178244043411, -35.020982632214206 ], [ 173.863980922558198, -35.021294584124341 ] ] } },
{ "type": "Feature", "properties": { "group_id": "nzd0054" }, "geometry": { "type": "LineString", "coordinates": [ [ 173.175018785881321, -35.108890310716802 ], [ 173.175261838171423, -35.108170769959983 ], [ 173.175246315326945, -35.107431521060562 ], [ 173.175331332811027, -35.106699926037365 ], [ 173.175380173355933, -35.105965567978267 ], [ 173.175494519735508, -35.10523576326738 ], [ 173.175552863104286, -35.104500015323801 ], [ 173.175552586366251, -35.103761519784833 ], [ 173.17564477253282, -35.103030069017095 ], [ 173.175655878954984, -35.102293985911331 ], [ 173.175802894659171, -35.101565650099793 ], [ 173.1758370247301, -35.100830867357544 ], [ 173.175912716755448, -35.100098449212688 ], [ 173.175942046090313, -35.099363379370885 ], [ 173.175931253900501, -35.098626013846172 ], [ 173.176055296828366, -35.097896334504654 ], [ 173.176127351021222, -35.097162020268563 ], [ 173.176124208735956, -35.096422965207886 ], [ 173.176202014070185, -35.095686646157894 ], [ 173.176179728809103, -35.09495146200851 ], [ 173.176223311659754, -35.094216739185242 ], [ 173.176280306937628, -35.093482105011063 ], [ 173.176291129588606, -35.092747136199385 ], [ 173.176349207873272, -35.092012496454686 ], [ 173.176307755797382, -35.091277143047229 ], [ 173.176303171886474, -35.090542044912894 ], [ 173.176255455501718, -35.089806633718553 ], [ 173.176407144378317, -35.089072632508781 ], [ 173.176411969041624, -35.088336439319157 ], [ 173.176364473458108, -35.087600142371954 ], [ 173.176358539946079, -35.086864974572549 ], [ 173.176311640568798, -35.086129940608231 ], [ 173.176306812260549, -35.08539486041542 ], [ 173.176285858923308, -35.084659788770622 ], [ 173.176214132900242, -35.083923209457012 ], [ 173.176268727392966, -35.083184371831884 ], [ 173.176106202508521, -35.08245344835705 ], [ 173.176152234851628, -35.081716404614262 ], [ 173.176041764188028, -35.080984151129478 ], [ 173.176103699384754, -35.080246606704847 ], [ 173.175941534692527, -35.079515653382721 ], [ 173.17596019850086, -35.078777870712621 ], [ 173.175927382517386, -35.078042510986783 ], [ 173.175782105691212, -35.077313591076447 ], [ 173.175773613043759, -35.076577292643975 ], [ 173.175647275056946, -35.075847338849272 ], [ 173.175657863912335, -35.075109120544589 ], [ 173.175526292476206, -35.074379642825036 ], [ 173.175434432510002, -35.073647996632253 ], [ 173.175469340787885, -35.07290530634198 ], [ 173.175278663871978, -35.072182775971491 ], [ 173.175210131189885, -35.071449319795583 ], [ 173.17507622929682, -35.070721700859728 ], [ 173.174960426971069, -35.069991785519044 ], [ 173.174911365851301, -35.069254120504773 ], [ 173.174819571565479, -35.068522098941401 ], [ 173.174676926467811, -35.067796079614979 ], [ 173.174568795083559, -35.0670659971492 ], [ 173.174403447507046, -35.066342633248226 ], [ 173.17428829186241, -35.065613363414748 ], [ 173.174251100275399, -35.064874923271461 ], [ 173.174078652289978, -35.064152374510755 ], [ 173.173989905762568, -35.063419375993455 ], [ 173.173834513733567, -35.062691745696213 ], [ 173.173690004056738, -35.061963163882723 ], [ 173.17358643125749, -35.061231078671462 ], [ 173.173373067972562, -35.060515594870381 ], [ 173.173285793894564, -35.059781031286555 ], [ 173.173205621422568, -35.059045386916317 ], [ 173.17289782808686, -35.058344168427261 ], [ 173.172926722422687, -35.05759201253953 ], [ 173.172608923849197, -35.056892294904102 ], [ 173.172479219542311, -35.056164117577524 ], [ 173.172461176314471, -35.055419042497824 ], [ 173.172127134435613, -35.054721763027786 ], [ 173.171977310576409, -35.053995137124602 ], [ 173.171811186863778, -35.05327089537154 ], [ 173.171573136530668, -35.052559791941825 ], [ 173.171468963870836, -35.051827000313196 ], [ 173.171269748723461, -35.051109626435064 ], [ 173.171101756429152, -35.050387179114232 ], [ 173.171044448241162, -35.049645191573887 ], [ 173.170764690538618, -35.048938409492891 ], [ 173.170491715308856, -35.048233022022373 ], [ 173.170435785694679, -35.047489679988118 ], [ 173.170165773510661, -35.046785512327375 ], [ 173.169939418998098, -35.046073348275087 ], [ 173.169829064150889, -35.045339947889559 ], [ 173.169609827013659, -35.044623570673529 ], [ 173.169366163445687, -35.043911629107555 ], [ 173.169168270347427, -35.043193128209737 ], [ 173.168947471961673, -35.042480219274282 ], [ 173.16866016937189, -35.041781189834332 ], [ 173.16847849642258, -35.041060099296161 ], [ 173.168261418220482, -35.04034639495169 ] ] } },
{ "type": "Feature", "properties": { "group_id": "nzd0057" }, "geometry": { "type": "LineString", "coordinates": [ [ 174.012129937153674, -35.121816526824055 ], [ 174.01299497183112, -35.121616145912071 ] ] } },
{ "type": "Feature", "properties": { "group_id": "nzd0059" }, "geometry": { "type": "LineString", "coordinates": [ [ 173.161007923410978, -35.1496315170156 ], [ 173.161419428230488, -35.148977900393561 ], [ 173.161814450387141, -35.148318029943276 ], [ 173.162238551562439, -35.147669177618454 ], [ 173.16260284474896, -35.146997647251013 ], [ 173.163016362823583, -35.146342216854556 ], [ 173.163334104730211, -35.14565145256821 ], [ 173.163665721512899, -35.144968191290197 ], [ 173.16408966983758, -35.144317751783511 ], [ 173.164384366173891, -35.143621711108935 ], [ 173.164710664238271, -35.142936812772618 ], [ 173.165078936275108, -35.142266715866612 ], [ 173.165510065107696, -35.141618787246863 ], [ 173.165824250430688, -35.140929599145778 ], [ 173.166125466667239, -35.1402358302729 ], [ 173.166435698767145, -35.139545236238021 ], [ 173.166804735230613, -35.138875381068416 ], [ 173.16711187382657, -35.138182346064802 ], [ 173.167491588801141, -35.13751002213462 ], [ 173.167837488843048, -35.136824922270684 ], [ 173.168145961886069, -35.136133457235864 ], [ 173.168332930391841, -35.135412577474753 ], [ 173.168633860553513, -35.134719274651992 ], [ 173.168931203463671, -35.134025097520407 ], [ 173.169137443616336, -35.133308863879414 ], [ 173.169414978461504, -35.132609880266571 ], [ 173.169679562464125, -35.131907755952817 ], [ 173.169989469670924, -35.131214901994362 ], [ 173.170144860602846, -35.130482633176598 ], [ 173.170389579657211, -35.129772274012353 ], [ 173.170578895405299, -35.12905366755745 ], [ 173.170881604788633, -35.128358290298522 ], [ 173.171117013449134, -35.127649116282655 ], [ 173.1713507935699, -35.126939602343988 ], [ 173.171499127435311, -35.126212573304748 ], [ 173.171704225435775, -35.12549188936373 ], [ 173.17186216767422, -35.124763158530648 ], [ 173.172125731842868, -35.124057024684014 ], [ 173.172273670502392, -35.123331904168865 ], [ 173.172433920357264, -35.122608802962596 ], [ 173.172610769454963, -35.121888426657485 ], [ 173.172871287773233, -35.121182032253884 ], [ 173.172968883663401, -35.120448945515335 ], [ 173.1731226521716, -35.119724902108132 ], [ 173.173363164552541, -35.119015147095006 ], [ 173.173491469375193, -35.118286612138476 ], [ 173.173634937412373, -35.117560607746405 ], [ 173.173790072302296, -35.11683654896818 ], [ 173.173899350145888, -35.116104811251667 ], [ 173.174046007228782, -35.115377024335402 ], [ 173.174167213836341, -35.114646023918368 ], [ 173.174338229459948, -35.113920517335394 ], [ 173.17440441926999, -35.113187302114007 ], [ 173.174588437339736, -35.112464313780166 ], [ 173.1746314101336, -35.111729069053119 ], [ 173.174749676342145, -35.111000357053143 ], [ 173.174944321511504, -35.110278272082077 ], [ 173.174979722700442, -35.109542350102103 ] ] } },
{ "type": "Feature", "properties": { "group_id": "nzd0060" }, "geometry": { "type": "LineString", "coordinates": [ [ 173.09512102578816, -35.171899289757562 ], [ 173.095862454139535, -35.172321609949826 ], [ 173.096594553568764, -35.172772697274631 ], [ 173.097442302550888, -35.17307088090871 ], [ 173.09830412758555, -35.173367114723895 ], [ 173.099240509196193, -35.173429026047522 ], [ 173.100155203549832, -35.173299828447441 ], [ 173.101053634124838, -35.173174871064525 ] ] } },
{ "type": "Feature", "properties": { "group_id": "nzd0061" }, "geometry": { "type": "LineString", "coordinates": [ [ 173.11761406898259, -35.177615235884126 ], [ 173.118235951239143, -35.178156140247943 ], [ 173.119007093028699, -35.178595617581315 ], [ 173.119902816675761, -35.178874808542005 ], [ 173.12077487912984, -35.179112826281177 ], [ 173.121699141207074, -35.179149898448195 ], [ 173.122605724355367, -35.179060382892267 ], [ 173.123511599978826, -35.179128335008933 ] ] } },
{ "type": "Feature", "properties": { "group_id": "nzd0062" }, "geometry": { "type": "LineString", "coordinates": [ [ 173.108701335544339, -35.238444327788677 ], [ 173.108156332849831, -35.237860562778359 ], [ 173.107640924293605, -35.237257054011884 ], [ 173.107197605867412, -35.236605455840959 ], [ 173.106602165411374, -35.236055321748147 ], [ 173.106022589727758, -35.235494601554898 ], [ 173.105651174901737, -35.234795030248257 ], [ 173.104960523220001, -35.234308391927421 ], [ 173.104235243569946, -35.233844846587466 ], [ 173.103752249396564, -35.233219689065038 ], [ 173.103222088374054, -35.23262598852633 ], [ 173.102738559744864, -35.232001495618313 ], [ 173.102168514327047, -35.231434718087563 ], [ 173.101628388231234, -35.230847791801786 ], [ 173.101014228858361, -35.230309900645864 ], [ 173.100366561351251, -35.229794211395323 ], [ 173.099809621371492, -35.229218392503384 ], [ 173.099208209474028, -35.228672041302133 ], [ 173.098647726552798, -35.228098562296623 ], [ 173.098084683677115, -35.227526605551411 ], [ 173.097502045491382, -35.226967828105366 ], [ 173.09697152037802, -35.226373303149721 ], [ 173.096451515830267, -35.225771573241943 ], [ 173.095953826378803, -35.225154454400503 ], [ 173.095357470132797, -35.224605356997266 ], [ 173.094878608757483, -35.223975249450298 ], [ 173.09426185120256, -35.223440209899415 ], [ 173.093742017006548, -35.222838343121943 ], [ 173.093144823454821, -35.222291278649493 ], [ 173.09259633186889, -35.221718007431178 ], [ 173.092090206494362, -35.221116763686787 ], [ 173.091412902598819, -35.220617148487584 ], [ 173.09087395484633, -35.220029909039631 ], [ 173.090264557145446, -35.219487280827224 ], [ 173.08966023981742, -35.218941431022934 ], [ 173.089071924865522, -35.21838544285653 ], [ 173.088517737226823, -35.217807838045864 ], [ 173.087947814564131, -35.217239400231968 ], [ 173.087479151270315, -35.21659766317358 ], [ 173.086762169257895, -35.216133703242178 ], [ 173.086239928909009, -35.215527718843248 ], [ 173.085719111158653, -35.214920641518219 ], [ 173.08517967734133, -35.214327816332975 ], [ 173.084556588897698, -35.213799048047207 ], [ 173.083974435340537, -35.213238929455059 ], [ 173.083209974862854, -35.212818412303264 ], [ 173.08262423436625, -35.21226103339955 ], [ 173.081945023090469, -35.211775227617245 ], [ 173.081264904816294, -35.211290112593588 ], [ 173.080740708578702, -35.210685594879948 ], [ 173.080250646241154, -35.21005358402418 ], [ 173.079575660934466, -35.209562840893625 ], [ 173.078925356526213, -35.209054545982504 ], [ 173.078285580458925, -35.208538924503081 ], [ 173.077651246689214, -35.208019029916017 ], [ 173.077039988302516, -35.207481028768314 ], [ 173.076478964962945, -35.206903613873422 ], [ 173.075846037852756, -35.206382605379503 ], [ 173.075286478263592, -35.20580403535395 ], [ 173.074658450273404, -35.205279176536777 ], [ 173.074025078469134, -35.204758506536081 ], [ 173.073436218350679, -35.204202913017198 ], [ 173.072647246981006, -35.203804305610632 ], [ 173.071821599180055, -35.203434466449437 ], [ 173.071215088445285, -35.202892709440938 ], [ 173.070654187401061, -35.202314831688383 ], [ 173.070088155810197, -35.201744550639368 ], [ 173.069564982857656, -35.201146858520623 ], [ 173.069024184719865, -35.200560098924896 ], [ 173.068352942493306, -35.200059996220915 ], [ 173.067748961232752, -35.19953528231153 ], [ 173.067148413052649, -35.198918899471352 ] ] } },
{ "type": "Feature", "properties": { "group_id": "nzd0063" }, "geometry": { "type": "LineString", "coordinates": [ [ 174.058875562241781, -35.221058478333617 ], [ 174.058391107581258, -35.221683577774755 ], [ 174.058133683987364, -35.222448607513236 ], [ 174.058085795185974, -35.22324140885933 ], [ 174.058084500737579, -35.223990589619262 ], [ 174.058138095447987, -35.224729822390863 ], [ 174.058125329110737, -35.225464588813566 ], [ 174.058125059793838, -35.226199679961319 ], [ 174.058112294110629, -35.226935078260219 ], [ 174.058115935241119, -35.227669548619616 ], [ 174.05823198051371, -35.228414307325941 ], [ 174.058398997568446, -35.229160753759416 ], [ 174.058680699353147, -35.229876360941731 ], [ 174.059078079803299, -35.230556436317414 ], [ 174.059637264885737, -35.231150245753753 ] ] } },
{ "type": "Feature", "properties": { "group_id": "nzd0064" }, "geometry": { "type": "LineString", "coordinates": [ [ 174.13126064999625, -35.257189900445368 ], [ 174.131622879535769, -35.257825752473785 ], [ 174.132195812336164, -35.258370016596942 ], [ 174.13283028402347, -35.258875828400598 ], [ 174.13355958786795, -35.259295383063659 ], [ 174.134315702816878, -35.259672296760577 ], [ 174.135133493574472, -35.259955273154162 ], [ 174.135965585752672, -35.260229474649599 ], [ 174.136816741828568, -35.260443960009425 ], [ 174.137669989663152, -35.260661135764693 ], [ 174.138550418355095, -35.260797300644185 ], [ 174.139407004098416, -35.2610062776833 ] ] } },
{ "type": "Feature", "properties": { "group_id": "nzd0066" }, "geometry": { "type": "LineString", "coordinates": [ [ 174.079965166986767, -35.273030042180537 ], [ 174.080265266393468, -35.273714019713431 ], [ 174.080470089588232, -35.274427002886284 ], [ 174.080783603699672, -35.275125106310398 ], [ 174.081379072641511, -35.275688063615029 ], [ 174.081989297227381, -35.276173062071045 ], [ 174.082688517242019, -35.276609596022745 ], [ 174.083451138544717, -35.276958414590482 ], [ 174.084205281839729, -35.277281716447746 ], [ 174.084972280472726, -35.277602830342175 ], [ 174.08579513976963, -35.277860500154752 ], [ 174.086634241694696, -35.278085390520886 ], [ 174.087483424984669, -35.278290442347071 ], [ 174.088362481864692, -35.278421682012301 ] ] } },
{ "type": "Feature", "properties": { "group_id": "nzd0067" }, "geometry": { "type": "LineString", "coordinates": [ [ 173.159995062874259, -35.291192423977598 ], [ 173.159320323835345, -35.290694188102592 ], [ 173.158673954419442, -35.290177381743447 ], [ 173.1581290533463, -35.289594166627204 ], [ 173.157535717173062, -35.289042645142146 ], [ 173.156974730750164, -35.288469948744215 ], [ 173.156436884766407, -35.287882104364151 ], [ 173.155910391317633, -35.287286826422381 ], [ 173.155344869374943, -35.286717086070773 ], [ 173.154844845224318, -35.286104477553124 ], [ 173.154297880511933, -35.285522584577976 ], [ 173.15384374983222, -35.284879933495084 ], [ 173.153325719167555, -35.28427918855764 ], [ 173.15274814851611, -35.283718055332763 ], [ 173.152327684009947, -35.283050708646968 ], [ 173.151840441735345, -35.282427944778711 ], [ 173.151194563830614, -35.281912481933823 ], [ 173.150747125771062, -35.281262785663905 ], [ 173.150061012380661, -35.280774531144097 ], [ 173.149466177264912, -35.280224529809047 ], [ 173.148867872180517, -35.279676871649286 ], [ 173.148288315868911, -35.279116527458278 ], [ 173.147703875069453, -35.278559483268722 ], [ 173.147148246731746, -35.277982945816476 ], [ 173.146596103163745, -35.277404047254549 ], [ 173.146045352567739, -35.276821508157056 ], [ 173.145488833190853, -35.27623938649522 ], [ 173.14495995482531, -35.275637028979354 ], [ 173.144457505351141, -35.275016382783932 ], [ 173.143929090362064, -35.274415593756508 ], [ 173.143321065597348, -35.273875693881706 ], [ 173.142790152665896, -35.273276808504946 ] ] } },
{ "type": "Feature", "properties": { "group_id": "nzd0068" }, "geometry": { "type": "LineString", "coordinates": [ [ 173.186963588777019, -35.333067691252445 ], [ 173.186384301540556, -35.332506524433484 ], [ 173.185791647748886, -35.331953695559157 ], [ 173.185115420424751, -35.331453021236634 ], [ 173.184536687434019, -35.330891495712706 ] ] } },
{ "type": "Feature", "properties": { "group_id": "nzd0069" }, "geometry": { "type": "LineString", "coordinates": [ [ 173.240088924621034, -35.396584785828665 ], [ 173.239514455028143, -35.396021152318006 ], [ 173.238913924544505, -35.395476558334337 ], [ 173.23836462538091, -35.394894524931757 ], [ 173.237864373695203, -35.394276647855939 ], [ 173.237316214381252, -35.393693774173698 ], [ 173.236668153819778, -35.393183896691106 ], [ 173.235985929083427, -35.392698979709195 ], [ 173.23549353140541, -35.392075349043125 ], [ 173.234940367073762, -35.391496117947334 ], [ 173.234385176619128, -35.39091836370001 ], [ 173.233774848504453, -35.390380895849027 ], [ 173.233206116778263, -35.389813029094292 ], [ 173.232513518133914, -35.389335670143716 ], [ 173.231856189992186, -35.388832534567065 ], [ 173.231246534850555, -35.388294559946509 ], [ 173.2307311179122, -35.387687720707397 ], [ 173.230071411210787, -35.387186311922498 ] ] } },
{ "type": "Feature", "properties": { "group_id": "nzd0070" }, "geometry": { "type": "LineString", "coordinates": [ [ 173.263527296108663, -35.419875214732969 ], [ 173.262798464235374, -35.419423207882559 ], [ 173.262120191622358, -35.41893392875577 ], [ 173.261515390304339, -35.418390432425632 ], [ 173.261022704165441, -35.417775878159446 ], [ 173.260444387663028, -35.417214683171863 ], [ 173.259979624073509, -35.41658271955729 ], [ 173.259486684159072, -35.41596831073079 ], [ 173.259004125227762, -35.415347428360441 ], [ 173.258549487457373, -35.414709141582456 ], [ 173.257946572538344, -35.414163255094181 ], [ 173.257330397525152, -35.413625627816728 ], [ 173.256818586533939, -35.41302295807904 ], [ 173.256269105740216, -35.412441718441031 ], [ 173.255566697538853, -35.411949376594279 ], [ 173.254923687603053, -35.411426333607317 ], [ 173.254302811913817, -35.410896227010078 ], [ 173.253780389223238, -35.410296021870174 ], [ 173.253204486362279, -35.409733888788381 ], [ 173.252678114690525, -35.409136487622561 ], [ 173.252298900447983, -35.408434311834476 ], [ 173.251695476381201, -35.407891761656209 ], [ 173.250999645724676, -35.407414997723059 ], [ 173.250348253627408, -35.406906591160002 ], [ 173.249873749652124, -35.406272243405894 ], [ 173.249347311465186, -35.405674866969179 ], [ 173.248582607778701, -35.405247122343873 ] ] } },
{ "type": "Feature", "properties": { "group_id": "nzd0071" }, "geometry": { "type": "LineString", "coordinates": [ [ 174.431378270704215, -35.429037605387443 ], [ 174.431157379587802, -35.429742383664959 ], [ 174.431062319944516, -35.430460031226104 ], [ 174.431175129097312, -35.431162146851975 ] ] } },
{ "type": "Feature", "properties": { "group_id": "nzd0074" }, "geometry": { "type": "LineString", "coordinates": [ [ 174.416761432226821, -35.439773841607881 ], [ 174.417586035705256, -35.439384385063832 ], [ 174.418406247838647, -35.439043079971569 ], [ 174.419162958837177, -35.438625128629731 ], [ 174.419914775522216, -35.438156525951783 ], [ 174.420640150446189, -35.43766121571305 ], [ 174.421297037339855, -35.437133047000657 ], [ 174.421833906901639, -35.436517809888677 ], [ 174.42234562508753, -35.435868040558518 ], [ 174.422856597812029, -35.435212535479636 ], [ 174.423211509428882, -35.434537914342165 ] ] } },
{ "type": "Feature", "properties": { "group_id": "nzd0075" }, "geometry": { "type": "LineString", "coordinates": [ [ 174.430474474915258, -35.433385499552401 ], [ 174.430004942138623, -35.433986987213522 ], [ 174.429628280299539, -35.434643996256554 ], [ 174.429229722971428, -35.43529521206721 ], [ 174.429003607133183, -35.43599941659734 ], [ 174.428641659434788, -35.436663631554929 ], [ 174.428329122802097, -35.437342532109938 ], [ 174.428004709833829, -35.438023052876225 ], [ 174.427638735820238, -35.438686281402433 ], [ 174.427347944649682, -35.439371329685066 ], [ 174.427117902863785, -35.440055348432956 ], [ 174.426896172730181, -35.440755958833961 ], [ 174.426718143564841, -35.441455995640617 ], [ 174.426564245711802, -35.442171108773778 ], [ 174.426486354724346, -35.442886865149795 ], [ 174.426477182127087, -35.443604689036981 ], [ 174.426581416339445, -35.444312829590537 ], [ 174.426869894125218, -35.444993522634981 ], [ 174.427337109336349, -35.445597541003657 ] ] } },
{ "type": "Feature", "properties": { "group_id": "nzd0077" }, "geometry": { "type": "LineString", "coordinates": [ [ 174.427011268885707, -35.447045745999318 ], [ 174.42669233630761, -35.447822116626945 ], [ 174.426527939411159, -35.448640347588579 ], [ 174.426549908246187, -35.449400736656003 ], [ 174.426613059193556, -35.450145808991984 ], [ 174.42665148641197, -35.450898943797554 ], [ 174.426833511613012, -35.451637758638704 ], [ 174.427107656793311, -35.452364826347342 ], [ 174.42737824403639, -35.453083417639178 ] ] } },
{ "type": "Feature", "properties": { "group_id": "nzd0078" }, "geometry": { "type": "LineString", "coordinates": [ [ 174.427816348300468, -35.454383527029229 ], [ 174.428005795208918, -35.455137787464466 ], [ 174.42848002802134, -35.455819542578261 ], [ 174.429156903188698, -35.456362055609496 ], [ 174.429910304708585, -35.456821862134525 ], [ 174.430765272596688, -35.457151879904103 ], [ 174.431675166610376, -35.457378308469636 ] ] } },
{ "type": "Feature", "properties": { "group_id": "nzd0079" }, "geometry": { "type": "LineString", "coordinates": [ [ 173.417148079814183, -35.468030873125969 ], [ 173.417182335683492, -35.46732732105994 ], [ 173.417159993381318, -35.466589950068716 ], [ 173.416908472169212, -35.465866873480202 ], [ 173.41681318966792, -35.465166369488649 ], [ 173.416829545006777, -35.464424411189057 ], [ 173.416779577089102, -35.463683596785074 ], [ 173.416490150752651, -35.462980410745793 ], [ 173.416228817221281, -35.462277351439546 ], [ 173.415931905152547, -35.461584203341879 ], [ 173.415576849331075, -35.460914267653528 ], [ 173.415403575889599, -35.460189268000548 ], [ 173.415315721996649, -35.459453155322933 ], [ 173.414946136368144, -35.458781522763815 ], [ 173.414597660286688, -35.458134111407801 ], [ 173.414932146487416, -35.457464042740575 ], [ 173.415119143139236, -35.456747212488551 ], [ 173.414956216284338, -35.456010440730168 ], [ 173.414859315871013, -35.45530720769294 ], [ 173.414791576549447, -35.454569836627122 ], [ 173.414475215090732, -35.453834707535052 ], [ 173.41389253910836, -35.453315285876187 ], [ 173.414102048594799, -35.452632516923224 ], [ 173.414566050903403, -35.451968332040458 ], [ 173.415408530471666, -35.451677559488758 ], [ 173.416263314909543, -35.451483138346973 ], [ 173.417010798671072, -35.451070681017562 ], [ 173.417885911927868, -35.450830320340721 ], [ 173.418799620543041, -35.450876063746037 ], [ 173.419698870855541, -35.450878058283998 ], [ 173.420574336486965, -35.451101858342568 ], [ 173.421360085268674, -35.450764908283027 ] ] } },
{ "type": "Feature", "properties": { "group_id": "nzd0080" }, "geometry": { "type": "LineString", "coordinates": [ [ 174.432976133669086, -35.459546012158867 ], [ 174.433311575955486, -35.460228932945853 ], [ 174.433767154854536, -35.460860467506343 ], [ 174.434289020242517, -35.461463646889058 ] ] } },
{ "type": "Feature", "properties": { "group_id": "nzd0081" }, "geometry": { "type": "LineString", "coordinates": [ [ 174.43593295247473, -35.463008678211715 ], [ 174.436664789250614, -35.463474548520033 ], [ 174.437470534940331, -35.463800426420761 ] ] } },
{ "type": "Feature", "properties": { "group_id": "nzd0082" }, "geometry": { "type": "LineString", "coordinates": [ [ 173.345208944734225, -35.512072616477887 ], [ 173.344536255598484, -35.511564677448085 ], [ 173.343912673344192, -35.511028329891253 ], [ 173.343387306111595, -35.510435169611469 ], [ 173.342863164193631, -35.509841296154825 ], [ 173.342406033217145, -35.509208658661152 ], [ 173.341973799981957, -35.508561615574955 ], [ 173.341532437714619, -35.507919848229626 ], [ 173.341034332834056, -35.507310896888818 ], [ 173.34037931246354, -35.506792702560361 ], [ 173.339920194449888, -35.506161260364451 ], [ 173.339463549322801, -35.50552702031851 ], [ 173.338771706561943, -35.505035727797306 ], [ 173.338155468189768, -35.504498470230075 ], [ 173.337616170068173, -35.503913610735047 ], [ 173.337143752848505, -35.50328737236525 ], [ 173.336644704713962, -35.502677604442887 ], [ 173.336177860219891, -35.502047909998261 ], [ 173.335654446291301, -35.501453207038516 ], [ 173.335097600197116, -35.500879719326626 ], [ 173.334581491749333, -35.500281564891459 ], [ 173.334010259499593, -35.499712401949566 ], [ 173.33346033752639, -35.499131748786681 ], [ 173.332985103520883, -35.498510790679518 ], [ 173.332427434029967, -35.49793430864888 ], [ 173.331947889339375, -35.497315667231206 ], [ 173.331433346642058, -35.49671590546702 ], [ 173.330868501081113, -35.49614328156887 ], [ 173.330306548111565, -35.495569092197023 ], [ 173.329764873278663, -35.495004228983518 ], [ 173.329285513730184, -35.494404523902908 ], [ 173.32878400659169, -35.493796049660382 ], [ 173.328253769670255, -35.493204237598128 ], [ 173.327697348542557, -35.492629883417777 ], [ 173.327158196204635, -35.492044008921603 ], [ 173.326716288715573, -35.491393279075794 ], [ 173.326185636069027, -35.490801728217285 ], [ 173.325660713765217, -35.490206351852038 ], [ 173.325138855030531, -35.489608928415869 ], [ 173.324656660357135, -35.488985049391836 ], [ 173.324139870184553, -35.48838423773325 ], [ 173.323597205975489, -35.487800677233452 ], [ 173.323063596767184, -35.487211074030675 ], [ 173.322535026973412, -35.486630258625397 ], [ 173.3220212748611, -35.486054555928803 ], [ 173.321476345158175, -35.485481190243547 ], [ 173.320995822648939, -35.484863149997857 ], [ 173.320535671548924, -35.484234431636054 ], [ 173.320083154746044, -35.483601708605363 ], [ 173.319559855419698, -35.48300606665498 ], [ 173.319081062230651, -35.482387101423107 ], [ 173.31860580716662, -35.481766277690454 ], [ 173.318203620525253, -35.481107165605863 ], [ 173.317770427222655, -35.480464294389876 ], [ 173.317073005689195, -35.479959858842143 ], [ 173.316457860312227, -35.479412310372375 ] ] } },
{ "type": "Feature", "properties": { "group_id": "nzd0083" }, "geometry": { "type": "LineString", "coordinates": [ [ 174.469158347458034, -35.50331136950841 ], [ 174.469310325653879, -35.504044208572857 ], [ 174.469720076959931, -35.504714408954925 ], [ 174.470197310776001, -35.505376001588239 ], [ 174.470716490651313, -35.505979793726567 ] ] } },
{ "type": "Feature", "properties": { "group_id": "nzd0084" }, "geometry": { "type": "LineString", "coordinates": [ [ 174.472587796744392, -35.50798458481588 ], [ 174.473025896171379, -35.508627407966408 ], [ 174.473565461860574, -35.509212536232553 ], [ 174.474138811967691, -35.509778451218757 ] ] } },
{ "type": "Feature", "properties": { "group_id": "nzd0085" }, "geometry": { "type": "LineString", "coordinates": [ [ 174.477506356045723, -35.511588512174434 ], [ 174.478372957603028, -35.511796870858554 ] ] } },
{ "type": "Feature", "properties": { "group_id": "nzd0088" }, "geometry": { "type": "LineString", "coordinates": [ [ 174.470961737738861, -35.550408160614971 ], [ 174.471124650105509, -35.551151534272137 ], [ 174.471465858731392, -35.551865420971055 ], [ 174.471961292587054, -35.55249618498307 ] ] } },
{ "type": "Feature", "properties": { "group_id": "nzd0089" }, "geometry": { "type": "LineString", "coordinates": [ [ 174.474114231473152, -35.55566666091903 ], [ 174.474704023381264, -35.556233707756554 ], [ 174.475355139479717, -35.556745072349266 ], [ 174.476152844782177, -35.557221319464738 ], [ 174.477038441261186, -35.557587171369271 ] ] } },
{ "type": "Feature", "properties": { "group_id": "nzd0090" }, "geometry": { "type": "LineString", "coordinates": [ [ 174.486086127718181, -35.55986445033313 ], [ 174.486879645507514, -35.560213581374576 ], [ 174.487691294475752, -35.560528120440914 ], [ 174.488520352116012, -35.560809444865193 ], [ 174.489357168802684, -35.561081622480536 ], [ 174.490264750337673, -35.56128749389849 ], [ 174.491155788930087, -35.561511187394174 ], [ 174.492008721704593, -35.561741144250043 ], [ 174.492966039405729, -35.561873493673993 ], [ 174.493938073569836, -35.56186685723543 ], [ 174.494846536180603, -35.561965821579101 ] ] } },
{ "type": "Feature", "properties": { "group_id": "nzd0091" }, "geometry": { "type": "LineString", "coordinates": [ [ 174.508624947908544, -35.560136883468843 ], [ 174.507786247734629, -35.560651605065274 ], [ 174.507429464794711, -35.561454652188047 ], [ 174.507155523735889, -35.56227318270156 ], [ 174.507088620184192, -35.56312127308847 ], [ 174.507377433871397, -35.564038988441773 ], [ 174.507956585667699, -35.564869200719457 ], [ 174.508781718676772, -35.565497206632266 ], [ 174.509608312583396, -35.565973437397389 ] ] } },
{ "type": "Feature", "properties": { "group_id": "nzd0093" }, "geometry": { "type": "LineString", "coordinates": [ [ 174.530585063586415, -35.636412065206805 ], [ 174.530758979256262, -35.635567256680169 ], [ 174.530131319764678, -35.635004956166469 ], [ 174.529320565196912, -35.634608683017184 ], [ 174.528391933759906, -35.634455815148165 ], [ 174.527461913778296, -35.634450447200223 ], [ 174.526565951082631, -35.634565371989858 ], [ 174.525673510756661, -35.63466971143923 ] ] } },
{ "type": "Feature", "properties": { "group_id": "nzd0094" }, "geometry": { "type": "LineString", "coordinates": [ [ 174.51462147660024, -35.631792369300712 ], [ 174.513986952261234, -35.63235151125356 ], [ 174.513733084580053, -35.63306415710516 ], [ 174.513406323344498, -35.633708695505703 ], [ 174.512818055045784, -35.634188653178143 ], [ 174.512261800025158, -35.634744751964057 ], [ 174.511649277671324, -35.635278782913574 ], [ 174.510990600155225, -35.635779478320089 ], [ 174.510401016626702, -35.636333204662044 ], [ 174.50987783326832, -35.636934651571551 ], [ 174.509325591723439, -35.63751379198915 ], [ 174.508761838799074, -35.638087744349676 ], [ 174.508222274913322, -35.638679096430202 ], [ 174.507742057127786, -35.639305246097813 ], [ 174.507302716668391, -35.639942264185599 ], [ 174.506853252613837, -35.640572886801742 ], [ 174.506474190109515, -35.641233901426475 ], [ 174.506023450718772, -35.641864417141925 ], [ 174.505652039897228, -35.642534173952214 ], [ 174.50521251377296, -35.643168591362347 ], [ 174.504788667383792, -35.643809328827068 ], [ 174.504415724646009, -35.644473080936805 ], [ 174.504015358588333, -35.645126027791576 ], [ 174.503642562343487, -35.645793345977538 ], [ 174.503312233770771, -35.646474238274493 ], [ 174.503028320980661, -35.647166838071307 ], [ 174.502772205853972, -35.647871253388885 ], [ 174.502625399702055, -35.648592159816879 ] ] } },
{ "type": "Feature", "properties": { "group_id": "nzd0095" }, "geometry": { "type": "LineString", "coordinates": [ [ 174.508145814719001, -35.673518755939945 ], [ 174.50822853512966, -35.674245363093839 ], [ 174.508308803712822, -35.67497171334152 ], [ 174.508444063601644, -35.675692667898765 ], [ 174.508539676001561, -35.67641980277677 ], [ 174.508654376629352, -35.677144293663424 ], [ 174.508818420658315, -35.677861852489428 ], [ 174.508981073208417, -35.678580132503185 ], [ 174.509221925088497, -35.679281434136414 ], [ 174.509532207395893, -35.679960542284014 ], [ 174.509919551812231, -35.680520973994305 ], [ 174.509814172060601, -35.681242205016702 ], [ 174.509969416832774, -35.681977243463322 ], [ 174.510097230040117, -35.682704728521486 ], [ 174.510301448791495, -35.68341393108944 ], [ 174.510503276279621, -35.684123232224316 ], [ 174.510707062935552, -35.684839164028759 ], [ 174.51097899553389, -35.685533299915775 ], [ 174.511501509637469, -35.686137045136938 ] ] } },
{ "type": "Feature", "properties": { "group_id": "nzd0096" }, "geometry": { "type": "LineString", "coordinates": [ [ 173.539782760054237, -35.734057659083042 ], [ 173.539350852132685, -35.733402102421273 ], [ 173.538795466218943, -35.732828774306661 ], [ 173.538240767295861, -35.732254984660401 ], [ 173.537677487142219, -35.731686905837556 ], [ 173.537155365906187, -35.731091412402826 ], [ 173.536651883150114, -35.730483502262402 ], [ 173.536089579604919, -35.729914761020439 ], [ 173.535528197413697, -35.729345402164071 ], [ 173.5350066552096, -35.728749507040675 ], [ 173.534509815513559, -35.728137156729709 ], [ 173.533920175526504, -35.727586604720784 ], [ 173.533241075972285, -35.727095625957311 ], [ 173.532626295049454, -35.726561808799211 ], [ 173.532125870308136, -35.725951830142471 ], [ 173.531585171038415, -35.725368668985041 ], [ 173.531054558353475, -35.724778786471468 ], [ 173.530580509230163, -35.724151230371341 ], [ 173.530167056804316, -35.723483314497017 ], [ 173.529602689840999, -35.722915899281055 ], [ 173.52891806217778, -35.722428570061631 ], [ 173.528331116313836, -35.721876183588371 ], [ 173.527803815749536, -35.721284071218982 ], [ 173.527288980575122, -35.72068463717099 ], [ 173.526750695764576, -35.720118344702492 ], [ 173.526425297310226, -35.71942230611748 ], [ 173.525777486525868, -35.718904768898184 ], [ 173.525226545085218, -35.7183285484819 ], [ 173.524830065114628, -35.717658758369737 ], [ 173.524122520418217, -35.717177392056669 ], [ 173.523460736083678, -35.716668301641462 ], [ 173.523229487413886, -35.715898409805277 ], [ 173.522321414314035, -35.715538500284254 ], [ 173.521947906422042, -35.7148547738472 ], [ 173.52124748921878, -35.714369067771706 ], [ 173.520839982294461, -35.713705927610938 ], [ 173.520246238461567, -35.713155595722746 ], [ 173.519565166381483, -35.712658158154767 ], [ 173.519079725166023, -35.712042213647912 ], [ 173.518556405940558, -35.71144920924614 ], [ 173.517956049257322, -35.710902865601412 ], [ 173.517423935984738, -35.710315179516499 ], [ 173.516910512065806, -35.709716168135294 ], [ 173.516432053918891, -35.709095972071815 ], [ 173.51581201977416, -35.708561530659871 ], [ 173.515237892409345, -35.707992901718399 ], [ 173.514693937238007, -35.707401760771084 ], [ 173.514130739778579, -35.706829146518793 ], [ 173.513599723456309, -35.706238973083771 ], [ 173.459277046916952, -35.652766848907255 ], [ 173.458543842536187, -35.65231523825593 ], [ 173.457831010041929, -35.651847857063217 ], [ 173.457256796539923, -35.651281010938504 ], [ 173.456634080947566, -35.650749781651648 ], [ 173.456049657947062, -35.650195425756564 ], [ 173.455456014283669, -35.649647534187984 ], [ 173.454800934434218, -35.649142735364769 ], [ 173.454201991052997, -35.648598553681559 ], [ 173.453648792611972, -35.648022278792347 ], [ 173.453030129958847, -35.647491922137156 ], [ 173.452420046340166, -35.646955543526808 ], [ 173.451785085703534, -35.646436611753693 ], [ 173.451159805866268, -35.645910885138946 ], [ 173.450534586037577, -35.645385112490274 ], [ 173.449867185700413, -35.644888924477144 ], [ 173.449084320597564, -35.644473727557063 ] ] } },
{ "type": "Feature", "properties": { "group_id": "nzd0097" }, "geometry": { "type": "LineString", "coordinates": [ [ 174.514420420213952, -35.694570247193106 ], [ 174.514671258208807, -35.695281445405456 ], [ 174.514664682761776, -35.696010921216541 ], [ 174.514693251878185, -35.696757589866699 ], [ 174.514959268828193, -35.697455234242348 ], [ 174.515221107262647, -35.698153040267243 ], [ 174.515540440007612, -35.698836969688038 ], [ 174.515866907651855, -35.699517783672782 ], [ 174.516155070078241, -35.700208381938545 ], [ 174.516488937264029, -35.700886171721699 ], [ 174.516821899507363, -35.701564216969174 ], [ 174.517149298984179, -35.702240501109543 ], [ 174.517459226509487, -35.702921834799298 ], [ 174.517808827315577, -35.703593355889765 ], [ 174.518155895533852, -35.70426445888527 ], [ 174.518515182720819, -35.704927119958747 ], [ 174.518888054882979, -35.705587145512077 ], [ 174.51929382327026, -35.706235058884353 ], [ 174.51971947599165, -35.706877170784381 ], [ 174.52014819413759, -35.707519634439279 ], [ 174.520608059720246, -35.708146399343271 ], [ 174.521096721199484, -35.708758507003971 ], [ 174.521578106346823, -35.709374199877232 ], [ 174.52206908454076, -35.709983270439253 ], [ 174.522560698865362, -35.710596157986373 ], [ 174.523132456122795, -35.711158916508445 ], [ 174.523706852091863, -35.711719894316936 ], [ 174.52436065911516, -35.712228103260067 ], [ 174.524891462780317, -35.712817055045605 ] ] } },
{ "type": "Feature", "properties": { "group_id": "nzd0098" }, "geometry": { "type": "LineString", "coordinates": [ [ 174.537769380778826, -35.714662960198652 ], [ 174.538671613625723, -35.714721450622108 ], [ 174.539535991525838, -35.714586656645331 ] ] } },
{ "type": "Feature", "properties": { "group_id": "nzd0099" }, "geometry": { "type": "LineString", "coordinates": [ [ 174.53151662558372, -35.71421309746318 ], [ 174.532263024697954, -35.71463351177767 ], [ 174.533080365467185, -35.714926249420458 ], [ 174.533920507334216, -35.715159767163136 ], [ 174.534763418194473, -35.7154022561433 ] ] } },
{ "type": "Feature", "properties": { "group_id": "nzd0100" }, "geometry": { "type": "LineString", "coordinates": [ [ 174.55675337715212, -35.809333353030205 ], [ 174.557053129341512, -35.810011079991938 ], [ 174.557288160513707, -35.810715118650712 ], [ 174.557589121540019, -35.811391303802161 ], [ 174.557903907412083, -35.812065898766491 ], [ 174.558258639514492, -35.812739820984341 ], [ 174.558562752827214, -35.813418799522161 ], [ 174.558865745887147, -35.814089955866081 ], [ 174.559266922849076, -35.814734385456084 ], [ 174.559597737362594, -35.815420021294806 ], [ 174.559905880156577, -35.816102163261917 ], [ 174.560300721322903, -35.816758924879323 ], [ 174.560641417597367, -35.81743535196722 ], [ 174.56099592765699, -35.818097429404524 ], [ 174.561337588977125, -35.818739472987936 ], [ 174.56169623640838, -35.819399812599357 ], [ 174.562090595204438, -35.820049883972565 ], [ 174.562513484339888, -35.82068551577742 ], [ 174.562890887191827, -35.821342103461213 ], [ 174.563314487926789, -35.821981458784975 ], [ 174.563688553611598, -35.822643144761955 ], [ 174.56407746854444, -35.82329898292484 ], [ 174.564519270030559, -35.823933650640441 ], [ 174.565007813307744, -35.824545179343204 ], [ 174.565542488900292, -35.825136532432182 ], [ 174.566082013946129, -35.825725646682841 ], [ 174.566941237813808, -35.826167500899473 ], [ 174.566973569100327, -35.826990220278972 ], [ 174.567288263429219, -35.827682876365365 ], [ 174.567627662528395, -35.828377166893034 ], [ 174.567926960032622, -35.829060410851234 ], [ 174.568281736505185, -35.829707373545794 ], [ 174.568666272282201, -35.830358632595797 ], [ 174.569065475456, -35.831017730623266 ], [ 174.569424726603444, -35.831672450080774 ], [ 174.569876162621568, -35.832271949364852 ], [ 174.570354931550469, -35.832888836056583 ], [ 174.570807930187073, -35.833520762715537 ], [ 174.571315014886579, -35.834109489575724 ] ] } },
{ "type": "Feature", "properties": { "group_id": "nzd0101" }, "geometry": { "type": "LineString", "coordinates": [ [ 173.670533013059554, -35.873810927141989 ], [ 173.670026631703081, -35.873208799252978 ], [ 173.669542748214468, -35.872592999224949 ], [ 173.669068793239347, -35.871971163101911 ], [ 173.668465447652324, -35.871427929585735 ], [ 173.667887403852802, -35.870869320449202 ], [ 173.667323549141088, -35.87030208688175 ], [ 173.666820352941699, -35.869697998067082 ], [ 173.666450671228574, -35.869012792684451 ], [ 173.666091990330699, -35.868320899314845 ], [ 173.665377875756121, -35.867844934335707 ], [ 173.664706679834495, -35.867342890739756 ], [ 173.664045625747264, -35.866834681184045 ], [ 173.663505123869953, -35.866253230179936 ], [ 173.662952707180722, -35.865679013247664 ], [ 173.662421133856924, -35.865092129399628 ], [ 173.661907897518006, -35.86449410129471 ], [ 173.661320310931217, -35.863941237522624 ], [ 173.660741796496922, -35.86338285794843 ], [ 173.660244304160983, -35.86277525226523 ], [ 173.659725985497801, -35.862180294474719 ], [ 173.659256201654955, -35.861555846892387 ], [ 173.658979449341047, -35.860814125403039 ], [ 173.658410540606553, -35.860249888889399 ], [ 173.657620688310004, -35.859819874175408 ], [ 173.657097444022412, -35.859227887165325 ], [ 173.656543616461391, -35.858654475520687 ], [ 173.656479295086172, -35.857783677254488 ], [ 173.655530441787732, -35.857450241336878 ], [ 173.655197644686695, -35.856742537795718 ], [ 173.654248079883644, -35.856409523855383 ], [ 173.653718363016878, -35.855821443106237 ], [ 173.653087029636424, -35.855295090786207 ], [ 173.652667744920308, -35.85463991308594 ], [ 173.652266887582641, -35.853973536034658 ], [ 173.651582820170574, -35.853479207359079 ], [ 173.651056714411283, -35.852888911248066 ], [ 173.650526813507753, -35.852300916399095 ], [ 173.650345638722285, -35.851500559789521 ], [ 173.649840428854901, -35.850892842091568 ], [ 173.649134541499592, -35.850410654996473 ], [ 173.648348419176472, -35.849982930158546 ], [ 173.647775509533602, -35.849421592811673 ], [ 173.647248629492339, -35.848831407250039 ], [ 173.646892732595717, -35.848134072305925 ], [ 173.646414720924696, -35.847513255217542 ], [ 173.645728164110096, -35.847023117284834 ], [ 173.645278881298594, -35.846384289122938 ], [ 173.644670143935969, -35.84584537771061 ], [ 173.644102213472451, -35.845280890714839 ], [ 173.643795797505817, -35.84455252328496 ], [ 173.643453050965121, -35.843846917210215 ], [ 173.642897500901142, -35.843274659633423 ], [ 173.642398226303754, -35.842667132894064 ], [ 173.641740727946967, -35.842158752546503 ], [ 173.64122422067004, -35.841562016236153 ], [ 173.64041194041215, -35.841150620286626 ], [ 173.639772318844592, -35.840631024121912 ], [ 173.639263169587906, -35.840029664441097 ], [ 173.638711906803366, -35.839454690580787 ], [ 173.638573601024376, -35.838620935554957 ], [ 173.638073159561088, -35.838014106305828 ], [ 173.637216459610045, -35.837630520611512 ], [ 173.636576158722875, -35.837111324847875 ], [ 173.63589728761545, -35.83661629423554 ], [ 173.635398253368066, -35.83600856662995 ], [ 173.634857942176865, -35.835426700513814 ], [ 173.634570964123327, -35.83468608136122 ], [ 173.633851961315315, -35.834216182347717 ], [ 173.63335442184308, -35.833607501119353 ], [ 173.632910692182094, -35.832965096193959 ], [ 173.632509575416293, -35.832295983789386 ], [ 173.631863807312783, -35.831780176249858 ], [ 173.631249510286722, -35.8312446432165 ], [ 173.630651619511355, -35.830698825044962 ], [ 173.630296364065003, -35.830000957402262 ], [ 173.629623652297596, -35.829502016836379 ], [ 173.629201174270577, -35.82884626518517 ], [ 173.628728581587751, -35.828221913137426 ], [ 173.628086586049506, -35.827703711947912 ], [ 173.627405922060944, -35.827209737505875 ], [ 173.627044467934439, -35.826515729023647 ], [ 173.626411378634941, -35.825991934016713 ], [ 173.625808591750967, -35.825449145944965 ], [ 173.625326037442562, -35.824831011147936 ], [ 173.62499896051537, -35.824115443352582 ], [ 173.624301187654453, -35.823632165044685 ], [ 173.623703928725917, -35.823085896099421 ], [ 173.623137621911923, -35.822520227064821 ], [ 173.622757830189016, -35.821837675911183 ], [ 173.621969324223784, -35.821411237267746 ], [ 173.621360594666129, -35.820872139144697 ], [ 173.62079615011163, -35.820305286163865 ], [ 173.620311464237346, -35.819688449306767 ], [ 173.619931453056523, -35.81900601500783 ], [ 173.619214038479925, -35.818535006201074 ], [ 173.618768892317178, -35.81789337961176 ], [ 173.618274250453965, -35.817282764584924 ], [ 173.61772757982115, -35.816704748546798 ], [ 173.617242647390526, -35.816088040753975 ], [ 173.616623830660245, -35.815555225788167 ], [ 173.616004336161836, -35.815022782576918 ], [ 173.615371170492608, -35.814497514863014 ], [ 173.614845665944131, -35.813904607468778 ], [ 173.614365429130999, -35.813284397278345 ], [ 173.613894876449365, -35.812658040997377 ], [ 173.61327168288426, -35.812128488065383 ], [ 173.61278047219858, -35.811515225122257 ], [ 173.612060758197828, -35.81104687848137 ], [ 173.611585556596566, -35.810423454090859 ], [ 173.611022983494706, -35.809855437823174 ], [ 173.610519821638746, -35.809249737866274 ], [ 173.609966605148117, -35.808675779140358 ], [ 173.609411044627308, -35.808103302849283 ], [ 173.608914609519871, -35.807493324147629 ], [ 173.608393351608186, -35.80689908425834 ], [ 173.607905554616366, -35.806283618719839 ], [ 173.607292898100951, -35.805747336929265 ], [ 173.606709312703885, -35.805192613537429 ], [ 173.606160572752088, -35.804615786458491 ], [ 173.605602383492027, -35.80404494808166 ], [ 173.605125186645608, -35.803422738973985 ], [ 173.604855705328845, -35.802668788692692 ], [ 173.604192591569614, -35.802164482963072 ], [ 173.603487999717032, -35.801686478788135 ], [ 173.60297628698703, -35.801086143429941 ], [ 173.602423081643423, -35.800512119122189 ], [ 173.601867193067193, -35.799939792375582 ], [ 173.60142056463377, -35.799298167021888 ], [ 173.600747314352787, -35.798800264447493 ], [ 173.600157951602938, -35.798249154893853 ] ] } },
{ "type": "Feature", "properties": { "group_id": "nzd0102" }, "geometry": { "type": "LineString", "coordinates": [ [ 174.572705768776046, -35.835791081094641 ], [ 174.57317516819154, -35.836420734614642 ], [ 174.573730344400218, -35.83700539525779 ], [ 174.574387542190294, -35.837525503397345 ], [ 174.575073491420795, -35.838024775592935 ], [ 174.575835684059655, -35.838449970547956 ], [ 174.576633714626126, -35.838834460056852 ] ] } },
{ "type": "Feature", "properties": { "group_id": "nzd0103" }, "geometry": { "type": "LineString", "coordinates": [ [ 174.579208479835188, -35.839239035917146 ], [ 174.579425252539124, -35.839975405545339 ], [ 174.580404449662495, -35.840529365904452 ] ] } },
{ "type": "Feature", "properties": { "group_id": "nzd0104" }, "geometry": { "type": "LineString", "coordinates": [ [ 174.501265150361149, -35.840962423872107 ], [ 174.500689803602199, -35.841541390111686 ], [ 174.50014157949775, -35.842131660360444 ], [ 174.499762058101709, -35.842747933130639 ], [ 174.499373534997602, -35.84335201714147 ], [ 174.498907362103949, -35.843968530670843 ], [ 174.498362473278632, -35.84454790110442 ], [ 174.497781477153609, -35.845079656786218 ], [ 174.497173005545079, -35.845578357655498 ], [ 174.496544248187348, -35.846091804523368 ], [ 174.495885400497883, -35.846587168144318 ], [ 174.495218807655363, -35.847075370422971 ], [ 174.494561728671755, -35.84757236328435 ], [ 174.493900658745048, -35.848065664687034 ], [ 174.493227300876526, -35.848549922862574 ], [ 174.492502097488199, -35.848992816597047 ], [ 174.491807151064762, -35.849462746933007 ], [ 174.491181081142486, -35.849985126806004 ], [ 174.490582938774168, -35.850530484752561 ], [ 174.489930035961066, -35.851030777779869 ], [ 174.489282777575852, -35.851535712297689 ], [ 174.488652498706699, -35.852067803093107 ], [ 174.488029249426319, -35.852609268897183 ], [ 174.487435893105641, -35.853159279686125 ], [ 174.486848381916019, -35.853704729280786 ], [ 174.486252207241876, -35.854239218982656 ], [ 174.485675110195587, -35.854793938450221 ], [ 174.485126558341364, -35.855371889578578 ], [ 174.484541840596791, -35.855924588044942 ], [ 174.483970812319541, -35.856486839918006 ], [ 174.483402555080602, -35.857051022596011 ], [ 174.482849608187593, -35.857625890283593 ], [ 174.48227031824743, -35.858182363038622 ], [ 174.481682171155569, -35.85873264847573 ], [ 174.481090404284856, -35.859280403014189 ], [ 174.480501819420624, -35.859830375263989 ], [ 174.479908495329198, -35.860380943187977 ], [ 174.479293125688855, -35.860919403299036 ], [ 174.478715922229611, -35.861478537379519 ], [ 174.478135515185642, -35.862035089252508 ], [ 174.477609794168444, -35.862625872430172 ], [ 174.477074009219479, -35.863210351080447 ], [ 174.476570509075174, -35.863823203502442 ], [ 174.476127053026005, -35.864464384941208 ], [ 174.475689836927074, -35.865102041298265 ], [ 174.47523312826138, -35.865732799806139 ], [ 174.474887623141655, -35.866408708890347 ], [ 174.47447008030062, -35.867055962093531 ], [ 174.474083319236485, -35.867713483083044 ], [ 174.473711997657631, -35.868376428665115 ], [ 174.463201093524304, -35.898962690340994 ], [ 174.462819291724941, -35.89959663040095 ] ] } },
{ "type": "Feature", "properties": { "group_id": "nzd0105" }, "geometry": { "type": "LineString", "coordinates": [ [ 173.766249704757087, -35.979204784739082 ], [ 173.765735081295247, -35.978608852134691 ], [ 173.765181931970403, -35.978035460706693 ], [ 173.764593479757963, -35.977482724291185 ], [ 173.764064400588666, -35.976895237950195 ], [ 173.76348423044729, -35.976337645872114 ], [ 173.762982281275697, -35.975734274042402 ], [ 173.76238639581797, -35.975185869718914 ], [ 173.761901548858134, -35.974572480744058 ], [ 173.761382537460065, -35.973979080502282 ], [ 173.761020165765331, -35.973294009340016 ], [ 173.760551680951608, -35.972671031665683 ], [ 173.759961953251008, -35.972119001818406 ], [ 173.759383793070953, -35.971559449283959 ], [ 173.758818380084165, -35.97098980520412 ], [ 173.758278821354509, -35.970405773201989 ], [ 173.757752534176433, -35.969816548604122 ], [ 173.757359120083834, -35.969147820373401 ], [ 173.756649906686192, -35.968668033497607 ], [ 173.756097519295707, -35.96809441174301 ], [ 173.755581950566551, -35.967498756738095 ], [ 173.755092346896163, -35.966887562261775 ], [ 173.754670229674815, -35.96623598562006 ], [ 173.754139755847575, -35.965649235345914 ], [ 173.753540425436825, -35.965103678227436 ], [ 173.75298480669187, -35.964531963621013 ], [ 173.752441412415607, -35.963952930636523 ], [ 173.751860017516748, -35.963396629321871 ], [ 173.75135996330016, -35.962791656919414 ], [ 173.750911379772447, -35.962155884800602 ], [ 173.750365909504865, -35.961578076429589 ], [ 173.749684192165716, -35.961081781231535 ], [ 173.74912194772935, -35.960514000135234 ], [ 173.748644509345525, -35.959895474752287 ], [ 173.748133621524033, -35.959296957971105 ], [ 173.747637722425537, -35.958689468965581 ], [ 173.74711800113738, -35.958096228556471 ], [ 173.74657302781992, -35.957518092234267 ], [ 173.746099080737849, -35.956897456061959 ], [ 173.745732043784955, -35.956212850161343 ], [ 173.745174597898, -35.955642163251824 ], [ 173.744987880578037, -35.954849660520146 ], [ 173.744155811961576, -35.954443275256246 ], [ 173.743650955276507, -35.953841110591142 ], [ 173.743148428914736, -35.95323754729084 ], [ 173.742634718796467, -35.952640670978731 ], [ 173.742026554310911, -35.952100303340529 ], [ 173.741513651762546, -35.951502935128055 ], [ 173.741144575858755, -35.950819509413364 ], [ 173.740409157085338, -35.950355266331165 ], [ 173.739932165815873, -35.94973639895592 ], [ 173.739370477317038, -35.949168202374622 ], [ 173.738888456860394, -35.948552335262733 ], [ 173.73829993812592, -35.948000182727704 ], [ 173.737935708311994, -35.947313831474737 ], [ 173.73761953674105, -35.946598721427399 ], [ 173.736677834222832, -35.946257869985736 ], [ 173.736128557840885, -35.945682220866203 ], [ 173.735542029540937, -35.945128855459522 ], [ 173.734988764019846, -35.944555584297468 ], [ 173.734533371937005, -35.943923750411152 ], [ 173.733974728516728, -35.943353688167456 ], [ 173.733455395026681, -35.942760102135921 ], [ 173.732826508770898, -35.942232057854199 ], [ 173.732331010294047, -35.941624202471104 ], [ 173.731903665221949, -35.940975566036499 ], [ 173.731331069758056, -35.940413829556576 ], [ 173.730821567526988, -35.939814339570887 ], [ 173.730321210341799, -35.939209373661477 ], [ 173.729731481935289, -35.938657874827904 ], [ 173.729109433995575, -35.938125708501111 ], [ 173.728580176514384, -35.937538020740739 ], [ 173.728017067057664, -35.936970582401685 ], [ 173.727494000096044, -35.936379182088579 ], [ 173.726978380355064, -35.935783321701884 ], [ 173.726398271253743, -35.935226041193928 ], [ 173.725916987283171, -35.93460962884847 ], [ 173.725493842002606, -35.933958427394245 ], [ 173.724944640893, -35.933382641449086 ], [ 173.724506383829265, -35.932740166634851 ], [ 173.723988002125481, -35.932144677971877 ], [ 173.723394490939455, -35.931594685094936 ], [ 173.722932051560122, -35.930966686052315 ], [ 173.722611538909518, -35.930253207698378 ], [ 173.721868065815443, -35.929794451227359 ], [ 173.721305449238429, -35.929226770226776 ], [ 173.720866936672451, -35.928584343968083 ], [ 173.720309128825448, -35.928013758273607 ], [ 173.719748146595066, -35.927445079968756 ], [ 173.719223441048115, -35.92685454989423 ], [ 173.71875344406044, -35.926231067542616 ], [ 173.718129548458109, -35.925700265401858 ], [ 173.717720075056548, -35.925040324375772 ], [ 173.716983856513053, -35.924577159249928 ], [ 173.716620159156577, -35.923889641356382 ], [ 173.715950910089617, -35.923386135572891 ], [ 173.715459022839212, -35.922775810497605 ], [ 173.714979081162085, -35.922158286908591 ], [ 173.714547472899881, -35.921511650382321 ], [ 173.713929752993124, -35.920977094214038 ], [ 173.71332339792383, -35.920435689172528 ], [ 173.712698358846865, -35.919905531948061 ], [ 173.712462726931079, -35.919140852732554 ], [ 173.711798948238226, -35.918634017832161 ], [ 173.711264258266823, -35.918049435598029 ], [ 173.710758779039082, -35.917447257038837 ], [ 173.710274622432678, -35.916832232698425 ], [ 173.70953051966444, -35.916373754704637 ], [ 173.708974364304083, -35.915802082385071 ], [ 173.708404943029507, -35.915238394962223 ], [ 173.70795013171994, -35.914605680492762 ], [ 173.707285574043794, -35.914099279262174 ], [ 173.706951831747745, -35.913393643500342 ], [ 173.706419103607487, -35.912807840632837 ], [ 173.705775181038547, -35.912288999211171 ], [ 173.705561260502435, -35.911511188225546 ], [ 173.704779825043971, -35.911075154522251 ], [ 173.704297534227862, -35.910458958837658 ], [ 173.703798031247999, -35.90985312465893 ], [ 173.703224313998874, -35.909291981051474 ], [ 173.702690552592827, -35.90870677002696 ], [ 173.702341111099685, -35.908010549366921 ], [ 173.701601327769737, -35.907549404767984 ], [ 173.701009397603798, -35.906999212242596 ], [ 173.700747243423336, -35.906250410655247 ], [ 173.699983869359158, -35.905803460263407 ], [ 173.699410912887032, -35.905241827963593 ], [ 173.698782338112693, -35.904713686725565 ], [ 173.698566571741225, -35.90393693158169 ], [ 173.697941747678954, -35.903406523187698 ], [ 173.697426063835479, -35.902810381643313 ], [ 173.697118256485425, -35.902089043526452 ], [ 173.696263947276435, -35.901696827780803 ], [ 173.695635358225587, -35.901168669096869 ], [ 173.695196260113789, -35.900526387327417 ], [ 173.694639675845082, -35.899954855906969 ], [ 173.694050334182521, -35.899403047871111 ], [ 173.693560614149163, -35.898791239547101 ], [ 173.693105899661049, -35.898158345136601 ], [ 173.692606255159745, -35.897552504958838 ], [ 173.692377444892941, -35.896783552417645 ], [ 173.691556790057945, -35.896371029608162 ], [ 173.690936464261455, -35.895837855434081 ], [ 173.690392030961476, -35.895258971446992 ], [ 173.689767342430457, -35.894728415804501 ], [ 173.689245896844227, -35.894135679051331 ], [ 173.688723330802873, -35.89354361273066 ], [ 173.688203645266043, -35.892949807317002 ], [ 173.68768679806837, -35.892354288202711 ], [ 173.687162000051444, -35.891763553019985 ], [ 173.686802706856156, -35.891073140078589 ], [ 173.686261559148335, -35.890492242633172 ], [ 173.685697861342135, -35.889924921398872 ], [ 173.685058331093984, -35.889403264977339 ], [ 173.684472548698608, -35.888849159416331 ], [ 173.68394234655571, -35.888260436191587 ], [ 173.683371567810724, -35.887696395400759 ], [ 173.682813192172915, -35.887125957858764 ], [ 173.68234949181533, -35.88649799900513 ], [ 173.681814573982933, -35.885913301782445 ], [ 173.681355664990633, -35.885282423369354 ], [ 173.680727460756145, -35.884754390823268 ], [ 173.680202318840742, -35.884163741588914 ], [ 173.679688867393054, -35.883565985854943 ], [ 173.679239932612376, -35.882929030639616 ], [ 173.67862221556075, -35.88239460966178 ], [ 173.678293497267731, -35.881684611734137 ], [ 173.677799467430191, -35.881075039593917 ], [ 173.67732315102441, -35.880454701781055 ], [ 173.676782372892148, -35.879873521668472 ], [ 173.676306593209006, -35.879252849106898 ], [ 173.675412349435788, -35.8788863983185 ], [ 173.675220411509457, -35.878093277367689 ], [ 173.674594235100102, -35.877563961428002 ], [ 173.673612298896273, -35.877250771395218 ], [ 173.673603691050459, -35.87634626165444 ], [ 173.673230295957723, -35.87566336192296 ], [ 173.672642134751669, -35.875110933734938 ], [ 173.671524378028664, -35.874880240933827 ], [ 173.671087718895905, -35.874235763592715 ] ] } },
{ "type": "Feature", "properties": { "group_id": "nzd0106" }, "geometry": { "type": "LineString", "coordinates": [ [ 174.461725049184906, -35.901871374384285 ], [ 174.461993919158033, -35.902558900214608 ], [ 174.462203129557139, -35.903245297339964 ], [ 174.462197084839346, -35.90397524403874 ], [ 174.462065575754082, -35.904693596433617 ], [ 174.461911386394974, -35.90540659105671 ], [ 174.461789597074954, -35.906128460178081 ], [ 174.461614460965393, -35.906840824649066 ], [ 174.461513382870095, -35.90755521262642 ], [ 174.461378591337478, -35.908272115971236 ], [ 174.461262096780104, -35.908993591988008 ], [ 174.461152681731193, -35.90971588499675 ], [ 174.461113039528612, -35.910454127723675 ], [ 174.461115537793432, -35.911190213963962 ], [ 174.461056566065935, -35.911916789378509 ], [ 174.460983435750563, -35.912642660716791 ], [ 174.461016182473799, -35.913372451717009 ], [ 174.461050332708027, -35.914102124839644 ], [ 174.460982481075774, -35.914832179466543 ], [ 174.460951874266897, -35.915560506451804 ], [ 174.461010189153342, -35.916287043178606 ], [ 174.46091699702734, -35.917014653709479 ], [ 174.460950782140571, -35.917740094752354 ], [ 174.460937370232415, -35.918467629259979 ], [ 174.460954210851526, -35.91919503566038 ], [ 174.460973192060408, -35.919922624425688 ], [ 174.46098966232455, -35.920650308313988 ], [ 174.461037967179351, -35.921377524894353 ], [ 174.461052189274511, -35.922104885303156 ], [ 174.461078840537454, -35.922832341973411 ], [ 174.46108340207752, -35.923560742082039 ], [ 174.461108276187787, -35.924288851820471 ], [ 174.461134845597883, -35.925016074283306 ], [ 174.461216073275097, -35.925741141855674 ], [ 174.461266950666925, -35.926467550258046 ], [ 174.461295012535402, -35.927195255799212 ], [ 174.461246537624902, -35.92792735306336 ], [ 174.461286364171002, -35.928654276683574 ], [ 174.461389270449047, -35.929377945895524 ], [ 174.461507994934237, -35.930100678083257 ], [ 174.461555795207857, -35.930828054146254 ], [ 174.461613331806859, -35.931554279721951 ], [ 174.46178766533788, -35.932271399336997 ], [ 174.461871775691463, -35.93299559256964 ], [ 174.462024735850719, -35.933712421509775 ], [ 174.4621060976541, -35.934438048922381 ], [ 174.462284862924349, -35.935151697364269 ], [ 174.462410464003113, -35.935871654200113 ], [ 174.46251528873907, -35.936594642348091 ], [ 174.462711206457186, -35.937304959382871 ], [ 174.46281773246713, -35.938028600187479 ], [ 174.462907355845573, -35.938754756781812 ], [ 174.463065759942765, -35.939470620807377 ], [ 174.463219294538447, -35.94018717691533 ], [ 174.463384031339388, -35.940902086616212 ], [ 174.463491171481223, -35.941625529901707 ], [ 174.463665180562913, -35.942339077214996 ], [ 174.463780591122912, -35.94305891993843 ], [ 174.463844322166665, -35.943782782527144 ], [ 174.463987315894485, -35.94450079429663 ], [ 174.464055102113093, -35.945226832880074 ], [ 174.464098997333167, -35.945955154900027 ], [ 174.464294406658325, -35.946667989373751 ], [ 174.464351169252041, -35.947394687230329 ], [ 174.464481596103838, -35.948114434705744 ], [ 174.464656496824091, -35.948829864028937 ], [ 174.464771268537334, -35.949552368264328 ], [ 174.464957377761777, -35.950264542657003 ], [ 174.465071822418537, -35.950990156265149 ], [ 174.465308881581933, -35.951691969506676 ], [ 174.465584433429939, -35.952386355812685 ], [ 174.465854786821183, -35.953080202608483 ], [ 174.466068309073734, -35.953785969088955 ], [ 174.466265075531311, -35.954496510304615 ], [ 174.466492326753638, -35.955200109028148 ], [ 174.466664935944493, -35.955916074372254 ], [ 174.466879491259391, -35.956622356284534 ], [ 174.467043236723327, -35.957339994400137 ], [ 174.467305529047906, -35.958035683215087 ], [ 174.467552336677528, -35.958734961889768 ], [ 174.467839758296833, -35.95942574703863 ] ] } },
{ "type": "Feature", "properties": { "group_id": "nzd0107" }, "geometry": { "type": "LineString", "coordinates": [ [ 174.486244123771399, -35.997451996637096 ], [ 174.486589747589562, -35.998111816679319 ], [ 174.486923605569814, -35.998781293844097 ], [ 174.487218081875255, -35.99946869679048 ], [ 174.487550233985615, -36.000143900667865 ], [ 174.487861334436673, -36.000825911770775 ], [ 174.48821359001829, -36.001494597842843 ], [ 174.488560095732197, -36.002165138965957 ], [ 174.488888896553021, -36.00284140417719 ], [ 174.489274798228337, -36.003501390131454 ], [ 174.489590041173102, -36.004186598093895 ], [ 174.489934090066072, -36.004859269667278 ], [ 174.490297000653328, -36.005524199477307 ], [ 174.490692864025618, -36.006176602153452 ], [ 174.491093160416852, -36.006827314822779 ], [ 174.491507430566372, -36.007472712147916 ], [ 174.491938720008392, -36.00811163687279 ], [ 174.492333852425077, -36.008764295219507 ], [ 174.492773691337078, -36.009399270402334 ], [ 174.493158310911781, -36.010053352860069 ], [ 174.493598731307372, -36.010685143511587 ], [ 174.494006960498808, -36.011333387145321 ], [ 174.494437919397598, -36.011971075657108 ], [ 174.494848546996138, -36.012618195810525 ], [ 174.495272092469833, -36.013259315019553 ], [ 174.495764075997272, -36.013868663719045 ], [ 174.496250839614163, -36.014479864137968 ], [ 174.496669469166392, -36.015122784791991 ], [ 174.497125207379838, -36.015748675442765 ], [ 174.497576944781855, -36.016376875167502 ], [ 174.49801925614625, -36.017009733743294 ], [ 174.498531363560232, -36.017607883453984 ], [ 174.498990428147238, -36.01823131695879 ], [ 174.499452451252154, -36.018854148739727 ], [ 174.49995897084267, -36.019454279825716 ], [ 174.50040876565717, -36.020084584599935 ], [ 174.500870848113863, -36.020708347399378 ], [ 174.501345103730557, -36.021325597525227 ], [ 174.501830593950359, -36.02193660841818 ], [ 174.502292421588294, -36.022559602222458 ], [ 174.502713951267339, -36.023202181014959 ], [ 174.503174923701096, -36.023825709310032 ], [ 174.50364438744856, -36.024445132460876 ], [ 174.504082043327031, -36.025080517155494 ], [ 174.504562841224327, -36.025695845481053 ], [ 174.505047906746995, -36.026310648161939 ], [ 174.505555862467673, -36.02691072031304 ], [ 174.506083341381839, -36.027498882609102 ], [ 174.506617037332916, -36.028095102506313 ], [ 174.507218383823556, -36.028650205269095 ], [ 174.507849794370316, -36.029167606009004 ], [ 174.508770572719897, -36.029444984099612 ] ] } },
{ "type": "Feature", "properties": { "group_id": "nzd0108" }, "geometry": { "type": "LineString", "coordinates": [ [ 173.859440884076776, -36.085854635428085 ], [ 173.858987264380261, -36.085224027555853 ], [ 173.858541944619873, -36.084588583922887 ], [ 173.858019059918689, -36.083998284779902 ], [ 173.857472479551518, -36.083421773943705 ], [ 173.857054229919839, -36.08277055986634 ], [ 173.856636781267866, -36.082118874916468 ], [ 173.855975615069866, -36.081609049079923 ], [ 173.855469775634788, -36.081008805923631 ], [ 173.854880204129756, -36.08045729710043 ], [ 173.854382817361198, -36.079852124912016 ], [ 173.85379764586699, -36.079298045965238 ], [ 173.853310101476438, -36.078687135829405 ], [ 173.852763922706828, -36.078110351093407 ], [ 173.852281194273218, -36.077496628764898 ], [ 173.851800629647983, -36.076881642442956 ], [ 173.851253446163156, -36.076305429178397 ], [ 173.850787514557396, -36.075681916330048 ], [ 173.850316357969945, -36.075061440339205 ], [ 173.849777950545189, -36.074480105352571 ], [ 173.849220077297872, -36.073910096588051 ], [ 173.848685887619922, -36.073326297599898 ], [ 173.848155900251214, -36.072739909605275 ], [ 173.847681576535535, -36.072120750470809 ], [ 173.847201369698439, -36.071505060964554 ], [ 173.846677811335837, -36.070915048671786 ], [ 173.846102150473456, -36.07035552234337 ], [ 173.845564407207434, -36.069773802168079 ], [ 173.845035762234431, -36.069186753229296 ], [ 173.844549742532308, -36.068574755544354 ], [ 173.844033474502908, -36.067980454734432 ], [ 173.84353142828823, -36.067377826868182 ], [ 173.842982680605189, -36.066802524280824 ], [ 173.842450247197235, -36.066217670127145 ], [ 173.841937228735503, -36.065621449902729 ], [ 173.841378180555552, -36.065052161823473 ], [ 173.840848472141374, -36.064465699672262 ], [ 173.840376837544454, -36.0638452482929 ], [ 173.839877060054164, -36.063241261675088 ], [ 173.839390372281059, -36.062629610489857 ], [ 173.838889748224091, -36.062026110379072 ], [ 173.83836662562689, -36.061435772004415 ], [ 173.837885094672771, -36.060821089678925 ], [ 173.837371873171662, -36.060224948277131 ], [ 173.836864874845219, -36.059625160614253 ], [ 173.836373492574154, -36.059016229942763 ], [ 173.835808969445992, -36.058450097068473 ], [ 173.835270446455098, -36.057868744390554 ], [ 173.834741698411364, -36.05728166694805 ], [ 173.83421896074077, -36.056691067780818 ], [ 173.833758699053107, -36.056063903066651 ], [ 173.833291520137692, -36.055440781836467 ], [ 173.832817004058143, -36.054821949858372 ], [ 173.832353367402931, -36.054196746699468 ], [ 173.8318861389576, -36.053573640981497 ], [ 173.83132105418025, -36.053007796965396 ], [ 173.830786178728175, -36.052424269812256 ], [ 173.830206449720237, -36.051866986748514 ], [ 173.829557967377809, -36.05134993386163 ], [ 173.82899245778367, -36.050784320508541 ], [ 173.828456784563315, -36.050201242393001 ], [ 173.827919905406191, -36.049618865549043 ], [ 173.827435104045634, -36.049006008248476 ], [ 173.826928637524531, -36.048405824989921 ], [ 173.826419681789815, -36.047807093980403 ], [ 173.82589516526312, -36.047217464743582 ], [ 173.825414215139915, -36.046602335882476 ], [ 173.824878296423975, -36.046019370361321 ], [ 173.824352206723887, -36.045430648428137 ], [ 173.823811758261456, -36.044850324840411 ], [ 173.823300567823026, -36.044252874936291 ], [ 173.822775211294697, -36.043663710625317 ], [ 173.822228629249679, -36.043086963098375 ], [ 173.821732725452847, -36.042480554092116 ], [ 173.821350336115387, -36.041807711500738 ], [ 173.820861209319361, -36.041197327600671 ], [ 173.820386453089156, -36.040578529495171 ], [ 173.819994452157289, -36.039911297851326 ], [ 173.819344701702704, -36.039394898739957 ], [ 173.818764762755677, -36.038837640873318 ], [ 173.818241123683151, -36.038247431540022 ], [ 173.817670193309965, -36.037684892875006 ], [ 173.817168609217987, -36.037081767977881 ], [ 173.816695739599908, -36.036461834761901 ], [ 173.8162484717746, -36.035826914718648 ], [ 173.815694219550352, -36.035254598210486 ], [ 173.815193301617796, -36.034651065671191 ], [ 173.814674712784296, -36.03405786982124 ], [ 173.814087045736954, -36.033505094548048 ], [ 173.813503002030558, -36.032950194365171 ], [ 173.813014191405841, -36.032339558840484 ], [ 173.812526020824976, -36.031728544299206 ], [ 173.812053695181845, -36.031108252734725 ], [ 173.811527468566652, -36.030519499924978 ], [ 173.811104453290596, -36.029870342620193 ], [ 173.810626881449735, -36.029253107736423 ], [ 173.809958704558511, -36.028747412038847 ], [ 173.809425514791855, -36.02816271634979 ], [ 173.808922937515035, -36.027560101587902 ], [ 173.808464653562623, -36.026931561591503 ], [ 173.80802425097994, -36.026292552744877 ], [ 173.807407209433308, -36.025756910091168 ], [ 173.806907427383436, -36.025152641756449 ], [ 173.806337015108824, -36.024589702336037 ], [ 173.805796225335996, -36.024009423149835 ], [ 173.805379308954485, -36.023356647857732 ], [ 173.804893206006398, -36.022744356603695 ], [ 173.804293134843249, -36.022198756111322 ], [ 173.803730178068776, -36.021631431475775 ], [ 173.803240901472435, -36.021020984196682 ], [ 173.802788784170531, -36.020388786515028 ], [ 173.802202691861396, -36.019834987707263 ], [ 173.801658518682899, -36.019256653010949 ], [ 173.801113175068195, -36.018678998814572 ], [ 173.800561148637769, -36.018105250998445 ], [ 173.800097112811926, -36.017480006013123 ], [ 173.7995743000983, -36.016889153247391 ], [ 173.799035756921853, -36.016307501627729 ], [ 173.798524269154569, -36.015710012539138 ], [ 173.797953962509752, -36.015146940244783 ], [ 173.797470421460531, -36.014533087663104 ], [ 173.797015730246301, -36.013902347452543 ], [ 173.796453936646117, -36.013334279986616 ], [ 173.795970027720443, -36.012720629327461 ], [ 173.795409951157723, -36.012151548158045 ], [ 173.794917195869004, -36.011543065586807 ], [ 173.794371017107494, -36.010965842430366 ], [ 173.793807677831467, -36.01039865728626 ], [ 173.7933135659801, -36.009790955285929 ], [ 173.792864665260026, -36.009156790887523 ], [ 173.792295634458753, -36.008592923195579 ], [ 173.791732526713844, -36.008025584810412 ], [ 173.791184814505328, -36.007449232382299 ], [ 173.790660187944098, -36.006859365624173 ], [ 173.790163976741781, -36.006252865551652 ], [ 173.789705509851359, -36.005624272744377 ], [ 173.789246829488008, -36.004995800355687 ], [ 173.788751312732813, -36.00438888050094 ], [ 173.788417458066135, -36.00368734960805 ], [ 173.787759775007714, -36.003175322510401 ], [ 173.787150465447979, -36.002634982049891 ], [ 173.786595161062195, -36.002063032732941 ], [ 173.786023282987287, -36.001500778019384 ], [ 173.785539096416187, -36.000887201049622 ], [ 173.785051615998697, -36.000275547206442 ], [ 173.784540598310116, -35.999677663145548 ], [ 173.784003670747808, -35.999094937349746 ], [ 173.783578446670049, -35.998446837110507 ], [ 173.783046741861142, -35.997861046046062 ], [ 173.782571064462843, -35.99724246267639 ], [ 173.781909796794196, -35.996732484269273 ], [ 173.781348310688259, -35.99616410815193 ], [ 173.780796773124536, -35.995589905603367 ], [ 173.780195748832369, -35.995044658591986 ], [ 173.779660499845761, -35.994460914933214 ], [ 173.779120139193566, -35.993880158212185 ], [ 173.778601805244193, -35.993286506885418 ], [ 173.778128639044297, -35.992666418646543 ], [ 173.777592746512113, -35.99208303384647 ], [ 173.777069697270974, -35.991492128623449 ], [ 173.776623020574874, -35.990856525171552 ], [ 173.77605052657654, -35.990294546529327 ], [ 173.77541835362689, -35.989767487887271 ], [ 173.77496513419905, -35.989135700079018 ], [ 173.774488158739103, -35.988517809963142 ], [ 173.773969655398417, -35.987924217816428 ], [ 173.773428965300297, -35.987343605085648 ], [ 173.772889760851569, -35.986762118498866 ], [ 173.772325081034325, -35.986195535818347 ], [ 173.7717880874998, -35.98561274649866 ], [ 173.77121095270445, -35.985053443618824 ], [ 173.77074831782042, -35.984427130321464 ], [ 173.770238414608201, -35.983828474265849 ], [ 173.769677722350281, -35.983259535825731 ], [ 173.769202604655533, -35.982640514202359 ], [ 173.768683813870865, -35.982047045894177 ], [ 173.768153667937412, -35.981460218254021 ], [ 173.767694334720545, -35.980831946091378 ], [ 173.767185908861535, -35.980232398833422 ], [ 173.766622000050432, -35.979665316169097 ] ] } },
{ "type": "Feature", "properties": { "group_id": "nzd0109" }, "geometry": { "type": "LineString", "coordinates": [ [ 174.532088012183635, -36.043231133200266 ], [ 174.532708456996346, -36.043749770476424 ], [ 174.533295810322727, -36.044287973743252 ], [ 174.533926141210486, -36.044754020825785 ], [ 174.534620275452852, -36.045191386058981 ], [ 174.535356787968453, -36.045623544252194 ], [ 174.536059679673173, -36.046078907922009 ], [ 174.536765711557649, -36.046503534817973 ], [ 174.537493952995646, -36.046906313752764 ], [ 174.538310699669353, -36.047214889173745 ], [ 174.5391135456141, -36.047526046709471 ], [ 174.539898343905037, -36.047788330261142 ], [ 174.540711664463203, -36.047902063912673 ], [ 174.541499453657735, -36.047957848914081 ], [ 174.542328104397484, -36.048005640695024 ], [ 174.543193233241396, -36.047781243726661 ], [ 174.54401735623523, -36.047471036550149 ] ] } },
{ "type": "Feature", "properties": { "group_id": "nzd0110" }, "geometry": { "type": "LineString", "coordinates": [ [ 174.546284213341124, -36.04674508846221 ], [ 174.547039365732786, -36.047153530260992 ], [ 174.547870886111497, -36.047423406232589 ], [ 174.548739726921553, -36.047602395304381 ], [ 174.549596482029273, -36.047821557749323 ], [ 174.550474218097179, -36.047976727300444 ], [ 174.551362376157073, -36.048080522296317 ], [ 174.552252360890662, -36.048160942749128 ], [ 174.55314496347242, -36.04808881746284 ] ] } },
{ "type": "Feature", "properties": { "group_id": "nzd0111" }, "geometry": { "type": "LineString", "coordinates": [ [ 174.56473131504913, -36.048100215850539 ], [ 174.565601333688875, -36.048289935209354 ], [ 174.566475309200598, -36.048463383001092 ], [ 174.56736540975507, -36.048567322040924 ], [ 174.568264816356503, -36.048590590181647 ], [ 174.569152467324955, -36.048480293628259 ] ] } },
{ "type": "Feature", "properties": { "group_id": "nzd0112" }, "geometry": { "type": "LineString", "coordinates": [ [ 174.592686385507477, -36.068739980596462 ], [ 174.592809441436401, -36.069464928776512 ], [ 174.592962098704817, -36.070183481225484 ], [ 174.593234918782827, -36.070876090976057 ], [ 174.593490103029609, -36.071595777458015 ], [ 174.593806006646957, -36.072316270247825 ], [ 174.59412982805577, -36.073014928213361 ], [ 174.594490814715726, -36.073679840967877 ], [ 174.59482360950571, -36.07435479843484 ], [ 174.595239796453711, -36.07499451614126 ], [ 174.59563758146902, -36.075641906688404 ], [ 174.596036960020172, -36.076293144417228 ], [ 174.596370773302738, -36.076967531885096 ], [ 174.596812131970438, -36.077607356550303 ], [ 174.597174499255459, -36.078283075843217 ], [ 174.59753625285515, -36.078957182211767 ], [ 174.597914947833203, -36.079615982519989 ], [ 174.598330943848055, -36.080273625014257 ], [ 174.598756884172872, -36.080934921452382 ], [ 174.599031193823237, -36.081661078900005 ] ] } },
{ "type": "Feature", "properties": { "group_id": "nzd0113" }, "geometry": { "type": "LineString", "coordinates": [ [ 174.59828170892456, -36.083996377245633 ], [ 174.598614969342776, -36.084686719768065 ], [ 174.599013805059883, -36.085342776345016 ], [ 174.599388408827139, -36.086011495688496 ], [ 174.599783371689171, -36.086669380340723 ], [ 174.600186781394541, -36.087293958580219 ], [ 174.600501563392555, -36.087954018095701 ], [ 174.600790833302028, -36.08865270836715 ], [ 174.601219300214666, -36.089285475702674 ], [ 174.601537725392376, -36.089911957234264 ], [ 174.601910567696251, -36.090523462908045 ], [ 174.602203057937572, -36.091210489680016 ], [ 174.602516338550629, -36.091890904035886 ], [ 174.602908086074393, -36.092546378243078 ], [ 174.603274339539468, -36.093209947828491 ], [ 174.603630447478736, -36.093876735511486 ], [ 174.604019300296073, -36.094533112077251 ], [ 174.604404170452682, -36.095190748375138 ], [ 174.604702393076934, -36.095885449411448 ], [ 174.605107730770555, -36.096548097556052 ], [ 174.605451486839314, -36.097222795088726 ], [ 174.605784059705911, -36.097897621194413 ], [ 174.606164973095389, -36.098555079899064 ], [ 174.606454999360835, -36.099245175435172 ], [ 174.60681208593374, -36.099911180317171 ], [ 174.607110598684216, -36.100598216448901 ], [ 174.607450432294513, -36.101270406408588 ], [ 174.607803232310005, -36.101937933803697 ], [ 174.608194168333085, -36.102591854901149 ], [ 174.608516051025106, -36.103271331210244 ], [ 174.60894285286281, -36.103912875815745 ], [ 174.609310798629451, -36.104574936201544 ], [ 174.609641017618344, -36.105250625742592 ], [ 174.610017967784557, -36.105909420577852 ], [ 174.610425875307271, -36.10655702154471 ], [ 174.610731509950142, -36.107241579102826 ], [ 174.611052598207522, -36.107920545896476 ], [ 174.61143088992398, -36.108578833342492 ], [ 174.611815480375611, -36.109234838762859 ], [ 174.612155526691367, -36.109906937037863 ], [ 174.612516867804771, -36.110595714801882 ], [ 174.612814696090282, -36.111325147515245 ], [ 174.613285880969784, -36.111953889640979 ], [ 174.613638373621313, -36.112626856786115 ], [ 174.614043615892285, -36.11326111077058 ], [ 174.614457214907787, -36.113858532676673 ], [ 174.614806352952144, -36.114496667084978 ], [ 174.615348234296647, -36.115096648959593 ], [ 174.61576694518962, -36.115740533480142 ], [ 174.616178796029089, -36.116386857861421 ], [ 174.616602834877938, -36.117028831750723 ], [ 174.616985853231199, -36.117685423200683 ], [ 174.61746297136537, -36.118308463790932 ], [ 174.617931011631811, -36.118934734813266 ], [ 174.618329576616645, -36.119592975562092 ], [ 174.61875845654663, -36.120238873160652 ], [ 174.619191365120173, -36.120876101964967 ], [ 174.6196045512431, -36.121520941908734 ], [ 174.62007186978903, -36.122141013072877 ], [ 174.620515627702559, -36.1227718572393 ], [ 174.620937211903538, -36.123412839924079 ], [ 174.621341982439475, -36.124061509069847 ], [ 174.62170717158503, -36.124728279985071 ], [ 174.622136956279093, -36.12536453689885 ], [ 174.622586081739911, -36.125989856890257 ], [ 174.622993052583212, -36.126634740688033 ], [ 174.623419095123836, -36.127273471019478 ], [ 174.623824206825503, -36.127921234563878 ], [ 174.624226787013271, -36.128571207315872 ], [ 174.624694361012189, -36.129194458158217 ], [ 174.625099235443315, -36.1298448711985 ], [ 174.625521612172037, -36.130485460320756 ], [ 174.626001218915661, -36.131099792217739 ], [ 174.626411862286176, -36.131745753292698 ], [ 174.626843358673, -36.132382143698486 ], [ 174.627297049912499, -36.133008347948383 ], [ 174.627697297560758, -36.133659062187661 ], [ 174.628166994027964, -36.134277914415179 ], [ 174.628652878227712, -36.134889336037801 ], [ 174.629109222682644, -36.135517854743306 ], [ 174.629593335779703, -36.136133680834142 ], [ 174.630016199383277, -36.136779974750958 ], [ 174.630480344348683, -36.137402139160862 ], [ 174.630905920333703, -36.138045281942624 ], [ 174.631375686023802, -36.138664379014521 ], [ 174.631820511459011, -36.139290143783967 ], [ 174.63226016032749, -36.13990361873023 ], [ 174.632698278886522, -36.140524890925505 ], [ 174.633139723429878, -36.141156725668253 ], [ 174.633596964085825, -36.141781590783943 ], [ 174.634048863866724, -36.142408805437142 ], [ 174.634542685105487, -36.143017531956772 ], [ 174.634969388237607, -36.143655845219961 ], [ 174.635420508402376, -36.144283387940106 ], [ 174.635906884785896, -36.144895381188377 ], [ 174.636309105330923, -36.14555079726852 ], [ 174.636681931504768, -36.146231314327139 ], [ 174.637165475976929, -36.146845047706272 ], [ 174.637757582375286, -36.147395807173908 ], [ 174.638286132167252, -36.147982390869174 ], [ 174.638775352069757, -36.148590641269557 ], [ 174.63924919944651, -36.14920737302058 ], [ 174.639785284397874, -36.149789890504181 ], [ 174.640314864779469, -36.150376032074782 ], [ 174.640754163657164, -36.151012534539973 ], [ 174.641218390373155, -36.151635125813776 ], [ 174.641661402709815, -36.152269547303057 ], [ 174.642116431383585, -36.152897260573319 ], [ 174.642597606197427, -36.153504156202317 ], [ 174.643095769022779, -36.154100487302472 ], [ 174.643604599541021, -36.154697548081892 ], [ 174.644097837341036, -36.155303744513297 ], [ 174.644564656986972, -36.15592747000359 ], [ 174.645062271412087, -36.156537551502147 ], [ 174.645586560395373, -36.157129077760395 ], [ 174.64605053153457, -36.157751890327667 ], [ 174.646618007067445, -36.158336965747921 ], [ 174.647136500711355, -36.158959236652848 ], [ 174.64768386955501, -36.159538030316803 ] ] } },
{ "type": "Feature", "properties": { "group_id": "nzd0114" }, "geometry": { "type": "LineString", "coordinates": [ [ 175.424654991163436, -36.116113879950433 ], [ 175.424232188371775, -36.116758271389955 ], [ 175.423919631355687, -36.117438885596741 ], [ 175.423622321538886, -36.118124504459921 ], [ 175.423312882405867, -36.118873287668762 ], [ 175.422994085408419, -36.119674594540484 ], [ 175.422678091239789, -36.120433480284518 ], [ 175.42264695567755, -36.121160875064078 ], [ 175.42260655849492, -36.121887408023014 ], [ 175.422471760489231, -36.122605218746749 ], [ 175.422412228409172, -36.123329971769252 ], [ 175.422280287183469, -36.124048033058024 ], [ 175.422485017893422, -36.124875089734452 ], [ 175.422678169678591, -36.125687113199177 ], [ 175.422668760645081, -36.126465867001272 ], [ 175.422873795000612, -36.127172195552227 ], [ 175.423106633028027, -36.127873168741026 ], [ 175.423282492539101, -36.12858509727721 ], [ 175.423479595295333, -36.129292932565058 ], [ 175.42373858645476, -36.129988855186348 ], [ 175.424111636714002, -36.130662828273515 ], [ 175.4243955955736, -36.131353934680313 ], [ 175.424722065218276, -36.132036856214128 ], [ 175.42501665853905, -36.132763384652414 ], [ 175.425416389811915, -36.133456719532965 ], [ 175.425805528317312, -36.13411489018813 ], [ 175.4261508099965, -36.134791947679958 ], [ 175.426543682988296, -36.135446610516802 ], [ 175.426977476648631, -36.13608201704244 ], [ 175.427356459861301, -36.136743204025919 ], [ 175.427757941080444, -36.137402149926949 ], [ 175.428093170051568, -36.138114627166516 ], [ 175.428178625969423, -36.138965403636483 ], [ 175.42826332441274, -36.139796751650884 ], [ 175.428365337077025, -36.140618555907842 ], [ 175.428893764344622, -36.14120549124754 ], [ 175.430389061495219, -36.141259875552834 ], [ 175.430736342494924, -36.14194657650647 ] ] } },
{ "type": "Feature", "properties": { "group_id": "nzd0115" }, "geometry": { "type": "LineString", "coordinates": [ [ 173.94837039019913, -36.194634672534114 ], [ 173.947901510254468, -36.194016069993943 ], [ 173.947495966022302, -36.193367904971247 ], [ 173.947010705583409, -36.192756936737048 ], [ 173.946496121978669, -36.192159647935156 ], [ 173.94599663679324, -36.191555307953415 ], [ 173.945524385196478, -36.190938253589955 ], [ 173.945053784184182, -36.190320423874937 ], [ 173.94466866737406, -36.189662695432276 ], [ 173.944179530186432, -36.189053506041709 ], [ 173.943746411337116, -36.188418168982246 ], [ 173.943273276262261, -36.187801501615851 ], [ 173.942752868440209, -36.187206890415517 ], [ 173.942240104176619, -36.186608707042396 ], [ 173.941745604023652, -36.186001995125956 ], [ 173.941251245522437, -36.185395212039495 ], [ 173.940725445609985, -36.184803096896147 ], [ 173.940304099338789, -36.184162230487928 ], [ 173.939821029546522, -36.183550164026734 ], [ 173.939319900122285, -36.182946520537875 ], [ 173.938891912937237, -36.18230873810753 ], [ 173.938469597190192, -36.181668303844269 ], [ 173.937989692504289, -36.181054740064162 ], [ 173.937455290511679, -36.1804666039598 ], [ 173.936987935147357, -36.179847173560766 ], [ 173.936538994327975, -36.17921914442519 ], [ 173.9360387519028, -36.178615051596708 ], [ 173.935577254985134, -36.177992872007415 ], [ 173.935124211050805, -36.177366742526772 ], [ 173.934625781484584, -36.17676178850337 ], [ 173.934153777353373, -36.176144497229139 ], [ 173.933732705141779, -36.175503432029032 ], [ 173.933190357966112, -36.174918958263568 ], [ 173.93272555424582, -36.174298291535081 ], [ 173.932219568595997, -36.173696838473418 ], [ 173.931733579992596, -36.173086048157408 ], [ 173.931278947027636, -36.172460619785483 ], [ 173.930808346753309, -36.171842637951904 ], [ 173.930372765108871, -36.171208308603745 ], [ 173.929834836834431, -36.170621737197237 ], [ 173.929350650679822, -36.170010080424809 ], [ 173.928862687635842, -36.169400181184436 ], [ 173.928390054759319, -36.168783122632668 ], [ 173.927921456510973, -36.168164176149787 ], [ 173.927424232908891, -36.167558583432523 ], [ 173.926976470416264, -36.16692990324362 ], [ 173.926465845178001, -36.16633055465914 ], [ 173.925969157595262, -36.165724696611186 ], [ 173.925481203155897, -36.165114757939868 ], [ 173.924997755727645, -36.164502710889352 ], [ 173.924516484283203, -36.163889643298184 ], [ 173.924015306147197, -36.163285860642546 ], [ 173.923529344742803, -36.162674971628391 ], [ 173.923084322387496, -36.162044972250399 ], [ 173.922576316482491, -36.161444360780358 ], [ 173.922070294659022, -36.160842818314862 ], [ 173.921622968127593, -36.160213879082121 ], [ 173.921173171801456, -36.15958608737678 ], [ 173.920634237042634, -36.158999889436878 ], [ 173.920139196855416, -36.158393201861308 ], [ 173.919632651999137, -36.157791878170563 ], [ 173.919163992654404, -36.157172869177991 ], [ 173.918753615782748, -36.156526656093533 ], [ 173.918353419389319, -36.155875686892784 ], [ 173.917939683603294, -36.155231031097948 ], [ 173.917323187209405, -36.154680994068322 ], [ 173.916746005822773, -36.154112604388175 ], [ 173.916248440376251, -36.153507054807093 ], [ 173.91568665081644, -36.152931471884635 ], [ 173.915181357197412, -36.152394268282684 ], [ 173.91476671660314, -36.151846086056224 ], [ 173.914321044419125, -36.151244208727654 ], [ 173.913838679710977, -36.150630819268059 ], [ 173.913355874055299, -36.1500176819752 ], [ 173.912896361474452, -36.149390982466592 ], [ 173.912357304312934, -36.148810577385738 ], [ 173.911895358987721, -36.148185284890424 ], [ 173.911363515620195, -36.147600672106272 ], [ 173.910878214085272, -36.146988965152524 ], [ 173.910363282705674, -36.146394499809141 ], [ 173.909837878158953, -36.14580612592264 ], [ 173.909301700589566, -36.145224018021501 ], [ 173.908842629993472, -36.144597025447723 ], [ 173.908281914202945, -36.144029191140575 ], [ 173.907834894825299, -36.1433951751821 ], [ 173.907400134658189, -36.142754019151646 ], [ 173.906908680496997, -36.142145857548336 ], [ 173.906312995752046, -36.141598359292132 ], [ 173.905828896476123, -36.140985907850556 ], [ 173.905310584404475, -36.140393365619865 ], [ 173.904851992817271, -36.139766058365154 ], [ 173.904348823627629, -36.139164693220032 ], [ 173.903844140197577, -36.138564204979971 ], [ 173.90334185267514, -36.13796231772276 ], [ 173.902813002346193, -36.137375887031631 ], [ 173.902336677141761, -36.136758879325399 ], [ 173.901805238086098, -36.136173946500534 ], [ 173.901303126595423, -36.135571938924052 ], [ 173.900780672753513, -36.134981767277928 ], [ 173.900272947913862, -36.134383018060447 ], [ 173.899809006788644, -36.133758779756398 ], [ 173.899372765985134, -36.133118413724794 ], [ 173.898851939847731, -36.132527276818763 ], [ 173.898326345198569, -36.131938911005967 ], [ 173.897854747786596, -36.131319111144016 ], [ 173.89733534824785, -36.130727130489056 ], [ 173.896845473791672, -36.13011796000584 ], [ 173.896335267298184, -36.12952061952177 ], [ 173.895812452960541, -36.12893061310173 ], [ 173.895278349505418, -36.128347173166091 ], [ 173.894752732899406, -36.127758788911727 ], [ 173.894310638320349, -36.127121785314415 ], [ 173.893827846488819, -36.126508465488357 ], [ 173.893313290284652, -36.125913630021458 ], [ 173.892856717563973, -36.12528504007404 ], [ 173.892400426735321, -36.124656281517595 ], [ 173.891949503872382, -36.124024393924067 ], [ 173.891303940176442, -36.123505795386578 ], [ 173.890739357735441, -36.122940056026415 ], [ 173.890193782961177, -36.122363248533269 ], [ 173.889685042047631, -36.121764996978456 ], [ 173.889197734453262, -36.121154265425311 ], [ 173.888762017529132, -36.120513500328137 ], [ 173.888255184800073, -36.119914124678949 ], [ 173.88775728590258, -36.11930954449678 ], [ 173.887201680463306, -36.118738548792102 ], [ 173.886675396856248, -36.118150481424124 ], [ 173.886162005479264, -36.117554905489037 ], [ 173.885679002562142, -36.116941637042174 ], [ 173.885183204541221, -36.116335811699514 ], [ 173.884710222001758, -36.115716701770033 ], [ 173.884195105601066, -36.115122112056937 ], [ 173.883672563665527, -36.114531840036705 ], [ 173.883197727005552, -36.113913795907358 ], [ 173.882650202498382, -36.113338056492886 ], [ 173.882211170836712, -36.112699162497442 ], [ 173.881720977682932, -36.1120900434424 ], [ 173.881190324544292, -36.11150447039941 ], [ 173.880719899012945, -36.110883836293873 ], [ 173.880204362232575, -36.110289455572314 ], [ 173.879705395015151, -36.109685425753852 ], [ 173.879156604123523, -36.109110392309859 ], [ 173.878679136624811, -36.108493839239635 ], [ 173.878179700963102, -36.107890068694807 ], [ 173.877698584573608, -36.10727563057069 ], [ 173.877212448456191, -36.106664109800732 ], [ 173.876714518111868, -36.106059449638998 ], [ 173.876196482674459, -36.105466487621079 ], [ 173.875659740253411, -36.104884409949854 ], [ 173.875129752836102, -36.104298395920004 ], [ 173.87467001440794, -36.103671487468006 ], [ 173.87415379897439, -36.103077448234494 ], [ 173.873655710941847, -36.102472853074325 ], [ 173.873224066682525, -36.101829578262212 ], [ 173.872962382824397, -36.101087368756907 ], [ 173.87243701552535, -36.10049863876268 ], [ 173.871746608156883, -36.100005970375442 ], [ 173.871161853769991, -36.099451799202939 ], [ 173.870645626086343, -36.098857735871377 ], [ 173.870070824745085, -36.09829776230783 ], [ 173.869500530515182, -36.097735160767307 ], [ 173.868964896134685, -36.097152380178791 ], [ 173.868397892671624, -36.09658785420195 ], [ 173.867899879171347, -36.095983166613159 ], [ 173.86742885452901, -36.095362765069069 ], [ 173.866992929008205, -36.094721928723324 ], [ 173.866530514283227, -36.094096506524842 ], [ 173.866002564063109, -36.093509226456725 ], [ 173.865530433252985, -36.092889450793841 ], [ 173.865034588621683, -36.092283473901944 ], [ 173.864509678529856, -36.091694410875938 ], [ 173.863993815911044, -36.09110007706667 ], [ 173.863431186923265, -36.090532960402676 ], [ 173.862870676794415, -36.08996460591419 ], [ 173.862343141029811, -36.089377053384979 ], [ 173.861841671387879, -36.088774323946019 ], [ 173.861379203472893, -36.088148888060175 ], [ 173.860821513342529, -36.087578874302508 ], [ 173.860331783884703, -36.086969297788379 ], [ 173.859805887631836, -36.086380768649867 ] ] } },
{ "type": "Feature", "properties": { "group_id": "nzd0116" }, "geometry": { "type": "LineString", "coordinates": [ [ 175.440258031090849, -36.148242403846844 ], [ 175.440915907654954, -36.148766085507013 ], [ 175.441650780589981, -36.149186559274455 ] ] } },
{ "type": "Feature", "properties": { "group_id": "nzd0117" }, "geometry": { "type": "LineString", "coordinates": [ [ 175.446742543123321, -36.152045772336137 ], [ 175.447444859459978, -36.152669494195244 ], [ 175.448326258781975, -36.152822485475411 ] ] } },
{ "type": "Feature", "properties": { "group_id": "nzd0118" }, "geometry": { "type": "LineString", "coordinates": [ [ 175.484304415311414, -36.168675387669907 ], [ 175.485193918455678, -36.168777092808774 ], [ 175.486083282519331, -36.16881327018033 ], [ 175.486962089420928, -36.168787268000138 ], [ 175.487845329347664, -36.168706241450643 ], [ 175.4887060831214, -36.168541245085457 ], [ 175.489535355999976, -36.168265678023637 ] ] } },
{ "type": "Feature", "properties": { "group_id": "nzd0119" }, "geometry": { "type": "LineString", "coordinates": [ [ 174.650883438033873, -36.165379578777163 ], [ 174.650989232917055, -36.16610504573795 ], [ 174.651339120357903, -36.166810901633532 ], [ 174.6517446821357, -36.167492531673155 ], [ 174.652175539966834, -36.16813578193679 ], [ 174.65260701918433, -36.168773572655518 ], [ 174.653009160891287, -36.169422339383324 ], [ 174.653453601792165, -36.170055876294171 ], [ 174.653891549001628, -36.17069186386756 ], [ 174.654326768858027, -36.171327442517729 ], [ 174.654778441835987, -36.171954237072427 ], [ 174.655175292034528, -36.172606331422571 ], [ 174.655619699535919, -36.173236469299177 ], [ 174.656001867251575, -36.173896066610872 ], [ 174.656477650357289, -36.174513238629089 ], [ 174.656898089013936, -36.175157997978104 ], [ 174.657399924155641, -36.175759673926777 ], [ 174.65787658836399, -36.176374248448113 ], [ 174.658349539248661, -36.17699268469373 ], [ 174.658803225062542, -36.177624994170621 ], [ 174.659271802811446, -36.178249412047556 ], [ 174.659768925312164, -36.178849147415256 ], [ 174.660253806154714, -36.179455021250902 ], [ 174.660763427565769, -36.180052085826823 ], [ 174.661249655452991, -36.180661985576862 ], [ 174.661730310982591, -36.181274939115383 ], [ 174.662246856721708, -36.181868189191981 ], [ 174.662722409823033, -36.18248393392706 ], [ 174.663248905331955, -36.183063454852658 ], [ 174.663764048354693, -36.18365177124609 ], [ 174.664266810951545, -36.184254264745412 ], [ 174.664818589473015, -36.184831327203881 ], [ 174.665356835853885, -36.185408043968231 ], [ 174.665843716225311, -36.186021327478556 ], [ 174.696670544710742, -36.217133234739393 ], [ 174.697285240204309, -36.217662910417836 ], [ 174.697876078886821, -36.21821013284486 ], [ 174.6984768501394, -36.218749910427618 ], [ 174.699082245700396, -36.219285258201303 ], [ 174.699691038282992, -36.219818104752932 ], [ 174.700303927232227, -36.220347935918284 ], [ 174.70089637815903, -36.220892789123049 ], [ 174.701478538837449, -36.221445203878424 ], [ 174.702075625383912, -36.221986641532979 ], [ 174.702655506153775, -36.222540724993166 ], [ 174.703248034109379, -36.223085506602544 ], [ 174.703838950061453, -36.223631469602132 ], [ 174.704448344067345, -36.224163843877022 ], [ 174.705038594773669, -36.2247102884605 ], [ 174.705585296226047, -36.225288746586529 ], [ 174.706217567639158, -36.225804290188641 ], [ 174.706793621412515, -36.226362192024219 ], [ 174.707408961336796, -36.226891593880147 ], [ 174.708033333974271, -36.22741308855516 ], [ 174.708651636767684, -36.227938688368226 ], [ 174.709278429609384, -36.228457774472105 ], [ 174.709902668978742, -36.228979062218023 ], [ 174.710510516277736, -36.229514428719746 ], [ 174.711135297976028, -36.230037265167475 ], [ 174.711764748392596, -36.230554619358202 ], [ 174.7124023430531, -36.231065125114263 ], [ 174.713025291196146, -36.23158793787541 ], [ 174.713641453308952, -36.2321164510142 ], [ 174.714264704482133, -36.232639002600486 ], [ 174.714891279898836, -36.233157559222271 ], [ 174.715509846972736, -36.233679839141352 ], [ 174.716121532024374, -36.234208374834836 ], [ 174.716734981140718, -36.234737958205486 ], [ 174.717357176081265, -36.23526059106932 ], [ 174.717967030775185, -36.235793022634603 ], [ 174.718570510769581, -36.236325496637122 ], [ 174.719160440639342, -36.236862861990055 ], [ 174.719805948519905, -36.23736558825523 ], [ 174.720398313576453, -36.237910212895095 ], [ 174.7210177590282, -36.238435577500596 ], [ 174.721670407953496, -36.238941690449558 ], [ 174.722303979194749, -36.239461266413628 ], [ 174.722950957091626, -36.239966526463071 ], [ 174.723540847458338, -36.240522474548648 ], [ 174.724166491627784, -36.241045666590026 ], [ 174.72482169247715, -36.241541779480904 ], [ 174.725414435197905, -36.242095106247518 ], [ 174.725739669631423, -36.242893488965741 ], [ 174.726632270930935, -36.243172115917496 ], [ 174.72738391915172, -36.243579863043465 ], [ 174.728110649745844, -36.244002909627568 ], [ 174.728722207774382, -36.244487572379278 ], [ 174.729366387561384, -36.244968618658689 ], [ 174.73003653018813, -36.245466706337083 ], [ 174.73070726299099, -36.245960369379993 ], [ 174.731298344105227, -36.246486672468635 ], [ 174.731943870354854, -36.246987136745624 ], [ 174.732557720233814, -36.247529750505365 ], [ 174.733217749940593, -36.248024877813982 ], [ 174.733932946898562, -36.248463276929577 ], [ 174.734610189497999, -36.248938653303213 ], [ 174.735294925056252, -36.249403597788891 ], [ 174.735965631798024, -36.24988397848815 ], [ 174.736635602196827, -36.250367067779742 ], [ 174.737305649597317, -36.250850074239899 ], [ 174.737995055875729, -36.251314385837155 ], [ 174.738693683746391, -36.251769814670887 ], [ 174.739384356864377, -36.252232935049136 ], [ 174.740061501287045, -36.252709088790709 ], [ 174.740746163641347, -36.253177995386032 ], [ 174.741401917743559, -36.253674755349671 ], [ 174.742100901849568, -36.25413015304904 ], [ 174.74281133088985, -36.254582672498088 ], [ 174.743480122983101, -36.255083023327103 ], [ 174.744214727587547, -36.2554998764532 ], [ 174.744956845060301, -36.255908242562263 ], [ 174.745628227753031, -36.256396489703427 ], [ 174.746364069107898, -36.256810386839014 ], [ 174.747085722959724, -36.257236888556577 ], [ 174.747778947706394, -36.257695591717344 ], [ 174.748595624029434, -36.258025964337662 ], [ 174.749377084693407, -36.258397174196155 ], [ 174.750225923154431, -36.258652669993239 ], [ 174.750979600484072, -36.25906134172461 ] ] } },
{ "type": "Feature", "properties": { "group_id": "nzd0120" }, "geometry": { "type": "LineString", "coordinates": [ [ 175.481195569218499, -36.249697532318748 ], [ 175.481695526929826, -36.250296805473283 ], [ 175.482191352597766, -36.250902845932977 ], [ 175.482694002814554, -36.251504675581451 ], [ 175.483152967865635, -36.252135952772434 ], [ 175.483687748530542, -36.252735559736188 ], [ 175.48436593798678, -36.253229587701405 ], [ 175.485159380072105, -36.253598760585668 ], [ 175.48590895397416, -36.253930130574027 ], [ 175.48673465181318, -36.254202842298859 ] ] } },
{ "type": "Feature", "properties": { "group_id": "nzd0121" }, "geometry": { "type": "LineString", "coordinates": [ [ 174.012119318930331, -36.313729120126105 ], [ 174.012101459792092, -36.312963443615743 ], [ 174.01188239165802, -36.312257203296291 ], [ 174.011848997364325, -36.311496102796418 ], [ 174.01172463980356, -36.310761869091891 ], [ 174.011494158963757, -36.310058981693317 ], [ 174.011413247305029, -36.309311899582838 ], [ 174.01127424308072, -36.308581973751579 ], [ 174.011147034567585, -36.307848556499813 ], [ 174.010958125164166, -36.307133362095129 ], [ 174.010844883227037, -36.306395805590206 ], [ 174.010743977914245, -36.30565459763941 ], [ 174.010580116914355, -36.304931983592411 ], [ 174.010399625607221, -36.304214276741369 ], [ 174.010208937221307, -36.303499576433744 ], [ 174.01009587908203, -36.302761933270133 ], [ 174.009893428425528, -36.302050695677636 ], [ 174.0097282082113, -36.30132845164831 ], [ 174.009415490761768, -36.300649781622482 ], [ 174.009358776975404, -36.299895465155558 ], [ 174.009135039358824, -36.299190492347002 ], [ 174.008942132683671, -36.298476403775318 ], [ 174.008742476592062, -36.297764303254723 ], [ 174.008543965395262, -36.297051858252921 ], [ 174.008298771307807, -36.296353200721235 ], [ 174.008126490811009, -36.295632992822391 ], [ 174.007885617684735, -36.294933046326499 ], [ 174.007616547227599, -36.294241425505341 ], [ 174.007362617288862, -36.293545324941171 ], [ 174.007221857907666, -36.292815778396751 ], [ 174.006924053963075, -36.292132629697747 ], [ 174.006643775186063, -36.291444296617449 ], [ 174.006437273000103, -36.290734157597491 ], [ 174.00618311603327, -36.29003809381171 ], [ 174.005899362372503, -36.289350769467859 ], [ 174.005697686640616, -36.288639185969146 ], [ 174.005407655495304, -36.287953704531766 ], [ 174.005134876441559, -36.287263119273163 ], [ 174.004846034864187, -36.286577274368277 ], [ 174.004572135415685, -36.285887008190045 ], [ 174.004322869027021, -36.28518945708116 ], [ 174.004001168270207, -36.284513303936471 ], [ 174.003765480423056, -36.283811728403535 ], [ 174.00332548209974, -36.283170519810284 ], [ 174.003161019448243, -36.282447885538751 ], [ 174.002937093412697, -36.281742816324915 ], [ 174.002537848815535, -36.281089547526079 ], [ 174.002233924306637, -36.280408105839903 ], [ 174.002032728699533, -36.279696301786124 ], [ 174.001523197105371, -36.279075605080777 ], [ 174.001275115687491, -36.278377643955466 ], [ 174.001008439584268, -36.277685171533406 ], [ 174.000606660490092, -36.277032616254019 ], [ 174.000284838910346, -36.276356427517555 ], [ 174.000043959215873, -36.275656314342257 ], [ 173.999593665451016, -36.275018077530966 ], [ 173.999318005931599, -36.274328230011029 ], [ 173.999034570605147, -36.27364067427262 ], [ 173.998570890244366, -36.273006375539758 ], [ 173.99823988898541, -36.272332863850394 ], [ 173.99783688636029, -36.271680622816596 ], [ 173.997545684106598, -36.270995338579787 ], [ 173.997214423237438, -36.270321885828984 ], [ 173.99685888519349, -36.269655601135959 ], [ 173.996632899889534, -36.268951027175191 ], [ 173.996247349953507, -36.268293599285727 ], [ 173.995722645933455, -36.267677285972376 ], [ 173.995311259908817, -36.267027480816061 ], [ 173.995049733993937, -36.266333385695972 ], [ 173.9946806179438, -36.265671077828856 ], [ 173.994305730097295, -36.265010469624379 ], [ 173.99389190440138, -36.264361361732384 ], [ 173.99351747785272, -36.263700605364441 ], [ 173.993119872748025, -36.263046692383369 ], [ 173.992804704324698, -36.26236841327605 ], [ 173.992464168345805, -36.261697624407418 ], [ 173.992062334428169, -36.261044943303006 ], [ 173.991784849626413, -36.260355510813127 ], [ 173.991403987189784, -36.259696620761147 ], [ 173.99093881155855, -36.259062639509636 ], [ 173.990558830129004, -36.258403477254205 ], [ 173.990176794868972, -36.25774491598532 ], [ 173.98989741061277, -36.257056015265945 ], [ 173.989435633450512, -36.256421006017192 ], [ 173.989060383165025, -36.255760422017218 ], [ 173.988682086781267, -36.25510073222032 ], [ 173.988322903587971, -36.254435388543044 ], [ 173.987934384962301, -36.25377870758269 ], [ 173.987577878244281, -36.253112561169196 ], [ 173.987248830171495, -36.252457991962828 ], [ 173.986862501290119, -36.251852546312193 ], [ 173.986520075456582, -36.251201724041934 ], [ 173.986129968913417, -36.250546814125855 ], [ 173.985757880463467, -36.24988349137498 ], [ 173.985516344450531, -36.249159244220465 ], [ 173.985280929100526, -36.24843213515873 ], [ 173.984711814625427, -36.247860734751157 ], [ 173.98434848019906, -36.247193306160526 ], [ 173.983895292768466, -36.246567800588132 ], [ 173.983440278965674, -36.24594314218831 ], [ 173.982988305216594, -36.245317060134589 ], [ 173.982648662520802, -36.244638555663727 ], [ 173.982229039203787, -36.243997367618839 ], [ 173.981811640371092, -36.243355136445516 ], [ 173.981373302153656, -36.242722671228094 ], [ 173.980968666871917, -36.242074473913966 ], [ 173.980679633135424, -36.241372327352337 ], [ 173.980320667435734, -36.240702808386153 ], [ 173.979982106407903, -36.240023762481961 ], [ 173.979542971889941, -36.239391643257406 ], [ 173.979141961592404, -36.238741728515883 ], [ 173.97877642995013, -36.23807525268122 ], [ 173.978372406859535, -36.237426733534484 ], [ 173.977925762601245, -36.23679809831151 ], [ 173.977491413769002, -36.236163720383573 ], [ 173.977155111980125, -36.235483583822983 ], [ 173.976694688572394, -36.234861363367727 ], [ 173.97628659856781, -36.23421471644469 ], [ 173.975821076428218, -36.23359486517537 ], [ 173.975508453930303, -36.232903657907812 ], [ 173.975096260552647, -36.232258910429266 ], [ 173.97460698680365, -36.231650127723391 ], [ 173.974253050391923, -36.230978184167078 ], [ 173.973823480113879, -36.230341530391151 ], [ 173.973391119469852, -36.229706173667012 ], [ 173.972873142878541, -36.229110765113241 ], [ 173.972429509703488, -36.228480658666115 ], [ 173.971982861636207, -36.227851954063453 ], [ 173.971640241927759, -36.227174698710748 ], [ 173.971262982253791, -36.226513603152618 ], [ 173.970836550947496, -36.225875448891856 ], [ 173.970413206160202, -36.22523584917613 ], [ 173.969992516273862, -36.224595005418472 ], [ 173.96952429677853, -36.223976336856488 ], [ 173.969039317377764, -36.223365484450198 ], [ 173.968596742193142, -36.222734838524453 ], [ 173.968228175765546, -36.222069650318744 ], [ 173.967785418207768, -36.221439079312837 ], [ 173.96740163943312, -36.220780979863278 ], [ 173.967022031425529, -36.22012092887514 ], [ 173.966554982844428, -36.219501678417544 ], [ 173.966117214603429, -36.218868758707323 ], [ 173.965661501001534, -36.218244208447629 ], [ 173.965212578770831, -36.217616483801734 ], [ 173.964707698937673, -36.217014867738818 ], [ 173.964258279849446, -36.216387364839022 ], [ 173.96384105966635, -36.215744830633412 ], [ 173.963363077654918, -36.215130647025866 ], [ 173.962944576418579, -36.214488700481745 ], [ 173.962514133270531, -36.213852321772997 ], [ 173.962110561429682, -36.213203397900458 ], [ 173.961638033528772, -36.212586648774618 ], [ 173.961192470463857, -36.211957310853542 ], [ 173.960759009193907, -36.211322320281738 ], [ 173.960332696615751, -36.210683988520088 ], [ 173.95990428715649, -36.210046630223886 ], [ 173.959428437786954, -36.209431405829079 ], [ 173.959019934246925, -36.208784747787561 ], [ 173.958548266452908, -36.208167561834244 ], [ 173.958030099971353, -36.207572070586622 ], [ 173.957583339289727, -36.206943250993945 ], [ 173.957159122987406, -36.206303905420562 ], [ 173.956696577683658, -36.205682441977039 ], [ 173.956257027851706, -36.205050242032655 ], [ 173.955785769617989, -36.20443283457795 ], [ 173.955273636678157, -36.2038344973123 ], [ 173.954765686102263, -36.203234203161514 ], [ 173.954332861966066, -36.202598844268522 ], [ 173.953831918403097, -36.201995269999564 ], [ 173.953437100507529, -36.201342164355651 ], [ 173.952963705267933, -36.200725723827183 ], [ 173.952495547526325, -36.200106834019124 ], [ 173.95197874595155, -36.199510640092321 ], [ 173.95151084075988, -36.198891622308182 ], [ 173.95105093553488, -36.198268866065597 ], [ 173.950602865652172, -36.19764058147782 ], [ 173.950124599144829, -36.19702638389623 ], [ 173.949771132146907, -36.196353940088777 ], [ 173.949297353493108, -36.195737638005532 ], [ 173.948799472627798, -36.19513257884838 ] ] } },
{ "type": "Feature", "properties": { "group_id": "nzd0123" }, "geometry": { "type": "LineString", "coordinates": [ [ 174.79474025408993, -36.309755186643649 ], [ 174.794732365502426, -36.310481440556956 ], [ 174.794922263539746, -36.311202677871307 ], [ 174.795110955672527, -36.311917066798365 ], [ 174.795395530131941, -36.312597198079594 ], [ 174.795461376718094, -36.313343290423298 ] ] } },
{ "type": "Feature", "properties": { "group_id": "nzd0124" }, "geometry": { "type": "LineString", "coordinates": [ [ 174.780341477302358, -36.325353245361768 ], [ 174.78017219688104, -36.326064501798101 ], [ 174.780040651309605, -36.326760940668379 ], [ 174.779954814768644, -36.327458187034495 ], [ 174.779872043509727, -36.32817540781538 ], [ 174.779879297071858, -36.32888876418874 ], [ 174.779818837274689, -36.329592872086522 ], [ 174.779828713759031, -36.330299203908126 ], [ 174.779783752965443, -36.331009095028882 ], [ 174.779823434642594, -36.331728941563824 ], [ 174.779744096560108, -36.332447189864247 ], [ 174.779817066077669, -36.333137870154395 ], [ 174.779873415923248, -36.333827056079855 ], [ 174.779960901659052, -36.334530375893287 ], [ 174.780085414527917, -36.335244749856166 ], [ 174.780335517552743, -36.335947025593242 ], [ 174.780498732094628, -36.336671084982925 ], [ 174.780665831203038, -36.337372871486956 ], [ 174.780884255767063, -36.338051285773147 ], [ 174.781083167022501, -36.338736128704419 ], [ 174.781371922073902, -36.339392871976159 ], [ 174.781661618270135, -36.340081467133899 ], [ 174.781949137414671, -36.340779635095764 ], [ 174.782302737466409, -36.341440533041443 ], [ 174.782649843280893, -36.342095504973393 ], [ 174.78299217783632, -36.342758049133842 ], [ 174.783369379264229, -36.343413323930868 ], [ 174.783755767510911, -36.344065487028701 ], [ 174.784169745726132, -36.344696484521187 ], [ 174.784576186236933, -36.345310272275519 ], [ 174.785051443155169, -36.3459064138546 ], [ 174.785519561967476, -36.346528809308815 ], [ 174.786052395012746, -36.347093655420331 ], [ 174.786570821237859, -36.347657784520479 ], [ 174.78712678161267, -36.348200321278284 ], [ 174.787680681062653, -36.348737147851743 ], [ 174.788282480130675, -36.349249441548956 ], [ 174.788893723289306, -36.349750744709937 ], [ 174.7895526619034, -36.350176874738167 ], [ 174.790287368174489, -36.350540470706008 ], [ 174.791105574328981, -36.35081709080297 ] ] } },
{ "type": "Feature", "properties": { "group_id": "nzd0125" }, "geometry": { "type": "LineString", "coordinates": [ [ 174.81619774462331, -36.358239263707667 ], [ 174.816576106308304, -36.358892735524599 ], [ 174.817040431519104, -36.359504861068892 ], [ 174.817657068191181, -36.360022617447243 ], [ 174.818330090578598, -36.360503278099451 ], [ 174.819008660756339, -36.360956634815928 ], [ 174.819722302356695, -36.361397684300847 ], [ 174.820439793311721, -36.361830752775447 ], [ 174.821167292078371, -36.362251395601781 ], [ 174.821906812969729, -36.362660966424215 ], [ 174.822677502457992, -36.363028895603669 ], [ 174.82344037746563, -36.363411177597989 ], [ 174.824276394884777, -36.363648498949225 ], [ 174.825106883739721, -36.36390354046025 ], [ 174.825941364688589, -36.364155492693357 ], [ 174.826500173645286, -36.364628571868046 ], [ 174.827107210849135, -36.365110847860414 ], [ 174.827769115197242, -36.36563064010123 ], [ 174.828513761440092, -36.366049913937871 ], [ 174.829289389326192, -36.366450046370502 ], [ 174.830126008343797, -36.366753070835401 ], [ 174.830984674691848, -36.36699168561119 ], [ 174.831816061395017, -36.367265695231836 ], [ 174.832722604462248, -36.367378089476354 ], [ 174.833452701031007, -36.367827955273015 ], [ 174.834214189055302, -36.368219969704271 ], [ 174.83498445912349, -36.368596244851126 ] ] } },
{ "type": "Feature", "properties": { "group_id": "nzd0126" }, "geometry": { "type": "LineString", "coordinates": [ [ 174.102865871225703, -36.391133161178445 ], [ 174.101982762076716, -36.391272541980463 ], [ 174.101046312746064, -36.391091373644286 ], [ 174.100164220005695, -36.391236856378477 ], [ 174.09925725470228, -36.391232853228182 ], [ 174.098307860087004, -36.390973809603707 ], [ 174.097448058108029, -36.391253270917417 ], [ 174.096559991419468, -36.391362843528249 ], [ 174.095644118364447, -36.391305254844077 ], [ 174.094753884782818, -36.391401795002338 ], [ 174.093851352501304, -36.391424391352558 ], [ 174.092953143043331, -36.391472971989678 ], [ 174.092059855789898, -36.391551145449561 ], [ 174.091148123073651, -36.391518397413613 ], [ 174.090243559391837, -36.391528748168867 ], [ 174.089357514562238, -36.391650464126016 ], [ 174.088455028850433, -36.391673300951908 ], [ 174.087565239199307, -36.391772494115749 ], [ 174.086661954706102, -36.391790515245539 ], [ 174.085780119028954, -36.391937552529456 ], [ 174.084876326085634, -36.391952505932665 ], [ 174.083969352132158, -36.391948313370854 ], [ 174.083095659871873, -36.39214434844714 ], [ 174.082211631104798, -36.392278202454186 ], [ 174.081323843578389, -36.392389444334093 ], [ 174.080418339546128, -36.392394080231888 ], [ 174.079531957090268, -36.392513776233862 ], [ 174.078631353306008, -36.392547889648739 ], [ 174.077746107429618, -36.392674427843247 ], [ 174.076848875871349, -36.392728830577987 ], [ 174.075961391802053, -36.392841900762349 ], [ 174.075077449827546, -36.392976294944248 ], [ 174.074184835575267, -36.393058488603806 ], [ 174.073305065208274, -36.393218003169174 ], [ 174.072433322972785, -36.39342585815568 ], [ 174.071534487739882, -36.393470605195787 ], [ 174.070652696497916, -36.393617970880548 ], [ 174.0697617096626, -36.393709972119744 ], [ 174.068869467252085, -36.393794412721313 ], [ 174.067959526885772, -36.393772273417305 ], [ 174.067049687085188, -36.393750726871268 ], [ 174.066129486605092, -36.393666766758912 ], [ 174.065222220589419, -36.393660693307055 ], [ 174.064310731303635, -36.393629169748856 ], [ 174.063368374089549, -36.393411686081564 ], [ 174.062463685531895, -36.393421093112181 ], [ 174.061540970010242, -36.39332188480865 ], [ 174.060642851353663, -36.393370850779043 ], [ 174.05971292569572, -36.393228163501476 ], [ 174.058741498434017, -36.392835369632621 ], [ 174.058075947641299, -36.392761261149616 ], [ 174.059221360193845, -36.393108387537673 ], [ 174.06021770405664, -36.393161363916647 ], [ 174.059051174322548, -36.393077578800245 ], [ 174.058096613684796, -36.392823254410224 ], [ 174.057006267486742, -36.392678157252092 ], [ 174.055557168029253, -36.392821647219321 ], [ 174.054523928363409, -36.392630582919061 ], [ 174.053362067581674, -36.392542973433066 ], [ 174.052376036744192, -36.392313912146086 ], [ 174.051223800541976, -36.392218535632146 ], [ 174.050152985047021, -36.392057652907084 ], [ 174.049181807930808, -36.391816613878909 ], [ 174.048302543569548, -36.391501636191251 ], [ 174.047378396934448, -36.391222752502664 ], [ 174.046502068856739, -36.390905399318697 ], [ 174.045642999439508, -36.390574158009265 ], [ 174.044778301583648, -36.390247437439491 ], [ 174.043888066887234, -36.389941249850956 ], [ 174.043030052118041, -36.389609141101737 ], [ 174.042275515473705, -36.389193800029659 ], [ 174.036793173814345, -36.379132816919572 ], [ 174.034864886423208, -36.377494106246004 ], [ 174.034548149518372, -36.376811623964393 ], [ 174.034674600186861, -36.37431423785825 ], [ 174.033589027707819, -36.373953009982074 ], [ 174.034210637765199, -36.3728783866067 ], [ 174.03349509623888, -36.372362523613504 ], [ 174.021413974639671, -36.356158412486394 ], [ 174.020640489984544, -36.355340608539507 ], [ 174.017662970673257, -36.351104917632028 ], [ 174.017652883045287, -36.350373520789361 ], [ 174.017758011945574, -36.34962725821898 ], [ 174.017450025254675, -36.348934266660947 ], [ 174.017185509234679, -36.348235662170289 ], [ 174.017200396561236, -36.347501017999406 ], [ 174.017046233576934, -36.346788168760916 ], [ 174.017022778509471, -36.346058456105112 ], [ 174.016819386530159, -36.345351942598235 ], [ 174.016780971043318, -36.344624146120715 ], [ 174.016751705372712, -36.343895162933656 ], [ 174.016708206256055, -36.343168008721605 ], [ 174.016579592119342, -36.342451825067499 ], [ 174.016452701780082, -36.341735412521643 ], [ 174.016387174012465, -36.341011079494429 ], [ 174.016231985863215, -36.3402983033521 ], [ 174.01607817350029, -36.339585343203041 ], [ 174.0159398392951, -36.338870380267956 ], [ 174.015906684121347, -36.338141845780441 ], [ 174.015858052215833, -36.337415300666827 ], [ 174.015614483136716, -36.336713890281324 ], [ 174.01547423212665, -36.335999148261685 ], [ 174.01540559495055, -36.335275163538 ], [ 174.015309031427819, -36.334554773910781 ], [ 174.015026636747422, -36.333858344658282 ], [ 174.015020025739574, -36.333126340590162 ], [ 174.014974994561385, -36.332399284949318 ], [ 174.014823987786571, -36.33168589068989 ], [ 174.014690408933092, -36.330970242126234 ], [ 174.014576045358325, -36.330252108730129 ], [ 174.014418112403547, -36.329539588052505 ], [ 174.014303824919779, -36.328821431693747 ], [ 174.014345609871867, -36.328083139361382 ], [ 174.014098531028253, -36.327382096571107 ], [ 174.013893644921126, -36.326675605366333 ], [ 174.013801787708616, -36.325954529773732 ], [ 174.013759702773228, -36.325227028192856 ], [ 174.013640874935334, -36.324509417937094 ], [ 174.01355571413157, -36.323787458860721 ], [ 174.013350225029058, -36.323081012674052 ], [ 174.013276033037698, -36.322357625736458 ], [ 174.013270691258072, -36.32162535206303 ], [ 174.013139691594148, -36.320909278786402 ], [ 174.013023308934294, -36.320191313665049 ], [ 174.012966933726602, -36.319465602286328 ], [ 174.012859927746348, -36.318746414593441 ], [ 174.012742072229258, -36.318028619683972 ], [ 174.012564856536699, -36.317318474443496 ], [ 174.012480152565331, -36.316596390518491 ], [ 174.012400892713543, -36.315873597803439 ], [ 174.012319473143663, -36.315151077039381 ], [ 174.012215436184363, -36.314627506893302 ], [ 174.012139957958766, -36.314092075002975 ] ] } },
{ "type": "Feature", "properties": { "group_id": "nzd0127" }, "geometry": { "type": "LineString", "coordinates": [ [ 174.837247449524142, -36.369024733923887 ], [ 174.838031682746703, -36.369348150812968 ], [ 174.838911317079294, -36.369492953600385 ], [ 174.839802858379443, -36.369595041706553 ], [ 174.84070585014797, -36.369534535993637 ] ] } },
{ "type": "Feature", "properties": { "group_id": "nzd0128" }, "geometry": { "type": "LineString", "coordinates": [ [ 174.766480977432195, -36.445737183493705 ], [ 174.765967293902776, -36.446348886365683 ], [ 174.765519106396738, -36.44699771706771 ], [ 174.765134326728912, -36.447660023523966 ], [ 174.764861370670161, -36.448350783755693 ], [ 174.764555098823593, -36.449036774422176 ], [ 174.764294821916621, -36.449737797033706 ], [ 174.764056233814017, -36.450439254662541 ], [ 174.763833101665455, -36.451138890677029 ], [ 174.763617002386809, -36.451856593293918 ], [ 174.763453460449369, -36.452546007306886 ], [ 174.763415475810547, -36.453256793814582 ], [ 174.763284732193199, -36.453976988104102 ], [ 174.763124184718492, -36.45470183281234 ], [ 174.763273949393067, -36.455432217048596 ], [ 174.763463220748292, -36.456141192673179 ], [ 174.76362126043324, -36.456852689706714 ], [ 174.763892830462282, -36.457542441212645 ] ] } },
{ "type": "Feature", "properties": { "group_id": "nzd0129" }, "geometry": { "type": "LineString", "coordinates": [ [ 174.742740738221897, -36.494368354120098 ], [ 174.742050439650825, -36.494831665110908 ], [ 174.741442630068605, -36.495396665305023 ], [ 174.74084194442915, -36.495965870451698 ], [ 174.740446317709313, -36.496662652635493 ], [ 174.740151159733898, -36.497365689789881 ], [ 174.739947497264183, -36.498072289838824 ], [ 174.739842089031214, -36.498790871935462 ] ] } },
{ "type": "Feature", "properties": { "group_id": "nzd0130" }, "geometry": { "type": "LineString", "coordinates": [ [ 174.721611322584295, -36.518480822014155 ], [ 174.720865776672554, -36.519045225064154 ], [ 174.720555343329011, -36.519723789393836 ], [ 174.720313223682666, -36.520419675557811 ], [ 174.720105936422158, -36.521121794751899 ], [ 174.720020096663973, -36.521839339872201 ], [ 174.719839155371744, -36.522549738164393 ], [ 174.719737138184598, -36.523275598478264 ], [ 174.720104476254448, -36.523957692512759 ] ] } },
{ "type": "Feature", "properties": { "group_id": "nzd0131" }, "geometry": { "type": "LineString", "coordinates": [ [ 174.714401320123443, -36.528157177519482 ], [ 174.714216008685014, -36.528871863796468 ], [ 174.714064178666604, -36.52958063267824 ], [ 174.713962939620103, -36.53029185208716 ], [ 174.713672498676374, -36.530979952050842 ], [ 174.713560215705058, -36.531697901407973 ], [ 174.71346361606922, -36.53241542134441 ], [ 174.713380645761163, -36.533130887939798 ], [ 174.713255097121788, -36.533835150650255 ] ] } },
{ "type": "Feature", "properties": { "group_id": "nzd0132" }, "geometry": { "type": "LineString", "coordinates": [ [ 174.292122479271228, -36.635232318906276 ], [ 174.29162817221723, -36.634632276560467 ], [ 174.291176885448778, -36.634009619806825 ], [ 174.290712124091357, -36.633391993693692 ], [ 174.290249532727614, -36.632773206597356 ], [ 174.289842912498301, -36.632124591981025 ], [ 174.289395982818263, -36.631497450386973 ], [ 174.288878848948968, -36.63090771058517 ], [ 174.288395954012316, -36.630299211670952 ], [ 174.287928225871411, -36.629681557668306 ], [ 174.28744016382845, -36.629075179010371 ], [ 174.286905989831013, -36.6284951706877 ], [ 174.286422552596946, -36.627886997849025 ], [ 174.285934936051177, -36.627281139977313 ], [ 174.28550220260118, -36.626644816213577 ], [ 174.285040382694973, -36.626024631362029 ], [ 174.284529671089729, -36.625431577837695 ], [ 174.284037030303978, -36.624828489984651 ], [ 174.283584071891596, -36.62420337287972 ], [ 174.283132974404083, -36.623580389444982 ], [ 174.282626836526731, -36.622994891933104 ], [ 174.282156839623212, -36.622387124501742 ], [ 174.281672336954415, -36.621779978698228 ], [ 174.281208381447613, -36.621162549504248 ], [ 174.280728150992331, -36.620553256752437 ], [ 174.280292860277854, -36.619921478471902 ], [ 174.279792839605108, -36.619320985782792 ], [ 174.279391321356059, -36.618668538089985 ], [ 174.278931018058927, -36.618046685575031 ], [ 174.278372915760428, -36.617477687864124 ], [ 174.277777091305865, -36.616928224173648 ], [ 174.277291974099484, -36.616321412727018 ], [ 174.276860960651931, -36.615686572382131 ], [ 174.276404103641369, -36.61506511335665 ], [ 174.275946875865458, -36.614443841536868 ], [ 174.275411991734529, -36.61386278859748 ], [ 174.274896610849595, -36.6132716287268 ], [ 174.274456144767726, -36.612641660403561 ], [ 174.273937297920554, -36.612052286174844 ], [ 174.27345142202978, -36.611444336629965 ], [ 174.27301140832455, -36.610804102410611 ], [ 174.272509530661665, -36.610196821673142 ], [ 174.271969439168601, -36.609620635015759 ], [ 174.271455821273094, -36.60902869036893 ], [ 174.270911822962802, -36.608454819697016 ], [ 174.270446682507554, -36.607834018870733 ], [ 174.269913746488726, -36.607253556570747 ], [ 174.269432115815277, -36.606642559683102 ], [ 174.268967738483411, -36.606021291419232 ], [ 174.26845399945924, -36.605429392348128 ], [ 174.267885515342982, -36.604870065983029 ], [ 174.267404734077076, -36.60425854594137 ], [ 174.266862677368323, -36.603683484613875 ], [ 174.266438901271783, -36.603038033644054 ], [ 174.265956042784723, -36.602437305909625 ], [ 174.265476130522842, -36.601840141770325 ], [ 174.265008327959521, -36.601227164533647 ], [ 174.264414740416754, -36.600679544869152 ], [ 174.263911284785905, -36.600082295723205 ], [ 174.263446972609387, -36.599463490333143 ], [ 174.262888922246333, -36.598896290648398 ], [ 174.262395690133957, -36.598293398704065 ], [ 174.261932924395069, -36.597673727932275 ], [ 174.261410533497326, -36.597086880935009 ], [ 174.260903115181463, -36.596491785684613 ], [ 174.260426068889245, -36.595879963549486 ], [ 174.259881442522385, -36.595305345025544 ], [ 174.259379980966742, -36.594706956163662 ], [ 174.258914218560079, -36.594086739174465 ], [ 174.258402363743386, -36.593485830076666 ], [ 174.257933686415384, -36.592861753393294 ], [ 174.257342004024338, -36.592315218765478 ], [ 174.256864772600153, -36.591702290777803 ], [ 174.25640581826525, -36.591078756374628 ], [ 174.255832227541191, -36.590521713977878 ], [ 174.255452428255097, -36.589852255462496 ], [ 174.254911858453681, -36.589276049855449 ], [ 174.254303218830529, -36.588739324666378 ], [ 174.253750002892133, -36.588170445597207 ], [ 174.253181216313493, -36.587610593967135 ], [ 174.252648906278552, -36.587029579130501 ], [ 174.252132505435213, -36.586439331472135 ], [ 174.251661169928809, -36.585822938584563 ], [ 174.251031198977898, -36.585295462312679 ], [ 174.25063401333847, -36.584628818355263 ], [ 174.250064217979059, -36.584067994158353 ], [ 174.249555599042679, -36.58347269743841 ], [ 174.249139789263097, -36.58282155638905 ], [ 174.248611160075285, -36.582238290348705 ], [ 174.248075447008972, -36.581659282049038 ], [ 174.247559618510792, -36.581068305525747 ], [ 174.247055445687238, -36.580470311810004 ], [ 174.246500211965525, -36.579903035267407 ], [ 174.245993428265876, -36.579306603670588 ], [ 174.245439362714137, -36.578738615515498 ], [ 174.244925174125939, -36.578146630424236 ], [ 174.244363752992939, -36.577592274797475 ], [ 174.243826465000012, -36.577032015583804 ], [ 174.243326501973144, -36.576441261787885 ], [ 174.242773859098236, -36.575870862247797 ], [ 174.242230823505878, -36.575295177907208 ], [ 174.24176890704473, -36.574674906189621 ], [ 174.241235468991221, -36.574093937789023 ], [ 174.240706389819081, -36.573510569106659 ], [ 174.240192416269679, -36.572918893790167 ], [ 174.239620915272127, -36.572358830601949 ], [ 174.239216079724088, -36.571707164279999 ], [ 174.238698935694572, -36.571117217499058 ], [ 174.238257341636796, -36.570485744093162 ], [ 174.23768119269738, -36.569920547659166 ], [ 174.237138389430839, -36.569331633658308 ], [ 174.236506004263163, -36.568804553495376 ], [ 174.235985473728931, -36.568216268229044 ], [ 174.235451000265186, -36.567636397225819 ], [ 174.234945152316357, -36.567039237995324 ], [ 174.234463862784196, -36.566427246195737 ], [ 174.234011708073524, -36.56579765856435 ], [ 174.233455619396096, -36.565230821249529 ], [ 174.232905815199587, -36.56466018502244 ], [ 174.232367097247021, -36.564082850620679 ], [ 174.231881723322715, -36.563473303083306 ], [ 174.231481670065335, -36.562812234946016 ], [ 174.230777112284613, -36.562335020607385 ], [ 174.230352270338955, -36.561688911137757 ], [ 174.229799137219089, -36.561120258710865 ], [ 174.229295631713654, -36.560521637050911 ], [ 174.228732587356006, -36.559958960229217 ], [ 174.228352673476508, -36.559285705822113 ], [ 174.227830020815901, -36.55869863199861 ], [ 174.227340856272974, -36.558097607057647 ], [ 174.226813762234713, -36.557520326825241 ], [ 174.226301805787671, -36.556927937875194 ], [ 174.225817301477974, -36.556318664247307 ], [ 174.225325673437197, -36.555713566932312 ], [ 174.224767767828808, -36.555147362243282 ], [ 174.224140118112985, -36.554622084489935 ], [ 174.223679209574669, -36.553998945203581 ], [ 174.22314926637037, -36.553416316518984 ], [ 174.222697551230851, -36.552787772841818 ], [ 174.222142077832672, -36.55222011844112 ], [ 174.221581518463893, -36.551655444417854 ], [ 174.2210662911138, -36.551057849096047 ], [ 174.220629130189508, -36.55040981828769 ], [ 174.220058931154284, -36.549848416727045 ], [ 174.219677274024122, -36.549175332847327 ], [ 174.219185503919704, -36.548569287661287 ], [ 174.218667264974897, -36.547979353920788 ], [ 174.218022845781888, -36.547466241732792 ], [ 174.217521542033069, -36.546865988205958 ], [ 174.21701312325041, -36.546270062373814 ], [ 174.216526399731038, -36.545660922852043 ], [ 174.216012377328241, -36.545068400136408 ], [ 174.215534263117178, -36.544454010039566 ], [ 174.214944920869584, -36.543907337813486 ], [ 174.214370407534346, -36.543351632480295 ], [ 174.213800052658428, -36.542793390858208 ], [ 174.213316017453707, -36.542182588536569 ], [ 174.212773161240193, -36.541607595477082 ], [ 174.212328216725268, -36.540972983762131 ], [ 174.211838022651335, -36.540365918228609 ], [ 174.211264098566545, -36.53980982812687 ], [ 174.210742529477017, -36.539221856878825 ], [ 174.210216423300182, -36.538636643735579 ], [ 174.209780087184384, -36.538002746039879 ], [ 174.209242204984747, -36.537434690299847 ], [ 174.208652983219025, -36.536891125956146 ], [ 174.208181137558626, -36.536273858407782 ], [ 174.20768838490406, -36.535669000809015 ], [ 174.207138216711172, -36.535098231667583 ], [ 174.206594644833274, -36.534523541260789 ], [ 174.206191447733175, -36.533865493007958 ], [ 174.205582367973051, -36.533329691875515 ], [ 174.205209209014697, -36.532653798254927 ], [ 174.204527605960521, -36.532161052139642 ], [ 174.204053905931829, -36.531544850316536 ], [ 174.203527809417579, -36.530959756686428 ], [ 174.203030367201279, -36.530357643933428 ], [ 174.202486490149738, -36.529783099417635 ], [ 174.202000819732689, -36.529173987818403 ], [ 174.201493173809013, -36.528577920688512 ], [ 174.201040957068699, -36.527948935628629 ], [ 174.200505884306466, -36.527369145544696 ], [ 174.199962328380906, -36.526794388289638 ], [ 174.199560781529073, -36.526141509727317 ], [ 174.199127217089, -36.525508980717184 ], [ 174.198667359701147, -36.524885731137708 ], [ 174.198023423769769, -36.524369635293581 ], [ 174.197551266896255, -36.523752947250259 ], [ 174.196988516000147, -36.523189303358777 ], [ 174.196541291920852, -36.522558006624728 ], [ 174.195975084336681, -36.521996377946529 ], [ 174.195476177633623, -36.521395335797393 ], [ 174.194840208866623, -36.520874547757167 ], [ 174.194445492939934, -36.520212486372188 ], [ 174.193882794720906, -36.519648784880197 ], [ 174.193357224164458, -36.519063338290316 ], [ 174.192861413202422, -36.518460461092239 ], [ 174.192330488162639, -36.517878140977082 ], [ 174.191948799761121, -36.517208428627903 ], [ 174.191454636001708, -36.516604573442571 ], [ 174.190936279283619, -36.516014880385974 ], [ 174.19038329854655, -36.515445457537254 ], [ 174.189889839815748, -36.514841176133778 ], [ 174.189449149741847, -36.514205990643056 ], [ 174.188888000643971, -36.513641337580943 ], [ 174.188437575393863, -36.513011843734553 ], [ 174.187935609552284, -36.51241252593254 ], [ 174.187386940672411, -36.511840551503468 ], [ 174.186922091157044, -36.511219490618494 ], [ 174.186633230510239, -36.510495371127845 ], [ 174.185961696222847, -36.510010108939746 ], [ 174.185391072255101, -36.509499159009358 ], [ 174.184956948516344, -36.508897183129804 ], [ 174.18444661205632, -36.508302950131807 ], [ 174.183987172838812, -36.507681244935966 ], [ 174.183455544803053, -36.507098492881745 ], [ 174.183079882838058, -36.506431566449741 ], [ 174.182429372594981, -36.505912961773326 ], [ 174.181915603562231, -36.505320557722584 ], [ 174.181414401506686, -36.504721367011101 ], [ 174.18089295627891, -36.50413309613733 ], [ 174.180438989416245, -36.503508404825418 ], [ 174.179911922323555, -36.502923158490979 ], [ 174.179409680748364, -36.502324509978067 ], [ 174.178938613810317, -36.501709032880321 ], [ 174.178324946809624, -36.501170507398015 ], [ 174.177760088600621, -36.500605636729489 ], [ 174.177272016198685, -36.499999322841923 ], [ 174.176716921489572, -36.499429173737276 ], [ 174.176212052612129, -36.498831914898361 ], [ 174.175730620264119, -36.498222003532888 ], [ 174.175206119481402, -36.497635329911908 ], [ 174.17473800810194, -36.497018220310501 ], [ 174.174272117948135, -36.496399907274757 ], [ 174.173793659584362, -36.495788372135621 ], [ 174.173265952244151, -36.495203410212227 ], [ 174.172764372906016, -36.494619029664371 ], [ 174.17226800270771, -36.494047973552604 ], [ 174.171707581098502, -36.493494265043807 ], [ 174.171411959143995, -36.492790645391459 ], [ 174.170911283173609, -36.492190692010212 ], [ 174.17043780344892, -36.491576983847345 ], [ 174.169977867562523, -36.490956423289624 ], [ 174.16950774671264, -36.490341007176951 ], [ 174.169016539915503, -36.489736246861071 ], [ 174.168587556767932, -36.489100022484635 ], [ 174.168156234767707, -36.488464975661699 ], [ 174.167721479132155, -36.487831659903691 ], [ 174.167294116473499, -36.48719460144099 ], [ 174.166853351971014, -36.486564313833192 ], [ 174.166500524955012, -36.486004110115275 ], [ 174.1662026293059, -36.48553333225172 ], [ 174.165829033163533, -36.484974752117616 ], [ 174.165473863494753, -36.484310843115416 ], [ 174.165093561851819, -36.483654751912695 ], [ 174.164703530333924, -36.483001683786632 ], [ 174.164336383534504, -36.48234148571818 ], [ 174.164001494539377, -36.481671239830362 ], [ 174.163661323916841, -36.48100263225605 ], [ 174.163307507596357, -36.480338266769216 ], [ 174.162984623977792, -36.479664265934176 ], [ 174.162696805255507, -36.47910058092117 ], [ 174.162472078660727, -36.478640426901521 ], [ 174.162192477225403, -36.478045225724664 ], [ 174.161953289248146, -36.477336449408739 ], [ 174.161737365146422, -36.476626107285632 ], [ 174.161542148629849, -36.475914370728511 ], [ 174.161349159035836, -36.475202478148823 ], [ 174.161144799855492, -36.474491340613326 ], [ 174.160944537415105, -36.473779921753085 ], [ 174.160777923623158, -36.4730662414538 ], [ 174.160646904030642, -36.472350169426505 ], [ 174.160586847285941, -36.471629335846664 ], [ 174.160553825297313, -36.470906684099724 ], [ 174.160564806257526, -36.470181077179774 ], [ 174.160412496871317, -36.469466404966262 ], [ 174.160429106726298, -36.468754293004729 ], [ 174.160358764838605, -36.468063072122149 ], [ 174.16039306498584, -36.467355753900165 ], [ 174.160363869328876, -36.466633066786976 ], [ 174.160452631600521, -36.465911363670557 ], [ 174.160409388696479, -36.465188545113634 ], [ 174.160362913948632, -36.464465692635805 ], [ 174.160333099157953, -36.463742973333495 ], [ 174.160272295381361, -36.463019986930377 ], [ 174.160323176593209, -36.462297932057112 ], [ 174.160275225734409, -36.461575040131777 ], [ 174.16026986466477, -36.460852499276086 ], [ 174.160257600857335, -36.460130025893783 ], [ 174.160286493631219, -36.459408802462761 ], [ 174.160356113395125, -36.458688023198803 ], [ 174.16043443647078, -36.457966449720779 ], [ 174.160430911919974, -36.457243823348918 ], [ 174.16051804780156, -36.456522349062027 ], [ 174.160624930468259, -36.45580112041516 ], [ 174.160752388173762, -36.455080147958938 ], [ 174.160866503493367, -36.454358998198302 ], [ 174.160933429326263, -36.453637238618327 ], [ 174.161088691091834, -36.452916601131435 ], [ 174.161330859889659, -36.452197067218165 ], [ 174.161606198889871, -36.451507917024372 ], [ 174.161785229063213, -36.45092778191362 ], [ 174.162062034565793, -36.450340476834107 ], [ 174.162406893988617, -36.4496612491264 ], [ 174.162721321513516, -36.448976711223857 ], [ 174.163175241091864, -36.448316477882322 ], [ 174.163575455947864, -36.447690001454411 ], [ 174.163637699645562, -36.447711141133929 ], [ 174.163601592968178, -36.4475926737436 ], [ 174.164097029841543, -36.446942757245452 ] ] } },
{ "type": "Feature", "properties": { "group_id": "nzd0133" }, "geometry": { "type": "LineString", "coordinates": [ [ 174.710137651391307, -36.54337195983188 ], [ 174.709242176582592, -36.543948442157024 ], [ 174.708993369053843, -36.544614048797747 ], [ 174.708662069329648, -36.545254566524967 ], [ 174.708352254969157, -36.545939193844625 ], [ 174.70809453556754, -36.546659633565618 ], [ 174.708237875615509, -36.547413216452306 ] ] } },
{ "type": "Feature", "properties": { "group_id": "nzd0134" }, "geometry": { "type": "LineString", "coordinates": [ [ 174.709522513018214, -36.551731483525813 ], [ 174.709673549488173, -36.552449832195414 ], [ 174.709827751666126, -36.553163498033953 ], [ 174.709867082622111, -36.553897609551719 ] ] } },
{ "type": "Feature", "properties": { "group_id": "nzd0135" }, "geometry": { "type": "LineString", "coordinates": [ [ 174.70735173511099, -36.556175931139123 ], [ 174.707081146202171, -36.556875707597911 ], [ 174.707127415684369, -36.557614383821196 ], [ 174.707326033436033, -36.558325041235427 ], [ 174.707532057340671, -36.559028695768376 ], [ 174.707747781221059, -36.559729133892503 ], [ 174.708051276078749, -36.560408019572883 ] ] } },
{ "type": "Feature", "properties": { "group_id": "nzd0137" }, "geometry": { "type": "LineString", "coordinates": [ [ 174.697624103924937, -36.561965054357607 ], [ 174.697278053243565, -36.562634299057414 ], [ 174.696109091470049, -36.563092992331484 ], [ 174.695853107260945, -36.563770103951505 ], [ 174.695409740545927, -36.564374165386134 ], [ 174.695047367582504, -36.565053490223313 ], [ 174.694865947743665, -36.565783343032273 ], [ 174.694640351680334, -36.566487254813886 ], [ 174.694550114615481, -36.567211499788861 ], [ 174.694591345372629, -36.567937144470946 ], [ 174.694563247812738, -36.568656132069357 ], [ 174.694677053722501, -36.569360133346201 ], [ 174.694875154008145, -36.570042548157254 ] ] } },
{ "type": "Feature", "properties": { "group_id": "nzd0138" }, "geometry": { "type": "LineString", "coordinates": [ [ 174.692279874702024, -36.574678027814521 ], [ 174.692494222131899, -36.575381580369232 ], [ 174.692747670030315, -36.576074366395517 ], [ 174.692988060563977, -36.576761735316623 ], [ 174.693303128746578, -36.577424852136843 ], [ 174.69346662231149, -36.578132323818039 ], [ 174.693799694782911, -36.578806639336356 ], [ 174.694019667526391, -36.579531963917667 ], [ 174.694214086132945, -36.58027586580797 ], [ 174.694566495277911, -36.580939612059211 ], [ 174.694856378638406, -36.581624240797552 ], [ 174.695191089200705, -36.582281908174885 ], [ 174.69532196499776, -36.582998516387711 ], [ 174.695759202281579, -36.583635207684601 ], [ 174.696018619796092, -36.584327100204654 ], [ 174.696306931263791, -36.58502301609802 ], [ 174.696638445851931, -36.585714479831339 ], [ 174.696997911231563, -36.586384243983247 ], [ 174.697340658021631, -36.587051140560988 ], [ 174.697613896796128, -36.587742617820496 ], [ 174.698007954400452, -36.588391384083963 ], [ 174.698356224697392, -36.589057045979295 ], [ 174.698741596073575, -36.589709504700814 ], [ 174.699075498704559, -36.59037955643101 ], [ 174.699411586373145, -36.591048825382153 ], [ 174.699709587034306, -36.591731633294991 ], [ 174.700030631754089, -36.592420982870131 ], [ 174.700216817247878, -36.593176265150582 ], [ 174.700635560678052, -36.593825888316402 ], [ 174.700999243092724, -36.594486630179873 ], [ 174.701342395191233, -36.595321212327057 ], [ 174.70154269797672, -36.596345121979155 ] ] } },
{ "type": "Feature", "properties": { "group_id": "nzd0139" }, "geometry": { "type": "LineString", "coordinates": [ [ 175.524708534340107, -36.588637055098694 ], [ 175.523958504555395, -36.589048940497847 ], [ 175.523256792698305, -36.589538574166014 ], [ 175.5227509198387, -36.590177108449808 ], [ 175.522491559362635, -36.590905443434799 ] ] } },
{ "type": "Feature", "properties": { "group_id": "nzd0141" }, "geometry": { "type": "LineString", "coordinates": [ [ 174.707942191970233, -36.601906504729101 ], [ 174.708433872337423, -36.602522450119167 ], [ 174.708832400837395, -36.603185931214661 ], [ 174.709303018864404, -36.603842659083192 ], [ 174.709794911085027, -36.604471891018079 ], [ 174.71021015822771, -36.60511347234911 ], [ 174.7107348114871, -36.605703187240671 ], [ 174.711294780254974, -36.606298834929603 ], [ 174.711785015439006, -36.606934029200239 ], [ 174.712265293528844, -36.607550717166582 ] ] } },
{ "type": "Feature", "properties": { "group_id": "nzd0142" }, "geometry": { "type": "LineString", "coordinates": [ [ 175.564811908711476, -36.613603294740443 ], [ 175.565460223078389, -36.614113430045272 ], [ 175.566217307547532, -36.614478207627627 ], [ 175.567030888991013, -36.61475910782606 ], [ 175.567910098927229, -36.614867214816414 ] ] } },
{ "type": "Feature", "properties": { "group_id": "nzd0143" }, "geometry": { "type": "LineString", "coordinates": [ [ 174.83006823019133, -36.616053678487653 ], [ 174.829329503879904, -36.615607198294072 ], [ 174.828570848944594, -36.615175100944661 ], [ 174.827800128955147, -36.614729128598277 ], [ 174.82694593892748, -36.614467989483074 ], [ 174.826063789151704, -36.614309976202861 ], [ 174.825154116994838, -36.614140521687865 ], [ 174.82422102888836, -36.614085793917269 ], [ 174.823306700975166, -36.614107081223779 ], [ 174.822392021537723, -36.614139238214229 ], [ 174.821485059123489, -36.614287859563781 ], [ 174.820590314735483, -36.614500307247347 ], [ 174.819779222326162, -36.614843159826449 ] ] } },
{ "type": "Feature", "properties": { "group_id": "nzd0144" }, "geometry": { "type": "LineString", "coordinates": [ [ 174.76601478760108, -36.622269451230672 ], [ 174.766800535544405, -36.621916689276503 ], [ 174.767591440871456, -36.621556755883155 ], [ 174.76834449904598, -36.621145008921296 ], [ 174.769039952847237, -36.620680538186932 ], [ 174.769666083383754, -36.6201549798933 ], [ 174.770275897299285, -36.619611950089137 ], [ 174.770782585885655, -36.619005182129094 ], [ 174.771326078171398, -36.618423666914119 ] ] } },
{ "type": "Feature", "properties": { "group_id": "nzd0145" }, "geometry": { "type": "LineString", "coordinates": [ [ 174.725552263691242, -36.616138931398744 ], [ 174.726131730546854, -36.616691546902118 ], [ 174.726743176743497, -36.617219157219054 ], [ 174.727367886867683, -36.617734171508978 ], [ 174.727994003363222, -36.618252687996304 ], [ 174.728655916445206, -36.618740480409279 ], [ 174.729286699496129, -36.619258723186768 ], [ 174.729932575253656, -36.619764273726851 ], [ 174.730633511880455, -36.620215223583394 ], [ 174.73128073695645, -36.620719345540351 ], [ 174.731998630320618, -36.621157039542084 ], [ 174.732721808937242, -36.621587707058254 ], [ 174.733453889666038, -36.622010616738869 ], [ 174.734183478155302, -36.622440076250228 ], [ 174.734916455550916, -36.622869793839222 ], [ 174.735708605040514, -36.623225663789839 ], [ 174.73656799856488, -36.623469079979337 ], [ 174.737414977722153, -36.623726460906894 ], [ 174.738269191198725, -36.623975314684522 ], [ 174.739152848176218, -36.624132891009076 ], [ 174.740050357470693, -36.624237714618793 ], [ 174.74096139594937, -36.62428863702597 ], [ 174.741858631630947, -36.624197872476671 ] ] } },
{ "type": "Feature", "properties": { "group_id": "nzd0146" }, "geometry": { "type": "LineString", "coordinates": [ [ 174.775999263707519, -36.623486570979914 ], [ 174.77509956959409, -36.623663677982243 ], [ 174.774198098315026, -36.623833110477548 ], [ 174.77335409456785, -36.624125255581554 ], [ 174.772570861206447, -36.624504766240761 ], [ 174.771797517125094, -36.624918573784896 ], [ 174.771122154801759, -36.625422421926274 ] ] } },
{ "type": "Feature", "properties": { "group_id": "nzd0147" }, "geometry": { "type": "LineString", "coordinates": [ [ 174.753529350356018, -36.627440792065954 ], [ 174.754422460011483, -36.627536560829107 ], [ 174.755312400106902, -36.627615948849488 ], [ 174.756184598022713, -36.627719886143382 ], [ 174.7570731103892, -36.627800580404831 ], [ 174.757965504449601, -36.627921660715735 ], [ 174.758865493050763, -36.627838900043479 ], [ 174.75974267027658, -36.627766651488969 ], [ 174.760588197596263, -36.627660571200238 ], [ 174.761434297706614, -36.627524471289455 ], [ 174.762258439475232, -36.627286819917003 ], [ 174.763060332861926, -36.626972460370183 ], [ 174.763821599282949, -36.626591253233691 ], [ 174.764631539256555, -36.626262815498002 ], [ 174.765348141599219, -36.625826303274046 ] ] } },
{ "type": "Feature", "properties": { "group_id": "nzd0148" }, "geometry": { "type": "LineString", "coordinates": [ [ 174.750663759556204, -36.638993728564252 ], [ 174.749953449428432, -36.639461975462474 ], [ 174.749172517944231, -36.639874535418457 ], [ 174.748416849119906, -36.640312337437216 ], [ 174.747785886635597, -36.640826700856557 ], [ 174.747152229295722, -36.641351246247595 ], [ 174.746495600032375, -36.641859664107315 ] ] } },
{ "type": "Feature", "properties": { "group_id": "nzd0149" }, "geometry": { "type": "LineString", "coordinates": [ [ 174.747325961209299, -36.671356077885555 ], [ 174.747172009402505, -36.672064508179389 ], [ 174.747089926238516, -36.672796225168547 ], [ 174.747211014103129, -36.673521163410321 ], [ 174.747415764715839, -36.674227111812215 ], [ 174.747700300232083, -36.674914177502281 ] ] } },
{ "type": "Feature", "properties": { "group_id": "nzd0151" }, "geometry": { "type": "LineString", "coordinates": [ [ 174.748722891658446, -36.680142156924539 ], [ 174.748879448310618, -36.680883928614016 ], [ 174.749235121022679, -36.681528696297171 ], [ 174.749547022059829, -36.682178104529989 ], [ 174.7498551221436, -36.682840997627423 ], [ 174.750099876169998, -36.683540702834087 ], [ 174.75040724231846, -36.684221246671157 ], [ 174.75074009287485, -36.684890928864604 ], [ 174.751057437165258, -36.685564989204778 ], [ 174.7513460871387, -36.686249089553456 ], [ 174.751599429414739, -36.686951266318538 ], [ 174.751946066361796, -36.687619318802412 ], [ 174.752287090119864, -36.688287273814048 ] ] } },
{ "type": "Feature", "properties": { "group_id": "nzd0152" }, "geometry": { "type": "LineString", "coordinates": [ [ 175.604107174555736, -36.693632913505063 ], [ 175.604229877701584, -36.694354773598704 ], [ 175.604513657270871, -36.695068206857407 ], [ 175.604890463763581, -36.69575178710388 ], [ 175.605358555235398, -36.696377128614444 ], [ 175.605860532585808, -36.696984626584353 ], [ 175.606404726512693, -36.697565482505858 ], [ 175.606951645303383, -36.698145683860844 ], [ 175.607540814385402, -36.698706683482769 ], [ 175.608172348889582, -36.699223929169797 ], [ 175.608846564421953, -36.699710763875409 ], [ 175.60958728229545, -36.700160934562945 ], [ 175.610406964885954, -36.70050080224113 ] ] } },
{ "type": "Feature", "properties": { "group_id": "nzd0153" }, "geometry": { "type": "LineString", "coordinates": [ [ 175.744890100909373, -36.706940015593396 ], [ 175.745722713791508, -36.707212169521682 ], [ 175.746591201041838, -36.707423882420272 ], [ 175.747462078220821, -36.707526271865454 ], [ 175.748333518180772, -36.707570194197402 ], [ 175.749227660512645, -36.707643009682705 ], [ 175.7501120179613, -36.707597476832802 ], [ 175.75096510791272, -36.707552820686516 ], [ 175.751845902739319, -36.707496477610711 ], [ 175.752750967191105, -36.70746982119163 ], [ 175.753639884509028, -36.707357902924976 ], [ 175.754533051232585, -36.707269436886925 ], [ 175.755430224633557, -36.707210955264031 ], [ 175.756325545476301, -36.707136181133819 ], [ 175.757221298371803, -36.707056110230653 ], [ 175.758120950562983, -36.707017262678725 ], [ 175.759017649179214, -36.706971797894269 ], [ 175.759888639437861, -36.706843793578926 ], [ 175.760742428993609, -36.706686927010708 ], [ 175.761595137310223, -36.706470930459027 ], [ 175.762493047572093, -36.70636382284566 ], [ 175.76337328517215, -36.706204429023643 ], [ 175.764245197317223, -36.70602320730778 ], [ 175.765081233265988, -36.705757948854007 ], [ 175.765920343381794, -36.705501481324418 ], [ 175.76672573663987, -36.705180707707967 ], [ 175.767534531411201, -36.704866312719474 ] ] } },
{ "type": "Feature", "properties": { "group_id": "nzd0154" }, "geometry": { "type": "LineString", "coordinates": [ [ 175.608642392850328, -36.707048568712139 ], [ 175.609296078537284, -36.707557297035585 ], [ 175.609844035365398, -36.708128071352334 ], [ 175.61047873492322, -36.708647932912029 ], [ 175.611036730498654, -36.709234686129022 ], [ 175.611608309832036, -36.709827985285102 ], [ 175.612180778982207, -36.710400606959681 ], [ 175.612817901596685, -36.71090934442217 ], [ 175.613499586357932, -36.711403688037734 ], [ 175.614194889680704, -36.711906092838326 ], [ 175.614921581785126, -36.712359662822657 ], [ 175.615603665093971, -36.712833594685151 ], [ 175.616361593620752, -36.713248679145188 ], [ 175.617099400907989, -36.713678160136894 ], [ 175.617824192763408, -36.714103747669355 ], [ 175.618605617451294, -36.714485245471479 ], [ 175.619362921716231, -36.714900121593935 ], [ 175.620125417138013, -36.715283955593961 ], [ 175.620916800419906, -36.715645765669613 ], [ 175.621721546067704, -36.715990838704336 ], [ 175.622535701578585, -36.716296664562861 ] ] } },
{ "type": "Feature", "properties": { "group_id": "nzd0155" }, "geometry": { "type": "LineString", "coordinates": [ [ 174.750532211608231, -36.711357749815683 ], [ 174.750187901852229, -36.712043194427125 ], [ 174.749946726893882, -36.712788169787075 ], [ 174.749884883918071, -36.713571879189573 ], [ 174.749834400264916, -36.71433085915325 ], [ 174.749877309872488, -36.71506455967738 ], [ 174.749904676215664, -36.715809323204319 ], [ 174.74979837810622, -36.716597109812163 ], [ 174.749824000244331, -36.717347752788818 ] ] } },
{ "type": "Feature", "properties": { "group_id": "nzd0156" }, "geometry": { "type": "LineString", "coordinates": [ [ 175.788911846784174, -36.701150265431714 ], [ 175.788807776689623, -36.701866062272586 ], [ 175.788846118960663, -36.7025907107327 ], [ 175.78897210133573, -36.703371380375842 ], [ 175.789234826667496, -36.7041166299624 ], [ 175.789408672687927, -36.704841306032783 ], [ 175.789641806550975, -36.705545455456239 ], [ 175.789977647276345, -36.706237032678082 ], [ 175.790371466341412, -36.706901749132065 ], [ 175.790765691680292, -36.707548755985947 ], [ 175.791143178514972, -36.708202138921223 ], [ 175.791538495946384, -36.708848718219343 ], [ 175.791911425533527, -36.709503827438617 ], [ 175.79230199390966, -36.710153761016329 ], [ 175.792686249680287, -36.710806940746444 ], [ 175.79310858607974, -36.711443520535866 ], [ 175.793489585613997, -36.712095709064585 ], [ 175.793903554900169, -36.712755352460178 ], [ 175.794466906241809, -36.713339960193437 ], [ 175.794969646262757, -36.71393868119408 ], [ 175.795482251205868, -36.71453049769341 ], [ 175.795955060508618, -36.715149979600056 ], [ 175.796511220972491, -36.715722735871964 ], [ 175.797064897334053, -36.7162939782352 ], [ 175.797632361788516, -36.716854906126613 ], [ 175.798261263895029, -36.71738479126433 ], [ 175.798903565927731, -36.717900496872566 ], [ 175.799547828439643, -36.718402099378878 ], [ 175.800262525637265, -36.718853883338681 ], [ 175.800989078692794, -36.719284071359127 ], [ 175.801695182541351, -36.719739836572103 ], [ 175.802408829307836, -36.72018490319094 ], [ 175.803206003655305, -36.720557465493428 ], [ 175.804083072763262, -36.720788025178109 ], [ 175.804942293373131, -36.720997829119547 ], [ 175.80579661082129, -36.721221127233889 ], [ 175.806634750013018, -36.721508695905733 ], [ 175.807541633877975, -36.721626427077119 ], [ 175.808445031399799, -36.721731789916035 ], [ 175.809342358606784, -36.721774272388579 ], [ 175.810238944657613, -36.721873585157176 ], [ 175.81115347173602, -36.721877156899801 ], [ 175.812059254671851, -36.721770424179454 ], [ 175.812971186354304, -36.721756441687042 ], [ 175.813885269139689, -36.721669445734356 ], [ 175.814751277795779, -36.721410610539245 ], [ 175.815609079745542, -36.72117733132027 ], [ 175.816442833985576, -36.720862327760351 ], [ 175.817240434780928, -36.720509973772174 ] ] } },
{ "type": "Feature", "properties": { "group_id": "nzd0157" }, "geometry": { "type": "LineString", "coordinates": [ [ 175.717150984645968, -36.723946252536997 ], [ 175.718042471847042, -36.723854353902105 ], [ 175.718934026219927, -36.723759823911109 ], [ 175.719812383904696, -36.723610430142593 ], [ 175.720686753589888, -36.72343361643118 ], [ 175.721538266442309, -36.723205750782299 ], [ 175.722419669455689, -36.723054581895511 ], [ 175.723259746973866, -36.722796410390941 ], [ 175.724117109491146, -36.722573849858357 ], [ 175.724936679114677, -36.722275933469206 ], [ 175.725740926334538, -36.721942696505465 ], [ 175.726493600598559, -36.72154035043031 ], [ 175.727209398662154, -36.721092051765254 ], [ 175.728042550499509, -36.720683501980467 ], [ 175.728615077801805, -36.72004304295519 ] ] } },
{ "type": "Feature", "properties": { "group_id": "nzd0158" }, "geometry": { "type": "LineString", "coordinates": [ [ 175.702112261911225, -36.726777457956175 ], [ 175.703010472152954, -36.726738792604152 ], [ 175.703902195315152, -36.726658579767289 ], [ 175.704803165247966, -36.726642966189672 ], [ 175.705703971834538, -36.726605304238596 ], [ 175.706618845042868, -36.726626613239908 ], [ 175.707516121519802, -36.726536715851942 ], [ 175.708381522472848, -36.726318576449337 ], [ 175.70926604588945, -36.726199542108645 ], [ 175.710126271001144, -36.725992916810334 ] ] } },
{ "type": "Feature", "properties": { "group_id": "nzd0159" }, "geometry": { "type": "LineString", "coordinates": [ [ 175.635027192186783, -36.726096057278838 ], [ 175.635792100467995, -36.725685900267237 ], [ 175.636577875244967, -36.725318868974163 ], [ 175.63730052721715, -36.725173163142884 ], [ 175.637891035481005, -36.725081263814999 ], [ 175.63871623082224, -36.724900212671372 ], [ 175.63962968057308, -36.724844694867478 ], [ 175.640532671976786, -36.724857328384168 ], [ 175.641440773942861, -36.724836640750034 ], [ 175.642338716450581, -36.724871020446663 ], [ 175.643187756596973, -36.72508294818266 ], [ 175.644044246199854, -36.725249337663293 ], [ 175.644943872639857, -36.725340663087557 ], [ 175.645780340635895, -36.725619058934114 ], [ 175.646632259378919, -36.725851691316848 ], [ 175.647502022272619, -36.726031467898032 ], [ 175.648373868975767, -36.726205070410863 ], [ 175.649260036298926, -36.726336249894075 ], [ 175.650144523094269, -36.726473426412838 ], [ 175.651009136596883, -36.72669001353443 ], [ 175.651881125945238, -36.726878828161922 ], [ 175.652778147371691, -36.726943632114285 ], [ 175.653663622388109, -36.727064215713447 ], [ 175.654542739454627, -36.727215516880541 ], [ 175.655428930977536, -36.727332637712436 ], [ 175.656322794497697, -36.72741268726427 ], [ 175.65720752124713, -36.727536882164905 ], [ 175.658076750825813, -36.72773596196275 ], [ 175.658981322776071, -36.727760839726251 ], [ 175.659859775309059, -36.727929959992416 ], [ 175.660751008328276, -36.72801951611369 ], [ 175.661639306530674, -36.728128440833046 ], [ 175.662528756498887, -36.728229664809639 ], [ 175.663428214738417, -36.728263962197971 ], [ 175.664302983911824, -36.728463360443094 ], [ 175.66520103654392, -36.728507053381044 ], [ 175.666096519460183, -36.728567927234209 ], [ 175.666988502411783, -36.728652206591271 ], [ 175.66788418082038, -36.728711766074539 ], [ 175.668780823232879, -36.728744973239941 ], [ 175.669663826971259, -36.728867128661079 ], [ 175.670557717002339, -36.728924777299653 ], [ 175.671453250632339, -36.728988350775793 ], [ 175.672350307567996, -36.729024272709154 ], [ 175.673243526155346, -36.729129889607897 ], [ 175.674141596246187, -36.729144130311795 ], [ 175.67503723869126, -36.729189880536069 ], [ 175.675936390766054, -36.72925719532244 ], [ 175.676836548272576, -36.729338644805182 ] ] } },
{ "type": "Feature", "properties": { "group_id": "nzd0160" }, "geometry": { "type": "LineString", "coordinates": [ [ 175.686024454597373, -36.727651895497061 ], [ 175.686921408904283, -36.72769412810478 ], [ 175.687804718010739, -36.727731420463755 ], [ 175.688685171816189, -36.727723968288224 ], [ 175.68958756174365, -36.727756628871887 ], [ 175.690487847884242, -36.727778888429263 ], [ 175.691377245978742, -36.727769046417563 ], [ 175.692271796894488, -36.727754863806958 ] ] } },
{ "type": "Feature", "properties": { "group_id": "nzd0161" }, "geometry": { "type": "LineString", "coordinates": [ [ 174.426214994516727, -36.830163365201336 ], [ 174.426139630183428, -36.829446195626005 ], [ 174.426001231048446, -36.828735529433501 ], [ 174.42583154239648, -36.828021923865393 ], [ 174.425605653583858, -36.82730751355043 ], [ 174.425418551905551, -36.826591275263311 ], [ 174.425127927133644, -36.825909681426339 ], [ 174.42482958472408, -36.825226377776943 ], [ 174.424495243015599, -36.824550271655205 ], [ 174.42414787769863, -36.82388212248172 ], [ 174.42378540577181, -36.823224144381058 ], [ 174.423312156914506, -36.822604793156188 ], [ 174.422988025013439, -36.821931797274374 ], [ 174.422636112184051, -36.821268043446096 ], [ 174.422233337518463, -36.820625287171268 ], [ 174.421780787119388, -36.820002899088315 ], [ 174.421341968333792, -36.819374885155568 ], [ 174.421007413396296, -36.818704189751671 ], [ 174.420614803415276, -36.818057250796024 ], [ 174.420270481546197, -36.817390540494166 ], [ 174.419878241810238, -36.816743439365055 ], [ 174.419487782808176, -36.816095767276479 ], [ 174.419063835455631, -36.815461858175254 ], [ 174.418704642944647, -36.814801511404738 ], [ 174.418315735171461, -36.814153101188133 ], [ 174.417958801529437, -36.813491730789622 ], [ 174.417580676517389, -36.81283894087413 ], [ 174.417204131403224, -36.812189167918184 ], [ 174.416833378767194, -36.811550465444348 ], [ 174.41654642482797, -36.810879988840476 ], [ 174.416174131767065, -36.810222245370689 ], [ 174.415851637128071, -36.809550618907032 ], [ 174.415414781182449, -36.808911711890161 ], [ 174.415001119642909, -36.808287654058603 ], [ 174.414655358452819, -36.807620731697213 ], [ 174.414390485702825, -36.806895897760562 ], [ 174.41373412971646, -36.806383083740762 ], [ 174.413267367113122, -36.805772758605578 ], [ 174.412893353062429, -36.805127436033374 ], [ 174.412533424778843, -36.804472553225153 ], [ 174.412107892448773, -36.803838834084296 ], [ 174.41173186904993, -36.803185193424049 ], [ 174.411335968700882, -36.802539543259606 ], [ 174.410914553227059, -36.801903801704391 ], [ 174.410456180235656, -36.801281950569198 ], [ 174.410053137937098, -36.80063770230224 ], [ 174.4096302344729, -36.80000313746072 ], [ 174.40919105356474, -36.799375507241926 ], [ 174.408707671583784, -36.798766716968757 ], [ 174.408303946864862, -36.798123959293235 ], [ 174.407906297840327, -36.797478262759356 ], [ 174.407535535794239, -36.796819278403788 ], [ 174.40702234146255, -36.796224762429866 ], [ 174.406663451215564, -36.79556010960691 ], [ 174.406314340171889, -36.794890931001397 ], [ 174.405861580689105, -36.794269659277084 ], [ 174.405453563500203, -36.79362770000639 ], [ 174.405029621567792, -36.792994768257941 ], [ 174.404664204424705, -36.792340594581233 ], [ 174.40419967047788, -36.791727902329022 ], [ 174.403811332934339, -36.791078755961848 ], [ 174.403414392048063, -36.790433208358849 ], [ 174.403006094874598, -36.789792412813881 ], [ 174.402584150139717, -36.789157329216877 ], [ 174.40217176021261, -36.788518237514388 ], [ 174.4017684870864, -36.787875321186362 ], [ 174.401362132985867, -36.787233690193794 ], [ 174.401015270739947, -36.786567950494693 ], [ 174.400505461534863, -36.785971015132141 ], [ 174.400047467021778, -36.785351345688731 ], [ 174.399631729008519, -36.784713556467793 ], [ 174.399183069590862, -36.784089094928582 ], [ 174.398795428780545, -36.783439915556571 ], [ 174.398470554949057, -36.782764845446401 ], [ 174.398083804440802, -36.782112757609546 ], [ 174.397627027671632, -36.781490635669726 ], [ 174.397270547466121, -36.78082721385865 ], [ 174.396908583063862, -36.780166155445073 ], [ 174.396504549387089, -36.779523262736475 ], [ 174.396032238360903, -36.778909855930237 ], [ 174.395632199596974, -36.778265227116457 ], [ 174.39519456495924, -36.777636831898711 ], [ 174.394689437072714, -36.777036718830296 ], [ 174.394217448787799, -36.776422239425699 ], [ 174.393794383202305, -36.7757865510711 ], [ 174.393383207080376, -36.775146038755842 ], [ 174.392905622966765, -36.774535967076346 ], [ 174.392436025104814, -36.773922228837314 ], [ 174.392042064417495, -36.773273808374491 ], [ 174.391600679791821, -36.772647125029373 ], [ 174.39120109237976, -36.772001273863886 ], [ 174.390848856481313, -36.77133370828205 ], [ 174.390358742010648, -36.770729350604903 ], [ 174.389956884702457, -36.77008452455641 ], [ 174.389539442648044, -36.769446838465825 ], [ 174.389099503547982, -36.768819461457269 ], [ 174.388645853153037, -36.76819836554116 ], [ 174.388170762293299, -36.767587124064917 ], [ 174.387744637855803, -36.766953676973422 ], [ 174.387267102711604, -36.766343662733505 ], [ 174.386885210218765, -36.765689832753907 ], [ 174.386481168465991, -36.765046087369299 ], [ 174.386050677660336, -36.764414385360652 ], [ 174.385625300810716, -36.763780348573292 ], [ 174.385232666084562, -36.763131391250916 ], [ 174.384691911101925, -36.762549903497636 ], [ 174.384236609570877, -36.761929483122053 ], [ 174.383773408037996, -36.761312656359543 ], [ 174.383366085582423, -36.76067036927612 ], [ 174.38289954427384, -36.760055053612099 ], [ 174.382562030591771, -36.759380955353386 ], [ 174.382144505633249, -36.758743300343305 ], [ 174.381693795142553, -36.758120757604033 ], [ 174.381244426520482, -36.75749759843071 ], [ 174.380814926678084, -36.756865383000331 ], [ 174.380368460648782, -36.756240891252595 ], [ 174.379978524439537, -36.755590642470388 ], [ 174.379522529723289, -36.754970481145598 ], [ 174.378974245352168, -36.754392356766303 ], [ 174.378552901130092, -36.75375640029727 ], [ 174.378117228300368, -36.753126965983341 ], [ 174.377756744519417, -36.752463274402089 ], [ 174.377288521320025, -36.7518486579566 ], [ 174.376829233080201, -36.751229966066724 ], [ 174.376402913528835, -36.750596250226309 ], [ 174.375975722932566, -36.74996292601579 ], [ 174.375559177597239, -36.749324747197882 ], [ 174.375069491822302, -36.748719882250455 ], [ 174.374695074189873, -36.748062287693649 ], [ 174.374237061004607, -36.747442569214158 ], [ 174.373810700604025, -36.746808524033312 ], [ 174.373292448414816, -36.746216980186411 ], [ 174.372854685189196, -36.745588400827785 ], [ 174.37236829020307, -36.744982190250717 ], [ 174.371949365289652, -36.744344933722012 ], [ 174.371511872190382, -36.743716214679104 ], [ 174.371112521743726, -36.743069942221041 ], [ 174.370656087878785, -36.742449926962081 ], [ 174.37026571593637, -36.741799513421576 ], [ 174.369852801276181, -36.741159465943483 ], [ 174.369402728033663, -36.740536508934312 ], [ 174.368917498929221, -36.739929721028219 ], [ 174.36846287808811, -36.739308845989392 ], [ 174.368021021593194, -36.738682093297498 ], [ 174.36758915769235, -36.738050738146704 ], [ 174.367139561875149, -36.737427535834165 ], [ 174.366728519369303, -36.736786591019758 ], [ 174.366274579982701, -36.736165376798894 ], [ 174.365808104242348, -36.735549925104884 ], [ 174.365361856287393, -36.734925161995676 ], [ 174.364946381173411, -36.734286235931769 ], [ 174.364506628117226, -36.733658474400656 ], [ 174.363993018954062, -36.73306468713421 ], [ 174.363578898909878, -36.732425122228719 ], [ 174.363125857082053, -36.731803459152616 ], [ 174.362691131006983, -36.731173364298577 ], [ 174.362271238312729, -36.730535926057151 ], [ 174.36179895544447, -36.729922635493779 ], [ 174.361260271936686, -36.729342093479872 ], [ 174.36077848843388, -36.728734257326977 ], [ 174.360327819042254, -36.728111342573094 ], [ 174.359845526748046, -36.727503742914479 ], [ 174.359422795139324, -36.726867283335977 ], [ 174.359050194405683, -36.726206532097983 ], [ 174.358586653630255, -36.725589833000598 ], [ 174.358158887765939, -36.724955797198362 ], [ 174.357774580966151, -36.724300701891707 ], [ 174.357348277236071, -36.723665947622678 ], [ 174.356841665538582, -36.723070094946856 ], [ 174.356451265915609, -36.722417936254779 ], [ 174.355979851053633, -36.721805021848176 ], [ 174.35554122729377, -36.721176216165247 ], [ 174.355114965569982, -36.720541416422314 ], [ 174.354671286232104, -36.719915049964683 ], [ 174.354228296333133, -36.719288344476169 ], [ 174.35382805775248, -36.718640922148637 ], [ 174.353424315602041, -36.71799519211698 ], [ 174.352963520512532, -36.717377097679631 ], [ 174.352467822140426, -36.716775907966081 ], [ 174.351982298632691, -36.716169783800225 ], [ 174.351558263278719, -36.715533865231357 ], [ 174.351132456616, -36.714898799773678 ], [ 174.350672962353087, -36.714280050097734 ], [ 174.350302344271768, -36.713618237007431 ], [ 174.349822982567503, -36.713009102618216 ], [ 174.34938486846869, -36.712381059960592 ], [ 174.348926676503055, -36.711767038311848 ], [ 174.348508571417995, -36.711133355986327 ], [ 174.348015503809592, -36.710529891860531 ], [ 174.347527141236725, -36.709924262312605 ], [ 174.347110621336327, -36.709285641541562 ], [ 174.346659743383185, -36.708662790909941 ], [ 174.34623330335728, -36.708028714603238 ], [ 174.345741691684623, -36.707424556368956 ], [ 174.345248278960355, -36.706821219940579 ], [ 174.34479507628825, -36.706199416169895 ], [ 174.344353250993606, -36.705572383405276 ], [ 174.343943117994911, -36.704930794133908 ], [ 174.343433370608352, -36.704334937193934 ], [ 174.343058467827859, -36.703677161836907 ], [ 174.34260497389198, -36.703055466119601 ], [ 174.342171362007406, -36.702424636490264 ], [ 174.341703301063689, -36.701809618902423 ], [ 174.341225767015686, -36.701198945731889 ], [ 174.340754854411642, -36.700585227217083 ], [ 174.340292186115335, -36.699967718225743 ], [ 174.339835146945745, -36.69934761950838 ], [ 174.339362369766633, -36.698734741721601 ], [ 174.338978299775391, -36.698081129118421 ], [ 174.338570604355283, -36.697438358883119 ], [ 174.33809565305134, -36.696826463964626 ], [ 174.337600068360928, -36.696224037709406 ], [ 174.337115091422703, -36.69561673578503 ], [ 174.3366238330334, -36.695012312844774 ], [ 174.336240386180322, -36.69435836645907 ], [ 174.335738291298753, -36.693760130758101 ], [ 174.335257087331769, -36.693152615282031 ], [ 174.334850518522302, -36.69250740919064 ], [ 174.334442106397546, -36.69186311022446 ], [ 174.334092321355001, -36.691189794724174 ], [ 174.333692335374195, -36.690541315958363 ], [ 174.33322458292983, -36.689926366419911 ], [ 174.33281233533873, -36.689283945314514 ], [ 174.332364026389257, -36.688659364224044 ], [ 174.331934955470274, -36.688025258185448 ], [ 174.331383859801491, -36.687451531410552 ], [ 174.3310075226793, -36.686791320027844 ], [ 174.330489805522376, -36.686201065971574 ], [ 174.330089653898995, -36.685552629287109 ], [ 174.329653473003845, -36.684922016818433 ], [ 174.329185456443952, -36.684307153416427 ], [ 174.32880841511394, -36.683647265440719 ], [ 174.328343557230284, -36.683031948995776 ], [ 174.327944656691756, -36.682386878774565 ], [ 174.32754834139152, -36.681740075878871 ], [ 174.32705682400524, -36.681136436172274 ], [ 174.326529366285143, -36.680550031271956 ], [ 174.326076552927361, -36.679927816002873 ], [ 174.325621242426479, -36.679306793532156 ], [ 174.32514746633592, -36.67869462360369 ], [ 174.324689675081714, -36.67807478104983 ], [ 174.32424794593723, -36.677447228789731 ], [ 174.323750372261514, -36.676846459030685 ], [ 174.323223717006385, -36.676259634091927 ], [ 174.322812094697412, -36.675617625129249 ], [ 174.322297104222969, -36.675025194801627 ], [ 174.32187341683732, -36.674388963154989 ], [ 174.321439957972274, -36.673757413642697 ], [ 174.320971296379525, -36.673142745190241 ], [ 174.320502927308326, -36.67252793139879 ], [ 174.320105998124347, -36.671877022964338 ], [ 174.319685156434929, -36.671236950802573 ], [ 174.31915636411054, -36.670651623148686 ], [ 174.3186588579606, -36.670051123150586 ], [ 174.31811879946423, -36.669471495955904 ], [ 174.317725251035114, -36.668819980455517 ], [ 174.317303143514266, -36.668182472090187 ], [ 174.316853569534885, -36.667558434847429 ], [ 174.316409182802602, -36.666931847552654 ], [ 174.315935787659498, -36.666319487977887 ], [ 174.315530179276436, -36.665673864469959 ], [ 174.315057056348053, -36.665061361396361 ], [ 174.314619619978259, -36.664431344029097 ], [ 174.314171584779473, -36.663806521909173 ], [ 174.313810056637521, -36.663139250634167 ], [ 174.313220969072603, -36.662583625030358 ], [ 174.312770509099181, -36.661959977695567 ], [ 174.312219465083388, -36.66138535114802 ], [ 174.311783921960426, -36.660753568864642 ], [ 174.311307396262919, -36.660142311714061 ], [ 174.310894134144519, -36.659500135889033 ], [ 174.31039946687622, -36.658898264236981 ], [ 174.309974738529434, -36.658261756175527 ], [ 174.30952222966252, -36.657638999160376 ], [ 174.309056203942902, -36.657022930313055 ], [ 174.308536785161806, -36.656432717519465 ], [ 174.308045799342324, -36.655827952507835 ], [ 174.307587999731396, -36.655207151374434 ], [ 174.307072515339911, -36.654615833859665 ], [ 174.306628736664294, -36.653988518376764 ], [ 174.306152690816134, -36.653377394665839 ], [ 174.305745878193051, -36.652731513976356 ], [ 174.305265512144018, -36.652122548997987 ], [ 174.304842837821496, -36.651484620305183 ], [ 174.304316547224573, -36.650898697705337 ], [ 174.30387517294173, -36.650270145782727 ], [ 174.303362617091892, -36.649677319118119 ], [ 174.302893037452861, -36.649062915291367 ], [ 174.302430585363567, -36.648444928821448 ], [ 174.301901672053845, -36.647858922563216 ], [ 174.301442548852634, -36.647237496037278 ], [ 174.301031024813682, -36.646592970996402 ], [ 174.300544908057816, -36.645986910568425 ], [ 174.300063271928394, -36.645378544263949 ], [ 174.299561886298363, -36.644780315507987 ], [ 174.299081994509862, -36.644171043709349 ], [ 174.298600232478805, -36.643562727533038 ], [ 174.29814636087761, -36.64294008331342 ], [ 174.297727709144823, -36.642305426022283 ], [ 174.297279919921692, -36.641689640773819 ], [ 174.296792488753766, -36.641086295516168 ], [ 174.29633062013491, -36.64046802597634 ], [ 174.295829512903794, -36.639868041119193 ], [ 174.295297454220957, -36.63928247812391 ], [ 174.294824328523276, -36.63866944042951 ], [ 174.294369186773167, -36.63804801504488 ], [ 174.293949346516683, -36.637410129963008 ], [ 174.293504854477504, -36.636783730372485 ], [ 174.293046687432167, -36.636163699838789 ], [ 174.292533324621559, -36.635569391899125 ] ] } },
{ "type": "Feature", "properties": { "group_id": "nzd0162" }, "geometry": { "type": "LineString", "coordinates": [ [ 175.811306862258647, -36.73737310977522 ], [ 175.810286256826799, -36.737337929018729 ], [ 175.809321234672865, -36.737405237446282 ], [ 175.80840154137789, -36.737478230882211 ], [ 175.807484932767807, -36.737650357320625 ], [ 175.806531268848516, -36.737811259599738 ], [ 175.805759637126187, -36.738202865345116 ] ] } },
{ "type": "Feature", "properties": { "group_id": "nzd0163" }, "geometry": { "type": "LineString", "coordinates": [ [ 175.168433933624016, -36.745646631713576 ], [ 175.168550139175437, -36.746348128883177 ], [ 175.16885895406017, -36.747030935399842 ], [ 175.168996930996883, -36.74771698772426 ], [ 175.169240093116514, -36.748398579475086 ], [ 175.169727632363021, -36.748996838590855 ], [ 175.170269549883727, -36.749563167428569 ], [ 175.17090631559347, -36.750062346279037 ], [ 175.171576549563014, -36.75054046271287 ] ] } },
{ "type": "Feature", "properties": { "group_id": "nzd0164" }, "geometry": { "type": "LineString", "coordinates": [ [ 175.757403903958505, -36.757622157780823 ], [ 175.756441133314297, -36.75770648524783 ], [ 175.755625849324957, -36.758104746149627 ] ] } },
{ "type": "Feature", "properties": { "group_id": "nzd0165" }, "geometry": { "type": "LineString", "coordinates": [ [ 175.144653967804658, -36.764650048548027 ], [ 175.145471161610232, -36.76485283263218 ], [ 175.146256603195525, -36.764648396372877 ], [ 175.146994007343324, -36.764315923915454 ], [ 175.147732431334759, -36.763941956538822 ], [ 175.148417511864579, -36.763484292214194 ] ] } },
{ "type": "Feature", "properties": { "group_id": "nzd0166" }, "geometry": { "type": "LineString", "coordinates": [ [ 175.750311325586921, -36.763981173508071 ], [ 175.749935413032659, -36.764665275715757 ], [ 175.749747595167861, -36.765455827917478 ], [ 175.750035684514359, -36.766230362791831 ] ] } },
{ "type": "Feature", "properties": { "group_id": "nzd0168" }, "geometry": { "type": "LineString", "coordinates": [ [ 175.749399316311354, -36.768276800670691 ], [ 175.749221653526263, -36.768995944184958 ], [ 175.749074769731379, -36.769723021341022 ], [ 175.748876020350195, -36.770459490888662 ], [ 175.748977874522438, -36.771181053963915 ] ] } },
{ "type": "Feature", "properties": { "group_id": "nzd0170" }, "geometry": { "type": "LineString", "coordinates": [ [ 175.748561193844353, -36.772389125277662 ], [ 175.74842426575762, -36.773101181001941 ], [ 175.748322406553143, -36.773820324968561 ], [ 175.74816413228433, -36.774541732608249 ], [ 175.747963423123366, -36.775263006598223 ], [ 175.747964731303739, -36.775986952423935 ] ] } },
{ "type": "Feature", "properties": { "group_id": "nzd0171" }, "geometry": { "type": "LineString", "coordinates": [ [ 175.009022007328269, -36.778142053763965 ], [ 175.009117113716343, -36.778894008522165 ], [ 175.009313525391747, -36.779641999880774 ], [ 175.009748700120895, -36.780326297332635 ], [ 175.010308328923514, -36.78093079685685 ], [ 175.010888001835468, -36.781500434090731 ], [ 175.011562477441061, -36.781982540570525 ], [ 175.012282695490029, -36.782462837672234 ], [ 175.013048512550995, -36.782913441813456 ], [ 175.013820240353482, -36.783290714125123 ] ] } },
{ "type": "Feature", "properties": { "group_id": "nzd0172" }, "geometry": { "type": "LineString", "coordinates": [ [ 175.097864198967443, -36.785651069683738 ], [ 175.098772858966441, -36.785795316802847 ], [ 175.099621747021899, -36.785574626367932 ], [ 175.100458382194432, -36.785322637992053 ], [ 175.101272950558354, -36.785019925337032 ] ] } },
{ "type": "Feature", "properties": { "group_id": "nzd0173" }, "geometry": { "type": "LineString", "coordinates": [ [ 175.066839244905339, -36.785253071804107 ], [ 175.06768376220262, -36.78550918855634 ], [ 175.068562449597493, -36.785661838180474 ], [ 175.069381199647012, -36.785998555724653 ], [ 175.070255704225417, -36.786166200819956 ], [ 175.071148279952467, -36.786273768746447 ], [ 175.072028453217825, -36.786419940412621 ], [ 175.072901439952318, -36.786580709654601 ], [ 175.073784868968346, -36.786695666756529 ], [ 175.074678192690982, -36.786774566735161 ], [ 175.075565117202558, -36.786891284884483 ], [ 175.076449127588631, -36.787019928288522 ], [ 175.077344445145741, -36.787081849675722 ], [ 175.078224507107421, -36.787200513485523 ], [ 175.079115834914973, -36.787272316906879 ], [ 175.080012394688936, -36.787316727652723 ], [ 175.080906981963068, -36.787375518385794 ], [ 175.081801787226595, -36.787430193320802 ], [ 175.082697524082732, -36.787482192185927 ], [ 175.083593959133566, -36.787527669015013 ], [ 175.08448878219923, -36.787601513948083 ], [ 175.085388246602349, -36.787650116956335 ], [ 175.086283105082373, -36.787736193756523 ] ] } },
{ "type": "Feature", "properties": { "group_id": "nzd0174" }, "geometry": { "type": "LineString", "coordinates": [ [ 174.775400388363352, -36.787547720447968 ], [ 174.775840631125533, -36.78818332160904 ], [ 174.776344400065682, -36.788787892747372 ], [ 174.776894683572351, -36.789360780279608 ], [ 174.77743352677706, -36.789937213712626 ], [ 174.778035454734379, -36.790472673600803 ], [ 174.778648362676222, -36.79100010766922 ], [ 174.779320821159047, -36.791481681414261 ], [ 174.77995281317456, -36.791993234102591 ], [ 174.780559336487386, -36.792522746500765 ], [ 174.781195942361194, -36.79302442456386 ], [ 174.781781951124401, -36.793571032754492 ] ] } },
{ "type": "Feature", "properties": { "group_id": "nzd0176" }, "geometry": { "type": "LineString", "coordinates": [ [ 175.706151030672544, -36.804697337446683 ], [ 175.705387785543024, -36.805078585276746 ], [ 175.7045774353046, -36.805408938250515 ], [ 175.703770421463389, -36.805781773630933 ], [ 175.702979115653761, -36.806249372038785 ], [ 175.702231515031855, -36.806777029092437 ], [ 175.70121105356597, -36.807183842675833 ], [ 175.701132425589321, -36.808116237171731 ], [ 175.700953303010266, -36.808881030239256 ], [ 175.700779151796269, -36.809600179131259 ], [ 175.700585321269358, -36.810323158304151 ], [ 175.700440246658133, -36.811050566683591 ], [ 175.700307590181609, -36.811777005799257 ], [ 175.700233318004734, -36.812514083103416 ], [ 175.700275158448221, -36.813244683513716 ], [ 175.700321375899193, -36.813970754948507 ], [ 175.700284097340614, -36.814696168839653 ], [ 175.700307636393262, -36.815420329094621 ], [ 175.700287855003722, -36.816147670016548 ], [ 175.700492651560779, -36.816858829221538 ], [ 175.700716620360026, -36.817574337940016 ], [ 175.700920696488254, -36.818284597082716 ], [ 175.700948285460669, -36.81901511359834 ], [ 175.701141878452233, -36.819714078626099 ], [ 175.70150522105115, -36.820386668795159 ], [ 175.701706724727472, -36.82108786775229 ], [ 175.701915868587662, -36.821788393853168 ], [ 175.70212088864821, -36.822489135388231 ], [ 175.702263991847559, -36.823200146242229 ], [ 175.702493472470707, -36.823897587473205 ], [ 175.702653993300942, -36.824610090479709 ], [ 175.702834763942121, -36.82531627002362 ], [ 175.703087269293746, -36.826009594468204 ], [ 175.703427633364839, -36.826682135046887 ], [ 175.703852431335747, -36.827315962344365 ], [ 175.70433711644705, -36.827919097470769 ], [ 175.704897599931456, -36.828479140473256 ], [ 175.705469488060032, -36.829030903474766 ], [ 175.706041620253643, -36.829572792036792 ], [ 175.706764669622714, -36.829987494389428 ], [ 175.707537994149931, -36.830327325319558 ], [ 175.708231901272569, -36.830764657961531 ] ] } },
{ "type": "Feature", "properties": { "group_id": "nzd0177" }, "geometry": { "type": "LineString", "coordinates": [ [ 175.714763152934381, -36.827223867626003 ], [ 175.715178425535612, -36.827860133651896 ], [ 175.715594527975526, -36.828496124681422 ], [ 175.716047117972408, -36.829114880763818 ], [ 175.716535799168071, -36.829714401673201 ], [ 175.717064308671439, -36.830293480522506 ], [ 175.717714611950043, -36.830798254311745 ], [ 175.71848407385724, -36.831173484498066 ] ] } },
{ "type": "Feature", "properties": { "group_id": "nzd0178" }, "geometry": { "type": "LineString", "coordinates": [ [ 174.427814556606165, -36.836302006553638 ], [ 174.427827889713058, -36.835529010254319 ], [ 174.427108536991966, -36.834978520171163 ], [ 174.426679152248852, -36.834339962524091 ], [ 174.426454246068033, -36.833639300477635 ] ] } },
{ "type": "Feature", "properties": { "group_id": "nzd0179" }, "geometry": { "type": "LineString", "coordinates": [ [ 175.732553303970349, -36.831295896804924 ], [ 175.733242902072789, -36.831758556770019 ], [ 175.73388688057247, -36.832259723117893 ], [ 175.734553423061556, -36.832742859198099 ], [ 175.735243845882195, -36.833204847473425 ], [ 175.73593467809016, -36.833664207640012 ], [ 175.736661423605113, -36.834078154769529 ], [ 175.737382145269578, -36.83450733491906 ], [ 175.738142922896799, -36.834889155264868 ], [ 175.738925133615112, -36.835235050482559 ], [ 175.739702402668996, -36.835575210108374 ], [ 175.74051331326217, -36.835888556286072 ], [ 175.741345218165947, -36.836163854903425 ], [ 175.742183238951498, -36.836427567624554 ], [ 175.743035108436544, -36.836655436218116 ], [ 175.743912676862436, -36.836818332389136 ], [ 175.744779473927565, -36.837001438829788 ], [ 175.745666923483384, -36.837103389369084 ], [ 175.746547170674575, -36.837229777885639 ], [ 175.747446904907548, -36.837289750844306 ], [ 175.7483456865817, -36.837309847247461 ], [ 175.749251007222938, -36.837295832467184 ], [ 175.750175823493549, -36.837302188951639 ], [ 175.751066347404134, -36.837200061338237 ], [ 175.751956857901519, -36.837078462014631 ], [ 175.752807011320613, -36.836803373228193 ], [ 175.753699239422531, -36.836671680855652 ], [ 175.754585989774, -36.836536462712438 ], [ 175.755473265405698, -36.836405272565926 ], [ 175.756320480299536, -36.836165386556956 ] ] } },
{ "type": "Feature", "properties": { "group_id": "nzd0180" }, "geometry": { "type": "LineString", "coordinates": [ [ 175.802241991529399, -36.835736084837798 ], [ 175.803036440225753, -36.83607449203982 ], [ 175.803841469796538, -36.836399174507513 ], [ 175.804606611935469, -36.836775582980039 ], [ 175.805349281089121, -36.837184280090078 ], [ 175.80609572256148, -36.83758799694597 ], [ 175.806818722170647, -36.838016839949539 ], [ 175.807559331542166, -36.83842058819944 ], [ 175.808303051051979, -36.838818349936957 ], [ 175.809053762276136, -36.839211745734595 ], [ 175.809778271607627, -36.839643349900356 ], [ 175.810492917870988, -36.840085976562527 ], [ 175.811209151865626, -36.840519732729945 ], [ 175.811921209593635, -36.840947551381767 ], [ 175.812611677545704, -36.841407716579909 ], [ 175.813321690531154, -36.841851622080902 ] ] } },
{ "type": "Feature", "properties": { "group_id": "nzd0185" }, "geometry": { "type": "LineString", "coordinates": [ [ 175.841381640631511, -36.953253772536847 ], [ 175.841507466305131, -36.953979280181649 ], [ 175.841582852256437, -36.954728745407117 ], [ 175.841898432976933, -36.955446824544396 ], [ 175.842259171854778, -36.956149000440888 ], [ 175.842699756591344, -36.95685962550921 ], [ 175.84322571781388, -36.957536765389783 ] ] } },
{ "type": "Feature", "properties": { "group_id": "nzd0186" }, "geometry": { "type": "LineString", "coordinates": [ [ 175.842889111858966, -36.96174552411555 ], [ 175.842995387640087, -36.962460680826737 ], [ 175.843285012596482, -36.963167784221731 ], [ 175.843566614733533, -36.963896338873667 ], [ 175.84397346160722, -36.964575960330741 ], [ 175.844332952870133, -36.965235185305609 ], [ 175.844745395181491, -36.965874329380846 ], [ 175.845024811983109, -36.966569815179732 ] ] } },
{ "type": "Feature", "properties": { "group_id": "nzd0187" }, "geometry": { "type": "LineString", "coordinates": [ [ 174.469242586119123, -36.98014302854245 ], [ 174.46906098611359, -36.979439769137144 ], [ 174.46874938971618, -36.978761956776815 ], [ 174.46845653925817, -36.97808046752538 ], [ 174.468242860004466, -36.977383470101813 ] ] } },
{ "type": "Feature", "properties": { "group_id": "nzd0189" }, "geometry": { "type": "LineString", "coordinates": [ [ 175.864143267524895, -37.006607497736141 ], [ 175.864365167125897, -37.007304009627752 ], [ 175.864521216626713, -37.008017564015759 ], [ 175.864728314802079, -37.008717895454744 ], [ 175.865015185114601, -37.009397567566147 ], [ 175.865377295230758, -37.010057753818259 ], [ 175.865691269709373, -37.010731443491338 ], [ 175.865909044281153, -37.011436124490906 ], [ 175.866168883092143, -37.012130038488799 ], [ 175.866451953230154, -37.012811172721378 ], [ 175.866743928333221, -37.013489641903703 ], [ 175.867026708619647, -37.014173269169952 ], [ 175.867275164426133, -37.014869942187659 ], [ 175.867559155096558, -37.01555358826316 ], [ 175.867835076007026, -37.016237770763837 ], [ 175.868112523488747, -37.016921461243172 ], [ 175.868429456334667, -37.017591155633824 ], [ 175.868751205819876, -37.018255777742155 ], [ 175.869053255036732, -37.018927782519704 ], [ 175.869372998374899, -37.019597894610683 ], [ 175.869722745954618, -37.020258949503628 ], [ 175.87004369752654, -37.020934367735236 ], [ 175.870386947054016, -37.021606830242213 ], [ 175.870736541364806, -37.022271658011825 ], [ 175.871080430478742, -37.022934139209525 ], [ 175.871398411746071, -37.023611965664522 ], [ 175.87177244077634, -37.02428088861236 ], [ 175.872168097528601, -37.024936207738818 ], [ 175.872559271817238, -37.025598688778899 ], [ 175.872971476747324, -37.026255737509345 ], [ 175.873440939396943, -37.026863516491218 ], [ 175.873859127777479, -37.027495311243882 ] ] } },
{ "type": "Feature", "properties": { "group_id": "nzd0190" }, "geometry": { "type": "LineString", "coordinates": [ [ 174.502215425915011, -37.049805403217768 ], [ 174.501388670818386, -37.050181555307248 ], [ 174.500555855706182, -37.050531376411001 ], [ 174.499724534385365, -37.050887704784088 ], [ 174.498884648409899, -37.05120681056718 ], [ 174.498029106279375, -37.05154186762833 ], [ 174.496995012306229, -37.051893234142177 ], [ 174.49525617088409, -37.052967505195831 ], [ 174.494353155952382, -37.052819423333339 ], [ 174.493587866674886, -37.052431315847052 ], [ 174.492771026487048, -37.052133048075284 ], [ 174.491880105281155, -37.051963880325602 ], [ 174.491083265317542, -37.051630754248471 ], [ 174.490465331515225, -37.050985852207781 ], [ 174.490878492231303, -37.048544039243765 ], [ 174.488919182341476, -37.04999717290481 ], [ 174.487742691697008, -37.049740117921822 ], [ 174.487132604364263, -37.049013824904279 ], [ 174.486644449096048, -37.0483585888514 ], [ 174.486138112014373, -37.047721021282548 ], [ 174.485602704728848, -37.047111704890625 ], [ 174.485084022183798, -37.046486131035984 ], [ 174.484631999226622, -37.045795767045057 ], [ 174.484087636760847, -37.045195146911986 ], [ 174.483640295632796, -37.044500227135352 ], [ 174.483031471466887, -37.043962253934467 ], [ 174.482654871271393, -37.043198573864693 ], [ 174.482285278636454, -37.042640377802471 ], [ 174.481954740486174, -37.042133264524615 ], [ 174.481507848758298, -37.041520928452755 ], [ 174.481089323551089, -37.040886025387785 ], [ 174.480940132854727, -37.040128220075566 ], [ 174.48057762540077, -37.039467745446117 ], [ 174.480155149639387, -37.038834629243951 ], [ 174.479831014587717, -37.038156634583046 ], [ 174.479553551983884, -37.037457337514233 ], [ 174.479088900298791, -37.036843450809727 ], [ 174.478964895921536, -37.036074118229919 ], [ 174.478666373841889, -37.03538441404185 ], [ 174.478215393087339, -37.034764273603002 ], [ 174.478144767217714, -37.034412556231167 ], [ 174.477976906440631, -37.034167814655568 ], [ 174.477530370783484, -37.033527053627154 ], [ 174.47726942086797, -37.032819840318638 ], [ 174.477086946500691, -37.03210936311438 ], [ 174.476792153293388, -37.031403540044948 ], [ 174.476551316691967, -37.03069547067863 ], [ 174.476366710596352, -37.02998506093433 ], [ 174.476161489033132, -37.029275499669005 ], [ 174.475796078748857, -37.028572577909991 ], [ 174.475344912218304, -37.02787320634139 ], [ 174.475087641812735, -37.027165782834388 ], [ 174.474981981295002, -37.02645206271356 ], [ 174.474800184730185, -37.025745437423808 ], [ 174.474586660366754, -37.025053779272675 ], [ 174.474398821776504, -37.024359921054383 ], [ 174.474331184949449, -37.023644279660324 ], [ 174.474463400515077, -37.022910497159053 ], [ 174.474554062883414, -37.02218047805215 ], [ 174.474826737159816, -37.021433935385375 ], [ 174.474898532731174, -37.020705613947925 ], [ 174.474955385569388, -37.019978641543155 ], [ 174.474917426944643, -37.019260266238717 ], [ 174.474895513905437, -37.018540428064256 ], [ 174.475039575746536, -37.017805520756781 ], [ 174.474571101290394, -37.017126194567787 ], [ 174.474812880591799, -37.0163824061135 ], [ 174.474903255737047, -37.015652350409781 ], [ 174.474879244370953, -37.014932668756053 ], [ 174.475040973205267, -37.014196123360811 ], [ 174.475122232474774, -37.013496236887363 ], [ 174.475015892261325, -37.012817176326394 ], [ 174.475032310839026, -37.012103346071328 ], [ 174.475195777030649, -37.011378656002577 ], [ 174.474978174291806, -37.010669155304484 ], [ 174.474931426806421, -37.009952834527155 ], [ 174.474960883690557, -37.009233468180192 ], [ 174.475002859629768, -37.008513595799926 ], [ 174.475079676609511, -37.007792327182926 ], [ 174.474840000633975, -37.00708367302537 ], [ 174.474625592067582, -37.00637400420721 ], [ 174.474627573801712, -37.005655699738519 ], [ 174.474439264353691, -37.004943438689587 ], [ 174.474250051905301, -37.00420728356923 ], [ 174.473997415502936, -37.003484152116528 ], [ 174.473916816403516, -37.002769427444186 ], [ 174.474075965380905, -37.002032248436649 ], [ 174.473742651557046, -37.001341172055461 ], [ 174.473471967497488, -37.000644224703507 ], [ 174.47354261587833, -36.999915312156389 ], [ 174.473610275431355, -36.999186672462947 ], [ 174.4733258928064, -36.998490987927966 ], [ 174.473211292067504, -36.997779399954396 ], [ 174.473104231678548, -36.997067099290533 ], [ 174.472918776840658, -36.996362131975637 ], [ 174.47277670994373, -36.995648126902012 ], [ 174.472456994306157, -36.99494671350098 ], [ 174.472272311297274, -36.994236698180032 ], [ 174.472238112585217, -36.993512415183631 ], [ 174.472119641026296, -36.992800392089634 ], [ 174.472208017700069, -36.992058253499259 ], [ 174.471947830407771, -36.991366845372468 ], [ 174.471734610466484, -36.990668594062541 ], [ 174.471308560880686, -36.990001315496102 ], [ 174.471029550866831, -36.98931262725759 ], [ 174.471048745646073, -36.988580526299423 ], [ 174.470820020375839, -36.987884505646875 ], [ 174.470995639684702, -36.987129621857228 ], [ 174.470521251039798, -36.986469347141131 ], [ 174.470258019226094, -36.985778329557128 ], [ 174.469847624977689, -36.98510872598343 ] ] } },
{ "type": "Feature", "properties": { "group_id": "nzd0191" }, "geometry": { "type": "LineString", "coordinates": [ [ 175.886205442084957, -37.093035476936493 ], [ 175.886143975364121, -37.093750896841506 ], [ 175.88618771899263, -37.094474519448227 ], [ 175.886095719785828, -37.095216156152262 ], [ 175.886171006743808, -37.095949726003305 ], [ 175.886243666906608, -37.096663765730852 ], [ 175.886292103856334, -37.097379239573193 ], [ 175.886346656918107, -37.09809434285355 ], [ 175.886402589578069, -37.098809357314309 ], [ 175.886431835121613, -37.099525952456382 ], [ 175.886528455092986, -37.100238533184104 ], [ 175.886590106269267, -37.100955418991916 ], [ 175.886644178823218, -37.101672955274879 ], [ 175.886836939689857, -37.102378885502766 ], [ 175.886917499650707, -37.103092319201942 ], [ 175.886973504946781, -37.103807405575878 ], [ 175.88700068572939, -37.104533144444723 ], [ 175.887186608044686, -37.105247182623494 ], [ 175.887269204131485, -37.105964495979933 ], [ 175.88741173329683, -37.10667171438471 ], [ 175.887491710643843, -37.107386555599916 ], [ 175.887627617677111, -37.108094568395551 ], [ 175.887746821975952, -37.108804611766615 ], [ 175.887927027920966, -37.109505472016203 ], [ 175.888018558788247, -37.110216394275476 ], [ 175.888150756653772, -37.110924541803044 ], [ 175.888185052640551, -37.111643730736127 ] ] } },
{ "type": "Feature", "properties": { "group_id": "nzd0192" }, "geometry": { "type": "LineString", "coordinates": [ [ 175.880072154677066, -37.149642093765706 ], [ 175.880204544849875, -37.150352367837108 ], [ 175.880336015804062, -37.151075736049393 ], [ 175.880530689898507, -37.15178894726553 ], [ 175.880901511801881, -37.152449413330991 ] ] } },
{ "type": "Feature", "properties": { "group_id": "nzd0193" }, "geometry": { "type": "LineString", "coordinates": [ [ 175.881435865161194, -37.165906412423965 ], [ 175.881566190841369, -37.166615282976018 ], [ 175.881756001408803, -37.167319373275554 ] ] } },
{ "type": "Feature", "properties": { "group_id": "nzd0194" }, "geometry": { "type": "LineString", "coordinates": [ [ 175.88205202649047, -37.169403595690696 ], [ 175.882431163793257, -37.170072607816302 ], [ 175.882894190614564, -37.170710683600532 ], [ 175.88333226385484, -37.171148667263886 ], [ 175.88310878148377, -37.171761199115799 ], [ 175.88299802533794, -37.172497001985725 ], [ 175.883032052102493, -37.173233774217387 ], [ 175.883247939209696, -37.173944507477934 ], [ 175.883364257413263, -37.174650637430311 ], [ 175.883522173816687, -37.175346525470275 ], [ 175.883758568091991, -37.176041802218165 ], [ 175.883974134250394, -37.176737111532141 ], [ 175.884162624000425, -37.177434601803547 ] ] } },
{ "type": "Feature", "properties": { "group_id": "nzd0195" }, "geometry": { "type": "LineString", "coordinates": [ [ 175.88503115766602, -37.181070520030154 ], [ 175.885196247811109, -37.181774434756768 ], [ 175.885463284749392, -37.182468947010442 ], [ 175.885710526622091, -37.183155746645625 ], [ 175.885968996995956, -37.183846892118694 ], [ 175.886186777760543, -37.184556361291833 ] ] } },
{ "type": "Feature", "properties": { "group_id": "nzd0196" }, "geometry": { "type": "LineString", "coordinates": [ [ 174.613865472086388, -37.208104734509092 ], [ 174.613830222675716, -37.207334312785662 ], [ 174.61318551630319, -37.206779646018923 ], [ 174.612792348247609, -37.206135923572447 ], [ 174.612488784469775, -37.205460473636116 ], [ 174.61216414283686, -37.204792479921736 ], [ 174.611919835379126, -37.204099245525299 ], [ 174.611379359024795, -37.203508350106951 ], [ 174.611081573838305, -37.202832118789708 ], [ 174.6107214874948, -37.202176601573932 ], [ 174.610782365023738, -37.201379360499146 ], [ 174.610452139418356, -37.200713778806083 ], [ 174.61036454351634, -37.199966508423984 ] ] } },
{ "type": "Feature", "properties": { "group_id": "nzd0199" }, "geometry": { "type": "LineString", "coordinates": [ [ 175.914945492110121, -37.301975759013409 ], [ 175.915343856654204, -37.302616139251896 ], [ 175.915775676770835, -37.303246421473766 ], [ 175.916190508935927, -37.303888750713952 ], [ 175.916674007676392, -37.304498129554254 ], [ 175.91715710845034, -37.305105168078931 ], [ 175.917629376545335, -37.305720897481244 ], [ 175.918128780949644, -37.306318340872537 ], [ 175.918682083981508, -37.306882391685427 ], [ 175.919314461602283, -37.307404196860958 ], [ 175.920076788555889, -37.307765064072385 ], [ 175.921094537911415, -37.307407560306302 ] ] } },
{ "type": "Feature", "properties": { "group_id": "nzd0200" }, "geometry": { "type": "LineString", "coordinates": [ [ 174.68612640301717, -37.34970458290659 ], [ 174.685697108450086, -37.348928151370757 ], [ 174.68529903270317, -37.34821362762645 ], [ 174.684952468138164, -37.347522770703122 ], [ 174.684540395593729, -37.346911581742567 ], [ 174.684283129157137, -37.346233745096846 ], [ 174.68404954206116, -37.345545895026348 ], [ 174.68373250293763, -37.344879317853291 ], [ 174.683451305499801, -37.34420557153306 ], [ 174.683125170556792, -37.343536135755393 ], [ 174.682826854428271, -37.342859627879534 ], [ 174.682523717850813, -37.342199996011431 ], [ 174.682132865109281, -37.341566272953749 ], [ 174.68181001632442, -37.340899536028047 ], [ 174.681458985772139, -37.340238884360737 ], [ 174.681190444825205, -37.339552711472287 ], [ 174.680810828982146, -37.338908443362115 ], [ 174.680502148893908, -37.338240520019312 ], [ 174.680098473185922, -37.337581614844879 ], [ 174.679834237928844, -37.336886355347019 ], [ 174.679564684287499, -37.336217991626114 ], [ 174.679264445934706, -37.33555956945623 ], [ 174.679001839027762, -37.334879124436881 ], [ 174.678703651485591, -37.334201316484815 ], [ 174.67843653971002, -37.333512180125332 ], [ 174.678101256767036, -37.332850370531496 ], [ 174.677692109677594, -37.332222230580996 ], [ 174.677407737343572, -37.3315546197408 ], [ 174.677060780089079, -37.330877759292257 ], [ 174.676761546335968, -37.330199545956575 ], [ 174.676429710624888, -37.329522351453029 ], [ 174.676184436012932, -37.328872588739948 ], [ 174.675924282025875, -37.328223093968838 ], [ 174.675540948271674, -37.327531859835084 ], [ 174.675247191107644, -37.326872462382745 ], [ 174.674853810712392, -37.326244871969266 ], [ 174.67461517458878, -37.325593866107035 ], [ 174.674447033132793, -37.32487787103878 ], [ 174.674205343444498, -37.324249169215506 ], [ 174.673837092386691, -37.323644321727912 ], [ 174.673604241493138, -37.322912533393371 ], [ 174.673227975815934, -37.322262500109169 ], [ 174.672849918638946, -37.321602622325443 ], [ 174.672438471927279, -37.320902830699964 ], [ 174.672239967382779, -37.320187284219379 ], [ 174.671997632484107, -37.319589950639561 ], [ 174.671694525079573, -37.318977506545181 ], [ 174.671337849373202, -37.318349285820112 ], [ 174.671076023085249, -37.31764437119471 ], [ 174.67060624173206, -37.316869370219322 ], [ 174.670436464933829, -37.316321132534654 ], [ 174.670140917246158, -37.315824042993455 ], [ 174.669737287963898, -37.315082137240076 ], [ 174.669390246559715, -37.314466730158635 ], [ 174.669090296377505, -37.313781377467862 ], [ 174.668725933852244, -37.313076746884306 ], [ 174.668421302167445, -37.312404641715403 ], [ 174.668131401482924, -37.311766601566966 ], [ 174.667918979352805, -37.311110633374859 ], [ 174.667472983329901, -37.310459821605185 ], [ 174.667114806027001, -37.309764185609154 ], [ 174.666922554231377, -37.309059008362084 ], [ 174.666512630675754, -37.308442501278009 ], [ 174.666295134653552, -37.307766875370405 ], [ 174.665989712487942, -37.307073069379733 ], [ 174.665566601986598, -37.306413106088897 ], [ 174.665283940213328, -37.305734076305555 ], [ 174.664866746009125, -37.305097378322394 ], [ 174.664621281618196, -37.304427096449466 ], [ 174.664308307630193, -37.303786213192559 ], [ 174.663964609636224, -37.303137360436871 ], [ 174.663685001577221, -37.302429034616267 ], [ 174.663438625728531, -37.301692045511679 ], [ 174.663103248009264, -37.301072736270164 ], [ 174.662753949792545, -37.300499473613726 ], [ 174.662386753099668, -37.299841588306862 ], [ 174.662044692936007, -37.299184600164168 ], [ 174.66161696569651, -37.2985530162196 ], [ 174.661326149238931, -37.297936896946169 ], [ 174.660972892959649, -37.29721316765832 ], [ 174.660532484777747, -37.296573084773158 ], [ 174.660250165442591, -37.295985237369294 ], [ 174.659844255633942, -37.295338226469326 ], [ 174.659622078413861, -37.294584078367336 ], [ 174.65924263277617, -37.293881631972845 ], [ 174.658909051887974, -37.293338824219106 ], [ 174.658649364626399, -37.292724667279806 ], [ 174.658349761649617, -37.292049193959606 ], [ 174.658075247991064, -37.29127495655986 ], [ 174.657870379283708, -37.290622129017045 ], [ 174.657455067698265, -37.290107883108284 ], [ 174.65709277051576, -37.289421691847338 ], [ 174.656725547665246, -37.288769503098358 ], [ 174.656385505002817, -37.288107587084504 ], [ 174.656013951562386, -37.287456935850784 ], [ 174.655538682469142, -37.286843375035126 ], [ 174.655158808457969, -37.286180982496276 ], [ 174.654832115514893, -37.285542206889168 ], [ 174.654463480852627, -37.284954262499078 ], [ 174.654241088511753, -37.284186759708675 ], [ 174.653869960440403, -37.283491913341919 ], [ 174.653627851942701, -37.282825865653756 ], [ 174.653104070192597, -37.282238061899413 ], [ 174.652770720115655, -37.28162731575614 ], [ 174.652482121290774, -37.280996218484518 ], [ 174.652444104939775, -37.280181534844118 ], [ 174.651898716559231, -37.27958475293552 ], [ 174.651560699299381, -37.278911583615461 ], [ 174.65122918508186, -37.278250650594309 ], [ 174.651253865710942, -37.27744411494178 ], [ 174.651019571391544, -37.276746382119796 ], [ 174.650692070442233, -37.27609043172319 ], [ 174.650543958341956, -37.275347474549569 ], [ 174.650080525065704, -37.274716598725192 ] ] } },
{ "type": "Feature", "properties": { "group_id": "nzd0201" }, "geometry": { "type": "LineString", "coordinates": [ [ 175.937706753960697, -37.359564512064182 ], [ 175.93767657000663, -37.360281646077311 ], [ 175.937541065201941, -37.360994982461172 ], [ 175.937540226003932, -37.361717107693828 ], [ 175.93764507579931, -37.362436162866189 ] ] } },
{ "type": "Feature", "properties": { "group_id": "nzd0203" }, "geometry": { "type": "LineString", "coordinates": [ [ 175.93731040651835, -37.381334255428058 ], [ 175.937533357134782, -37.382027756112478 ], [ 175.937898923969271, -37.382684246226106 ], [ 175.938233631107664, -37.383343065073689 ], [ 175.938543926101744, -37.384014558847063 ], [ 175.938939560775935, -37.384656646286544 ], [ 175.939322801424225, -37.385301159014027 ], [ 175.939712887803637, -37.385941639984011 ], [ 175.940351754376991, -37.386460121373219 ] ] } },
{ "type": "Feature", "properties": { "group_id": "nzd0204" }, "geometry": { "type": "LineString", "coordinates": [ [ 175.938235374698166, -37.394993628563633 ], [ 175.938356984731513, -37.395706841393071 ], [ 175.938585460261578, -37.396396909785985 ], [ 175.938890420945256, -37.397094659866568 ], [ 175.939118947064856, -37.397831228939033 ], [ 175.939638257667582, -37.398441695497986 ], [ 175.940045653811154, -37.399076567891996 ], [ 175.940350921926296, -37.399751206591553 ], [ 175.940905108303554, -37.400331193378605 ], [ 175.941297076520556, -37.400973125433396 ], [ 175.941621039078115, -37.401641023133095 ], [ 175.941979938830059, -37.402295098806796 ], [ 175.942344679116701, -37.402944154457757 ], [ 175.942718270615586, -37.403590270035586 ], [ 175.943058103608536, -37.404251255161554 ], [ 175.943495534554103, -37.404876946855062 ], [ 175.943870393051014, -37.405526894315273 ], [ 175.944260520171639, -37.406173497211817 ], [ 175.94465224442979, -37.406818219512857 ], [ 175.945005064353211, -37.407474755029341 ], [ 175.945323560671596, -37.408141338826894 ], [ 175.945719169546038, -37.408779207317394 ], [ 175.946070752359788, -37.409436223193168 ], [ 175.946430076604287, -37.410090336969297 ], [ 175.946782229270838, -37.410747128267921 ], [ 175.947080631411438, -37.411426215280784 ], [ 175.947323210519471, -37.412138029237276 ], [ 175.947804568952222, -37.412752702102892 ], [ 175.948344788901096, -37.413331646671224 ], [ 175.94880313899543, -37.413945740087414 ], [ 175.949238410653066, -37.41457372295509 ], [ 175.949708934647447, -37.415190919458439 ], [ 175.95019165695544, -37.415799520096911 ], [ 175.950655544868027, -37.416411672902292 ], [ 175.951138164463003, -37.417013665376395 ], [ 175.95160330385724, -37.417625130120797 ], [ 175.952068454104648, -37.418231095528121 ], [ 175.952400829496042, -37.418896489907738 ], [ 175.952894943103189, -37.419487316517504 ], [ 175.953494505289001, -37.420033933847861 ], [ 175.95399669406649, -37.420632883704322 ], [ 175.954501868176891, -37.421229905589428 ], [ 175.954977455355163, -37.421837996650424 ], [ 175.955514692666924, -37.422409599580746 ], [ 175.956019538961129, -37.423000038685906 ], [ 175.956443324400539, -37.423634048511687 ], [ 175.956898492465797, -37.424238826802458 ], [ 175.957323431976818, -37.424860611522782 ], [ 175.957799639190284, -37.425465319275268 ], [ 175.95824635235553, -37.426085905385953 ], [ 175.958694660396304, -37.42670617794672 ], [ 175.959158908058896, -37.427317179730046 ], [ 175.959590670641575, -37.427944335240447 ], [ 175.960050933826352, -37.428557093106598 ], [ 175.960479632297421, -37.429185633786929 ], [ 175.960923687727643, -37.429804607927998 ], [ 175.961386789883619, -37.43041400852907 ], [ 175.96182172915212, -37.431039145650502 ], [ 175.962199210203835, -37.431692784901159 ], [ 175.962653252565929, -37.432308434173088 ], [ 175.963092113634303, -37.432931610412901 ], [ 175.963582606379532, -37.433530846034429 ], [ 175.964010699026545, -37.434162152669366 ], [ 175.964495544501574, -37.434763249036443 ], [ 175.964977168565639, -37.435365165079013 ], [ 175.965499711249947, -37.435953763869385 ], [ 175.966009086099348, -37.43656190488278 ], [ 175.966516855188701, -37.437165424722821 ], [ 175.967021642879672, -37.437756321329545 ], [ 175.967533564645095, -37.438342940364031 ], [ 175.968034841115951, -37.438935931149111 ], [ 175.968527556888262, -37.43952509119466 ], [ 175.968996718917253, -37.440123474308933 ], [ 175.969473819860582, -37.440725832767505 ], [ 175.96996589329774, -37.441322160448657 ], [ 175.970438953497165, -37.441919054412772 ], [ 175.970920830251771, -37.44251117399422 ], [ 175.971452613380791, -37.443086828151031 ], [ 175.971931856586735, -37.443690071094892 ], [ 175.972438224113631, -37.444279063631392 ], [ 175.972911279027755, -37.444885546903855 ], [ 175.973313969851631, -37.445528980093272 ], [ 175.9737575168067, -37.446125796878142 ], [ 175.97417527577997, -37.446696084692199 ], [ 175.974621454599941, -37.447311773111558 ], [ 175.975104257401284, -37.4479563654263 ], [ 175.97556250750236, -37.448587585935719 ], [ 175.976043748701784, -37.449189591181145 ], [ 175.976529184577629, -37.449794502393047 ], [ 175.977020681103085, -37.450409361465361 ], [ 175.97753138023225, -37.451009908346393 ], [ 175.978026022398694, -37.451606062807834 ], [ 175.978509489895629, -37.452208713032654 ], [ 175.979016471377093, -37.452797680561886 ], [ 175.979483193849006, -37.453410062262087 ], [ 175.979961042168213, -37.453987815998502 ], [ 175.98043421440039, -37.454566629318045 ], [ 175.980902262465548, -37.455174835034988 ], [ 175.981403159677086, -37.455768299301141 ], [ 175.981907367604634, -37.456360872973292 ], [ 175.982425106955247, -37.456945263296426 ], [ 175.982967972806136, -37.45751609386469 ], [ 175.983485412982304, -37.458099749859016 ], [ 175.984069760263452, -37.458649637685674 ], [ 175.984602562784914, -37.459231640320802 ], [ 175.985087777758764, -37.459851994681252 ], [ 175.98557302843858, -37.460484141528021 ], [ 175.986169305916007, -37.461017412246122 ], [ 175.986803036450738, -37.461523223838739 ], [ 175.987452525074588, -37.46202339103742 ], [ 175.988127632353553, -37.462502948355159 ], [ 175.988739295435835, -37.463026816783682 ] ] } },
{ "type": "Feature", "properties": { "group_id": "nzd0205" }, "geometry": { "type": "LineString", "coordinates": [ [ 174.734504954640613, -37.487584169103705 ], [ 174.73406918006728, -37.486956781768839 ], [ 174.733778029555396, -37.486280451596954 ], [ 174.733504735902301, -37.485595997080374 ], [ 174.73309633150069, -37.484946548918025 ], [ 174.73290779530393, -37.484218490506905 ], [ 174.732397871263316, -37.483623518455758 ], [ 174.731874942354722, -37.483050497966552 ], [ 174.731601683798885, -37.482387322083753 ], [ 174.731343966335629, -37.481701783612877 ], [ 174.731040581536348, -37.481030512730392 ], [ 174.730749077497933, -37.480355522460385 ], [ 174.730105195439876, -37.479790664250025 ], [ 174.729833231831776, -37.479109554842942 ], [ 174.729416978678302, -37.478450048643481 ], [ 174.729132151426654, -37.47773710600233 ], [ 174.728949963040776, -37.477004172422667 ], [ 174.728475088330271, -37.476397397358959 ] ] } },
{ "type": "Feature", "properties": { "group_id": "nzd0206" }, "geometry": { "type": "LineString", "coordinates": [ [ 174.763765514292629, -37.549258310438226 ], [ 174.763362500663106, -37.548621488920979 ], [ 174.762963646824602, -37.547983131722532 ], [ 174.762915441566207, -37.547215794041591 ], [ 174.762331043454935, -37.546645672218325 ], [ 174.761976815818997, -37.545990883715973 ], [ 174.761604761882069, -37.545342646386139 ], [ 174.761255876205297, -37.544685881648583 ], [ 174.760960416696207, -37.544009459952413 ], [ 174.76059412639006, -37.543368329243975 ], [ 174.760284835820812, -37.542709778876976 ], [ 174.759901168423909, -37.542066847254375 ], [ 174.75949093690906, -37.541430820766784 ], [ 174.759157221314553, -37.540769492943305 ], [ 174.758868620437255, -37.540093244669244 ], [ 174.75852487413232, -37.539435221183076 ], [ 174.758162044102505, -37.538783500803717 ], [ 174.757828769521637, -37.538122003735275 ], [ 174.757525722146454, -37.537450507846906 ], [ 174.757161620871955, -37.536799190201258 ], [ 174.756795128347278, -37.536148657255531 ], [ 174.756382860323043, -37.53549999559354 ], [ 174.75597968404557, -37.534838615741393 ], [ 174.755607467718733, -37.534172373462205 ], [ 174.755223846812328, -37.533524914786483 ], [ 174.754826836162437, -37.532883699534764 ], [ 174.754563413277367, -37.532195247344141 ], [ 174.754385951884643, -37.531542036397859 ], [ 174.754349204597332, -37.530850112732239 ], [ 174.753710295572574, -37.530281084026058 ], [ 174.753227903008735, -37.529664657638854 ], [ 174.752803569851011, -37.529030645600763 ], [ 174.752417991203885, -37.528388744925699 ], [ 174.752177217566953, -37.527716127585016 ], [ 174.751973349978158, -37.527031805869385 ], [ 174.751650785140214, -37.526364342684147 ], [ 174.75136848245495, -37.525686816556416 ], [ 174.751008842902792, -37.525030257915816 ], [ 174.750487810972913, -37.524398788613702 ], [ 174.75014199221593, -37.523722211666787 ] ] } },
{ "type": "Feature", "properties": { "group_id": "nzd0207" }, "geometry": { "type": "LineString", "coordinates": [ [ 175.997042111687136, -37.475107012784449 ], [ 175.997854571691363, -37.475413781877542 ], [ 175.998648665917273, -37.475756632220246 ], [ 175.999489232124773, -37.47600818241613 ], [ 176.000350242421831, -37.476219564883763 ], [ 176.001223673201736, -37.476406541796599 ], [ 176.002065666157876, -37.476655281751732 ], [ 176.002926263748066, -37.476867466181218 ], [ 176.003767512451248, -37.477117664026238 ], [ 176.004635794095122, -37.47738506841894 ], [ 176.0054528343708, -37.47776143451626 ], [ 176.006220970665396, -37.478157785986014 ], [ 176.007003306964947, -37.478531005665346 ], [ 176.00771241303471, -37.478971583822918 ], [ 176.008389668470812, -37.479450069984182 ], [ 176.009021463111139, -37.479966767820265 ], [ 176.009574146871671, -37.480542866288523 ], [ 176.01003481912187, -37.481198496949581 ], [ 176.010523903637335, -37.481829564740828 ], [ 176.011039293074248, -37.482435317330172 ], [ 176.011544997937051, -37.483012435733293 ], [ 176.012027842757277, -37.483597860226908 ], [ 176.012493274936617, -37.484208471723399 ], [ 176.012945938044879, -37.484825949614972 ], [ 176.01340762490409, -37.485438566898409 ], [ 176.01392216558321, -37.486022738081672 ], [ 176.014401505121015, -37.486625846643044 ], [ 176.014857268801535, -37.48724163686375 ], [ 176.015353358276116, -37.487835722479979 ], [ 176.015801818751356, -37.488455433032684 ], [ 176.016318942090635, -37.489038190483377 ], [ 176.016778869629718, -37.489651720874249 ], [ 176.017270209518188, -37.490249399628318 ], [ 176.017760425631451, -37.490852368078968 ], [ 176.018242590622975, -37.491460089786948 ], [ 176.01862584238242, -37.492120390182137 ], [ 176.019118716589816, -37.492717165878268 ], [ 176.019533999143306, -37.493358896892552 ], [ 176.019981734683853, -37.493978241965003 ], [ 176.02035901842109, -37.494588598223949 ], [ 176.020785203753917, -37.49517145537375 ], [ 176.021226633815871, -37.495791993099459 ], [ 176.021653624140043, -37.496418962258197 ], [ 176.022115623770645, -37.497030320219807 ], [ 176.022553333822543, -37.497652500324946 ], [ 176.023019872024946, -37.498261824570413 ], [ 176.023507607350325, -37.498861694580604 ], [ 176.02397719287606, -37.499469649837742 ], [ 176.024427651540805, -37.50008612589945 ], [ 176.024941590052663, -37.500674299500005 ], [ 176.025396544754102, -37.501288760794473 ], [ 176.025885366097725, -37.501895054052355 ], [ 176.026316680576997, -37.502535334187897 ], [ 176.026747328443662, -37.503172722699567 ], [ 176.027190209104901, -37.503795527029474 ], [ 176.027641050138783, -37.504414015735335 ], [ 176.028084283833493, -37.505036619263805 ], [ 176.028519672148633, -37.505663466504863 ], [ 176.028965825781995, -37.506284479161977 ], [ 176.029459129063667, -37.506879954003374 ], [ 176.029917098817464, -37.507494558277912 ], [ 176.030418120290165, -37.508078356991874 ], [ 176.030888132866494, -37.508677502763931 ], [ 176.03141169141017, -37.509256409740267 ], [ 176.031906198646539, -37.509851121317745 ], [ 176.032431834589318, -37.510429789376396 ], [ 176.03292082981028, -37.511027331080683 ], [ 176.033400764895021, -37.51162953596409 ], [ 176.033909143029746, -37.512217081057607 ], [ 176.034370031226246, -37.512829089731781 ], [ 176.034835152706819, -37.513438912342835 ], [ 176.035310302984101, -37.514043562841685 ], [ 176.03581127420685, -37.514633451798439 ], [ 176.036300034123315, -37.515229603906548 ], [ 176.036776852878944, -37.515833269945801 ], [ 176.03724781569727, -37.516439948579652 ], [ 176.037753598571413, -37.517028921344917 ], [ 176.038212182130934, -37.517641883109043 ], [ 176.038686602772032, -37.518246789070858 ], [ 176.039139627808709, -37.518862566608163 ], [ 176.039597072626265, -37.51948066024984 ], [ 176.040102046323454, -37.520075059756699 ], [ 176.040548340075929, -37.52069629516771 ], [ 176.041035434480648, -37.521294918802674 ], [ 176.041546453854011, -37.521880714290326 ], [ 176.042037723393832, -37.522477090507714 ], [ 176.042511993215328, -37.523082071881092 ], [ 176.043017172591476, -37.523665801839542 ], [ 176.043514075575843, -37.524254630254831 ], [ 176.044033468194982, -37.524836625200884 ], [ 176.044574291032887, -37.525407723904848 ], [ 176.045067216243865, -37.526003160128155 ], [ 176.045595711190657, -37.526580514122436 ], [ 176.046126469476377, -37.527156712837673 ], [ 176.046633762686412, -37.52774483201857 ], [ 176.047197927427902, -37.528304042812223 ], [ 176.04770565426665, -37.528885619345616 ], [ 176.048172024642099, -37.529485789066491 ], [ 176.048706432608924, -37.530064939236368 ], [ 176.049204856388201, -37.530676065602115 ], [ 176.049728156257572, -37.531267612070643 ], [ 176.050250433206003, -37.53185996006858 ], [ 176.050727323844086, -37.532488021574601 ], [ 176.051241819532663, -37.533086486106932 ], [ 176.051692737387981, -37.533640194280515 ], [ 176.052186861931688, -37.53414618921029 ], [ 176.052673378020586, -37.534739376610979 ], [ 176.053167764616148, -37.535334021509009 ], [ 176.053668047005402, -37.535925477041673 ], [ 176.054152366535249, -37.536525550021373 ], [ 176.05466702528463, -37.537109230670033 ], [ 176.055168640581172, -37.537699951865626 ], [ 176.055677488112678, -37.538286761816693 ], [ 176.056186515682867, -37.538873469724486 ], [ 176.056690258831338, -37.539463027190884 ], [ 176.057147589699923, -37.540077649227285 ], [ 176.057677144665746, -37.540675530324464 ], [ 176.058223435292007, -37.541285343146029 ], [ 176.058761889650782, -37.54188118488581 ], [ 176.059336105199662, -37.542428846875097 ], [ 176.059867751520471, -37.543005556318292 ], [ 176.060428564919164, -37.543562356562447 ], [ 176.060973595249237, -37.544129923984066 ], [ 176.061535601814285, -37.544685901864419 ], [ 176.062058937993044, -37.54526826650217 ], [ 176.062640615605858, -37.545810811695638 ], [ 176.063168228285804, -37.546390249766915 ], [ 176.063733923863367, -37.546943693902207 ], [ 176.064252077745692, -37.547529579144395 ], [ 176.064777368143979, -37.54811059000032 ], [ 176.065274601816128, -37.54868872308338 ], [ 176.065772923104191, -37.549247307045668 ], [ 176.066300439349561, -37.549808472315135 ], [ 176.06685259123492, -37.550370047209491 ], [ 176.06737977905513, -37.550946834303417 ], [ 176.067935870053532, -37.551505999260904 ], [ 176.068485054272429, -37.552069369745368 ], [ 176.069023729082517, -37.552639141732094 ], [ 176.069611853413988, -37.553178767584882 ], [ 176.0701870755627, -37.553726253392547 ], [ 176.070753422617656, -37.55427914449843 ], [ 176.071330483076366, -37.554825500789981 ], [ 176.071886846704388, -37.555384468330431 ], [ 176.072413867245245, -37.555961317495921 ], [ 176.073011537811595, -37.556495097462559 ], [ 176.073534386835405, -37.557074480516071 ], [ 176.074102221520462, -37.557626438038241 ], [ 176.074669065884621, -37.558178994736672 ], [ 176.075251941087146, -37.558721775284752 ], [ 176.075789336724938, -37.559300712937514 ], [ 176.076349764967716, -37.559868757509925 ], [ 176.076895698601703, -37.560437788660956 ], [ 176.077447113018422, -37.561000002179732 ], [ 176.077973809801563, -37.56157825572982 ], [ 176.078515542416852, -37.562146745291628 ], [ 176.079061865307096, -37.562712251082182 ], [ 176.07958507654476, -37.563292754487001 ], [ 176.080127771270554, -37.56386060690496 ], [ 176.080676874454326, -37.564424295357512 ], [ 176.081237400464516, -37.564980564987295 ], [ 176.081773953533713, -37.565546310831614 ], [ 176.08231716121162, -37.566106971934225 ], [ 176.082903676306358, -37.566646332287299 ], [ 176.083434169823022, -37.56722144986356 ], [ 176.083984922783543, -37.567783792953882 ], [ 176.084534005930038, -37.568347184253419 ], [ 176.085072155371876, -37.568917463104299 ], [ 176.085616075985683, -37.569484099875197 ], [ 176.086110178028349, -37.570082134655159 ], [ 176.086660622094485, -37.570644650856352 ], [ 176.087232369294668, -37.571193734620657 ], [ 176.087787989012412, -37.57175297975175 ], [ 176.088341186700688, -37.572313747240173 ], [ 176.088904076831142, -37.572868400888112 ], [ 176.089476059228929, -37.573417318983168 ], [ 176.090057460921088, -37.573960295358503 ], [ 176.090587671376881, -37.574535535251357 ], [ 176.091161941891613, -37.575082997989149 ], [ 176.091686424399654, -37.575661839810664 ], [ 176.092186056010434, -37.576256341866817 ], [ 176.092712924592234, -37.576832741456307 ], [ 176.093234992804611, -37.577410770565166 ], [ 176.093788242604063, -37.577970157023998 ], [ 176.094385389806007, -37.578503457284064 ], [ 176.09494111638449, -37.579062568976994 ], [ 176.095528413154938, -37.579601999766176 ], [ 176.096134951437847, -37.580129433556785 ], [ 176.096725209008525, -37.580667010064253 ], [ 176.097303246354898, -37.581212198587714 ], [ 176.097908098832221, -37.581740669654991 ], [ 176.09849845843209, -37.582278169209033 ], [ 176.099112798558679, -37.582802176950416 ], [ 176.099700256733314, -37.583347698206978 ], [ 176.100283847576861, -37.583896501084467 ], [ 176.100861905869039, -37.584443206188425 ], [ 176.101459893300898, -37.584974785547089 ], [ 176.10204961109568, -37.585512636181534 ], [ 176.102642785747292, -37.586047860102191 ], [ 176.10324157374572, -37.586578820957094 ], [ 176.103857583942471, -37.587096709936844 ], [ 176.104456318591133, -37.587627703877331 ], [ 176.105044580306952, -37.5881666410124 ], [ 176.10567279356917, -37.58867525912094 ], [ 176.106268656815729, -37.58920842081109 ], [ 176.106890698063808, -37.589721714781177 ], [ 176.107494675292969, -37.59024871212258 ], [ 176.108095129247346, -37.590778379258211 ], [ 176.10871844588479, -37.591290694237507 ], [ 176.109326593636297, -37.591814515804487 ], [ 176.109955453629169, -37.592322616897057 ], [ 176.110580289520442, -37.592833767758911 ], [ 176.111227927497509, -37.593327612181994 ], [ 176.111823604566581, -37.593860881790484 ], [ 176.112442628217423, -37.594376431808016 ], [ 176.113041445313002, -37.594909111909992 ], [ 176.113687580158853, -37.595405451966684 ], [ 176.114324713816558, -37.595907144883967 ], [ 176.114982628782741, -37.596391999680144 ], [ 176.115611615989906, -37.596900005472975 ], [ 176.116216017282511, -37.597427687087453 ], [ 176.116831337579356, -37.597946625297936 ], [ 176.11746206310255, -37.598453229114085 ], [ 176.118080735492896, -37.598969499370412 ], [ 176.118693701960041, -37.59949118394988 ], [ 176.119336977005872, -37.599988598468997 ], [ 176.11994880557566, -37.600511258340219 ], [ 176.120569541601242, -37.601026523283032 ], [ 176.12120895256848, -37.601526287939109 ], [ 176.121812100210377, -37.602056141476886 ], [ 176.122463401135207, -37.602546032732427 ], [ 176.123111739019606, -37.603038379331956 ], [ 176.123732367441193, -37.603553716731163 ], [ 176.124366215862608, -37.604058080351976 ], [ 176.125027499438175, -37.604539673818472 ], [ 176.125669572092249, -37.60503720577308 ], [ 176.12631226371542, -37.605536254860965 ], [ 176.126957138161686, -37.606035533358558 ], [ 176.127628097143003, -37.606509932560776 ], [ 176.12830745825292, -37.606975279191197 ], [ 176.128947133880985, -37.607477469837512 ], [ 176.129591429733836, -37.607975367845867 ], [ 176.13025380919288, -37.608458956032244 ], [ 176.130943922138897, -37.608923129835297 ], [ 176.131610706587168, -37.609413916967753 ], [ 176.13232578177994, -37.609844599894416 ], [ 176.132975399895059, -37.6103465928676 ], [ 176.133574612922274, -37.610903498040017 ], [ 176.134093413673639, -37.611444087494156 ], [ 176.134584194162017, -37.611955648726529 ], [ 176.135151412693773, -37.612495901614899 ], [ 176.135715643862284, -37.613050422776297 ], [ 176.136336317198499, -37.613565233520262 ], [ 176.136924925792044, -37.614102597467891 ], [ 176.137566522691515, -37.61460268051799 ], [ 176.138114494879346, -37.615168623930671 ], [ 176.138664627972702, -37.615733043240297 ], [ 176.139258445136278, -37.616272247705204 ], [ 176.139887158373625, -37.616806826721302 ], [ 176.140532784227219, -37.617323042924703 ], [ 176.141134353621794, -37.617852639615649 ], [ 176.14176116798464, -37.61836217759943 ], [ 176.142376330583573, -37.618880968478159 ], [ 176.142996402195138, -37.619395855967284 ], [ 176.143638665726201, -37.61989310997366 ], [ 176.144259871990045, -37.620407088918768 ], [ 176.144927653772555, -37.620885385985339 ], [ 176.145559262485421, -37.621406996893782 ], [ 176.146187261648407, -37.621932050902018 ], [ 176.146794970323384, -37.622459376332202 ], [ 176.147432947122752, -37.62296069077918 ], [ 176.14802861962292, -37.6234983519916 ], [ 176.148630061164738, -37.62403105304579 ], [ 176.14924406977002, -37.624532522002845 ], [ 176.14983835330554, -37.624966370681051 ], [ 176.150420383141096, -37.625440051206546 ], [ 176.151031404316001, -37.625966200604211 ], [ 176.151645650444635, -37.626526354402124 ], [ 176.152307344698755, -37.62705681257443 ], [ 176.15286141494343, -37.627633687786052 ], [ 176.153461713955778, -37.628164288331696 ], [ 176.154025801109952, -37.628723720156572 ], [ 176.154557959497339, -37.629304388172216 ], [ 176.154996678011543, -37.629767388094862 ], [ 176.155366023065085, -37.63026730010607 ], [ 176.155856361966357, -37.630869859004022 ], [ 176.156300244960505, -37.631498679055618 ], [ 176.156745191013158, -37.632159771855591 ], [ 176.157135662145294, -37.632846058845445 ], [ 176.157481800176157, -37.633518445488825 ], [ 176.157869761254148, -37.634168648400767 ], [ 176.158377687577087, -37.634854353462963 ], [ 176.158938937539403, -37.635562118776811 ], [ 176.159524582994237, -37.636146471515204 ] ] } },
{ "type": "Feature", "properties": { "group_id": "nzd0208" }, "geometry": { "type": "LineString", "coordinates": [ [ 177.97681511579222, -37.588908096445195 ], [ 177.977509111208946, -37.588454286003987 ], [ 177.978186351603256, -37.587986394282787 ], [ 177.978888774531924, -37.587539658852521 ], [ 177.979495675653197, -37.587012659568181 ], [ 177.980172849762994, -37.586544703263804 ], [ 177.980760730165429, -37.586008012677517 ], [ 177.981366090718126, -37.585486194039063 ] ] } },
{ "type": "Feature", "properties": { "group_id": "nzd0210" }, "geometry": { "type": "LineString", "coordinates": [ [ 177.944193179590883, -37.618436209738526 ], [ 177.94513841724347, -37.618446116717621 ], [ 177.945998139664226, -37.618241003256841 ], [ 177.946797967199103, -37.617885297453412 ], [ 177.947623091006847, -37.617593197305695 ], [ 177.948407646416484, -37.617247805007366 ], [ 177.949174511397672, -37.616998408931437 ], [ 177.949952469479342, -37.616692138502714 ], [ 177.950752249252702, -37.616355354362923 ], [ 177.951534779487957, -37.615999478665643 ], [ 177.952334709661699, -37.615662855522004 ], [ 177.953226557073521, -37.615408824583319 ], [ 177.953953382177929, -37.614959739421458 ], [ 177.954606630444403, -37.614457401664588 ], [ 177.955192350246961, -37.613911429854532 ], [ 177.955799999622712, -37.613372235312191 ], [ 177.95648222362513, -37.612874263554154 ], [ 177.956998320929614, -37.612288860654694 ], [ 177.957499709504674, -37.611661037747524 ], [ 177.957954843011436, -37.611006296739035 ], [ 177.958238100607701, -37.610330440107859 ] ] } },
{ "type": "Feature", "properties": { "group_id": "nzd0214" }, "geometry": { "type": "LineString", "coordinates": [ [ 176.123332722550771, -37.661775020923699 ], [ 176.123854905321224, -37.661199641339309 ], [ 176.124212647327454, -37.660554211825989 ], [ 176.124418213965185, -37.659903348344628 ], [ 176.124897595421146, -37.659655836570472 ], [ 176.125761379224116, -37.65950371555045 ], [ 176.126650249171917, -37.659447834300927 ], [ 176.127530516254495, -37.659398062653779 ], [ 176.128413703911207, -37.659449594530393 ], [ 176.129265860862688, -37.659696282200912 ], [ 176.130127182625046, -37.659906724297691 ], [ 176.131020394682537, -37.659988869008984 ], [ 176.131842252499496, -37.660263627715501 ], [ 176.132682370295157, -37.66050152554314 ] ] } },
{ "type": "Feature", "properties": { "group_id": "nzd0215" }, "geometry": { "type": "LineString", "coordinates": [ [ 178.484502892869074, -37.643436620739301 ], [ 178.484663630473136, -37.644214804224681 ], [ 178.485021032120102, -37.644884143050177 ], [ 178.485451115496375, -37.645513253117961 ], [ 178.485773774539553, -37.646201809339942 ], [ 178.486350730368287, -37.646749627236517 ], [ 178.486892040637287, -37.64731716724723 ], [ 178.487549047846159, -37.647833034820081 ], [ 178.48813873898348, -37.648383011580286 ], [ 178.488608503317835, -37.649006874823037 ], [ 178.48933414446347, -37.649444845791891 ], [ 178.489911120373563, -37.649990058452119 ], [ 178.490559395903716, -37.650483831805651 ], [ 178.491197809320028, -37.65098361956899 ], [ 178.491825490047773, -37.651485266516815 ], [ 178.492538470152141, -37.651914902983378 ], [ 178.493271789292237, -37.65232535653147 ], [ 178.493933942541474, -37.65281032364588 ], [ 178.494716688973739, -37.653169016362533 ], [ 178.495391860934262, -37.653635805394146 ], [ 178.496000738531478, -37.654180877648123 ], [ 178.496662372439999, -37.654673699133191 ], [ 178.497411951869111, -37.655064818277936 ], [ 178.498044753053392, -37.655591164510966 ], [ 178.498842336441783, -37.655924745711872 ], [ 178.499407440903695, -37.65648356273848 ], [ 178.500085460778479, -37.656933362159933 ], [ 178.500704358761965, -37.657449422181372 ], [ 178.501274923179324, -37.658017218144252 ], [ 178.501908146119575, -37.658544057494218 ], [ 178.502478498982015, -37.659120855485078 ], [ 178.503101950812095, -37.659643645255777 ], [ 178.503798101500252, -37.660092491565138 ], [ 178.504399992015152, -37.660637206224592 ], [ 178.505126562218095, -37.661055107579251 ], [ 178.505878231902898, -37.66144747689647 ], [ 178.506626555514543, -37.661843245937824 ], [ 178.507289911580614, -37.662325433268713 ], [ 178.508041127401526, -37.662718254053182 ], [ 178.508693119593261, -37.663211994249657 ], [ 178.509429898097437, -37.663619493186431 ], [ 178.510055831189334, -37.664139733598013 ], [ 178.510860198656019, -37.664478478881911 ], [ 178.511545123730087, -37.664940572665692 ], [ 178.512323677143172, -37.665306679939874 ], [ 178.51310453126527, -37.665667009283176 ], [ 178.513776725115662, -37.666142245219909 ], [ 178.514459772207715, -37.666605910850187 ], [ 178.515085771464527, -37.667130378449428 ], [ 178.51579166373773, -37.66756968967357 ], [ 178.516380771827329, -37.668139044884519 ], [ 178.517029540994713, -37.668651430330925 ], [ 178.517769902758175, -37.669055538284844 ], [ 178.518472020940521, -37.669500759362691 ], [ 178.519204944224214, -37.669910955312083 ], [ 178.519972764027528, -37.670291298154552 ], [ 178.520814340840616, -37.670579418494071 ], [ 178.521537176572053, -37.671005592419121 ], [ 178.522330787387574, -37.671341083920517 ], [ 178.523084699856952, -37.671726810006824 ], [ 178.523893549582823, -37.672042754907245 ], [ 178.524704555729187, -37.672287137442808 ], [ 178.525517458441954, -37.672518879106001 ], [ 178.526390685690558, -37.67268673320897 ], [ 178.527236156429836, -37.672967975956247 ], [ 178.528086870245716, -37.673227806327219 ], [ 178.52895105300243, -37.673452026799055 ], [ 178.529834738556275, -37.673661023962232 ], [ 178.530753364686319, -37.673586522874743 ], [ 178.531651709955383, -37.673620700085451 ], [ 178.532546328480123, -37.673596325777552 ], [ 178.533437204036176, -37.673520020105897 ], [ 178.534321205294646, -37.673393108955871 ] ] } },
{ "type": "Feature", "properties": { "group_id": "nzd0216" }, "geometry": { "type": "LineString", "coordinates": [ [ 174.812355699888798, -37.685317556623055 ], [ 174.811782518418511, -37.684733594086723 ], [ 174.811446602572261, -37.684074320956981 ], [ 174.811836333086916, -37.683184729385509 ], [ 174.811400076678041, -37.682557291540149 ], [ 174.810653803140553, -37.682028244206641 ], [ 174.810572082448886, -37.681289761007356 ], [ 174.810600453233064, -37.680520367048089 ], [ 174.810272908632243, -37.679861262586016 ], [ 174.80975885358572, -37.679257052307896 ], [ 174.809574271301727, -37.678550843906727 ], [ 174.808979666945504, -37.677971556712109 ], [ 174.808450698856348, -37.67737194475955 ], [ 174.808321293105479, -37.676662191919782 ], [ 174.807998752339756, -37.676023341506124 ], [ 174.807624415500584, -37.67538262821045 ], [ 174.80729816819678, -37.67471872282259 ], [ 174.806999368626265, -37.674047900586054 ], [ 174.806644894955696, -37.673380864444688 ], [ 174.806236193470625, -37.672713336183939 ], [ 174.805949098452658, -37.672011066738897 ] ] } },
{ "type": "Feature", "properties": { "group_id": "nzd0217" }, "geometry": { "type": "LineString", "coordinates": [ [ 176.177274652554331, -37.629867052372113 ], [ 176.177964115672097, -37.630329142173125 ], [ 176.178653226068946, -37.630791642481249 ], [ 176.179382593334196, -37.631207085170807 ], [ 176.180158430559686, -37.631568206935441 ], [ 176.180989696175004, -37.631860629112374 ], [ 176.181840937798029, -37.632073960184265 ], [ 176.18273532875449, -37.63218169942563 ], [ 176.184312561210049, -37.630363155762318 ], [ 176.184870303934048, -37.631421407162861 ], [ 176.186067381149542, -37.630675509537454 ], [ 176.185803406774767, -37.633711100406096 ], [ 176.186328604186514, -37.634035822975534 ], [ 176.186954563512074, -37.634450499096559 ], [ 176.1877202465962, -37.634847753743635 ], [ 176.188334181159775, -37.635367762634296 ], [ 176.188943193774463, -37.635891749747174 ], [ 176.18942629943669, -37.636486646246148 ], [ 176.18987608449595, -37.637049808141221 ], [ 176.190253462481309, -37.637677289901653 ], [ 176.190777360370106, -37.638255062939415 ], [ 176.19127898214191, -37.63884600824057 ], [ 176.191810573507468, -37.639419221378013 ], [ 176.192508251595001, -37.639894185837662 ], [ 176.193147807226211, -37.640403526155019 ], [ 176.193718833763739, -37.640953398560775 ], [ 176.194341861053857, -37.641472506375848 ], [ 176.194910777614638, -37.642023617641918 ], [ 176.195442176195741, -37.642596917405371 ], [ 176.196130450405434, -37.643094506571195 ], [ 176.19679453669724, -37.643593357507207 ], [ 176.197430284056537, -37.644096025308336 ], [ 176.198046072900127, -37.644614840533549 ], [ 176.198668464279081, -37.645128225026866 ], [ 176.199293970544545, -37.645639045642859 ], [ 176.199898755023952, -37.646166896455753 ], [ 176.200503512469226, -37.646694766149373 ], [ 176.201143236512706, -37.647193889340869 ], [ 176.201748152058713, -37.647721622338615 ], [ 176.202333013486339, -37.64826583689554 ], [ 176.202922020579877, -37.648806640331856 ], [ 176.203539067907968, -37.649324390749925 ], [ 176.204132734689381, -37.649861357175091 ], [ 176.204733231405072, -37.650392705906036 ], [ 176.205376060519114, -37.650889936235373 ], [ 176.205996870775266, -37.651418125041161 ], [ 176.206669576931574, -37.65190251596583 ], [ 176.207307960533683, -37.65240411232628 ], [ 176.20796626835417, -37.652887977684919 ], [ 176.208613401540759, -37.653381782726534 ], [ 176.209289659538456, -37.653849670157513 ], [ 176.209941573675223, -37.654339214907147 ], [ 176.210634372088265, -37.654792378489361 ], [ 176.211355112999314, -37.655220675831103 ], [ 176.212052018207714, -37.655670178282016 ], [ 176.212752267566373, -37.656116701677263 ], [ 176.213478839686161, -37.656539799643461 ], [ 176.214151704057315, -37.657010683202024 ], [ 176.21479804119457, -37.657505167556103 ], [ 176.215460523537047, -37.657985282670062 ], [ 176.216101827953338, -37.658484238920892 ], [ 176.216789892300596, -37.65895188165122 ], [ 176.217510216528183, -37.659388858576023 ], [ 176.21820861307765, -37.659839357439786 ], [ 176.218918663864827, -37.660275398845378 ], [ 176.219605765547243, -37.66073668245695 ], [ 176.220330359314261, -37.661151745084744 ], [ 176.221018054159771, -37.661596010565752 ], [ 176.221728906213059, -37.662023437419329 ], [ 176.222406026177595, -37.662490568251862 ], [ 176.223066708131341, -37.662973099901379 ], [ 176.223762699411367, -37.663422540589139 ], [ 176.224453264082371, -37.663877063345282 ], [ 176.225104569018612, -37.664368373212213 ], [ 176.225766748626057, -37.664849489546839 ], [ 176.226430000287309, -37.665329598323915 ], [ 176.227130611638103, -37.665774694086942 ], [ 176.22780096495876, -37.666251571458254 ], [ 176.228479568378788, -37.666723126713869 ], [ 176.229174166793371, -37.667175606948263 ], [ 176.229866777344853, -37.667628743124119 ], [ 176.230511958982362, -37.668130528378754 ], [ 176.2312080260985, -37.668580113768407 ], [ 176.231925550533703, -37.669007685750387 ], [ 176.232645121568822, -37.6694400278976 ], [ 176.233346132324215, -37.669895253121567 ], [ 176.234049479382207, -37.670341329364739 ], [ 176.234781534323389, -37.670753179002183 ], [ 176.235507074034928, -37.671172477120578 ], [ 176.236239267690479, -37.671584163289275 ], [ 176.23695385840341, -37.672015978250073 ], [ 176.237657426015033, -37.672460397393401 ], [ 176.238380024919081, -37.672876683170152 ], [ 176.239102464960609, -37.673292266195411 ], [ 176.239815560978599, -37.673724105366013 ], [ 176.240523777652015, -37.674161706588691 ], [ 176.241241074510924, -37.674589502352177 ], [ 176.241984843611732, -37.674988715944053 ], [ 176.242701134726758, -37.675417592161466 ], [ 176.243405962371327, -37.675859331229859 ], [ 176.244164542051323, -37.676244594389146 ], [ 176.244903835009694, -37.676650047173666 ], [ 176.245639947221775, -37.67705723957166 ], [ 176.246372118668148, -37.677468822485352 ], [ 176.247141161962787, -37.677839297821833 ], [ 176.247906224094493, -37.678210822651799 ], [ 176.248657512222621, -37.678600586084976 ], [ 176.249430527918491, -37.678964982995836 ], [ 176.250201747102722, -37.679331918873437 ], [ 176.250991027238655, -37.679671271813298 ], [ 176.251763137833592, -37.680036843859369 ], [ 176.252536849518975, -37.68039996959984 ], [ 176.253297748223986, -37.680782662016895 ], [ 176.254036324503829, -37.681193625610888 ], [ 176.254786176663202, -37.681571840147882 ], [ 176.255542654923346, -37.681944575073878 ], [ 176.256297373327897, -37.682330424993225 ], [ 176.257071360876523, -37.682690956007328 ], [ 176.257844162820447, -37.683053042477439 ], [ 176.258614853979964, -37.683417900019485 ], [ 176.259392285184248, -37.683775269104522 ], [ 176.260162750639807, -37.684146622892591 ], [ 176.260938260978861, -37.684510731106613 ], [ 176.261695057387527, -37.684896496186823 ], [ 176.262457483275313, -37.685274167431366 ], [ 176.263229173092753, -37.685638519958964 ], [ 176.263995763334179, -37.686010201808642 ], [ 176.264772189421564, -37.686367742455047 ], [ 176.265572225318238, -37.686691340322028 ], [ 176.266371380391803, -37.687016202119089 ], [ 176.267147522481991, -37.687374145294584 ], [ 176.267926019858834, -37.687728700739321 ], [ 176.268716848184511, -37.688065527010792 ], [ 176.269518547804012, -37.688386722094741 ], [ 176.270320599182952, -37.688709230876576 ], [ 176.27111969558365, -37.689037219225234 ], [ 176.27190964190936, -37.689383794958317 ], [ 176.272704289196469, -37.689718664967003 ], [ 176.273508173046736, -37.690037110882571 ], [ 176.274253990518872, -37.690458804682073 ], [ 176.275111289622146, -37.690682270271303 ], [ 176.275954904301045, -37.690930065683801 ], [ 176.276754319893342, -37.691256452554299 ], [ 176.277571694990172, -37.691550903033288 ], [ 176.278341966164817, -37.691929113283052 ], [ 176.279105354215432, -37.692299671343321 ], [ 176.279842498190419, -37.692681856194376 ], [ 176.280570389207412, -37.693089572854724 ], [ 176.281342855438453, -37.693452149755572 ], [ 176.282099539386707, -37.693836465687575 ], [ 176.2828815513422, -37.694185889026826 ], [ 176.283673161929528, -37.6945220873422 ], [ 176.284452958593704, -37.694874558024118 ], [ 176.285253899468898, -37.695197898281421 ], [ 176.286035890942458, -37.695547340909791 ], [ 176.286805370239563, -37.695914018489333 ], [ 176.287573287925426, -37.696282845533645 ], [ 176.288377208612872, -37.696602071243582 ], [ 176.289160681217311, -37.696954814893481 ], [ 176.289973964759696, -37.697272350710335 ], [ 176.290787005363768, -37.69758611954002 ], [ 176.291605323685474, -37.697878861405037 ], [ 176.292416973435223, -37.698183452555909 ], [ 176.293228417583464, -37.69848840783559 ], [ 176.294041112884202, -37.698791138377977 ], [ 176.294866772324468, -37.699070828049798 ], [ 176.295679726770231, -37.699373095178622 ], [ 176.296515080379237, -37.699635552749967 ], [ 176.297359325227291, -37.699881372555836 ], [ 176.29818413110462, -37.700160588343046 ], [ 176.299030505761692, -37.700397594697087 ], [ 176.299859492922792, -37.700673917005659 ], [ 176.300685646470924, -37.700956555475337 ], [ 176.301511390145322, -37.701240107612328 ], [ 176.302335175751921, -37.701528024600051 ], [ 176.30316145808257, -37.701810376126829 ], [ 176.303982778633952, -37.702103788492273 ], [ 176.304818295509875, -37.702365554175032 ], [ 176.305658564294191, -37.702616725925836 ], [ 176.306491620842507, -37.702883975042468 ], [ 176.307314195382673, -37.703174591705952 ], [ 176.308135445165306, -37.703468162002267 ], [ 176.308965342684644, -37.703742453298595 ], [ 176.309826289678256, -37.703947521272084 ] ] } },
{ "type": "Feature", "properties": { "group_id": "nzd0218" }, "geometry": { "type": "LineString", "coordinates": [ [ 178.530565275024344, -37.711610606920758 ], [ 178.53007178201733, -37.712220168818455 ], [ 178.52948684336954, -37.712812935005942 ], [ 178.52894676571762, -37.71342661860939 ], [ 178.528530296885464, -37.714055723172841 ], [ 178.528098438183235, -37.714678556279274 ], [ 178.527601481382987, -37.715274878515089 ], [ 178.527223257382303, -37.715930951296542 ], [ 178.526835663514021, -37.716588043282712 ], [ 178.526433987225403, -37.717229605834611 ], [ 178.525962862566161, -37.717841303545079 ], [ 178.5256218196144, -37.718498411913984 ], [ 178.52526387603416, -37.719142052319029 ], [ 178.52489410724408, -37.71977929005493 ], [ 178.524574857198132, -37.720443852164536 ], [ 178.524094514023943, -37.721048681976036 ], [ 178.523740984126533, -37.721737103611424 ], [ 178.523477514819945, -37.722449857798011 ], [ 178.523301960546348, -37.723149608453461 ] ] } },
{ "type": "Feature", "properties": { "group_id": "nzd0219" }, "geometry": { "type": "LineString", "coordinates": [ [ 177.697822042581095, -37.726925877747938 ], [ 177.698693521065479, -37.726720763583359 ], [ 177.699514410833785, -37.726432319993926 ], [ 177.700266815341678, -37.726060884028243 ], [ 177.701018298512281, -37.725694277584161 ], [ 177.701760906663992, -37.725294866992407 ], [ 177.702478625484673, -37.724868096241877 ] ] } },
{ "type": "Feature", "properties": { "group_id": "nzd0220" }, "geometry": { "type": "LineString", "coordinates": [ [ 176.470198459166028, -37.744385971793193 ], [ 176.470539841517109, -37.74504358961596 ], [ 176.471004417967947, -37.745655105862532 ], [ 176.471432965904654, -37.746271912640658 ], [ 176.471910878981276, -37.746869394468483 ], [ 176.472410245686888, -37.747459157807647 ], [ 176.472935942278667, -37.748034361723519 ], [ 176.473446861121289, -37.748617989321936 ], [ 176.473942348422213, -37.749209485923906 ], [ 176.474438705090449, -37.74980259236812 ], [ 176.474979438203633, -37.750370135416716 ], [ 176.475511116456829, -37.750942946815002 ], [ 176.476053423059795, -37.751509040942885 ], [ 176.476546564039779, -37.752101311546625 ], [ 176.477021583985476, -37.752708709843965 ], [ 176.477526195091485, -37.753291083085074 ] ] } },
{ "type": "Feature", "properties": { "group_id": "nzd0221" }, "geometry": { "type": "LineString", "coordinates": [ [ 174.83027953185055, -37.756951510938997 ], [ 174.830120327894235, -37.756252330425681 ], [ 174.830040530711386, -37.755540084431914 ], [ 174.829790811927182, -37.75484528922992 ], [ 174.829643139347866, -37.754124008415531 ], [ 174.829365327835262, -37.753440240813049 ], [ 174.829200014864568, -37.752737921353798 ], [ 174.828874237469847, -37.752071606223971 ], [ 174.828670526486803, -37.751377616622023 ], [ 174.828459980499275, -37.75068502221459 ], [ 174.828151221978771, -37.750009931171768 ], [ 174.827813473181436, -37.749344215349566 ], [ 174.827488608909988, -37.748680989993389 ], [ 174.827200559750054, -37.748007248465321 ], [ 174.826998206561797, -37.747309069221906 ], [ 174.826720122333398, -37.746631725418531 ], [ 174.826492148690903, -37.745942680443171 ], [ 174.826187048831002, -37.745303315256535 ], [ 174.825960759639685, -37.744650159904417 ], [ 174.825789019096959, -37.743957379204332 ], [ 174.825678353645941, -37.743247078039062 ], [ 174.825435961711605, -37.742557944556061 ] ] } },
{ "type": "Feature", "properties": { "group_id": "nzd0222" }, "geometry": { "type": "LineString", "coordinates": [ [ 176.44428956275928, -37.753976066662865 ], [ 176.445183458197789, -37.754045363452541 ], [ 176.44607396487703, -37.754140841285476 ], [ 176.446966639589903, -37.754230311878857 ], [ 176.447862554931163, -37.754286290959307 ], [ 176.448759907856015, -37.754314221958204 ], [ 176.449656118696765, -37.75436037379837 ], [ 176.450553738758828, -37.754369590031267 ], [ 176.451452139080573, -37.754415187015731 ], [ 176.452351122869175, -37.754452611746537 ], [ 176.453248993326156, -37.754426458019331 ] ] } },
{ "type": "Feature", "properties": { "group_id": "nzd0223" }, "geometry": { "type": "LineString", "coordinates": [ [ 174.833850676576532, -37.775667862858249 ], [ 174.833772540668861, -37.774957347558939 ], [ 174.833551178356061, -37.774267355438305 ], [ 174.833558167371251, -37.773545271509519 ], [ 174.833420533028942, -37.77284307410018 ], [ 174.833521379985996, -37.772119522089127 ], [ 174.833300903201831, -37.771424847005491 ], [ 174.833159990724795, -37.770723217175615 ], [ 174.833081836550377, -37.770014502186463 ], [ 174.832891394796292, -37.769319821737689 ], [ 174.832736003263761, -37.768619565481004 ], [ 174.832609055971034, -37.767917996466068 ], [ 174.832585292940337, -37.767202539933287 ], [ 174.832492143726256, -37.766494707609873 ], [ 174.832323396163702, -37.765796784997683 ], [ 174.832503151577669, -37.765047363936581 ] ] } },
{ "type": "Feature", "properties": { "group_id": "nzd0224" }, "geometry": { "type": "LineString", "coordinates": [ [ 178.459913344058691, -37.803478100446391 ], [ 178.459470438885148, -37.804095204353715 ], [ 178.458991972214847, -37.804695630463236 ], [ 178.458483829796364, -37.805282138385245 ], [ 178.458054041839119, -37.80590537762307 ], [ 178.457535837504764, -37.806487158455674 ], [ 178.45695672025812, -37.807041152597279 ], [ 178.456459208215705, -37.807634832012432 ], [ 178.456039487406571, -37.808262185719947 ], [ 178.455577872913494, -37.808870945571392 ], [ 178.455120552192994, -37.809481579342766 ], [ 178.454685501064915, -37.810101953093181 ], [ 178.454172545545475, -37.810688231522533 ], [ 178.453701915084878, -37.811293512363427 ], [ 178.453204570992739, -37.811891408599834 ], [ 178.452716651737148, -37.812499338398993 ], [ 178.452245666760064, -37.81310974192052 ], [ 178.451858021847698, -37.813749645784149 ], [ 178.451417178323908, -37.814370709759658 ], [ 178.450928884220275, -37.814974968956221 ], [ 178.450547372120525, -37.815617027726923 ], [ 178.45014380137863, -37.816251271399352 ], [ 178.449774047080012, -37.816897481837444 ], [ 178.449398554278986, -37.817551526383625 ], [ 178.449032853345784, -37.818234342387932 ], [ 178.44868087345111, -37.818932569628394 ], [ 178.448432795548825, -37.819618250075841 ], [ 178.448123792583431, -37.820295555391937 ], [ 178.447901540606352, -37.820984770380086 ], [ 178.447624854061985, -37.821666501776711 ], [ 178.447315520317545, -37.822373923340265 ], [ 178.447328654176488, -37.823196099272728 ], [ 178.447458987754487, -37.823984192576276 ], [ 178.447365523393472, -37.824717450150132 ], [ 178.447327511333896, -37.825442919773579 ], [ 178.447618670607852, -37.826122194522455 ], [ 178.447885808975172, -37.826804832917396 ], [ 178.448177948915401, -37.827483956225848 ] ] } },
{ "type": "Feature", "properties": { "group_id": "nzd0225" }, "geometry": { "type": "LineString", "coordinates": [ [ 174.836383003520723, -37.792751970697111 ], [ 174.836248111236301, -37.792026787108817 ], [ 174.836139853776132, -37.791289844743048 ], [ 174.836030813435883, -37.79056697216928 ], [ 174.836070281587723, -37.789850549785129 ], [ 174.836163529047383, -37.789131430812752 ], [ 174.836108812456388, -37.788422311138525 ], [ 174.836075927940925, -37.787714126607533 ], [ 174.836110236154127, -37.787000972488528 ], [ 174.836044554619235, -37.786291606666488 ], [ 174.835846068893574, -37.785596935655683 ], [ 174.835668649980931, -37.784899383190563 ], [ 174.835598170782646, -37.784190229115126 ], [ 174.835602168821197, -37.783473736845927 ], [ 174.835453818785197, -37.782773392345128 ], [ 174.835287595842232, -37.782075958982894 ], [ 174.835164378545898, -37.781371412463507 ] ] } },
{ "type": "Feature", "properties": { "group_id": "nzd0226" }, "geometry": { "type": "LineString", "coordinates": [ [ 176.48135288631812, -37.757551350035797 ], [ 176.482033339158136, -37.758014734165407 ], [ 176.482715075431969, -37.758476964966086 ], [ 176.483343722121077, -37.758989005689259 ], [ 176.483957487633091, -37.759511797582832 ], [ 176.484620016588025, -37.759992383192902 ], [ 176.485245456853619, -37.760503113478677 ], [ 176.485862343938237, -37.761021452293917 ], [ 176.486438904871108, -37.761567653524835 ], [ 176.487078314857001, -37.762062358293747 ], [ 176.487734595982573, -37.762545821547185 ], [ 176.488391777390518, -37.763032097301412 ], [ 176.488952761641684, -37.763595552258394 ], [ 176.489602335343363, -37.76408436693886 ], [ 176.490276361715019, -37.764546484777036 ], [ 176.49096407104858, -37.764997580695301 ], [ 176.491639123617034, -37.765471604484588 ], [ 176.492259996054287, -37.765992191677789 ], [ 176.492879100953814, -37.766505524957992 ], [ 176.493542852999695, -37.766980958275923 ], [ 176.494225481669787, -37.767442204461688 ], [ 176.49486981665973, -37.767939092039853 ], [ 176.495551623876139, -37.768401094566443 ], [ 176.496229021644808, -37.768867128699569 ], [ 176.496927675023215, -37.769313348678295 ], [ 176.497605829832025, -37.769773562115901 ], [ 176.49827156931542, -37.770247790995136 ], [ 176.498956120995217, -37.770708549523526 ], [ 176.499656669518004, -37.771153042320918 ], [ 176.500323711239446, -37.771632827327068 ], [ 176.500957790369426, -37.77214374342261 ], [ 176.501648449892713, -37.772597107497134 ], [ 176.502343990368104, -37.773046109296637 ], [ 176.50301810781562, -37.773516477665588 ], [ 176.503750128602462, -37.773928923402671 ], [ 176.504455060903837, -37.77436870950438 ], [ 176.505142910763539, -37.774826125779413 ], [ 176.505810929486927, -37.775303951226263 ], [ 176.506485572087939, -37.7757749563849 ], [ 176.507196510894374, -37.776206574965023 ], [ 176.507878308403008, -37.776665540375404 ], [ 176.508560639714943, -37.777124553050363 ], [ 176.50928561868713, -37.777534680411691 ], [ 176.510019880081302, -37.77794012377003 ], [ 176.510709065505125, -37.778397872973059 ], [ 176.511407190407027, -37.778845905945467 ], [ 176.512108345580089, -37.779290643730803 ], [ 176.512818862064279, -37.779725307071402 ], [ 176.513505935781808, -37.780185471658442 ], [ 176.514224542465712, -37.780611325068705 ], [ 176.514923089842767, -37.781058057156265 ], [ 176.515656242081093, -37.781467251418782 ], [ 176.516382685930722, -37.781884266921708 ], [ 176.517085726414052, -37.782326465539789 ], [ 176.517829022337395, -37.782720290792845 ], [ 176.518593085228048, -37.783090217273902 ], [ 176.519318894094198, -37.783511637292087 ], [ 176.520056135977683, -37.783918560472088 ], [ 176.520782566260038, -37.784339570604551 ], [ 176.521496815699777, -37.784770870565431 ], [ 176.52217417994251, -37.785239139039795 ], [ 176.522883663980679, -37.785675028321918 ], [ 176.523631712367177, -37.786069198933411 ], [ 176.524357975168755, -37.78648666366918 ], [ 176.525077825076949, -37.786911266947548 ], [ 176.525800863027854, -37.787332325357241 ], [ 176.526522107339673, -37.787755374258516 ], [ 176.527259765094016, -37.788160182680627 ], [ 176.527976553788363, -37.78858821968079 ], [ 176.528733962919574, -37.788972018754549 ], [ 176.529448404146535, -37.789403098873237 ], [ 176.530168339033793, -37.789825387495704 ], [ 176.530907701423502, -37.790224092335734 ], [ 176.531649435966699, -37.790622241518008 ], [ 176.532353539127485, -37.791066333191672 ], [ 176.533052825925893, -37.791516060061888 ], [ 176.533759967080442, -37.7919576367646 ], [ 176.53446621590291, -37.792398182138541 ], [ 176.535179795655296, -37.792829477109251 ], [ 176.535898800000268, -37.793254651533488 ], [ 176.536595511924816, -37.793703502619657 ], [ 176.537294741922096, -37.794149457079179 ], [ 176.538052487279799, -37.794530027494709 ], [ 176.538786464955933, -37.794940977913498 ], [ 176.539471367094734, -37.795404553308451 ], [ 176.540170911731167, -37.795850263800062 ], [ 176.540906993381157, -37.79625736772239 ], [ 176.541634893942074, -37.796673103207262 ], [ 176.542342960530419, -37.797109567444217 ], [ 176.543046414649609, -37.797550040859825 ], [ 176.543782003109158, -37.797953826866241 ], [ 176.544519461816265, -37.798354976287271 ], [ 176.545257624653914, -37.798758185509492 ], [ 176.54599023667555, -37.799169228398135 ], [ 176.546746677287786, -37.799551766927401 ], [ 176.547472618800441, -37.799970784147 ], [ 176.548240347275083, -37.800338519854634 ], [ 176.548986364267535, -37.80073232322988 ], [ 176.549740461776679, -37.801118200737257 ], [ 176.550477740175722, -37.80152443600717 ], [ 176.551203559403149, -37.80194392038414 ], [ 176.551925608987261, -37.802367951608552 ], [ 176.55263844498333, -37.802804987886844 ], [ 176.553329942456145, -37.803265685504279 ], [ 176.554033923647211, -37.803709424754551 ], [ 176.554752319696632, -37.804135896957916 ], [ 176.555480893005466, -37.804550823256498 ], [ 176.556192652852133, -37.804984008822451 ], [ 176.55695512260823, -37.805361674552344 ], [ 176.557643771368021, -37.805818778298878 ], [ 176.558373680415627, -37.806226704567571 ], [ 176.559139496110248, -37.806595829959889 ], [ 176.559864990501637, -37.80701862509985 ], [ 176.560579361681789, -37.807451706687587 ], [ 176.56133593424579, -37.807834236190125 ], [ 176.562058929483925, -37.808256218192518 ], [ 176.562806949382349, -37.808648352188918 ], [ 176.563544090265651, -37.809048639449387 ], [ 176.564302693746185, -37.809423988257855 ], [ 176.565065276309156, -37.809799055924586 ], [ 176.565790905134094, -37.810221429157302 ], [ 176.566514454338346, -37.810646484734775 ], [ 176.567262052101142, -37.811040597387958 ], [ 176.568039225268222, -37.811398332752297 ], [ 176.568767893999791, -37.811817812267428 ], [ 176.569492219205955, -37.81223931039667 ], [ 176.570209148472117, -37.812668008910109 ], [ 176.570938868129787, -37.813081859528317 ], [ 176.57165221302634, -37.813514714004711 ], [ 176.572398649204644, -37.813908277541053 ], [ 176.573192083099968, -37.814243149948503 ], [ 176.573937992597905, -37.814637445777961 ], [ 176.57467801503401, -37.815040320669837 ], [ 176.575436738453163, -37.815419799909577 ], [ 176.57618845706449, -37.815807505011335 ], [ 176.576935824483144, -37.816200637505339 ], [ 176.57768416480252, -37.81659312689051 ], [ 176.578418601302758, -37.817003376017716 ], [ 176.579156619266882, -37.8174090886844 ], [ 176.622645592503261, -37.838667799294591 ], [ 176.623075621512157, -37.838830999535567 ] ] } },
{ "type": "Feature", "properties": { "group_id": "nzd0227" }, "geometry": { "type": "LineString", "coordinates": [ [ 177.63333036787779, -37.812549386251995 ], [ 177.63423953024855, -37.812466077020218 ], [ 177.635125482606071, -37.812325672519002 ], [ 177.635992364504972, -37.812138358081803 ] ] } },
{ "type": "Feature", "properties": { "group_id": "nzd0228" }, "geometry": { "type": "LineString", "coordinates": [ [ 174.824730189507761, -37.821674514400193 ], [ 174.825441628272586, -37.821237696220358 ], [ 174.826099959635314, -37.820752522388837 ], [ 174.826766975073213, -37.820260097070872 ], [ 174.82732822534976, -37.819700670515303 ] ] } },
{ "type": "Feature", "properties": { "group_id": "nzd0229" }, "geometry": { "type": "LineString", "coordinates": [ [ 176.623877743460952, -37.839150496780995 ], [ 176.624717530563174, -37.839406518925223 ], [ 176.625522977242071, -37.839720409867134 ], [ 176.626317706718993, -37.840056629683282 ], [ 176.627113221648443, -37.84039707907835 ], [ 176.627887694494092, -37.840764373736803 ], [ 176.628665531268297, -37.841119931467183 ], [ 176.629455398774184, -37.841457406759993 ], [ 176.63026936356124, -37.841758664108305 ], [ 176.631042516314267, -37.842120460213103 ], [ 176.631831284478494, -37.84245437012266 ], [ 176.632599601405786, -37.842822079045085 ], [ 176.633379738783816, -37.843175690823024 ], [ 176.634199290664071, -37.843466936190268 ], [ 176.634996674419568, -37.843793256028782 ], [ 176.635816492274358, -37.844079882677576 ], [ 176.636597208552416, -37.844426434067842 ], [ 176.637375773664985, -37.844782323948579 ], [ 176.638154146516285, -37.845141706266482 ], [ 176.638952562113502, -37.84546737387862 ], [ 176.639775030525698, -37.845752580233359 ], [ 176.640602024892587, -37.846030171106641 ], [ 176.641393593125002, -37.846360787005068 ], [ 176.642180858435808, -37.846699995955753 ], [ 176.642993029758259, -37.847001911547544 ], [ 176.719305102929411, -37.873750248809571 ], [ 176.720114350127432, -37.874072253304618 ], [ 176.720926511352161, -37.874384295321491 ], [ 176.721733649682818, -37.874697470924502 ], [ 176.722560156857583, -37.874975082862399 ], [ 176.723421898569114, -37.875182898173421 ], [ 176.724259461972224, -37.875438605463636 ], [ 176.725097171173104, -37.875694022188014 ], [ 176.725919714743014, -37.875979479793834 ], [ 176.726744437542209, -37.876260619433445 ], [ 176.72757258952592, -37.87653496474249 ], [ 176.728412765976742, -37.876785487756493 ], [ 176.729220363893887, -37.877100549463464 ], [ 176.730074057496807, -37.877324290717524 ], [ 176.730911837122051, -37.87757955701462 ], [ 176.731727856447833, -37.877868431274493 ], [ 176.732561643105527, -37.878121293282227 ], [ 176.73339423683521, -37.878390760332813 ], [ 176.734228991090532, -37.878657143752157 ], [ 176.735059992142396, -37.878932744724246 ], [ 176.735902366519639, -37.879180414951023 ], [ 176.736733717337671, -37.87945515775327 ], [ 176.73756253151717, -37.879736131034043 ], [ 176.738395552288381, -37.880006773782867 ], [ 176.739244295026396, -37.880238803305552 ], [ 176.740114949417404, -37.880417015149114 ], [ 176.740960011811552, -37.880654959533082 ], [ 176.741804218839377, -37.880893345055064 ], [ 176.742636234706936, -37.881161939509035 ], [ 176.743477567393654, -37.88141003960304 ], [ 176.744335695915765, -37.88162288300839 ], [ 176.745205303604763, -37.881803302709791 ], [ 176.746081316939808, -37.881963308658747 ], [ 176.746937395395634, -37.882178209237608 ], [ 176.747796100791703, -37.882385897324241 ], [ 176.748646314524564, -37.882616897657428 ], [ 176.749481851938867, -37.882888191388041 ] ] } },
{ "type": "Feature", "properties": { "group_id": "nzd0230" }, "geometry": { "type": "LineString", "coordinates": [ [ 177.555412645473552, -37.88290445750598 ], [ 177.556204260650674, -37.882562992037315 ], [ 177.55697272448117, -37.882194649543365 ], [ 177.557730103002285, -37.881813436951347 ], [ 177.558485792257386, -37.881430261487488 ], [ 177.559246518091499, -37.881052930561431 ], [ 177.560029423530636, -37.880702748483841 ], [ 177.560801532042092, -37.880342967055533 ], [ 177.561590762872157, -37.880004159229252 ], [ 177.562368771478845, -37.87965027193092 ], [ 177.563143399656497, -37.87929188283271 ], [ 177.56391647957696, -37.87893143117973 ], [ 177.564708182920953, -37.878595279212739 ], [ 177.565503068472566, -37.878264512923181 ], [ 177.566288635176306, -37.877921229645914 ], [ 177.567075330787105, -37.877579539669782 ], [ 177.56786804642644, -37.877246270993254 ], [ 177.568650238239712, -37.876901321513635 ], [ 177.569426560409852, -37.87654937965506 ], [ 177.570227981981759, -37.876224449140864 ], [ 177.570990465150601, -37.875850097367355 ], [ 177.571743704557804, -37.875466990706357 ], [ 177.572515551096387, -37.875108061326173 ], [ 177.573243649405129, -37.874694622373717 ], [ 177.573981621396598, -37.874288991918299 ], [ 177.574712104629299, -37.873875798042917 ], [ 177.575397264224705, -37.873422902107563 ], [ 177.576092610254506, -37.872978615334006 ], [ 177.576730488879946, -37.872478415402092 ], [ 177.577359799605404, -37.87197177237703 ], [ 177.577969185779665, -37.87145108532826 ], [ 177.578540216793385, -37.870904591864161 ], [ 177.579134323372614, -37.870378284567742 ], [ 177.57969343759143, -37.869820688531753 ], [ 177.580267102537505, -37.869268267774018 ] ] } },
{ "type": "Feature", "properties": { "group_id": "nzd0232" }, "geometry": { "type": "LineString", "coordinates": [ [ 174.772965010511399, -37.91161756282343 ], [ 174.772747867202128, -37.910927034839702 ], [ 174.772543751410694, -37.910232960112147 ], [ 174.772440483911936, -37.909511471467461 ], [ 174.772188654834451, -37.908830351145888 ], [ 174.771887556489446, -37.908162614666097 ], [ 174.77152120487807, -37.90751260608441 ], [ 174.771181196593659, -37.906855431986386 ], [ 174.770832868472894, -37.906200512856259 ], [ 174.770511880873926, -37.905538157209833 ], [ 174.770283873060009, -37.904850526072018 ], [ 174.770035514615302, -37.904168419462813 ], [ 174.769738029480777, -37.90349965803631 ], [ 174.769478921929988, -37.90282046040074 ], [ 174.769301077690585, -37.902119171131517 ], [ 174.769092138682709, -37.901426326361275 ], [ 174.768862202062991, -37.9007503340897 ], [ 174.768533777777236, -37.900099515534144 ], [ 174.768193700671077, -37.899440430505123 ], [ 174.767889361606905, -37.898772627635744 ], [ 174.76768271093917, -37.898081356247182 ], [ 174.767432560796891, -37.897400466092584 ], [ 174.76726543305287, -37.89669911136108 ], [ 174.767027275230106, -37.896014846078863 ], [ 174.766629201904806, -37.895369774195508 ], [ 174.766416779968637, -37.894679765352066 ], [ 174.766239924565127, -37.893981142420834 ], [ 174.765929339678735, -37.893314878115532 ], [ 174.765625226803252, -37.892647041203332 ], [ 174.765351430775581, -37.891971860797362 ] ] } },
{ "type": "Feature", "properties": { "group_id": "nzd0234" }, "geometry": { "type": "LineString", "coordinates": [ [ 176.905488779572579, -37.912786972314152 ], [ 176.906376864133648, -37.91289181406804 ], [ 176.907259330993242, -37.913027171914329 ], [ 176.908128636662639, -37.913234611958167 ], [ 176.909017781372057, -37.913336254600281 ], [ 176.909904945460653, -37.913448623123116 ], [ 176.910794853268612, -37.913543348877596 ], [ 176.911687666154904, -37.913621590593635 ], [ 176.912568189263965, -37.913769557290962 ], [ 176.913449281197074, -37.913914299049225 ], [ 176.914350500320637, -37.913944837049996 ], [ 176.915238143296847, -37.914052404573042 ], [ 176.916128383138499, -37.914145234537571 ], [ 176.917010308049299, -37.914285249250511 ], [ 176.917879819156298, -37.914495716997934 ], [ 176.918767901316244, -37.914600793177954 ], [ 176.91965404287032, -37.91471688245521 ], [ 176.920535452363424, -37.914859830563216 ], [ 176.9214141985249, -37.915017898467816 ], [ 176.92228279431572, -37.915200424079664 ], [ 176.923166533594184, -37.915290201437692 ], [ 176.924073521272192, -37.915316001527394 ], [ 176.92496524070458, -37.915410372000942 ] ] } },
{ "type": "Feature", "properties": { "group_id": "nzd0235" }, "geometry": { "type": "LineString", "coordinates": [ [ 178.392560481902336, -37.913839759049743 ], [ 178.392086783236039, -37.914459765374517 ], [ 178.391651802587404, -37.915090357318569 ], [ 178.391267169551497, -37.915734716220868 ], [ 178.390928953256633, -37.916391766721411 ], [ 178.390650794103465, -37.917065240046412 ], [ 178.390397494824214, -37.917745507727751 ], [ 178.390248138518473, -37.91845420257372 ], [ 178.390022908255645, -37.919139436572458 ], [ 178.389905084450703, -37.91981807672127 ], [ 178.389794082955433, -37.920507081613607 ], [ 178.389689798709099, -37.921213537324263 ], [ 178.389610943810197, -37.92192044022007 ], [ 178.389596893567813, -37.922628493183758 ], [ 178.389489150910208, -37.923334866814862 ], [ 178.389465351461297, -37.924042732119212 ], [ 178.389460346218755, -37.92474368677756 ], [ 178.389482636945473, -37.925444749859224 ], [ 178.389518651047524, -37.926154484104835 ], [ 178.389521668275904, -37.926868656007933 ], [ 178.389630187744274, -37.92757158611343 ], [ 178.389699249063256, -37.928278711382575 ], [ 178.389770718182461, -37.928988856266585 ], [ 178.38994346258616, -37.929693049960811 ], [ 178.390032418123184, -37.930417838773828 ], [ 178.390177074487241, -37.931127189548178 ], [ 178.390355546491151, -37.931830963528498 ], [ 178.390624237315393, -37.932520968361473 ], [ 178.390952631276917, -37.933190700089348 ], [ 178.391224895433993, -37.933868234753277 ], [ 178.391601944824487, -37.93451129034213 ], [ 178.392080844201132, -37.935120832394126 ] ] } },
{ "type": "Feature", "properties": { "group_id": "nzd0236" }, "geometry": { "type": "LineString", "coordinates": [ [ 177.507138786924628, -37.928619887697529 ], [ 177.507969221745896, -37.928350199738354 ], [ 177.508782364109209, -37.928049166538933 ], [ 177.509616000725572, -37.927785280934835 ] ] } },
{ "type": "Feature", "properties": { "group_id": "nzd0237" }, "geometry": { "type": "LineString", "coordinates": [ [ 174.776808839659395, -37.922329894628824 ], [ 174.776662858462942, -37.921623886820107 ], [ 174.776463780934989, -37.920936259838726 ], [ 174.776075092975304, -37.920296001587261 ], [ 174.775798575989967, -37.919624281990096 ], [ 174.775455558742976, -37.918963073807816 ], [ 174.775278620196048, -37.918266931451157 ], [ 174.774906295239504, -37.917611874140427 ], [ 174.774818467337468, -37.916896978198046 ] ] } },
{ "type": "Feature", "properties": { "group_id": "nzd0238" }, "geometry": { "type": "LineString", "coordinates": [ [ 177.449343564095301, -37.961093500185875 ], [ 177.45023382508208, -37.960971739183037 ], [ 177.451135943407564, -37.960882025296904 ], [ 177.45200082881621, -37.960691670547199 ], [ 177.452861550801885, -37.960490062770859 ], [ 177.453724322964632, -37.960293996717006 ], [ 177.454585421718235, -37.960093408159445 ], [ 177.455446248833368, -37.959892085915293 ], [ 177.456307590882801, -37.959692155852089 ], [ 177.457160703692068, -37.959469985945773 ], [ 177.45801096480173, -37.959240110467768 ] ] } },
{ "type": "Feature", "properties": { "group_id": "nzd0239" }, "geometry": { "type": "LineString", "coordinates": [ [ 177.02382648585376, -37.956350711181024 ], [ 177.024391600162772, -37.956901644176767 ], [ 177.025044685620657, -37.957391676307317 ], [ 177.025803211657831, -37.957808713782192 ], [ 177.026553803045346, -37.958231238827466 ], [ 177.027361240594075, -37.958600557389389 ], [ 177.028090052715726, -37.958945200644408 ], [ 177.028842883614544, -37.959298565867407 ], [ 177.029616371119459, -37.959661010293473 ], [ 177.030376296141526, -37.960044404194257 ], [ 177.031153090544279, -37.960401738102746 ], [ 177.031911288140378, -37.960787798670893 ], [ 177.032733266036047, -37.961075331221146 ], [ 177.033507805619053, -37.961436144236494 ], [ 177.034245674122275, -37.961854677813051 ], [ 177.035063699081348, -37.962148661903107 ], [ 177.035857582401945, -37.962494073559476 ], [ 177.036727657030923, -37.962682457880156 ], [ 177.037489596821302, -37.963093030214061 ], [ 177.038323916973297, -37.963354878921621 ], [ 177.039066190947153, -37.963805864022582 ], [ 177.039890172188279, -37.964088957604538 ], [ 177.040731233003982, -37.964336954202054 ], [ 177.041586075093761, -37.964556629916828 ], [ 177.042417860943516, -37.964823682005942 ], [ 177.043233192969041, -37.965124544842723 ], [ 177.044057533885621, -37.965406894292997 ], [ 177.044852200450094, -37.965750224211178 ], [ 177.045705859361448, -37.965972323275679 ], [ 177.04653021455735, -37.966254641143145 ], [ 177.047340292137136, -37.966566300216627 ], [ 177.048132024297985, -37.966915661517127 ], [ 177.048953938532463, -37.967202995046208 ], [ 177.049794785880806, -37.967451416918088 ], [ 177.050680548405865, -37.967607526523402 ], [ 177.051511858495815, -37.967875545010827 ], [ 177.052357135001699, -37.968114857418406 ], [ 177.053191376043486, -37.968390303622407 ], [ 177.054011552921907, -37.968722252112038 ], [ 177.054873080750383, -37.968946740807723 ], [ 177.055737412219457, -37.96913887921928 ], [ 177.056532652485259, -37.969513287008077 ], [ 177.057388532672377, -37.96972772127512 ], [ 177.058173613189496, -37.970128939433685 ], [ 177.058954787920413, -37.970540467506233 ], [ 177.059880318396097, -37.97057114746444 ], [ 177.06076242076324, -37.970716397943072 ], [ 177.061652160797308, -37.970841493164322 ], [ 177.062521372318912, -37.971020747826088 ], [ 177.063380748010019, -37.971225952266103 ], [ 177.064242657240385, -37.971424470385301 ], [ 177.065089653400889, -37.97166233708429 ], [ 177.065948222590208, -37.971869666077168 ], [ 177.066801301819055, -37.972091480384357 ], [ 177.067669054865917, -37.972274572807684 ], [ 177.068514141639099, -37.972517475811635 ], [ 177.069352546257704, -37.972778012422836 ], [ 177.07022909097239, -37.972937900145212 ], [ 177.071097015677879, -37.973120532896168 ], [ 177.071940911302534, -37.97336657745042 ], [ 177.072770743821167, -37.973649736197061 ], [ 177.073660886947437, -37.973773727610414 ], [ 177.074529568271629, -37.973954356566054 ], [ 177.075419240150779, -37.974089976192055 ], [ 177.07628601248777, -37.974298707554851 ], [ 177.077160968171796, -37.974475659920607 ], [ 177.078029189445118, -37.974661018036507 ], [ 177.078906943287024, -37.974810302032111 ], [ 177.079773220082245, -37.975003019648192 ], [ 177.080632129780867, -37.975223620068654 ], [ 177.081476869065625, -37.97549785418169 ], [ 177.082351160520318, -37.97566024467281 ], [ 177.083227075992454, -37.975816487877644 ], [ 177.084091330772964, -37.976016866358741 ], [ 177.084970654558049, -37.976160208178683 ], [ 177.085861854729302, -37.976258593162115 ], [ 177.086729212200026, -37.976447227365448 ], [ 177.08760533671051, -37.976602675128795 ], [ 177.088477831348513, -37.976771863204064 ], [ 177.089346235064227, -37.976956538185803 ], [ 177.090217540564737, -37.977130228353502 ], [ 177.091070797747051, -37.977372248114378 ], [ 177.091946651636675, -37.977528720264495 ], [ 177.092828449042486, -37.977662688599487 ], [ 177.093720447171307, -37.977758032234028 ], [ 177.094592800118932, -37.97792775523483 ], [ 177.095470249732529, -37.978078179760985 ], [ 177.096332534993195, -37.978286024209623 ], [ 177.097187479648852, -37.978521667356972 ], [ 177.098053919057634, -37.978716156760726 ], [ 177.098945979588649, -37.978841259704573 ], [ 177.099862380888652, -37.978854553562584 ], [ 177.100745843720688, -37.978981103025227 ], [ 177.101628414674138, -37.979111596313473 ], [ 177.102492659481584, -37.979323159654129 ], [ 177.103388315617337, -37.97939576492675 ], [ 177.104264542871675, -37.979554320479082 ], [ 177.105138679510929, -37.979722126135464 ], [ 177.106047102642577, -37.979738235219166 ], [ 177.106921192773001, -37.979906244107518 ], [ 177.107798086570995, -37.980061848841096 ], [ 177.10866507876699, -37.980261267441207 ], [ 177.109525492204085, -37.980489800631361 ], [ 177.110408665648578, -37.980617622240096 ], [ 177.111316990311281, -37.980634139809325 ], [ 177.112212802357135, -37.980706022525773 ], [ 177.113069356426251, -37.980951641981136 ], [ 177.113918051784481, -37.981232048859979 ], [ 177.114800959388987, -37.9813610434041 ], [ 177.115663576831366, -37.981579842609882 ], [ 177.116576497888332, -37.981575990689208 ], [ 177.117463238257415, -37.981688014256733 ], [ 177.118344254800405, -37.981825372130743 ], [ 177.119189788401314, -37.982119801750343 ], [ 177.120053076882016, -37.982335642922067 ], [ 177.120962318918544, -37.982348052251737 ], [ 177.121840754425165, -37.982496837477896 ], [ 177.122744958985066, -37.98253153487012 ], [ 177.123633266449417, -37.982636608279854 ], [ 177.124511287060926, -37.982787225083946 ], [ 177.125377723369837, -37.98299020414246 ], [ 177.12625203763281, -37.983160128109695 ], [ 177.127142684665216, -37.983255675875569 ], [ 177.128055260935554, -37.983250669701739 ], [ 177.128962285891646, -37.983270747331538 ], [ 177.129857134298362, -37.983345862369433 ], [ 177.130784684066782, -37.983273133396231 ], [ 177.13166266852383, -37.983424475524586 ], [ 177.132586216912557, -37.983369813737603 ], [ 177.13344958467431, -37.983589111687166 ], [ 177.134333840835978, -37.983721357177991 ], [ 177.135196773329824, -37.983944246090026 ], [ 177.13606502160826, -37.984136831496947 ], [ 177.136864017556462, -37.98463039900264 ], [ 177.137658279107143, -37.985144563769452 ], [ 177.138480945832129, -37.985535291546199 ], [ 177.139291131966644, -37.985980280702272 ], [ 177.140023949791782, -37.986436139851449 ], [ 177.140701899794237, -37.986770001001304 ], [ 177.141478807175218, -37.987033409064189 ], [ 177.142240067914599, -37.987463660740403 ] ] } },
{ "type": "Feature", "properties": { "group_id": "nzd0240" }, "geometry": { "type": "LineString", "coordinates": [ [ 177.157015156657707, -37.987522857629656 ], [ 177.157940291251236, -37.987005956696052 ], [ 177.158846379928349, -37.986860841581532 ], [ 177.159744320471589, -37.986874822251785 ], [ 177.160655393152098, -37.986632242498992 ], [ 177.161554213010305, -37.986628979683971 ], [ 177.162444877171595, -37.986785079979008 ], [ 177.163334057139451, -37.986970222526367 ], [ 177.16424012107953, -37.986825355554423 ], [ 177.165139863182873, -37.986804027818742 ], [ 177.166025935942685, -37.98704997353051 ], [ 177.166921677211917, -37.987106889463021 ], [ 177.208064001699029, -37.990166118287235 ], [ 177.208961203537996, -37.990220434926755 ], [ 177.209859815826007, -37.990175520292659 ], [ 177.21075651274495, -37.990265391838619 ], [ 177.211652649845234, -37.990394774521455 ], [ 177.212551040445049, -37.990365411329634 ], [ 177.2134490191456, -37.990365035297934 ], [ 177.214342421801206, -37.990687580375784 ], [ 177.215241399295508, -37.990616790248822 ], [ 177.216137304352856, -37.990762971870495 ], [ 177.217035818068922, -37.990724865376201 ], [ 177.217933729311653, -37.990729299332557 ], [ 177.218833061437607, -37.990633141396167 ], [ 177.219728918377228, -37.990782940065067 ], [ 177.220625602323878, -37.990874277993903 ], [ 177.221524106635968, -37.99083662829733 ], [ 177.222423369231734, -37.990745112609105 ], [ 177.223320940753069, -37.990773487888909 ], [ 177.224218909566474, -37.990773647730698 ], [ 177.22511679987349, -37.99087048548828 ], [ 177.226020618407716, -37.990872445772133 ], [ 177.226925006181915, -37.990969910075421 ], [ 177.227823204830798, -37.990980892801502 ], [ 177.228721368990449, -37.990989923597425 ], [ 177.229620358631223, -37.991045658247018 ], [ 177.230517902377414, -37.991019587641645 ], [ 177.231416000485325, -37.991024885579705 ], [ 177.232315781027381, -37.991125243366575 ], [ 177.233213598565754, -37.991114664525867 ], [ 177.23411007057058, -37.991028153849705 ], [ 177.235008819085976, -37.991070176011135 ], [ 177.235907548177408, -37.991111074725659 ], [ 177.314027400385243, -37.989748296502448 ], [ 177.314924010109905, -37.98969592647726 ], [ 177.31581754381773, -37.989624227811824 ], [ 177.316698639678066, -37.989474384216038 ], [ 177.317595724264322, -37.989424998844598 ], [ 177.318489420981507, -37.98935432822794 ], [ 177.319394687806351, -37.989356340531337 ], [ 177.320274647773346, -37.989199377867401 ], [ 177.321175337266368, -37.989172632676457 ], [ 177.322065883988159, -37.989087716478075 ], [ 177.322970678299043, -37.989107750924546 ], [ 177.323863846207701, -37.989047804103627 ], [ 177.32476290027347, -37.989015394067252 ], [ 177.325650060596644, -37.988900994670914 ], [ 177.326548650543117, -37.988865384089337 ], [ 177.3274322768182, -37.988726633843768 ], [ 177.328338333377758, -37.988742484487609 ], [ 177.329232202415881, -37.988674333604848 ], [ 177.330136463845207, -37.98867780132209 ], [ 177.33101753318951, -37.988521445917812 ], [ 177.331913261183786, -37.988466108082108 ], [ 177.332807793532766, -37.988402531492454 ], [ 177.333706544562688, -37.988368021482316 ], [ 177.334612927491406, -37.988386088480873 ], [ 177.335496144200647, -37.988244552563785 ], [ 177.336392056335086, -37.988190480900585 ], [ 177.337276892350076, -37.988060112240213 ], [ 177.338179272059676, -37.988028126982755 ], [ 177.339070652911829, -37.987919742087421 ], [ 177.339962817663888, -37.987835800086877 ], [ 177.340858985069985, -37.987778954761161 ], [ 177.341779826864098, -37.987869533511009 ], [ 177.342675154760627, -37.987807662606706 ], [ 177.343564193913636, -37.987708220139204 ], [ 177.344431829998939, -37.987480918203616 ], [ 177.345320362584545, -37.987378460617087 ], [ 177.346227110512331, -37.987384814424537 ], [ 177.347127136566883, -37.987351009864213 ], [ 177.348002772686527, -37.98717152342131 ], [ 177.348893744316143, -37.987083640010312 ], [ 177.349789162636313, -37.987008465052682 ], [ 177.350668741471708, -37.986835691826734 ], [ 177.351567924740948, -37.986774037542929 ], [ 177.352462416238922, -37.986699567290245 ], [ 177.353380977035613, -37.986739552300897 ], [ 177.354257591901359, -37.986580068859894 ], [ 177.355157534829743, -37.986531513892061 ], [ 177.356046927724492, -37.98643279235209 ], [ 177.356938958013586, -37.986346610738813 ], [ 177.357822087078347, -37.986218108209961 ], [ 177.358702320435896, -37.986077147406881 ], [ 177.359593986283215, -37.985993890366437 ], [ 177.360484908626489, -37.985906317969793 ], [ 177.361405594047341, -37.985961932940008 ], [ 177.362271708376198, -37.985749307372352 ], [ 177.363154881079254, -37.985620533438485 ], [ 177.364053451340681, -37.985567439144809 ], [ 177.364948837206754, -37.985498691560117 ], [ 177.365832178893868, -37.985370751305176 ], [ 177.410977778564501, -37.979426172006029 ], [ 177.411851403978289, -37.97926192497237 ], [ 177.412720363183382, -37.979080342248601 ], [ 177.413614981156144, -37.978955624717919 ], [ 177.414523173215656, -37.978805797021622 ], [ 177.415355492329297, -37.97853912334935 ], [ 177.41619951546312, -37.978306214231146 ], [ 177.417039089517488, -37.978069017090682 ], [ 177.41789223284195, -37.977843050094584 ], [ 177.418719321073411, -37.977529594342009 ], [ 177.419553208808196, -37.977209906735979 ], [ 177.420317614850234, -37.976818654965221 ] ] } },
{ "type": "Feature", "properties": { "group_id": "nzd0241" }, "geometry": { "type": "LineString", "coordinates": [ [ 174.794752384058, -38.015233037815385 ], [ 174.794070097511423, -38.014710565851118 ], [ 174.795184309289624, -38.013480635182631 ], [ 174.795362380629854, -38.010696624903943 ], [ 174.794906699933705, -38.009327400447162 ], [ 174.794968098296181, -38.008585485467748 ], [ 174.794012821886753, -38.008044947900885 ], [ 174.793061599151486, -38.007538183969217 ], [ 174.792390187607538, -38.006942552320901 ], [ 174.791808324678414, -38.006287665013609 ], [ 174.791476825500581, -38.005605340392314 ], [ 174.791085941927577, -38.004928407017623 ], [ 174.79088862221036, -38.004233870339419 ], [ 174.790552238995019, -38.003551968288647 ], [ 174.790526578365331, -38.00284181343519 ], [ 174.790245933216113, -38.002154830856071 ], [ 174.790123066621078, -38.001453498875144 ], [ 174.790091491404638, -38.000804693616324 ], [ 174.789964488618693, -38.00018291121313 ], [ 174.789808015848763, -37.999499891461781 ], [ 174.789695162153947, -37.998788098275199 ], [ 174.78948074842944, -37.998099937541461 ], [ 174.789327322197209, -37.997397574970655 ], [ 174.789128567558805, -37.996705756617608 ], [ 174.788974020529935, -37.996003641985105 ], [ 174.788879391302061, -37.995287574110662 ], [ 174.788701047461899, -37.994590985489644 ], [ 174.788563302354333, -37.993875452584994 ], [ 174.788654809155958, -37.993130255704621 ], [ 174.788458507212255, -37.992429340083632 ], [ 174.78845385967864, -37.991720346218166 ], [ 174.78849679206229, -37.991009057815937 ], [ 174.788475663345253, -37.990300842714504 ], [ 174.78837254115615, -37.989596563168902 ], [ 174.788353755380001, -37.988888221789246 ], [ 174.788274159283475, -37.9881827974367 ], [ 174.788266847936711, -37.987473890717489 ], [ 174.788239337970964, -37.98676788064013 ], [ 174.788219272216537, -37.986054558985664 ], [ 174.78807371811709, -37.98535590329319 ] ] } },
{ "type": "Feature", "properties": { "group_id": "nzd0242" }, "geometry": { "type": "LineString", "coordinates": [ [ 178.346209497565837, -37.996387857333367 ], [ 178.345570780690878, -37.99689975502892 ], [ 178.345050821930982, -37.997476507235845 ], [ 178.344604961216419, -37.998093723022656 ], [ 178.344276816237652, -37.99877522314226 ], [ 178.34374254468247, -37.999365309119852 ], [ 178.343173569185439, -37.99995882226694 ], [ 178.34275482015866, -38.00060247708619 ], [ 178.342304576607717, -38.001215256169829 ], [ 178.34181096633813, -38.001810195006463 ], [ 178.341511494308008, -38.002484970232018 ], [ 178.341078341548211, -38.003104762510659 ], [ 178.340567800765427, -38.003722398408662 ], [ 178.340203047566291, -38.004404569241956 ], [ 178.339842842117179, -38.00506240075179 ], [ 178.339474897420672, -38.005710088896656 ], [ 178.339167892120997, -38.006374807275868 ], [ 178.338801741509855, -38.007023098250777 ], [ 178.338437698829608, -38.007674361034255 ], [ 178.338210071151963, -38.008363104117983 ], [ 178.337912653783548, -38.009030484081094 ], [ 178.33772908792622, -38.009728848093971 ], [ 178.33744230842413, -38.01039911147096 ], [ 178.337142299409123, -38.011065767822622 ], [ 178.336884048819741, -38.011783170113297 ], [ 178.336789561509647, -38.012528231867137 ], [ 178.336681770699499, -38.013245543798632 ], [ 178.336693745698028, -38.01395307089232 ], [ 178.336782735816428, -38.014657885309504 ] ] } },
{ "type": "Feature", "properties": { "group_id": "nzd0243" }, "geometry": { "type": "LineString", "coordinates": [ [ 178.335683478612111, -38.018070263291044 ], [ 178.335359434181441, -38.01873587411675 ], [ 178.335143607088668, -38.019422345559491 ], [ 178.334924496572796, -38.02012473196573 ], [ 178.334867988379273, -38.020851779878278 ], [ 178.334795635096043, -38.021560403455595 ], [ 178.334746959281915, -38.022274158556762 ], [ 178.334699903057526, -38.022987047293178 ], [ 178.334639001770682, -38.023697743652868 ], [ 178.334555614922465, -38.024405762808598 ], [ 178.334562347181219, -38.025112891209233 ], [ 178.334632744407003, -38.025819388212874 ], [ 178.334637712567257, -38.026526520166819 ], [ 178.334598981312098, -38.027234074001122 ], [ 178.334568556930435, -38.027944889384656 ], [ 178.334643526178922, -38.028652936834526 ], [ 178.33477054604765, -38.029353790481039 ], [ 178.334794936392257, -38.030063342380899 ], [ 178.334928984830867, -38.030762930131907 ], [ 178.334982020345052, -38.031469867364663 ], [ 178.335132962402184, -38.032166668546679 ], [ 178.335268223450868, -38.032853886568915 ], [ 178.33544830084702, -38.03354676013052 ], [ 178.335735560075562, -38.034216817493366 ], [ 178.336059185924768, -38.034876432163621 ], [ 178.336398583287092, -38.035531514521736 ], [ 178.336733414153372, -38.036172771089561 ], [ 178.337107826884306, -38.036773115110691 ], [ 178.337554133384629, -38.037375834897873 ], [ 178.338158654128648, -38.037882720240695 ], [ 178.338937517241277, -38.038268682689072 ], [ 178.339816183764583, -38.038385555225048 ], [ 178.34071678284036, -38.038423362257973 ], [ 178.341598353717472, -38.038281301472317 ], [ 178.342490948755795, -38.038215532695681 ] ] } },
{ "type": "Feature", "properties": { "group_id": "nzd0244" }, "geometry": { "type": "LineString", "coordinates": [ [ 174.781082888810886, -38.083031073668529 ], [ 174.780970704781225, -38.082329543814396 ], [ 174.780904600668293, -38.081623044213266 ], [ 174.781010395342406, -38.080898023303703 ], [ 174.780518888172196, -38.080237328317061 ], [ 174.780435301431595, -38.079532691508419 ], [ 174.78012270760567, -38.078852712826034 ], [ 174.779769826228687, -38.078177066140455 ], [ 174.779561974180695, -38.077485792742642 ], [ 174.779173794768127, -38.076813933569511 ], [ 174.778822123908071, -38.076114680052861 ], [ 174.778983213260062, -38.075349767700324 ], [ 174.778863546471854, -38.074620801139211 ], [ 174.779023074759351, -38.073912053336201 ], [ 174.779099714615683, -38.073204121078405 ], [ 174.77904371055044, -38.072497498234256 ], [ 174.779099421444755, -38.071789759990303 ], [ 174.779123260888866, -38.071082331170132 ], [ 174.779092217025749, -38.070375440133951 ], [ 174.779062064705641, -38.069668533400197 ], [ 174.779096551678577, -38.068960978425658 ], [ 174.779304552641293, -38.068251694688314 ], [ 174.77965267573083, -38.067541012814942 ], [ 174.779573476448178, -38.066834565800661 ], [ 174.779480630555042, -38.066128247335428 ], [ 174.779603296448158, -38.065417352409703 ], [ 174.779713498870734, -38.064704753338795 ], [ 174.780016764193647, -38.064013200944835 ], [ 174.78014279286586, -38.063312426535681 ], [ 174.7803595357463, -38.062618897824727 ], [ 174.780518135701442, -38.061920713963083 ], [ 174.780645357296834, -38.06122001474133 ], [ 174.780849661443739, -38.060525471353422 ], [ 174.780875065315513, -38.059816618559609 ], [ 174.781026350460195, -38.059117822972361 ], [ 174.781203970106958, -38.058421126048415 ], [ 174.781379056931087, -38.057728353707311 ], [ 174.781537861304827, -38.057046378372831 ], [ 174.781791423076641, -38.056373962553941 ], [ 174.781873593126022, -38.055667369278311 ], [ 174.781900587018526, -38.054953259599628 ], [ 174.782004521546554, -38.054249614977827 ], [ 174.782146562412038, -38.053551150124093 ], [ 174.78231054770248, -38.052855665396606 ], [ 174.782452421805061, -38.052157164587399 ], [ 174.782490368166606, -38.051444511778556 ], [ 174.78248549997798, -38.050726024589473 ], [ 174.782676644509223, -38.050034209915239 ], [ 174.782752778184999, -38.049327418218375 ], [ 174.782874547377162, -38.048628372509178 ], [ 174.783018402380293, -38.047929392036345 ], [ 174.783250014997662, -38.047236582897867 ], [ 174.783406303548759, -38.046537915384505 ], [ 174.783657647613836, -38.045846625528405 ], [ 174.783477931518604, -38.045121841670884 ], [ 174.783508253033489, -38.04441336785937 ], [ 174.783587725937736, -38.04370870573468 ], [ 174.783690639009023, -38.043005857893093 ], [ 174.783678622550838, -38.042294074404154 ], [ 174.783919780855086, -38.041601953357286 ], [ 174.783998242657049, -38.040897185649158 ], [ 174.784156578518349, -38.040198769671775 ], [ 174.784397096955189, -38.039509434039815 ], [ 174.784426913918367, -38.038800623981842 ], [ 174.784365849348887, -38.038080908245483 ], [ 174.784461527795429, -38.037377281199667 ], [ 174.784491692471676, -38.036666919815154 ], [ 174.784615339301808, -38.035966151345448 ], [ 174.784766489161768, -38.035268200489085 ], [ 174.785115025806704, -38.034590512658994 ], [ 174.78554268134161, -38.033920942426697 ], [ 174.785915023926208, -38.033245685147129 ], [ 174.786388904361104, -38.032580847109436 ], [ 174.786868586550042, -38.031979201762091 ], [ 174.787133834150012, -38.03151603003127 ], [ 174.787571037629021, -38.031046993243351 ], [ 174.787814592316977, -38.030346015950812 ], [ 174.788711322438672, -38.029924499735145 ], [ 174.789010859931835, -38.029247465309624 ], [ 174.789507121514077, -38.028996678483708 ], [ 174.789853844771017, -38.028848000993577 ], [ 174.790619554343834, -38.028622731803814 ], [ 174.791534159871361, -38.028437193336529 ], [ 174.792382657232935, -38.028169702691557 ], [ 174.793022240747717, -38.027643243128153 ], [ 174.793859509808442, -38.026970140795079 ], [ 174.794493604281655, -38.026087921779293 ], [ 174.794862915789139, -38.025330192036755 ], [ 174.795056585102088, -38.024566944113992 ], [ 174.795135742636376, -38.023738338061705 ], [ 174.795007233357239, -38.022791206606001 ], [ 174.795455303053274, -38.022173126159451 ] ] } },
{ "type": "Feature", "properties": { "group_id": "nzd0245" }, "geometry": { "type": "LineString", "coordinates": [ [ 174.762332856472568, -38.102331242406215 ], [ 174.763208078996428, -38.101867491115769 ], [ 174.76367491859628, -38.101257955553237 ], [ 174.764081141920258, -38.100626776666935 ], [ 174.764399713929805, -38.09996430381932 ], [ 174.764780484621156, -38.099324028023624 ], [ 174.765147767315767, -38.098678931854629 ], [ 174.765553284502147, -38.098047478509464 ], [ 174.765976014589199, -38.097422164027336 ], [ 174.766266529242671, -38.096749647258385 ], [ 174.766525242490218, -38.096065772451368 ] ] } },
{ "type": "Feature", "properties": { "group_id": "nzd0246" }, "geometry": { "type": "LineString", "coordinates": [ [ 174.733448386648973, -38.124012360017943 ], [ 174.734280551605764, -38.123738300860573 ], [ 174.735067992107815, -38.123355642734339 ], [ 174.73577430900454, -38.122928895986369 ], [ 174.736477279328142, -38.122482928255174 ], [ 174.737167864821828, -38.122028165741398 ], [ 174.737830776678493, -38.121551074846558 ], [ 174.738452481120987, -38.121040351722229 ], [ 174.739111941937125, -38.120561971991329 ], [ 174.739797357959418, -38.120108201349495 ], [ 174.740477311222975, -38.119648493001868 ], [ 174.741096247310992, -38.119128587840542 ], [ 174.741671476955247, -38.118580116637091 ], [ 174.742299977145706, -38.118072301809015 ], [ 174.742867595036472, -38.117524337233625 ] ] } },
{ "type": "Feature", "properties": { "group_id": "nzd0248" }, "geometry": { "type": "LineString", "coordinates": [ [ 174.712562260236155, -38.203821613771645 ], [ 174.712334348600791, -38.203138243375712 ], [ 174.712228481750401, -38.202433889547699 ], [ 174.712232561594362, -38.201710631323735 ], [ 174.711953018059774, -38.201036115829567 ], [ 174.711734859792784, -38.20035104282659 ], [ 174.711537515633069, -38.199662385725155 ], [ 174.711301392568771, -38.198980387426062 ], [ 174.711136129779902, -38.198286203033319 ], [ 174.710928823253283, -38.197599238610557 ], [ 174.710778888318316, -38.196902406491738 ], [ 174.710497413210646, -38.196228177202933 ], [ 174.710332152965123, -38.195533966122682 ], [ 174.710176323545312, -38.194838127463598 ], [ 174.710117560251746, -38.194125598101877 ], [ 174.71022110378442, -38.193385163555583 ], [ 174.709689630894246, -38.192753872870682 ], [ 174.709712777959737, -38.192027244293648 ], [ 174.709390836294659, -38.191359925061235 ], [ 174.709144465845128, -38.190674855641305 ], [ 174.708797916683068, -38.190008941430492 ], [ 174.696954451384499, -38.155202317333611 ], [ 174.696620302968626, -38.154544468563117 ], [ 174.69633109791738, -38.153875533620905 ], [ 174.696021496972293, -38.153211620642026 ], [ 174.695789219893186, -38.152528638664393 ], [ 174.695635131609492, -38.151826374271977 ], [ 174.695484589114642, -38.151123229222414 ], [ 174.695205009816931, -38.150451889851958 ], [ 174.694863052535879, -38.149795922584055 ], [ 174.694741755627405, -38.149085548420949 ], [ 174.694349059717069, -38.148442077606781 ], [ 174.693991972684472, -38.147789821630695 ], [ 174.693662451134713, -38.147130763523712 ], [ 174.693447671809537, -38.146443411121652 ], [ 174.693242721191694, -38.145753629235486 ], [ 174.693030499354904, -38.145065633620561 ], [ 174.692685614363199, -38.144410338236945 ], [ 174.692408941084068, -38.143738219821657 ], [ 174.692124147913006, -38.143065035322977 ], [ 174.691805284391052, -38.142399387118012 ], [ 174.691480103594643, -38.141738727474483 ], [ 174.691152158524488, -38.141080902266772 ] ] } },
{ "type": "Feature", "properties": { "group_id": "nzd0249" }, "geometry": { "type": "LineString", "coordinates": [ [ 178.333564691711672, -38.205746089217975 ], [ 178.333646293744266, -38.20644867739432 ], [ 178.333629304733364, -38.207156826682599 ], [ 178.333706950857874, -38.207859624575597 ], [ 178.333779633687186, -38.208562695903012 ], [ 178.333845255981657, -38.209237581798433 ], [ 178.333859269294095, -38.209915096349725 ], [ 178.333713664376461, -38.210615410275338 ], [ 178.333656910068129, -38.211319426202977 ], [ 178.333519388426623, -38.212006957462513 ], [ 178.333310091540312, -38.212654797767719 ], [ 178.333133591995903, -38.213316910771432 ], [ 178.333119680139532, -38.21403436924512 ], [ 178.333021471331307, -38.214801817111173 ], [ 178.33308937981775, -38.215583534658258 ], [ 178.333236724360688, -38.21631887283452 ] ] } },
{ "type": "Feature", "properties": { "group_id": "nzd0250" }, "geometry": { "type": "LineString", "coordinates": [ [ 174.713562443833183, -38.224594154174213 ], [ 174.714091122647773, -38.22396168708017 ], [ 174.714419878422973, -38.223295429827239 ], [ 174.714740150994459, -38.222627732572327 ], [ 174.714902469296902, -38.221933337566632 ], [ 174.714774205602254, -38.22112487286708 ], [ 174.714888238915137, -38.220344741804659 ], [ 174.714855982164011, -38.219631765993391 ], [ 174.714778060426767, -38.218928689274044 ], [ 174.714749483679981, -38.218222595017558 ], [ 174.714820285395746, -38.217498912728587 ], [ 174.714668256796671, -38.216786521993036 ], [ 174.714406490508225, -38.216096488419211 ], [ 174.714206996229194, -38.215404607627683 ], [ 174.714107001206031, -38.214703216554454 ], [ 174.71402740696621, -38.213999870164564 ] ] } },
{ "type": "Feature", "properties": { "group_id": "nzd0251" }, "geometry": { "type": "LineString", "coordinates": [ [ 178.311747179560712, -38.228500347716569 ], [ 178.311432931385724, -38.229161011796975 ], [ 178.311104677898442, -38.229817757294931 ], [ 178.310763669970243, -38.230470933707039 ], [ 178.310637930475906, -38.231184242628252 ], [ 178.310436393500936, -38.231932320011673 ], [ 178.310202220512537, -38.232692084399687 ], [ 178.310020067358323, -38.233411978277474 ], [ 178.309991234032395, -38.234119355209906 ], [ 178.310300787759331, -38.234858225427516 ], [ 178.310349704420503, -38.235595959663527 ], [ 178.31047394308942, -38.236317490873624 ], [ 178.310484631304291, -38.237038040055744 ], [ 178.310603632671018, -38.23773891523944 ], [ 178.310799885652898, -38.238464318500256 ], [ 178.311110040718916, -38.239174975313595 ], [ 178.311343750680777, -38.239881683311303 ], [ 178.31170949119155, -38.240528059663298 ], [ 178.312091808992506, -38.241167333941981 ], [ 178.312576068703066, -38.241762962503564 ], [ 178.313087662370066, -38.242346884091198 ], [ 178.313581057096684, -38.242968422770296 ], [ 178.314105469612599, -38.243585369693655 ], [ 178.314683923244047, -38.244142469314362 ], [ 178.315214674130686, -38.244721208813644 ], [ 178.315767491824772, -38.245289989577991 ], [ 178.316228132940353, -38.245928829943558 ], [ 178.316765480779821, -38.246502903790045 ], [ 178.317362854288092, -38.247030446731507 ], [ 178.317927805187253, -38.247601436928633 ], [ 178.318679588739144, -38.248022003730917 ], [ 178.319481436564899, -38.248382084193132 ], [ 178.3202438524863, -38.248822723052797 ], [ 178.321088170191587, -38.249180047626361 ], [ 178.321898368142541, -38.249599528956161 ], [ 178.322739906807612, -38.249903716200521 ], [ 178.323615878611207, -38.250207882354687 ], [ 178.324449254317983, -38.250673000255283 ] ] } },
{ "type": "Feature", "properties": { "group_id": "nzd0252" }, "geometry": { "type": "LineString", "coordinates": [ [ 174.715910902456102, -38.279001249806925 ], [ 174.715863715437081, -38.278252261355775 ], [ 174.716107643444133, -38.277477572715888 ], [ 174.715992563845276, -38.27677819936045 ], [ 174.715916347843319, -38.276075211195142 ], [ 174.71567116162106, -38.275387903159306 ], [ 174.71557956717615, -38.274686329187347 ], [ 174.715580888059577, -38.273976122329685 ], [ 174.715409783304835, -38.273281916421176 ], [ 174.715229251065352, -38.272588578942809 ], [ 174.715036918650753, -38.271896330152167 ], [ 174.714771768666765, -38.271210834638694 ], [ 174.714703736592867, -38.27050703265423 ], [ 174.714491041003384, -38.269816653858264 ], [ 174.71437366460404, -38.269117419262493 ], [ 174.715071398379905, -38.268342503999406 ], [ 174.714704720574616, -38.267666401349288 ], [ 174.714212567032888, -38.267001940228745 ], [ 174.714512682728213, -38.266263919121393 ], [ 174.714407416886672, -38.265563526339051 ] ] } },
{ "type": "Feature", "properties": { "group_id": "nzd0253" }, "geometry": { "type": "LineString", "coordinates": [ [ 178.330171179863612, -38.274547008301987 ], [ 178.330340300530366, -38.275255801237122 ], [ 178.330620633400912, -38.275927771770242 ], [ 178.330917669638922, -38.276594206727886 ], [ 178.331213783267373, -38.277258362199454 ], [ 178.331535342643321, -38.27790949794452 ], [ 178.331928961051801, -38.278540878930727 ], [ 178.332201371911367, -38.279213936563302 ], [ 178.332599242910362, -38.279859015017301 ], [ 178.332956385548499, -38.280529486909522 ], [ 178.333410916837238, -38.281152362139714 ], [ 178.333888941017165, -38.28177176532094 ], [ 178.334396919045531, -38.282378985460646 ], [ 178.334995391413401, -38.282908624748444 ], [ 178.335614688132637, -38.283439268810142 ], [ 178.336234115789296, -38.283976548267162 ], [ 178.336851211462488, -38.284493441460874 ], [ 178.337443846633846, -38.285016977154569 ], [ 178.338085796511422, -38.285530198684803 ], [ 178.338835742837375, -38.285978311539054 ], [ 178.339662574796222, -38.286304192316784 ] ] } },
{ "type": "Feature", "properties": { "group_id": "nzd0254" }, "geometry": { "type": "LineString", "coordinates": [ [ 178.335045223072427, -38.297760750851083 ], [ 178.334198193242344, -38.298088861491102 ], [ 178.333476375861409, -38.298517323963488 ], [ 178.332758819131584, -38.298949197934036 ], [ 178.33231774998734, -38.299602670520578 ], [ 178.331959326543227, -38.300322378177277 ], [ 178.331071390829408, -38.300617687960759 ], [ 178.33027814844047, -38.301025787477855 ], [ 178.329728385652146, -38.301672780995197 ], [ 178.329179275105105, -38.302278885702194 ], [ 178.328654124281201, -38.302852852532617 ], [ 178.328094584056061, -38.303404080229896 ], [ 178.327541677239708, -38.303959689582243 ], [ 178.327031595723952, -38.304543607442845 ], [ 178.326370165323738, -38.305225642662421 ], [ 178.325939077152782, -38.306036678097605 ], [ 178.325705858090373, -38.306745753851892 ], [ 178.325389643307631, -38.30740851055544 ], [ 178.325134726049868, -38.308082070023914 ], [ 178.324777554627872, -38.308702800359349 ], [ 178.324485994478465, -38.309337710218649 ], [ 178.324294039466395, -38.310030804885407 ], [ 178.324069610309181, -38.310767200834817 ], [ 178.323884063097182, -38.311531080234097 ], [ 178.323611271410584, -38.312244587794318 ], [ 178.323361205312892, -38.312932061603185 ], [ 178.323387650210719, -38.313642579150631 ], [ 178.323264863639366, -38.31441778991006 ], [ 178.323259894128569, -38.315273159148667 ], [ 178.323589173497993, -38.316014894040997 ], [ 178.323790388180527, -38.316705630709656 ], [ 178.324074346256907, -38.317376196708032 ], [ 178.324247210904844, -38.318073244662081 ], [ 178.324657467663741, -38.318753574695428 ], [ 178.325355641364098, -38.319332706116988 ], [ 178.325996839044109, -38.319874592260987 ], [ 178.326781793195778, -38.320339659427802 ] ] } },
{ "type": "Feature", "properties": { "group_id": "nzd0255" }, "geometry": { "type": "LineString", "coordinates": [ [ 178.325005815704912, -38.333410482503929 ], [ 178.32465370918797, -38.334062215828581 ], [ 178.324300728893689, -38.334713731995052 ], [ 178.324331561287863, -38.335510541708622 ], [ 178.324271759294163, -38.336402804724543 ], [ 178.324304071281176, -38.337244784381994 ], [ 178.326174440368135, -38.343536590147885 ], [ 178.32647737192363, -38.34422214833738 ], [ 178.326774069236251, -38.344886893693449 ], [ 178.327051678708585, -38.345556617195555 ], [ 178.327315183390652, -38.34622857075329 ], [ 178.327597227391863, -38.346895536783023 ], [ 178.327908153761257, -38.347576280821158 ], [ 178.328227979440953, -38.3482647988709 ], [ 178.328585583179972, -38.34892058852671 ] ] } },
{ "type": "Feature", "properties": { "group_id": "nzd0257" }, "geometry": { "type": "LineString", "coordinates": [ [ 174.655261658966168, -38.384631337751038 ], [ 174.65579014782881, -38.384048247165417 ], [ 174.656242728097084, -38.38343707419498 ], [ 174.656762877909358, -38.382850888118391 ], [ 174.657216891816347, -38.382240234412343 ], [ 174.657679564267681, -38.381632777792873 ], [ 174.658098990231508, -38.381009319821004 ], [ 174.658401382663413, -38.380342568241353 ], [ 174.658698779851733, -38.379650354620111 ], [ 174.658936793572053, -38.378936787706714 ], [ 174.659164213341796, -38.378243576148549 ], [ 174.659422269910436, -38.377569040630554 ], [ 174.659593800341753, -38.376874967603563 ], [ 174.659693188204784, -38.376164603442433 ], [ 174.659894343868217, -38.375477204636262 ], [ 174.660162286435877, -38.374807038469719 ], [ 174.660451919886185, -38.374144894919013 ], [ 174.66067724779856, -38.373460833308386 ], [ 174.66104628265316, -38.37281718148413 ], [ 174.661421433688133, -38.372175301850959 ], [ 174.661776804076084, -38.371526814189465 ], [ 174.662152669376155, -38.370883607490633 ], [ 174.662533708920762, -38.370242639723045 ], [ 174.662870769946636, -38.369589265471014 ], [ 174.663165822845173, -38.368924040253766 ], [ 174.663571224100394, -38.368285097928521 ], [ 174.663895575826132, -38.367621676007758 ], [ 174.663859129536092, -38.366871937204984 ] ] } },
{ "type": "Feature", "properties": { "group_id": "nzd0258" }, "geometry": { "type": "LineString", "coordinates": [ [ 174.641747925632387, -38.426046761396535 ], [ 174.64160348380625, -38.425352209955491 ], [ 174.641607783232843, -38.424638116741441 ], [ 174.641525994843278, -38.423935323153373 ], [ 174.641046228625925, -38.423284791815497 ], [ 174.640920315361882, -38.422587780184926 ], [ 174.640845811554243, -38.421882561747921 ], [ 174.640749448942415, -38.421177237291779 ], [ 174.640586404757386, -38.420482559930754 ], [ 174.640400757046109, -38.419793884670106 ], [ 174.640187403360073, -38.419109384186818 ], [ 174.639963927657931, -38.418426404692298 ], [ 174.639812368318189, -38.417732564909784 ] ] } },
{ "type": "Feature", "properties": { "group_id": "nzd0259" }, "geometry": { "type": "LineString", "coordinates": [ [ 174.644496406165359, -38.460185200194701 ], [ 174.644422486787732, -38.459483037814323 ], [ 174.644362624281854, -38.458780598272241 ], [ 174.644272201286441, -38.458077020672754 ], [ 174.644187994633057, -38.457365781830518 ], [ 174.644090324573568, -38.456658181343599 ], [ 174.644027628867491, -38.455956444770379 ], [ 174.643949199637291, -38.455255706651627 ], [ 174.643806238159129, -38.454559084917676 ], [ 174.643691209442977, -38.453860671608481 ], [ 174.643580857274571, -38.453151173802446 ], [ 174.643366043136837, -38.452455628003172 ], [ 174.643728522277769, -38.451631522109771 ], [ 174.643448008741586, -38.450962990931927 ] ] } },
{ "type": "Feature", "properties": { "group_id": "nzd0261" }, "geometry": { "type": "LineString", "coordinates": [ [ 174.634506981633592, -38.536286865529931 ], [ 174.634589604873241, -38.535579660666272 ], [ 174.634512306987489, -38.534879279939986 ], [ 174.634351709324108, -38.534182450437058 ], [ 174.634342250390858, -38.533479158299357 ], [ 174.634368975905545, -38.532774313698305 ], [ 174.634294979192845, -38.532073764544663 ], [ 174.634335931007683, -38.531368298542482 ], [ 174.634167062711185, -38.530671788092128 ], [ 174.634142048436502, -38.52996912612879 ], [ 174.634063424468621, -38.529268747204156 ], [ 174.634010747937936, -38.528567253106132 ], [ 174.634156939447678, -38.527857257592004 ], [ 174.63405161455978, -38.527152516501339 ], [ 174.633777578628553, -38.526461131911965 ], [ 174.633580051836987, -38.525770219459325 ], [ 174.633482224779925, -38.525071661583667 ], [ 174.633407674628614, -38.524371184465814 ], [ 174.633425185301803, -38.523663136715321 ], [ 174.633397333564858, -38.522958809125448 ], [ 174.633123750393054, -38.52227466441942 ], [ 174.632935832840872, -38.521583474402107 ], [ 174.632884281247186, -38.520881073719025 ], [ 174.63282742986874, -38.52017910164777 ], [ 174.632772834154707, -38.519476937430156 ], [ 174.632848895054366, -38.518764031363091 ], [ 174.632644813708168, -38.518074135562955 ], [ 174.632398473615609, -38.517387704880264 ], [ 174.632285499826736, -38.516695737034745 ], [ 174.632231102776274, -38.515997927640818 ], [ 174.63215291455441, -38.515292208544253 ], [ 174.631964680748183, -38.514604841282313 ], [ 174.631995587180199, -38.513877149245225 ], [ 174.631852024698844, -38.513181549911025 ], [ 174.631726617214923, -38.512482603691403 ], [ 174.631501837255172, -38.511801934104533 ] ] } },
{ "type": "Feature", "properties": { "group_id": "nzd0262" }, "geometry": { "type": "LineString", "coordinates": [ [ 178.28893927325629, -38.528161072199389 ], [ 178.288034731048782, -38.52839629248971 ], [ 178.287268246723642, -38.528769576673255 ], [ 178.286526682814639, -38.529167780583805 ], [ 178.285782912676723, -38.529563775583433 ], [ 178.284919903291154, -38.529979927226854 ], [ 178.28412229571623, -38.530617653256485 ], [ 178.283412599433007, -38.531222356638658 ], [ 178.283107300031531, -38.53190911429644 ], [ 178.282767281218526, -38.532577409953554 ], [ 178.282419781772859, -38.533426939278954 ], [ 178.282066276196815, -38.5342545183656 ], [ 178.281885300469611, -38.534951047237151 ], [ 178.281900482781026, -38.535650728041368 ], [ 178.281699605658872, -38.536319077720528 ], [ 178.281482896871807, -38.536994687217089 ], [ 178.281333048491348, -38.537687061328391 ], [ 178.281127536009564, -38.53837151621461 ] ] } },
{ "type": "Feature", "properties": { "group_id": "nzd0264" }, "geometry": { "type": "LineString", "coordinates": [ [ 174.629714830354231, -38.584790422323593 ], [ 174.63001673736764, -38.58410158824092 ], [ 174.630134173898455, -38.583403777293036 ], [ 174.63013414193702, -38.582692864706928 ], [ 174.630359590207917, -38.581979417513622 ], [ 174.630248372108753, -38.581269614418893 ], [ 174.63028900260548, -38.58056716549158 ], [ 174.630126206732513, -38.579865905024022 ], [ 174.630139402709432, -38.579163603584476 ], [ 174.630155698013454, -38.578461277071121 ], [ 174.63011374361551, -38.577763952659339 ], [ 174.630579953176067, -38.577076155831179 ], [ 174.630439524626439, -38.576372682912556 ], [ 174.630477974620902, -38.575671006127692 ], [ 174.630448785264377, -38.574967863205281 ], [ 174.630651962965402, -38.574280403523161 ], [ 174.630508196945129, -38.573582586778649 ], [ 174.630389399568827, -38.572873893484932 ], [ 174.630495238463169, -38.572172575619149 ], [ 174.63080876639853, -38.571471413887494 ], [ 174.630936885882079, -38.570763511857031 ], [ 174.630665224679348, -38.570057591939467 ], [ 174.630651938491837, -38.569355992306207 ] ] } },
{ "type": "Feature", "properties": { "group_id": "nzd0265" }, "geometry": { "type": "LineString", "coordinates": [ [ 178.202016584099681, -38.589154830807651 ], [ 178.201579697515967, -38.589793098452489 ], [ 178.201176523856276, -38.590535315408161 ], [ 178.200818901186778, -38.591265775961588 ] ] } },
{ "type": "Feature", "properties": { "group_id": "nzd0266" }, "geometry": { "type": "LineString", "coordinates": [ [ 174.626559303176009, -38.608559975896874 ], [ 174.626832294439538, -38.607886933555655 ], [ 174.627028793184707, -38.607201833353464 ], [ 174.62720303168075, -38.606511985921635 ], [ 174.627300431366393, -38.60579986305806 ], [ 174.627309555976751, -38.60508341263106 ], [ 174.627517303742991, -38.604395533783581 ], [ 174.62766165145959, -38.603701927819486 ], [ 174.627728645082158, -38.603001335676538 ], [ 174.627841969694884, -38.602297481655974 ], [ 174.627729965712945, -38.601581122029877 ], [ 174.627866597359088, -38.600881002938614 ], [ 174.628082218253581, -38.600184306587494 ], [ 174.62815999873564, -38.599483956073037 ], [ 174.628200040914834, -38.598782600167262 ], [ 174.628275832069107, -38.598084659995152 ], [ 174.628239158301739, -38.597384965211901 ], [ 174.628149538121789, -38.596679500460951 ], [ 174.628316733052543, -38.595983935944069 ], [ 174.628300868425242, -38.595279943002019 ], [ 174.628404702613153, -38.594581449955271 ], [ 174.62845898843463, -38.593882132718562 ], [ 174.628490349908645, -38.593182801053651 ], [ 174.62855299214857, -38.592483625462933 ], [ 174.628663093723219, -38.5917862751336 ], [ 174.628789907162513, -38.591090003935157 ], [ 174.62887767925136, -38.590386557394879 ], [ 174.62886978305653, -38.589677578935991 ], [ 174.629061425216292, -38.58897830922335 ], [ 174.629002043152468, -38.588274429599259 ], [ 174.62897653719304, -38.587571359081053 ] ] } },
{ "type": "Feature", "properties": { "group_id": "nzd0268" }, "geometry": { "type": "LineString", "coordinates": [ [ 178.140801060112693, -38.652931515131485 ], [ 178.13992316550798, -38.652837098229753 ], [ 178.139106679517624, -38.652604519491142 ], [ 178.13856786630393, -38.651802297697152 ], [ 178.137468155129568, -38.652083433063183 ], [ 178.13704171192208, -38.651194651572162 ], [ 178.136219317427589, -38.650966093610251 ], [ 178.135101998340474, -38.651121209624044 ], [ 178.134272812516969, -38.650816316920469 ], [ 178.133439514545103, -38.650487831156966 ], [ 178.132575768543461, -38.650324798262652 ], [ 178.131677612957759, -38.65023058401173 ], [ 178.130767519735087, -38.650119344958753 ], [ 178.129862967025105, -38.650239342962706 ], [ 178.128946121088603, -38.650288453994925 ], [ 178.128033335260596, -38.650313940015749 ], [ 178.127160187205789, -38.650488175710215 ], [ 178.126277625954913, -38.650740026194953 ], [ 178.125378542173223, -38.650934685038116 ], [ 178.124617520918349, -38.651319460088949 ], [ 178.123807529428376, -38.651660180273552 ], [ 178.123025178816448, -38.652043928781026 ], [ 178.122322122892172, -38.652492468219897 ], [ 178.121584291515063, -38.652892011087623 ], [ 178.120885157383071, -38.653249434248515 ], [ 178.120082571220365, -38.653536308582474 ], [ 178.119352336948737, -38.653937509829312 ], [ 178.118604495495219, -38.654329835379038 ], [ 178.117872399179419, -38.654660463156688 ], [ 178.11709929956686, -38.654941977951985 ], [ 178.116314235798711, -38.655361594829486 ], [ 178.115587492354962, -38.655718476147676 ], [ 178.114962047437984, -38.656013051568998 ], [ 178.114203691406857, -38.656314030299939 ], [ 178.113453032852789, -38.656606580384612 ], [ 178.112751088720302, -38.657045336665504 ], [ 178.111965794297788, -38.657402463336247 ], [ 178.111222405197424, -38.657814140174835 ], [ 178.110548319833498, -38.658277404704663 ], [ 178.109745441806012, -38.658634563490345 ], [ 178.109111476512965, -38.659138172187085 ], [ 178.108478848163543, -38.659645942355084 ], [ 178.107835036469965, -38.660174899955393 ], [ 178.107216674939906, -38.660746243557874 ], [ 178.106654823755264, -38.661269970281523 ], [ 178.106324363985976, -38.661921712166965 ] ] } },
{ "type": "Feature", "properties": { "group_id": "nzd0269" }, "geometry": { "type": "LineString", "coordinates": [ [ 174.622284501319172, -38.630453318153513 ], [ 174.622352242613829, -38.629755495531597 ], [ 174.622223951297627, -38.629042497550657 ], [ 174.622195598742366, -38.628333698201317 ], [ 174.622423820783638, -38.627652619018818 ], [ 174.622715531173526, -38.626989081689509 ], [ 174.623250792039642, -38.626396649483716 ], [ 174.623590192192239, -38.625704701352689 ], [ 174.623735992247816, -38.624959432088438 ], [ 174.623657660989437, -38.624241236724941 ], [ 174.623684151231458, -38.623541446718924 ], [ 174.623657006803654, -38.622840732088584 ], [ 174.62372390247171, -38.622141650000628 ], [ 174.623731799374269, -38.621439256799434 ], [ 174.623795072117048, -38.620739068625795 ], [ 174.62388917439506, -38.620050686330551 ], [ 174.623941575015891, -38.619374221878068 ], [ 174.624115508473551, -38.618696863733796 ], [ 174.6244273784379, -38.618029006855252 ], [ 174.624650443698471, -38.617332602891693 ], [ 174.6248423547747, -38.61663156045217 ], [ 174.624980715084831, -38.615937342919707 ] ] } },
{ "type": "Feature", "properties": { "group_id": "nzd0270" }, "geometry": { "type": "LineString", "coordinates": [ [ 178.101537595691525, -38.666523332562512 ], [ 178.100614313007412, -38.666660195637093 ], [ 178.099882941103289, -38.667079471341253 ], [ 178.099184045900188, -38.667546540350024 ] ] } },
{ "type": "Feature", "properties": { "group_id": "nzd0271" }, "geometry": { "type": "LineString", "coordinates": [ [ 177.981612795195332, -38.678004827025013 ], [ 177.980858340339836, -38.678384732183531 ], [ 177.980054120145468, -38.678703828684796 ], [ 177.979281983505615, -38.679062125365078 ], [ 177.978500798830794, -38.67940936453401 ], [ 177.977718758380945, -38.679755556118941 ], [ 177.976959458983998, -38.680129533332945 ], [ 177.976190036163331, -38.680491138980976 ], [ 177.975456375606967, -38.680896441724443 ], [ 177.974676690193036, -38.681245504013525 ], [ 177.973946780808262, -38.681655387716425 ], [ 177.973180223589509, -38.682020488595832 ], [ 177.972483316170184, -38.682501927606523 ], [ 177.971738668258325, -38.682943317042046 ], [ 177.970980164638149, -38.683357770484385 ], [ 177.970205391322736, -38.683736681113714 ], [ 177.969517265102525, -38.684188211414607 ], [ 177.968853438795435, -38.684660105715011 ], [ 177.9681934975834, -38.685135253412291 ], [ 177.967527402475781, -38.685605240304859 ], [ 177.966840127319614, -38.686057472098916 ], [ 177.966189066761672, -38.686540054456245 ], [ 177.965560196407978, -38.687041232854355 ], [ 177.964884815278936, -38.68750342497745 ], [ 177.964238458353691, -38.687989941130418 ], [ 177.963626389815857, -38.688505193645305 ], [ 177.96299490626734, -38.689004170424575 ], [ 177.962344810383001, -38.689487544202372 ], [ 177.961699508852604, -38.689985405444183 ], [ 177.961102603851117, -38.690521712572014 ], [ 177.960446839787153, -38.691016580741 ], [ 177.959878190455811, -38.691559041928706 ], [ 177.959262839112256, -38.692072935024207 ], [ 177.958678945960003, -38.692606064672901 ], [ 177.958061878073494, -38.69311889980203 ], [ 177.957498128142959, -38.693664341491967 ], [ 177.956936056519311, -38.694210805644609 ], [ 177.956427702991476, -38.694790121026699 ], [ 177.955841640919118, -38.69532894954606 ], [ 177.955223095719759, -38.695866082923594 ], [ 177.937527618505783, -38.740519877229303 ], [ 177.937546633699696, -38.74121838420497 ], [ 177.937732628852785, -38.741903485850763 ], [ 177.937886130640408, -38.742594364175076 ], [ 177.937918589246294, -38.743306779516431 ], [ 177.937957675183412, -38.744018008459037 ], [ 177.938174418245325, -38.744697611018978 ], [ 177.938304701672308, -38.745392595149006 ], [ 177.938558830783649, -38.746065530433654 ], [ 177.938652328465196, -38.746775338475679 ], [ 177.939069366575893, -38.74740983235904 ], [ 177.939343738895133, -38.748090875596155 ], [ 177.939667942885961, -38.748748946358639 ], [ 177.939968685207219, -38.749416634970444 ], [ 177.940194572342875, -38.750115021850291 ], [ 177.940587074248725, -38.75074506118596 ] ] } },
{ "type": "Feature", "properties": { "group_id": "nzd0273" }, "geometry": { "type": "LineString", "coordinates": [ [ 174.591848166373296, -38.795210287881687 ], [ 174.592163721233817, -38.794548096924039 ], [ 174.592294383646816, -38.793853359214651 ], [ 174.59252413660019, -38.79317605452065 ], [ 174.592616685309508, -38.79247459566416 ], [ 174.592788697324238, -38.791782747383131 ], [ 174.593045371565637, -38.791103282412124 ], [ 174.593286246130162, -38.790425465396872 ], [ 174.59350504821299, -38.789745140347911 ], [ 174.593661367238866, -38.789055623702517 ], [ 174.593817407416822, -38.788366059427389 ], [ 174.594170311089641, -38.787739644199078 ], [ 174.594362307638818, -38.787094331715345 ], [ 174.594793704151641, -38.786475802286951 ], [ 174.595000533130701, -38.785790470144192 ], [ 174.595309906864657, -38.785133020985938 ] ] } },
{ "type": "Feature", "properties": { "group_id": "nzd0274" }, "geometry": { "type": "LineString", "coordinates": [ [ 174.590537453014718, -38.798620809127975 ], [ 174.590707428075575, -38.79792949376391 ], [ 174.590909271112821, -38.797245681716348 ] ] } },
{ "type": "Feature", "properties": { "group_id": "nzd0275" }, "geometry": { "type": "LineString", "coordinates": [ [ 177.919537902353682, -38.811132184759678 ], [ 177.919566025698231, -38.811831843551758 ], [ 177.919571862449999, -38.812532676625935 ] ] } },
{ "type": "Feature", "properties": { "group_id": "nzd0276" }, "geometry": { "type": "LineString", "coordinates": [ [ 174.514967782670681, -38.892924442512957 ], [ 174.515794514534406, -38.892642962187473 ], [ 174.516755620341286, -38.892549451631439 ], [ 174.51740639063442, -38.892021818365997 ], [ 174.518157719995031, -38.891604569420977 ], [ 174.518916437480186, -38.891131208169632 ], [ 174.519519277954743, -38.890550295175217 ], [ 174.520185277247634, -38.890080438063364 ], [ 174.520887341849573, -38.889639374265698 ], [ 174.521560677013412, -38.889175367732811 ], [ 174.522264201869604, -38.88874829650878 ], [ 174.522903598345067, -38.888271327933516 ], [ 174.523597279906369, -38.887827790053571 ], [ 174.52424857600451, -38.887345836825972 ], [ 174.524995993813491, -38.886947263108787 ], [ 174.525643400189239, -38.886453777106837 ], [ 174.526358571360134, -38.885993365116732 ], [ 174.527016945134449, -38.885492446561912 ], [ 174.527670666849389, -38.885011235722182 ], [ 174.528299856769422, -38.884511448617324 ], [ 174.528755786525494, -38.883882602130143 ], [ 174.52942814055757, -38.883412201052707 ], [ 174.530070510394722, -38.882922277624871 ], [ 174.530819447172775, -38.882509269302631 ], [ 174.531529418299613, -38.882065667413208 ], [ 174.532033043813186, -38.881473620604289 ], [ 174.532569121886411, -38.880907280299851 ], [ 174.533071680397398, -38.880317254614447 ], [ 174.53373695286993, -38.879843400730437 ], [ 174.534356862868577, -38.879331324372842 ], [ 174.534946851625875, -38.878793528910272 ], [ 174.535521283186057, -38.878251021299832 ], [ 174.536096609079891, -38.877698977891377 ], [ 174.536583304749286, -38.877085087365202 ], [ 174.537045983497137, -38.876474139509064 ], [ 174.537506413163754, -38.875871541793749 ], [ 174.53804421962667, -38.875310958104158 ], [ 174.538588917642926, -38.874754112233305 ], [ 174.53898850339354, -38.874118460034559 ], [ 174.539550831803695, -38.873573429267807 ], [ 174.54021812249141, -38.873104745489989 ], [ 174.54091290272774, -38.872662990551923 ], [ 174.541548432113558, -38.872165776511778 ], [ 174.541967801946299, -38.871525247833524 ], [ 174.542621929500825, -38.87104287161268 ], [ 174.543243077901082, -38.870566034036209 ], [ 174.543839299562819, -38.87006841796169 ], [ 174.544679919221409, -38.86974112332377 ], [ 174.545348079822844, -38.869273215583867 ], [ 174.545884080733401, -38.86872003296623 ], [ 174.546449584273603, -38.868184375336853 ], [ 174.547206594488529, -38.86780311419357 ], [ 174.54772482900654, -38.867192471877402 ], [ 174.548529067793538, -38.866831944211036 ], [ 174.549309195200266, -38.866418022030899 ], [ 174.549925084168791, -38.865880283321736 ], [ 174.550507741717666, -38.865322809272513 ], [ 174.550918094968011, -38.864673710813392 ], [ 174.551521281426858, -38.864151493689576 ] ] } },
{ "type": "Feature", "properties": { "group_id": "nzd0277" }, "geometry": { "type": "LineString", "coordinates": [ [ 174.143581994394225, -39.019355911862981 ], [ 174.144506526504784, -39.019347937368558 ], [ 174.145401656425179, -39.019250565929426 ], [ 174.14627539377102, -39.019088154680368 ], [ 174.147138565303777, -39.018893622197027 ], [ 174.147992245332489, -39.018670236567566 ], [ 174.148825458058951, -39.018384634141107 ], [ 174.149690928962826, -39.018197096721359 ], [ 174.150536960271921, -39.017906510196582 ], [ 174.151414519166764, -39.017687200323628 ], [ 174.15233057090083, -39.017538733096046 ], [ 174.153280998017067, -39.017470219451027 ], [ 174.154082812237021, -39.017154798902162 ], [ 174.154883015272276, -39.016836700939322 ], [ 174.155714777426596, -39.016467356272294 ], [ 174.156490453421156, -39.015990442259344 ], [ 174.157266232142746, -39.015565816134888 ], [ 174.15800136630989, -39.01515517827773 ], [ 174.158687469013614, -39.014703532739695 ], [ 174.159361674890533, -39.014264212518583 ], [ 174.15999989413865, -39.013813195186586 ], [ 174.160673413171537, -39.013369484658405 ], [ 174.161387468410453, -39.012945837439695 ], [ 174.162063402936013, -39.012484704446059 ], [ 174.162810150794513, -39.012093197784871 ], [ 174.163623234818289, -39.011766914045204 ], [ 174.164386134244097, -39.011391282195213 ], [ 174.165119260471954, -39.010986372689338 ], [ 174.165756966400522, -39.010487638619281 ] ] } },
{ "type": "Feature", "properties": { "group_id": "nzd0278" }, "geometry": { "type": "LineString", "coordinates": [ [ 174.130600093154357, -39.023828169808745 ], [ 174.131114021009381, -39.023252928383286 ], [ 174.131607032157007, -39.022664306346947 ], [ 174.13212486177963, -39.022091551970362 ], [ 174.132755412236662, -39.021590880118907 ], [ 174.133830884429159, -39.021374734774326 ], [ 174.134383286970291, -39.020923573899232 ], [ 174.134825297646273, -39.020444671374655 ], [ 174.135448533666874, -39.019991679642722 ] ] } },
{ "type": "Feature", "properties": { "group_id": "nzd0279" }, "geometry": { "type": "LineString", "coordinates": [ [ 177.88604776241084, -39.016248778737378 ], [ 177.885973344909189, -39.016944754529128 ], [ 177.885855666060394, -39.017639596555291 ], [ 177.885836728143886, -39.018337003837395 ], [ 177.885844430380416, -39.019035098123098 ], [ 177.885855964332194, -39.019733285255455 ], [ 177.885824016376972, -39.02043033291352 ], [ 177.885842323447179, -39.021128682567415 ], [ 177.885966819133273, -39.02182979072073 ], [ 177.885994149840172, -39.022522673311059 ], [ 177.885974271016948, -39.023183781945974 ], [ 177.886090730323104, -39.023851211801983 ], [ 177.886155335001177, -39.024556392474871 ], [ 177.88615052074374, -39.025274505998382 ], [ 177.88619984980275, -39.025982520339497 ], [ 177.886125361976497, -39.026713606761632 ], [ 177.886306865735776, -39.027396970672399 ], [ 177.88653638142921, -39.028071378791033 ], [ 177.886659173104107, -39.028765673087847 ], [ 177.886706838318077, -39.029473963771913 ], [ 177.886853126543002, -39.030158466142758 ], [ 177.88688206131701, -39.030850416596131 ], [ 177.8869552771489, -39.031537624373293 ] ] } },
{ "type": "Feature", "properties": { "group_id": "nzd0280" }, "geometry": { "type": "LineString", "coordinates": [ [ 177.643833720043773, -39.05085792643797 ], [ 177.64294496567291, -39.051007733893179 ], [ 177.642047642793415, -39.051033545599587 ], [ 177.641148169608613, -39.051028230972896 ], [ 177.640246997231912, -39.050998310028774 ], [ 177.639346584126059, -39.050979372742276 ], [ 177.63845067046708, -39.051025588223403 ], [ 177.637555229122341, -39.051078652295878 ], [ 177.636655984029773, -39.05107662690191 ], [ 177.635758453610919, -39.051108346431178 ], [ 177.634856428277942, -39.051102348898603 ], [ 177.633958914270579, -39.051137592688605 ], [ 177.633060745336564, -39.051163894253982 ], [ 177.632158491454845, -39.051152779488476 ], [ 177.631258180988851, -39.051159459009732 ], [ 177.630362456318835, -39.051208142794017 ], [ 177.629470795217429, -39.051294056107047 ], [ 177.628573185583946, -39.051325476594812 ], [ 177.62767506524537, -39.051352216970457 ], [ 177.626774228810604, -39.051354067264057 ], [ 177.625873444251681, -39.051356387718592 ], [ 177.624969375483687, -39.05132860376164 ], [ 177.624069503775701, -39.051339278335298 ], [ 177.623173394052856, -39.051384432361324 ], [ 177.622277527169814, -39.051430061218888 ], [ 177.621384200329572, -39.051496709646614 ], [ 177.62048913509426, -39.051548866105797 ], [ 177.619589227001057, -39.051557422300554 ], [ 177.618693957607064, -39.051610102494934 ], [ 177.617798994442097, -39.051665699068188 ], [ 177.616901233018496, -39.051694675054719 ], [ 177.616001306044097, -39.051703044495341 ], [ 177.6151029592057, -39.051726446517399 ], [ 177.614203087447805, -39.051735334559758 ], [ 177.613304117203, -39.051752798843033 ], [ 177.612400170335178, -39.051722891419523 ], [ 177.611506320779682, -39.051789091025171 ], [ 177.610617961316677, -39.051907560370282 ], [ 177.60972762198034, -39.052007193430313 ], [ 177.60882880106476, -39.052026081343399 ], [ 177.607930010179246, -39.052045252843264 ], [ 177.607028095622553, -39.052034675880265 ], [ 177.606129799417374, -39.052051617895913 ], [ 177.60523496672954, -39.0521000409721 ], [ 177.604339829238455, -39.052152766741976 ], [ 177.603444787998313, -39.052207658183448 ], [ 177.602552982226428, -39.052295688320989 ], [ 177.6016593133009, -39.052364646140767 ], [ 177.600761245434143, -39.052388553489315 ], [ 177.599862003719664, -39.052400435407073 ], [ 177.598964321040484, -39.052428285780806 ], [ 177.598064006606194, -39.052429172536527 ], [ 177.597166555849441, -39.052459396295568 ], [ 177.5962745331978, -39.052545242535203 ], [ 177.595383218649175, -39.052638354835118 ], [ 177.594483784015381, -39.052652276694573 ], [ 177.593598277346217, -39.052773243328474 ], [ 177.592704900260514, -39.052840912833553 ], [ 177.591799204706774, -39.052839878290655 ], [ 177.590895165132622, -39.052848642721884 ], [ 177.589994315473803, -39.052876291334258 ], [ 177.589098568137985, -39.052934152489847 ], [ 177.58819263453708, -39.052931685265598 ], [ 177.58729538856997, -39.052980665390457 ], [ 177.586396764988535, -39.053021483964315 ], [ 177.585513176973222, -39.053151359959116 ], [ 177.584623936408349, -39.053247758532443 ], [ 177.583720667392043, -39.053261057154231 ], [ 177.58282458078574, -39.053272638815059 ], [ 177.581934546472439, -39.053294684835656 ], [ 177.581035064138746, -39.053295831894381 ], [ 177.580141193915011, -39.053361977029965 ], [ 177.57925460007408, -39.053497965108896 ], [ 177.578359346105628, -39.053550844094033 ], [ 177.577467014454243, -39.053631778571201 ], [ 177.576569497786579, -39.053662943781724 ], [ 177.575667709579363, -39.053653097982298 ], [ 177.574765712338717, -39.053641238108554 ], [ 177.573866165245505, -39.053652898404984 ], [ 177.572975105885348, -39.053746064929882 ], [ 177.572079646168334, -39.053796979951564 ], [ 177.571190575865273, -39.053909266378838 ], [ 177.570295815333679, -39.053966907860854 ], [ 177.569395865178592, -39.053971644733579 ], [ 177.568497158048132, -39.053980854115849 ], [ 177.567597543126595, -39.053979882093067 ], [ 177.566702616730851, -39.054036784041486 ], [ 177.565806748969948, -39.054082887317449 ], [ 177.564911479648629, -39.054135864250767 ], [ 177.564014600100194, -39.054170361132769 ], [ 177.563115984178836, -39.054184924372642 ], [ 177.562221452428872, -39.054246381360187 ], [ 177.561325884151842, -39.054295942624279 ], [ 177.560425470577172, -39.054289863101111 ], [ 177.559531161240244, -39.054353888392491 ], [ 177.55862852646041, -39.054322289718733 ], [ 177.557728923864005, -39.054325513336742 ], [ 177.556831765306242, -39.054356812232413 ], [ 177.55593310592667, -39.054370868046369 ], [ 177.555039107280976, -39.054438478854529 ], [ 177.554145354452061, -39.054508922876664 ], [ 177.553245704865191, -39.054511602712324 ], [ 177.552345778646043, -39.054511098676265 ], [ 177.551442642504242, -39.054473690147553 ], [ 177.550540585416314, -39.05444867513534 ], [ 177.549638700914784, -39.054425634925813 ], [ 177.548741096582461, -39.054438721515204 ], [ 177.547842493096113, -39.054426488680107 ], [ 177.546945891485166, -39.054456992765154 ], [ 177.546048307495994, -39.054479226076637 ], [ 177.545149590242886, -39.054484969662504 ], [ 177.544253871237629, -39.054534348001702 ], [ 177.543356230037659, -39.054555755627483 ], [ 177.542453735718198, -39.054506514914557 ], [ 177.541552472231871, -39.054475178832561 ], [ 177.540657898666154, -39.054541245212768 ], [ 177.539758975486649, -39.054543980701268 ], [ 177.538861496269476, -39.05456774436179 ], [ 177.537965063646197, -39.054606755572337 ], [ 177.537068676896126, -39.054646441066268 ], [ 177.536170336395571, -39.054657666450808 ], [ 177.53527095812214, -39.054653768806133 ], [ 177.534370314011142, -39.054631418822488 ], [ 177.533471675655477, -39.054638294626507 ], [ 177.532569208090905, -39.054589349289792 ], [ 177.531675468630795, -39.05466763574848 ], [ 177.530776136726189, -39.054664395516603 ], [ 177.529878369610998, -39.05468396964141 ], [ 177.528982133840742, -39.054696443972304 ], [ 177.528086655975983, -39.054706136543629 ], [ 177.527187258778753, -39.054673044076551 ], [ 177.526288045095015, -39.0546552774085 ], [ 177.525391700925866, -39.054700302239858 ], [ 177.524494386912153, -39.054724114107174 ], [ 177.523596670719655, -39.054739129185201 ], [ 177.522697612444915, -39.054724761797821 ], [ 177.521800079930784, -39.054743803793656 ], [ 177.520901576245762, -39.054741578759824 ], [ 177.520004518710408, -39.054771035620263 ], [ 177.519107440208046, -39.054800043102688 ], [ 177.518210192557547, -39.054825353310093 ], [ 177.517310988847868, -39.054807793694664 ], [ 177.516414456125744, -39.054848787876914 ], [ 177.515516707376207, -39.054863130307773 ], [ 177.514618366889749, -39.054864498821054 ], [ 177.513720286104473, -39.054871564161992 ], [ 177.512821382692664, -39.054860582212626 ], [ 177.511924971846327, -39.054904294711008 ], [ 177.511026926664044, -39.054924104018667 ], [ 177.510129749409742, -39.054960922587469 ], [ 177.509236581261263, -39.055035530431994 ], [ 177.50833165448455, -39.055008757172452 ], [ 177.507433940198126, -39.055042207232781 ], [ 177.506540906951869, -39.055114751116278 ], [ 177.505634799843733, -39.055078101483808 ], [ 177.504742322709149, -39.05515529144315 ], [ 177.503852203838079, -39.055252186008019 ], [ 177.502951878673372, -39.055263823740944 ], [ 177.502052801646812, -39.055285885001673 ], [ 177.501149695114378, -39.055274275777748 ], [ 177.500254952273849, -39.055332544942402 ], [ 177.49935988352496, -39.055388092893295 ], [ 177.498461918079641, -39.0554194349357 ], [ 177.497564954080985, -39.055459145160803 ], [ 177.496667264967897, -39.055492794394837 ] ] } },
{ "type": "Feature", "properties": { "group_id": "nzd0281" }, "geometry": { "type": "LineString", "coordinates": [ [ 177.794667203874127, -39.066353723611925 ], [ 177.793839168331402, -39.066032608168712 ], [ 177.792961036354484, -39.065887557466645 ], [ 177.792085053980202, -39.065734950391636 ], [ 177.791206821828837, -39.065590247723236 ], [ 177.790333963908012, -39.065426657561169 ], [ 177.789453290907744, -39.065290528226896 ], [ 177.788634749247564, -39.064936075118936 ], [ 177.723440917192789, -39.05482240172114 ], [ 177.722546524642979, -39.054745695236811 ], [ 177.721661270773467, -39.054608472737534 ], [ 177.720769271776305, -39.054527769667985 ], [ 177.719882877560991, -39.054400110138602 ], [ 177.718991390655219, -39.054315118155436 ], [ 177.718095991079053, -39.054262900284201 ], [ 177.717211082447875, -39.054122805464161 ], [ 177.716319323186298, -39.054040094418582 ], [ 177.715433553765365, -39.053907218746886 ], [ 177.714536676066359, -39.053867372346289 ], [ 177.713640840292271, -39.05381879434966 ], [ 177.712753776715203, -39.053696760706607 ], [ 177.711856370825103, -39.05363080185888 ], [ 177.710963060719394, -39.053513243239593 ], [ 177.710069382858933, -39.053437258698182 ], [ 177.709178955560475, -39.053331338794493 ], [ 177.708277602931474, -39.053346398829525 ], [ 177.707388822752478, -39.053222243407859 ], [ 177.706494404158263, -39.053160518839256 ], [ 177.705604345594566, -39.053050527888409 ], [ 177.704714635186463, -39.05293669012854 ] ] } },
{ "type": "Feature", "properties": { "group_id": "nzd0282" }, "geometry": { "type": "LineString", "coordinates": [ [ 177.378863393139369, -39.070475029081344 ], [ 177.377986742095999, -39.070637902325117 ], [ 177.3770534778117, -39.070669573881013 ], [ 177.376237123652515, -39.070972179887882 ], [ 177.375376107266362, -39.071171281630896 ], [ 177.37452167478753, -39.071385641545419 ], [ 177.373687283103749, -39.071646448457756 ], [ 177.372832354199375, -39.071859658374159 ], [ 177.371975427814476, -39.072068238565606 ], [ 177.371132617537114, -39.072309535958375 ], [ 177.370252215840509, -39.072463705392771 ], [ 177.369353495137091, -39.072575412201964 ], [ 177.368484983395206, -39.072757135740986 ], [ 177.367625481746501, -39.072956662372633 ], [ 177.366758033880672, -39.073127154903204 ], [ 177.365920903575471, -39.073373122392177 ], [ 177.365003005568326, -39.07343266733016 ], [ 177.36419937496845, -39.073770744470337 ], [ 177.363356481121542, -39.07401311672438 ], [ 177.36247458417958, -39.074160413473862 ], [ 177.361631068868263, -39.07440127175461 ], [ 177.360752822510108, -39.074557465251338 ], [ 177.359907102329146, -39.074792949536821 ], [ 177.359067648575376, -39.075043711464296 ], [ 177.35818918098289, -39.075199363499749 ], [ 177.357338830291894, -39.07542356096463 ], [ 177.356489056237251, -39.075649164922808 ], [ 177.355626914091488, -39.075842542237275 ], [ 177.354733833715187, -39.075957250959334 ], [ 177.353839511916874, -39.076070021120152 ], [ 177.352948384738255, -39.076192747520174 ], [ 177.351950183514873, -39.076048061867667 ], [ 177.351286421297601, -39.076738611792024 ], [ 177.350449737682851, -39.076997307370505 ], [ 177.349562153410687, -39.077128879326594 ], [ 177.348763096544076, -39.0774815523163 ], [ 177.347846474351087, -39.077540597859063 ], [ 177.346952572612651, -39.077656385918388 ], [ 177.346152461554766, -39.078006433390044 ], [ 177.345271913595099, -39.078155574318004 ] ] } },
{ "type": "Feature", "properties": { "group_id": "nzd0283" }, "geometry": { "type": "LineString", "coordinates": [ [ 177.86845805041321, -39.086602397096165 ], [ 177.871655462919705, -39.086156728452075 ], [ 177.871882261471342, -39.085474294209156 ], [ 177.872079551832627, -39.084789501831274 ], [ 177.872421791568655, -39.084116253117514 ], [ 177.872277400045618, -39.083382160672159 ], [ 177.872249780576254, -39.082656127711424 ], [ 177.872104248911171, -39.081953922752781 ], [ 177.872071460412656, -39.081245550529459 ], [ 177.87191731193542, -39.080558228096493 ], [ 177.871733033718584, -39.079840344956288 ], [ 177.87142727451328, -39.079134705107293 ], [ 177.871262285617206, -39.078397697229882 ], [ 177.870872392848185, -39.077769404047174 ], [ 177.870588001760012, -39.077097721516267 ], [ 177.870237989074639, -39.076453017837927 ], [ 177.869836451760136, -39.075829496277578 ], [ 177.869415184092276, -39.075214082564891 ], [ 177.868987120278319, -39.074601457950578 ], [ 177.868350184461519, -39.074072892830763 ], [ 177.867862516730156, -39.073429040740571 ], [ 177.867294547070372, -39.072823086214335 ], [ 177.866747097615104, -39.072267694883564 ], [ 177.866215126066237, -39.071701408366671 ], [ 177.865636206336319, -39.071168153504978 ], [ 177.865074707600456, -39.070622636158767 ], [ 177.864486217835065, -39.070096107285494 ], [ 177.863887842009632, -39.06957653074182 ], [ 177.863300722335026, -39.069049029658032 ], [ 177.862650637468818, -39.068565830153965 ], [ 177.862051560978642, -39.068008255947127 ], [ 177.861328898519844, -39.067540065125712 ], [ 177.860643691319893, -39.067078338980807 ], [ 177.85991097533639, -39.066673961661444 ], [ 177.859194640334152, -39.066253549162482 ], [ 177.858477302834586, -39.06583411453424 ], [ 177.857843186814392, -39.065333230253628 ], [ 177.857012541783547, -39.065024679599397 ], [ 177.8562669382178, -39.064631428420235 ], [ 177.855517081920283, -39.064249720707643 ], [ 177.854786567548302, -39.063816916715282 ], [ 177.854004960690872, -39.063468186499172 ], [ 177.853253795455942, -39.06306798981722 ], [ 177.852487389652993, -39.062693559635179 ], [ 177.851724061767555, -39.06231392580888 ], [ 177.850950436595269, -39.061951700503165 ], [ 177.850166437981642, -39.061607011926931 ], [ 177.849351481310464, -39.061261671985811 ], [ 177.848537721324334, -39.060891958717725 ], [ 177.847711756077302, -39.060614224419339 ], [ 177.846873492365916, -39.060364144986529 ], [ 177.846006347485854, -39.060082826158236 ], [ 177.845059019738926, -39.059941297846898 ], [ 177.844168651603098, -39.059718605250382 ], [ 177.843277079525393, -39.059631684295951 ], [ 177.842359295297854, -39.059664923565173 ], [ 177.841458174935326, -39.059621759711469 ], [ 177.840525012536489, -39.059507824567142 ], [ 177.839567484090367, -39.059418387260315 ], [ 177.838663454077448, -39.059399881200981 ], [ 177.837770134326092, -39.059469979158315 ], [ 177.836869978460385, -39.059478377431098 ], [ 177.835973645862879, -39.059521284189351 ] ] } },
{ "type": "Feature", "properties": { "group_id": "nzd0284" }, "geometry": { "type": "LineString", "coordinates": [ [ 177.344538471164526, -39.07827294079393 ], [ 177.343672211134646, -39.078457767140172 ], [ 177.342831611833589, -39.078706690714831 ], [ 177.341969719235237, -39.078902426749593 ], [ 177.341101051999175, -39.079081239699661 ], [ 177.340248428049762, -39.079300128512173 ], [ 177.339383295728538, -39.079487771161766 ], [ 177.338488103030983, -39.079607657638562 ], [ 177.337594835663737, -39.079750962744434 ], [ 177.33676861045879, -39.080039903767897 ], [ 177.335927311012654, -39.08028355479415 ], [ 177.33505936521226, -39.080469978666144 ], [ 177.334187794867944, -39.080648616457729 ], [ 177.333315304533215, -39.080825276436791 ], [ 177.332459866282079, -39.081038558391356 ], [ 177.331638310498334, -39.081324612344353 ], [ 177.330741061559053, -39.081448091430531 ], [ 177.329863657695057, -39.081614191407937 ], [ 177.328946186770111, -39.081694228348375 ], [ 177.328097113115859, -39.081921174131729 ], [ 177.327249445768643, -39.082151140288573 ], [ 177.32641992187618, -39.082420078625773 ], [ 177.325514265515068, -39.082525481415004 ], [ 177.324621824133999, -39.082659266685766 ], [ 177.323829759281409, -39.083008670141716 ], [ 177.322999810336739, -39.083276695871241 ], [ 177.32212558025364, -39.08344959840182 ], [ 177.321297142328035, -39.083720870505609 ], [ 177.320486114452365, -39.084029544628024 ], [ 177.319669220523565, -39.084325618807362 ], [ 177.318819740043921, -39.084553360091093 ], [ 177.317926872602868, -39.084689955614877 ], [ 177.317066849488981, -39.084894730315561 ], [ 177.316219412525214, -39.085125326741355 ], [ 177.315349060694558, -39.085307525435645 ], [ 177.314424258555533, -39.085374718196711 ], [ 177.263075121757623, -39.100298718982408 ], [ 177.262219455956966, -39.100526016362778 ], [ 177.261406500281907, -39.100821982167986 ], [ 177.260662028578395, -39.101228058855831 ], [ 177.259610909848618, -39.101141088421805 ], [ 177.258896145511812, -39.101594930012318 ], [ 177.258005792063358, -39.101766442447335 ], [ 177.257195878925927, -39.102067293505314 ], [ 177.256367742041817, -39.102338840966624 ], [ 177.255709086007897, -39.102882904879969 ], [ 177.254871004944505, -39.103138462591197 ], [ 177.254035544688236, -39.103398232747139 ], [ 177.253300100307939, -39.103818826749666 ], [ 177.252488877174841, -39.10411756898403 ], [ 177.251643134602432, -39.104360802099976 ], [ 177.250751856413984, -39.104528619601695 ], [ 177.249949809251916, -39.104839387095588 ], [ 177.249146197868384, -39.105149860200356 ], [ 177.248330941243665, -39.105441986977034 ], [ 177.247468745010224, -39.105657582861646 ], [ 177.246654072837885, -39.105950659990022 ], [ 177.245714144729305, -39.106039514624825 ], [ 177.245081199030295, -39.106628883695919 ], [ 177.244225555467494, -39.106855157014351 ], [ 177.243404135071529, -39.107137228147444 ], [ 177.242621071550616, -39.10748183887732 ], [ 177.241781846558752, -39.107734877910929 ], [ 177.240961022082757, -39.108017917805817 ], [ 177.239979214290486, -39.108038464571777 ], [ 177.239273737682339, -39.108509582754351 ], [ 177.238488317848123, -39.108850348914395 ], [ 177.237665704102568, -39.109130466778865 ], [ 177.236870508118159, -39.109455291380755 ], [ 177.236059277989312, -39.109753969968473 ], [ 177.235274752037441, -39.110096192921503 ], [ 177.234286822776994, -39.110106732295293 ], [ 177.233291722053025, -39.110105567622718 ], [ 177.232794357831722, -39.110916063509535 ], [ 177.231966368403249, -39.111187408374882 ], [ 177.231117028361439, -39.111423934666234 ], [ 177.230294932442462, -39.111705875923256 ], [ 177.229461718579245, -39.111975208175409 ], [ 177.228646086463641, -39.112272422900027 ], [ 177.227811184454083, -39.112534491939094 ], [ 177.22699260467121, -39.112821990777647 ], [ 177.226030486890039, -39.112885838831581 ], [ 177.225214122098862, -39.11317678404378 ], [ 177.224343894682477, -39.11338380142336 ], [ 177.223480082217264, -39.113600811291306 ], [ 177.222575679334938, -39.113754570103104 ] ] } },
{ "type": "Feature", "properties": { "group_id": "nzd0285" }, "geometry": { "type": "LineString", "coordinates": [ [ 177.167645277306292, -39.134022384098763 ], [ 177.166684078116333, -39.134076823760815 ], [ 177.165917779475933, -39.134487777365813 ], [ 177.165168953266658, -39.134867400759383 ], [ 177.164420516052587, -39.135175890103135 ], [ 177.163543513387111, -39.135454944096828 ], [ 177.162735228978448, -39.135757135408461 ], [ 177.162017424311927, -39.136112525719554 ], [ 177.16119487785042, -39.13634578537112 ], [ 177.160420121506689, -39.136735609462555 ], [ 177.159655548802618, -39.137137354507686 ], [ 177.158852669043569, -39.137450799875403 ], [ 177.15805600478285, -39.137764646894183 ], [ 177.157269275294539, -39.138090736477579 ], [ 177.15646022803233, -39.138386464101629 ], [ 177.15566695489278, -39.138730869597389 ], [ 177.15486114397541, -39.13904871481585 ], [ 177.154062326636392, -39.139348704479922 ], [ 177.153292826861218, -39.139695827343679 ], [ 177.152505659239353, -39.140018632364161 ], [ 177.151717150921769, -39.140354031699687 ], [ 177.15090625189552, -39.140666651093916 ], [ 177.150133057934511, -39.141014428039441 ], [ 177.149354006634638, -39.141353411344305 ], [ 177.148561683362601, -39.141682010095572 ], [ 177.147764771878627, -39.141997127570754 ], [ 177.146957815017828, -39.142300086629675 ], [ 177.146178622776347, -39.142620791030566 ], [ 177.1453818900101, -39.142929993002085 ], [ 177.144580811682175, -39.14324792110407 ], [ 177.143773140926527, -39.143546661348623 ], [ 177.142987541552401, -39.143886071438793 ], [ 177.142220177682304, -39.144245700153149 ], [ 177.141442982044993, -39.144594607034399 ], [ 177.140651577824485, -39.144917113908825 ], [ 177.139882793921117, -39.145256704541602 ], [ 177.139120702864716, -39.145609607460024 ], [ 177.1383342915328, -39.14595141089071 ], [ 177.137547464249423, -39.146296522295465 ], [ 177.136753208371317, -39.146626525362031 ], [ 177.135958740436081, -39.146961315284422 ], [ 177.135187840846783, -39.147307621595047 ], [ 177.134424298223735, -39.147622449598352 ], [ 177.133630329295784, -39.147957108677453 ], [ 177.132816205952594, -39.148277114129861 ], [ 177.132028257366727, -39.148603325706397 ], [ 177.131251793630753, -39.148930180246353 ], [ 177.130464269059956, -39.149268857856192 ], [ 177.129674428422931, -39.149597273947279 ], [ 177.128899423729194, -39.149921633772038 ], [ 177.128097229995035, -39.150247382355815 ], [ 177.127269242384642, -39.150526380060718 ], [ 177.065508274481999, -39.182227679072646 ], [ 177.064797572265178, -39.182672105815051 ], [ 177.064068265335692, -39.183091849106233 ], [ 177.06335634208645, -39.183500119408166 ], [ 177.062611079279804, -39.183864705078719 ], [ 177.061905330255286, -39.184303040068762 ], [ 177.061206325779295, -39.184751412552181 ], [ 177.060505822464506, -39.185193111573639 ], [ 177.059797218822723, -39.185615748618872 ], [ 177.059094516523828, -39.186042409875412 ], [ 177.058343317213968, -39.186441735425127 ], [ 177.057601775121611, -39.18684778888985 ], [ 177.056919045481322, -39.187285036484525 ], [ 177.056203219920945, -39.187698755975184 ], [ 177.055531435330863, -39.188152841704664 ], [ 177.054846982641976, -39.188609033999832 ], [ 177.054162987643281, -39.1890681896868 ], [ 177.053476432503516, -39.189520057253382 ], [ 177.052783869614899, -39.189957846123143 ], [ 177.052038574774798, -39.190348885845701 ], [ 177.051388056721748, -39.190830233957001 ], [ 177.050738384635764, -39.191310553034462 ], [ 177.050044705798967, -39.191751619812848 ], [ 177.049355163283479, -39.192196778614687 ], [ 177.048663387767647, -39.192640567681501 ], [ 177.048006495888814, -39.193123278304725 ], [ 177.047339791362589, -39.193592373352331 ], [ 177.046709867267055, -39.194079028931824 ], [ 177.04604983966388, -39.194551857067978 ], [ 177.045409702206484, -39.195043559428797 ], [ 177.044751440827071, -39.195523885628589 ], [ 177.044089760563935, -39.196009251155715 ], [ 177.043496621914898, -39.19655377873017 ], [ 177.042838231051405, -39.19704802080409 ], [ 177.042131450674901, -39.197487888187261 ], [ 177.041518874541424, -39.197992859360767 ], [ 177.040973127680275, -39.198545546379506 ], [ 177.040458149810775, -39.199116963128425 ], [ 177.039859077285541, -39.199637174436823 ], [ 177.039285733553555, -39.200201566184489 ], [ 177.038742221602348, -39.200836999024979 ], [ 177.038546434852435, -39.201576171606071 ], [ 177.038242073828258, -39.20223083667171 ], [ 177.038021970079257, -39.20290947389838 ], [ 177.037813570001617, -39.203591435455998 ] ] } },
{ "type": "Feature", "properties": { "group_id": "nzd0286" }, "geometry": { "type": "LineString", "coordinates": [ [ 177.941312350178009, -39.155735435851852 ], [ 177.94056057043565, -39.156120091620068 ], [ 177.93976869908937, -39.156464993186979 ], [ 177.939013704562029, -39.156846455953421 ], [ 177.938317863281725, -39.157286568217032 ], [ 177.937592157225538, -39.157697066450126 ], [ 177.936835964413888, -39.158077333561515 ], [ 177.936174329712713, -39.158592639834652 ], [ 177.93548017809178, -39.15909567562251 ], [ 177.934861322207581, -39.159626419298995 ], [ 177.9342292045433, -39.160124913521713 ], [ 177.933548892908846, -39.160592887905828 ], [ 177.933069035543213, -39.161191024207881 ], [ 177.932540842098604, -39.161758876130364 ], [ 177.931965073409259, -39.162294217539085 ], [ 177.93148729438002, -39.162888713772958 ], [ 177.930970943785837, -39.163459559411862 ], [ 177.930380028129122, -39.163984688698456 ], [ 177.929831184303907, -39.164535606219964 ], [ 177.929161485877955, -39.165012429456446 ], [ 177.928541961949378, -39.165523911755258 ], [ 177.927995271253451, -39.166091552111034 ], [ 177.927402497260402, -39.16663494172461 ], [ 177.926803061491142, -39.167163328160882 ], [ 177.926347453293687, -39.167763806235811 ], [ 177.925863695802974, -39.168350169248605 ], [ 177.925355081872823, -39.168924067884333 ], [ 177.924881213741827, -39.169544361840259 ], [ 177.924410948775972, -39.17017919660374 ], [ 177.92396248059066, -39.170808813269709 ], [ 177.923587754560174, -39.171476328911787 ], [ 177.923364790792789, -39.172206016068273 ], [ 177.923506372311806, -39.172943419842881 ], [ 177.923465431183757, -39.173648875017392 ], [ 177.923467730771051, -39.174359239417576 ], [ 177.923394357807268, -39.175061944838426 ], [ 177.923382866008893, -39.175748286008101 ], [ 177.923480706100094, -39.176440605266876 ], [ 177.923479649699601, -39.177138598511874 ], [ 177.923479060318499, -39.17785012998759 ], [ 177.923465264684637, -39.178576134805887 ], [ 177.923326786314107, -39.179307837572551 ], [ 177.923609945949892, -39.179977072412477 ], [ 177.923973412858629, -39.180630872984615 ], [ 177.924301834498891, -39.181293118946201 ], [ 177.924595490768297, -39.181956457660704 ], [ 177.924942268427571, -39.182601812651313 ], [ 177.925053293509677, -39.183297664299452 ], [ 177.925153598507961, -39.183978271523671 ], [ 177.925199644498349, -39.184663918053346 ], [ 177.924959294531021, -39.185342813370369 ], [ 177.924619937529428, -39.185983182662021 ], [ 177.924610342448972, -39.186686686692703 ], [ 177.924395810709512, -39.187364477636159 ], [ 177.924143695768635, -39.188038294153351 ], [ 177.924023124951646, -39.188728919736548 ], [ 177.923981166757102, -39.189428766333364 ], [ 177.923801525223183, -39.19010196137905 ], [ 177.92356599342591, -39.190754052123815 ], [ 177.923173825255958, -39.191375638807699 ], [ 177.922954708233704, -39.192058210822211 ], [ 177.922573756983752, -39.192689106621138 ], [ 177.922168228331117, -39.193312149714707 ] ] } },
{ "type": "Feature", "properties": { "group_id": "nzd0287" }, "geometry": { "type": "LineString", "coordinates": [ [ 177.919775236658637, -39.196859029110414 ], [ 177.919272009479357, -39.197442923730115 ], [ 177.91903759657842, -39.198126302550698 ], [ 177.918494755468146, -39.198680460754112 ], [ 177.918029845619941, -39.199295637011396 ], [ 177.917790103393344, -39.200024509532213 ], [ 177.917565407127313, -39.20074057485251 ], [ 177.917636462968972, -39.201447278429391 ], [ 177.917442849231691, -39.202130996952953 ], [ 177.917089948974393, -39.202754311619636 ], [ 177.916876012741454, -39.20337516883464 ], [ 177.916534142330164, -39.204012853224931 ], [ 177.916292908157374, -39.204691541495556 ], [ 177.91571916280742, -39.205282927533922 ], [ 177.915600197214673, -39.205987268013772 ], [ 177.915386907428484, -39.206665776848531 ], [ 177.91514740812508, -39.207338824114764 ], [ 177.914806516561583, -39.20798715028247 ], [ 177.914440591635042, -39.208628223098458 ], [ 177.914188419858789, -39.209294346274966 ], [ 177.913889860927412, -39.209949228318735 ] ] } },
{ "type": "Feature", "properties": { "group_id": "nzd0288" }, "geometry": { "type": "LineString", "coordinates": [ [ 177.027130132974918, -39.242336007927086 ], [ 177.026430448581692, -39.242784868176059 ], [ 177.025438132723991, -39.243032432123641 ], [ 177.02506929149672, -39.243708861467866 ], [ 177.024605981524161, -39.244320304408909 ], [ 177.024010212500372, -39.244839859438962 ], [ 177.023314088665074, -39.245286803229298 ], [ 177.022792612359012, -39.245856805420459 ], [ 177.022254307664468, -39.246417968182861 ], [ 177.021707650095465, -39.246992491501302 ], [ 177.021277890264969, -39.247598471606011 ] ] } },
{ "type": "Feature", "properties": { "group_id": "nzd0291" }, "geometry": { "type": "LineString", "coordinates": [ [ 176.951645454209256, -39.320649015952903 ], [ 176.951138686783764, -39.321223610276732 ], [ 176.950598284667706, -39.321778418197773 ], [ 176.950097314341775, -39.322356413589631 ], [ 176.949558315827829, -39.322912038609857 ], [ 176.949053949361883, -39.323488028087944 ], [ 176.948588403400095, -39.324085651257661 ], [ 176.94812776312591, -39.324679883536348 ], [ 176.947639620801112, -39.325263534610464 ], [ 176.947158283821835, -39.325850542014436 ], [ 176.946656772929146, -39.326428596108791 ], [ 176.946197986233699, -39.327026479889568 ], [ 176.945709020512936, -39.327611927897784 ], [ 176.945267190765122, -39.328217277488434 ], [ 176.944799815299035, -39.328812778101778 ] ] } },
{ "type": "Feature", "properties": { "group_id": "nzd0292" }, "geometry": { "type": "LineString", "coordinates": [ [ 173.772552291126914, -39.361484388317436 ], [ 173.772620828141271, -39.360771410703627 ], [ 173.772622952422353, -39.360066994185715 ], [ 173.77260926356729, -39.359364610828422 ], [ 173.772536912663526, -39.358669789053991 ], [ 173.772578153501001, -39.357960304740814 ], [ 173.772619345412949, -39.35725081956943 ], [ 173.77257105431022, -39.356552872780597 ], [ 173.77256937955687, -39.355848904385368 ], [ 173.772482246146296, -39.35515595549861 ], [ 173.772377856997451, -39.354465226284582 ], [ 173.772238162000775, -39.353757426987208 ], [ 173.772081616885401, -39.353051174665943 ], [ 173.771913822639959, -39.35236846859658 ], [ 173.771702043202765, -39.351693006812781 ], [ 173.771433430634403, -39.351026610262501 ], [ 173.771140032449978, -39.350364163399739 ], [ 173.770778741982895, -39.349712546889904 ], [ 173.77051613586471, -39.349045171626656 ], [ 173.770404875116668, -39.348353631919061 ], [ 173.770380124818303, -39.347648276454905 ], [ 173.77038547610573, -39.346938109039478 ], [ 173.770165616746851, -39.346274044000651 ], [ 173.769821442774628, -39.345629460464131 ], [ 173.769544199175243, -39.344964592289863 ], [ 173.769282135470007, -39.34429527635109 ], [ 173.768983850936621, -39.34363101841199 ], [ 173.768782962297166, -39.342953134986494 ], [ 173.768707008831825, -39.342257775272479 ], [ 173.768449122736968, -39.341587848414946 ], [ 173.768313470128049, -39.340900823008141 ], [ 173.768413275149584, -39.340180866473112 ], [ 173.768195698617546, -39.33950528314984 ], [ 173.76826483379179, -39.338789601214323 ], [ 173.768022368462937, -39.338074666899892 ], [ 173.76776578168699, -39.337344634059512 ], [ 173.767451876688767, -39.336671015592167 ], [ 173.767047272451208, -39.336044383302983 ], [ 173.766609923752895, -39.335426591343769 ], [ 173.766222480149878, -39.334795310434806 ], [ 173.765868544829715, -39.334154970523741 ], [ 173.765568112375519, -39.333500169722029 ], [ 173.765400921145527, -39.332809365076081 ], [ 173.76517776681024, -39.332133673571107 ], [ 173.764937969203771, -39.331462472306285 ], [ 173.76459675394085, -39.330802017417682 ], [ 173.764188555291383, -39.330136664750796 ], [ 173.763654323371298, -39.329538802150857 ], [ 173.763200302879341, -39.328938285005364 ] ] } },
{ "type": "Feature", "properties": { "group_id": "nzd0293" }, "geometry": { "type": "LineString", "coordinates": [ [ 176.897866768098311, -39.37078817713013 ], [ 176.897483021903014, -39.371408162196985 ], [ 176.897114838230124, -39.372041313945097 ], [ 176.896788575575869, -39.372689205154508 ], [ 176.896445461207151, -39.373331163302367 ], [ 176.896098949153355, -39.373971920676809 ], [ 176.895740038697852, -39.37460831146749 ], [ 176.895429833282662, -39.375261827569567 ], [ 176.895091927504353, -39.375905594899407 ], [ 176.894765634315831, -39.37655344095419 ], [ 176.89442148518205, -39.377195543657791 ], [ 176.894091789942252, -39.377842738133857 ], [ 176.893803072909833, -39.378500955213859 ], [ 176.893462303158344, -39.379144748971349 ], [ 176.877181744652432, -39.418826064466074 ], [ 176.877057110189469, -39.419513430138693 ], [ 176.876925460961786, -39.42019584004899 ], [ 176.876738679546605, -39.420876550378317 ], [ 176.876498493475509, -39.421552747835484 ], [ 176.876389999370048, -39.422241333078645 ], [ 176.876187039183264, -39.422921020705992 ], [ 176.876046707421978, -39.423606595998542 ], [ 176.875870741009294, -39.424288810744784 ], [ 176.875784842711624, -39.424979495594563 ], [ 176.875622577440026, -39.425662986358958 ], [ 176.8755121832626, -39.426351352214482 ], [ 176.87540156346634, -39.427039690049035 ], [ 176.875296179069949, -39.427728513814479 ], [ 176.875164310510598, -39.428414695298528 ], [ 176.875061246028935, -39.429103612838354 ], [ 176.875009456956747, -39.429797705504811 ], [ 176.874943551674136, -39.430490404707712 ], [ 176.874832297238612, -39.431178641104268 ], [ 176.874628648535833, -39.431857792231568 ], [ 176.874490171451612, -39.432543340298523 ], [ 176.874413317250912, -39.433234936506246 ], [ 176.874261593225299, -39.433919169451222 ], [ 176.874157953738774, -39.43460812024481 ], [ 176.874001672373367, -39.435291891922127 ], [ 176.873870073112954, -39.43597808200078 ], [ 176.873753006869578, -39.436665693248997 ], [ 176.873647092463926, -39.437354393423213 ], [ 176.873550073734805, -39.438043960822426 ], [ 176.873448061441451, -39.438733030790608 ], [ 176.873264244776294, -39.439414056641958 ], [ 176.873174313544126, -39.440098783332935 ], [ 176.873012474535329, -39.440772527545043 ], [ 176.873018511474442, -39.441460654482718 ], [ 176.87291760344209, -39.442152987883759 ], [ 176.872855340740443, -39.442845779308001 ], [ 176.872799512640711, -39.443538641252964 ], [ 176.872745052907504, -39.444231512769719 ], [ 176.872659743477584, -39.444924006279841 ], [ 176.872604747147619, -39.445616857566506 ], [ 176.872568001175893, -39.446309921507265 ], [ 176.87247945312572, -39.447002074623882 ], [ 176.872469094373429, -39.447693061326021 ], [ 176.872446752254291, -39.448387503870826 ], [ 176.872437348963075, -39.449083046786285 ], [ 176.872460088878228, -39.449776868530826 ], [ 176.872477419820541, -39.450470971848134 ], [ 176.872462402509115, -39.451166793455876 ], [ 176.872486145581092, -39.451860541002134 ], [ 176.872447579353803, -39.45255760468536 ], [ 176.872660809866431, -39.453241232723215 ], [ 176.872783193235307, -39.453929698792329 ], [ 176.872823923285608, -39.454622468821924 ], [ 176.873025557838076, -39.455292765192873 ], [ 176.873192343557605, -39.455960600149112 ], [ 176.873302330292006, -39.456652498043773 ], [ 176.873443651607829, -39.457338816833818 ], [ 176.873578513349059, -39.458026277682279 ], [ 176.873769590280034, -39.458703734877645 ], [ 176.873945140768768, -39.459383946563506 ], [ 176.87414841617732, -39.460059221177197 ], [ 176.874357297838372, -39.460733492172459 ], [ 176.874595620706003, -39.461402520881052 ], [ 176.87485865751546, -39.462045813433747 ], [ 176.875154050407048, -39.462663136282252 ], [ 176.875420904153032, -39.463326962809312 ], [ 176.875724562005757, -39.463986849654155 ], [ 176.876059689792356, -39.464633971278353 ], [ 176.876359045187058, -39.465295591097053 ], [ 176.876749236598585, -39.465920375940918 ], [ 176.877102646170073, -39.466560068294811 ], [ 176.877493743580203, -39.46718447462176 ], [ 176.87789984594346, -39.467802791662209 ], [ 176.878264900647338, -39.468437446538445 ] ] } },
{ "type": "Feature", "properties": { "group_id": "nzd0294" }, "geometry": { "type": "LineString", "coordinates": [ [ 176.922214581090827, -39.480844701618892 ], [ 176.922077766656315, -39.481534038891233 ], [ 176.92186946666763, -39.482208434261423 ], [ 176.921618656459827, -39.482879262343026 ], [ 176.921467708758996, -39.483565692913338 ], [ 176.921403300474822, -39.484253849540259 ], [ 176.921285761650921, -39.484940244385569 ], [ 176.921195602580468, -39.485626140734432 ], [ 176.921109441195199, -39.486313401581292 ], [ 176.921024573391833, -39.487004175111515 ], [ 176.920967392627659, -39.487695880136251 ], [ 176.920905519025666, -39.488387378641832 ], [ 176.92068491037702, -39.489071632303585 ], [ 176.920705748441236, -39.489767272946693 ], [ 176.92063514775927, -39.490455886593502 ], [ 176.92061555231831, -39.491144579728648 ], [ 176.920552300715542, -39.4918374478708 ], [ 176.920496458479647, -39.49253044301021 ], [ 176.920422369092165, -39.493221907949632 ], [ 176.920415020457568, -39.49391581844894 ], [ 176.920396623715135, -39.494608914440626 ], [ 176.920246861825319, -39.495295519432382 ], [ 176.920194293641828, -39.495987584740128 ], [ 176.920104625899427, -39.496678886895275 ], [ 176.920157140219231, -39.497374209231559 ], [ 176.920063682616927, -39.498063494145008 ], [ 176.920045599341449, -39.498755154636761 ], [ 176.920002687371067, -39.499447448762098 ], [ 176.919957812290363, -39.500139508045329 ], [ 176.919913374618488, -39.500829958870419 ], [ 176.919818033345479, -39.501521540999867 ], [ 176.919794604625707, -39.502215913707666 ], [ 176.919768295205557, -39.50291194262045 ], [ 176.919736590968483, -39.503608662271688 ], [ 176.919687973350761, -39.504300744844301 ], [ 176.919664530939912, -39.504979517385237 ], [ 176.919632210579579, -39.505661593871409 ], [ 176.919598319614948, -39.506358751856531 ], [ 176.91959109333385, -39.507055485707156 ], [ 176.919553837409069, -39.50774592632024 ], [ 176.919527531235957, -39.508435291235593 ], [ 176.919474749528092, -39.509129463307701 ], [ 176.91942584443305, -39.509825251308754 ], [ 176.91940527993674, -39.510513745695633 ], [ 176.919355098551108, -39.511200052823447 ], [ 176.919324872502074, -39.511894279496616 ], [ 176.919248881475085, -39.512589654222495 ], [ 176.919278448380481, -39.513281256889655 ], [ 176.919222447618182, -39.513974838178463 ], [ 176.919178546508874, -39.514668935418399 ], [ 176.919204221787425, -39.515360223394836 ], [ 176.919204716270883, -39.516043297632677 ], [ 176.91919631421797, -39.516731937511288 ], [ 176.919214524281472, -39.517431129290074 ], [ 176.919230067762271, -39.518125467498827 ], [ 176.919236427839877, -39.51881479276917 ], [ 176.919285849592796, -39.519507002155798 ], [ 176.919268959101231, -39.520202107136022 ], [ 176.91925641346819, -39.520897038936603 ], [ 176.919305711531138, -39.521590108240652 ], [ 176.919285673319479, -39.522279755477946 ], [ 176.919331968221229, -39.522967854827286 ], [ 176.919349268295406, -39.523657288075313 ], [ 176.919395616282429, -39.524345700862732 ], [ 176.91945094405358, -39.525040445593085 ], [ 176.919453483217154, -39.52573753390876 ], [ 176.919313534844235, -39.526436063595483 ], [ 176.919528078756969, -39.527110964682024 ], [ 176.919567847419728, -39.527807693431072 ], [ 176.919633942949986, -39.528502802720936 ], [ 176.919696131980515, -39.529189583564211 ], [ 176.919733958243285, -39.529879680616887 ], [ 176.919638535542163, -39.530584169692133 ], [ 176.919745821865746, -39.531265960059336 ], [ 176.919887355717719, -39.53193889341032 ], [ 176.919975941085852, -39.532631611197374 ], [ 176.92004034116448, -39.533326004275196 ], [ 176.920200008532106, -39.534009994769306 ], [ 176.920158204084515, -39.534709121357174 ], [ 176.920230138512721, -39.535399755960469 ], [ 176.920290828319111, -39.536091041317981 ], [ 176.920385441323162, -39.53677607740326 ], [ 176.920467231095984, -39.537462306626701 ], [ 176.920470436656814, -39.538163490184075 ], [ 176.920524490438424, -39.538856763105699 ], [ 176.920646383489128, -39.539542551136655 ], [ 176.920795782616892, -39.540226051273777 ], [ 176.920873410126745, -39.540916517676564 ], [ 176.92091660798107, -39.541609893265992 ], [ 176.921040111317808, -39.542295599294093 ], [ 176.95800298687621, -39.615796804476538 ], [ 176.95852113122362, -39.616362704844249 ], [ 176.959034900834212, -39.616931201247191 ], [ 176.959543164018299, -39.617508739385443 ], [ 176.960069175073301, -39.618073303527638 ], [ 176.960603579798544, -39.618632199817014 ], [ 176.961209294427505, -39.619142974293148 ], [ 176.961778903288632, -39.619678107692977 ], [ 176.962289241162551, -39.620253189406014 ], [ 176.962844237895439, -39.620797942848164 ], [ 176.963388710755368, -39.62134975700495 ], [ 176.96398863048293, -39.621864438671302 ], [ 176.964578122584641, -39.622386131473284 ], [ 176.965158014001361, -39.622914279117495 ] ] } },
{ "type": "Feature", "properties": { "group_id": "nzd0295" }, "geometry": { "type": "LineString", "coordinates": [ [ 177.055497436918131, -39.688849318983998 ], [ 177.054836207916736, -39.689316826439779 ], [ 177.054037896310575, -39.68966914599924 ], [ 177.053327988375202, -39.690095744260859 ], [ 177.052614769286919, -39.690519557133683 ], [ 177.051901089377395, -39.690942979638201 ], [ 177.051144949258003, -39.691330720690452 ], [ 177.050396319169153, -39.691724768781654 ], [ 177.049763966230131, -39.692216519247239 ], [ 177.049122769817728, -39.692700835884501 ], [ 177.048447753441991, -39.693156731292007 ], [ 177.047778223853697, -39.693617234238296 ], [ 177.047215576277551, -39.694167545923889 ], [ 177.046556884838253, -39.694637150421983 ], [ 177.045924714648635, -39.695145537428395 ], [ 177.045281728749472, -39.695650236650955 ], [ 177.044701199363089, -39.696184715936432 ], [ 177.044105637448894, -39.696703503992978 ], [ 177.043501328242172, -39.697217034260277 ], [ 177.042961943848951, -39.697769554569255 ], [ 177.04234439931659, -39.698275127409936 ], [ 177.04177652221324, -39.698810526646682 ], [ 177.041276699243696, -39.699386795409218 ], [ 177.040727248176637, -39.69993325317698 ], [ 177.04022076309414, -39.700505512321982 ], [ 177.039657609670741, -39.70104373217756 ], [ 177.039182128955957, -39.7016346042696 ], [ 177.038661262035589, -39.702194827139451 ], [ 177.038084714395126, -39.702734457974778 ], [ 177.037560542103847, -39.703300410263438 ], [ 177.037103717022319, -39.703895361946387 ], [ 177.036635310560172, -39.704485303996123 ], [ 177.03619277756323, -39.705086421362545 ], [ 177.035743033325616, -39.705684417504024 ], [ 177.035293098547129, -39.706282326199435 ], [ 177.034815553717607, -39.706868299051401 ], [ 177.034459354824946, -39.707506702159968 ], [ 177.034031517829789, -39.708114144193125 ], [ 177.033610570815711, -39.708724558305903 ], [ 177.033119989047407, -39.709304877359827 ], [ 177.032659969986241, -39.709898397808452 ], [ 177.032171262911504, -39.710479516805258 ], [ 177.031710731172438, -39.711072805556682 ], [ 177.031285722112472, -39.711681438841779 ], [ 177.030848490303754, -39.712284785435287 ], [ 177.030398494208555, -39.71288261137569 ], [ 177.029993075303224, -39.713499694201637 ], [ 177.029466667796044, -39.714064492233511 ], [ 177.028928502035853, -39.714624598121922 ], [ 177.02852428374959, -39.71524545068602 ], [ 177.028023647067016, -39.715819311497548 ], [ 177.027513446642757, -39.71638841346666 ], [ 177.026973655222662, -39.716943152687037 ], [ 177.026464488734916, -39.717512746823409 ], [ 177.025941402904124, -39.718075582333043 ], [ 177.025439594897193, -39.718648737384889 ], [ 177.024899945756232, -39.719203526634253 ], [ 177.024384121988845, -39.719770344982393 ], [ 177.023902528849959, -39.720354476297587 ], [ 177.02342945681761, -39.720944258813262 ], [ 177.022992217214949, -39.721547782866637 ], [ 177.022472230854902, -39.722117969610487 ], [ 177.021977481670319, -39.722698317181369 ], [ 177.021430909830684, -39.723257784292727 ], [ 177.020990759171951, -39.723860114839994 ], [ 177.02050821201388, -39.724445361972712 ], [ 177.020111364108317, -39.725065125193467 ], [ 177.019610151714346, -39.72564284315731 ], [ 177.019183680267759, -39.726250662920307 ], [ 177.018762222606824, -39.72686049703016 ] ] } },
{ "type": "Feature", "properties": { "group_id": "nzd0296" }, "geometry": { "type": "LineString", "coordinates": [ [ 176.998959550726056, -39.785461512127064 ], [ 176.998592483806448, -39.786100748652707 ], [ 176.998338300081087, -39.786762840650169 ], [ 176.997993159030244, -39.787406505134371 ], [ 176.997608809993551, -39.788042222683501 ], [ 176.997278370310909, -39.788688851964267 ], [ 176.996900469918984, -39.789325862905777 ], [ 176.99661637478718, -39.789981865560812 ], [ 176.996443887364791, -39.790660465210763 ], [ 176.996223461553654, -39.791329349669709 ], [ 176.996098811551661, -39.792017624342812 ], [ 176.99590742512774, -39.792720386287947 ], [ 176.99568509856357, -39.793425943351771 ], [ 176.995466287325996, -39.794107711310026 ], [ 176.995409495179132, -39.794796855055218 ], [ 176.995185239422256, -39.795472426800202 ], [ 176.994949491782961, -39.796147060861891 ], [ 176.994655465306096, -39.79681696723091 ], [ 176.994538563012128, -39.797501214788923 ], [ 176.994383850519, -39.798194837297331 ], [ 176.99428074169299, -39.79890921142276 ], [ 176.994395125738947, -39.799619119044074 ], [ 176.994431983885875, -39.800310437740599 ], [ 176.994402570115426, -39.800999925527684 ], [ 176.994489098854103, -39.801692597145149 ], [ 176.994445455314406, -39.80238167942268 ], [ 176.994273956119883, -39.803067236299512 ], [ 176.994259984597903, -39.803757121369244 ], [ 176.994269616920718, -39.804447649029576 ], [ 176.994218861135352, -39.80513650797819 ], [ 176.994351599202929, -39.805830409132383 ], [ 176.994261824360763, -39.80651818057121 ], [ 176.994139403096682, -39.807205046837019 ], [ 176.994151074172635, -39.807895595826878 ], [ 176.994123746120806, -39.808585064802287 ], [ 176.994105179136568, -39.809274767898707 ], [ 176.993824883839807, -39.809966727591082 ], [ 176.994011378663771, -39.810695498134677 ], [ 176.99384850503634, -39.811465465916378 ], [ 176.994253645449675, -39.812101867096068 ], [ 176.994405801948517, -39.812782658692932 ], [ 176.994548275881073, -39.813465142832605 ], [ 176.994620670897376, -39.814159918604716 ], [ 176.994754036370466, -39.814843987773379 ], [ 176.994809683261195, -39.815541152039962 ], [ 176.9950144608421, -39.816211773140274 ], [ 176.995154907505679, -39.81689407375049 ], [ 176.99536217687492, -39.817565166424046 ], [ 176.995565434343348, -39.818236947279573 ], [ 176.995885599480857, -39.818888473303538 ], [ 176.996101732353253, -39.819558010817708 ], [ 176.996431402870115, -39.820207877021772 ], [ 176.996696739153123, -39.820868879136505 ] ] } },
{ "type": "Feature", "properties": { "group_id": "nzd0297" }, "geometry": { "type": "LineString", "coordinates": [ [ 176.998005834849494, -39.840835639899623 ], [ 176.997480139020865, -39.841411972260758 ], [ 176.996818769302337, -39.84188100750994 ], [ 176.996291141961308, -39.842444759449144 ], [ 176.995816888996814, -39.84303052055968 ], [ 176.995312345880279, -39.843617731439608 ], [ 176.994898803139591, -39.844256724597088 ], [ 176.994574606420173, -39.844911909726626 ] ] } },
{ "type": "Feature", "properties": { "group_id": "nzd0298" }, "geometry": { "type": "LineString", "coordinates": [ [ 176.985378133012063, -39.857342191176244 ], [ 176.984692879701612, -39.857794218945017 ], [ 176.98399633073393, -39.858267968472106 ], [ 176.983396469427902, -39.85884602660532 ], [ 176.982717818199717, -39.859358479371409 ], [ 176.982085100637306, -39.859871532908606 ], [ 176.981600635309007, -39.860460883703382 ], [ 176.981175055492912, -39.861090310162467 ], [ 176.980807093241111, -39.861740797857856 ], [ 176.980470154449677, -39.862381471772871 ] ] } },
{ "type": "Feature", "properties": { "group_id": "nzd0299" }, "geometry": { "type": "LineString", "coordinates": [ [ 174.81836459610841, -39.863610883815326 ], [ 174.817535309542563, -39.863341742294182 ], [ 174.816718871478912, -39.863043903565362 ], [ 174.815840239241567, -39.862884976770168 ], [ 174.814996070088853, -39.862649074751268 ], [ 174.814165819035168, -39.862382087073662 ], [ 174.813323495758453, -39.862142061624787 ], [ 174.812482477055823, -39.861899122045628 ], [ 174.811636539020753, -39.861667168376783 ], [ 174.810810279702338, -39.861391265988829 ], [ 174.809951786776026, -39.861187349370297 ], [ 174.809090719571287, -39.860989179774954 ], [ 174.808269524060847, -39.860701968575128 ], [ 174.807414360865835, -39.860490612190603 ], [ 174.806596298666733, -39.860196404807283 ], [ 174.805746615884601, -39.859972808779418 ], [ 174.804860169227169, -39.859831305375458 ], [ 174.804027354265315, -39.859570040480556 ], [ 174.803150130393732, -39.859407937344251 ], [ 174.802326010447103, -39.859127256161493 ], [ 174.80145573950162, -39.858949623754519 ], [ 174.800657730283177, -39.858610642229301 ] ] } },
{ "type": "Feature", "properties": { "group_id": "nzd0300" }, "geometry": { "type": "LineString", "coordinates": [ [ 174.87315066665127, -39.87595919067244 ], [ 174.872341629723024, -39.875648301942043 ], [ 174.871514589491625, -39.875376030191106 ], [ 174.87070825011304, -39.875031732278536 ], [ 174.869878644957936, -39.874670532688093 ], [ 174.868982360839055, -39.874495377904836 ], [ 174.868113611421251, -39.874319330192698 ], [ 174.867253051480304, -39.874121778804131 ], [ 174.866393841401987, -39.873920682518971 ], [ 174.865517594788855, -39.873764314044898 ], [ 174.864636450517793, -39.873620801200417 ], [ 174.863758788516662, -39.873468143079933 ], [ 174.862897615393933, -39.873272194443487 ], [ 174.861988360107631, -39.873201835834109 ], [ 174.861135125348795, -39.872981894538782 ], [ 174.860289148860318, -39.872743143984096 ], [ 174.859441055369246, -39.872512489480968 ], [ 174.858556704804641, -39.872377934660051 ], [ 174.857700417419323, -39.872168996825415 ], [ 174.856862757096366, -39.871910689943661 ], [ 174.856061658771353, -39.871555483303389 ], [ 174.855142420366604, -39.871513386262507 ], [ 174.854348180294096, -39.871140008921387 ], [ 174.853540242830064, -39.870802937967674 ], [ 174.852741188934345, -39.870442328946233 ], [ 174.851826356636622, -39.8703885475351 ], [ 174.850889318381263, -39.870393604491014 ], [ 174.850008714225908, -39.870249104378892 ], [ 174.84912954431681, -39.870100800611716 ], [ 174.848298333732345, -39.869825410202722 ], [ 174.847431960645025, -39.869643194867109 ], [ 174.846604140995822, -39.869358822404699 ], [ 174.845746802193815, -39.869137620675318 ], [ 174.844866773859422, -39.868942524761508 ], [ 174.843965491964298, -39.868826325418027 ], [ 174.843123305513558, -39.868571799792868 ], [ 174.842260553202152, -39.868378702974773 ], [ 174.841360023337216, -39.868298436874092 ], [ 174.84049320781611, -39.868117472882872 ], [ 174.839608852227798, -39.867988892856388 ], [ 174.838715757752453, -39.867886408240501 ], [ 174.837849188853028, -39.867704703118925 ], [ 174.83698430251647, -39.867517972852781 ], [ 174.836135360425317, -39.867283628640671 ], [ 174.835273479659975, -39.867087923879104 ], [ 174.834434499226319, -39.866823836018916 ], [ 174.833541484415548, -39.866721101323577 ], [ 174.832636117656733, -39.866655244755705 ], [ 174.831774828640107, -39.866457770308394 ], [ 174.830930566338509, -39.866209457275971 ], [ 174.830040037849471, -39.866099286645223 ], [ 174.829231535439334, -39.865744207764585 ], [ 174.828380590277334, -39.86551585450232 ], [ 174.827473957153643, -39.86545376240759 ], [ 174.826530072245305, -39.865502877404595 ] ] } },
{ "type": "Feature", "properties": { "group_id": "nzd0301" }, "geometry": { "type": "LineString", "coordinates": [ [ 174.969690854096172, -39.932261734987868 ], [ 174.969186012047203, -39.931691849459753 ], [ 174.96865970210041, -39.931132594357301 ], [ 174.968210639745024, -39.930533587998802 ], [ 174.967639343492579, -39.929992051612224 ], [ 174.96711137180057, -39.929427511681368 ], [ 174.96664474388669, -39.928829432320491 ], [ 174.966095160017204, -39.928284115328616 ], [ 174.965569452292016, -39.927723607016134 ], [ 174.965030408388628, -39.927171577378772 ], [ 174.964487638534195, -39.926621913546093 ], [ 174.96392751779527, -39.926083282043471 ], [ 174.963346791881321, -39.925557752820133 ], [ 174.962830346023367, -39.924991332284179 ], [ 174.962251902861823, -39.924464342631147 ], [ 174.961664875014378, -39.923942809247592 ], [ 174.961125798578792, -39.92339077091583 ], [ 174.960557547992153, -39.922857285334977 ], [ 174.95996766770827, -39.922320017776094 ], [ 174.959332819780229, -39.921810564276569 ], [ 174.958723039354908, -39.921299291241233 ], [ 174.958145557097026, -39.920766439750899 ], [ 174.957530083762549, -39.920263658785686 ], [ 174.956886928120269, -39.919782787747835 ], [ 174.956283261127226, -39.919270654070573 ], [ 174.955652151935396, -39.918780240194636 ], [ 174.955068890425764, -39.918251946871344 ], [ 174.954457863198485, -39.917745629426108 ], [ 174.953818925731696, -39.917261402140163 ], [ 174.953179948247282, -39.916777203050032 ], [ 174.952527384134839, -39.916303755485231 ], [ 174.951902761614889, -39.915808186219664 ], [ 174.95127315881291, -39.915316555840256 ], [ 174.95059950310403, -39.914859793471472 ], [ 174.949973083730555, -39.914365636185835 ], [ 174.949323762714016, -39.913889603874345 ], [ 174.948667250012591, -39.913419260781787 ], [ 174.948002056545675, -39.912955785563703 ], [ 174.947339301760735, -39.912490376348266 ], [ 174.946705677202061, -39.912001905049117 ], [ 174.946070528857433, -39.911514636464631 ], [ 174.945431796644414, -39.91103020126765 ], [ 174.944761206938125, -39.910570979676507 ], [ 174.944093208177492, -39.910109703561147 ], [ 174.943444083429739, -39.909632213264828 ], [ 174.942764438421364, -39.909172763759436 ], [ 174.942113983139564, -39.908690309053242 ], [ 174.941455248226504, -39.908221742679622 ], [ 174.940948927021168, -39.907622135897228 ], [ 174.9402796748345, -39.907162605806022 ], [ 174.93967420869285, -39.906648232814376 ], [ 174.938992449132911, -39.906199449570835 ], [ 174.938320861218301, -39.905741918062326 ] ] } },
{ "type": "Feature", "properties": { "group_id": "nzd0302" }, "geometry": { "type": "LineString", "coordinates": [ [ 176.914082806094797, -39.974161215281249 ], [ 176.913942798469122, -39.974843004038128 ], [ 176.913709285417269, -39.97550294629972 ], [ 176.913534805527519, -39.976130506680015 ], [ 176.913241562902442, -39.976755659814906 ], [ 176.912879899171486, -39.977369610445066 ], [ 176.912581969331853, -39.977992973246771 ], [ 176.912086751826422, -39.978556592605145 ], [ 176.911545834053982, -39.97909340133122 ], [ 176.910940189472882, -39.979520079666315 ], [ 176.910326438700423, -39.979968793612926 ], [ 176.909614018546705, -39.980437572656186 ], [ 176.909080673583105, -39.981022471946844 ], [ 176.908764220069315, -39.981682900565765 ], [ 176.90836589138982, -39.982300902569499 ], [ 176.90799780280247, -39.982941552979945 ], [ 176.908003979082878, -39.983641151488413 ], [ 176.907891181082192, -39.984323573127988 ], [ 176.907851095842403, -39.985012151259305 ], [ 176.907687433536182, -39.985722656187541 ], [ 176.907646121978331, -39.986457215197071 ] ] } },
{ "type": "Feature", "properties": { "group_id": "nzd0303" }, "geometry": { "type": "LineString", "coordinates": [ [ 175.084231991546062, -40.022375749481029 ], [ 175.083723457689757, -40.021780859228137 ], [ 175.083149203402542, -40.021248431148074 ], [ 175.082605109969137, -40.020701123032374 ], [ 175.082021548172094, -40.020177239646259 ], [ 175.081492056657112, -40.019621254643702 ], [ 175.080973171444867, -40.019058969103668 ], [ 175.080469952880691, -40.018487379109636 ], [ 175.079975096593529, -40.017910820664888 ], [ 175.079474427448559, -40.017337708399474 ], [ 175.078983993036246, -40.016758516147398 ], [ 175.078443352685298, -40.016209122706833 ], [ 175.077939057085018, -40.015638149858205 ], [ 175.077403257235829, -40.015085874122512 ], [ 175.076902861056254, -40.014512577625581 ], [ 175.07630108831313, -40.013999455790362 ], [ 175.075746958525798, -40.013458047699075 ], [ 175.07514098698104, -40.012947409282717 ], [ 175.074561197731271, -40.012421224086992 ], [ 175.07393852685226, -40.011920489502351 ], [ 175.073355265792287, -40.011396356152325 ], [ 175.072748774719685, -40.010886007868379 ], [ 175.072229243379553, -40.010324034877947 ], [ 175.071721319865702, -40.009755166923512 ], [ 175.071175974987284, -40.009208508240597 ], [ 175.070620217344754, -40.008668026222367 ], [ 175.070090585601207, -40.00810865686568 ], [ 175.069498207231561, -40.007580125976396 ], [ 175.068943240479229, -40.007031019432375 ], [ 175.068347691881911, -40.00651586014294 ], [ 175.067779919262989, -40.005982536817065 ], [ 175.067274119030884, -40.005408691977451 ], [ 175.066687377820244, -40.004887762069444 ], [ 175.066156111501812, -40.004330558714827 ], [ 175.065518654407697, -40.003842778373723 ], [ 175.06490083648734, -40.003342153757636 ], [ 175.064279761359956, -40.00284365443153 ], [ 175.063688814732558, -40.002325453142632 ], [ 175.063100875022684, -40.001805281799712 ], [ 175.062477205632007, -40.001308465918363 ], [ 175.061929195323444, -40.000762180920169 ], [ 175.061300027326581, -40.000268951556357 ], [ 175.060784264625767, -39.999701575336317 ], [ 175.060163312507854, -39.99920296622151 ], [ 175.059572220555083, -39.998684830817425 ], [ 175.059036210475341, -39.998130679737223 ], [ 175.058458814493719, -39.99760358190381 ], [ 175.057901154226187, -39.997063577110275 ], [ 175.057373760516413, -39.996503780524527 ], [ 175.056806466473262, -39.995970065903293 ], [ 175.05626660777304, -39.99541790415072 ], [ 175.055717408390649, -39.994871139222191 ], [ 175.05505411054915, -39.994400220075583 ], [ 175.054515519006173, -39.993847357039442 ], [ 175.05390064376391, -39.993344964579059 ], [ 175.053330932931317, -39.992812684095362 ], [ 175.052780558522045, -39.992267605247299 ], [ 175.052219937689586, -39.991729302070297 ], [ 175.051623916832256, -39.991214417841867 ], [ 175.051039508505681, -39.990691845879468 ], [ 175.050433363415209, -39.990183652246671 ], [ 175.049887997135556, -39.989635239380299 ], [ 175.049301230866178, -39.989114215293185 ], [ 175.048713036436538, -39.988594132057791 ], [ 175.048123532215072, -39.988074911349585 ], [ 175.047564281992379, -39.987535668691493 ], [ 175.046975843351987, -39.987015734742116 ], [ 175.046380055969678, -39.986500659030533 ], [ 175.045784695012344, -39.985985297044472 ], [ 175.045201153316242, -39.9854621106618 ], [ 175.044648655574434, -39.984918379818836 ], [ 175.044034144971221, -39.984415675942401 ], [ 175.043478872474282, -39.983873746547637 ], [ 175.042882613467839, -39.983356379744947 ], [ 175.042356009500907, -39.982789752938437 ], [ 175.041794390809827, -39.982250452382665 ], [ 175.041179052144315, -39.981749042106586 ], [ 175.040561574255378, -39.981249136915856 ], [ 175.03993471557601, -39.980755844973643 ], [ 175.039324525083259, -39.98025079142662 ], [ 175.038696868590762, -39.979758054368894 ], [ 175.038083471449625, -39.979255254932141 ], [ 175.037461313279181, -39.978758631520087 ], [ 175.036850833975706, -39.978253766038272 ], [ 175.036294075637016, -39.97771100259412 ], [ 175.03566375405353, -39.977220125848341 ], [ 175.035009733458708, -39.976745962013695 ], [ 175.034413373078223, -39.97623041995233 ], [ 175.033755472767723, -39.975763147924347 ], [ 175.033142358174899, -39.975253136341223 ], [ 175.032483939352062, -39.974783866575258 ] ] } },
{ "type": "Feature", "properties": { "group_id": "nzd0304" }, "geometry": { "type": "LineString", "coordinates": [ [ 176.890714206687022, -40.021587914619445 ], [ 176.890492411763034, -40.022267820371638 ], [ 176.890015960135486, -40.02285620719919 ], [ 176.889540193625123, -40.023444834755161 ], [ 176.889001649249195, -40.024018866624978 ], [ 176.888555216229747, -40.02462939818264 ], [ 176.888223041876302, -40.02526977593768 ], [ 176.887905584629578, -40.025913627639504 ], [ 176.887575743524508, -40.02655343571795 ] ] } },
{ "type": "Feature", "properties": { "group_id": "nzd0305" }, "geometry": { "type": "LineString", "coordinates": [ [ 176.883869606684328, -40.034680877384602 ], [ 176.883662090535097, -40.035351682353628 ], [ 176.88334423988303, -40.036008904697994 ], [ 176.883141407321517, -40.036663655274708 ], [ 176.882955327296855, -40.037303880980922 ], [ 176.882594272239913, -40.037932106172242 ], [ 176.882448413721761, -40.038636612727146 ], [ 176.882193629426183, -40.039311756114664 ], [ 176.882055345121472, -40.039982462066348 ], [ 176.881905936707057, -40.040659202828984 ], [ 176.881664970228655, -40.041333388186274 ], [ 176.88160070087946, -40.042029923068753 ], [ 176.881420344774426, -40.042702551488333 ], [ 176.881125876561612, -40.043343722216591 ], [ 176.880913575178937, -40.043996358803419 ], [ 176.880670411158832, -40.044660038900751 ], [ 176.880372309877686, -40.045327902366658 ], [ 176.880172627240199, -40.046013912390919 ], [ 176.880060287344747, -40.046696613810553 ], [ 176.879939531433934, -40.047378201266184 ], [ 176.879801599457778, -40.048071718105085 ], [ 176.879831735273569, -40.048777953663574 ], [ 176.879769157494081, -40.049468791851751 ], [ 176.879650384934223, -40.050155099154232 ], [ 176.879572633297784, -40.050841780890238 ], [ 176.879593999776148, -40.051529996280976 ], [ 176.879567846563816, -40.052220217456522 ], [ 176.879491681549212, -40.052910853239126 ], [ 176.879244439814698, -40.053600895361811 ], [ 176.879288399725226, -40.054287809421588 ], [ 176.879319571987452, -40.054974853560438 ], [ 176.879531459808874, -40.055666174020146 ], [ 176.879580652790537, -40.056362910639557 ], [ 176.879684582603915, -40.057050779709954 ], [ 176.879472683740602, -40.057763859876879 ], [ 176.879626071359837, -40.058441779815354 ], [ 176.879704799479242, -40.059126877673826 ], [ 176.879885928752145, -40.05980211412848 ] ] } },
{ "type": "Feature", "properties": { "group_id": "nzd0307" }, "geometry": { "type": "LineString", "coordinates": [ [ 175.190960184918197, -40.161089555148138 ], [ 175.190620740739433, -40.160453981948763 ], [ 175.19033862285616, -40.159801136726273 ], [ 175.190111453243333, -40.159131735559093 ], [ 175.189780569799069, -40.158493565704141 ], [ 175.189449537401941, -40.157855434638208 ], [ 175.189134674479675, -40.157212427408027 ], [ 175.188832903025997, -40.156565471055487 ], [ 175.188455547541935, -40.155941273860563 ], [ 175.188150012429276, -40.155295438933379 ], [ 175.187800112082726, -40.15466296036292 ], [ 175.187537791652858, -40.154004097317554 ], [ 175.187269044782198, -40.153347163700978 ], [ 175.186986403154577, -40.152694408952918 ], [ 175.186678644736503, -40.15204921313849 ], [ 175.186404054153769, -40.151394021195799 ], [ 175.186040432719835, -40.15076514081823 ], [ 175.185721475562133, -40.150122794357472 ], [ 175.18539924215716, -40.149481882534772 ], [ 175.185073913011678, -40.148841933486665 ], [ 175.184775461106938, -40.14819418146724 ], [ 175.184399054797552, -40.147569037189385 ], [ 175.184060343162599, -40.146932951909243 ], [ 175.183705287040738, -40.146301601898777 ], [ 175.183361128528645, -40.145667084471313 ], [ 175.183190406877657, -40.144982248248787 ], [ 175.182865460066722, -40.144342145378516 ], [ 175.18260384502446, -40.143683664208041 ], [ 175.182286695542388, -40.143041287098953 ], [ 175.182003870731535, -40.142388946426131 ], [ 175.181684806699394, -40.141747112441394 ], [ 175.181344295764831, -40.141111493992533 ], [ 175.181035705484248, -40.140468839950884 ], [ 175.180738302930422, -40.139825365743768 ], [ 175.180432871336251, -40.139180780460698 ], [ 175.180119796671477, -40.138535963037093 ], [ 175.179797351608556, -40.13789428205871 ], [ 175.179469772493292, -40.13725431686963 ], [ 175.179148877797019, -40.13661210409056 ], [ 175.178870536979417, -40.135955614636096 ], [ 175.178600659865964, -40.135296280771108 ], [ 175.178299074262412, -40.134647574598162 ], [ 175.177902471413233, -40.134030727435892 ], [ 175.17758136255668, -40.133388556732406 ], [ 175.177257580617038, -40.132747276534801 ], [ 175.176927850608308, -40.13210798515518 ], [ 175.176574054339596, -40.131476758767739 ], [ 175.176228310855805, -40.130842825875284 ], [ 175.17584287997019, -40.130222196769246 ], [ 175.175456396269766, -40.129601914855265 ], [ 175.175056538541696, -40.128986112212736 ], [ 175.17467686832515, -40.12836353354286 ], [ 175.174284434149257, -40.127745229550534 ], [ 175.17391553196515, -40.127119027910751 ], [ 175.17358718774102, -40.12647974671966 ], [ 175.17322890873541, -40.125851377238604 ], [ 175.172915321770972, -40.125205390324993 ], [ 175.172508416960568, -40.124592960867098 ], [ 175.172041515724487, -40.12400266517097 ], [ 175.171623958785233, -40.123394155086935 ], [ 175.171254979849294, -40.12276771338864 ], [ 175.170867445622321, -40.122148445937583 ], [ 175.170446502035077, -40.121544498367506 ], [ 175.170040574403998, -40.120934665354355 ], [ 175.169645277273787, -40.120317704154289 ], [ 175.169311182447132, -40.119676387967345 ], [ 175.168894331426969, -40.119067990869517 ], [ 175.168521888267662, -40.118441920441725 ], [ 175.168114658379949, -40.117829684440181 ], [ 175.16772586179485, -40.117210109126923 ], [ 175.167333198544441, -40.116592066612405 ], [ 175.166996923505508, -40.11595158417844 ], [ 175.16658287569166, -40.115342038479028 ], [ 175.16622513856575, -40.114710083648006 ], [ 175.165834461658022, -40.114091228545696 ], [ 175.16546045453444, -40.11346573566194 ], [ 175.165127428727743, -40.112823932379065 ], [ 175.164765423256171, -40.112193653292415 ], [ 175.164361024200645, -40.111580235364556 ], [ 175.163996470572698, -40.11095095890682 ], [ 175.163568892054968, -40.110346752087608 ], [ 175.163149953118619, -40.109739102360983 ], [ 175.162803592116262, -40.109102571005842 ], [ 175.162455658428172, -40.108465696164792 ], [ 175.162051521915913, -40.107848635149779 ], [ 175.161619873065291, -40.107243607530187 ], [ 175.161250327426387, -40.106614251842807 ], [ 175.16085222503304, -40.105997236564619 ], [ 175.160402872851932, -40.105402372581054 ], [ 175.159971801060578, -40.104799600134541 ], [ 175.159553294500455, -40.104191390029612 ], [ 175.159157128913392, -40.103573515912977 ], [ 175.158719446479836, -40.102973585347129 ], [ 175.158366730881482, -40.102336915725594 ], [ 175.157881960278388, -40.101757332075515 ], [ 175.157527186595587, -40.101121541422962 ], [ 175.157098615711533, -40.100517650195975 ], [ 175.156624871582522, -40.099933283442894 ], [ 175.156265246229708, -40.099297497998791 ], [ 175.155824277288957, -40.098691802921067 ], [ 175.155427680644493, -40.098066833121941 ], [ 175.155029460754633, -40.097447794951592 ], [ 175.154583025298137, -40.096851286890718 ], [ 175.154146707917164, -40.096250044604382 ], [ 175.153673727782888, -40.095665932868201 ], [ 175.153246189578226, -40.09506057697223 ], [ 175.15282993254624, -40.0944499431968 ], [ 175.152389242877092, -40.093850723783191 ], [ 175.151964919373, -40.093243849817057 ], [ 175.151489001899535, -40.092661085197349 ], [ 175.151083099099992, -40.092045591219225 ], [ 175.150607532044859, -40.091462652513108 ], [ 175.15013188733235, -40.090879744949866 ] ] } },
{ "type": "Feature", "properties": { "group_id": "nzd0308" }, "geometry": { "type": "LineString", "coordinates": [ [ 176.864586339408334, -40.135092444193731 ], [ 176.863932438502104, -40.135567655225984 ] ] } },
{ "type": "Feature", "properties": { "group_id": "nzd0309" }, "geometry": { "type": "LineString", "coordinates": [ [ 175.219658199871532, -40.272646003364109 ], [ 175.219596047608832, -40.271960241744566 ], [ 175.21949029205436, -40.271279407280211 ], [ 175.219329106444803, -40.270604838297061 ], [ 175.219235186158926, -40.269922650931349 ], [ 175.219110322455208, -40.269243958210581 ], [ 175.21896814390908, -40.268567217972532 ], [ 175.218875424078504, -40.267884874266898 ], [ 175.218776302446855, -40.267203248134244 ], [ 175.2186421818177, -40.266525499318057 ], [ 175.218543496258661, -40.265843614131569 ], [ 175.21841148687605, -40.265165601629114 ], [ 175.218325844242003, -40.264482325512326 ], [ 175.218299370857409, -40.263792224997694 ], [ 175.218128798631653, -40.263118720867709 ], [ 175.21797409970273, -40.262443380976976 ], [ 175.217789377989362, -40.261771493519156 ], [ 175.217645129916235, -40.261094935834095 ], [ 175.217472082071765, -40.260421689659196 ], [ 175.217346313884718, -40.259742989075548 ], [ 175.217218899050152, -40.259064467616966 ], [ 175.217120138782178, -40.258382365619525 ], [ 175.21693626822065, -40.257710526663367 ], [ 175.216824403904667, -40.257029907985135 ], [ 175.216668532881897, -40.256354806286055 ], [ 175.216606729541724, -40.255667890246713 ], [ 175.216494264043519, -40.254987326591412 ], [ 175.216305075350334, -40.254316386634372 ], [ 175.216172279665557, -40.253638361291038 ], [ 175.215998937120872, -40.252965418704015 ], [ 175.21588407304958, -40.252285128947335 ], [ 175.215810368352919, -40.251599665908664 ], [ 175.21565117408187, -40.250924873936526 ], [ 175.215435907788304, -40.250257673189942 ], [ 175.215297512463934, -40.249580345160879 ], [ 175.215193714017602, -40.248898037841705 ], [ 175.215088216723927, -40.248215957664335 ], [ 175.214910209032638, -40.247543856081741 ], [ 175.214751357125976, -40.2468691098072 ], [ 175.214608004238585, -40.24619222240424 ], [ 175.214450955575018, -40.245517214283936 ], [ 175.214352723035518, -40.244834099795838 ], [ 175.214207349704736, -40.244157470321312 ], [ 175.21408747040212, -40.243477323256911 ], [ 175.213975890139267, -40.242796026526271 ], [ 175.21377224425018, -40.242127528534667 ], [ 175.213701448405573, -40.241442603206309 ], [ 175.21361324310999, -40.240759740996616 ], [ 175.213437504203824, -40.240086407150116 ], [ 175.21324313598646, -40.239415131354377 ], [ 175.213149433272008, -40.238732690858612 ], [ 175.213017428297718, -40.238054488996426 ], [ 175.212924779017982, -40.237371918059566 ], [ 175.212841835934881, -40.236688264419563 ], [ 175.212699652174734, -40.236011170307535 ], [ 175.212553607347104, -40.235334497337199 ], [ 175.212494470013638, -40.23464818449613 ], [ 175.21230013769852, -40.233978328451848 ], [ 175.21212830131401, -40.233307359598896 ], [ 175.211943762892304, -40.232636681727861 ], [ 175.211780526169775, -40.231962312561649 ], [ 175.211641123088754, -40.231284280265982 ], [ 175.211514357831476, -40.23060430240443 ], [ 175.211373357797669, -40.229926501620056 ], [ 175.211258012777705, -40.22924475821258 ], [ 175.211188135584536, -40.228556032498602 ], [ 175.211124225314222, -40.227866384488081 ], [ 175.210972103434131, -40.227190262961884 ], [ 175.210872052459024, -40.226506146015574 ], [ 175.210629605537974, -40.225843868661713 ], [ 175.210476671092692, -40.225167851636066 ], [ 175.210348743811892, -40.224487991277122 ], [ 175.210189006863089, -40.223813004435044 ], [ 175.21010732399705, -40.223126035695145 ], [ 175.209944105150072, -40.222451581002602 ], [ 175.209793832252529, -40.221777217924988 ], [ 175.209625096700819, -40.221105670690136 ], [ 175.209446506020043, -40.220433421555114 ], [ 175.209288189191085, -40.21975832540209 ], [ 175.209072406915595, -40.219091273134417 ], [ 175.208945811550478, -40.218411719458388 ], [ 175.208744307511267, -40.217742653388285 ], [ 175.208621864577111, -40.217062504461957 ], [ 175.208415547718204, -40.216394099158776 ], [ 175.208249705747335, -40.215720016749309 ], [ 175.208034044997362, -40.215052906985342 ], [ 175.207937000757369, -40.21436917280397 ], [ 175.207835686469679, -40.213686030031447 ], [ 175.207667959302029, -40.21301195398933 ], [ 175.207572120260608, -40.212326405686859 ], [ 175.207450876967698, -40.211643949733187 ], [ 175.207163279414175, -40.210989049282865 ], [ 175.206943764531587, -40.21032331881689 ], [ 175.206725509789777, -40.209657381334232 ], [ 175.206559951843303, -40.208983059808112 ], [ 175.206393605372938, -40.208308856933677 ], [ 175.206255925957379, -40.207630090044084 ], [ 175.206107583681273, -40.206953011547583 ], [ 175.205887095009388, -40.206287395788955 ], [ 175.205756898179402, -40.205607419221373 ], [ 175.20554922630123, -40.204939752546288 ], [ 175.205428416601393, -40.204258270224308 ], [ 175.205287755911968, -40.203579936990593 ], [ 175.205167123920347, -40.202898412922522 ], [ 175.204995409105777, -40.202225003138864 ], [ 175.204802442181347, -40.201554965272614 ], [ 175.20461026321081, -40.200884795450612 ], [ 175.204412964580655, -40.200215432853312 ], [ 175.204234359415238, -40.19954309171559 ], [ 175.203955279460502, -40.198887576042274 ], [ 175.203818717451639, -40.198208597629332 ], [ 175.203594829961759, -40.197544200689215 ], [ 175.203409410701539, -40.196872693641289 ], [ 175.203254872945564, -40.196195576201148 ], [ 175.202942443931391, -40.195547103087073 ], [ 175.202702251327622, -40.194885515351999 ], [ 175.20245967402326, -40.194224353736836 ], [ 175.202267720659194, -40.193553999314574 ], [ 175.202119592011655, -40.19287568581418 ], [ 175.202004603639409, -40.192191351944864 ], [ 175.201829920995806, -40.191517843614243 ], [ 175.201717824042561, -40.19083294657905 ], [ 175.201478094737496, -40.190171063406069 ], [ 175.201277032657174, -40.189502252922367 ], [ 175.201108314095961, -40.188827778421185 ], [ 175.201003525706938, -40.188141944468555 ], [ 175.200795170748847, -40.187474495321418 ], [ 175.200620974621756, -40.18680097355368 ], [ 175.200522533994047, -40.186113992237949 ], [ 175.200326471091387, -40.185444340315648 ], [ 175.200142624526734, -40.184772512333168 ], [ 175.199970514746866, -40.184098593435579 ], [ 175.199763033743039, -40.183430949290567 ], [ 175.199541449722943, -40.182765803006703 ], [ 175.199349866175822, -40.182095308446989 ], [ 175.19915657908598, -40.181424008208637 ], [ 175.198925989483371, -40.180759473103251 ], [ 175.198680692015188, -40.180099317932786 ], [ 175.198440729557689, -40.179437971088177 ], [ 175.198217706890148, -40.178772854453612 ], [ 175.197975002871772, -40.178112103746372 ], [ 175.197761740941161, -40.177444805719759 ], [ 175.197578022078034, -40.176770937877272 ], [ 175.197343745463229, -40.176108295513465 ], [ 175.197175535339454, -40.175430969171423 ], [ 175.196907357378109, -40.17477584548331 ], [ 175.196628082899224, -40.174123180592083 ], [ 175.196363595602094, -40.173466956671874 ], [ 175.196114876783582, -40.172807023310867 ], [ 175.195821501022465, -40.172157675982369 ], [ 175.195560258733252, -40.17150103249292 ], [ 175.195339725211682, -40.170834916245944 ], [ 175.195044916919073, -40.170186065327414 ], [ 175.194766795367315, -40.169533327701842 ], [ 175.194462473941314, -40.168886676167411 ], [ 175.194184354617846, -40.168233925234205 ], [ 175.193898984503562, -40.167582853995775 ], [ 175.193659665858519, -40.166921067584667 ], [ 175.193378484008321, -40.166269009613849 ], [ 175.193055076136318, -40.165626764471163 ], [ 175.192763053621348, -40.164986205926894 ], [ 175.192423055731695, -40.164361799343396 ], [ 175.19216728093113, -40.163702679327351 ], [ 175.191830355437389, -40.163066372069672 ], [ 175.191603903917354, -40.162396785662565 ], [ 175.191387893345251, -40.161724048304727 ] ] } },
{ "type": "Feature", "properties": { "group_id": "nzd0310" }, "geometry": { "type": "LineString", "coordinates": [ [ 176.776206772956272, -40.217731414630663 ], [ 176.775354897680586, -40.217950602905518 ], [ 176.774487913063808, -40.218140151599648 ], [ 176.773588535183848, -40.218266154573506 ], [ 176.772725042015708, -40.218462547130429 ], [ 176.771858990155096, -40.218653918449277 ], [ 176.770968789428139, -40.218797914199641 ], [ 176.770127233941849, -40.219037336748841 ], [ 176.769265074133074, -40.219236337405498 ], [ 176.768378006089932, -40.219386470724459 ], [ 176.767553647225526, -40.219659626976366 ], [ 176.766719918111022, -40.219914400326317 ], [ 176.765911981962688, -40.220219776891987 ], [ 176.765120008029669, -40.220556471342263 ], [ 176.764250842471512, -40.220741721518976 ], [ 176.763463573636244, -40.221087649460124 ], [ 176.762625754844692, -40.221334400416822 ], [ 176.761823261253738, -40.22165046017556 ], [ 176.760971061002692, -40.221868994183787 ], [ 176.760127037048903, -40.222103569634776 ], [ 176.759314449478353, -40.222399826160405 ], [ 176.758474893079921, -40.222643167100891 ], [ 176.757659897306524, -40.222934699640021 ], [ 176.756842151350526, -40.223220836662669 ], [ 176.756022900741698, -40.223504021958853 ], [ 176.755183655308883, -40.223783304996452 ], [ 176.754350118834225, -40.224136801749076 ], [ 176.753484632207062, -40.224425595556419 ], [ 176.752657835806332, -40.224707543142031 ], [ 176.751851807981751, -40.225015407285007 ], [ 176.751061840532515, -40.225343312755236 ], [ 176.750284304688421, -40.225686731236785 ], [ 176.749420608710977, -40.22592261700715 ], [ 176.748628524318207, -40.226247873979453 ], [ 176.747862084510217, -40.226605134905995 ], [ 176.747070311786331, -40.226930777143245 ], [ 176.746238897802584, -40.227206941972135 ], [ 176.745438937714482, -40.227522361274616 ], [ 176.744668809662528, -40.227875011802155 ], [ 176.743894583696061, -40.228222546113827 ], [ 176.74311614064402, -40.228564815358872 ], [ 176.742290448646344, -40.228848110122946 ], [ 176.74154963893443, -40.229237347084769 ], [ 176.74078666161472, -40.229598914556007 ], [ 176.740075461649582, -40.230025106599236 ], [ 176.739326766618802, -40.230404498166791 ], [ 176.738557613985961, -40.230758354017418 ], [ 176.737836458087202, -40.23117211660891 ], [ 176.737066936573797, -40.231525509335647 ] ] } },
{ "type": "Feature", "properties": { "group_id": "nzd0311" }, "geometry": { "type": "LineString", "coordinates": [ [ 175.216010747642088, -40.454078320773476 ], [ 175.216215564974135, -40.453411344627362 ], [ 175.216261726186616, -40.452731461293638 ], [ 175.216477145109764, -40.45206690270544 ], [ 175.216538157719981, -40.451382828043563 ], [ 175.216686649782076, -40.450708618762718 ], [ 175.216855733786417, -40.450036726573195 ], [ 175.216928032067699, -40.449353905030669 ], [ 175.217112090829033, -40.448683689273437 ], [ 175.217208426235402, -40.448003566788095 ], [ 175.217310720035925, -40.447324109900855 ], [ 175.217414853510235, -40.446644853802475 ], [ 175.217550126284038, -40.445968826462646 ], [ 175.217692476868081, -40.445291321503795 ], [ 175.217801989593369, -40.44461059245382 ], [ 175.217932863375523, -40.443934003947184 ], [ 175.21806369637315, -40.443257405015011 ], [ 175.218242565514061, -40.442585041753219 ], [ 175.218369186646328, -40.441908057201864 ], [ 175.21843923427889, -40.441226069279224 ], [ 175.218583229472557, -40.440550605533488 ], [ 175.21873838581169, -40.439876120724996 ], [ 175.218808189352899, -40.439194090696098 ], [ 175.218928161067197, -40.438516484704373 ], [ 175.21912703166501, -40.437845840342568 ], [ 175.219257727123789, -40.437169167857391 ], [ 175.219417551373596, -40.436495061249403 ], [ 175.219597883644212, -40.435822759126239 ], [ 175.219837148532264, -40.435155655172622 ], [ 175.219979800012169, -40.434480011420497 ], [ 175.220066845711699, -40.433799467193779 ], [ 175.219979038236232, -40.433103469952734 ], [ 175.220162669627996, -40.432431443200393 ], [ 175.220236520508337, -40.431749692066944 ], [ 175.220404689592499, -40.431076275158802 ], [ 175.220793395636861, -40.430422354506121 ], [ 175.220841607235116, -40.429738315651718 ], [ 175.220839011455382, -40.429049776669302 ], [ 175.220926989371151, -40.428369240699396 ], [ 175.220967313714311, -40.42768448349301 ], [ 175.221006517641797, -40.426999620244771 ], [ 175.221131015531995, -40.426322293417961 ], [ 175.221255179404295, -40.425644930223648 ], [ 175.221382914764462, -40.424967876064862 ], [ 175.221550080489976, -40.424294302313456 ], [ 175.221643996607554, -40.423614243525279 ], [ 175.221732388497259, -40.42293368930838 ], [ 175.221811371202534, -40.422252296057131 ], [ 175.221975988006818, -40.42157846963012 ], [ 175.222015933003178, -40.420893610067388 ], [ 175.222166477857968, -40.420218525444341 ], [ 175.222247076940192, -40.419537247726915 ], [ 175.222251407898398, -40.418849217569573 ], [ 175.222447417314839, -40.418174385147125 ], [ 175.222567008923136, -40.417491182026005 ], [ 175.222598867237764, -40.416806821810624 ], [ 175.222705977744937, -40.416126954163531 ], [ 175.222800317532972, -40.415446416543297 ], [ 175.222913479285268, -40.41476684930592 ], [ 175.222960732577292, -40.414083853055644 ], [ 175.223085759207066, -40.413404888091357 ], [ 175.223246076953586, -40.412727748628072 ], [ 175.223298728548826, -40.412045011996774 ], [ 175.223358690289757, -40.411362648009174 ], [ 175.223491630825464, -40.41068406639863 ], [ 175.223528306597615, -40.410001926835243 ], [ 175.223618468660305, -40.409328151689024 ], [ 175.223685162590584, -40.408650955386925 ], [ 175.223805448893842, -40.407973018402231 ], [ 175.22388785374352, -40.407291833237643 ], [ 175.223999712934614, -40.406613161496175 ], [ 175.223994181806972, -40.405924438164305 ], [ 175.224141671086215, -40.405248801481271 ], [ 175.224150892797581, -40.404561326629015 ], [ 175.224209330765461, -40.403878056198344 ], [ 175.22432059286291, -40.403199299053426 ], [ 175.224453186865077, -40.402522360456842 ], [ 175.224467221966989, -40.401835269764767 ], [ 175.224551834783483, -40.40115567326319 ], [ 175.224638527431438, -40.400474798661541 ], [ 175.224657103045786, -40.399790892733726 ], [ 175.224745805118516, -40.399107702165907 ], [ 175.2248196143874, -40.398424356998376 ], [ 175.22502112360317, -40.397742270762421 ], [ 175.224975573410632, -40.397057728498517 ], [ 175.225004770897925, -40.396373920241217 ], [ 175.22504722059125, -40.395690236413941 ], [ 175.225108588223094, -40.395006733183862 ], [ 175.225181552970014, -40.394323337972601 ], [ 175.225228404004326, -40.393642705036598 ], [ 175.225228145130075, -40.392963856293932 ], [ 175.225283225977734, -40.392283547415772 ], [ 175.225311410295205, -40.391599509932597 ], [ 175.225346534774701, -40.390915784178794 ], [ 175.225505234995239, -40.390237725832229 ], [ 175.225550637485867, -40.389554458216459 ], [ 175.225673358550807, -40.388874733993028 ], [ 175.225745758916503, -40.388192692250094 ], [ 175.225752265442054, -40.387507617848357 ], [ 175.227330422941463, -40.349216997651006 ], [ 175.227305961393341, -40.348532716229222 ], [ 175.227393501054991, -40.347846578184999 ], [ 175.227272074021613, -40.347163884217224 ], [ 175.227272557133006, -40.346479169996449 ], [ 175.227303169014135, -40.345793951275986 ], [ 175.227266560449408, -40.345109835693862 ], [ 175.227337659464695, -40.344423934462419 ], [ 175.227228825929529, -40.343740997702682 ], [ 175.22703423112219, -40.34305946998623 ], [ 175.227120524286164, -40.342373297158822 ], [ 175.227130091450107, -40.34168838429153 ], [ 175.227138629356034, -40.341003481471382 ], [ 175.227129554746625, -40.340318862529799 ], [ 175.22705803555624, -40.3396352677265 ], [ 175.227083320675121, -40.338951446110002 ], [ 175.226991260578444, -40.338272055182976 ], [ 175.226952025883435, -40.337589598180124 ], [ 175.227009830109495, -40.336901617996133 ], [ 175.226938520560992, -40.33621889830934 ], [ 175.226918508298098, -40.335534078907614 ], [ 175.226877997724358, -40.334850088834308 ], [ 175.226823370408084, -40.334166667738629 ], [ 175.226837924805693, -40.333480417303903 ], [ 175.226793323008479, -40.332796573322781 ], [ 175.226747475722334, -40.332112773213133 ], [ 175.226803737675596, -40.331424800384461 ], [ 175.226897163765244, -40.330735304299978 ], [ 175.226830209409655, -40.330052344533122 ], [ 175.226711778002993, -40.329371477977887 ], [ 175.226624469263271, -40.328689334703299 ], [ 175.226532810174888, -40.328007361944302 ], [ 175.226429262076323, -40.32732586724331 ], [ 175.226371095259168, -40.326642514195292 ], [ 175.226373666970318, -40.325956676312025 ], [ 175.226490713762132, -40.325266161227368 ], [ 175.226317940218678, -40.324587536673889 ], [ 175.226281675380562, -40.323908895892949 ], [ 175.226185163377977, -40.32323365229518 ] ] } },
{ "type": "Feature", "properties": { "group_id": "nzd0312" }, "geometry": { "type": "LineString", "coordinates": [ [ 176.603838630722521, -40.490787808399006 ], [ 176.602934693826086, -40.490841815108325 ], [ 176.601954358689284, -40.49063258162434 ], [ 176.601067343131405, -40.490744875982159 ], [ 176.600199725820289, -40.49092401125985 ], [ 176.599353999533832, -40.491178582731841 ], [ 176.598360017234143, -40.490922273147987 ], [ 176.597481900409832, -40.491065223762668 ], [ 176.596603675767369, -40.491207803341041 ], [ 176.595694821765761, -40.491244825006326 ], [ 176.594855009556113, -40.4915197876485 ], [ 176.593992525669904, -40.491716620030346 ], [ 176.593175435484085, -40.492069908932628 ], [ 176.592333674566277, -40.492338177532467 ], [ 176.591416205768326, -40.492345506893109 ], [ 176.590490235584497, -40.492323525066027 ], [ 176.589522315179067, -40.492156930345018 ], [ 176.588806334744078, -40.492858779177034 ], [ 176.58788045917936, -40.492913195006786 ], [ 176.586968493967078, -40.493033708380658 ], [ 176.586071934500154, -40.493135602962063 ], [ 176.539725123514216, -40.50615378359857 ], [ 176.538930117738602, -40.506471459946525 ], [ 176.538124787895612, -40.506774690322402 ], [ 176.537293869645083, -40.507042117371213 ], [ 176.536521564710483, -40.507391551129494 ], [ 176.53574275148739, -40.507731877954377 ], [ 176.5349117651825, -40.507999204542429 ], [ 176.53414243813728, -40.508352801874224 ], [ 176.533355212194124, -40.508681354357989 ], [ 176.532600953489805, -40.509056033842988 ], [ 176.531788942234414, -40.509383730342712 ], [ 176.530977502593686, -40.50973226067341 ], [ 176.530211245491131, -40.510108618682878 ], [ 176.52947344423049, -40.510499483915289 ], [ 176.528628087547162, -40.510785137407687 ], [ 176.52785920794858, -40.511145596291186 ], [ 176.527215555634967, -40.511628549267414 ], [ 176.526512881885878, -40.512053765624977 ], [ 176.525828651884353, -40.512497021415456 ], [ 176.525072516365242, -40.512869936614244 ], [ 176.524346332524232, -40.513272148140665 ], [ 176.52369591553844, -40.513748473500215 ], [ 176.523014485243579, -40.514194459133421 ], [ 176.522310435198477, -40.514618315526072 ], [ 176.521595222828893, -40.515031250364153 ], [ 176.52082158485257, -40.51538702912616 ], [ 176.520044580464514, -40.515739511730651 ], [ 176.519324947021062, -40.516148114035488 ], [ 176.518624933664114, -40.5165759071973 ], [ 176.517931259922108, -40.517011953974574 ], [ 176.517194912010041, -40.517413151936957 ], [ 176.516446367215337, -40.517802528315535 ], [ 176.515612332015564, -40.518106636942029 ], [ 176.514748498984687, -40.51838325818678 ], [ 176.514091496335169, -40.518850640552635 ], [ 176.513352967841172, -40.51924282688455 ], [ 176.512634318605734, -40.519653345648827 ], [ 176.511951010226511, -40.520096457904579 ], [ 176.511323430744341, -40.520590968630088 ], [ 176.51061409607874, -40.521010070940129 ], [ 176.509979212264028, -40.52149783992914 ], [ 176.509310692249727, -40.521954582442667 ], [ 176.508680403542286, -40.522446585080445 ], [ 176.508017437312702, -40.52290844538409 ], [ 176.507351519130992, -40.523367580565399 ], [ 176.506629063710363, -40.523774566002778 ], [ 176.50584024079717, -40.524120333937439 ], [ 176.505027852983233, -40.52444436287432 ], [ 176.504347804990658, -40.524890454808506 ], [ 176.503634254494131, -40.525305642405591 ], [ 176.502929449421742, -40.525719370960118 ], [ 176.502314153373277, -40.52621122511043 ], [ 176.501740553854404, -40.52675998539398 ], [ 176.501034704346665, -40.527182317709617 ], [ 176.500297472806409, -40.527572773622765 ], [ 176.499545565709724, -40.52794832129603 ], [ 176.498913671772101, -40.528445763398366 ], [ 176.498203762583245, -40.528863963936978 ], [ 176.497349322544096, -40.529135361562588 ], [ 176.496554169138079, -40.529466973467976 ], [ 176.495671735788562, -40.529709929753601 ], [ 176.494880164983016, -40.530045173695108 ] ] } },
{ "type": "Feature", "properties": { "group_id": "nzd0315" }, "geometry": { "type": "LineString", "coordinates": [ [ 175.165519353994625, -40.631464442608014 ], [ 175.165858138807863, -40.630838337455053 ], [ 175.166023261377887, -40.630172850194405 ], [ 175.166421805420413, -40.629542926913395 ], [ 175.166555199469229, -40.628866739081602 ], [ 175.166835104099732, -40.628216104958234 ], [ 175.167003392824171, -40.627545991666203 ], [ 175.167150548983642, -40.626872184879595 ], [ 175.167349778886575, -40.626207456400529 ], [ 175.167548944373721, -40.625542710098692 ], [ 175.16774017109546, -40.624876572171083 ], [ 175.168073765331599, -40.624235265908766 ], [ 175.168317747361016, -40.623578318905508 ], [ 175.168594207337861, -40.622926416573954 ], [ 175.168853868916727, -40.622271878851357 ], [ 175.169116830017373, -40.621618746839225 ], [ 175.169354675861285, -40.620961098413083 ], [ 175.169597629227951, -40.62030440363246 ], [ 175.169825774651542, -40.619644918676222 ], [ 175.170034537170494, -40.618981783480066 ], [ 175.170312905671068, -40.618331726805827 ], [ 175.170591134373012, -40.617681637389474 ], [ 175.170853963899248, -40.617028646655477 ], [ 175.171185005558158, -40.616388472501285 ], [ 175.171311803746306, -40.615709896521992 ], [ 175.171587026592022, -40.615059216166209 ], [ 175.171784538699796, -40.614393920503289 ], [ 175.172109683298913, -40.61375261201394 ], [ 175.185140648438306, -40.576170202483276 ], [ 175.185223026950666, -40.575482933095849 ], [ 175.18554772527645, -40.574841112028267 ], [ 175.185748650889963, -40.574176066861526 ], [ 175.185961935342675, -40.573513333467623 ], [ 175.1861753161769, -40.572850611623906 ], [ 175.186393210123299, -40.572189015232311 ], [ 175.186633393685867, -40.57153093657346 ], [ 175.186803163257252, -40.570860887106775 ], [ 175.186969179899506, -40.570190288353693 ], [ 175.187285387683232, -40.569542896336273 ], [ 175.187549485020838, -40.568887443597461 ], [ 175.187746278785909, -40.568221581914095 ], [ 175.187988395161369, -40.567562718629745 ], [ 175.188329151932891, -40.566919094484668 ], [ 175.188607583951978, -40.566265830900321 ], [ 175.188788145044413, -40.565597433943445 ], [ 175.188907263991609, -40.564919533844005 ], [ 175.18908260833004, -40.564250917995317 ], [ 175.189176662711361, -40.563576326438906 ], [ 175.189318513203801, -40.56290424243155 ], [ 175.189525187733409, -40.562239381152366 ], [ 175.189722264316373, -40.561572417027435 ], [ 175.190085552205034, -40.560941750081831 ], [ 175.190223468902587, -40.56026185149436 ], [ 175.190537273966129, -40.559620363934478 ], [ 175.190750914516656, -40.558956992030254 ], [ 175.190990932021975, -40.558299374986284 ], [ 175.191256152570787, -40.557647256469124 ], [ 175.191459197489849, -40.556981550932697 ], [ 175.191611666455884, -40.556304791803043 ], [ 175.191839684792143, -40.55564452810362 ], [ 175.191956365913796, -40.554967141638983 ], [ 175.192212912546751, -40.554333204964806 ], [ 175.192376567300812, -40.553674154633256 ], [ 175.192681370382587, -40.55301871520399 ], [ 175.192892788600119, -40.552352675825503 ], [ 175.193086982259018, -40.551684675828092 ], [ 175.193222389764117, -40.551010000631415 ], [ 175.193476560431094, -40.550348790686542 ], [ 175.193660786254924, -40.549679639748632 ], [ 175.193860613608223, -40.549012251837368 ], [ 175.19409611643195, -40.548348904053078 ], [ 175.194241792971525, -40.547675360017131 ], [ 175.194597679779918, -40.547033174568043 ], [ 175.194620859406086, -40.546351497406263 ], [ 175.194900189051424, -40.545702433715761 ], [ 175.194995818905113, -40.545019006520526 ], [ 175.19507448834517, -40.544332642888016 ], [ 175.195235612003046, -40.543660514855326 ], [ 175.195463734244925, -40.542999953018573 ], [ 175.195598655574287, -40.542323285716549 ], [ 175.195716480439756, -40.541643658523341 ], [ 175.195897797200956, -40.540974991936693 ], [ 175.19602581385513, -40.540298317692624 ], [ 175.196176880962241, -40.539626752025015 ], [ 175.19632114978009, -40.538953031325555 ], [ 175.1965456660283, -40.538291365358617 ], [ 175.19671721969496, -40.537621248291536 ], [ 175.196895683078225, -40.536952226279801 ], [ 175.197054140037011, -40.536280007699759 ], [ 175.19722229844848, -40.535609329294815 ], [ 175.197576081230324, -40.534968241277937 ], [ 175.197704843781651, -40.534291268196462 ], [ 175.197864133962355, -40.533619155918437 ], [ 175.198088525112979, -40.532957417180995 ], [ 175.198376152996957, -40.532313158259051 ], [ 175.198535084577628, -40.531648808025636 ], [ 175.198725271080491, -40.530980344260044 ], [ 175.199047324802677, -40.530325766988859 ], [ 175.199233152674168, -40.529656344668027 ], [ 175.199424227739797, -40.52898748713406 ], [ 175.19960645293034, -40.528317658880361 ], [ 175.199747011680358, -40.527643285382673 ], [ 175.199621648721632, -40.526939939275458 ], [ 175.200047083009792, -40.526296582586824 ], [ 175.199887400811434, -40.525589484362087 ], [ 175.200102322359015, -40.524923183825315 ], [ 175.200626189968858, -40.524290529016533 ], [ 175.20028969529821, -40.523564150424555 ], [ 175.200477861078497, -40.522894915141435 ], [ 175.200812933833276, -40.522241675625082 ], [ 175.200986324577258, -40.521570817406705 ], [ 175.201077748206217, -40.520891023769771 ], [ 175.201044626190679, -40.520197656316924 ], [ 175.201100533103357, -40.519513979898313 ], [ 175.201242441897705, -40.518839665104551 ], [ 175.201334013133902, -40.518159172501868 ], [ 175.201478419627705, -40.517484402417097 ], [ 175.20163265732225, -40.516811434832981 ], [ 175.201899193024957, -40.516151298706404 ], [ 175.201975462374634, -40.515469551334547 ], [ 175.20218879207809, -40.514803360269369 ], [ 175.202325627291515, -40.514128476546333 ], [ 175.202623774434755, -40.513471902973961 ], [ 175.202842262514565, -40.512806277407741 ], [ 175.203070582777571, -40.512141761529165 ], [ 175.203242519315836, -40.511470836605959 ], [ 175.203305029420591, -40.51078747959393 ], [ 175.203517751627771, -40.510121172364919 ], [ 175.203677929079333, -40.509448866382563 ], [ 175.203844254778829, -40.508777025807262 ], [ 175.204049994925953, -40.508109386428302 ], [ 175.204200667724109, -40.50743592285491 ], [ 175.204340902327431, -40.506761310175733 ], [ 175.204459470684498, -40.506084319594478 ], [ 175.204642521139448, -40.505414379053484 ], [ 175.204734321004139, -40.504734445370225 ], [ 175.204813375159063, -40.504053109935491 ], [ 175.205044184173488, -40.503388375824905 ], [ 175.205100563266683, -40.50270454520065 ], [ 175.205130057470029, -40.502017765281607 ], [ 175.205460555381961, -40.501363921179241 ], [ 175.205680833667287, -40.500696787379056 ], [ 175.205687244696321, -40.500007159448927 ], [ 175.205807691611966, -40.499330030854196 ], [ 175.20604603384632, -40.49866436388308 ], [ 175.206097741783339, -40.49798095451478 ], [ 175.206135220918526, -40.497296186042263 ], [ 175.206240588984969, -40.496617862185474 ], [ 175.20646921608872, -40.495951244945779 ], [ 175.206488078543856, -40.49526468671003 ], [ 175.20639804413625, -40.494567772554149 ], [ 175.206491998206104, -40.493888336502536 ], [ 175.206612315998655, -40.493211399092566 ], [ 175.206655317261493, -40.492525979433132 ], [ 175.206686684600271, -40.491833906011216 ], [ 175.206747668529232, -40.491144020720391 ] ] } },
{ "type": "Feature", "properties": { "group_id": "nzd0320" }, "geometry": { "type": "LineString", "coordinates": [ [ 172.235865823776493, -40.773062980545348 ], [ 172.236748081117639, -40.772912376364857 ], [ 172.237632363568849, -40.772766132597795 ], [ 172.238450051475496, -40.772474249622995 ], [ 172.239252694230601, -40.772165704762365 ], [ 172.240040299311204, -40.771841176226729 ], [ 172.240842671349299, -40.771534137825952 ], [ 172.241592794376032, -40.771158428396738 ], [ 172.242346711827054, -40.77079338445337 ], [ 172.243091448380738, -40.770409219607508 ], [ 172.243744569823519, -40.769938215563279 ], [ 172.244402017774917, -40.769471328752971 ], [ 172.245069215010204, -40.769013722635428 ], [ 172.245782778416498, -40.768600263081716 ], [ 172.246592697333682, -40.768277666561865 ], [ 172.247361939073045, -40.767911948794719 ], [ 172.248041540718617, -40.767464671763094 ], [ 172.248761299246468, -40.767055366879809 ], [ 172.249391545059069, -40.766611338668596 ], [ 172.250030859953313, -40.766084294495229 ], [ 172.250874537166737, -40.765828841508068 ], [ 172.251819656824921, -40.765883238759471 ], [ 172.252710231766855, -40.765827962235747 ], [ 172.253572072032, -40.765606641033465 ] ] } },
{ "type": "Feature", "properties": { "group_id": "nzd0321" }, "geometry": { "type": "LineString", "coordinates": [ [ 175.024913112242444, -40.859234056467997 ], [ 175.025638501287574, -40.858806983206108 ], [ 175.02633149815415, -40.858357243123898 ], [ 175.026985698831254, -40.857938265239547 ], [ 175.027651170678638, -40.857511475835288 ], [ 175.028186622105977, -40.856959534583041 ], [ 175.028995013174153, -40.856603007773231 ], [ 175.029451689941425, -40.856045013707387 ], [ 175.030000079685436, -40.855526278596393 ], [ 175.030579361313727, -40.854983052976934 ], [ 175.031162114958477, -40.854450410111113 ], [ 175.031747606064187, -40.853937604086418 ], [ 175.032353232383656, -40.853443061375685 ], [ 175.033010576606756, -40.852978254104457 ], [ 175.033567222265333, -40.852445623357553 ], [ 175.03421025503394, -40.851965517136271 ], [ 175.034866570740633, -40.851496364985124 ], [ 175.035484933147728, -40.851005075136257 ], [ 175.03603752648894, -40.850470965533766 ], [ 175.036552295437417, -40.849908781371987 ], [ 175.037137713349154, -40.849390541876666 ], [ 175.037686040544742, -40.848853140761165 ], [ 175.038269469312354, -40.84833743785579 ], [ 175.038847128817309, -40.847817125046461 ], [ 175.03940028795671, -40.847282527462667 ], [ 175.04000581409062, -40.846781701305936 ], [ 175.040537500562351, -40.846234155125224 ], [ 175.041146509193425, -40.845732858504675 ], [ 175.041717097870844, -40.845214695463589 ], [ 175.042221439118265, -40.844659948066649 ], [ 175.042815759075722, -40.844147928330301 ], [ 175.043337421192831, -40.843595589446217 ], [ 175.043880902390015, -40.843056704784409 ], [ 175.044416621215106, -40.84250738550989 ], [ 175.044987807834417, -40.841976158131438 ], [ 175.045481568773226, -40.841418663674361 ], [ 175.046010979807789, -40.840880963076437 ], [ 175.046538767370691, -40.84032965824791 ], [ 175.047030276997788, -40.839757468411563 ], [ 175.047555204371292, -40.839200645210099 ], [ 175.048097423373889, -40.8386565666613 ], [ 175.048570977471115, -40.83808173814468 ], [ 175.04912123446519, -40.837546830599926 ], [ 175.049585832248596, -40.83697054776696 ], [ 175.050105251007381, -40.836420240634361 ], [ 175.050568302156819, -40.835832553836319 ], [ 175.051113004626473, -40.835284740846475 ], [ 175.051582202048309, -40.834705815675648 ], [ 175.052031946641364, -40.834117231513467 ], [ 175.05251186045507, -40.833543424667617 ], [ 175.052964403313041, -40.832970384811624 ], [ 175.053494692201838, -40.832428090667939 ], [ 175.053916422347754, -40.831827989212108 ], [ 175.054362187813581, -40.831234383877685 ], [ 175.054827857133603, -40.830651561500247 ], [ 175.055246836438897, -40.830051966231721 ], [ 175.055726063270725, -40.829476426761786 ], [ 175.05620290005416, -40.828899592409016 ], [ 175.056689623550113, -40.828326962224892 ], [ 175.057136199441516, -40.827737233659988 ], [ 175.057627724343547, -40.827166637353443 ], [ 175.058076752645832, -40.826577942533675 ], [ 175.058624025502354, -40.826032705787831 ], [ 175.058963393807488, -40.825404924685166 ], [ 175.059520083350549, -40.824854714388913 ], [ 175.059858050332224, -40.824223719296285 ], [ 175.060289324361264, -40.823626252774169 ], [ 175.060674422525068, -40.82301218519747 ], [ 175.061033120315614, -40.822388623735044 ], [ 175.061455892313717, -40.821788084844528 ], [ 175.061933366252589, -40.821207200222403 ], [ 175.062363206795055, -40.82060919063408 ], [ 175.062770976494107, -40.820003243218125 ], [ 175.063274338714535, -40.819431646160304 ], [ 175.063676011189898, -40.818823496278462 ], [ 175.06408379555242, -40.818217537414405 ], [ 175.064509339614034, -40.817617955815763 ], [ 175.064974839555276, -40.81703272883297 ], [ 175.065336838218229, -40.816415189992391 ], [ 175.065806289615381, -40.815840111150173 ], [ 175.066220671208129, -40.81523792174935 ], [ 175.066611057242113, -40.814625005840767 ], [ 175.067042705611669, -40.814028812434323 ], [ 175.067515142494074, -40.813449149528154 ], [ 175.067998980785688, -40.812874103499567 ], [ 175.068358033328877, -40.812248463439694 ], [ 175.06881070393618, -40.811660771257927 ], [ 175.069166039422242, -40.811033613415894 ], [ 175.069619412147631, -40.810446195218042 ], [ 175.070037588866569, -40.809844502938596 ], [ 175.070398390973281, -40.809219545040733 ], [ 175.07082125585228, -40.808619742634335 ], [ 175.071250508368195, -40.808022524508026 ], [ 175.071645048005962, -40.807410950945346 ], [ 175.072071317327215, -40.806811901605087 ], [ 175.072538214679923, -40.806227732125834 ], [ 175.072905333447153, -40.805606753763158 ], [ 175.07333741624555, -40.80500991579833 ], [ 175.07377273239652, -40.804414274110847 ], [ 175.074163006991256, -40.803801885725875 ], [ 175.074556165819985, -40.803190563805586 ], [ 175.074948773255585, -40.802579031385378 ], [ 175.075333095987588, -40.80196441409705 ], [ 175.075722957251742, -40.801351849839556 ], [ 175.076164082071216, -40.800758334072846 ], [ 175.076580703392125, -40.800155705147752 ], [ 175.076933069274332, -40.7995291772245 ], [ 175.077315575802174, -40.7989142568143 ], [ 175.077773327462722, -40.798324179620863 ], [ 175.078164782468008, -40.797711704931615 ], [ 175.078559691021326, -40.797100376209556 ], [ 175.079003098626799, -40.7965052154034 ], [ 175.079399006906613, -40.795894208638195 ], [ 175.079760684747384, -40.795271780816186 ], [ 175.080142018403649, -40.794655902149145 ], [ 175.080524269939843, -40.794040323835688 ], [ 175.080904703165629, -40.793424133393906 ], [ 175.081219174626682, -40.79278593974405 ], [ 175.081583768711681, -40.792164455577371 ], [ 175.081938740599355, -40.791540759257266 ], [ 175.082367068269178, -40.79094415477276 ], [ 175.082763492974095, -40.790335393712994 ], [ 175.083219395884583, -40.789747173766742 ], [ 175.083511318247218, -40.789098257647368 ], [ 175.083903960444502, -40.788486613230383 ], [ 175.084274264292333, -40.787866695559487 ], [ 175.084641164273421, -40.787245512462341 ], [ 175.085026071568421, -40.786630988515249 ], [ 175.085360352971435, -40.786000211682364 ], [ 175.085711772297174, -40.785377516952323 ], [ 175.086084744697672, -40.784758914021573 ], [ 175.086445225449012, -40.784135838016098 ], [ 175.086819038718062, -40.783516940665066 ], [ 175.087192451768829, -40.782897911855848 ], [ 175.08757719729573, -40.782282434000443 ], [ 175.08795541114452, -40.781664896257617 ], [ 175.088300729622233, -40.78103701642155 ], [ 175.08871265748752, -40.780430151924996 ], [ 175.089065826779802, -40.779804754257206 ], [ 175.089418583831105, -40.779179220646839 ], [ 175.089821004903058, -40.778569351702401 ], [ 175.090179632746214, -40.777945658815966 ], [ 175.128747773484662, -40.712779982395467 ], [ 175.129062989411494, -40.712142366625528 ], [ 175.129377372773774, -40.711504497495149 ], [ 175.129730966187537, -40.710878271477149 ], [ 175.130105881903916, -40.710258374278439 ], [ 175.130391706681365, -40.709612002557236 ], [ 175.130751813871569, -40.708987693904213 ], [ 175.131045895241925, -40.708343763145919 ], [ 175.131362983729559, -40.707706661741909 ], [ 175.131796776217783, -40.707104227123203 ] ] } },
{ "type": "Feature", "properties": { "group_id": "nzd0322" }, "geometry": { "type": "LineString", "coordinates": [ [ 172.210808150099524, -40.789643465263104 ], [ 172.211317316735659, -40.789064775204025 ], [ 172.211629204744753, -40.788426765527753 ], [ 172.211772222901544, -40.787737977210199 ], [ 172.212110968719884, -40.787111325541311 ], [ 172.212446610548142, -40.786481736250543 ], [ 172.212680762580874, -40.785825158148903 ], [ 172.212857525155613, -40.785156030894797 ], [ 172.213137345500428, -40.784509187295541 ], [ 172.213365003722288, -40.783851873511317 ], [ 172.213536450961158, -40.78318508984713 ], [ 172.21381007597472, -40.782535604948478 ], [ 172.214063714501691, -40.781881794058073 ], [ 172.214293891918658, -40.781223907158044 ] ] } },
{ "type": "Feature", "properties": { "group_id": "nzd0323" }, "geometry": { "type": "LineString", "coordinates": [ [ 172.126014201380826, -40.876380797155726 ], [ 172.12676649943603, -40.875993837353199 ], [ 172.127517332437748, -40.875597851302835 ], [ 172.128268935750839, -40.875089994368707 ], [ 172.12880769126474, -40.874445763591275 ], [ 172.129156670242423, -40.873818380696328 ], [ 172.129509039516165, -40.873192267939849 ], [ 172.129852539580895, -40.872562811797714 ], [ 172.13013410182765, -40.871905959899259 ], [ 172.13048459468277, -40.871245102745299 ], [ 172.130812929284275, -40.870577768108468 ], [ 172.131047085724788, -40.869921944271958 ], [ 172.131288217010791, -40.869267489809999 ], [ 172.131507091513981, -40.868608638264405 ], [ 172.131711124500868, -40.867946852400287 ], [ 172.131873609396877, -40.8672768637866 ], [ 172.131991527826045, -40.866598076847517 ], [ 172.132160751576862, -40.865929404289552 ], [ 172.132371613391427, -40.865268939181561 ], [ 172.132487791634389, -40.864583628142817 ], [ 172.132693298855315, -40.863913505801975 ], [ 172.132861718798893, -40.863243427121517 ], [ 172.133023645995053, -40.862574863510396 ], [ 172.133144857146078, -40.861901636565413 ], [ 172.133270479131994, -40.861228907239081 ], [ 172.133371418157594, -40.860553348175927 ], [ 172.133442093220651, -40.859874321047855 ], [ 172.13357672977321, -40.859202602185256 ], [ 172.133732014379945, -40.85853323797761 ], [ 172.133868283751553, -40.857857919147108 ], [ 172.133951230792718, -40.857177498831263 ], [ 172.134030119507202, -40.856500477209778 ], [ 172.1341749660603, -40.855829140553851 ], [ 172.134377487278073, -40.855162773962263 ], [ 172.134785545412058, -40.854514136555991 ], [ 172.135145548102372, -40.853861344913845 ], [ 172.134826227499246, -40.853149927377792 ] ] } },
{ "type": "Feature", "properties": { "group_id": "nzd0324" }, "geometry": { "type": "LineString", "coordinates": [ [ 176.219386387048388, -40.88728760166908 ], [ 176.21946499527769, -40.888024039201433 ], [ 176.219421536521509, -40.888717197719892 ], [ 176.219158865729071, -40.889388068182647 ], [ 176.219024244831644, -40.890063164959507 ], [ 176.21906370786354, -40.890744010050355 ], [ 176.219076132607654, -40.891423954211646 ], [ 176.219091269554639, -40.892103981002251 ], [ 176.219096450461137, -40.892797822300459 ], [ 176.219080007687353, -40.893511555242895 ], [ 176.21926075626962, -40.894186530349124 ], [ 176.219445465068191, -40.894852371420676 ], [ 176.219622853344049, -40.895519754260654 ], [ 176.219870584936359, -40.896202288012738 ], [ 176.22015287237403, -40.896894930387454 ], [ 176.22047900190725, -40.897548685363297 ], [ 176.220827150548047, -40.898178903283785 ], [ 176.22149018141539, -40.898695534542405 ], [ 176.222112216343135, -40.899253530185952 ], [ 176.222742754783667, -40.899806929390067 ], [ 176.223394623675119, -40.900277558693148 ], [ 176.224110775467494, -40.900687494902265 ], [ 176.224821175183592, -40.90116370397903 ], [ 176.22565787524556, -40.901562630864589 ], [ 176.226503151176161, -40.901921675768087 ], [ 176.227390377066598, -40.902052540988109 ] ] } },
{ "type": "Feature", "properties": { "group_id": "nzd0325" }, "geometry": { "type": "LineString", "coordinates": [ [ 174.975248902390888, -40.934344145323735 ], [ 174.975451678383138, -40.933681736763695 ], [ 174.975516841092912, -40.933027602818512 ], [ 174.975639978104141, -40.932361918341122 ], [ 174.975790019450756, -40.931681956821578 ], [ 174.975968701102943, -40.931004505862838 ], [ 174.976060041057849, -40.930333496645822 ], [ 174.976192106499326, -40.929675965167611 ], [ 174.976399210297984, -40.929022195171406 ], [ 174.976390571679502, -40.928329656899244 ], [ 174.976444934645087, -40.927644152860765 ], [ 174.976616677796073, -40.926970763084334 ], [ 174.976824952292674, -40.92630652632284 ], [ 174.976893093804449, -40.925633473052628 ], [ 174.976981753578116, -40.924955269612674 ], [ 174.97716962597346, -40.924281664473675 ], [ 174.977250192830354, -40.923603540275366 ], [ 174.977319215941009, -40.922920285613088 ], [ 174.977440103821436, -40.922250051799288 ], [ 174.977455054474007, -40.921585673570362 ], [ 174.97754043096009, -40.920906793604715 ], [ 174.977694991628312, -40.920227530546185 ], [ 174.977735279222173, -40.919545433315946 ], [ 174.977852110116203, -40.918855638940201 ], [ 174.978000023844317, -40.918162676256003 ], [ 174.978168680815855, -40.917487291294137 ], [ 174.978393100312303, -40.916820592009394 ], [ 174.978193722860283, -40.916140578827047 ], [ 174.978199397519461, -40.915455540779078 ], [ 174.978128898041746, -40.914774825684447 ], [ 174.978086694003849, -40.91409540406466 ], [ 174.978047020277927, -40.913413125034459 ], [ 174.978054547507497, -40.912727254020815 ], [ 174.978227067113437, -40.912035621105147 ], [ 174.977925655303096, -40.911362216997091 ], [ 174.977936750102486, -40.910676239154121 ], [ 174.977894582686957, -40.910002012516692 ], [ 174.977805537414611, -40.909323845592318 ], [ 174.977875061538498, -40.908615781443075 ], [ 174.977794690807656, -40.907914303059904 ], [ 174.97777089433572, -40.907221013427957 ], [ 174.977635328576753, -40.906565690992807 ], [ 174.977423601847732, -40.905939040156397 ], [ 174.977355048669182, -40.905293783276647 ], [ 174.977355346463213, -40.904622767842 ], [ 174.977241404076096, -40.903946797352567 ], [ 174.977134667605327, -40.903267086439811 ], [ 174.977071191156284, -40.902584998115493 ], [ 174.977040052358603, -40.901907299817118 ], [ 174.977079850014036, -40.901231245529019 ], [ 174.977040344045093, -40.900553827008288 ], [ 174.977043894242598, -40.899882279012033 ], [ 174.977077212555656, -40.899210708453133 ], [ 174.9771095248216, -40.898532190067748 ], [ 174.977169051208108, -40.897854219479434 ], [ 174.977250034385804, -40.89717667932733 ], [ 174.977235515651017, -40.896516160299129 ], [ 174.977386829596526, -40.895866221001874 ], [ 174.97753302000379, -40.895196511951539 ], [ 174.977695534850028, -40.894532416692989 ], [ 174.977956187234611, -40.893884306822137 ], [ 174.978069179861052, -40.893213029039607 ], [ 174.978317470923969, -40.892558846362952 ], [ 174.978695078882851, -40.89193020688397 ], [ 174.978963177786397, -40.8912854959122 ], [ 174.979038813028382, -40.890607890514708 ], [ 174.979196564114261, -40.889995707122715 ], [ 174.979536347798728, -40.889422075272179 ], [ 174.979744582997711, -40.888751580623172 ], [ 174.980046354304733, -40.888111830339206 ], [ 174.980330535691678, -40.887466225109812 ], [ 174.980687694784905, -40.88684316006438 ], [ 174.981109040686817, -40.886231156009885 ], [ 174.981476211664159, -40.885600359579563 ], [ 174.981810822670354, -40.884963908433257 ], [ 174.982256712492926, -40.884323972048684 ], [ 174.982543171429626, -40.883644107132469 ], [ 174.982920281292422, -40.883150915788526 ], [ 174.98318555682863, -40.882733851879152 ], [ 174.98362081052386, -40.882188219283691 ], [ 174.98408537456973, -40.881604553215361 ], [ 174.984764110190667, -40.881210371437383 ], [ 174.98544291635659, -40.880798592754878 ], [ 174.986071072325274, -40.880303622857291 ], [ 174.986855939275983, -40.87995984754302 ], [ 174.987590501785689, -40.879597474070131 ], [ 174.988341395952432, -40.879268305327152 ] ] } },
{ "type": "Feature", "properties": { "group_id": "nzd0326" }, "geometry": { "type": "LineString", "coordinates": [ [ 176.213468593933868, -40.909989188875521 ], [ 176.212577531105552, -40.910088082678215 ], [ 176.21166615098673, -40.910118713885339 ], [ 176.210720457244776, -40.91038228698136 ], [ 176.209824982894787, -40.910741163160438 ], [ 176.209047337270306, -40.911109612202573 ], [ 176.208298344937589, -40.911529021440181 ], [ 176.207519155503491, -40.91193249502782 ], [ 176.206817406156148, -40.912386989932621 ], [ 176.206071422070266, -40.912793069559889 ], [ 176.205352457499288, -40.913269003218787 ], [ 176.204770617991869, -40.913827717089944 ], [ 176.204195947464285, -40.914350090883559 ] ] } },
{ "type": "Feature", "properties": { "group_id": "nzd0328" }, "geometry": { "type": "LineString", "coordinates": [ [ 172.098848352976603, -40.939488487746708 ], [ 172.098928014595202, -40.938798817452842 ], [ 172.098933186666017, -40.938115487480125 ], [ 172.098814989798683, -40.93744266339214 ], [ 172.098727164164984, -40.936767244343201 ], [ 172.098572218676452, -40.936097538067884 ], [ 172.09846289267827, -40.93542393744476 ], [ 172.098437447622189, -40.934743181921128 ], [ 172.098254194150826, -40.934075867385872 ], [ 172.098137654931406, -40.933402881600365 ], [ 172.098009395071273, -40.93273117287621 ], [ 172.097930317409549, -40.932054575146552 ], [ 172.097707497503166, -40.931392395684789 ], [ 172.097604019536959, -40.930718146242029 ], [ 172.097443308473601, -40.930049675137411 ], [ 172.097448322590537, -40.929364445405668 ], [ 172.097307420169187, -40.928693958337966 ], [ 172.097111964184535, -40.928028589805869 ], [ 172.096407118364198, -40.927402792228982 ], [ 172.096191318051126, -40.926718424610904 ], [ 172.096545851695879, -40.926008964381026 ], [ 172.096692040216311, -40.925324786174237 ], [ 172.096615272977743, -40.924647688607443 ], [ 172.096502402757949, -40.92397154723956 ], [ 172.096474671791157, -40.923293127556185 ], [ 172.096496352714325, -40.922613382668409 ], [ 172.096456492528489, -40.921935272644518 ], [ 172.096644991782057, -40.921250963286063 ], [ 172.096314106974262, -40.920606576566442 ], [ 172.096336382518842, -40.919914421318687 ], [ 172.096242230100614, -40.919237150555801 ], [ 172.096046574807332, -40.918574256139614 ] ] } },
{ "type": "Feature", "properties": { "group_id": "nzd0329" }, "geometry": { "type": "LineString", "coordinates": [ [ 172.100487103146065, -40.957491358656334 ], [ 172.100628420996202, -40.956775627421081 ], [ 172.100858617301526, -40.956045757598211 ], [ 172.100719959220555, -40.955374523235868 ], [ 172.10053330524002, -40.954710912968743 ], [ 172.099942453460926, -40.95411155854449 ], [ 172.099807725196655, -40.953439679690661 ], [ 172.099640676549058, -40.952772460196556 ], [ 172.099486571592394, -40.952103808934169 ], [ 172.099282453225129, -40.951436623206341 ], [ 172.099178814683029, -40.950762606157504 ], [ 172.099103266712547, -40.950086470888209 ], [ 172.099025448579738, -40.949410499339898 ] ] } },
{ "type": "Feature", "properties": { "group_id": "nzd0330" }, "geometry": { "type": "LineString", "coordinates": [ [ 176.160211748438911, -40.94446451550305 ], [ 176.159573062257465, -40.944941456319043 ], [ 176.158964862577506, -40.945441276119958 ], [ 176.158375919906973, -40.945955546423065 ], [ 176.157704312605915, -40.946407767669633 ], [ 176.156988246186813, -40.946850412167066 ], [ 176.156365471010673, -40.947364697009029 ], [ 176.155744496765749, -40.947858567595098 ], [ 176.155205571369294, -40.948402496061703 ], [ 176.154623155509768, -40.948934018572253 ], [ 176.154056651749841, -40.949476904197276 ], [ 176.153410508246878, -40.949961473050699 ], [ 176.15282774322236, -40.950479777661307 ], [ 176.152280479722521, -40.951017784258383 ], [ 176.151696576020498, -40.951535448040993 ], [ 176.151187065948506, -40.952094402264521 ], [ 176.150686983169692, -40.952660239695184 ], [ 176.150199230220863, -40.953240229705592 ], [ 176.149719912574938, -40.953821831328106 ], [ 176.14918414313621, -40.954366866816372 ], [ 176.148704687346907, -40.954940830304686 ], [ 176.148177070406689, -40.955489647912401 ], [ 176.147631338548734, -40.956029115555175 ], [ 176.147110010431248, -40.956581535423645 ], [ 176.146570760262279, -40.957124687323933 ], [ 176.146070254705421, -40.957687860543537 ], [ 176.145575895191541, -40.958257451349226 ], [ 176.145107529767955, -40.95886130296585 ], [ 176.144629993466452, -40.959461062399114 ], [ 176.144159423094862, -40.960042732603632 ], [ 176.143732719239864, -40.960633845923553 ], [ 176.143351175578118, -40.961239030370777 ], [ 176.142922641421166, -40.961832412257657 ], [ 176.142528311926782, -40.962442223407486 ], [ 176.142051929668781, -40.963018921858406 ], [ 176.141573444720962, -40.963594766641123 ], [ 176.141139713901424, -40.964188663920261 ], [ 176.140726950978888, -40.964791016166465 ], [ 176.140351955085038, -40.965408601509139 ], [ 176.139934599520842, -40.966022435152581 ], [ 176.139478901497483, -40.966628140559152 ], [ 176.13902656267291, -40.967224009570465 ], [ 176.138691923437221, -40.967853297135171 ], [ 176.138356944987237, -40.968482475389585 ], [ 176.137906731932759, -40.969076525403153 ], [ 176.137605235072897, -40.969713189667665 ], [ 176.137218380033232, -40.970321897687249 ], [ 176.136741820593215, -40.970904313594765 ], [ 176.136416281149167, -40.971536645640988 ], [ 176.136118689498431, -40.972177953081477 ], [ 176.135780674062602, -40.972807696831403 ], [ 176.135429288403998, -40.973449359549114 ], [ 176.135025472160322, -40.974079390985167 ], [ 176.134901751666717, -40.97476168686309 ], [ 176.134662823741564, -40.975415937473684 ], [ 176.1342814184693, -40.976026603205916 ], [ 176.133862279596769, -40.976601514277377 ], [ 176.133419170915175, -40.977173857309516 ], [ 176.133051564343646, -40.977842211066722 ], [ 176.132883128007052, -40.978553471513997 ], [ 176.132712194755015, -40.979219429614858 ], [ 176.13244028822416, -40.979868066973339 ], [ 176.13230226172351, -40.980539654457431 ] ] } },
{ "type": "Feature", "properties": { "group_id": "nzd0332" }, "geometry": { "type": "LineString", "coordinates": [ [ 174.940554018621697, -40.998192561331926 ], [ 174.941076669743524, -40.997639450781314 ], [ 174.941560267986176, -40.997068083303176 ], [ 174.942113506114765, -40.996533470871881 ], [ 174.942606505968627, -40.995971625309089 ], [ 174.943101625732425, -40.995406129793061 ], [ 174.943599611368057, -40.994840332531226 ], [ 174.944091342501991, -40.994271217393042 ], [ 174.944543235409384, -40.993683744196069 ], [ 174.94503132088451, -40.993113193223898 ], [ 174.945550116179533, -40.992557096618178 ], [ 174.94600950466841, -40.991976077843681 ], [ 174.946439293378063, -40.991380411144746 ], [ 174.946922615487324, -40.990809158595347 ], [ 174.947403389620121, -40.990239088137869 ], [ 174.947914283877907, -40.989683160266033 ], [ 174.948386547398911, -40.989100086473329 ], [ 174.94885463905652, -40.988513375196924 ], [ 174.949327136759706, -40.987937896459194 ], [ 174.949622391880297, -40.987290440981624 ], [ 174.949958046161129, -40.986656073988371 ], [ 174.950368617018256, -40.986052874269369 ], [ 174.950843154782291, -40.9854759652398 ], [ 174.951327623322584, -40.98490299720892 ], [ 174.95181317937849, -40.984330437196981 ], [ 174.952215194231769, -40.983723646033127 ], [ 174.952669626832829, -40.983137464185702 ], [ 174.953021365912775, -40.982512814129024 ], [ 174.953477735339874, -40.981924869904283 ], [ 174.953945007396783, -40.981346061051021 ], [ 174.954339706557562, -40.980738539198185 ], [ 174.954783209913757, -40.980146773835841 ], [ 174.95514067757631, -40.979522796200563 ], [ 174.955578780256019, -40.978929886737291 ], [ 174.955994706211214, -40.978328665598859 ], [ 174.956359562450984, -40.977708366506697 ], [ 174.956783737406226, -40.977109630785044 ], [ 174.957222007169179, -40.976515368293839 ], [ 174.957625791332276, -40.97590884557664 ], [ 174.958016785552218, -40.975297781900288 ], [ 174.958366804933036, -40.974671676287315 ], [ 174.958840047069316, -40.974081596316452 ], [ 174.959313246077784, -40.973484948927037 ], [ 174.959755888930886, -40.972909328450505 ], [ 174.960000455820563, -40.972270763351851 ], [ 174.960303868635691, -40.971620251125671 ], [ 174.960589087644621, -40.970968473211236 ], [ 174.960969746783263, -40.970353282371796 ], [ 174.96134309562467, -40.969735829894397 ], [ 174.961729101722909, -40.969126408238516 ], [ 174.96203217009591, -40.968490699807646 ], [ 174.962424221455109, -40.967881611352361 ], [ 174.962743964207789, -40.967243299863746 ], [ 174.963162601982447, -40.966633133215666 ], [ 174.963470101502054, -40.96599544406579 ], [ 174.963774231672261, -40.96535794857752 ], [ 174.964155575851692, -40.964741841693133 ], [ 174.964476047459556, -40.964108780529457 ], [ 174.964781690997057, -40.963471559186253 ], [ 174.965052955116022, -40.962825950139795 ], [ 174.965381112795512, -40.962195680357915 ], [ 174.96571089746331, -40.961564737299902 ], [ 174.966066222717018, -40.960937951291172 ], [ 174.96639161317708, -40.960301350939694 ], [ 174.966671195782311, -40.959656247134376 ], [ 174.967001961452212, -40.959024396681727 ], [ 174.967303290057686, -40.958384967911634 ], [ 174.967564761826623, -40.957735527002754 ], [ 174.96786719249468, -40.95709642386155 ], [ 174.968242717030847, -40.95647145521599 ], [ 174.968722934134888, -40.955866111551622 ], [ 174.968838860234825, -40.955184805284858 ], [ 174.968958703449005, -40.954508275929065 ], [ 174.969252211902841, -40.953871934895069 ], [ 174.969546221170418, -40.953232202389955 ], [ 174.969828830108781, -40.952581712293735 ], [ 174.970071466244207, -40.951921036553586 ], [ 174.970293453322796, -40.951262137695778 ], [ 174.970543321996274, -40.950611259568902 ], [ 174.970752027681584, -40.949953863969917 ], [ 174.971077836269558, -40.949318309303287 ], [ 174.971341040096831, -40.948669204533374 ], [ 174.971645366054105, -40.948028390698433 ], [ 174.971875179530485, -40.947372535768586 ], [ 174.972121155230695, -40.946719935496226 ], [ 174.972257176342538, -40.946037506744375 ], [ 174.972464392651233, -40.945369337766166 ] ] } },
{ "type": "Feature", "properties": { "group_id": "nzd0333" }, "geometry": { "type": "LineString", "coordinates": [ [ 172.110011169897035, -41.006070968579785 ], [ 172.109822538125542, -41.00540753499466 ], [ 172.109635754057365, -41.004743858234988 ] ] } },
{ "type": "Feature", "properties": { "group_id": "nzd0335" }, "geometry": { "type": "LineString", "coordinates": [ [ 172.111252212321688, -41.031486098922521 ], [ 172.111274899334603, -41.030802281779671 ], [ 172.111217732224191, -41.030125224379574 ], [ 172.111098264165491, -41.029453439451594 ], [ 172.110955880818153, -41.028783589499419 ], [ 172.110824838933809, -41.028112771605464 ], [ 172.110754314909826, -41.027436818526866 ], [ 172.110626073715792, -41.026765742804862 ], [ 172.110505813819799, -41.026093958523653 ], [ 172.110384087186219, -41.025422338209204 ], [ 172.110296691325487, -41.024747754750422 ], [ 172.110203987854845, -41.02407362633403 ], [ 172.110114886639167, -41.023399177517874 ], [ 172.110460855551423, -41.022651923596477 ], [ 172.109945327245782, -41.022022396462205 ], [ 172.109675660999869, -41.021373682961588 ], [ 172.109673070723517, -41.020663780166899 ] ] } },
{ "type": "Feature", "properties": { "group_id": "nzd0336" }, "geometry": { "type": "LineString", "coordinates": [ [ 172.107170436402043, -41.050977404460916 ], [ 172.10707036842652, -41.05030405530313 ], [ 172.106999433311017, -41.049627795910858 ], [ 172.107009997011147, -41.048943407363254 ], [ 172.106949818320885, -41.048266062074951 ], [ 172.106813761114068, -41.04759627212762 ], [ 172.10670215168679, -41.046924038808761 ], [ 172.106593111230779, -41.046251542603436 ], [ 172.106469281599544, -41.045580513489469 ] ] } },
{ "type": "Feature", "properties": { "group_id": "nzd0337" }, "geometry": { "type": "LineString", "coordinates": [ [ 172.104679219189933, -41.067023542662987 ], [ 172.104726923066664, -41.066332345558948 ], [ 172.104626620403195, -41.065658650666393 ], [ 172.104485848010967, -41.064989736583584 ], [ 172.104375757715786, -41.064317185927393 ], [ 172.104196609706889, -41.063652798190589 ], [ 172.104964659884558, -41.062876343095944 ] ] } },
{ "type": "Feature", "properties": { "group_id": "nzd0338" }, "geometry": { "type": "LineString", "coordinates": [ [ 174.853622554786057, -41.069693471145158 ], [ 174.853458767287975, -41.069025294489037 ], [ 174.853211246306614, -41.068376970252274 ], [ 174.852794898412952, -41.06777279039342 ], [ 174.85225992880234, -41.06722763131669 ], [ 174.851726216221891, -41.066681775589792 ] ] } },
{ "type": "Feature", "properties": { "group_id": "nzd0339" }, "geometry": { "type": "LineString", "coordinates": [ [ 172.103214801964839, -41.077409797638047 ], [ 172.103097509497303, -41.076738379791237 ], [ 172.10294140629702, -41.07607042900338 ], [ 172.102959265362671, -41.075386900013839 ], [ 172.10295173672381, -41.074705636420916 ], [ 172.10298802707814, -41.074020443399732 ], [ 172.102976837459494, -41.073339493385213 ] ] } },
{ "type": "Feature", "properties": { "group_id": "nzd0340" }, "geometry": { "type": "LineString", "coordinates": [ [ 172.103212686397768, -41.088781288201538 ], [ 172.103209194164492, -41.088097449741127 ], [ 172.103111831194838, -41.087424019961574 ], [ 172.103022539934784, -41.086749722341715 ], [ 172.102970941372405, -41.0860712415599 ], [ 172.102858430326592, -41.085399391897347 ], [ 172.10276072236303, -41.084730438941222 ], [ 172.102641032159994, -41.084064781419116 ], [ 172.102555807457719, -41.083391752909407 ], [ 172.102406665953168, -41.082722506805943 ] ] } },
{ "type": "Feature", "properties": { "group_id": "nzd0341" }, "geometry": { "type": "LineString", "coordinates": [ [ 176.068758996971127, -41.103776428141074 ], [ 176.068616653219493, -41.104445237887013 ] ] } },
{ "type": "Feature", "properties": { "group_id": "nzd0342" }, "geometry": { "type": "LineString", "coordinates": [ [ 174.831686668984844, -41.107689760477378 ], [ 174.832609199913605, -41.107734661030499 ], [ 174.833485875917972, -41.107571616377243 ], [ 174.834234578869342, -41.107173845979354 ], [ 174.834883648635667, -41.10670427391036 ], [ 174.835445007138986, -41.106170161833553 ], [ 174.835970180562782, -41.105597682185582 ], [ 174.836316071288138, -41.104925418968151 ], [ 174.836463006779127, -41.104227361009961 ], [ 174.8363204942614, -41.103530752337782 ] ] } },
{ "type": "Feature", "properties": { "group_id": "nzd0343" }, "geometry": { "type": "LineString", "coordinates": [ [ 176.060667767610482, -41.130688384067611 ], [ 176.059771568921235, -41.130854349733461 ], [ 176.058954633071664, -41.131136852216947 ], [ 176.058159410303716, -41.131451278454513 ], [ 176.057389209116707, -41.131802493978178 ], [ 176.056632627087396, -41.132173734150797 ], [ 176.055877233136158, -41.132546721257746 ], [ 176.055160037728911, -41.13297587442338 ], [ 176.054383234104733, -41.13337804580889 ], [ 176.053686913722885, -41.133853116388394 ], [ 176.053031160574477, -41.134319865286521 ], [ 176.052330172481618, -41.134755924005717 ], [ 176.051677922358436, -41.135224449499304 ], [ 176.051114591443564, -41.135752212105594 ], [ 176.05050839247977, -41.136251410865654 ], [ 176.04987855971595, -41.136780158327568 ], [ 176.049285646667329, -41.137349216630433 ], [ 176.048817817537838, -41.137936637995608 ], [ 176.048394585673577, -41.138533245375569 ], [ 176.047967901831015, -41.139128495164961 ], [ 176.04750451667698, -41.139709625700519 ], [ 176.047067804976166, -41.140301408732945 ] ] } },
{ "type": "Feature", "properties": { "group_id": "nzd0345" }, "geometry": { "type": "LineString", "coordinates": [ [ 172.093001438190043, -41.271598215025953 ], [ 172.093178097657699, -41.270931532414792 ], [ 172.093422551266144, -41.2702689216392 ], [ 172.093429743119344, -41.269592028923086 ], [ 172.093485640762054, -41.268918059652727 ], [ 172.093461856181904, -41.268239289232085 ], [ 172.102531354160647, -41.195644685310739 ], [ 172.102604917731099, -41.194970991284393 ], [ 172.102637816103396, -41.194294497385187 ], [ 172.102685729411405, -41.193619027779846 ], [ 172.102707163035234, -41.1929417325358 ], [ 172.102758398572405, -41.192266477204662 ], [ 172.102780026805135, -41.191594015190496 ], [ 172.102870431266211, -41.190936365870321 ], [ 172.102960754460895, -41.190271768734355 ], [ 172.102989692734894, -41.189596094407172 ], [ 172.10303220682448, -41.188920643147526 ], [ 172.103088224410698, -41.188245413720253 ], [ 172.103072809015629, -41.187568966873279 ], [ 172.103054491021283, -41.186892463854136 ], [ 172.103037198740566, -41.18621597122884 ], [ 172.10305539204245, -41.185540072952698 ], [ 172.103094517154261, -41.184864522401568 ], [ 172.10315264992164, -41.184189286957128 ], [ 172.103200783801952, -41.183513875088607 ], [ 172.103292134248477, -41.182839188512133 ], [ 172.103354100650051, -41.182163997032362 ], [ 172.103387734774287, -41.18148831850629 ], [ 172.103433095799716, -41.180812831693267 ], [ 172.103508262326017, -41.180137842888804 ], [ 172.103526695356265, -41.17946188586221 ], [ 172.103549668768267, -41.178785998784335 ], [ 172.103563274445293, -41.178109946012903 ], [ 172.103590070471853, -41.177434109744141 ], [ 172.103583650087018, -41.176757703720085 ], [ 172.103617495964244, -41.176081972940302 ], [ 172.103602964705004, -41.175405415538364 ], [ 172.103631245600184, -41.174729576518281 ], [ 172.103674159879205, -41.174053978447219 ], [ 172.103686483097761, -41.173377855103197 ], [ 172.103738423624208, -41.172702395996069 ], [ 172.103791933200199, -41.172026956481993 ], [ 172.103788406871189, -41.171350543682799 ], [ 172.103797133712817, -41.170674331498908 ], [ 172.10382166551031, -41.169998380106932 ], [ 172.103784558202648, -41.169321958661207 ], [ 172.103846114568086, -41.168646711928396 ], [ 172.104076342505465, -41.167970949280431 ], [ 172.104166219586858, -41.167294877602266 ], [ 172.104401240615118, -41.166619047422543 ], [ 172.104582455184442, -41.165943117735814 ], [ 172.10428517058557, -41.165266362203631 ], [ 172.104149201271781, -41.164589875554697 ], [ 172.104012717009908, -41.163913380904837 ], [ 172.103968213480044, -41.163237036942562 ], [ 172.103962581395677, -41.162560752670345 ], [ 172.103940493911864, -41.161884433194153 ], [ 172.103951384306356, -41.161208163304615 ], [ 172.103919309744782, -41.160531812741119 ], [ 172.10389675775258, -41.159855471530555 ], [ 172.10390391139336, -41.159179174298295 ], [ 172.103907352127976, -41.158502863716727 ], [ 172.103879676117828, -41.157826492782917 ], [ 172.103925477805802, -41.15715016973499 ], [ 172.103889809599025, -41.156473655216473 ], [ 172.103870835969758, -41.155797251457145 ], [ 172.103932196053222, -41.155120790685395 ], [ 172.103936268313419, -41.154444424869141 ], [ 172.103896431088515, -41.153768130227675 ], [ 172.103871510607433, -41.153091802057425 ], [ 172.103796385494974, -41.152415556239987 ], [ 172.103796121117995, -41.151739170241264 ], [ 172.103780975676443, -41.151062803741112 ], [ 172.103789010889727, -41.15038638901666 ], [ 172.10379715616665, -41.149709967114056 ], [ 172.103767503435336, -41.149033605498005 ], [ 172.10374090423386, -41.14835723146895 ], [ 172.103690184641408, -41.147680893376631 ], [ 172.103658709949826, -41.147004514061081 ], [ 172.103608992623521, -41.146328160214736 ], [ 172.10354490176266, -41.145651824940906 ], [ 172.10355134772081, -41.14497540693749 ], [ 172.103561123071898, -41.144300591425662 ], [ 172.103578599899038, -41.143624307692043 ], [ 172.103521343680399, -41.14294912561747 ], [ 172.103465653820194, -41.142273879626011 ], [ 172.103445140258998, -41.141597347455708 ], [ 172.103401005724749, -41.140921667323646 ], [ 172.103409124828744, -41.14024407992995 ], [ 172.103302966001394, -41.139570641509358 ], [ 172.10322670190493, -41.138896108953496 ], [ 172.10319027251154, -41.138220120780616 ], [ 172.10310924802684, -41.137545747439994 ], [ 172.103083089136305, -41.136869371843467 ], [ 172.103042872134466, -41.136193500537118 ], [ 172.103011394183284, -41.135517304449003 ], [ 172.103016949530371, -41.134839754552679 ], [ 172.102954217125927, -41.134164681205547 ], [ 172.102913196904552, -41.13348881125885 ], [ 172.102845589077077, -41.132813901316581 ], [ 172.102767916134667, -41.132139350555228 ], [ 172.102736238688266, -41.131463135062447 ], [ 172.102708599983885, -41.130786777639955 ], [ 172.102672181040788, -41.130110714450034 ], [ 172.102628898957676, -41.129434883818092 ], [ 172.102566732376005, -41.128759705290726 ], [ 172.102545376778892, -41.128083095508607 ] ] } },
{ "type": "Feature", "properties": { "group_id": "nzd0347" }, "geometry": { "type": "LineString", "coordinates": [ [ 175.948837588433292, -41.246654180692758 ], [ 175.947924413714134, -41.2466334779078 ], [ 175.947024821975162, -41.246678428641737 ], [ 175.946145160804662, -41.246819728787969 ], [ 175.945196456749386, -41.247012419023882 ], [ 175.944258897265314, -41.247237625826124 ], [ 175.943405055726913, -41.247465198909701 ], [ 175.942584129530388, -41.247739120031795 ], [ 175.94177416972974, -41.248088609462734 ], [ 175.940985617889652, -41.248494434282804 ], [ 175.940224426418553, -41.248891394301005 ], [ 175.939448710265026, -41.249222624255701 ], [ 175.938712731002909, -41.249453890397213 ], [ 175.937900343903124, -41.249515580104223 ], [ 175.937044006204246, -41.249719108034114 ], [ 175.936184962349074, -41.249878286690411 ], [ 175.935361504485485, -41.250125508617629 ], [ 175.934525036170555, -41.250381577639629 ], [ 175.933687398920853, -41.250640018422231 ], [ 175.932816510462231, -41.250805282167562 ], [ 175.931968829982566, -41.251041041524104 ], [ 175.931098110946152, -41.251266559857974 ], [ 175.930249147741137, -41.251529586312451 ], [ 175.929424233681516, -41.251796604218413 ], [ 175.92859865486264, -41.252062477456221 ], [ 175.927779940304305, -41.252340162035587 ], [ 175.926942076472073, -41.252584893345471 ], [ 175.926071726564487, -41.252787545103835 ], [ 175.925229456361905, -41.253089427568476 ], [ 175.924486777034957, -41.253509519211605 ], [ 175.923812517593234, -41.25395805922718 ], [ 175.923132676758769, -41.254401126481767 ], [ 175.922348605164586, -41.25465442117919 ], [ 175.921552402344957, -41.254735960199334 ], [ 175.92067210136031, -41.254810958792753 ], [ 175.919777307374545, -41.254920796351811 ], [ 175.918863209558481, -41.255084009039358 ], [ 175.917968027972449, -41.25529303450935 ], [ 175.917154664599764, -41.255581395644825 ], [ 175.916317760452557, -41.255862914348398 ], [ 175.915467473834411, -41.256138225248954 ], [ 175.914688584786177, -41.256485723677862 ], [ 175.913927393677938, -41.256844629839499 ], [ 175.913104709384783, -41.257124645155322 ], [ 175.912279517935332, -41.257401441440784 ], [ 175.91149093676259, -41.257725203443741 ], [ 175.910708480976297, -41.258056822189793 ], [ 175.909903660317923, -41.258359746344453 ], [ 175.909135738658108, -41.258710008320321 ], [ 175.908360027709534, -41.259050275562629 ], [ 175.907638962035719, -41.259463910031791 ], [ 175.906850796715503, -41.259794264160789 ], [ 175.906066419830495, -41.260126600937276 ], [ 175.905302222876088, -41.260481281871606 ], [ 175.904494605830223, -41.260782819374903 ], [ 175.903721043100376, -41.261126033896652 ], [ 175.902990348189462, -41.261521713385321 ], [ 175.902187057634023, -41.261828540101284 ], [ 175.901418336097038, -41.262177674808747 ], [ 175.900681255568799, -41.262565534719798 ], [ 175.899897505211982, -41.262905636801818 ], [ 175.899141349715251, -41.263297996577492 ], [ 175.898408074191565, -41.263710746676793 ], [ 175.897748716330767, -41.264169979592971 ], [ 175.897099901647351, -41.264638507441418 ], [ 175.896329006827841, -41.264999375594748 ], [ 175.895581826042388, -41.265381152813369 ], [ 175.894851866842657, -41.265778113975507 ], [ 175.894130749152367, -41.266182869158271 ], [ 175.893453567718495, -41.26662636766445 ], [ 175.892763182150588, -41.267058219057049 ] ] } },
{ "type": "Feature", "properties": { "group_id": "nzd0348" }, "geometry": { "type": "LineString", "coordinates": [ [ 175.886452144684483, -41.272481055952703 ], [ 175.885688091560212, -41.272835846481925 ], [ 175.884897593943634, -41.273158318386621 ], [ 175.884151976588413, -41.273535635477778 ], [ 175.88342741162009, -41.273938679107367 ], [ 175.882679906171319, -41.274366974033263 ], [ 175.881937000882516, -41.274813182253197 ], [ 175.881301165306894, -41.275313126139963 ], [ 175.88069230353662, -41.275810978146772 ], [ 175.880162087335606, -41.276356938551402 ], [ 175.879573361313589, -41.276871345401148 ], [ 175.879037693370549, -41.277425114686373 ], [ 175.878412242759254, -41.277926747464839 ], [ 175.87786407360602, -41.27846199644847 ], [ 175.877344642681948, -41.27901260838928 ], [ 175.876801541167424, -41.279550558245894 ], [ 175.876289524880178, -41.280105126074893 ], [ 175.875788067504089, -41.280665335637018 ], [ 175.875299374685824, -41.281232366348391 ], [ 175.874797462797176, -41.2817923238022 ], [ 175.874216625747067, -41.282310072624902 ], [ 175.873573416715914, -41.282772541783416 ], [ 175.87284578925852, -41.283132166250304 ], [ 175.872107639558266, -41.283494072363148 ], [ 175.871444075767897, -41.283949342605375 ], [ 175.87079686606512, -41.284417268369374 ], [ 175.870119273718558, -41.284861673354676 ], [ 175.869603699362841, -41.285478814772858 ], [ 175.868995594631627, -41.286081841474655 ], [ 175.868245235547874, -41.286633739486206 ], [ 175.867945859963498, -41.287272209533434 ] ] } },
{ "type": "Feature", "properties": { "group_id": "nzd0349" }, "geometry": { "type": "LineString", "coordinates": [ [ 175.862240853472741, -41.317169215963141 ], [ 175.861626936152874, -41.317649448114651 ], [ 175.861077262029028, -41.318149808004833 ], [ 175.860481689472891, -41.318664961066382 ], [ 175.859860558266348, -41.319153051749183 ], [ 175.859200524836893, -41.319550778669161 ], [ 175.858453622873924, -41.31989234603774 ], [ 175.857814254674395, -41.320337102521613 ], [ 175.857119101415719, -41.320714213583187 ], [ 175.856381471215656, -41.32101613278877 ], [ 175.855630413394152, -41.321307479666366 ], [ 175.854813197229646, -41.321566602583871 ], [ 175.853973144805479, -41.321806705124907 ], [ 175.853161058632821, -41.322027723749102 ], [ 175.852332340971913, -41.322284154233792 ], [ 175.851453150586082, -41.322567248220302 ], [ 175.850601494512347, -41.322881732715622 ], [ 175.849857947851973, -41.323253701082955 ], [ 175.849102603740846, -41.323624166868449 ], [ 175.84839202468234, -41.324061782896443 ] ] } },
{ "type": "Feature", "properties": { "group_id": "nzd0350" }, "geometry": { "type": "LineString", "coordinates": [ [ 174.804799756862849, -41.328861810769858 ], [ 174.803976011586286, -41.32847773821765 ], [ 174.803120275648098, -41.328402038405144 ], [ 174.802231980417531, -41.328282664534989 ], [ 174.801312365046982, -41.328155258771417 ], [ 174.800367813712313, -41.328081427807419 ], [ 174.799427927898051, -41.328193670170549 ], [ 174.798484518731925, -41.328268446217258 ], [ 174.797590003526977, -41.32848627035991 ], [ 174.796726347357321, -41.328785658599699 ], [ 174.795892499602104, -41.329091454252904 ], [ 174.795087067223676, -41.329439600258794 ], [ 174.794339216321276, -41.329858605818615 ], [ 174.793597690125694, -41.33028240402173 ], [ 174.79291729373395, -41.330757671056169 ], [ 174.79232706617654, -41.331293898399117 ], [ 174.791732204639175, -41.331817177763668 ], [ 174.791189792152039, -41.332364930278409 ] ] } },
{ "type": "Feature", "properties": { "group_id": "nzd0351" }, "geometry": { "type": "LineString", "coordinates": [ [ 172.073842896560677, -41.359543836672664 ], [ 172.074082137758836, -41.358893672674107 ], [ 172.074360205497328, -41.358250673445063 ], [ 172.074564374954036, -41.357594018431193 ], [ 172.074759591690935, -41.356935703204371 ], [ 172.074930411204406, -41.356272875082375 ], [ 172.075119375616367, -41.355613391754112 ], [ 172.07526919904538, -41.354946672222461 ], [ 172.075469134404869, -41.354289202008005 ], [ 172.075759731768073, -41.353648471061717 ], [ 172.075856826917828, -41.352971992309847 ], [ 172.076040227362114, -41.352311448088813 ], [ 172.076210424077743, -41.351649412767095 ], [ 172.076385191002259, -41.350988926711693 ], [ 172.076559521039087, -41.350327367843228 ], [ 172.076771240176527, -41.349670913526211 ], [ 172.077061694923913, -41.349025258764357 ], [ 172.077260472647311, -41.348367014730634 ], [ 172.077468984953327, -41.347710099985193 ], [ 172.077573579511892, -41.347038915968959 ], [ 172.077792509758808, -41.346383417555636 ], [ 172.077979327884037, -41.345723505043544 ], [ 172.078119497678159, -41.345057183345283 ], [ 172.07837845349033, -41.344407158109391 ], [ 172.07854143778232, -41.34374395415432 ], [ 172.07864906570336, -41.343073145806954 ], [ 172.07877097870599, -41.342404291256337 ], [ 172.078903643383626, -41.341736905569427 ], [ 172.079077137331922, -41.341075116950108 ], [ 172.079202550655992, -41.340406722429265 ], [ 172.079389656741682, -41.3397467885586 ], [ 172.079581364936132, -41.339087479574182 ], [ 172.079706206035468, -41.338418986174567 ], [ 172.079961900074636, -41.337768445865201 ], [ 172.080128470041188, -41.337105666323019 ], [ 172.080293843835676, -41.336442715834032 ], [ 172.080429930636484, -41.3357757388492 ], [ 172.080578246678073, -41.335110433576595 ], [ 172.080697255097391, -41.334441098929965 ], [ 172.080805661860438, -41.333770302336077 ], [ 172.080904434810833, -41.333098176611323 ], [ 172.08106648022877, -41.332434728599807 ], [ 172.081177015436737, -41.331764203687115 ], [ 172.081469742328693, -41.331118679037672 ], [ 172.081615205479181, -41.330452934710628 ], [ 172.081826935326006, -41.329796279156689 ], [ 172.081980766826376, -41.329131669905706 ], [ 172.082176849737209, -41.328472853185154 ], [ 172.082331673887495, -41.327808366644327 ], [ 172.082385937209239, -41.327130070528931 ], [ 172.082464149216207, -41.326455054658375 ], [ 172.082557873759185, -41.325782161159978 ], [ 172.082696263194521, -41.325115391571039 ], [ 172.082839062911603, -41.32444922055322 ], [ 172.083065606633738, -41.323794537606439 ], [ 172.083219596368991, -41.323129889019214 ], [ 172.083405820360696, -41.322469658197235 ], [ 172.083693771026333, -41.321823383780362 ], [ 172.083824148236687, -41.321155473833429 ], [ 172.083943303311685, -41.320486016707932 ], [ 172.084045646639822, -41.31981424513107 ], [ 172.084245350296271, -41.319155830756756 ], [ 172.084270021767963, -41.318473383986849 ], [ 172.084437508721322, -41.31781053386986 ], [ 172.084571134498219, -41.317142854405894 ], [ 172.084729230657643, -41.316474372461663 ], [ 172.084887898740192, -41.315805623902364 ], [ 172.0850940186005, -41.315145999272097 ], [ 172.08523099508372, -41.31447911861563 ], [ 172.085381852402918, -41.313813686405616 ], [ 172.085499146696378, -41.313144728504312 ], [ 172.085655810313369, -41.312479891333965 ], [ 172.085881547171965, -41.311822289112548 ], [ 172.08601041274062, -41.311154523821877 ], [ 172.086203426203724, -41.310493477077721 ], [ 172.086165248597666, -41.309808184801902 ], [ 172.086310975360476, -41.309142166705627 ], [ 172.086447619807672, -41.308475189531109 ], [ 172.086556513429628, -41.3078052959928 ], [ 172.086684113008516, -41.307137356799963 ] ] } },
{ "type": "Feature", "properties": { "group_id": "nzd0352" }, "geometry": { "type": "LineString", "coordinates": [ [ 174.059994346497461, -41.386071179413165 ], [ 174.058915882555624, -41.386354361032467 ], [ 174.057943106517314, -41.386345050967755 ], [ 174.056943989967266, -41.386451140970884 ], [ 174.056033605390695, -41.386856364557538 ], [ 174.056512685093708, -41.387996553137256 ] ] } },
{ "type": "Feature", "properties": { "group_id": "nzd0353" }, "geometry": { "type": "LineString", "coordinates": [ [ 175.180241764459453, -41.412699735332843 ], [ 175.179435615673867, -41.41240271443634 ], [ 175.17864368955108, -41.412084165721581 ], [ 175.177849378467414, -41.411769225328349 ], [ 175.177098261737086, -41.411388910062293 ], [ 175.176271027246486, -41.411123795819655 ], [ 175.175492974333253, -41.41078424572094 ], [ 175.174691766092906, -41.410479738623174 ], [ 175.173884634706184, -41.410184194063781 ], [ 175.173077234726264, -41.409889054193712 ], [ 175.172246891636576, -41.409628633968026 ], [ 175.171424416210755, -41.409356304557498 ], [ 175.170631344982581, -41.409039474403009 ], [ 175.169844105062424, -41.408713818287517 ], [ 175.169103823877293, -41.408317098083032 ], [ 175.16825813255835, -41.408079894352362 ], [ 175.16746354768938, -41.407765349541847 ], [ 175.166602922024026, -41.407550739769384 ], [ 175.16582283493392, -41.407214252593441 ], [ 175.164997618720889, -41.406946054701578 ], [ 175.164189091161063, -41.406652601121991 ], [ 175.16336719762748, -41.406379370835182 ], [ 175.162569109131596, -41.406070117322962 ], [ 175.16180634192915, -41.405707415952378 ], [ 175.160998951610281, -41.405412234941679 ], [ 175.160209972902976, -41.40508919321919 ], [ 175.159423406973104, -41.404762499526171 ], [ 175.15864644716126, -41.404421269834202 ], [ 175.157867450066902, -41.404083121872034 ], [ 175.157093601397492, -41.403737183169099 ], [ 175.156260725629096, -41.403480554057076 ], [ 175.155466212129056, -41.403165879356337 ], [ 175.154681941923258, -41.402835705129078 ], [ 175.153955443287487, -41.402418121935845 ], [ 175.153160483378855, -41.402104119799382 ], [ 175.152326406103356, -41.401849299285651 ], [ 175.151596921043705, -41.401436233914097 ], [ 175.150797539803079, -41.401128917215011 ], [ 175.150009299803003, -41.40080474324138 ], [ 175.149198944375684, -41.400514026481595 ], [ 175.148432004728164, -41.400157624893055 ], [ 175.147665713672637, -41.399800241538024 ], [ 175.146868529371858, -41.399482628835109 ], [ 175.146035853337878, -41.399209100067807 ], [ 175.145227129254494, -41.398903793534615 ], [ 175.144372281543184, -41.398686909823269 ], [ 175.143522427719518, -41.398461704608252 ], [ 175.14274676695328, -41.398112914846799 ], [ 175.14196603676848, -41.39777256916819 ], [ 175.1412243445331, -41.397367200090578 ], [ 175.140251728873665, -41.397346463348313 ], [ 175.139488164534612, -41.396977523484864 ], [ 175.138695916569361, -41.396656358972862 ], [ 175.137921989329755, -41.396304679776307 ], [ 175.137114043255906, -41.39600966050039 ], [ 175.136301660938301, -41.395722028784448 ], [ 175.135481265098008, -41.395447742292959 ], [ 175.134675228034752, -41.39514954001897 ], [ 175.13385950280545, -41.394867471941332 ], [ 175.133052865976282, -41.394570266334959 ], [ 175.13224110656256, -41.394281590920485 ], [ 175.131436053925654, -41.393981744852894 ], [ 175.130625444270521, -41.393691152325708 ], [ 175.129824664885689, -41.393384187750982 ], [ 175.129019318645049, -41.393084827715406 ], [ 175.128192882672067, -41.392820587661063 ], [ 175.127369584234714, -41.392551120838263 ], [ 175.126546390375978, -41.392281478133476 ], [ 175.125729048844335, -41.392002088147429 ], [ 175.124904704644365, -41.391734357692712 ], [ 175.124088637135344, -41.391452843106087 ], [ 175.123286380351118, -41.391148329744034 ], [ 175.122461694062139, -41.39088116425912 ], [ 175.121640192616809, -41.390608693779264 ], [ 175.12082618995754, -41.390323735294132 ], [ 175.119991001849968, -41.390046115752178 ], [ 175.119165269754831, -41.389725044542651 ], [ 175.118324716880153, -41.389459423977506 ], [ 175.117495897781197, -41.389193970459566 ], [ 175.116661285889791, -41.388941550798926 ], [ 175.115828921225955, -41.388684075465399 ], [ 175.115010744561175, -41.388394680224181 ], [ 175.114170181402272, -41.388155651069162 ], [ 175.113340397979442, -41.387892370158305 ], [ 175.112511211287568, -41.387627747417447 ], [ 175.111660284696598, -41.387412032623502 ], [ 175.11081362163452, -41.387186725463749 ], [ 175.109978729018707, -41.386934939124792 ], [ 175.109139725038744, -41.386692401660802 ], [ 175.10828761407808, -41.386479348120801 ], [ 175.107426728545221, -41.38628603132284 ], [ 175.106580566291626, -41.386059594002312 ], [ 175.105750646841898, -41.385796620026014 ], [ 175.104910761379131, -41.385556063474574 ], [ 175.10406037390598, -41.385339128746992 ], [ 175.103201015436014, -41.385142370901136 ], [ 175.102358174011925, -41.384908461167932 ], [ 175.101507581608388, -41.384691984187263 ], [ 175.100661685271064, -41.384464944164272 ], [ 175.099785613597874, -41.384305769933626 ], [ 175.098929157404655, -41.384102476724358 ], [ 175.098065918554795, -41.38391443602891 ], [ 175.097215712740081, -41.383697082703087 ], [ 175.096355141214815, -41.383503039758729 ], [ 175.095477196431148, -41.383348064755054 ], [ 175.094612107097817, -41.383164176896379 ], [ 175.093734075344855, -41.383009391108679 ], [ 175.092862911368513, -41.382839158185156 ], [ 175.091993592668331, -41.382664772995696 ], [ 175.09116223735046, -41.38240501969694 ], [ 175.090299369706685, -41.382216125103341 ], [ 175.089431907348967, -41.382037559795052 ], [ 175.088565595557384, -41.381856404924577 ], [ 175.087691017248176, -41.381693834485716 ], [ 175.086815931492481, -41.381532401826227 ], [ 175.08597698659446, -41.381289708299406 ], [ 175.08510910625327, -41.38111207081996 ], [ 175.08425220877848, -41.380909738290818 ], [ 175.083387698307575, -41.380724519945382 ], [ 175.08251061812939, -41.380567558374565 ], [ 175.081650816967823, -41.380371747771555 ], [ 175.080810438239268, -41.380132271778706 ], [ 175.079932441358778, -41.379977363318474 ], [ 175.07907066502716, -41.379829450068662 ], [ 175.078212034099153, -41.379703333848674 ], [ 175.077349594471855, -41.37951156535636 ], [ 175.076488412595836, -41.379299147671446 ], [ 175.075618226076898, -41.379123442547396 ], [ 175.07475887106898, -41.378903587290331 ], [ 175.073877263201695, -41.378774444918584 ], [ 175.073001780984782, -41.378620333566012 ], [ 175.072130100234688, -41.378450729050378 ], [ 175.071266010637373, -41.37825018713739 ], [ 175.070385260709401, -41.378117550928941 ], [ 175.069510514460774, -41.377960446604433 ], [ 175.068644363241447, -41.37776831615664 ], [ 175.067749193990778, -41.377694443481388 ], [ 175.066877268277324, -41.377525848060714 ], [ 175.066004806011279, -41.37735944130992 ], [ 175.065115195763326, -41.37726291031877 ], [ 175.064256127522839, -41.377041930058098 ], [ 175.063371985014754, -41.376923119772613 ], [ 175.062506157026775, -41.376729689174503 ], [ 175.061637114025615, -41.37654936109783 ], [ 175.06078994542915, -41.376373308031887 ], [ 175.059918017635567, -41.376301824923182 ], [ 175.059066512024685, -41.37610521059618 ], [ 175.058207739498414, -41.375907709993058 ], [ 175.057338580231118, -41.375735983378888 ], [ 175.056473840364362, -41.375553288040344 ], [ 175.055631119114963, -41.375315953594914 ], [ 175.054780138758673, -41.375099113716075 ], [ 175.053916893975867, -41.374912705626969 ], [ 175.05304304474339, -41.374752608531715 ], [ 175.052190784314689, -41.374538942423648 ], [ 175.051309671602667, -41.374396863131487 ], [ 175.050454531566459, -41.374190339517249 ], [ 175.049600183980488, -41.37398184917221 ], [ 175.048741556554063, -41.373783976586246 ], [ 175.047860114986406, -41.373642703718019 ], [ 175.047002904220221, -41.373441313396462 ], [ 175.046112976040405, -41.373321088874718 ], [ 175.045197004507457, -41.373265467627341 ] ] } },
{ "type": "Feature", "properties": { "group_id": "nzd0354" }, "geometry": { "type": "LineString", "coordinates": [ [ 174.049154786039168, -41.392092680010499 ], [ 174.048806411826547, -41.392713858616446 ], [ 174.048420837228434, -41.393323550982807 ], [ 174.048090235479549, -41.393950202434581 ], [ 174.04778080066319, -41.394583380146152 ], [ 174.047410644133009, -41.395197812860154 ], [ 174.047103594216395, -41.395831714607212 ], [ 174.046800500130843, -41.396466831115291 ], [ 174.046459669170673, -41.397090295949099 ], [ 174.046112776762328, -41.397711884265419 ], [ 174.045804566544859, -41.398345403957023 ], [ 174.045478737634028, -41.398973480531545 ], [ 174.045185656433745, -41.399611656988412 ], [ 174.044881217891316, -41.400246322562225 ], [ 174.044531273825584, -41.400866939332694 ], [ 174.044242940382418, -41.40150656285126 ], [ 174.04392511216497, -41.402137078432382 ], [ 174.0435967570956, -41.40276476482515 ], [ 174.043290150954988, -41.403402295990901 ], [ 174.042955142637766, -41.404030900810618 ], [ 174.042635194691542, -41.404660500517075 ], [ 174.042332067499615, -41.405294821102416 ], [ 174.042016869007824, -41.405925743295242 ], [ 174.041705660895389, -41.406557780756593 ], [ 174.041332247236483, -41.407172331221815 ], [ 174.041045649899672, -41.40781127257614 ], [ 174.040770097047783, -41.408453311453059 ], [ 174.040451946415175, -41.409083373525192 ], [ 174.040128146857256, -41.409711842068432 ], [ 174.039850036545289, -41.410353143828573 ], [ 174.039528624387913, -41.410982271050564 ], [ 174.039208810892831, -41.411611841422648 ], [ 174.038933053093814, -41.412253785837365 ], [ 174.038643507019884, -41.41289184943129 ], [ 174.038374968726288, -41.413537210459175 ], [ 174.038069505614544, -41.414174205015179 ], [ 174.037789499743553, -41.414815960306534 ], [ 174.037571256459387, -41.415469500724704 ], [ 174.037278156803808, -41.416108168069336 ], [ 174.037029571278566, -41.416755669501228 ], [ 174.036850390356562, -41.417416948192141 ], [ 174.036587415815063, -41.418061578963545 ], [ 174.03632128616897, -41.418705576658148 ], [ 174.036082253496289, -41.41935494929352 ], [ 174.035892460049752, -41.420014094211105 ], [ 174.035638632056049, -41.420660515515436 ], [ 174.035423500832195, -41.421314615360714 ] ] } },
{ "type": "Feature", "properties": { "group_id": "nzd0355" }, "geometry": { "type": "LineString", "coordinates": [ [ 174.029759724147851, -41.459566594142373 ], [ 174.02981626357726, -41.460238796672435 ], [ 174.029815629642769, -41.460912314127917 ], [ 174.029902086132864, -41.461582122149693 ], [ 174.029945638527636, -41.462254977049618 ], [ 174.02994500129509, -41.462931001137747 ], [ 174.03001782611625, -41.463601977275758 ], [ 174.030045465737487, -41.464276047057865 ], [ 174.030105335802347, -41.464947898248035 ], [ 174.030170561295677, -41.465619375008139 ], [ 174.030252166926459, -41.466289720842795 ], [ 174.030356932110948, -41.466958470563078 ], [ 174.030506682016807, -41.467624126539775 ] ] } },
{ "type": "Feature", "properties": { "group_id": "nzd0357" }, "geometry": { "type": "LineString", "coordinates": [ [ 174.077156168685718, -41.514238459433237 ], [ 174.077999208545663, -41.514494553372899 ], [ 174.078727042871407, -41.514908593793223 ], [ 174.079439062695826, -41.515334029797984 ], [ 174.080127179511067, -41.515766785561787 ], [ 174.080752850235911, -41.516252120956111 ], [ 174.081387078473313, -41.516721753764052 ], [ 174.082104562156474, -41.517117711522495 ], [ 174.082829965534586, -41.517519669591266 ], [ 174.083532602721505, -41.51794325916746 ], [ 174.084202674545907, -41.518388223439246 ], [ 174.084914312004287, -41.518794309049085 ], [ 174.085704974421049, -41.519094254633188 ], [ 174.086504532029863, -41.519369534358994 ], [ 174.087274046571935, -41.519748361075266 ], [ 174.087943664835024, -41.520211125550759 ], [ 174.088547066252545, -41.520712705180564 ], [ 174.089130178645235, -41.52121822571376 ], [ 174.089681630939793, -41.521746330695855 ], [ 174.090252625621218, -41.522263930935189 ], [ 174.090865172026412, -41.522755839986218 ], [ 174.091475511815503, -41.523248335462959 ], [ 174.092124529230034, -41.523706094175502 ], [ 174.092811923438433, -41.524139193078994 ], [ 174.093562213590843, -41.524507262171085 ], [ 174.09435334423128, -41.524816984075677 ], [ 174.095162291394558, -41.525105555354791 ], [ 174.096013124260224, -41.525320010875063 ], [ 174.096841972892264, -41.52558347250654 ], [ 174.097601509789371, -41.525965243117092 ], [ 174.098333653463271, -41.526358778736352 ], [ 174.099081687784434, -41.526731128990598 ], [ 174.099825461752289, -41.527108422039035 ], [ 174.100571002593739, -41.527484279555466 ], [ 174.101301835386295, -41.527871164876174 ], [ 174.102039955474623, -41.528244448167094 ], [ 174.102826933140193, -41.528561938854352 ], [ 174.103658816245513, -41.528776290751097 ], [ 174.104522201104771, -41.528969794905102 ], [ 174.105328394052265, -41.529284123344077 ], [ 174.106077366072014, -41.529663411479319 ], [ 174.106821361525874, -41.530041713982506 ], [ 174.107533214720462, -41.530454653468233 ], [ 174.108245080285798, -41.530867577265269 ], [ 174.10895993263739, -41.531275622536192 ], [ 174.109687113478572, -41.531668538812269 ], [ 174.110460188925344, -41.531999762920385 ], [ 174.111240541216432, -41.532332176285465 ], [ 174.112085803107789, -41.532554378983392 ], [ 174.112953364099951, -41.532749523913481 ], [ 174.113651860451824, -41.533178453883224 ], [ 174.114223009562579, -41.533704835663961 ], [ 174.114865548725533, -41.534175235112045 ], [ 174.115572851887265, -41.534597892018688 ], [ 174.116292727099335, -41.535006211770252 ], [ 174.117053109062851, -41.535366539051424 ], [ 174.117831755041323, -41.535709486643796 ], [ 174.118377776022612, -41.536249811389816 ], [ 174.118833932860241, -41.536833608079355 ], [ 174.119291071087247, -41.537409403962087 ], [ 174.119763280113943, -41.537979995435613 ], [ 174.120281592751923, -41.538531174164284 ], [ 174.120818037991597, -41.539069080550362 ], [ 174.121373089152684, -41.53959793690538 ], [ 174.121964067343299, -41.540103090209961 ], [ 174.122566003161154, -41.54060326929396 ], [ 174.12320741065102, -41.541073974288302 ], [ 174.123850138833348, -41.541543860090016 ], [ 174.124525868524984, -41.541986588557457 ], [ 174.125198816025602, -41.542431747807917 ], [ 174.125834914662363, -41.542908726128708 ], [ 174.126533640596762, -41.543332104013999 ], [ 174.127160279883014, -41.543814700157753 ], [ 174.127756542885919, -41.544320103799912 ], [ 174.128365552915398, -41.544816436044677 ], [ 174.129043285680353, -41.545262655470601 ], [ 174.129745787055185, -41.545686503290653 ], [ 174.130496083147762, -41.546059701286914 ], [ 174.131253825018121, -41.546419934408839 ], [ 174.132076235593729, -41.546703488402699 ], [ 174.132786543111052, -41.547130019959624 ], [ 174.133350489482609, -41.547639181526343 ], [ 174.133632081686727, -41.548292272294148 ], [ 174.134008148694051, -41.548908596688818 ], [ 174.134529767279986, -41.549462966445709 ], [ 174.13518368368355, -41.549927313226554 ], [ 174.135800530174862, -41.550415877504562 ], [ 174.136424588567337, -41.550902646813235 ], [ 174.136967958282526, -41.551432582527092 ], [ 174.137559753901201, -41.551936481371214 ], [ 174.138217447981987, -41.552386351758784 ], [ 174.138989340143411, -41.552713348898195 ], [ 174.139731813817235, -41.553078617732844 ], [ 174.140440714986028, -41.553507444426394 ], [ 174.141106922845665, -41.553967874867524 ], [ 174.141806793883177, -41.554385999194764 ], [ 174.142517337707773, -41.554741476791328 ], [ 174.143289410489359, -41.555019458562754 ] ] } },
{ "type": "Feature", "properties": { "group_id": "nzd0358" }, "geometry": { "type": "LineString", "coordinates": [ [ 175.398682108893837, -41.567424992211322 ], [ 175.397803647274884, -41.567571101615826 ], [ 175.396922771096655, -41.567696826246888 ], [ 175.396194670729443, -41.568618486869163 ], [ 175.395280411214202, -41.568600365242965 ], [ 175.394324097081864, -41.568169908310196 ], [ 175.393424094829641, -41.568186885313658 ], [ 175.392522738666884, -41.568193097010592 ], [ 175.391624519992433, -41.568224239339671 ], [ 175.390723251038253, -41.56823113286201 ], [ 175.389824838137429, -41.568250911319176 ], [ 175.388921076227689, -41.568217087350867 ], [ 175.388017977364626, -41.568196898086576 ], [ 175.387116092670624, -41.568194626546507 ], [ 175.386220616370991, -41.568246972050041 ], [ 175.3853231663727, -41.568282493418714 ], [ 175.384428671149664, -41.568343203299612 ], [ 175.383535823243818, -41.568417960276726 ], [ 175.382590894907139, -41.568436205447874 ], [ 175.381638341134504, -41.568621141317671 ], [ 175.380721760692552, -41.568786513809094 ], [ 175.379885393481658, -41.569038330997472 ], [ 175.37906358238979, -41.569325863482163 ], [ 175.378176516410633, -41.56945329446075 ], [ 175.377286039175857, -41.569572352594896 ], [ 175.376465384404298, -41.569862726737327 ], [ 175.375610235915445, -41.57006846775964 ], [ 175.374735105711437, -41.570225179260696 ], [ 175.37390619722197, -41.570504250596649 ], [ 175.373025892278861, -41.570687332376856 ], [ 175.372141657098098, -41.570860643896623 ], [ 175.371270205201398, -41.571034786435405 ], [ 175.370400845825486, -41.57121317382552 ], [ 175.369542750484158, -41.571414422249944 ], [ 175.368695427877668, -41.571637535647028 ], [ 175.367840915441576, -41.571846054251587 ], [ 175.36698749897073, -41.572159423187593 ], [ 175.366186485909623, -41.572577990955253 ], [ 175.365405872867399, -41.572957927207312 ], [ 175.364663679079428, -41.573336575768685 ], [ 175.363947011655341, -41.573742105828167 ], [ 175.363192027389971, -41.574155602552715 ], [ 175.362460661458385, -41.574623179792844 ], [ 175.361819703909191, -41.575130736510474 ], [ 175.361246074337998, -41.575647870242129 ] ] } },
{ "type": "Feature", "properties": { "group_id": "nzd0359" }, "geometry": { "type": "LineString", "coordinates": [ [ 171.891595661685017, -41.588587890873583 ], [ 171.892016109568203, -41.587992995251611 ], [ 171.892485019233902, -41.587419924101184 ], [ 171.89288966425363, -41.586817899614566 ], [ 171.893347948203001, -41.586240031701394 ], [ 171.893755682229141, -41.585639388201393 ], [ 171.89417078737273, -41.585042059801069 ], [ 171.894561614468699, -41.584433789963832 ], [ 171.894970832140729, -41.583833799001368 ], [ 171.895390238306049, -41.583238392275675 ], [ 171.895799047018443, -41.582638206595938 ], [ 171.896215378293476, -41.582041404276197 ], [ 171.89664242975573, -41.581449425742228 ], [ 171.897015191856184, -41.580832986688414 ], [ 171.89740111052393, -41.580220460480895 ], [ 171.897823785429381, -41.579623773992417 ], [ 171.898246961950946, -41.579028889787239 ], [ 171.898619178946603, -41.578416547588894 ], [ 171.899005335147308, -41.577809538252076 ], [ 171.899379482501075, -41.577197924093198 ], [ 171.899744649847378, -41.576582865084113 ], [ 171.900163702890609, -41.575988437935877 ], [ 171.900666118671523, -41.575425931984874 ], [ 171.90108851580834, -41.574832774443017 ], [ 171.901524470023958, -41.574244803495525 ], [ 171.901944243752979, -41.573664280927282 ], [ 171.902542634152837, -41.573182800301772 ], [ 171.903175203292903, -41.57270788789176 ], [ 171.903791851227368, -41.572214525150038 ], [ 171.90432329805094, -41.57167260232734 ], [ 171.904727547473556, -41.571058186007896 ], [ 171.905326950369357, -41.570554982003074 ], [ 171.906078635159361, -41.57013855743832 ], [ 171.906609110125004, -41.569596062790275 ], [ 171.907087432064117, -41.569023842195001 ], [ 171.907653619497864, -41.568501690741584 ], [ 171.908172907195365, -41.567952807134496 ], [ 171.908693691754337, -41.56740477208723 ], [ 171.909179907319213, -41.566835228777364 ], [ 171.909664748602069, -41.566218005386503 ], [ 171.910177353852134, -41.565614945660435 ], [ 171.91061952280026, -41.565028607519139 ], [ 171.911096494013208, -41.56445501722046 ], [ 171.911533916629025, -41.5638669284155 ], [ 171.911958533833342, -41.563274141322943 ], [ 171.912400110300865, -41.562687563388593 ], [ 171.912816388277861, -41.562091709002381 ], [ 171.913206437730224, -41.561486237333177 ], [ 171.913607532488641, -41.560884807607536 ], [ 171.914009795542654, -41.560283800334687 ], [ 171.91437848135979, -41.559670482737573 ], [ 171.914773341909381, -41.559066751387157 ], [ 171.91512568341372, -41.558447432849533 ], [ 171.915511121723767, -41.557840237238032 ], [ 171.915882545792471, -41.5572279002619 ], [ 171.916281998675657, -41.556625829058518 ], [ 171.916645106017654, -41.556010432914661 ], [ 171.916992074245286, -41.5553891166536 ], [ 171.917361863082476, -41.554762513330395 ], [ 171.917754418264167, -41.554143607431428 ], [ 171.918077984585892, -41.553515201647983 ], [ 171.918462639288208, -41.552907490961907 ], [ 171.918825313530249, -41.552292492197338 ], [ 171.919182097401034, -41.551675536040776 ], [ 171.919540969773493, -41.551059265923172 ], [ 171.919853095326573, -41.550427502418863 ], [ 171.920253128401185, -41.549824857303207 ], [ 171.920561825834824, -41.549191946199372 ], [ 171.920925637502137, -41.548577288918914 ], [ 171.921299588139362, -41.547964451730174 ], [ 171.92167672484382, -41.547351554288554 ], [ 171.922051464264797, -41.546739353254459 ], [ 171.922406863361033, -41.546121918581655 ], [ 171.92278064700875, -41.545510453519924 ], [ 171.923129423145838, -41.544890854347202 ], [ 171.923530505644408, -41.544288250431883 ], [ 171.92389732837907, -41.543674505137851 ], [ 171.924157830102359, -41.543026196190453 ], [ 171.924490680148352, -41.542401396773705 ], [ 171.924887094567652, -41.541797251984491 ], [ 171.92524103116159, -41.541179294564131 ] ] } },
{ "type": "Feature", "properties": { "group_id": "nzd0360" }, "geometry": { "type": "LineString", "coordinates": [ [ 174.150279819656447, -41.560232861618047 ], [ 174.150407361180669, -41.560899674796659 ], [ 174.150381756353028, -41.561575223853794 ], [ 174.150455092437568, -41.562245870831397 ], [ 174.150467987033807, -41.562923397597878 ], [ 174.150595862015109, -41.563592303838746 ], [ 174.15070952553404, -41.564244291774266 ], [ 174.150694929605862, -41.564859224189981 ], [ 174.150514717155488, -41.565492446664599 ], [ 174.150285403331424, -41.566143265966083 ], [ 174.149947685333302, -41.566766302955429 ], [ 174.149612299216187, -41.567389566078575 ], [ 174.149273828371548, -41.568012981739962 ], [ 174.14895872446408, -41.568642510647891 ], [ 174.148677839306345, -41.569290613198383 ], [ 174.148419020683207, -41.569945165750127 ], [ 174.148203402801897, -41.570599293224411 ], [ 174.14805320551605, -41.57127021835025 ], [ 174.147977757339902, -41.571947221037071 ], [ 174.14793740352215, -41.572627456347206 ], [ 174.147960189146062, -41.573305580116816 ], [ 174.148071982742096, -41.573973917614772 ], [ 174.148189851869603, -41.574640827907302 ], [ 174.148360441388604, -41.575296656508826 ], [ 174.148489249541797, -41.57596480568116 ], [ 174.148664739049877, -41.576624806422792 ], [ 174.148845788723776, -41.577283739977446 ], [ 174.149041569002236, -41.577939857208612 ], [ 174.149247227771326, -41.578589125944319 ], [ 174.149387951253033, -41.579247586818227 ], [ 174.149528828063893, -41.579910991214796 ], [ 174.14970449070475, -41.58057034045936 ], [ 174.149882950546612, -41.581229338624446 ], [ 174.150132795848634, -41.581878789296489 ], [ 174.15036920537338, -41.582519614356819 ], [ 174.150568663099619, -41.583174556781252 ], [ 174.150778665828597, -41.583826863236098 ], [ 174.151005045303094, -41.58447432687047 ] ] } },
{ "type": "Feature", "properties": { "group_id": "nzd0361" }, "geometry": { "type": "LineString", "coordinates": [ [ 171.844909237477736, -41.635114265065816 ], [ 171.845563724177765, -41.634649432916881 ], [ 171.846173947747644, -41.634156163205525 ], [ 171.846797536718071, -41.633671474818222 ], [ 171.847372636079825, -41.633155634170514 ], [ 171.847968027060034, -41.632652824061331 ], [ 171.848553736377653, -41.632143790676992 ], [ 171.849175880328573, -41.631658157426891 ], [ 171.849780678099222, -41.63116137747086 ], [ 171.850352718920675, -41.630643551622747 ], [ 171.850935261244643, -41.63013246742846 ], [ 171.851493639843113, -41.629593835970965 ], [ 171.852087814200956, -41.629076460829388 ], [ 171.852685038058581, -41.628572293283497 ], [ 171.853270951129815, -41.628062514483133 ], [ 171.853859103769338, -41.627554046983491 ], [ 171.854390912680316, -41.627012473022631 ], [ 171.854929297854881, -41.626474758243582 ], [ 171.855435012621058, -41.62591784516276 ], [ 171.855982494128938, -41.625385465730744 ], [ 171.856519472837846, -41.624846911500804 ], [ 171.857045171130665, -41.624301725628079 ], [ 171.857547753229056, -41.623742954571981 ], [ 171.85813822012102, -41.623235811562758 ], [ 171.858659333671, -41.622687491333863 ], [ 171.85920446613386, -41.622153152197292 ], [ 171.859711135717504, -41.621596730360878 ] ] } },
{ "type": "Feature", "properties": { "group_id": "nzd0362" }, "geometry": { "type": "LineString", "coordinates": [ [ 174.161000578720717, -41.627485236343858 ], [ 174.160832272252094, -41.628148197159085 ], [ 174.160731972890744, -41.628820331968363 ], [ 174.160534385503979, -41.629478348518603 ], [ 174.160454480004177, -41.630148147223693 ], [ 174.160354157966111, -41.63081572047826 ], [ 174.160202712446051, -41.631477731601422 ], [ 174.160089366211793, -41.632143468454615 ], [ 174.159914073552812, -41.632801799490124 ], [ 174.159703878955611, -41.633457852820079 ], [ 174.159636085283211, -41.634132974436262 ], [ 174.159462092679973, -41.634799413913356 ], [ 174.159460508741688, -41.63547267014718 ], [ 174.159363802743087, -41.636140454746574 ], [ 174.159266188829321, -41.636808180251798 ], [ 174.15921881703747, -41.637478993018981 ], [ 174.159108468818374, -41.638146790990838 ], [ 174.159049357118732, -41.638817178038522 ], [ 174.158934997490206, -41.639484289069387 ], [ 174.158821264263878, -41.640151424430186 ], [ 174.158775667421224, -41.640821646274553 ], [ 174.158752315096535, -41.641490900480399 ], [ 174.158627384686184, -41.642154178276535 ], [ 174.158518133376617, -41.642820714133741 ], [ 174.158494905639714, -41.643493425699333 ], [ 174.158401626948176, -41.644161095682875 ], [ 174.158279533209537, -41.644827540495207 ], [ 174.158231684649934, -41.64549990311663 ], [ 174.158142418142432, -41.646168966308231 ], [ 174.158064503197807, -41.646837750805183 ], [ 174.157995195865823, -41.647506997732123 ], [ 174.157940952168104, -41.648177059127285 ], [ 174.157925397686256, -41.648849406230035 ], [ 174.157772160695941, -41.649515526380533 ], [ 174.157819640345082, -41.650190793878814 ], [ 174.157746750762215, -41.650860007646884 ], [ 174.157690748107058, -41.651529916664892 ], [ 174.157676491267694, -41.652201554617186 ], [ 174.157668776948697, -41.652874098728347 ], [ 174.157647682043034, -41.653546396624307 ], [ 174.157678040459331, -41.654217255914915 ], [ 174.157678348304387, -41.654888596889165 ], [ 174.157691437244296, -41.655559707523359 ], [ 174.157711347431388, -41.656230828800233 ], [ 174.157762564608902, -41.656901346490606 ], [ 174.157813649243451, -41.65757308431278 ], [ 174.157842421390313, -41.65824644525771 ], [ 174.157976219235167, -41.658910383799743 ], [ 174.15804862923747, -41.659579818793794 ], [ 174.158072380746319, -41.660253608995482 ], [ 174.158169087534446, -41.660920384788469 ], [ 174.158291955447197, -41.66158487184979 ], [ 174.158391651878873, -41.662251786703798 ], [ 174.158473043173046, -41.662920268017544 ], [ 174.158552129072802, -41.66358893747941 ], [ 174.15861434802423, -41.664259027226265 ], [ 174.158743901447281, -41.664924907835072 ], [ 174.158933672528207, -41.665585409375034 ], [ 174.159051203919773, -41.666252414435171 ], [ 174.15921925140367, -41.666911746777174 ], [ 174.159419401937981, -41.667567015536477 ], [ 174.159628215125935, -41.668220613746669 ], [ 174.159719697988351, -41.668892757310196 ], [ 174.160002966272884, -41.6695322328763 ], [ 174.160228330265653, -41.670181824481212 ], [ 174.160415540870076, -41.670838419902225 ], [ 174.160623816754395, -41.671491138088307 ], [ 174.160809559742717, -41.672148203067962 ], [ 174.161007271595395, -41.672804437482966 ], [ 174.16124052209554, -41.673453699279193 ], [ 174.161510779995155, -41.674093571002707 ], [ 174.16174349055666, -41.674742354700093 ], [ 174.161983154765863, -41.675389480316255 ], [ 174.162234105497731, -41.676032585081707 ], [ 174.162463382634769, -41.676679058610567 ], [ 174.162710323132018, -41.67732309819575 ], [ 174.162991302686663, -41.677961146291658 ], [ 174.163238018371743, -41.678606277803937 ], [ 174.163468979583456, -41.67925466272326 ], [ 174.163677083728828, -41.679907817884782 ], [ 174.163956045032421, -41.68054757412218 ], [ 174.164305411674377, -41.681169016615314 ], [ 174.164618625945792, -41.68179816532998 ], [ 174.164840879198124, -41.6824500873036 ], [ 174.165062319767799, -41.683102206372524 ], [ 174.165388383470173, -41.683728247408759 ], [ 174.165751042535248, -41.684343344354517 ], [ 174.166035353430544, -41.684979860350609 ], [ 174.166330318272685, -41.685613844668666 ], [ 174.166641330995759, -41.686243234247819 ], [ 174.166917029477247, -41.686882715046075 ], [ 174.167169435647565, -41.687528927458786 ], [ 174.167500096800239, -41.688152746866336 ], [ 174.167840031127696, -41.688773813925266 ], [ 174.168165830404092, -41.689398845627593 ], [ 174.168433577061933, -41.690040127840994 ], [ 174.168770286546561, -41.690662079427156 ], [ 174.169149298925845, -41.691272611451787 ], [ 174.169526994552939, -41.691885004165798 ], [ 174.169871180662057, -41.692506437692913 ], [ 174.170263344129921, -41.693113152016302 ], [ 174.170592946537596, -41.693710712298405 ], [ 174.170910942939742, -41.694321854226835 ], [ 174.171236834499837, -41.694958976680162 ], [ 174.171590380722478, -41.6955794730574 ], [ 174.17199605466098, -41.696180615401907 ], [ 174.172299557840603, -41.696812948033994 ], [ 174.172592826153533, -41.697448329728005 ], [ 174.172975700718325, -41.698055326072158 ], [ 174.173361075126763, -41.698661664894232 ], [ 174.173742331823235, -41.699266285650218 ], [ 174.174146225604147, -41.699855991357502 ], [ 174.17455498645208, -41.70044792923705 ], [ 174.174957733433359, -41.701048032978008 ], [ 174.17537101454991, -41.70164378118961 ], [ 174.175739622800762, -41.702257943917118 ], [ 174.176168973990769, -41.702846893042505 ], [ 174.176602061567024, -41.703434329607617 ], [ 174.177058686336323, -41.704012083817162 ], [ 174.177548038406627, -41.70457475002862 ], [ 174.178019872109871, -41.705142972951656 ], [ 174.178451547307588, -41.705730385146914 ], [ 174.178887042428869, -41.706317292089736 ], [ 174.179335358934281, -41.70689849256582 ], [ 174.179803779132982, -41.70747137035341 ], [ 174.180247334191932, -41.708057349977807 ], [ 174.180697720102899, -41.708639881438209 ], [ 174.1811510406705, -41.709211669535108 ], [ 174.181619080633027, -41.70977491004183 ], [ 174.182069202306252, -41.710355150253378 ], [ 174.182544519357833, -41.710923778887349 ], [ 174.183032996493466, -41.711483880722362 ], [ 174.183530902532993, -41.712040198931916 ], [ 174.184045843945853, -41.712589823225677 ], [ 174.18458784564703, -41.713125303993792 ], [ 174.185114744205066, -41.713668504824327 ], [ 174.185677283202665, -41.714179925530289 ], [ 174.186284009744156, -41.714659451595615 ], [ 174.18685170112181, -41.715150210119965 ], [ 174.187459447637991, -41.715615223884434 ], [ 174.188121718978522, -41.716068758690845 ], [ 174.188754819139831, -41.716546623213851 ], [ 174.189416572053204, -41.717000043557242 ], [ 174.190029377157742, -41.717492797173584 ], [ 174.190684531532725, -41.717951531497945 ], [ 174.191344373613305, -41.718406488566309 ], [ 174.19202317296282, -41.718845683570954 ], [ 174.192670829054435, -41.719309772263138 ], [ 174.193338430970982, -41.719746425787193 ], [ 174.193994708047228, -41.720170891907372 ], [ 174.194706091054542, -41.72055884278209 ], [ 174.195407441166765, -41.720974308653041 ], [ 174.196157259928071, -41.721336984798924 ], [ 174.196876697415291, -41.721740297442238 ], [ 174.197613022364493, -41.722126975698181 ], [ 174.198378258872253, -41.722479488062675 ], [ 174.19919453579783, -41.722755036913512 ], [ 174.199928116178626, -41.723103714832924 ], [ 174.20071083956708, -41.723358462123379 ], [ 174.201409127881675, -41.723602806605214 ], [ 174.202183762072508, -41.723809723548435 ] ] } },
{ "type": "Feature", "properties": { "group_id": "nzd0364" }, "geometry": { "type": "LineString", "coordinates": [ [ 174.203420324168519, -41.724119884827466 ], [ 174.20416528938685, -41.72449459452838 ], [ 174.204947936194117, -41.724814134800823 ], [ 174.205745504632802, -41.725084966069595 ], [ 174.206552191684324, -41.725351855480987 ], [ 174.20736142177131, -41.725642853759759 ], [ 174.208170802421051, -41.725932661369285 ], [ 174.208976747632363, -41.726209718894296 ], [ 174.209765325650864, -41.726444364543703 ], [ 174.210561694962337, -41.726688567548265 ], [ 174.211397531458516, -41.72691242625033 ], [ 174.212258184138108, -41.72704432839749 ], [ 174.213102183515161, -41.727129280391729 ], [ 174.21381449413343, -41.727330015688793 ], [ 174.214600955229514, -41.727303357280938 ], [ 174.21540772962868, -41.72732946265694 ], [ 174.216220025729797, -41.726958465331222 ], [ 174.217142042110339, -41.726752544886466 ], [ 174.217970149652558, -41.726593958761924 ] ] } },
{ "type": "Feature", "properties": { "group_id": "nzd0365" }, "geometry": { "type": "LineString", "coordinates": [ [ 174.224438119262288, -41.722717853768337 ], [ 174.225034144793966, -41.723246629792449 ], [ 174.225704430302244, -41.723699427105622 ], [ 174.226461824869062, -41.724065084273477 ], [ 174.227115958834446, -41.724533699139194 ], [ 174.227838087998691, -41.724932454244566 ], [ 174.228541891628737, -41.725344686570573 ], [ 174.229311302650274, -41.725684410674063 ], [ 174.23005448404308, -41.726057937547523 ], [ 174.23075821407889, -41.72647540170783 ], [ 174.231546363974644, -41.726782575881522 ], [ 174.232330963908112, -41.727096114599483 ], [ 174.233104898428962, -41.727437348732352 ], [ 174.233881178436746, -41.727778071975344 ], [ 174.234683881335002, -41.728086254201735 ], [ 174.235501198870935, -41.728374094125627 ], [ 174.236250620685581, -41.728706335210838 ], [ 174.237068559802935, -41.728932004288978 ], [ 174.237883391049564, -41.729214939539332 ], [ 174.238716772475584, -41.729449588860781 ], [ 174.23955660223811, -41.729672987153521 ], [ 174.240399178842097, -41.72989388108445 ], [ 174.241228326020462, -41.730097861312231 ], [ 174.242011157915357, -41.730348211449979 ], [ 174.242820390052373, -41.730243174550139 ], [ 174.243653565291254, -41.730105960430734 ] ] } },
{ "type": "Feature", "properties": { "group_id": "nzd0366" }, "geometry": { "type": "LineString", "coordinates": [ [ 171.671625299018103, -41.737948175475537 ], [ 171.672995452528824, -41.738558171929718 ], [ 171.674243869479994, -41.738972567788693 ], [ 171.675063499087855, -41.738698165089225 ], [ 171.675251666718907, -41.737409423424147 ], [ 171.675954494205541, -41.736947405791661 ], [ 171.676700338674266, -41.736554489803545 ], [ 171.677420447860612, -41.736120235494965 ], [ 171.67814115177049, -41.735690747702066 ], [ 171.678814022235855, -41.735218036766526 ], [ 171.679461427814772, -41.734725583831576 ], [ 171.680209968327546, -41.734351680258058 ], [ 171.680963044786523, -41.733983753323351 ], [ 171.681795009815545, -41.733719789058263 ], [ 171.682634954169771, -41.733466337002184 ], [ 171.683479458120473, -41.733218890179927 ], [ 171.684302142158032, -41.73294268524036 ], [ 171.6851436970409, -41.73269156406019 ], [ 171.685973661660427, -41.732424891407923 ], [ 171.686831707567364, -41.732194444961117 ], [ 171.687671877491994, -41.731940604042329 ], [ 171.688558787114886, -41.731747826132526 ], [ 171.689301202900936, -41.731366260564108 ], [ 171.69005212222666, -41.730995803800383 ], [ 171.690859001781178, -41.7306984573408 ], [ 171.691616665755532, -41.730336809221185 ] ] } },
{ "type": "Feature", "properties": { "group_id": "nzd0367" }, "geometry": { "type": "LineString", "coordinates": [ [ 171.617923771048311, -41.733385943928184 ], [ 171.618792737758383, -41.73352394293557 ], [ 171.619598886952076, -41.733801113559991 ], [ 171.620364080725267, -41.733804656649617 ], [ 171.621199182129146, -41.733917504345037 ], [ 171.622116005271607, -41.734069883234483 ], [ 171.623017854758132, -41.734078420612867 ], [ 171.623916345143073, -41.734054688789428 ], [ 171.62481248116859, -41.734008344004444 ], [ 171.625704184669189, -41.733919439519042 ], [ 171.626601029302378, -41.733879896691633 ], [ 171.627494843181495, -41.733811256743195 ], [ 171.628380854370221, -41.73366772343433 ], [ 171.62931931500006, -41.73349215700631 ], [ 171.63029624563606, -41.733419389582799 ], [ 171.631233991720762, -41.733273340171515 ], [ 171.632148743873699, -41.73316056744391 ], [ 171.633056215362586, -41.733110355720811 ], [ 171.633944084208736, -41.733228654380085 ], [ 171.634830229612135, -41.733361781327666 ], [ 171.635733482626307, -41.733499605615236 ], [ 171.63671957928122, -41.733742716027493 ], [ 171.63770631382306, -41.733889936751218 ], [ 171.638489129096683, -41.73427013244347 ], [ 171.639315888280407, -41.734544096215821 ], [ 171.640127733508365, -41.734854118917859 ], [ 171.64099609648278, -41.735027504248123 ], [ 171.64183404494301, -41.73527442210667 ], [ 171.64269854791857, -41.735457138938223 ], [ 171.64353391669141, -41.735710296007198 ], [ 171.644424377036984, -41.735791508002883 ], [ 171.64533904139688, -41.73575886886811 ], [ 171.646173226145635, -41.736010937255706 ], [ 171.647043471592326, -41.736177328446594 ], [ 171.647911487410596, -41.736350632902472 ], [ 171.648703048955582, -41.736760982832756 ], [ 171.649600485974787, -41.736843073424524 ], [ 171.650466606700633, -41.737022260377117 ], [ 171.651355794052478, -41.737088794516275 ], [ 171.652239402078692, -41.73712881379798 ], [ 171.653128727388349, -41.737193420944664 ], [ 171.65401885937311, -41.737285578126624 ], [ 171.654929400450101, -41.737287720334471 ], [ 171.655861661972693, -41.73719405188443 ], [ 171.656747452595511, -41.737305343419081 ], [ 171.657623825407853, -41.737458177538592 ], [ 171.658541629291591, -41.73742825395788 ], [ 171.659487243641905, -41.737496239305095 ], [ 171.660490269668344, -41.737485443303633 ], [ 171.66142592214689, -41.737542763396895 ], [ 171.662295077175571, -41.737712408447209 ], [ 171.66323617167771, -41.73769064400409 ] ] } },
{ "type": "Feature", "properties": { "group_id": "nzd0368" }, "geometry": { "type": "LineString", "coordinates": [ [ 171.504975369416456, -41.745727065011742 ], [ 171.505995931922911, -41.745670189486312 ], [ 171.506796306352356, -41.745976145208346 ], [ 171.507614119082291, -41.746253364207199 ], [ 171.508396705345774, -41.746588632365267 ], [ 171.509132189171225, -41.747001522150647 ], [ 171.509812810333386, -41.747451253938429 ], [ 171.510571060311577, -41.747760403448609 ], [ 171.511263726753043, -41.748186754658398 ], [ 171.511917504721623, -41.748662802875643 ], [ 171.512707288370763, -41.748987336854974 ], [ 171.513500322739588, -41.749308246689068 ], [ 171.514270942095635, -41.749654124994422 ], [ 171.515114467574733, -41.74993900247074 ], [ 171.515949494137715, -41.750258990651204 ], [ 171.51681163994246, -41.750534410791921 ], [ 171.517651145263386, -41.750779335464024 ], [ 171.518538326318122, -41.750904683362485 ], [ 171.519424949727664, -41.751031426802669 ], [ 171.520326782609573, -41.751120017359845 ], [ 171.521226640528283, -41.751213556897241 ], [ 171.522149614066535, -41.751249108110429 ], [ 171.523057718298134, -41.751321951124524 ], [ 171.523973405314365, -41.751375766649062 ], [ 171.524882639959571, -41.75144576199019 ], [ 171.52566501264684, -41.751504991836846 ], [ 171.526423442224171, -41.751698006681401 ], [ 171.527302900865578, -41.751636751452722 ], [ 171.528221839271112, -41.751725269621069 ], [ 171.529113910958984, -41.751646804509548 ], [ 171.530012705432483, -41.751610114388257 ], [ 171.530934164032459, -41.751714247127552 ], [ 171.531822784126348, -41.751614319605956 ], [ 171.532719231555831, -41.751563024698399 ], [ 171.533612229571446, -41.751490295481204 ], [ 171.534491459088741, -41.751332030366363 ], [ 171.53538406247327, -41.751243755157418 ], [ 171.536277734780811, -41.751159288492303 ], [ 171.537166637025251, -41.751061511615241 ], [ 171.538060594638608, -41.750989290885265 ], [ 171.53894794275763, -41.75088518152694 ], [ 171.539850815620809, -41.750855961491652 ], [ 171.540758619306445, -41.750850518700076 ], [ 171.541650943518903, -41.75077040155459 ], [ 171.54253443383044, -41.750647673405979 ], [ 171.54342099597082, -41.750539761737308 ], [ 171.544296231213423, -41.750377221898596 ], [ 171.545172377753403, -41.750219081241916 ], [ 171.54605101740691, -41.750072967404293 ], [ 171.546929362352614, -41.749925435346306 ] ] } },
{ "type": "Feature", "properties": { "group_id": "nzd0369" }, "geometry": { "type": "LineString", "coordinates": [ [ 174.276810928663821, -41.726911667993427 ], [ 174.276526953539417, -41.727552699850058 ], [ 174.276176495722012, -41.728183638643344 ], [ 174.276092163873329, -41.728854985035404 ], [ 174.275806000631917, -41.729496396076811 ], [ 174.275807380116618, -41.730179501114797 ], [ 174.275872667596559, -41.730855696228218 ], [ 174.275857867047051, -41.731497389519475 ], [ 174.276009421847306, -41.732146366440581 ], [ 174.276229146559473, -41.732793620518969 ], [ 174.276440740273728, -41.733449151929285 ], [ 174.276533287304062, -41.734115978341535 ], [ 174.276385433923281, -41.734798867162354 ], [ 174.276105064229256, -41.735497301294885 ], [ 174.276014335006948, -41.736177701712847 ], [ 174.276154380679429, -41.736864252893817 ], [ 174.275563855089644, -41.737499639303856 ], [ 174.275577966891859, -41.738173219691184 ], [ 174.2757815666059, -41.738854544028555 ], [ 174.275933580759329, -41.739510133427899 ], [ 174.275780638417388, -41.740172556083749 ], [ 174.275747585204925, -41.740844719615701 ], [ 174.275690427630479, -41.741524802961472 ], [ 174.27563110323112, -41.742203723034045 ], [ 174.275378085212765, -41.742863378366472 ], [ 174.275104310899479, -41.743522544180493 ], [ 174.274463306815619, -41.744040268269046 ], [ 174.273778468823139, -41.744520463003923 ], [ 174.273786159606544, -41.745320409782742 ], [ 174.273352316786486, -41.745887297622737 ], [ 174.272921509205929, -41.746390797709239 ], [ 174.272674104722313, -41.747034583799611 ], [ 174.272384235550533, -41.747704527745597 ], [ 174.272131080239404, -41.748541774531134 ], [ 174.27092505211283, -41.748723569675008 ], [ 174.269878429285484, -41.748569838534287 ], [ 174.268993992452096, -41.748346129096923 ], [ 174.268046426518907, -41.748393080133184 ], [ 174.267121567883152, -41.748584462698048 ], [ 174.266470210840197, -41.749147027984499 ], [ 174.265839920163074, -41.749586018572302 ], [ 174.265414191698568, -41.750143685940103 ], [ 174.264953236078242, -41.750713957512083 ], [ 174.264739820281363, -41.75146606448007 ], [ 174.263809989659507, -41.751703383375791 ], [ 174.263363742659038, -41.752248970425278 ], [ 174.26314640730493, -41.752915984109215 ], [ 174.262758417125156, -41.753538561080653 ], [ 174.262180131856468, -41.754122730590218 ], [ 174.261282193372068, -41.754417731174009 ], [ 174.260453283189236, -41.754807480255991 ], [ 174.260571542135779, -41.755545919333166 ], [ 174.260699169181663, -41.756318066360272 ], [ 174.259790055126416, -41.756803658317892 ], [ 174.259105310966333, -41.757286392353471 ], [ 174.25813184684219, -41.757456171285547 ], [ 174.257427450103137, -41.757886647632411 ], [ 174.257276661295549, -41.758550375698711 ], [ 174.256992076753676, -41.759165540658053 ], [ 174.257055192133379, -41.75985789580271 ], [ 174.256853138038508, -41.760587359242614 ], [ 174.2561814447389, -41.761226661575833 ], [ 174.255102351809711, -41.761163893901312 ], [ 174.254164358457359, -41.761003434364504 ], [ 174.253228048874661, -41.76111862576267 ], [ 174.252373442576072, -41.761374080755949 ], [ 174.251570768908067, -41.761700925690121 ], [ 174.250776642169455, -41.762069893679978 ], [ 174.250043461571664, -41.762509108345441 ], [ 174.249364333554098, -41.762972574633025 ], [ 174.248779100959837, -41.763486139564279 ], [ 174.248259252215036, -41.764053338292044 ], [ 174.247778104088979, -41.764633514458964 ], [ 174.247319741127768, -41.765219930441724 ], [ 174.246758655636029, -41.765743250725222 ], [ 174.246149579808929, -41.766237091514363 ], [ 174.245565660805028, -41.766746493117438 ], [ 174.244908761490876, -41.767210388327797 ], [ 174.244265793801247, -41.767682537689318 ], [ 174.243652234006987, -41.768173166795961 ], [ 174.243144526877614, -41.768729989799297 ], [ 174.242623280961936, -41.769278341881908 ], [ 174.242160705366217, -41.769848161812746 ], [ 174.241837889796244, -41.770458761798253 ], [ 174.241621213441704, -41.771095625027904 ], [ 174.241298487333466, -41.771731041661617 ], [ 174.240670764578454, -41.772272511666593 ], [ 174.240181128284661, -41.772850112845113 ], [ 174.239717512969492, -41.77340223768902 ], [ 174.239288153047653, -41.77397483659675 ], [ 174.238686851952195, -41.774459946296489 ], [ 174.238267537212522, -41.775031822907088 ], [ 174.238016298808702, -41.775672160654722 ], [ 174.238018225441294, -41.77640514853929 ], [ 174.237427166874141, -41.776953348171084 ], [ 174.236876444413667, -41.777474035458731 ], [ 174.236704559848192, -41.778167865378627 ], [ 174.23591998215079, -41.778593121031953 ], [ 174.235231469141951, -41.779026132110445 ], [ 174.234668776502019, -41.779531780482003 ], [ 174.234299429334385, -41.780117753909693 ], [ 174.234015519105185, -41.780745307657064 ], [ 174.23392542521978, -41.781423383292825 ], [ 174.233755842507804, -41.782082185635709 ], [ 174.233286843717366, -41.782682241198899 ], [ 174.233200709682876, -41.783430255164312 ], [ 174.23398682032348, -41.785101803040156 ], [ 174.232124647097208, -41.784825088098458 ], [ 174.231094490767191, -41.784930984665394 ], [ 174.230212637759706, -41.785162746905506 ], [ 174.2294225926953, -41.785484130635027 ], [ 174.228699829074486, -41.785872973723741 ], [ 174.227899887835491, -41.786170090696331 ], [ 174.227153047371331, -41.786535670743838 ], [ 174.226574282223538, -41.787046559679943 ], [ 174.225798552377285, -41.787403684608314 ], [ 174.224976322983281, -41.787728836604771 ], [ 174.224350143442194, -41.788198692654817 ], [ 174.223619972087619, -41.788584829109915 ], [ 174.222858826736626, -41.788943856121868 ], [ 174.222194301038883, -41.789395083070758 ], [ 174.22143464778128, -41.789773748701691 ], [ 174.220791579815653, -41.790242997009699 ], [ 174.220160834380806, -41.790724547946716 ], [ 174.219563077064208, -41.791227896036091 ], [ 174.218977541518598, -41.791741585561077 ], [ 174.218419982182041, -41.792273599614674 ], [ 174.217931854132445, -41.792837597353298 ], [ 174.217476634728627, -41.7934171927892 ], [ 174.217044692769264, -41.794005596312282 ], [ 174.216590027913611, -41.794582945616654 ], [ 174.216212571187043, -41.795190834507878 ], [ 174.215932615587803, -41.795823807177911 ], [ 174.215621727495744, -41.796445896153571 ], [ 174.215366879346959, -41.797090395343432 ], [ 174.215097552207766, -41.797730546417625 ], [ 174.214766781323874, -41.798349286297217 ], [ 174.214559959228438, -41.799001463412978 ], [ 174.214258710976083, -41.799627267199668 ], [ 174.21394865117594, -41.800246231967918 ], [ 174.213551158646538, -41.800852375559238 ], [ 174.213519543658549, -41.801535944791084 ], [ 174.21355267269962, -41.802179968864301 ], [ 174.212823484514672, -41.802751700694294 ], [ 174.21322894412296, -41.803441276777463 ], [ 174.213109913994117, -41.804106035045542 ], [ 174.213132033185389, -41.804756630650147 ], [ 174.213164653689716, -41.805388989377008 ], [ 174.213459611412077, -41.806021176562879 ], [ 174.213398929578091, -41.806684225182948 ], [ 174.213765862268076, -41.80726264414951 ], [ 174.214156537701399, -41.807739085642616 ], [ 174.214669814306518, -41.808206261711931 ] ] } },
{ "type": "Feature", "properties": { "group_id": "nzd0370" }, "geometry": { "type": "LineString", "coordinates": [ [ 171.455866960651122, -41.774303552206732 ], [ 171.456794087577265, -41.774375575202797 ], [ 171.45757906092723, -41.774076729521397 ], [ 171.458332735013784, -41.773667613611259 ], [ 171.45906991983847, -41.773231572539856 ], [ 171.459712168144023, -41.772649729774677 ], [ 171.459925897909528, -41.771923805872731 ], [ 171.460031469141086, -41.771236512132624 ], [ 171.460142356403196, -41.770552342411072 ], [ 171.460184149853177, -41.76988069199659 ], [ 171.460122477417713, -41.769174095484502 ], [ 171.459972230496646, -41.768479057179718 ], [ 171.459612833438001, -41.767840301252399 ], [ 171.459187373842639, -41.767239821008538 ], [ 171.459069146731082, -41.766526308485169 ], [ 171.458607656783101, -41.765940058381943 ], [ 171.458189954807807, -41.765346903119301 ] ] } },
{ "type": "Feature", "properties": { "group_id": "nzd0371" }, "geometry": { "type": "LineString", "coordinates": [ [ 171.458928852584819, -41.805616668202511 ], [ 171.45876066772891, -41.804967249222976 ], [ 171.458601845969326, -41.804324578585764 ], [ 171.458539431388374, -41.803663262173593 ], [ 171.458658189197536, -41.802987509372784 ], [ 171.458463748482757, -41.802325111111386 ], [ 171.458428143455308, -41.801655929698455 ], [ 171.458340372388108, -41.800988966807836 ], [ 171.458306051936603, -41.800319716649483 ], [ 171.458188488637347, -41.799654497123505 ], [ 171.458212566526043, -41.798984685888328 ], [ 171.458113877241175, -41.798318771732561 ], [ 171.457979103222414, -41.797652839276047 ], [ 171.457986522863564, -41.796982323491406 ], [ 171.457964111024324, -41.796312760802493 ], [ 171.4578987609097, -41.7956445730889 ], [ 171.457893551528713, -41.794974442763568 ], [ 171.4578311787443, -41.7943061452739 ], [ 171.457628982547845, -41.793641531978366 ], [ 171.457491217984767, -41.792975402913754 ], [ 171.457383620263329, -41.792309288386534 ], [ 171.457342234514414, -41.79164006278841 ], [ 171.45747974033992, -41.790961197179207 ], [ 171.457336207679418, -41.790297458069837 ], [ 171.457256366732054, -41.789630282281664 ], [ 171.45728194668439, -41.788957422649119 ], [ 171.457255774198217, -41.788288517453552 ], [ 171.45728309842508, -41.787619415153273 ], [ 171.457184369278906, -41.786954669350742 ], [ 171.456996687196437, -41.786291247785989 ], [ 171.456825349679377, -41.7856271887538 ], [ 171.456786056172433, -41.784958029802532 ], [ 171.456747008884804, -41.784288854374253 ], [ 171.456691969177911, -41.783620288807114 ], [ 171.45663218568356, -41.782951245607478 ], [ 171.456497425369292, -41.782282883803518 ], [ 171.456431150220027, -41.781611531472691 ], [ 171.456428520262278, -41.780937706976601 ], [ 171.456347218973377, -41.780270473266654 ], [ 171.456362270534157, -41.779595151824189 ], [ 171.456174136835557, -41.778936863973883 ], [ 171.455954551361373, -41.778281206986875 ], [ 171.455725740997167, -41.777605812286254 ], [ 171.455397957649211, -41.776957405747417 ], [ 171.454927172044506, -41.776333174699396 ], [ 171.453802534462824, -41.776268718837535 ] ] } },
{ "type": "Feature", "properties": { "group_id": "nzd0372" }, "geometry": { "type": "LineString", "coordinates": [ [ 171.459549344675764, -41.84031668913714 ], [ 171.459643238835127, -41.839646863141589 ], [ 171.459586933639912, -41.838977252430851 ] ] } },
{ "type": "Feature", "properties": { "group_id": "nzd0374" }, "geometry": { "type": "LineString", "coordinates": [ [ 174.165486390086869, -41.859671077328102 ], [ 174.16489639955077, -41.860175143271746 ], [ 174.164358749650717, -41.86066439023049 ], [ 174.163819123418136, -41.861166404474609 ], [ 174.163327328053185, -41.861726688015132 ], [ 174.162969812187441, -41.862338698341397 ], [ 174.162682951623538, -41.862961647633121 ], [ 174.16225426009288, -41.863540154997715 ], [ 174.161848489693085, -41.864137416859712 ], [ 174.161543730989365, -41.864736578605388 ], [ 174.161505508842083, -41.865382395410769 ], [ 174.16154506713309, -41.865962412316158 ], [ 174.161641758145947, -41.86651434344023 ] ] } },
{ "type": "Feature", "properties": { "group_id": "nzd0375" }, "geometry": { "type": "LineString", "coordinates": [ [ 174.161497009928951, -41.868362303935051 ], [ 174.160537152515133, -41.868728639717126 ], [ 174.160357081331711, -41.869352913865605 ], [ 174.160463788149002, -41.870013695844719 ] ] } },
{ "type": "Feature", "properties": { "group_id": "nzd0377" }, "geometry": { "type": "LineString", "coordinates": [ [ 174.162920926055619, -41.873232100526003 ], [ 174.161768309604327, -41.873222208115358 ], [ 174.161065017956133, -41.873638350570808 ], [ 174.160387063079185, -41.874078514628216 ], [ 174.159680861561554, -41.874491892959732 ], [ 174.158933549769074, -41.874866287863654 ], [ 174.158228612299126, -41.875280859443116 ], [ 174.157578990474121, -41.875750699242609 ], [ 174.156858740084516, -41.876167453884776 ], [ 174.156183353131468, -41.876621699627655 ], [ 174.155533312337525, -41.877083437474731 ], [ 174.154898437022979, -41.877557379646838 ], [ 174.154248692479257, -41.878019349773993 ], [ 174.153597413847905, -41.878480081925233 ], [ 174.15299310638531, -41.878978620600343 ], [ 174.152418046489572, -41.879500699234967 ], [ 174.151819473257177, -41.880003726702057 ], [ 174.151230290801863, -41.880513750744122 ], [ 174.150610507950091, -41.88099931642283 ], [ 174.149983262174857, -41.881479115548061 ], [ 174.149316844273386, -41.881927712843037 ], [ 174.148664367404621, -41.882387410314827 ], [ 174.147997245858306, -41.882835440746369 ], [ 174.147311191410097, -41.883271528376952 ], [ 174.146662028453164, -41.883738019947785 ], [ 174.14608079770008, -41.884258458136422 ], [ 174.1457015511929, -41.884948071865402 ], [ 174.144917743338908, -41.885296323694277 ], [ 174.144167426858814, -41.885667347900551 ], [ 174.143479527906777, -41.886092834063348 ], [ 174.142847289571364, -41.886568804007595 ], [ 174.142280965133807, -41.887097739278353 ], [ 174.14171614279104, -41.887536323442738 ], [ 174.141051579114986, -41.887916095911734 ], [ 174.140448181210559, -41.888412284711698 ], [ 174.140205336153002, -41.889110274188297 ], [ 174.139561830604464, -41.889649729664036 ], [ 174.138886356804448, -41.890144833240058 ], [ 174.138195139031751, -41.890576558671967 ], [ 174.137470959667155, -41.890984705045518 ], [ 174.136762154269377, -41.891431048676864 ], [ 174.135726239271065, -41.891544500561636 ], [ 174.134860157515362, -41.891813832145566 ], [ 174.134161960249997, -41.892265897534124 ], [ 174.133668782716654, -41.892851960356424 ], [ 174.13332880352587, -41.893489885164605 ], [ 174.133116194170185, -41.89415120097317 ], [ 174.133000468109316, -41.894934481004086 ], [ 174.131834494362465, -41.895164539460886 ], [ 174.131207438079144, -41.89565067025589 ], [ 174.13071945463733, -41.896228112126522 ], [ 174.130227269370465, -41.896802571517014 ], [ 174.129429126107652, -41.897156364671687 ], [ 174.128836253513953, -41.897645939555261 ], [ 174.128349225417679, -41.898195288168537 ], [ 174.128102607223838, -41.898767149654603 ], [ 174.127660997564874, -41.899281148694278 ], [ 174.127503027232592, -41.900069308856374 ], [ 174.126876306228951, -41.900796201857041 ], [ 174.125719064744288, -41.900717990102763 ], [ 174.124955682815312, -41.901051163028328 ], [ 174.124280090458797, -41.901493851516562 ], [ 174.123552651503928, -41.901886660729588 ], [ 174.122984791594206, -41.902432984612133 ], [ 174.122327189252758, -41.90289297316631 ], [ 174.121579118978133, -41.903265927750944 ], [ 174.120701361620007, -41.903515433542367 ], [ 174.119964881766435, -41.903901524752214 ], [ 174.119229315492646, -41.904286890867297 ], [ 174.118482450909653, -41.904659674072128 ], [ 174.117750989848531, -41.90504793851256 ], [ 174.117011705300968, -41.905428336103185 ], [ 174.116290180073662, -41.905822142499396 ], [ 174.115608272107011, -41.906240337920515 ], [ 174.115025444786028, -41.906742335440946 ], [ 174.114466470811465, -41.907270114143948 ], [ 174.113937714911799, -41.907831099836109 ], [ 174.113296429864505, -41.90831055319552 ], [ 174.112547887265578, -41.908692803428323 ], [ 174.111837647754498, -41.909105873436651 ], [ 174.111188917027278, -41.909568437989194 ], [ 174.110601344359026, -41.910080215225491 ], [ 174.110000589822278, -41.910568639115773 ], [ 174.109350318513947, -41.911007563839583 ], [ 174.108672861599018, -41.911446939524801 ], [ 174.108099766151923, -41.911961810584522 ], [ 174.107592222573544, -41.912515376207978 ], [ 174.107089552486059, -41.913061530221114 ], [ 174.106558099509357, -41.91359234815463 ], [ 174.106041454683208, -41.914139654764234 ], [ 174.10553239437786, -41.914684678846022 ], [ 174.105051113940334, -41.915231316446537 ], [ 174.104548258717585, -41.915773861181847 ], [ 174.10404072758746, -41.916325753738704 ], [ 174.103563515054958, -41.916885898472955 ], [ 174.103152726817115, -41.917471304867881 ], [ 174.102737198472141, -41.918060171542479 ], [ 174.102381818254401, -41.918676807368918 ], [ 174.102134637531321, -41.919309422700145 ], [ 174.10188628180984, -41.919934124175782 ], [ 174.10136059489065, -41.920488081356588 ], [ 174.101102229647978, -41.921136929025991 ], [ 174.101066034625376, -41.921982353026877 ], [ 174.099766359907505, -41.922296348981966 ], [ 174.098748879519803, -41.922498136069677 ], [ 174.09820957965843, -41.922991432870866 ], [ 174.097890933712108, -41.923608663137088 ], [ 174.097892038549787, -41.924258645097652 ], [ 174.09808032814135, -41.924884512577343 ], [ 174.098309262979001, -41.925542145550793 ], [ 174.098047145450437, -41.926228168081252 ], [ 174.097505901937581, -41.926840234934438 ], [ 174.097576898736264, -41.927376070146806 ], [ 174.097499284067652, -41.927835311074325 ], [ 174.097626666029015, -41.928342832394158 ], [ 174.097923862000897, -41.928932250058196 ] ] } },
{ "type": "Feature", "properties": { "group_id": "nzd0378" }, "geometry": { "type": "LineString", "coordinates": [ [ 174.096537330898911, -41.930086529648882 ], [ 174.09657044506389, -41.930975316116545 ], [ 174.096235620106484, -41.931636994718147 ], [ 174.095341481892831, -41.93194622208074 ], [ 174.095001888934434, -41.932568773217568 ], [ 174.094640536533575, -41.933185039080165 ], [ 174.094175470145302, -41.933751639381086 ], [ 174.093738159824227, -41.934330280377033 ], [ 174.093098700266438, -41.934831577094329 ], [ 174.092675874262824, -41.935440954516871 ], [ 174.092019245308649, -41.935924141296148 ], [ 174.091422234914631, -41.936428584444634 ], [ 174.090757191364304, -41.936895360705741 ], [ 174.090300865331841, -41.937512221661592 ], [ 174.089861245842513, -41.938153042061934 ], [ 174.088911977371595, -41.93837221590541 ], [ 174.088114123347225, -41.938714254556963 ], [ 174.087217182633736, -41.938970189968408 ], [ 174.086443088423579, -41.939328200628928 ], [ 174.085765813173737, -41.939780252497776 ], [ 174.08523938588695, -41.940349620283868 ], [ 174.084711242342962, -41.940900000965662 ], [ 174.084216550623921, -41.941462027176954 ], [ 174.083929705811045, -41.942091628636867 ], [ 174.083530909700841, -41.942671368374455 ], [ 174.083401469228278, -41.943314372436944 ], [ 174.083131579307462, -41.94395517449329 ], [ 174.083518738150843, -41.944657755075184 ], [ 174.083520054665058, -41.945437697160074 ], [ 174.082765824508414, -41.946053420944637 ], [ 174.081723490122783, -41.946263929967643 ], [ 174.081110629742653, -41.946759496428434 ], [ 174.080219676741024, -41.947010885132784 ], [ 174.079517441582709, -41.94742797139444 ], [ 174.078896661394253, -41.947916575954942 ], [ 174.078173696162139, -41.948315454564124 ], [ 174.077433680235941, -41.948699358582914 ], [ 174.076827252193198, -41.949201234969792 ], [ 174.076175109579793, -41.949661295682873 ], [ 174.075505364597262, -41.950107063680328 ], [ 174.074805249393762, -41.950528941594584 ], [ 174.074178639667394, -41.951008391904594 ], [ 174.073658327486527, -41.951577110932611 ], [ 174.072873230262729, -41.951924619768086 ], [ 174.072160364056458, -41.952331472075386 ], [ 174.071470326391477, -41.952759666981621 ], [ 174.070809651222817, -41.953215679592169 ], [ 174.070075317768641, -41.95360190049292 ], [ 174.06932848152374, -41.953976272355057 ], [ 174.068616958324327, -41.954384099918627 ], [ 174.067887853304313, -41.954775266206937 ], [ 174.06716024498013, -41.955169152336005 ], [ 174.066499066158997, -41.955621221637827 ], [ 174.065846061641082, -41.956082467850422 ], [ 174.065222013482725, -41.956563058467388 ], [ 174.064581278447491, -41.957032454858698 ], [ 174.063943925016105, -41.957505061015034 ], [ 174.063337295926061, -41.957998339430581 ], [ 174.062725920721761, -41.958487500272668 ], [ 174.062081981398109, -41.958946080799173 ], [ 174.061397423984971, -41.959370542591536 ], [ 174.06073824741631, -41.959824344993336 ], [ 174.060135049630105, -41.960323257293894 ], [ 174.059458126659592, -41.960762751762061 ], [ 174.058815053798355, -41.961233003587644 ], [ 174.058195650446748, -41.961720148861851 ], [ 174.057547170475772, -41.962183005244349 ], [ 174.056879772047694, -41.962632147821353 ], [ 174.056227804958581, -41.963092436327713 ], [ 174.055613530915565, -41.963579955677197 ], [ 174.055018785576976, -41.964081581661844 ], [ 174.054421292902845, -41.964581219129514 ], [ 174.053792280534225, -41.965058079032822 ], [ 174.053175918837439, -41.965544075965184 ], [ 174.052565038361479, -41.966034054035944 ], [ 174.051940649027614, -41.966514369397046 ], [ 174.051290532508716, -41.966976394361268 ], [ 174.050652662106785, -41.967447010163085 ], [ 174.050019164698085, -41.967921287054125 ], [ 174.049361372683705, -41.968380479274089 ], [ 174.048777300585698, -41.96888971605501 ], [ 174.048137511388575, -41.969360355130142 ], [ 174.047511479072227, -41.969848034657055 ], [ 174.046995595315593, -41.970408426685026 ], [ 174.046487595337112, -41.97097217056622 ], [ 174.045997260926043, -41.97149734075392 ], [ 174.04538247485732, -41.97190349173443 ], [ 174.044843626572629, -41.972383276481779 ], [ 174.044035661566767, -41.972678841710163 ], [ 174.043264836122603, -41.973054329872845 ], [ 174.042518239080749, -41.97343762104348 ], [ 174.041834608650618, -41.973871028931065 ], [ 174.041099989963726, -41.974260441565853 ], [ 174.040415303775802, -41.97469620882115 ], [ 174.03973453107406, -41.975133293457958 ], [ 174.039065035750269, -41.97557888144793 ], [ 174.038375330104941, -41.976021694990564 ], [ 174.037740041726011, -41.976507814859033 ], [ 174.037097308528928, -41.976975166696917 ], [ 174.036448519908674, -41.977437545599877 ], [ 174.035832237279891, -41.977923183528112 ], [ 174.035193885371598, -41.978391737912439 ], [ 174.034555011991273, -41.978860214920623 ], [ 174.033915278040865, -41.979329050482228 ], [ 174.033271202405217, -41.979794670364434 ], [ 174.032652292471482, -41.98028084258879 ], [ 174.032042667383138, -41.980773896956201 ], [ 174.031426365061606, -41.981260200637585 ], [ 174.030817787848747, -41.98175160119375 ], [ 174.030198798190355, -41.982235538930901 ], [ 174.029558690952882, -41.98270916640157 ], [ 174.029005852998807, -41.983242839746602 ], [ 174.028382075130736, -41.983726649537466 ], [ 174.027776968244808, -41.984220734472416 ], [ 174.027224674138068, -41.984748069283128 ], [ 174.02663229552158, -41.985250160595228 ], [ 174.026039544214228, -41.98575106904385 ], [ 174.025439830379497, -41.98624557008273 ], [ 174.024824835308891, -41.986730766100614 ], [ 174.024215300856525, -41.98721997616952 ], [ 174.023579094044607, -41.987680157751875 ], [ 174.022926741740491, -41.988128019319895 ], [ 174.022290125454873, -41.988607053648494 ], [ 174.021707884638914, -41.989135496429036 ], [ 174.021196506742029, -41.989698312556776 ], [ 174.020615179427068, -41.990215416911596 ], [ 174.020114184817459, -41.99077469753778 ], [ 174.019636084948814, -41.991342396811504 ], [ 174.019177838879529, -41.991914341601777 ], [ 174.018713162919539, -41.992470279315214 ], [ 174.018141748871045, -41.992972122585449 ], [ 174.01763806662882, -41.993522681011839 ], [ 174.017093465740572, -41.994046368093166 ], [ 174.016454489649703, -41.994538587419029 ], [ 174.016194732340125, -41.995181248463794 ], [ 174.015908456626505, -41.995819982942542 ], [ 174.015514719248529, -41.996381758589408 ], [ 174.015010931875196, -41.99681697367788 ], [ 174.014351180525296, -41.997262116693967 ], [ 174.01375238162305, -41.997773344004258 ], [ 174.013167701989147, -41.998295679474275 ], [ 174.012648290918406, -41.998872668703264 ], [ 174.012218588741973, -41.999475894307082 ], [ 174.011684051401005, -42.000039480170258 ], [ 174.011378354993667, -42.000709690957372 ], [ 174.011309357588431, -42.001435133090233 ], [ 174.011294981931883, -42.002145681690131 ], [ 174.011529278504412, -42.002808329277336 ], [ 174.011787514139229, -42.003431335097154 ], [ 174.0119996230477, -42.004006340887464 ], [ 174.011575996621843, -42.004459841606106 ], [ 174.010791475357536, -42.004654206004133 ], [ 174.010239278818375, -42.00520321315539 ], [ 174.009523973693547, -42.005618430847804 ], [ 174.008796780152039, -42.006047941804766 ], [ 174.008255050927545, -42.006640941043599 ], [ 174.007808542092278, -42.007251806122532 ], [ 174.007334403954047, -42.007819922200099 ], [ 174.006817481724994, -42.008361124735686 ], [ 174.006241784559165, -42.008854252938164 ], [ 174.005567043898026, -42.009284918454185 ], [ 174.004967707227166, -42.009781816782443 ], [ 174.004344946501448, -42.010256871051496 ], [ 174.003776193765049, -42.010771785126792 ], [ 174.003154421462483, -42.01125360390845 ], [ 174.002542832746627, -42.01174288661926 ], [ 174.001903323715197, -42.012212297438751 ], [ 174.001270238327265, -42.012690214535439 ], [ 174.000673661846918, -42.013193089109699 ], [ 174.000064407599154, -42.01368354453512 ], [ 173.999434890781373, -42.014160120469612 ], [ 173.998845075713206, -42.014670947781234 ], [ 173.99827308361688, -42.01519377205063 ], [ 173.997709477359592, -42.015715778502106 ], [ 173.997148761131911, -42.016237365451936 ], [ 173.996534176767767, -42.016730747289742 ], [ 173.99600829408655, -42.017275711772811 ], [ 173.995496652056318, -42.017825891032821 ], [ 173.994960787250136, -42.018361595368646 ], [ 173.994405166551786, -42.01888591471495 ], [ 173.9938776388083, -42.019421547395162 ], [ 173.993316247691354, -42.019938879938145 ], [ 173.992791346101683, -42.020480944605396 ], [ 173.99223366367363, -42.021004214248322 ], [ 173.991703025476653, -42.021543085300102 ], [ 173.991192122610954, -42.02209320891675 ], [ 173.990654773535056, -42.022628089300106 ], [ 173.990112238783922, -42.023159862669786 ], [ 173.989514122202877, -42.023657822078022 ], [ 173.988939549534024, -42.024169049481969 ], [ 173.98836418440635, -42.024681646907283 ], [ 173.987772023490294, -42.025184204438936 ], [ 173.987188633550431, -42.025691998497543 ], [ 173.986641059383942, -42.02622118871453 ], [ 173.986040313360462, -42.026720874844649 ], [ 173.985478833542686, -42.027245493090547 ], [ 173.984968860686166, -42.027797237630516 ], [ 173.984429315088363, -42.028330757437807 ], [ 173.983901848302622, -42.02887110873769 ], [ 173.983321878049679, -42.029381741848525 ], [ 173.982825038679238, -42.029939417656678 ], [ 173.982264228347134, -42.030460885363887 ], [ 173.981715654323466, -42.0309917172357 ], [ 173.981163571296094, -42.031521658007513 ], [ 173.980595019509792, -42.032040799371345 ], [ 173.980090809540684, -42.032593204507094 ], [ 173.979551189923171, -42.033124464288768 ], [ 173.979007866001467, -42.033650701761601 ], [ 173.978441040249606, -42.034166035398236 ], [ 173.977926359151724, -42.034715166551983 ], [ 173.977404519679709, -42.035262407002065 ], [ 173.976910152117568, -42.035822631348296 ], [ 173.976370087827632, -42.036356052000848 ], [ 173.975804192579915, -42.036876068016703 ], [ 173.975260346807886, -42.037408730419614 ], [ 173.974724956093127, -42.037945734550441 ], [ 173.974211854327308, -42.03849335368789 ], [ 173.973673191036283, -42.039027731051931 ], [ 173.973324409537241, -42.03939811058634 ] ] } },
{ "type": "Feature", "properties": { "group_id": "nzd0379" }, "geometry": { "type": "LineString", "coordinates": [ [ 171.3945086192725, -42.014845166955809 ], [ 171.394754981398393, -42.01419368678804 ], [ 171.394880778439727, -42.013536270983842 ], [ 171.395062164816977, -42.012903323732282 ], [ 171.395230685548484, -42.012245494207477 ], [ 171.395398264086737, -42.011585329256036 ], [ 171.395520837481939, -42.010922926507163 ], [ 171.395725386836574, -42.010276655127555 ], [ 171.395859715494453, -42.009617459037607 ], [ 171.395975490019765, -42.008965471999261 ], [ 171.396189931912147, -42.008325634364702 ], [ 171.396410503659922, -42.007675230529664 ], [ 171.396826194072247, -42.007043175173131 ] ] } },
{ "type": "Feature", "properties": { "group_id": "nzd0380" }, "geometry": { "type": "LineString", "coordinates": [ [ 171.364055837045612, -42.059674271645861 ], [ 171.364117271097257, -42.059008368782514 ], [ 171.36420243012202, -42.058344396426456 ], [ 171.364298052109035, -42.057681271571681 ], [ 171.364422398177737, -42.057020485485971 ], [ 171.364583855864822, -42.056362723106822 ], [ 171.364682601598815, -42.055699832544704 ], [ 171.364840928673999, -42.055041800619115 ], [ 171.364980057468443, -42.054382193963598 ], [ 171.365046370623617, -42.053716634077915 ], [ 171.365120818833446, -42.053051731572815 ] ] } },
{ "type": "Feature", "properties": { "group_id": "nzd0382" }, "geometry": { "type": "LineString", "coordinates": [ [ 173.972861393279487, -42.039970492167036 ], [ 173.972408053815087, -42.04054734099924 ], [ 173.971900442350147, -42.041095797297153 ], [ 173.971454834349345, -42.041663284437753 ], [ 173.970956503537991, -42.042210534070961 ], [ 173.970436006353225, -42.042756930971478 ], [ 173.969893388147653, -42.043293634996928 ], [ 173.969383165194387, -42.043846128255822 ], [ 173.968887867059522, -42.044402669088107 ], [ 173.968373302686018, -42.0449483322571 ], [ 173.967932149521943, -42.045530504219343 ], [ 173.967434515733942, -42.046085710953413 ], [ 173.966931988212735, -42.046638679233162 ], [ 173.966404540866534, -42.047179617165561 ], [ 173.965880727586068, -42.047723821228637 ], [ 173.965368311664918, -42.048273644947216 ], [ 173.964857080849072, -42.048822848558494 ], [ 173.964355141521196, -42.049379686149287 ], [ 173.963873856821152, -42.049947254671963 ], [ 173.96338826389217, -42.050510073673131 ], [ 173.96291777070698, -42.051078688058169 ], [ 173.962483812015051, -42.051662804065316 ], [ 173.962048403756313, -42.052246299552387 ], [ 173.961565758559885, -42.052808139494445 ], [ 173.961097913532399, -42.053375501367292 ], [ 173.960605358825859, -42.05393354638862 ], [ 173.960113930832051, -42.054492589128778 ], [ 173.959648794974498, -42.055063227137694 ], [ 173.959195123188209, -42.055638918082572 ], [ 173.958733248928183, -42.056210446535061 ], [ 173.958249591110985, -42.056762904069686 ], [ 173.957774313742561, -42.05731983903847 ], [ 173.957264672976152, -42.057869090222191 ], [ 173.956769057018391, -42.058425403770329 ], [ 173.956261936328701, -42.058975915312089 ], [ 173.955775692789729, -42.059536942106831 ], [ 173.95527935811424, -42.060098457052931 ], [ 173.954835332898909, -42.060690387599472 ], [ 173.954355839905588, -42.061264281502993 ], [ 173.953955245210636, -42.061861308140372 ], [ 173.95352754622877, -42.062447900294636 ], [ 173.95316674885791, -42.063062332168307 ], [ 173.952830571879389, -42.063688032686244 ], [ 173.952440419438545, -42.064293537769487 ], [ 173.952086106915829, -42.064906410207264 ], [ 173.951664400752378, -42.06549837039087 ], [ 173.951273320471728, -42.066098376475793 ], [ 173.950873514452212, -42.066695358880096 ], [ 173.950519395206612, -42.067308217368485 ], [ 173.950163940680028, -42.067924587627438 ], [ 173.949831095015298, -42.068550325687362 ], [ 173.949515641427524, -42.069177327981556 ], [ 173.949215000012885, -42.069805803511393 ], [ 173.948880792626994, -42.070424960125642 ], [ 173.94854795760989, -42.071044491400279 ], [ 173.948202277343341, -42.071659494109902 ], [ 173.947937177977622, -42.072296642163614 ], [ 173.947612715640332, -42.072917945556085 ], [ 173.947281678815528, -42.073537843494194 ], [ 173.946945509208319, -42.074156265595157 ], [ 173.946588710904877, -42.074766880354794 ], [ 173.946164648211663, -42.075343833591951 ], [ 173.945758926967244, -42.075925474549017 ], [ 173.945380048261825, -42.076530173521292 ], [ 173.944990009358634, -42.077130813920093 ], [ 173.944611388958151, -42.077735595408711 ], [ 173.944203856766308, -42.078333348120502 ], [ 173.943817046569649, -42.078942848248396 ], [ 173.943448532380017, -42.079555386239463 ], [ 173.943061020107365, -42.080157511792827 ], [ 173.942704287526396, -42.080769492746441 ], [ 173.942338427548265, -42.081378470392771 ], [ 173.94195681150191, -42.081982397632899 ], [ 173.94158091823175, -42.082588148534548 ], [ 173.941194476678049, -42.083175293593527 ], [ 173.940808129430991, -42.083757427440936 ], [ 173.940419193122608, -42.084355431509962 ], [ 173.9399899783254, -42.084941083081326 ], [ 173.93961126894115, -42.085549919388029 ], [ 173.93923511472633, -42.086176412054314 ], [ 173.938847306656896, -42.08679919277948 ], [ 173.938508373392352, -42.087409696073657 ], [ 173.938230335619068, -42.088033996968143 ], [ 173.937921161837494, -42.088657826122294 ], [ 173.93757638445183, -42.089273438744058 ], [ 173.937240570419846, -42.08989370376289 ], [ 173.936909177038046, -42.090522739220788 ], [ 173.936594496497889, -42.091155799863841 ], [ 173.936282910041825, -42.091781755526362 ], [ 173.935939209031744, -42.092399312656461 ], [ 173.93564948903844, -42.093027211691336 ], [ 173.935331931116394, -42.093648809494901 ], [ 173.935065903331662, -42.094285756640055 ], [ 173.934787248291144, -42.094919504965681 ], [ 173.934481286511868, -42.095546343132852 ], [ 173.934217621445697, -42.096182729137929 ], [ 173.93392193066137, -42.096810812284737 ], [ 173.93363127348303, -42.09744134962952 ], [ 173.933295603506423, -42.098060322246617 ], [ 173.932986109370944, -42.098686112477374 ], [ 173.932700638067018, -42.099318864705779 ], [ 173.932401916949857, -42.099949404270333 ], [ 173.932122096887497, -42.100584019858431 ], [ 173.931824370403035, -42.101212920925796 ], [ 173.931535138960129, -42.101843931744114 ], [ 173.931286488705183, -42.1024851535878 ], [ 173.93104020281487, -42.103127221603685 ], [ 173.93076357816372, -42.103761623456059 ], [ 173.930507711851334, -42.104400829151039 ], [ 173.930236980884899, -42.105037246105553 ], [ 173.929959270545623, -42.105672602733101 ], [ 173.929708163146103, -42.106313270109183 ], [ 173.92941445590435, -42.106943497689151 ], [ 173.929146311946681, -42.107579558808581 ], [ 173.928910555830754, -42.108224765408693 ], [ 173.928679684372867, -42.108871174363806 ], [ 173.928417819294253, -42.109509934877785 ], [ 173.928168486519695, -42.110150384036444 ], [ 173.927950087618626, -42.110796828169413 ], [ 173.927731732764528, -42.11144327429291 ], [ 173.927467531994751, -42.112082518273326 ], [ 173.92728773770682, -42.112737690832518 ], [ 173.927097822520267, -42.113389376624184 ], [ 173.926897403137133, -42.114038950125725 ], [ 173.926711382552469, -42.114690981625863 ], [ 173.926553145222897, -42.115347982860911 ], [ 173.926392623511759, -42.116004293559094 ], [ 173.926202448541403, -42.116655635669147 ], [ 173.926062321010619, -42.117314546545423 ], [ 173.925853082020438, -42.117962895447647 ], [ 173.925619479765373, -42.118607516729583 ], [ 173.925479105235041, -42.119266325694696 ], [ 173.925325725268266, -42.119922215291496 ], [ 173.925168407067616, -42.120578025041333 ], [ 173.925039410376115, -42.121237413760397 ], [ 173.924914097519917, -42.121897197927957 ], [ 173.924816470581874, -42.122559341892746 ], [ 173.924728275476213, -42.123218657299262 ], [ 173.9246168376811, -42.1238791384366 ], [ 173.924515755225457, -42.124542593796832 ], [ 173.924448335234445, -42.125207223244502 ], [ 173.92439759158691, -42.125872430810922 ], [ 173.924315250541923, -42.126536054789561 ], [ 173.924225222150142, -42.127198311805941 ], [ 173.924141061387729, -42.127861183719233 ], [ 173.924130681675763, -42.128528831386284 ], [ 173.924086088521307, -42.129194487610604 ], [ 173.924026595010133, -42.129859272622475 ], [ 173.924008166967411, -42.130524218105037 ], [ 173.924037477697794, -42.131184007774365 ], [ 173.924037083787198, -42.131849995432397 ], [ 173.924026941781392, -42.132518603752267 ], [ 173.924069854993803, -42.133184252740797 ], [ 173.924127530941519, -42.133849073264507 ], [ 173.924211134039979, -42.134513034049128 ], [ 173.924306335803891, -42.135176176733033 ], [ 173.924408797660391, -42.135841739791154 ], [ 173.924561972867423, -42.136498388737465 ], [ 173.924772670480593, -42.137146387568002 ], [ 173.924986345024251, -42.137794021026274 ], [ 173.925315039901278, -42.138412735412309 ], [ 173.925558263832386, -42.139054327185555 ], [ 173.925867898525752, -42.139683480869579 ], [ 173.926261957901318, -42.140282052773962 ], [ 173.926698579625082, -42.140865204250453 ], [ 173.927188638044669, -42.141425279819515 ], [ 173.927661460729098, -42.141989954743309 ], [ 173.928125019715964, -42.142564006091497 ], [ 173.928645506540221, -42.143106969720421 ], [ 173.929100747626876, -42.143685546372744 ], [ 173.929646704063174, -42.14421327981713 ], [ 173.930167508163407, -42.144753121026788 ], [ 173.930707292662134, -42.145285064977301 ], [ 173.931264570013582, -42.14580955839552 ], [ 173.931805712032826, -42.146342169397023 ], [ 173.932259946981105, -42.146918524290093 ], [ 173.932709571139924, -42.147492101643785 ], [ 173.933082316189655, -42.148093518170725 ], [ 173.933432857290626, -42.148708355251976 ], [ 173.933826855355079, -42.149308563643515 ], [ 173.934295650586108, -42.149879368716903 ], [ 173.934714480218133, -42.150468728880945 ], [ 173.935167565844438, -42.151044626266348 ], [ 173.93553542574719, -42.15165455477689 ], [ 173.935852682412161, -42.152284783470094 ], [ 173.936211864355187, -42.152887215084959 ], [ 173.936474289117569, -42.153510428744461 ], [ 173.936852320613383, -42.154122844317008 ], [ 173.937316233902095, -42.154711026214677 ], [ 173.937773323363729, -42.155288798603664 ], [ 173.938237290742563, -42.155860056832104 ], [ 173.93863946729499, -42.156450325661815 ], [ 173.938904838340449, -42.157064198950827 ], [ 173.939178430756556, -42.157679088489836 ] ] } },
{ "type": "Feature", "properties": { "group_id": "nzd0384" }, "geometry": { "type": "LineString", "coordinates": [ [ 173.903107148224052, -42.183938070257497 ], [ 173.90233421966181, -42.184277364960373 ], [ 173.901564062617467, -42.184620022627321 ], [ 173.9007926033334, -42.184961097358709 ], [ 173.90001319397382, -42.185292517859985 ], [ 173.899270544795428, -42.18566856783827 ], [ 173.898528501188139, -42.186045351676988 ], [ 173.897782575987236, -42.18642003953147 ], [ 173.897018672597341, -42.18677579919121 ], [ 173.896292535073457, -42.187171093129905 ], [ 173.895531269307241, -42.187525758638927 ], [ 173.894785656343402, -42.187900121855144 ], [ 173.894068206395559, -42.188308080298484 ], [ 173.893325249189047, -42.188692937274055 ], [ 173.892622311360185, -42.189107790151681 ], [ 173.891916995383014, -42.18952055390551 ], [ 173.891214608680031, -42.189935884273808 ], [ 173.890511612893448, -42.190350677366176 ], [ 173.889831921552712, -42.190785910738015 ], [ 173.889148224978499, -42.191217627793627 ], [ 173.888473718594611, -42.191657403939757 ], [ 173.887817664521918, -42.192113364310543 ], [ 173.887173248260268, -42.192579531115356 ], [ 173.886544600622244, -42.193059528130249 ], [ 173.88593142415732, -42.193549443698018 ], [ 173.885353710688548, -42.194054445400006 ], [ 173.884760258914525, -42.194550879236786 ], [ 173.884204892195186, -42.195076961932266 ], [ 173.883642040800879, -42.195597899216928 ], [ 173.8830605381537, -42.196106024675558 ], [ 173.882494564775527, -42.196624913062273 ], [ 173.881961944989683, -42.197166753062795 ], [ 173.881460309764634, -42.197729796979502 ], [ 173.881017624606102, -42.198308424873993 ], [ 173.880691581812584, -42.198864062170053 ], [ 173.880503817695455, -42.199485424849946 ], [ 173.880262137428701, -42.200197038310463 ], [ 173.879873955489472, -42.200874315042256 ], [ 173.879363155686178, -42.201409642757568 ], [ 173.878937928217027, -42.201938062236742 ], [ 173.878635442630724, -42.202280252762215 ], [ 173.878371634809696, -42.202647515664296 ], [ 173.878027644172334, -42.203201388029321 ], [ 173.877910674066783, -42.203813231462988 ] ] } },
{ "type": "Feature", "properties": { "group_id": "nzd0385" }, "geometry": { "type": "LineString", "coordinates": [ [ 171.303639420683481, -42.270917599730048 ], [ 171.303995362571044, -42.270306433347137 ], [ 171.3042783191502, -42.269675140122516 ], [ 171.304521553306841, -42.269032889885963 ], [ 171.304721172964122, -42.268378916415074 ], [ 171.304950589602896, -42.267738566520833 ], [ 171.305168067794739, -42.267094644148848 ], [ 171.305281731840779, -42.26643205436244 ], [ 171.30544554901789, -42.26577792092759 ], [ 171.30566224732533, -42.265133118411761 ], [ 171.305833128200334, -42.26448205041639 ], [ 171.306056589237301, -42.263837335026516 ], [ 171.306270401958642, -42.263190289663719 ], [ 171.306391059939017, -42.262530997288835 ], [ 171.306502382867762, -42.261870471463688 ], [ 171.306698560686186, -42.261221088508286 ], [ 171.306847992103201, -42.260565556384265 ], [ 171.307181397854947, -42.259934191105515 ], [ 171.307200494182894, -42.259261519744342 ], [ 171.307417827055389, -42.258614889250232 ], [ 171.307386276013005, -42.257935549054075 ], [ 171.307495381223077, -42.257274779877172 ], [ 171.307586074108571, -42.256612853171774 ], [ 171.307716070617772, -42.255955235735016 ], [ 171.307844273255228, -42.255297212879917 ], [ 171.307931703450691, -42.254634904984364 ], [ 171.308009272504194, -42.253971555459685 ], [ 171.308142879881331, -42.253314079028542 ], [ 171.308253204491081, -42.252654152680982 ], [ 171.308367953486226, -42.251994683680266 ], [ 171.308514711568819, -42.251338566463843 ], [ 171.308621610034038, -42.250679092784729 ], [ 171.308736736679322, -42.250019931796366 ], [ 171.308734133837589, -42.249353773854317 ], [ 171.30887205767155, -42.24869339389015 ], [ 171.308942392502388, -42.248030324091808 ], [ 171.309015054753814, -42.247367339668543 ], [ 171.3090719313455, -42.246703721674386 ], [ 171.309118760925003, -42.246039697894282 ], [ 171.309194489505472, -42.245376814170633 ], [ 171.309225526197054, -42.244712149545308 ], [ 171.309250417257175, -42.244047233988994 ], [ 171.309321056873301, -42.243384127279569 ], [ 171.30944452383207, -42.242723110346368 ], [ 171.309393015938184, -42.242055141423101 ], [ 171.309369902751826, -42.241388292482746 ], [ 171.309399069982135, -42.24072351165902 ], [ 171.309430062867818, -42.240058796300971 ], [ 171.309439719956799, -42.239393227067445 ], [ 171.309464773538764, -42.238728306870456 ], [ 171.309482529710607, -42.238066080781138 ], [ 171.309497777769195, -42.237400494958457 ], [ 171.309535769545647, -42.236733958358926 ], [ 171.309580552526029, -42.236068029504416 ], [ 171.309698859620823, -42.235408748990956 ], [ 171.309775845541168, -42.234745721215958 ], [ 171.309933539737528, -42.23408999212662 ], [ 171.310063669130528, -42.233431760982207 ], [ 171.310106468801109, -42.232765617934227 ], [ 171.310338600485665, -42.232116606058824 ], [ 171.31075745602439, -42.231484488712361 ], [ 171.310686599991953, -42.230808037386659 ], [ 171.310886613009046, -42.230156097262636 ], [ 171.311130357632464, -42.229508108554036 ], [ 171.311324581702479, -42.228855630457616 ], [ 171.311579190218168, -42.22820861101944 ], [ 171.311716151500065, -42.227560989926623 ], [ 171.311917796057855, -42.226921241359648 ], [ 171.312103956872818, -42.226269598412664 ], [ 171.312277835538396, -42.225616504216063 ], [ 171.31246548443039, -42.224964996097498 ], [ 171.312537899721804, -42.22430015085672 ], [ 171.312649990931192, -42.223639888453249 ], [ 171.312747183718358, -42.222977895694363 ], [ 171.31286916293007, -42.222318763389204 ], [ 171.313023150303451, -42.221663326989031 ], [ 171.313100216206124, -42.220998985256166 ], [ 171.313255185147455, -42.22034364868189 ], [ 171.313320810786934, -42.219677969712045 ], [ 171.313404650190506, -42.219014390853864 ], [ 171.313484797107549, -42.218350377918149 ], [ 171.313474442577359, -42.217675888287161 ], [ 171.313584697914024, -42.217015344615042 ], [ 171.313601766370198, -42.216344013454354 ], [ 171.313645329903267, -42.215670906349061 ], [ 171.313722106748344, -42.214994284600486 ], [ 171.313831347501946, -42.214324227811304 ], [ 171.313836986221531, -42.213657558667819 ], [ 171.313936813784466, -42.212995871488772 ], [ 171.314001749722792, -42.212332329200599 ], [ 171.314023157855104, -42.211666474366609 ], [ 171.314064771030274, -42.211001682754457 ], [ 171.314075913959357, -42.210335270198435 ], [ 171.314137388097066, -42.209671516609355 ], [ 171.314073775839717, -42.209001130340084 ], [ 171.314034569029076, -42.208332029715216 ], [ 171.314065972582966, -42.207666662315688 ], [ 171.314054130624186, -42.206998997159019 ], [ 171.314011523425876, -42.206329695269147 ], [ 171.314051338374753, -42.205664752431552 ], [ 171.314186392592347, -42.205004847643146 ], [ 171.314264629973138, -42.204341441161937 ], [ 171.314244222782492, -42.203673112444221 ], [ 171.314298110319299, -42.20300863152373 ], [ 171.314351582271883, -42.202344405193976 ], [ 171.314403330469673, -42.201680105167846 ], [ 171.314513604128905, -42.201018062640635 ], [ 171.314514671494464, -42.200351787647989 ], [ 171.314545784155627, -42.199686668181535 ], [ 171.314580435346016, -42.199021678632064 ], [ 171.31463067044595, -42.198357285068376 ], [ 171.314681446892223, -42.197692905452108 ], [ 171.314758058958489, -42.197029518477855 ], [ 171.314834089052169, -42.196366101976508 ], [ 171.314852492702357, -42.195700448792351 ], [ 171.314877085091211, -42.195035028062748 ], [ 171.314936541086809, -42.194370971585045 ], [ 171.315097085820838, -42.193720727404447 ], [ 171.315018004794638, -42.193053584742437 ], [ 171.315056099459781, -42.192386783857067 ], [ 171.315097529091418, -42.19172026866719 ], [ 171.315221848296375, -42.191061020955274 ], [ 171.315304957755956, -42.190398149725183 ], [ 171.315399326871756, -42.189736259716121 ], [ 171.315541961449526, -42.189078598597021 ], [ 171.315653084681827, -42.188418165089267 ], [ 171.31578071099932, -42.187759172976904 ], [ 171.315985249248854, -42.18710692374502 ], [ 171.316033628202661, -42.18644096300855 ], [ 171.316154805971308, -42.185781384184011 ], [ 171.316308691356397, -42.185124668861434 ], [ 171.316397093162266, -42.184462199754492 ], [ 171.316652691596516, -42.183816432086871 ], [ 171.316752861758999, -42.183169102623474 ], [ 171.316900092769458, -42.182524442755472 ], [ 171.31703727030839, -42.18186631580258 ], [ 171.317164616444444, -42.181206820950457 ], [ 171.317362534233069, -42.180557089383122 ], [ 171.317541982100664, -42.179904794008074 ], [ 171.317692607577612, -42.179248501596575 ], [ 171.317941317886749, -42.178605781493225 ], [ 171.317962560310349, -42.177931563317237 ], [ 171.318085287339215, -42.177271388095974 ], [ 171.318217720759236, -42.176612549840243 ], [ 171.318347024073319, -42.175953271412212 ], [ 171.318442247282775, -42.175289267897185 ], [ 171.318590178869414, -42.174632554820789 ], [ 171.318739528755458, -42.173976031295176 ], [ 171.318765901366532, -42.173302474993989 ], [ 171.318859603930946, -42.172633639252581 ], [ 171.318911912489085, -42.17195887107161 ], [ 171.318944944156527, -42.17128795301241 ], [ 171.319053042112728, -42.170624695895746 ], [ 171.319278102203867, -42.16996457227394 ], [ 171.319252676706839, -42.169297715764245 ], [ 171.319255937711034, -42.168631622501522 ], [ 171.319250217796423, -42.167965281081983 ], [ 171.319251614722702, -42.167299123750752 ], [ 171.319385548679236, -42.166636518187175 ], [ 171.319401466104097, -42.165970736749451 ], [ 171.319414283518682, -42.165304865070048 ], [ 171.3194392505915, -42.164639312613254 ], [ 171.319438582979416, -42.163973064841649 ], [ 171.319439188750465, -42.163306844253661 ], [ 171.319439090593164, -42.162640597756671 ], [ 171.319423091212514, -42.161973947981195 ], [ 171.319512231519838, -42.161326378025684 ], [ 171.319545541167258, -42.16067405268204 ], [ 171.319576534910254, -42.160005110351946 ], [ 171.319605567223334, -42.159335961014897 ], [ 171.31966811484628, -42.158670222282282 ], [ 171.31975880009756, -42.158007345851232 ], [ 171.319882969581016, -42.157347876961559 ], [ 171.319812038900636, -42.156668506240067 ], [ 171.31996348928314, -42.156011805469888 ], [ 171.320180006748245, -42.155361732907387 ], [ 171.320224975636989, -42.154694160062704 ], [ 171.320376080508879, -42.154037403375945 ], [ 171.32055397567791, -42.153383371692904 ], [ 171.320722284157881, -42.152728355517333 ], [ 171.320921179701998, -42.152076451483993 ], [ 171.321092073031707, -42.151425288470378 ], [ 171.321351720543305, -42.150828320060604 ], [ 171.321673516445969, -42.15024953217862 ], [ 171.321828803597725, -42.149578638579243 ], [ 171.322068524951163, -42.148932639390395 ], [ 171.32238882775431, -42.148310398750603 ], [ 171.322700053590125, -42.147685475041619 ], [ 171.323023880220632, -42.147064261402782 ], [ 171.32338069850033, -42.146452771483276 ], [ 171.323696757940183, -42.145829254949653 ], [ 171.324035295408834, -42.145212361491318 ], [ 171.324321615635995, -42.144580062051425 ], [ 171.324621321111891, -42.143951704029504 ], [ 171.324929071705895, -42.143325712539877 ], [ 171.325184240525061, -42.142684207377506 ] ] } },
{ "type": "Feature", "properties": { "group_id": "nzd0386" }, "geometry": { "type": "LineString", "coordinates": [ [ 173.864373464607127, -42.217795143255991 ], [ 173.863471230130642, -42.217860276397793 ], [ 173.862719404536648, -42.21796660349397 ], [ 173.862057938532018, -42.218211625537087 ], [ 173.861297892704641, -42.218445262209833 ], [ 173.860620825104377, -42.21881499648223 ], [ 173.860039122142865, -42.219346017149896 ], [ 173.859490710979344, -42.219794942854456 ], [ 173.858868671788656, -42.220171220067051 ] ] } },
{ "type": "Feature", "properties": { "group_id": "nzd0387" }, "geometry": { "type": "LineString", "coordinates": [ [ 173.769534643146443, -42.278987914751319 ], [ 173.76892359212539, -42.279482385369739 ], [ 173.768579377986214, -42.280209591509099 ], [ 173.767933161593987, -42.280673385745573 ], [ 173.767242557569034, -42.281098461907568 ], [ 173.766589472367855, -42.28155790469291 ], [ 173.765910231617909, -42.281996011918523 ], [ 173.76519205473673, -42.282402288639325 ], [ 173.764538330244818, -42.282858135804261 ], [ 173.763864252285089, -42.283297783661624 ], [ 173.763249427529672, -42.283785081740483 ], [ 173.762590997470113, -42.284240189005779 ], [ 173.76192212435987, -42.284687706937241 ], [ 173.76136117602374, -42.285212556800822 ], [ 173.760802225480006, -42.285738881110795 ], [ 173.760120077255038, -42.286174070810638 ], [ 173.759455891871909, -42.286622544302318 ], [ 173.758858458061695, -42.287121212931126 ], [ 173.758274733694236, -42.287626544828612 ], [ 173.757708941902308, -42.28814316225651 ], [ 173.757119445174226, -42.288645729470666 ], [ 173.756583504746004, -42.289179295276618 ], [ 173.756011737737339, -42.289692117304035 ], [ 173.755462286249156, -42.290218745087564 ], [ 173.75493114219023, -42.290755854926942 ], [ 173.754398717800854, -42.291291957794954 ], [ 173.753892507656445, -42.291840950515656 ], [ 173.753387807640621, -42.292390717269214 ], [ 173.752918447907604, -42.292958703119254 ], [ 173.75246657245998, -42.293533776266386 ], [ 173.752007056144691, -42.294099027772724 ], [ 173.751540895879543, -42.294664854927731 ], [ 173.751083541186063, -42.295236429914013 ], [ 173.750643754911948, -42.295814739821829 ], [ 173.750250298337477, -42.296411985289247 ], [ 173.749883075507086, -42.297018380595716 ], [ 173.749548511268273, -42.297636965469088 ], [ 173.749202249607123, -42.298255906826988 ], [ 173.748812144702327, -42.298850673521898 ], [ 173.748508329312415, -42.299452716752391 ], [ 173.748256548581054, -42.300068184981633 ], [ 173.748008176563815, -42.300690975318631 ], [ 173.74786123110465, -42.301339962862777 ], [ 173.747805534911407, -42.301967730820962 ], [ 173.747879503155048, -42.302564776183956 ], [ 173.748063151232543, -42.303143052976608 ], [ 173.748487322716471, -42.303665449568726 ], [ 173.749107840937739, -42.304109768709779 ], [ 173.749832020453908, -42.304474869872692 ], [ 173.750623959541741, -42.304778740365585 ] ] } },
{ "type": "Feature", "properties": { "group_id": "nzd0388" }, "geometry": { "type": "LineString", "coordinates": [ [ 171.279456157477568, -42.314556726878905 ], [ 171.279826582577897, -42.313949935920611 ], [ 171.280176384442655, -42.313337471873439 ], [ 171.280481955851201, -42.312713896873589 ], [ 171.280761425720243, -42.312082416103571 ], [ 171.281086411163898, -42.311459237581374 ], [ 171.281377242517237, -42.310841092354842 ], [ 171.28170620249935, -42.310229368667457 ], [ 171.282000645941622, -42.309601799228645 ], [ 171.282243552726214, -42.30896064677593 ], [ 171.282486097535639, -42.308318699715294 ], [ 171.282665674154202, -42.307658723218765 ], [ 171.282854132746365, -42.307005665519853 ], [ 171.283034239860399, -42.306353321503117 ], [ 171.283236239198402, -42.305705434172708 ], [ 171.283403838265968, -42.30505212426521 ], [ 171.283575816765506, -42.304404231454463 ], [ 171.283724446653025, -42.30375073427863 ], [ 171.283899385330045, -42.303098688822224 ], [ 171.284010331060443, -42.30243901715 ], [ 171.284144905186395, -42.301782151945226 ], [ 171.284317255925515, -42.301129777801066 ] ] } },
{ "type": "Feature", "properties": { "group_id": "nzd0390" }, "geometry": { "type": "LineString", "coordinates": [ [ 173.740804367992382, -42.32720873484579 ], [ 173.740119304665484, -42.32764561165876 ], [ 173.739410930266473, -42.328056896443115 ], [ 173.738661540592886, -42.328423153228904 ], [ 173.73790115727175, -42.328767135072262 ], [ 173.737130276505241, -42.329097168327273 ], [ 173.736326923037012, -42.329394956270512 ], [ 173.735535645963864, -42.329713902356666 ], [ 173.73477493322747, -42.330073388956272 ], [ 173.734017516308569, -42.330432663394205 ], [ 173.733225043043149, -42.330748666592044 ], [ 173.732430901798978, -42.331060207645052 ], [ 173.731655847007289, -42.331384692440615 ], [ 173.730875463339459, -42.331704766560968 ], [ 173.730081351022562, -42.332015321394842 ], [ 173.729310225390265, -42.332357019460169 ], [ 173.728538973097386, -42.332708430687077 ], [ 173.727795082465917, -42.333091289693094 ], [ 173.727023501148665, -42.333441536243235 ], [ 173.726305885481509, -42.333841005117215 ], [ 173.725578405170495, -42.334230672337384 ], [ 173.724870190686147, -42.334639475243854 ], [ 173.724168639160666, -42.335055644809501 ], [ 173.723469519404034, -42.335474449202614 ], [ 173.722756772275005, -42.335879244907325 ], [ 173.722072974288523, -42.336311101677616 ], [ 173.721402360567993, -42.336755561190273 ], [ 173.720686987243027, -42.337157224950701 ], [ 173.719997905223124, -42.337583844123714 ], [ 173.719288930037862, -42.337989813853774 ], [ 173.718623538843531, -42.338434785732083 ], [ 173.717929503736372, -42.338856709155685 ], [ 173.717250090260933, -42.339291100080324 ], [ 173.716590205024175, -42.339742143427337 ], [ 173.715915081910168, -42.340180187693406 ], [ 173.715226490846959, -42.340606742299443 ], [ 173.714531379006473, -42.341028887908934 ], [ 173.713862279411899, -42.341474817478954 ], [ 173.713159160401517, -42.341888807419011 ], [ 173.712496997968486, -42.342332892566034 ], [ 173.711806285015371, -42.342749358585088 ], [ 173.711113301577541, -42.343172731048043 ], [ 173.710395521225109, -42.343578622810966 ], [ 173.709722298952926, -42.344018958445183 ], [ 173.709036813740539, -42.344449740387574 ], [ 173.70836792859663, -42.344892892096041 ], [ 173.707696436779486, -42.345333899249894 ], [ 173.707009980688582, -42.34576357566521 ], [ 173.706345973146767, -42.346210871444661 ], [ 173.70572503378753, -42.346691973828143 ], [ 173.705082014367463, -42.347162366215656 ], [ 173.704443387219328, -42.347638031408387 ], [ 173.70383655389017, -42.34812824560538 ], [ 173.703228192799486, -42.348617223400325 ], [ 173.702632273847229, -42.349114107292742 ], [ 173.702010716858609, -42.349594687666183 ], [ 173.701424110017285, -42.350097986553024 ], [ 173.700829109082775, -42.350597997963568 ], [ 173.700257355259225, -42.351112050472935 ], [ 173.699736223362294, -42.351655103220722 ], [ 173.699197983222092, -42.352187672394322 ], [ 173.698637117807493, -42.352710481635867 ], [ 173.698121770866777, -42.353258561575515 ], [ 173.697583004394716, -42.353790708101485 ], [ 173.697090570674703, -42.354346431629466 ], [ 173.696591404528306, -42.354899756730461 ], [ 173.696154214173532, -42.355481872683661 ], [ 173.695653424992315, -42.356034532462232 ], [ 173.695203300144556, -42.356609005935013 ], [ 173.69472273699904, -42.357170396414965 ], [ 173.694247164744127, -42.357733926025006 ], [ 173.69386522642202, -42.358337680057907 ], [ 173.693431509430752, -42.358919182230217 ], [ 173.693022354403666, -42.359509254498789 ], [ 173.692624383150132, -42.360102225672044 ], [ 173.692224375047147, -42.360696525746249 ], [ 173.691833863268386, -42.361294298217729 ], [ 173.691485668227784, -42.361906031569447 ], [ 173.691122209287613, -42.362510634577184 ], [ 173.690775015640639, -42.363121682242443 ], [ 173.690443840274497, -42.363738813669144 ], [ 173.690093553503033, -42.364350016464996 ], [ 173.689755489932509, -42.3649650013027 ], [ 173.689419898118302, -42.365578111660078 ], [ 173.689084181354531, -42.366190152246951 ], [ 173.688781181864897, -42.366813998491594 ], [ 173.688470539169657, -42.367436971507317 ], [ 173.688189311705514, -42.368069042549351 ], [ 173.68791289518569, -42.368702861161523 ], [ 173.687601219464398, -42.369325356852833 ], [ 173.687352483223748, -42.369961814346539 ], [ 173.687115029381147, -42.370585986500394 ], [ 173.686852883160014, -42.371209226507247 ], [ 173.686654711677932, -42.371856716475229 ], [ 173.686402038110316, -42.372494115069358 ], [ 173.686143193981167, -42.373130365341808 ], [ 173.685993528223349, -42.373786810728937 ], [ 173.68574511358193, -42.374427147571318 ], [ 173.685448917934139, -42.375058173694669 ], [ 173.685314726812265, -42.375719634152986 ], [ 173.685125747827726, -42.376366393053438 ], [ 173.684906774269791, -42.377002615421972 ], [ 173.684693319042537, -42.377643160261343 ], [ 173.684594067948524, -42.378305854984383 ], [ 173.684395847557226, -42.378944481234733 ], [ 173.684198269873292, -42.379585088276727 ], [ 173.684076351476648, -42.380243239036211 ], [ 173.683970826580179, -42.380896050652176 ], [ 173.683791147324513, -42.381534479935922 ], [ 173.683606566735875, -42.382181214906836 ], [ 173.683503303200922, -42.382840399815144 ], [ 173.683325328455084, -42.383492571893093 ], [ 173.683168110305843, -42.384146384552615 ], [ 173.683103173136629, -42.384805966899954 ], [ 173.682984944526794, -42.385461109887927 ], [ 173.682874942393738, -42.3861196965888 ], [ 173.68278037697641, -42.386779106770625 ], [ 173.682557534326889, -42.387428466699696 ], [ 173.682497468505602, -42.38809096282413 ], [ 173.6824778643998, -42.388747488600657 ], [ 173.682486985819367, -42.389402131729597 ], [ 173.682431509104902, -42.390063641171004 ], [ 173.682319071944079, -42.390724042598627 ], [ 173.682223118754735, -42.39138498288888 ], [ 173.682147696974198, -42.39204526891433 ], [ 173.681955957842973, -42.392701236549797 ], [ 173.682056902890452, -42.39336377650833 ], [ 173.682014530909896, -42.394026935904073 ], [ 173.681992228466271, -42.394690226791418 ], [ 173.681996947919828, -42.395353697150327 ], [ 173.681985034407148, -42.39600988966567 ], [ 173.682074679614061, -42.396655389657823 ], [ 173.682147150002464, -42.397310518578522 ], [ 173.682191796517515, -42.397971006026516 ], [ 173.682345080001085, -42.398617343187588 ], [ 173.682550806444937, -42.399260306105546 ], [ 173.682753121876175, -42.399889367602562 ], [ 173.68314103365941, -42.400448549453387 ], [ 173.683512354004534, -42.401033149925155 ], [ 173.683982815665019, -42.401579743782527 ], [ 173.684491027359769, -42.402106282731346 ], [ 173.684681635321539, -42.402844522863383 ], [ 173.684640400811134, -42.403556974130176 ] ] } },
{ "type": "Feature", "properties": { "group_id": "nzd0391" }, "geometry": { "type": "LineString", "coordinates": [ [ 173.684637885707048, -42.404975434914995 ], [ 173.684631637883996, -42.405644101654566 ], [ 173.684692652913583, -42.406309066699443 ], [ 173.684980565712351, -42.40693977193105 ], [ 173.68542719004509, -42.407510137805438 ], [ 173.685887702726603, -42.408079254573465 ], [ 173.686373109799831, -42.408636928596735 ], [ 173.686916283393515, -42.409175543407024 ], [ 173.687288052934036, -42.409774779816139 ], [ 173.687830209531683, -42.410295993542142 ], [ 173.68837643780418, -42.41083492829538 ], [ 173.688824294364395, -42.411397565538856 ], [ 173.689281731074516, -42.411916554196267 ], [ 173.689895901088647, -42.412359707547793 ], [ 173.690706968292091, -42.412723269852613 ], [ 173.691144655873813, -42.413342648863278 ], [ 173.691649398863888, -42.41387310601506 ], [ 173.692307233872953, -42.414292848029881 ], [ 173.692993433270033, -42.414678956646149 ], [ 173.69374934744377, -42.415002964418804 ], [ 173.694556820322362, -42.415257943331007 ], [ 173.695439497997455, -42.415328551844006 ] ] } },
{ "type": "Feature", "properties": { "group_id": "nzd0392" }, "geometry": { "type": "LineString", "coordinates": [ [ 171.206506939872128, -42.423142697487421 ], [ 171.206729590052532, -42.422498899352242 ], [ 171.206967492322178, -42.421858761048952 ], [ 171.207197792997391, -42.421216789027937 ], [ 171.207431508902317, -42.420575631513572 ], [ 171.207686057846018, -42.419939475452878 ], [ 171.207974713959402, -42.419311511760895 ], [ 171.208169249814688, -42.41866091672081 ], [ 171.208384444868841, -42.418021266628664 ], [ 171.208623505447036, -42.417388186086441 ], [ 171.208783530867066, -42.416735009173763 ], [ 171.208913143067889, -42.416076074973383 ], [ 171.209097625650713, -42.415426821222113 ], [ 171.209309173056539, -42.414782339011758 ], [ 171.209494279315578, -42.414133182002374 ], [ 171.209640227795148, -42.413477105041956 ], [ 171.209847384618399, -42.412831827646123 ], [ 171.210084128716858, -42.412191767200206 ], [ 171.210351355864844, -42.411557081856976 ], [ 171.210587564905921, -42.410916913630274 ], [ 171.210777882596631, -42.410268636648752 ], [ 171.211044179019467, -42.40963376701766 ], [ 171.211318314078312, -42.409000274627175 ], [ 171.211533061240232, -42.408356261129633 ], [ 171.211738343174204, -42.407710348529449 ], [ 171.211914496168021, -42.407059977686686 ], [ 171.212067628939792, -42.406406106730195 ], [ 171.21223222547286, -42.405753978378968 ], [ 171.212440896373181, -42.405108569073285 ], [ 171.212545401621981, -42.404447257153173 ], [ 171.212715816862442, -42.403795996439101 ], [ 171.212848676975398, -42.403138997927833 ], [ 171.213028833842344, -42.402489123501731 ], [ 171.213243857690372, -42.401844782429194 ], [ 171.213385866501568, -42.401188821366134 ], [ 171.213545856188063, -42.400535734442478 ], [ 171.213693438625342, -42.399880651781061 ], [ 171.213863292242678, -42.399229132611126 ], [ 171.214050262538336, -42.398580350652587 ], [ 171.214179917864442, -42.397922373829147 ], [ 171.214324047197294, -42.397264722017866 ], [ 171.214496073233164, -42.396609338287377 ], [ 171.214679059188569, -42.395956982475354 ], [ 171.214864337744558, -42.39530662370872 ], [ 171.215064244235521, -42.394659235360933 ], [ 171.2152706191996, -42.394013156864723 ], [ 171.2155357525873, -42.393379030220771 ], [ 171.215738200806982, -42.392732139411606 ], [ 171.215914663646856, -42.392079953456594 ] ] } },
{ "type": "Feature", "properties": { "group_id": "nzd0393" }, "geometry": { "type": "LineString", "coordinates": [ [ 173.675475319242963, -42.415993360405359 ], [ 173.674868814421671, -42.415452795022013 ], [ 173.674176040421742, -42.415017228826947 ], [ 173.673395517376349, -42.414688461444065 ], [ 173.672579471228545, -42.41440469212489 ], [ 173.671787522597583, -42.414117050405785 ], [ 173.670941115974443, -42.413867916080676 ], [ 173.670095568319624, -42.413602641663601 ], [ 173.669161053817163, -42.413677814205862 ], [ 173.668199440762379, -42.413862687404432 ], [ 173.667329179326771, -42.413790312766807 ], [ 173.666457973962537, -42.41372521566344 ], [ 173.665568855822443, -42.413615714193284 ], [ 173.664676327621549, -42.413536701271759 ], [ 173.66378274493573, -42.413467116266091 ], [ 173.662914765772712, -42.413444873171045 ], [ 173.662079766089505, -42.41350941505771 ], [ 173.661181636989511, -42.413488789311437 ], [ 173.660313768411697, -42.413671133610585 ], [ 173.659436212480671, -42.413814805503961 ], [ 173.658549541300658, -42.413922085024453 ], [ 173.657663973856728, -42.41403377057302 ], [ 173.656759114397204, -42.414068423198906 ], [ 173.65585859500257, -42.414120517338979 ], [ 173.654959994745781, -42.414181177362622 ], [ 173.654114205136523, -42.414467734729648 ], [ 173.653198988472184, -42.414449316892188 ], [ 173.652303164972722, -42.414515751952614 ], [ 173.65136964605739, -42.414417222411252 ], [ 173.650498224459596, -42.414590434544081 ], [ 173.649619058708851, -42.414729759373849 ], [ 173.648734236401225, -42.414844329626433 ], [ 173.647845691085308, -42.414942605182453 ], [ 173.646969233826297, -42.415093789770097 ], [ 173.646075500045015, -42.415188066610789 ], [ 173.645181961947628, -42.415315997006417 ], [ 173.644329179590756, -42.415526769479314 ], [ 173.643476639988563, -42.415735885385317 ], [ 173.642614248109453, -42.415923873585065 ], [ 173.641763632549214, -42.416137113271105 ], [ 173.640920600305009, -42.416366614192142 ], [ 173.640095305488501, -42.416634152442654 ], [ 173.639268150988471, -42.416897703744681 ], [ 173.638409844227795, -42.417094448593438 ], [ 173.637568158553734, -42.417326837496219 ], [ 173.636715954028119, -42.417536667364921 ], [ 173.635851251828257, -42.417719693038904 ], [ 173.635026924440382, -42.417989308957452 ], [ 173.634177770320861, -42.41820568075039 ], [ 173.633323615976792, -42.41841129236186 ], [ 173.632510520087976, -42.418705468345493 ], [ 173.631670744456841, -42.418942083388266 ], [ 173.630809302859291, -42.419131943318661 ], [ 173.629955830472369, -42.419338999641838 ], [ 173.629083637563099, -42.419505654508825 ], [ 173.628226463576397, -42.419704719745276 ], [ 173.627378282856284, -42.419923192793199 ], [ 173.626500886832332, -42.420078612537118 ], [ 173.625663157173591, -42.420319639513004 ], [ 173.624791599735289, -42.420487656573741 ], [ 173.62391801937153, -42.420651962225762 ], [ 173.62308035606469, -42.420896109567536 ], [ 173.622225214026827, -42.421103943681693 ], [ 173.621351457122188, -42.421272572117338 ], [ 173.620514120435331, -42.421512845972551 ], [ 173.619667516349381, -42.421734887542087 ], [ 173.618805323052442, -42.421926258788524 ], [ 173.61796586831241, -42.422162362993483 ], [ 173.617110517890637, -42.422367193360841 ], [ 173.616251919718877, -42.422565632278634 ], [ 173.615415366670987, -42.422807442366803 ], [ 173.614584969444365, -42.423061363547582 ], [ 173.613724262840492, -42.423255649991717 ], [ 173.612890225471745, -42.423502407839273 ], [ 173.612062185753501, -42.423760966312976 ], [ 173.611212099633065, -42.423976145752135 ], [ 173.61039191295697, -42.424258197902326 ], [ 173.609551441779615, -42.424501982890419 ], [ 173.608716406935372, -42.424748460810711 ], [ 173.607876361271877, -42.424984504356644 ], [ 173.607042230051007, -42.425230920061836 ], [ 173.606216390473406, -42.425491877963132 ], [ 173.6053802189941, -42.425734712679905 ], [ 173.604554996771469, -42.425996751467274 ], [ 173.603723575457877, -42.426247915809384 ], [ 173.602885921609158, -42.426488146577661 ], [ 173.602055067393849, -42.426740303241694 ], [ 173.601208820165198, -42.426965457261815 ], [ 173.600347009037108, -42.427171756332299 ], [ 173.599519644439624, -42.427448094154308 ], [ 173.598685711628889, -42.427707239558423 ], [ 173.597864141805729, -42.427975981346279 ], [ 173.597051752728987, -42.42825897373028 ], [ 173.596207519349747, -42.428492529098193 ], [ 173.595409709635533, -42.428799441280226 ], [ 173.594555816015429, -42.429072499485684 ], [ 173.593762485132004, -42.429429774091183 ], [ 173.593010628484421, -42.429792937737083 ], [ 173.592244187815112, -42.430185287996629 ], [ 173.591536914175407, -42.430647453934554 ], [ 173.590861625849783, -42.431118093435387 ], [ 173.590304308692993, -42.431700460836488 ], [ 173.590023442492054, -42.432377802808389 ] ] } },
{ "type": "Feature", "properties": { "group_id": "nzd0394" }, "geometry": { "type": "LineString", "coordinates": [ [ 173.531711667287709, -42.47727812957023 ], [ 173.531073332711372, -42.477744301393059 ], [ 173.530446256631109, -42.478222345095112 ], [ 173.529739763013993, -42.478667739403058 ], [ 173.529176133849631, -42.479226155375606 ], [ 173.528895909311728, -42.479891081791138 ], [ 173.528351109269977, -42.480527236180365 ] ] } },
{ "type": "Feature", "properties": { "group_id": "nzd0395" }, "geometry": { "type": "LineString", "coordinates": [ [ 171.173467367404612, -42.493740317209266 ], [ 171.173749735764289, -42.493107866358038 ], [ 171.174061116860571, -42.49248499421671 ], [ 171.174374581658611, -42.491862804466052 ], [ 171.174612377688874, -42.491215610282815 ], [ 171.174910676819621, -42.490588398221092 ], [ 171.175191917510659, -42.489955544544294 ], [ 171.175539922962315, -42.4893447419349 ], [ 171.175812340837126, -42.488708961407198 ], [ 171.176065648972383, -42.488066861429687 ], [ 171.176352086810709, -42.487435700533915 ], [ 171.176724042196753, -42.48683638183217 ], [ 171.177024139752405, -42.486218455002238 ], [ 171.177395566626302, -42.485615891623858 ], [ 171.17774754711175, -42.485005341584596 ], [ 171.178061287183738, -42.484384628334219 ], [ 171.178472481257359, -42.483789793398316 ], [ 171.178780086825384, -42.483167438293357 ], [ 171.179089999869404, -42.482545689812326 ], [ 171.179383635070991, -42.481919611534629 ], [ 171.179715471277092, -42.481303673520607 ], [ 171.179981243651838, -42.480670182079741 ], [ 171.180265426435682, -42.480041574325583 ], [ 171.180538136273782, -42.4794099129439 ], [ 171.180854679211365, -42.478789887847732 ], [ 171.181082027018363, -42.4781461651732 ], [ 171.181324870951329, -42.477506552092827 ], [ 171.181577984805557, -42.476869660499894 ], [ 171.181824439543078, -42.476230993804386 ], [ 171.182119566122225, -42.475605248814027 ], [ 171.182313736742486, -42.474955384236807 ], [ 171.182563702913569, -42.474323755915684 ], [ 171.18282354333644, -42.473691365208381 ], [ 171.183088302582604, -42.473058152948759 ], [ 171.183363257068777, -42.472427092545459 ], [ 171.183553458124095, -42.471778082972698 ], [ 171.183842537479109, -42.471149999839739 ], [ 171.18416918224176, -42.470529862957981 ], [ 171.184363032253628, -42.469881606311141 ], [ 171.184642765403197, -42.469251525011153 ], [ 171.184950181043092, -42.468627297724872 ], [ 171.185150859323727, -42.467980467064386 ] ] } },
{ "type": "Feature", "properties": { "group_id": "nzd0396" }, "geometry": { "type": "LineString", "coordinates": [ [ 173.509707080499453, -42.505369019674553 ], [ 173.509302006487502, -42.50596398174234 ], [ 173.509003730713403, -42.506588865384515 ], [ 173.508704209981403, -42.50721339400571 ], [ 173.508425113145563, -42.507852330205324 ], [ 173.508209213451096, -42.508506057844677 ], [ 173.507941344148975, -42.509143690477515 ], [ 173.507719378589513, -42.509792701406212 ], [ 173.507558358099004, -42.51044987360418 ], [ 173.50734183049812, -42.511094002440387 ], [ 173.507165289717506, -42.511744104503776 ], [ 173.506916905986458, -42.512384996674463 ] ] } },
{ "type": "Feature", "properties": { "group_id": "nzd0397" }, "geometry": { "type": "LineString", "coordinates": [ [ 173.502285368730952, -42.525966247781135 ], [ 173.502255382263655, -42.526629344424627 ], [ 173.50221173350451, -42.527291431747052 ], [ 173.502077546914052, -42.527948726247061 ], [ 173.502013908439778, -42.528619820072471 ], [ 173.502026699748598, -42.529291301429176 ], [ 173.502014469563591, -42.529963126300807 ], [ 173.502043420596749, -42.530634285166151 ] ] } },
{ "type": "Feature", "properties": { "group_id": "nzd0399" }, "geometry": { "type": "LineString", "coordinates": [ [ 173.504989166596317, -42.563805717832686 ], [ 173.503866150629989, -42.563795558025966 ], [ 173.502828157075641, -42.564165005225952 ], [ 173.501897514363463, -42.564399716336943 ], [ 173.501476553733028, -42.565138799426755 ], [ 173.500927311311841, -42.565741600952691 ], [ 173.5003537458972, -42.566276578995449 ], [ 173.499757574992827, -42.566771618344227 ], [ 173.499085395713337, -42.567215212248833 ], [ 173.498382022597241, -42.567648078973029 ], [ 173.497720397573943, -42.568116220209568 ], [ 173.497179423721832, -42.568672527578748 ], [ 173.496622799903889, -42.569243570127483 ], [ 173.496084379133606, -42.56981045130815 ], [ 173.495582390134672, -42.570361689656259 ], [ 173.49519989570797, -42.570962140724156 ], [ 173.494856613206736, -42.57158223259718 ], [ 173.494475067310049, -42.572204717005668 ], [ 173.494023722272516, -42.572799827416922 ], [ 173.493722853231333, -42.573424983009836 ], [ 173.493400449514724, -42.574036040964096 ], [ 173.492948046854366, -42.57459643522639 ], [ 173.492395070847209, -42.575125412849495 ], [ 173.492012474416839, -42.575740069764279 ], [ 173.49164951491511, -42.576378849044197 ], [ 173.491426060954836, -42.57704190736569 ], [ 173.490996874305864, -42.577618588332825 ], [ 173.490634903202618, -42.578170632553515 ], [ 173.490299477389669, -42.578749554526887 ], [ 173.489858653571645, -42.579324834163948 ], [ 173.489388150373571, -42.579837111724153 ], [ 173.488808188742439, -42.580286322982005 ], [ 173.488157663009531, -42.580740342168646 ], [ 173.487573314843729, -42.581205497631238 ], [ 173.486911644348368, -42.581625940839366 ], [ 173.486347129754677, -42.58214360040845 ], [ 173.485785679571535, -42.582699965543377 ], [ 173.485217935070892, -42.583302272755368 ], [ 173.484747977030906, -42.58392143119579 ], [ 173.484306607306394, -42.584497530161393 ], [ 173.483943492411242, -42.585121279088192 ], [ 173.483612610205199, -42.585760693392125 ], [ 173.483280912122552, -42.586383667893038 ], [ 173.482914205845873, -42.586986897803719 ], [ 173.482559084544164, -42.587586611021429 ], [ 173.482230513764449, -42.588196994765987 ], [ 173.45671442764538, -42.633892906335056 ], [ 173.456377356210822, -42.634470992666841 ], [ 173.456060270519913, -42.63508955760426 ], [ 173.455669723409045, -42.635690592879151 ], [ 173.455352764953716, -42.636320222396854 ], [ 173.454990915705537, -42.636929462901001 ], [ 173.45464076113737, -42.637538050677371 ], [ 173.454240218799725, -42.638131159824887 ], [ 173.45390054690867, -42.638742954643938 ], [ 173.453567526918647, -42.639355461313691 ], [ 173.453264308002844, -42.639977089421066 ], [ 173.45291258564373, -42.640584774405049 ], [ 173.45260283723465, -42.641211632109062 ], [ 173.452299242082802, -42.641839386639774 ], [ 173.451936950180141, -42.642449660571664 ], [ 173.451594940611471, -42.643069607129668 ], [ 173.451270801523748, -42.643692458809262 ], [ 173.450963344839266, -42.644290696181059 ], [ 173.450607236666372, -42.644863550082654 ], [ 173.450315213711576, -42.645486579483297 ], [ 173.449959340267583, -42.646095830856872 ], [ 173.449609550581016, -42.646716419282001 ], [ 173.449283939720459, -42.647342017174672 ], [ 173.448982687412098, -42.647964544619036 ], [ 173.448650093251047, -42.648578548990983 ], [ 173.448304977614043, -42.64918914461613 ], [ 173.44792086820874, -42.649785301853413 ], [ 173.447645866664516, -42.650410128238981 ], [ 173.447322857258968, -42.651025062341674 ], [ 173.44698594258324, -42.651637563416642 ], [ 173.446665810726643, -42.652262408374789 ], [ 173.446334768055237, -42.652884521423715 ], [ 173.44601204479406, -42.653501581102368 ], [ 173.445664217201795, -42.654100406084162 ], [ 173.44533122582564, -42.654698816389171 ], [ 173.445052849632248, -42.655327794943659 ], [ 173.444703106295407, -42.655936399257683 ], [ 173.444332207870332, -42.6565453304135 ], [ 173.444049128374672, -42.657181605272072 ], [ 173.443737723707699, -42.657801710108984 ], [ 173.443399541113109, -42.658406675991792 ], [ 173.443086111542499, -42.659020883711946 ], [ 173.442795915261513, -42.659648882572917 ], [ 173.442421444696038, -42.66025680538953 ], [ 173.442082900778786, -42.660875898696389 ], [ 173.44178508144816, -42.661497826068555 ], [ 173.44144648008421, -42.662100174100928 ], [ 173.441144622311299, -42.66271465682825 ], [ 173.440810606799459, -42.663328028844319 ], [ 173.440491951466896, -42.663946195697527 ], [ 173.440144405785219, -42.664556148080571 ], [ 173.439828159247782, -42.665179628247465 ], [ 173.439506861727267, -42.665800790657222 ], [ 173.439140184174505, -42.666406066057412 ], [ 173.438793336665725, -42.667011993063674 ], [ 173.438510396369196, -42.66763393753466 ], [ 173.438188017157302, -42.668249280968851 ], [ 173.43783678967506, -42.668857305802291 ], [ 173.437552526995887, -42.669485341380927 ], [ 173.437204279322799, -42.670094244887842 ], [ 173.436893982986192, -42.670714486526791 ], [ 173.43653702245453, -42.671320773633418 ], [ 173.436229306678086, -42.671942730193756 ], [ 173.435905161948313, -42.672560510455149 ], [ 173.435554321679746, -42.67317006900717 ], [ 173.43522635304825, -42.673785021679564 ], [ 173.434887755884148, -42.674397037708204 ], [ 173.434582332596563, -42.675018194352141 ], [ 173.434294650838154, -42.675644117488623 ], [ 173.433963583899015, -42.676257791711777 ], [ 173.433630157368924, -42.676870885436792 ], [ 173.433305264568247, -42.677486619547253 ], [ 173.433023330453437, -42.67811419256946 ], [ 173.432635699941471, -42.678710315541345 ], [ 173.432320346517031, -42.679327176760502 ], [ 173.432012439160616, -42.679947977490933 ], [ 173.431629260304703, -42.68054727557913 ], [ 173.431304111232038, -42.68116465414132 ], [ 173.430959434731307, -42.681775749663373 ], [ 173.430634095988921, -42.682391306631558 ], [ 173.43031024909024, -42.683007275790715 ], [ 173.430002250521284, -42.683627682583548 ], [ 173.42959803369709, -42.684215525339681 ], [ 173.429273358394681, -42.684822921434304 ], [ 173.428902246100478, -42.685421479202944 ], [ 173.428592047200027, -42.686043335486772 ], [ 173.42820583523266, -42.686639603935262 ], [ 173.427867953797715, -42.687253773906647 ], [ 173.427531741212022, -42.687869197726862 ], [ 173.427162767002301, -42.688473051373158 ], [ 173.426776302362242, -42.689070255498578 ], [ 173.426411357464616, -42.689673926853551 ], [ 173.426055015644977, -42.690280180055623 ], [ 173.425713060844771, -42.69088909055413 ], [ 173.425317652362111, -42.6914754192412 ], [ 173.424898635144302, -42.692054294401537 ], [ 173.424516148866786, -42.692651729472679 ], [ 173.42417528845067, -42.693263757651344 ], [ 173.423803633960716, -42.693868734051492 ], [ 173.423391089024364, -42.694460692492989 ], [ 173.423045427923057, -42.695070514389201 ], [ 173.422703419277781, -42.695681177100681 ], [ 173.422318726216929, -42.696278155178682 ], [ 173.421963776476701, -42.696884683530477 ], [ 173.42159209988364, -42.697488334490899 ], [ 173.421246084187231, -42.6981000711991 ], [ 173.420887316270154, -42.698705454634727 ], [ 173.420520325104434, -42.69930833071178 ], [ 173.420191470642266, -42.69992280144487 ], [ 173.419856190658606, -42.700535311631242 ], [ 173.419498531853776, -42.701141008557848 ], [ 173.419145920630797, -42.701748234906468 ], [ 173.418789029146126, -42.70235444273667 ], [ 173.418464804593214, -42.702972611170935 ], [ 173.418108752007498, -42.703581110509759 ], [ 173.417793029578718, -42.704199234194128 ], [ 173.41746657658922, -42.704814241653366 ], [ 173.4171242959236, -42.70542465556948 ], [ 173.416811114044293, -42.706043497372207 ], [ 173.416461309663106, -42.706650238660274 ], [ 173.416143991331268, -42.70726441391421 ], [ 173.415820430404352, -42.707878520172848 ], [ 173.415526878371196, -42.708504043769665 ], [ 173.415172047413421, -42.709110465903585 ], [ 173.414870102962681, -42.709733362277106 ], [ 173.414528440193777, -42.710343875885791 ], [ 173.414179918271628, -42.710955451714263 ], [ 173.413840442070011, -42.71157131245603 ], [ 173.413505758137774, -42.71218612266415 ], [ 173.413194494553693, -42.712801984675508 ], [ 173.412852744729037, -42.713407860705523 ], [ 173.41247020242659, -42.714005204190791 ], [ 173.412138742782759, -42.714618664815447 ], [ 173.41181772637745, -42.715235190523607 ], [ 173.411472363362151, -42.715844173973139 ], [ 173.411118918442895, -42.71645064861324 ], [ 173.410800509944039, -42.717067898368427 ], [ 173.410490360041479, -42.717687673660947 ], [ 173.410108080711836, -42.718286007518955 ], [ 173.409771540642652, -42.718896604639447 ], [ 173.409446305160941, -42.719508960619422 ], [ 173.40907517277256, -42.720108390487191 ], [ 173.408738530910853, -42.72072048400674 ], [ 173.408408241719059, -42.721334594041984 ], [ 173.408072015674804, -42.721946808068246 ], [ 173.40770884849627, -42.722550439170703 ], [ 173.407353374362316, -42.723156513536971 ], [ 173.407029349772785, -42.723773354538672 ], [ 173.4066966775259, -42.72438767870414 ], [ 173.406347339758838, -42.724996113722064 ], [ 173.405955963985235, -42.725591309841363 ], [ 173.405619111566722, -42.726202128669982 ], [ 173.405241939118753, -42.726799794163327 ], [ 173.404892970949533, -42.727407330363569 ], [ 173.404509434681898, -42.728004404420346 ], [ 173.404146128038036, -42.728607927777887 ], [ 173.403789991073694, -42.729213716702098 ], [ 173.403453573582397, -42.72982528794639 ], [ 173.403099994019982, -42.730431422377627 ], [ 173.402740173538774, -42.731036036710741 ], [ 173.402406154433663, -42.731649005691956 ], [ 173.4020328561474, -42.732249241010557 ], [ 173.401678678089382, -42.732855666050042 ], [ 173.401347056183681, -42.733471094687665 ], [ 173.401000854510102, -42.734081916763493 ], [ 173.400638351065027, -42.734686366795763 ], [ 173.400327340530879, -42.735305895223554 ], [ 173.399969093813382, -42.735912067575477 ], [ 173.399616908062228, -42.736519865292301 ], [ 173.399308922172708, -42.737139807476204 ], [ 173.398994414950209, -42.737757886801013 ], [ 173.398661899084857, -42.738370832650894 ], [ 173.39835795140948, -42.738991797234632 ], [ 173.398045224957968, -42.73960969869696 ], [ 173.397736637846975, -42.740229087723186 ], [ 173.397475677553984, -42.740863098797313 ], [ 173.397154280078325, -42.741479267606934 ], [ 173.396871523297591, -42.742105859810188 ], [ 173.396595021465657, -42.742730057701642 ], [ 173.396283760820268, -42.743349809582796 ], [ 173.395999669289324, -42.74397660616394 ], [ 173.395791392249095, -42.744618935140089 ], [ 173.395432903616097, -42.74523363729989 ], [ 173.395177214114199, -42.745867318064754 ], [ 173.394885944995053, -42.746493507782205 ], [ 173.394617574159412, -42.747123471435621 ] ] } },
{ "type": "Feature", "properties": { "group_id": "nzd0400" }, "geometry": { "type": "LineString", "coordinates": [ [ 170.974066376120987, -42.704780935357228 ], [ 170.974745661794117, -42.704343848881514 ], [ 170.975439704297202, -42.703916849822207 ], [ 170.976125930866317, -42.703484501411545 ], [ 170.97678165001318, -42.703031285988821 ], [ 170.977431024751922, -42.702573727804626 ], [ 170.978029065060383, -42.702081060336283 ], [ 170.978611251005219, -42.701577546944137 ], [ 170.979206534887851, -42.701082986758585 ], [ 170.979818065841641, -42.700599533264885 ], [ 170.980408706119619, -42.700101789797962 ], [ 170.980995458184253, -42.699601383527686 ], [ 170.981681983248421, -42.699169202720888 ], [ 170.982255456596391, -42.698657599033027 ], [ 170.98287302278834, -42.698175284164016 ], [ 170.983511272234068, -42.697708945489268 ], [ 170.984094705745918, -42.697206532697003 ], [ 170.984707114073444, -42.696723612378946 ], [ 170.985308395027971, -42.696233200777272 ], [ 170.985865526281145, -42.695713078171629 ], [ 170.986480905343598, -42.695232144912744 ], [ 170.987042602601065, -42.694715086856469 ], [ 170.98767940827139, -42.694248562952282 ], [ 170.988285507368147, -42.693761373583193 ], [ 170.988829895322084, -42.693232657001609 ], [ 170.989437173481633, -42.69274625313605 ], [ 170.99004387415988, -42.692259456731932 ], [ 170.990597024104488, -42.691736624140439 ], [ 170.99118239652401, -42.691235468930493 ], [ 170.991815609537156, -42.690766499791245 ], [ 170.992449360277107, -42.690297888396309 ], [ 170.993011601280188, -42.689781157229483 ], [ 170.993587721350139, -42.689273760787231 ], [ 170.994132957634775, -42.688745580144641 ], [ 170.994684484838217, -42.688221628508209 ], [ 170.995268164497134, -42.687719306914431 ], [ 170.995829093070824, -42.687201673270124 ], [ 170.996421256271162, -42.686705052043415 ], [ 170.997040287735445, -42.686226505213625 ], [ 170.997558584349122, -42.685680174960972 ], [ 170.998052408646913, -42.685117374592295 ], [ 170.998597791091925, -42.684589261326174 ], [ 170.999158165794114, -42.684070577186468 ], [ 170.999658777785612, -42.683511626194026 ], [ 171.000174005108221, -42.682964842815515 ], [ 171.00069232577647, -42.682420926865795 ], [ 171.001271138614328, -42.681915891373627 ], [ 171.001816440455315, -42.681389310878359 ], [ 171.002329427175113, -42.680841954115607 ], [ 171.002871239706678, -42.680313122585503 ], [ 171.003451046225223, -42.67980870958543 ], [ 171.004039024938919, -42.679309545573879 ] ] } },
{ "type": "Feature", "properties": { "group_id": "nzd0404" }, "geometry": { "type": "LineString", "coordinates": [ [ 170.849362262240561, -42.837545842505079 ], [ 170.850083667535358, -42.837153481531345 ], [ 170.850823548708036, -42.836779144777957 ], [ 170.851508681607243, -42.836351387077805 ], [ 170.852158641978917, -42.835889309196325 ], [ 170.852861836311376, -42.835479169211276 ], [ 170.853576697818113, -42.835080410137344 ], [ 170.85429551536663, -42.834685508167972 ], [ 170.855010590392169, -42.834286951930956 ], [ 170.855746291672546, -42.833908517375306 ], [ 170.85644567700794, -42.833494647682045 ], [ 170.857142605331717, -42.833065213748135 ], [ 170.857798756492627, -42.832599872876365 ], [ 170.858468209357682, -42.832136816296412 ], [ 170.859120909191802, -42.831671849003207 ], [ 170.859694820377371, -42.831163966796105 ], [ 170.860297723771765, -42.830671869589914 ], [ 170.860886866907776, -42.830172273498377 ], [ 170.861450021179394, -42.829658518678649 ], [ 170.862005516615426, -42.829140588036957 ], [ 170.862583102040674, -42.828634683248488 ], [ 170.863071281892189, -42.828080082178637 ], [ 170.863646396068475, -42.827572822164278 ], [ 170.864146280001592, -42.827024586031314 ], [ 170.864696648878066, -42.826503840045596 ], [ 170.865196123734421, -42.825955371840813 ], [ 170.865718785419489, -42.825419526847547 ], [ 170.866202306953539, -42.824862360961156 ], [ 170.866674072242859, -42.824298787801922 ], [ 170.867192134723211, -42.823760424096889 ], [ 170.86770655883214, -42.823220074238229 ], [ 170.868182590995019, -42.822658810934499 ], [ 170.868671884870707, -42.82210476549605 ], [ 170.869114375686337, -42.8215252257258 ], [ 170.869598583890962, -42.820968401229294 ], [ 170.870082556330829, -42.820411443676647 ], [ 170.870513194304266, -42.819825434562851 ], [ 170.870999178044741, -42.819269563068971 ], [ 170.871434479233756, -42.81868608420735 ], [ 170.871901886269939, -42.818120086128751 ], [ 170.87235504082642, -42.817544614169684 ], [ 170.872800139246209, -42.816967456396547 ], [ 170.890957466169681, -42.790476835392987 ], [ 170.891353807550985, -42.789885348496803 ], [ 170.89168950068418, -42.789272269883163 ] ] } },
{ "type": "Feature", "properties": { "group_id": "nzd0405" }, "geometry": { "type": "LineString", "coordinates": [ [ 173.362348830746555, -42.801476265961149 ], [ 173.361599480519573, -42.801919500185576 ], [ 173.361385647217702, -42.802696662653105 ] ] } },
{ "type": "Feature", "properties": { "group_id": "nzd0406" }, "geometry": { "type": "LineString", "coordinates": [ [ 173.334832399995832, -42.827400610893015 ], [ 173.33420109057883, -42.827869319425076 ], [ 173.333596517873843, -42.828372202995411 ], [ 173.333022240525594, -42.828904323271338 ], [ 173.332452580417083, -42.829427448115609 ], [ 173.33195929334957, -42.829989186685367 ], [ 173.331403094600404, -42.830540162132202 ], [ 173.330871121409359, -42.831105702165466 ], [ 173.330294908871736, -42.831628282685074 ], [ 173.329818595481527, -42.832187903665655 ], [ 173.329504173539334, -42.83281322810177 ] ] } },
{ "type": "Feature", "properties": { "group_id": "nzd0407" }, "geometry": { "type": "LineString", "coordinates": [ [ 173.321492375807537, -42.840931411609951 ], [ 173.320903593948117, -42.841436314187661 ], [ 173.320408549476383, -42.841986594216941 ], [ 173.319939882328526, -42.842555211545971 ], [ 173.319508264155871, -42.843139093231599 ], [ 173.31905270570644, -42.843717089543233 ], [ 173.318609974580852, -42.844301439016164 ], [ 173.318210539403367, -42.844891682538083 ], [ 173.317786797761698, -42.845466461968584 ], [ 173.317385539325329, -42.846048900810452 ], [ 173.31696882974083, -42.846631825716294 ], [ 173.31660308466158, -42.847242623194255 ], [ 173.316148462841682, -42.847820302732281 ], [ 173.315732156425497, -42.84840500760815 ], [ 173.315317778116537, -42.848996361274715 ], [ 173.314993942075375, -42.849619381305679 ], [ 173.314678506085897, -42.850238537373983 ], [ 173.314262178537234, -42.850825602697732 ], [ 173.313906044818538, -42.851430610141449 ], [ 173.313643434993025, -42.852063157348987 ], [ 173.313135135717943, -42.852623136669557 ], [ 173.312828064980181, -42.85324241795535 ], [ 173.312467772441607, -42.853846007185126 ], [ 173.312166405924501, -42.85446168446029 ], [ 173.311897917822733, -42.85508767324486 ], [ 173.311623055874463, -42.855717460885032 ], [ 173.311276969080183, -42.856334609615431 ], [ 173.310923036168532, -42.856955340339525 ], [ 173.310619454383101, -42.85758190675665 ], [ 173.310314594959436, -42.858198459229293 ], [ 173.310125764914375, -42.858840847412559 ], [ 173.309791523545186, -42.85945205680872 ], [ 173.309486748980476, -42.860075030147605 ], [ 173.309403973225244, -42.860754047796092 ], [ 173.309154450064369, -42.861392314612523 ], [ 173.308803765530143, -42.86200905582777 ], [ 173.30866436531764, -42.862671981116343 ], [ 173.308546674379244, -42.863334001227066 ], [ 173.308420455935646, -42.863988388775837 ], [ 173.308335596820797, -42.864656430341832 ], [ 173.308292353271042, -42.865325004255034 ], [ 173.308262096566779, -42.865987144060846 ], [ 173.308223383591582, -42.866654064293144 ], [ 173.308307245859595, -42.867319404043563 ], [ 173.308447772861683, -42.867974878174003 ] ] } },
{ "type": "Feature", "properties": { "group_id": "nzd0408" }, "geometry": { "type": "LineString", "coordinates": [ [ 173.310184042424027, -42.871446445747203 ], [ 173.309959498604741, -42.872088090165448 ], [ 173.30991835550978, -42.872759045127168 ], [ 173.309856968735687, -42.873428204280245 ], [ 173.309904873806374, -42.874087979122521 ] ] } },
{ "type": "Feature", "properties": { "group_id": "nzd0409" }, "geometry": { "type": "LineString", "coordinates": [ [ 170.782121051973206, -42.89249023577009 ], [ 170.782790978273624, -42.89204301318869 ], [ 170.783472491007501, -42.891590030439026 ], [ 170.784118884770237, -42.891083345159082 ], [ 170.784759743125022, -42.890596482840529 ], [ 170.785354230498029, -42.890101038960509 ], [ 170.785986312981777, -42.889633481619256 ], [ 170.78659308965112, -42.889147147529059 ], [ 170.787220806804697, -42.88867634458601 ], [ 170.787765708760247, -42.888144101778614 ], [ 170.82382869855843, -42.857133859403696 ], [ 170.824383096014628, -42.856612721436321 ], [ 170.824882488923606, -42.856037471483511 ], [ 170.825414978378035, -42.855491643660145 ], [ 170.825945453108716, -42.85494424493303 ], [ 170.826506385486482, -42.8544205423931 ], [ 170.82706428818301, -42.853894479212357 ], [ 170.827594991106452, -42.853347248394158 ], [ 170.82813777932148, -42.852809418046725 ], [ 170.828703864021833, -42.852289711731622 ], [ 170.829266116582176, -42.851820442497861 ], [ 170.829714470370305, -42.851324520202418 ], [ 170.830243733382645, -42.850832796739439 ], [ 170.83079294933853, -42.850311643976326 ], [ 170.831310180437356, -42.849771659018266 ], [ 170.831890487350336, -42.849268799071389 ], [ 170.832415373533109, -42.848733311494975 ], [ 170.832942392333791, -42.848199074895838 ], [ 170.833478776419241, -42.847670346753411 ], [ 170.834008411069959, -42.847137641200767 ], [ 170.834560580938842, -42.846618196517568 ], [ 170.835082415243733, -42.846080890563364 ], [ 170.835637921618058, -42.845563401115683 ], [ 170.836226999075052, -42.845065668660155 ], [ 170.836816538348103, -42.844568203577076 ], [ 170.837405481833684, -42.844070383316556 ], [ 170.838113772512372, -42.84364281086058 ], [ 170.838726179675973, -42.8431587930422 ], [ 170.839371040095642, -42.842693873728656 ], [ 170.840098760699107, -42.842277723655741 ], [ 170.84092533883279, -42.841874414847801 ], [ 170.841686312640235, -42.841458517469619 ], [ 170.842380372591293, -42.841033922493061 ], [ 170.843127000366053, -42.840666200578411 ], [ 170.843891559712546, -42.840315972578217 ], [ 170.844675325744788, -42.839984482289594 ], [ 170.845370339761104, -42.839566388326411 ], [ 170.846177750804372, -42.839257962893328 ], [ 170.846860576652574, -42.838827970848861 ], [ 170.847591900194828, -42.838445297291685 ], [ 170.848315207727751, -42.838054799360812 ], [ 170.849029243575359, -42.837655252008389 ] ] } },
{ "type": "Feature", "properties": { "group_id": "nzd0410" }, "geometry": { "type": "LineString", "coordinates": [ [ 173.313123465609266, -42.885920345806781 ], [ 173.31254714108681, -42.886524537658779 ], [ 173.311748606833277, -42.886826253576594 ], [ 173.310964219143415, -42.887162227123689 ] ] } },
{ "type": "Feature", "properties": { "group_id": "nzd0412" }, "geometry": { "type": "LineString", "coordinates": [ [ 173.266602379253641, -42.928583075813016 ], [ 173.266038428081572, -42.929093827164415 ], [ 173.265479087910535, -42.929604738144263 ], [ 173.264890940636093, -42.930101277796908 ], [ 173.264330790399384, -42.930615480209589 ], [ 173.263800301128185, -42.931147072536739 ], [ 173.263245542996515, -42.931664428532542 ], [ 173.262660680398795, -42.932164125973785 ], [ 173.262093120057955, -42.932673229593526 ], [ 173.261546144842384, -42.933193409857289 ], [ 173.260968433974995, -42.933695936416008 ], [ 173.260455330734999, -42.934239281019032 ], [ 173.259895216268944, -42.934753736516122 ], [ 173.259358933996538, -42.935282831085694 ], [ 173.258792530941605, -42.935793414509838 ], [ 173.258206438294962, -42.936291895977092 ], [ 173.257691322261451, -42.936833983425359 ], [ 173.257092835206436, -42.937324841208437 ], [ 173.256553083676494, -42.937845612606502 ], [ 173.256023309574118, -42.938361183353095 ], [ 173.255473851934568, -42.938900194849921 ], [ 173.254950250608942, -42.939450394561014 ], [ 173.254600951106426, -42.940056329072384 ], [ 173.25422626973446, -42.940654140730175 ], [ 173.253836570841685, -42.941232214094285 ], [ 173.253482011454054, -42.94182409737796 ], [ 173.253165773397029, -42.942447974187061 ], [ 173.252606752140935, -42.942901166784729 ], [ 173.251893111541705, -42.943184370369323 ], [ 173.251133957383161, -42.943533579360285 ], [ 173.250382832288466, -42.943894621527072 ], [ 173.249702561382293, -42.944362913209666 ], [ 173.249057012908423, -42.944837409938792 ], [ 173.248476848536512, -42.945347959625913 ], [ 173.247950550534085, -42.945884351646711 ], [ 173.247457637108653, -42.946436822071284 ], [ 173.246904476124541, -42.946956525372698 ], [ 173.246355868276225, -42.94747882256064 ], [ 173.245754949471575, -42.947977375184294 ], [ 173.245236688371591, -42.948517013926512 ], [ 173.245487915208088, -42.949418520680481 ] ] } },
{ "type": "Feature", "properties": { "group_id": "nzd0413" }, "geometry": { "type": "LineString", "coordinates": [ [ 170.678842844900856, -42.947686320371254 ], [ 170.679513026026115, -42.947243549772004 ], [ 170.680186469317249, -42.946804033979951 ], [ 170.680866325472891, -42.946370918614853 ], [ 170.681606451875211, -42.945997974541307 ], [ 170.682281481667445, -42.945560035837609 ], [ 170.682969710416273, -42.945135272580849 ], [ 170.683630529009179, -42.94468314123359 ], [ 170.684315926825633, -42.944254839871832 ], [ 170.685039764147206, -42.94386255448557 ], [ 170.685759361968678, -42.943450101519922 ], [ 170.686437292740692, -42.942985600275584 ], [ 170.687157690638315, -42.942578596013639 ], [ 170.687867191159, -42.942156837518937 ], [ 170.6885710916969, -42.941727497165786 ], [ 170.689312309073358, -42.941348679340621 ], [ 170.690049756155645, -42.940964756313861 ], [ 170.690758690457784, -42.940542230368365 ], [ 170.691509583741748, -42.940176510488193 ], [ 170.692285677372865, -42.939844906810421 ], [ 170.693070278367429, -42.939524819031021 ], [ 170.693865419099268, -42.939218998242929 ] ] } },
{ "type": "Feature", "properties": { "group_id": "nzd0414" }, "geometry": { "type": "LineString", "coordinates": [ [ 170.499780261619151, -43.017470458411218 ], [ 170.50066332500819, -43.017603092230104 ], [ 170.501574100105842, -43.017562142672261 ], [ 170.502482833949472, -43.017533967660981 ], [ 170.503399806101328, -43.01745416794575 ], [ 170.504314717285723, -43.01738726289279 ], [ 170.50521317926183, -43.017423409470645 ], [ 170.506079970500082, -43.017658007648429 ], [ 170.507011407758569, -43.017487517396106 ], [ 170.507889337994385, -43.017652325276515 ], [ 170.508770467438779, -43.01779709457135 ], [ 170.509619806430294, -43.018141125294896 ], [ 170.510502985938331, -43.018273075462787 ], [ 170.511379862859286, -43.018444540646236 ], [ 170.512339984763827, -43.018603357770729 ], [ 170.513328755986635, -43.018658145993179 ], [ 170.514223442877125, -43.018565439078891 ], [ 170.51511552632951, -43.01848026332793 ], [ 170.516016181169562, -43.01848233152284 ], [ 170.51690655214793, -43.018379729223149 ], [ 170.517793944791549, -43.018246827926106 ], [ 170.518687110626502, -43.018172682724526 ], [ 170.519587598291224, -43.018173031860734 ], [ 170.520482993334696, -43.018121562195226 ], [ 170.521375095246043, -43.018036593399259 ], [ 170.522258242910027, -43.017860556790239 ], [ 170.523201364249815, -43.017711819458903 ], [ 170.524165428564913, -43.017576388821894 ], [ 170.525055590959141, -43.017380711415022 ], [ 170.525917084582687, -43.01719327162693 ], [ 170.526750084792951, -43.016944762226338 ], [ 170.527559883120176, -43.016646527189771 ], [ 170.528389973931269, -43.016391783535433 ], [ 170.529213456499804, -43.016122878023523 ], [ 170.530049499030497, -43.015880890069973 ], [ 170.530884640926132, -43.015636971846831 ], [ 170.531714713795424, -43.015382190659274 ], [ 170.532540649263609, -43.015118543510475 ], [ 170.533333850917955, -43.014767300336644 ], [ 170.534113771572891, -43.014409113903099 ], [ 170.534904127556757, -43.014089246215164 ], [ 170.535692053752371, -43.013769663631734 ], [ 170.536522031229794, -43.013517831966581 ], [ 170.537326549698918, -43.013224980187324 ], [ 170.538152101040282, -43.012966013739891 ], [ 170.538960077372593, -43.012678730324197 ], [ 170.539797644053664, -43.012439117903241 ], [ 170.540630942725045, -43.012192626992224 ], [ 170.541436303209167, -43.011901124579772 ], [ 170.542228954254853, -43.011589146040066 ], [ 170.543033829048625, -43.011296859220771 ], [ 170.543820776049984, -43.010975690185546 ], [ 170.544618480908866, -43.010671851138845 ], [ 170.545401886795617, -43.010344976624289 ], [ 170.54619054807344, -43.010026567829037 ] ] } },
{ "type": "Feature", "properties": { "group_id": "nzd0415" }, "geometry": { "type": "LineString", "coordinates": [ [ 173.142424517886184, -42.987014620907644 ], [ 173.141727954339729, -42.987429597142892 ], [ 173.141014194499576, -42.9878293705003 ], [ 173.140246568059837, -42.988206434518055 ], [ 173.139507419185293, -42.988636814149814 ], [ 173.138914486168517, -42.989155902571902 ], [ 173.138368981572881, -42.989684961609292 ], [ 173.137838945317242, -42.990236236660529 ], [ 173.13705620051627, -42.99061669874299 ], [ 173.136493174197028, -42.991132256417856 ], [ 173.135619557521665, -42.99144149827341 ], [ 173.135271019844197, -42.992107912626381 ], [ 173.134935306703539, -42.992771996656508 ], [ 173.134280277678158, -42.993227882411574 ], [ 173.133653208661684, -42.99370352972015 ], [ 173.1330207280499, -42.994195398693044 ], [ 173.13242675551686, -42.99471021508451 ], [ 173.131937978399463, -42.995262578806376 ], [ 173.131452764174838, -42.995816827183084 ], [ 173.130945046400427, -42.996354749169896 ], [ 173.130406657563753, -42.996875764913881 ], [ 173.129860070475019, -42.997396718433521 ], [ 173.129439323900783, -42.997987400508258 ], [ 173.128684561155353, -42.998402992198493 ], [ 173.128294196908371, -42.999014889081906 ], [ 173.127758537323729, -42.999542523291161 ], [ 173.127277827982198, -43.000097124687649 ], [ 173.126736016570362, -43.000617962830802 ], [ 173.126377671741835, -43.001238631298797 ], [ 173.125831168841302, -43.00176023051884 ], [ 173.125364154878667, -43.002324431456792 ], [ 173.124676765135263, -43.00277050566531 ], [ 173.123983559717061, -43.003210541246467 ], [ 173.123563874695776, -43.003787558407353 ], [ 173.123030558313133, -43.004306199904391 ], [ 173.122434907258565, -43.004798634120164 ], [ 173.121887259181818, -43.005319732845201 ], [ 173.121324767033371, -43.005831962061372 ], [ 173.120768782131989, -43.006348073386512 ], [ 173.120192726547543, -43.006851790296587 ], [ 173.119649617356657, -43.007368649457582 ], [ 173.119082872902425, -43.007872064765827 ], [ 173.118486784645057, -43.008363549456647 ], [ 173.117924243467968, -43.008876352617847 ], [ 173.117383007962417, -43.009402693662452 ], [ 173.116802245284305, -43.009904800263087 ], [ 173.116270201472332, -43.010444746369174 ], [ 173.115697696498955, -43.010958526979451 ], [ 173.115054908997507, -43.011425786156025 ], [ 173.114563050766463, -43.011977796540741 ], [ 173.114036773872812, -43.012510474395249 ], [ 173.113455922980251, -43.013012501312005 ], [ 173.112944791748987, -43.013553675526396 ], [ 173.112444632973222, -43.014101006994458 ], [ 173.111404423212036, -43.014345061318252 ], [ 173.111186952754991, -43.015051132093667 ], [ 173.110745290372876, -43.015631299711551 ], [ 173.110162757690063, -43.016129717304359 ], [ 173.109573456922504, -43.016620275535033 ], [ 173.109003505298404, -43.017124631143936 ], [ 173.108393396464351, -43.01760826815169 ], [ 173.107842268690433, -43.01812720684552 ], [ 173.107319897852392, -43.018663355185623 ], [ 173.106709748698563, -43.019146955394461 ], [ 173.106136064356804, -43.019652379150479 ], [ 173.105591151677118, -43.020175021410537 ], [ 173.105053749771315, -43.020702155425823 ], [ 173.104458316359626, -43.021194547576869 ], [ 173.10393335134853, -43.02172911794451 ], [ 173.103406207847229, -43.022269447458598 ], [ 173.102847674994251, -43.022798198670394 ], [ 173.102332983454687, -43.023344598057847 ], [ 173.101815320925994, -43.023881687362405 ], [ 173.10130284598128, -43.024421277270633 ], [ 173.100737980710505, -43.024935558805637 ], [ 173.100287425612066, -43.025505044976292 ], [ 173.099830971176232, -43.026071676952228 ], [ 173.099357297818159, -43.026629987635523 ], [ 173.098877565943212, -43.027185367282392 ], [ 173.09839277437581, -43.027738298310183 ], [ 173.097924371833017, -43.028299139962087 ], [ 173.097464070258184, -43.028864311014416 ], [ 173.096984877694496, -43.029421444719837 ], [ 173.096561169154597, -43.030003975739575 ], [ 173.096106220389061, -43.030570748540562 ], [ 173.095649249443738, -43.031136571676512 ], [ 173.095153774202629, -43.031684402791264 ], [ 173.09465737078267, -43.032231795326879 ] ] } },
{ "type": "Feature", "properties": { "group_id": "nzd0417" }, "geometry": { "type": "LineString", "coordinates": [ [ 173.04435950022102, -43.046233107121459 ], [ 173.04356727990853, -43.046571078349167 ], [ 173.042739498435878, -43.046826127678045 ], [ 173.041931835412527, -43.047115263851531 ], [ 173.041065494223744, -43.047331081440809 ], [ 173.040159164255556, -43.047517226522039 ], [ 173.039490896922104, -43.04802223965806 ], [ 173.038665872124312, -43.048286320221848 ], [ 173.037968461877853, -43.048728363350136 ], [ 173.037096776003949, -43.04895008750205 ], [ 173.03620286658176, -43.049154805495562 ], [ 173.035397106072622, -43.049449083228517 ], [ 173.034702360811934, -43.049879448663511 ], [ 173.033888577132331, -43.050163887059085 ], [ 173.033041867031727, -43.050415716496452 ], [ 173.032359212985028, -43.050883038391341 ], [ 173.031705817433277, -43.051367554866395 ], [ 173.030861591302113, -43.051624978137902 ], [ 173.030250542222063, -43.052139484043508 ], [ 173.029488242797072, -43.052497401736261 ], [ 173.028683453102673, -43.05281319710344 ], [ 173.02792713167247, -43.053169073169848 ], [ 173.027116540520609, -43.053469095136393 ] ] } },
{ "type": "Feature", "properties": { "group_id": "nzd0420" }, "geometry": { "type": "LineString", "coordinates": [ [ 172.938823171481459, -43.085440914983707 ], [ 172.938083978567875, -43.085814979259588 ], [ 172.937513628745819, -43.086350301762614 ], [ 172.936828373168282, -43.086775876622298 ], [ 172.936169232019921, -43.087226390988299 ], [ 172.93551568522264, -43.087682246353772 ], [ 172.934802797210835, -43.088084250648457 ], [ 172.93410587908852, -43.088503188506898 ], [ 172.933408918710086, -43.088919186052912 ], [ 172.932726316381547, -43.089380075555823 ], [ 172.931978750525502, -43.08980221483386 ], [ 172.931223890800169, -43.090195115627189 ], [ 172.930536078639079, -43.090619981373436 ] ] } },
{ "type": "Feature", "properties": { "group_id": "nzd0421" }, "geometry": { "type": "LineString", "coordinates": [ [ 172.89240787535303, -43.096910582784894 ], [ 172.891546245548966, -43.0970997319642 ], [ 172.890597640252253, -43.097113878339904 ], [ 172.889885749426952, -43.097604310152889 ], [ 172.889001431580766, -43.09782864399444 ], [ 172.887980675903577, -43.098073168450711 ], [ 172.8870977729446, -43.098476734100196 ], [ 172.886544753015244, -43.099028241132764 ], [ 172.885804108496927, -43.099400879823826 ], [ 172.885153843876992, -43.099859677312914 ], [ 172.884497091003652, -43.100312287221918 ], [ 172.883784493028543, -43.100722814112082 ], [ 172.883107890654571, -43.1011882242193 ], [ 172.882363192073768, -43.101584887116069 ], [ 172.881688489089157, -43.102017921474022 ], [ 172.88099427043835, -43.102434845578962 ], [ 172.880302825651881, -43.102854055831351 ], [ 172.879636416655501, -43.103293926165072 ], [ 172.879063501349975, -43.10381095864831 ], [ 172.878414339786673, -43.104265058343287 ], [ 172.877775794948775, -43.104727917631237 ], [ 172.877095715723783, -43.105156493256729 ], [ 172.87637445463227, -43.105583788184731 ], [ 172.875773545787638, -43.106107081868799 ], [ 172.875142096126439, -43.10657937697637 ], [ 172.874433859712326, -43.106993641642084 ], [ 172.873873203843914, -43.107508858116674 ], [ 172.87322438324793, -43.107963759746092 ], [ 172.872608512223479, -43.108441197516754 ], [ 172.871970096738892, -43.108903209354914 ], [ 172.871347403693306, -43.109375972754584 ], [ 172.870732035301671, -43.109853743025958 ], [ 172.87004887239172, -43.110295216347154 ], [ 172.869357288684398, -43.110743461055478 ], [ 172.868801910570653, -43.111270176582096 ], [ 172.868214462907275, -43.111766307969184 ], [ 172.867595471718801, -43.112242555646738 ], [ 172.866963832437847, -43.112710827971412 ], [ 172.866388031868354, -43.113214287532358 ], [ 172.86577670776478, -43.113695354943829 ], [ 172.865189549088626, -43.114191648154289 ], [ 172.864619183126592, -43.114698520685053 ], [ 172.864005420123561, -43.1151780388021 ], [ 172.863424164002453, -43.115678039881679 ], [ 172.862876394920363, -43.116199141730945 ], [ 172.862318266210536, -43.116713710543586 ], [ 172.861809563226757, -43.117253192029878 ], [ 172.861273278206909, -43.117758093548915 ], [ 172.86098423047747, -43.118445793465277 ], [ 172.860403776312751, -43.118947977572027 ], [ 172.85960284607026, -43.119295821912814 ], [ 172.859009696723263, -43.119789111870602 ] ] } },
{ "type": "Feature", "properties": { "group_id": "nzd0423" }, "geometry": { "type": "LineString", "coordinates": [ [ 170.169880807019695, -43.214315384329652 ], [ 170.17044660389783, -43.213807105649636 ], [ 170.171033122485198, -43.213310965502899 ], [ 170.17161358237351, -43.212811270432795 ], [ 170.172162364692525, -43.212293007772381 ], [ 170.172723704058058, -43.21178209911465 ], [ 170.17325999479732, -43.211256507508132 ], [ 170.173810873529902, -43.210739460038099 ], [ 170.174383646475633, -43.21023523810738 ], [ 170.174935692283839, -43.209718865648696 ], [ 170.175456502025838, -43.209183640113288 ], [ 170.175962188520742, -43.208639887186301 ], [ 170.176497580228528, -43.208113881443609 ], [ 170.177052529143936, -43.207599240670191 ], [ 170.177556482991747, -43.207055533989163 ], [ 170.178064247648649, -43.206513994523419 ], [ 170.178589709269289, -43.205982535799954 ], [ 170.179092620564631, -43.205438221448524 ], [ 170.17957217291746, -43.204880590638503 ], [ 170.18012506671792, -43.204364751607081 ], [ 170.180654902132005, -43.20383576739443 ], [ 170.181143372236221, -43.203281648523287 ], [ 170.181637074855445, -43.202727683345245 ], [ 170.182111870247127, -43.202162829705209 ], [ 170.182646728417978, -43.201635494319845 ], [ 170.183179708257768, -43.201107009256368 ], [ 170.18367152935781, -43.200553421325708 ], [ 170.184180128464334, -43.200010060349761 ], [ 170.18480746861411, -43.199539103346694 ], [ 170.185389010760645, -43.199040214372687 ], [ 170.185953094360571, -43.19853392144072 ], [ 170.186494023917305, -43.198015105276419 ], [ 170.187083165333917, -43.197521342671045 ], [ 170.187656207512816, -43.197017147843866 ], [ 170.188265306144558, -43.19653401135669 ], [ 170.188850446755538, -43.19603687493904 ], [ 170.189466581816475, -43.195557839693116 ], [ 170.190077909917051, -43.195075991803108 ], [ 170.190723058779724, -43.194613895867178 ], [ 170.191305981764742, -43.194115738631382 ], [ 170.191900169307274, -43.193626058906062 ], [ 170.192432889329211, -43.193099047487685 ], [ 170.192989771914256, -43.192585049163505 ], [ 170.193484454595279, -43.192033070089906 ], [ 170.194049505701884, -43.191521478427823 ], [ 170.194605014567514, -43.191003619567454 ], [ 170.195104506020215, -43.190458156570685 ], [ 170.195582889054492, -43.189902594366991 ], [ 170.196120056621766, -43.189377709175488 ], [ 170.196642783741567, -43.188845282166106 ], [ 170.197130322826666, -43.188294484447425 ], [ 170.197635767000065, -43.187753027238038 ], [ 170.198085508557028, -43.187182433072664 ], [ 170.198553955659207, -43.186621597912257 ], [ 170.199002947525798, -43.186051751832288 ], [ 170.199494435052515, -43.185503445386509 ], [ 170.20001350009224, -43.18496902998978 ], [ 170.200497522820257, -43.184416952306449 ], [ 170.200990875238261, -43.183869570823745 ], [ 170.201466086276866, -43.183313043221354 ], [ 170.201979808336063, -43.182775915918924 ], [ 170.202485543159469, -43.18223475903519 ], [ 170.202915647824966, -43.18165606833572 ], [ 170.203377411053566, -43.181095561894821 ], [ 170.203832554853051, -43.180531980229702 ], [ 170.204267961802771, -43.179958266132637 ], [ 170.204667735728094, -43.179368400470906 ], [ 170.205111769144594, -43.178798584796759 ], [ 170.205594717618652, -43.178246397442763 ], [ 170.20599813715566, -43.177658167991218 ], [ 170.206407692064374, -43.17707271338638 ], [ 170.206819403225865, -43.176488698532332 ], [ 170.20723051053767, -43.1759098794357 ], [ 170.20769551408199, -43.175354500224387 ], [ 170.208074598904574, -43.17475808069792 ], [ 170.208557494780337, -43.174205039074685 ], [ 170.208949638538883, -43.173614066088277 ], [ 170.209429121921943, -43.173059587524513 ], [ 170.209918778053975, -43.172509354782889 ], [ 170.210398801687717, -43.171955091116992 ], [ 170.210941942375342, -43.17142719895665 ], [ 170.211357484513286, -43.170846322555491 ], [ 170.211819028263108, -43.170284387667799 ], [ 170.212271699510012, -43.169718514295596 ], [ 170.21263781076189, -43.169117628891065 ], [ 170.213054819795815, -43.168537321839672 ], [ 170.213415778927668, -43.167934341709199 ], [ 170.213790670131942, -43.167336990377208 ], [ 170.214168135622543, -43.166740674570143 ], [ 170.214593683729817, -43.166163798791551 ], [ 170.214970014814611, -43.165571985016584 ], [ 170.215362082680571, -43.164988715775635 ], [ 170.215798756153561, -43.164415562670534 ], [ 170.21622394452919, -43.163837508374613 ], [ 170.216627459044133, -43.16325202996132 ], [ 170.21701373987807, -43.162660647160465 ], [ 170.217457296054675, -43.162088861960356 ], [ 170.217827149520502, -43.161491844889539 ], [ 170.218257376686239, -43.160915485879535 ], [ 170.218619829077682, -43.160314976224143 ], [ 170.219009951746528, -43.159723716593959 ], [ 170.219350381128208, -43.159116914490511 ], [ 170.21969248879472, -43.158510748711528 ], [ 170.220076848420064, -43.157918573558284 ], [ 170.22040016787696, -43.157306172009179 ], [ 170.220740655157954, -43.15669945159194 ], [ 170.22107174944216, -43.156089613627763 ] ] } },
{ "type": "Feature", "properties": { "group_id": "nzd0424" }, "geometry": { "type": "LineString", "coordinates": [ [ 172.819210394971037, -43.132885620209279 ], [ 172.818628286809002, -43.133393362655418 ], [ 172.817856620773114, -43.133747871116213 ], [ 172.817147510709276, -43.13415294372259 ], [ 172.816515347508954, -43.134620214416323 ], [ 172.815910860713359, -43.13510985488734 ], [ 172.81526835085856, -43.135568832548735 ], [ 172.782219012475565, -43.17080156721137 ], [ 172.781733320344244, -43.171355590389346 ], [ 172.781329674253044, -43.171940977169243 ], [ 172.780924564538054, -43.172525798813226 ], [ 172.780456982145068, -43.173086729477077 ], [ 172.780066852887074, -43.173677267617471 ], [ 172.779605059665357, -43.174240400670463 ], [ 172.779211728059664, -43.174829703383402 ], [ 172.778779929840539, -43.175404293503114 ], [ 172.778374050594181, -43.175988787767743 ], [ 172.777930825959487, -43.176558998167295 ], [ 172.777497989484601, -43.177133174780323 ], [ 172.777103695994271, -43.177722082061919 ], [ 172.776685026048, -43.17830190431922 ], [ 172.776251611605971, -43.178880686322266 ], [ 172.775855010253167, -43.179473015054818 ], [ 172.77546299183777, -43.180062456954069 ], [ 172.775043337375593, -43.180641827356517 ], [ 172.774606350411943, -43.181214879137791 ], [ 172.774221508575948, -43.181806918051542 ], [ 172.773833363229613, -43.18239774807671 ], [ 172.773416789873636, -43.182978218197022 ], [ 172.773020941025834, -43.183566231113694 ], [ 172.772635793991356, -43.184158136264621 ], [ 172.77224816438877, -43.184749131543121 ], [ 172.771823768379136, -43.185326729932534 ], [ 172.771372078060779, -43.185894381434849 ], [ 172.771039976933338, -43.186505584623795 ], [ 172.770637016673106, -43.18709097353608 ], [ 172.770261045864345, -43.187687793711376 ], [ 172.769860868254369, -43.188281903804246 ], [ 172.769506773507885, -43.188890180889274 ], [ 172.76912963734344, -43.189484623860615 ], [ 172.768754532147142, -43.19007974260834 ], [ 172.76838463599023, -43.190676603676984 ], [ 172.768012934430459, -43.191272853042292 ], [ 172.767663271959094, -43.191876492790577 ], [ 172.767322800085196, -43.192483210993771 ], [ 172.766942454320144, -43.193076541943313 ], [ 172.766553741043452, -43.193667059012746 ], [ 172.766200772421485, -43.194269565899418 ], [ 172.765871862502763, -43.194880140817652 ], [ 172.765473619766794, -43.195468934365557 ], [ 172.765130639636055, -43.196079909920243 ], [ 172.76473475423856, -43.196672649870614 ], [ 172.764394118417471, -43.197278684587069 ], [ 172.76400532106112, -43.197869750598379 ], [ 172.763638870173907, -43.198467753235391 ], [ 172.763353015469562, -43.199090789305259 ], [ 172.763032899516872, -43.199702930215985 ], [ 172.762648628555382, -43.200294540352303 ], [ 172.762298587869566, -43.200897075243731 ], [ 172.761942365329219, -43.201498217535729 ], [ 172.761543263036742, -43.202085878201807 ], [ 172.761234464211554, -43.202701912320883 ], [ 172.760864927869505, -43.203298852729134 ], [ 172.760520012670071, -43.203903524777552 ], [ 172.76015971857862, -43.204503357837851 ], [ 172.759818100650762, -43.205109054205082 ], [ 172.759480778551563, -43.205716094633921 ], [ 172.759129168466131, -43.206318638927414 ], [ 172.758747205047428, -43.206911638389982 ], [ 172.758418479680273, -43.20752136259172 ], [ 172.758065474645349, -43.20812345068331 ], [ 172.75773513728916, -43.208732656366465 ], [ 172.757375097378997, -43.209332521789726 ], [ 172.757014996086781, -43.209932361990042 ], [ 172.756671952239486, -43.210539876819745 ], [ 172.756318057305322, -43.211144191080784 ], [ 172.75599064773138, -43.211754216299411 ], [ 172.755646874620652, -43.212359090239673 ], [ 172.755267457737631, -43.212953175642767 ], [ 172.75496881994593, -43.213571691359597 ], [ 172.754645437225463, -43.214182715496165 ], [ 172.754268139707875, -43.214777424057964 ], [ 172.75392430152462, -43.215382248278878 ], [ 172.753551660281289, -43.215978353421846 ], [ 172.753230770468349, -43.216590107630005 ], [ 172.752920158857279, -43.217205029014863 ], [ 172.752595523296776, -43.217819739071778 ], [ 172.752228971328378, -43.218422332426371 ], [ 172.751935080891059, -43.219041398865755 ], [ 172.751603723894334, -43.219649895548237 ], [ 172.751279311697715, -43.220260344178605 ], [ 172.750931198125926, -43.220864104173529 ], [ 172.750657454634421, -43.221488826380543 ], [ 172.750278204149026, -43.222082210653518 ], [ 172.749905422530475, -43.222676033543273 ], [ 172.74961999135067, -43.223296876846057 ], [ 172.749246962603479, -43.223893103970177 ], [ 172.748932545177325, -43.224506495358007 ], [ 172.7486286812495, -43.225122972307915 ], [ 172.748302593872467, -43.225732932793981 ], [ 172.747961924481075, -43.226338615417056 ], [ 172.747629253808384, -43.226946635199276 ], [ 172.747289808796552, -43.227552664387446 ], [ 172.746958071180444, -43.228160945381369 ], [ 172.746597736254756, -43.228760842814573 ], [ 172.746262527543479, -43.229368094850301 ], [ 172.746010216992943, -43.229999625461801 ], [ 172.745694330966359, -43.230614912671946 ], [ 172.745378603576569, -43.231233381723101 ], [ 172.745007016404315, -43.231834872802054 ], [ 172.7446938252682, -43.232448333623722 ], [ 172.744372158323188, -43.233059557099168 ], [ 172.744065072338032, -43.233674612574895 ], [ 172.743753797764924, -43.234288559248242 ], [ 172.74339491815428, -43.23488996846153 ], [ 172.743028267525489, -43.235489325887116 ], [ 172.742760573523356, -43.23611472580243 ], [ 172.742418162208935, -43.236720451428205 ], [ 172.742132549248595, -43.237341122006242 ], [ 172.741854409254728, -43.237963753444994 ], [ 172.741585348228028, -43.238588768471423 ], [ 172.741229091434604, -43.239190824729036 ], [ 172.740938140965113, -43.23981006533797 ], [ 172.740650002629025, -43.240430039933273 ], [ 172.740266347051659, -43.241024865467281 ], [ 172.739947240860857, -43.241627844725564 ], [ 172.739674057347372, -43.242240230735568 ], [ 172.739464672760306, -43.242881687528957 ], [ 172.739195434594251, -43.243508727255687 ], [ 172.73884670436658, -43.244111790996925 ], [ 172.73853635485068, -43.244726421934786 ], [ 172.738216975717847, -43.245338324054543 ], [ 172.738006323169969, -43.245983004922351 ], [ 172.737747363316004, -43.246613113220889 ], [ 172.737332998262673, -43.247196355774058 ], [ 172.737071190903578, -43.24782795040894 ], [ 172.736780217638909, -43.248449841417447 ], [ 172.736420138582645, -43.249051192170128 ], [ 172.736250754406058, -43.249702349999545 ], [ 172.735982439101775, -43.250327448067004 ], [ 172.735762811139864, -43.250964998052702 ], [ 172.735476675114711, -43.251583434233595 ] ] } },
{ "type": "Feature", "properties": { "group_id": "nzd0425" }, "geometry": { "type": "LineString", "coordinates": [ [ 170.150227738979993, -43.226202069821838 ], [ 170.151078026201759, -43.225991465481741 ], [ 170.151902056442083, -43.225725419283386 ], [ 170.152659119125673, -43.225405831571585 ], [ 170.15337736986271, -43.225073864090355 ], [ 170.154107021250155, -43.224696595861772 ], [ 170.154785382843045, -43.224266069787888 ], [ 170.155430211998862, -43.223803932725836 ], [ 170.156074887771979, -43.223362270915018 ], [ 170.156646765625226, -43.222879825290143 ], [ 170.157288473471596, -43.222429529077793 ], [ 170.157839995481311, -43.221908056338719 ], [ 170.158372199937247, -43.221373029381802 ], [ 170.158949870928495, -43.220869891714429 ], [ 170.159611263158297, -43.220425477266886 ], [ 170.160403213447978, -43.220058422761447 ], [ 170.161052590738308, -43.21957900297371 ], [ 170.161744768817812, -43.219145901669528 ], [ 170.162544733923852, -43.218836368725732 ], [ 170.163890233253909, -43.219085508302008 ], [ 170.164193928994933, -43.218267743052905 ], [ 170.164772026953841, -43.217730987364575 ], [ 170.165499056417303, -43.217358995985357 ], [ 170.166175275125511, -43.216939782025911 ], [ 170.166956976150232, -43.216538449972241 ], [ 170.167610984158983, -43.216073985341382 ], [ 170.168171255693551, -43.215561153594003 ] ] } },
{ "type": "Feature", "properties": { "group_id": "nzd0426" }, "geometry": { "type": "LineString", "coordinates": [ [ 170.119181290306841, -43.24665115515625 ], [ 170.119749600954577, -43.24613069741401 ], [ 170.120250842371917, -43.245588709698957 ], [ 170.120737111837315, -43.245061707090528 ], [ 170.121254039844331, -43.244539419377141 ], [ 170.121749086902071, -43.244004101707773 ], [ 170.122186578379882, -43.243434380756327 ], [ 170.122676452340897, -43.242879512771879 ], [ 170.12310449813836, -43.242304186106473 ], [ 170.123593266497608, -43.241758358156595 ], [ 170.123950080859089, -43.241154102732573 ], [ 170.124386956634083, -43.240582550612757 ] ] } },
{ "type": "Feature", "properties": { "group_id": "nzd0427" }, "geometry": { "type": "LineString", "coordinates": [ [ 170.080609199257481, -43.275775757850326 ], [ 170.081289471774653, -43.275344965568188 ], [ 170.082014670371564, -43.274959314903946 ], [ 170.082712423055256, -43.27455886984783 ] ] } },
{ "type": "Feature", "properties": { "group_id": "nzd0430" }, "geometry": { "type": "LineString", "coordinates": [ [ 172.717988222618146, -43.301035593287374 ], [ 172.717649480075664, -43.301650736866399 ], [ 172.717465613148335, -43.302290678571502 ], [ 172.717454677593253, -43.30296421073011 ], [ 172.717330101715902, -43.30362267094953 ], [ 172.716965603673287, -43.304245578358049 ], [ 172.716890261835687, -43.304899228199396 ], [ 172.716704145240755, -43.305539355406623 ], [ 172.716631213885705, -43.306193285576192 ], [ 172.716321134137246, -43.306818274314374 ], [ 172.716144120062978, -43.307459491647919 ], [ 172.716138552957602, -43.3081216204179 ], [ 172.715951181636257, -43.308761560396391 ], [ 172.715730419522941, -43.309397419554948 ], [ 172.715592604495924, -43.310043392211725 ], [ 172.715533133879916, -43.310698916687784 ], [ 172.715405702735893, -43.311346142517237 ], [ 172.715172451203586, -43.311980450622542 ], [ 172.715111179141275, -43.312635734655757 ], [ 172.715005576765208, -43.313283982588651 ], [ 172.714714642532812, -43.313903642115868 ], [ 172.714527945836721, -43.314537848373796 ], [ 172.7143548360078, -43.31517920878975 ], [ 172.714392188681529, -43.315854800791861 ], [ 172.714283180227483, -43.316517098010998 ], [ 172.714117078177139, -43.317168656592592 ], [ 172.714017691094881, -43.317818358214318 ], [ 172.713876959762729, -43.318464086394926 ], [ 172.713756367669504, -43.319111739804143 ], [ 172.713691890867977, -43.319764769898057 ], [ 172.71346873917571, -43.320402570098828 ], [ 172.713331612005817, -43.321048616437785 ], [ 172.713278395769606, -43.321702706113307 ], [ 172.713283808050818, -43.322362413411064 ], [ 172.713156133675113, -43.323013655648893 ], [ 172.71285886761251, -43.323661879311167 ], [ 172.712740824264188, -43.324321437961117 ], [ 172.712689641349783, -43.324973948742077 ], [ 172.712791198134909, -43.32563442696776 ], [ 172.712634318424278, -43.326281405390766 ], [ 172.712399229893265, -43.326924293456571 ], [ 172.712335694914827, -43.327565072530895 ], [ 172.71237203534406, -43.328211910631374 ], [ 172.712246111801392, -43.328857310271999 ], [ 172.712106732494135, -43.329503487656631 ], [ 172.711889422648852, -43.330143296895351 ], [ 172.711881407314706, -43.330800183170155 ], [ 172.711960318130878, -43.331464157675342 ], [ 172.711808644776966, -43.332109303836575 ], [ 172.711652478476026, -43.332754076319318 ], [ 172.711421755384009, -43.333392756150374 ], [ 172.711266308319296, -43.334044622995002 ], [ 172.711349060050651, -43.334719347196788 ], [ 172.711298408417548, -43.335377792205755 ], [ 172.711266771375989, -43.336031235456183 ], [ 172.711101586315067, -43.336677575978193 ], [ 172.710785130274814, -43.337315871772503 ], [ 172.710980446972655, -43.3379813530128 ], [ 172.711028845481451, -43.338639020713295 ], [ 172.71086654755419, -43.339285486733722 ], [ 172.710748848684034, -43.339934315367621 ], [ 172.710602771899715, -43.340581629200813 ], [ 172.71064573382165, -43.341239329862468 ], [ 172.710495248402367, -43.341887770130086 ], [ 172.710590234832665, -43.34254840201487 ], [ 172.710454795438295, -43.343196446614762 ], [ 172.710336965146979, -43.34384537223854 ], [ 172.710411219699239, -43.344503977817176 ], [ 172.710371389722894, -43.34515682302942 ], [ 172.710449175145556, -43.345815592413523 ], [ 172.710395168420575, -43.346467708664882 ], [ 172.710381461360981, -43.347121850125546 ], [ 172.710257950306868, -43.347770447443025 ], [ 172.710152800074326, -43.348419963646244 ], [ 172.710186900777614, -43.349078185111047 ], [ 172.710223425859056, -43.349737713474937 ], [ 172.710159805865118, -43.350391111799695 ], [ 172.71009960205231, -43.351042924404815 ], [ 172.710076203289702, -43.351696165599563 ], [ 172.710109254224506, -43.352351601580587 ], [ 172.710117774812744, -43.353005597671512 ], [ 172.71009318641859, -43.353657659797285 ], [ 172.710087949121885, -43.35431115379324 ], [ 172.710024793025468, -43.354962744376863 ], [ 172.709905389558912, -43.355611819976581 ], [ 172.709928753453028, -43.356267254325559 ], [ 172.710000868153969, -43.356925669254466 ], [ 172.71012280746811, -43.357586192306421 ], [ 172.709965982529297, -43.358240311310603 ], [ 172.709968934936768, -43.358893455664543 ], [ 172.709962077317897, -43.359546576232454 ], [ 172.709949982986984, -43.360199680824266 ], [ 172.709985835896305, -43.360852773380948 ], [ 172.709948431142095, -43.361505468548273 ], [ 172.709924925553111, -43.362158242922355 ], [ 172.709939966506738, -43.362811418234109 ], [ 172.710074594317717, -43.363465123354437 ], [ 172.710067681487089, -43.36411818603878 ], [ 172.710068838401781, -43.364771277914663 ], [ 172.71006753996457, -43.365424351738739 ], [ 172.71013348361339, -43.366077763203727 ], [ 172.71013803957382, -43.366730872889242 ], [ 172.710174527112713, -43.367383986061654 ], [ 172.71017546851337, -43.368037028552308 ], [ 172.710279695135313, -43.368690240190737 ], [ 172.710296933735805, -43.369343098711425 ] ] } },
{ "type": "Feature", "properties": { "group_id": "nzd0431" }, "geometry": { "type": "LineString", "coordinates": [ [ 169.908879355781608, -43.390686353048984 ], [ 169.909786056388839, -43.390772836133614 ], [ 169.910686689394964, -43.390785206897057 ], [ 169.911595918391015, -43.390649122879054 ], [ 169.912510387495331, -43.390536849952831 ], [ 169.913389805735051, -43.390364833732406 ], [ 169.914255485975076, -43.390191184022022 ], [ 169.915115233149066, -43.38998212653776 ], [ 169.91597711385765, -43.38977285098936 ], [ 169.916826929704655, -43.389554606718654 ], [ 169.917667081912214, -43.389323348368748 ], [ 169.918484605913363, -43.389044528303231 ], [ 169.919307628005072, -43.388777265076023 ], [ 169.92013007383153, -43.388508791179596 ], [ 169.920939269459637, -43.388212469413872 ], [ 169.921754562771554, -43.387925337078705 ], [ 169.922545688036593, -43.387611308866795 ], [ 169.923351006296116, -43.387322392655648 ], [ 169.924151357431356, -43.387025505812311 ], [ 169.924945668848039, -43.386720726837048 ], [ 169.925729734056489, -43.386408331353593 ], [ 169.926530249702466, -43.386124165896199 ], [ 169.92731581109976, -43.385809155648111 ], [ 169.928101565445758, -43.385489690061519 ], [ 169.928885349499183, -43.385167165688216 ], [ 169.929676006069542, -43.384855307176188 ], [ 169.930437229806614, -43.3844977668236 ], [ 169.931207293431555, -43.384153946275021 ], [ 169.93197379959409, -43.383808380240517 ], [ 169.932739738626594, -43.38348149249439 ], [ 169.933508229317681, -43.383156792280595 ], [ 169.934257128200585, -43.382794963504217 ], [ 169.935029106978561, -43.382461530838121 ], [ 169.93578539234332, -43.382108786742442 ], [ 169.93654235426834, -43.381756873210556 ], [ 169.937317211741743, -43.381426976143999 ], [ 169.938079296877305, -43.381081274348361 ], [ 169.938837041578893, -43.380729895402595 ], [ 169.939596162666163, -43.380380213711099 ], [ 169.94034012270572, -43.380012078499803 ], [ 169.941102777992256, -43.379667078006086 ], [ 169.941844075609225, -43.379295644608575 ], [ 169.942596052478962, -43.378937425574961 ], [ 169.943346107984098, -43.378576827080117 ], [ 169.944079971361191, -43.378209934749748 ], [ 169.944776917896434, -43.377817430149094 ], [ 169.94554907903921, -43.377491077936739 ], [ 169.946263345907823, -43.377094903028066 ], [ 169.94702057808496, -43.376742515744972 ], [ 169.947723465968295, -43.376334738215654 ], [ 169.948444805920843, -43.375945764385278 ], [ 169.949173504705016, -43.375564287919808 ], [ 169.94988038971519, -43.375162479440249 ], [ 169.950610504320196, -43.374791528500729 ], [ 169.951335661112068, -43.374411984877383 ], [ 169.952042514136679, -43.374009304592583 ], [ 169.952739412942208, -43.373597608736503 ], [ 169.953453259347867, -43.373201253924584 ], [ 169.954148589215606, -43.372788131432316 ], [ 169.954872188155662, -43.372400599984843 ], [ 169.955555741763874, -43.371976809463455 ], [ 169.956258145321982, -43.371570082092191 ], [ 169.956941020584054, -43.371145671513631 ], [ 169.957628751960158, -43.370726055070904 ], [ 169.958331901468739, -43.370320528945079 ], [ 169.959034195668409, -43.369912467614405 ], [ 169.959711298722141, -43.369478665157132 ], [ 169.960426602617076, -43.369083577729945 ], [ 169.961181243092398, -43.368728627544876 ], [ 169.961814497929936, -43.36826197553161 ], [ 169.962480710329686, -43.367826410473775 ], [ 169.963167193034508, -43.36740547657805 ], [ 169.963858425614944, -43.366988539556239 ], [ 169.964566179021887, -43.366585512478302 ], [ 169.965279161480026, -43.366187729504752 ], [ 169.965946736027121, -43.365762130651916 ], [ 169.966647068323283, -43.365357201712612 ], [ 169.967338202697761, -43.36492977356253 ], [ 169.968109408000714, -43.364594962265869 ], [ 169.968835269645353, -43.364207699811324 ], [ 169.969606677922883, -43.363873118551588 ], [ 169.970321932622511, -43.3634735834165 ], [ 169.971119580969173, -43.363169269994451 ], [ 169.971914669717393, -43.362859816485454 ], [ 169.972679374242034, -43.362515032272924 ], [ 169.973424728956672, -43.362150874469805 ], [ 169.974118667039335, -43.361730898737896 ], [ 169.974822684227064, -43.36132186252896 ], [ 169.975545966974693, -43.360933737910507 ], [ 169.976243185953649, -43.360517318028485 ], [ 169.976910978319097, -43.360068952886138 ], [ 169.977600729279089, -43.359647976860259 ], [ 169.978245866757362, -43.359209038722085 ], [ 169.978929693671233, -43.358805434406349 ], [ 169.979585684175788, -43.358359409873117 ], [ 169.980275353311271, -43.357940438577437 ], [ 169.980949724527932, -43.357507243724584 ], [ 169.98157044309923, -43.357027904102942 ], [ 169.982217854544842, -43.356572636548229 ], [ 169.982861797531058, -43.356115185508358 ], [ 169.983493012014549, -43.355646810589469 ], [ 169.984144929065877, -43.355213846066803 ], [ 169.984749946095405, -43.35474906183525 ], [ 169.985360298144201, -43.354271879323015 ], [ 169.985982622088954, -43.353801121366004 ], [ 169.986560205856364, -43.353298888449011 ], [ 169.987150829596573, -43.352805824360381 ] ] } },
{ "type": "Feature", "properties": { "group_id": "nzd0437" }, "geometry": { "type": "LineString", "coordinates": [ [ 172.712843435133152, -43.413910549892087 ], [ 172.712870271086132, -43.414564313341295 ], [ 172.712964469814096, -43.415215368111888 ], [ 172.712971257599321, -43.41586815911829 ], [ 172.71307034484181, -43.416517170150946 ], [ 172.713048840769773, -43.417168815759247 ], [ 172.713121399277526, -43.417819834888192 ], [ 172.713164387174714, -43.418471539139311 ], [ 172.713217613342124, -43.419123227866301 ], [ 172.713336006369786, -43.419773907142279 ], [ 172.713400515271161, -43.420426414792168 ], [ 172.713333534691401, -43.421083166615659 ], [ 172.713395966679826, -43.421734946120274 ], [ 172.713446870906438, -43.422386271964008 ], [ 172.713418004848933, -43.423040545103063 ], [ 172.713440410472174, -43.4236929750573 ], [ 172.713553524074115, -43.424341616890281 ], [ 172.713528722924906, -43.424989689219998 ], [ 172.713651581101544, -43.425636916518755 ], [ 172.713648356710451, -43.426289329404298 ], [ 172.713694109045974, -43.426943455735625 ], [ 172.713685009006412, -43.427601354196511 ], [ 172.713786815533297, -43.428252748490927 ], [ 172.713824928940909, -43.428902202634688 ], [ 172.713860264088709, -43.429552652393362 ], [ 172.713973792732816, -43.430202030980041 ], [ 172.713937324563858, -43.430856193761791 ], [ 172.714000565007012, -43.431507201895613 ], [ 172.714043192638655, -43.432158851472174 ], [ 172.714050956724321, -43.432811587687851 ], [ 172.714108598150318, -43.433462704887056 ], [ 172.714180173677477, -43.434115275808161 ], [ 172.714276851419413, -43.434767122805532 ], [ 172.714371890885872, -43.435417055221052 ], [ 172.714302508595296, -43.436077373794525 ], [ 172.714327667638855, -43.436728042875053 ], [ 172.714400611013104, -43.437367125645558 ], [ 172.714425192517041, -43.438011523262944 ], [ 172.714522090257219, -43.43866271633874 ], [ 172.714617621544932, -43.439314348069999 ], [ 172.714648251700908, -43.439970313836191 ], [ 172.714748496712275, -43.440623642768678 ], [ 172.714861726898732, -43.441272361779198 ], [ 172.714875626638928, -43.441927373899333 ], [ 172.715048044558557, -43.442570125185426 ], [ 172.714961887187087, -43.443229605105145 ], [ 172.715060002423485, -43.44387575470855 ], [ 172.715063362235668, -43.44452987630271 ], [ 172.715256537506946, -43.445172916405824 ], [ 172.715269912531596, -43.445828423620497 ], [ 172.715345461375847, -43.446480372034877 ], [ 172.715474981192187, -43.447126460720973 ], [ 172.715565436735858, -43.447775328126397 ], [ 172.715753595525399, -43.4484173915016 ], [ 172.715782423377419, -43.449071712384935 ], [ 172.715887883462813, -43.449719291247881 ], [ 172.715951673297724, -43.450368194771556 ], [ 172.71598256875933, -43.451023490576311 ], [ 172.716218886596948, -43.451664918354076 ], [ 172.716302983377716, -43.452317214784472 ], [ 172.716412202499214, -43.452962543077255 ], [ 172.716466858387463, -43.453611181426197 ], [ 172.716589490998871, -43.454255925181606 ], [ 172.716676945064989, -43.454905033597207 ], [ 172.71687045162443, -43.4555455690016 ], [ 172.716984208722806, -43.45619285251361 ], [ 172.717106219203089, -43.456838604416944 ], [ 172.717179977058123, -43.45748632813288 ], [ 172.717274468632326, -43.458135552852141 ], [ 172.717438683175288, -43.458782040634418 ], [ 172.717517160989843, -43.459434568954769 ], [ 172.717534547339596, -43.460093502084369 ], [ 172.717664458579492, -43.460741077985752 ], [ 172.717965988901625, -43.461366402981575 ], [ 172.718071422499378, -43.462014291053968 ], [ 172.718097378046053, -43.46267059193034 ], [ 172.718333182398169, -43.463302868338694 ], [ 172.718522308353869, -43.463941312304677 ], [ 172.718679283370221, -43.464582573599664 ], [ 172.718765684006115, -43.465231422002866 ], [ 172.718847400099037, -43.465881776374971 ], [ 172.719114275198535, -43.466513267422016 ], [ 172.719306747450702, -43.467152037238492 ], [ 172.719387569217815, -43.467802687266577 ], [ 172.71946888718108, -43.468451365374193 ], [ 172.719629962194887, -43.469091580665008 ], [ 172.719833779151685, -43.469730549927405 ], [ 172.720098431086058, -43.470361225733683 ], [ 172.720170711397657, -43.47101470476106 ], [ 172.720347361141506, -43.471655533385842 ], [ 172.720623936811393, -43.472280103420061 ], [ 172.720753198303953, -43.472924294740942 ], [ 172.720900203467096, -43.473565918428484 ], [ 172.720973416683677, -43.474217655350188 ], [ 172.721159323074318, -43.474857894879733 ], [ 172.721428177447962, -43.475485076274452 ], [ 172.721539955292371, -43.476134471956215 ], [ 172.721654862750682, -43.476787705611876 ], [ 172.721827254859818, -43.477428954133444 ], [ 172.722123691514184, -43.478038760664809 ], [ 172.722250024125628, -43.478685718355912 ], [ 172.722360880443716, -43.47934175197917 ], [ 172.722625829191571, -43.479962838406152 ], [ 172.722873119734942, -43.480586450733576 ], [ 172.722940387907755, -43.481230384243659 ], [ 172.723101541993458, -43.481867402400788 ], [ 172.723440883881437, -43.48249188164354 ], [ 172.723662565512825, -43.483125144157611 ], [ 172.723767386548843, -43.48377473470488 ], [ 172.72401348451973, -43.484402308261863 ], [ 172.72430287634711, -43.485024325363526 ], [ 172.724421372328806, -43.485673159860717 ], [ 172.724557556926555, -43.486320378490021 ], [ 172.724831261773573, -43.486943608396906 ], [ 172.725051109943081, -43.487575687210978 ], [ 172.725066031397574, -43.488245310193562 ], [ 172.725398398477324, -43.488855095980362 ], [ 172.725629000218646, -43.489484320159363 ], [ 172.725819920604181, -43.49011921780501 ], [ 172.745477265509749, -43.538868379838199 ], [ 172.745814262425824, -43.539472752749376 ], [ 172.746090056703451, -43.540092175863471 ], [ 172.746447741029669, -43.540690068549623 ], [ 172.746753862195391, -43.541302127939076 ], [ 172.747074186091169, -43.541910465002154 ], [ 172.747477200774654, -43.542496751023023 ], [ 172.74769269229833, -43.543131685406657 ], [ 172.748072164123272, -43.543721319434248 ], [ 172.748420143497469, -43.544321304734048 ], [ 172.748726598205423, -43.544933701133679 ], [ 172.749023991732912, -43.54554237117015 ], [ 172.749249918688804, -43.546182218284081 ], [ 172.749532211086546, -43.546800914519487 ], [ 172.749858212182744, -43.547398504618059 ], [ 172.750132602226671, -43.548015702702592 ], [ 172.750600653938278, -43.548595065623815 ], [ 172.750807956554297, -43.549230505137459 ], [ 172.751128695879203, -43.549844624168365 ], [ 172.751317453953561, -43.550482051480401 ], [ 172.751665705778322, -43.551082721906411 ], [ 172.751833303660533, -43.551711876478457 ], [ 172.752053090078988, -43.552347829776053 ], [ 172.752369881920259, -43.552975155913813 ], [ 172.752597042239188, -43.553625003190689 ], [ 172.752817739030576, -43.554250537829134 ], [ 172.752937420181468, -43.554863455787398 ], [ 172.753282473262232, -43.555457595639112 ], [ 172.753419358453556, -43.55612735826039 ], [ 172.753558436402471, -43.556797872462241 ], [ 172.753574457537241, -43.557462227058757 ] ] } },
{ "type": "Feature", "properties": { "group_id": "nzd0438" }, "geometry": { "type": "LineString", "coordinates": [ [ 169.705929161084015, -43.528781773480922 ], [ 169.706445131516858, -43.52824774500737 ], [ 169.706880855601696, -43.52767750944821 ], [ 169.707336606959728, -43.52711630362446 ], [ 169.707810184766089, -43.526563134676806 ], [ 169.708268202705057, -43.526002940903041 ], [ 169.708734438430326, -43.525446449210968 ], [ 169.709126237436521, -43.524856371305056 ], [ 169.70962173039743, -43.524312726232353 ], [ 169.710064391514948, -43.523744724225871 ], [ 169.710479999056474, -43.523165026962637 ], [ 169.710942133959378, -43.5226066999724 ], [ 169.711355189173048, -43.522026412803385 ], [ 169.711801740298426, -43.521461104155975 ], [ 169.712211238353746, -43.520879215176301 ], [ 169.712642255639253, -43.520304601878628 ], [ 169.713061107052567, -43.51971911889256 ], [ 169.713473111177052, -43.519134205659192 ], [ 169.713915592592429, -43.518567498426769 ], [ 169.71431752954976, -43.517984728086716 ], [ 169.714744998632085, -43.517412064116485 ], [ 169.715207550448838, -43.516856872362816 ], [ 169.71557550739891, -43.516268174205763 ], [ 169.715979324431913, -43.515689214881448 ] ] } },
{ "type": "Feature", "properties": { "group_id": "nzd0439" }, "geometry": { "type": "LineString", "coordinates": [ [ 172.751555864893504, -43.563198703769956 ], [ 172.752593906547446, -43.563081446913927 ], [ 172.753431286287764, -43.563317427331867 ], [ 172.754217818008669, -43.563642922132388 ], [ 172.755199534565975, -43.563689504113455 ], [ 172.756077186663902, -43.56407209597463 ], [ 172.756929238822721, -43.564448789159847 ], [ 172.757679755987311, -43.564809662195231 ], [ 172.758296815289697, -43.565079988523259 ], [ 172.758729275345189, -43.565137100351293 ], [ 172.759605068655901, -43.565621873471265 ], [ 172.760252548224145, -43.566281766881779 ], [ 172.760573023931983, -43.566959830080457 ], [ 172.761156672656227, -43.567454781374551 ], [ 172.761569621450008, -43.568047498561974 ], [ 172.762053482606348, -43.568576539697006 ], [ 172.762445911231765, -43.569149116866903 ], [ 172.762948208268625, -43.569689638085897 ], [ 172.763609816106197, -43.570165148523856 ], [ 172.764218479648804, -43.570649921894848 ], [ 172.764832071673624, -43.571164624485682 ], [ 172.765475166917781, -43.571637847113927 ], [ 172.766312297422957, -43.571940694617638 ], [ 172.767142929883647, -43.572297792888065 ], [ 172.768028376609664, -43.57256190345646 ], [ 172.768936577018366, -43.572603673879392 ] ] } },
{ "type": "Feature", "properties": { "group_id": "nzd0440" }, "geometry": { "type": "LineString", "coordinates": [ [ 172.777363598181125, -43.580366023682068 ], [ 172.7757524417936, -43.581151258242656 ], [ 172.77610132908714, -43.58181264033751 ], [ 172.775984774986625, -43.582593068227062 ], [ 172.776475303399394, -43.583224034719372 ], [ 172.77700682896716, -43.583837305456711 ], [ 172.777599714685778, -43.584350630170015 ] ] } },
{ "type": "Feature", "properties": { "group_id": "nzd0441" }, "geometry": { "type": "LineString", "coordinates": [ [ 169.609209668392879, -43.591964831969733 ], [ 169.610034302163513, -43.59165339967906 ], [ 169.610705131522025, -43.591221039303242 ], [ 169.611362532530563, -43.590777547561629 ], [ 169.612008468110048, -43.590324551248131 ], [ 169.612613094677954, -43.589837319311208 ], [ 169.613262403645308, -43.589387112282516 ], [ 169.613831710535067, -43.588867050285856 ], [ 169.614404660815239, -43.588352959880069 ], [ 169.614990913120153, -43.587856556599093 ] ] } },
{ "type": "Feature", "properties": { "group_id": "nzd0442" }, "geometry": { "type": "LineString", "coordinates": [ [ 169.529911214286727, -43.610494439696865 ], [ 169.530576610886214, -43.610057837971567 ], [ 169.53123478201465, -43.609615333712597 ], [ 169.531881740850878, -43.609163672005621 ], [ 169.532529073646032, -43.608712312353717 ], [ 169.53317196782902, -43.608256221976859 ], [ 169.533800328917124, -43.607789757482479 ], [ 169.534445660733468, -43.607337169152771 ], [ 169.535083853941188, -43.606879784843642 ], [ 169.535722460836581, -43.606422703020222 ], [ 169.53636790031203, -43.605970674772678 ], [ 169.536972417981218, -43.605488353632907 ], [ 169.537573850856234, -43.605003745648233 ], [ 169.538184579073715, -43.604526014218649 ], [ 169.538784167152215, -43.60404003363702 ], [ 169.539358022654937, -43.603535003136251 ], [ 169.53996998914198, -43.60305837107127 ], [ 169.540547047504504, -43.602563804482728 ], [ 169.541141595457276, -43.60207954468563 ], [ 169.541707698721694, -43.601574232770723 ], [ 169.542247111454884, -43.601054396307973 ], [ 169.542820324659289, -43.600552942726104 ], [ 169.543343888264815, -43.600024474831912 ], [ 169.543852266923182, -43.599487741583701 ], [ 169.544353947117088, -43.598947359663434 ], [ 169.544835443086043, -43.598395992773291 ], [ 169.545338588678817, -43.597852675095822 ], [ 169.545789142570442, -43.597286719233892 ], [ 169.546249534970684, -43.596727206509826 ], [ 169.546696404058281, -43.596163114912677 ], [ 169.547113146054755, -43.595586809957318 ], [ 169.547546101491065, -43.595017069349801 ], [ 169.547952063737881, -43.594436385262043 ], [ 169.548335167366105, -43.593846433038422 ], [ 169.548690323091733, -43.593245341497237 ], [ 169.549025884868968, -43.592635597092219 ], [ 169.549455671830088, -43.592063367753312 ], [ 169.550309746656836, -43.591679859600852 ] ] } },
{ "type": "Feature", "properties": { "group_id": "nzd0444" }, "geometry": { "type": "LineString", "coordinates": [ [ 169.34798727739269, -43.668030021420634 ], [ 169.348820904782741, -43.667781252543598 ], [ 169.349606484991767, -43.66746640371214 ], [ 169.350384055365794, -43.667140537698209 ], [ 169.351218511619265, -43.666892900369177 ], [ 169.352014647212002, -43.666592561215168 ], [ 169.352803019027078, -43.666255971720723 ], [ 169.353540830989857, -43.665847898684191 ], [ 169.354257626556887, -43.665432770796187 ], [ 169.354924962458313, -43.664998206734026 ], [ 169.355577541488856, -43.664551663411984 ], [ 169.356212591483683, -43.664090891246239 ], [ 169.356780645428728, -43.663557794625262 ], [ 169.357288939076938, -43.66300254305493 ], [ 169.357793398783855, -43.662448418114515 ], [ 169.358255729486729, -43.661890483534464 ], [ 169.358652474558085, -43.661307475457726 ], [ 169.359025270234099, -43.660715307867733 ], [ 169.359351736903761, -43.660105426842996 ], [ 169.359684851173, -43.659498080867515 ], [ 169.359998504547832, -43.65888305225338 ], [ 169.360345073541225, -43.658280841026816 ], [ 169.360741712288956, -43.657697765054188 ], [ 169.361123625578443, -43.657109747539195 ], [ 169.361421151459695, -43.656491779577983 ], [ 169.361698832898838, -43.655866763869348 ], [ 169.361955406643972, -43.655232699230126 ], [ 169.362211795752728, -43.654596360134342 ], [ 169.362470109015675, -43.6539622132875 ], [ 169.362782006289621, -43.653347964187162 ], [ 169.363275670912174, -43.652800935252429 ], [ 169.363777592505329, -43.652256954294927 ], [ 169.36424780527841, -43.651701240206329 ], [ 169.364710477512176, -43.651142731527443 ], [ 169.365035721019666, -43.650533390001968 ], [ 169.365367316444832, -43.649941413273339 ], [ 169.365608492201261, -43.649338983619252 ], [ 169.365917306095014, -43.648734631135802 ], [ 169.366147196636064, -43.648106484216754 ] ] } },
{ "type": "Feature", "properties": { "group_id": "nzd0445" }, "geometry": { "type": "LineString", "coordinates": [ [ 169.16837308995764, -43.743899930752306 ], [ 169.169061949465373, -43.743482554771319 ], [ 169.169686174476482, -43.743015039774072 ], [ 169.17034794354015, -43.74257664314478 ], [ 169.170988432078929, -43.742121736280957 ], [ 169.171645366130207, -43.741679582093248 ], [ 169.172295450844473, -43.741232111533577 ], [ 169.17296553468978, -43.740800149877579 ], [ 169.173619660995655, -43.74035857890604 ], [ 169.174259446571568, -43.739908103402314 ], [ 169.17491075071797, -43.739462258716934 ], [ 169.175563740101097, -43.739014916174852 ], [ 169.176187015472095, -43.738541651482315 ], [ 169.17682871007645, -43.73808445087667 ], [ 169.177483543328407, -43.737639047041633 ], [ 169.178136345533233, -43.73719346088545 ], [ 169.178770861661036, -43.736733270783446 ], [ 169.179474048459923, -43.736328535446631 ], [ 169.180137191506674, -43.735891040812646 ], [ 169.180841319747998, -43.73548523603764 ], [ 169.181601921303354, -43.735137111310515 ], [ 169.182420015575644, -43.734866240643285 ], [ 169.183235212651425, -43.734601663456409 ], [ 169.184049275041929, -43.734328378779047 ], [ 169.184863362730368, -43.734053111600936 ], [ 169.185689177161635, -43.733806280539113 ], [ 169.186521428926937, -43.733557977175764 ] ] } },
{ "type": "Feature", "properties": { "group_id": "nzd0446" }, "geometry": { "type": "LineString", "coordinates": [ [ 169.061581265227233, -43.822259102797346 ], [ 169.062307344930105, -43.821866684985665 ], [ 169.063047130131281, -43.821490242205741 ], [ 169.063733277009902, -43.821068031914386 ], [ 169.064445226385487, -43.820673163025702 ], [ 169.065157915799517, -43.820279015182969 ], [ 169.065880348179007, -43.819894394136391 ], [ 169.066583673526821, -43.819491081698658 ], [ 169.067267906193393, -43.81906909223472 ], [ 169.067967356771476, -43.818661984681142 ], [ 169.068675353330661, -43.818263233117889 ], [ 169.069366953707231, -43.817848442163324 ], [ 169.070055697171625, -43.817430854397436 ], [ 169.070760574054674, -43.817027443649643 ] ] } },
{ "type": "Feature", "properties": { "group_id": "nzd0447" }, "geometry": { "type": "LineString", "coordinates": [ [ 172.717021259805847, -43.828054570289318 ], [ 172.716124563852674, -43.828006220160418 ], [ 172.715227646124987, -43.827963148831898 ], [ 172.714330276139094, -43.82793082229491 ], [ 172.713434172781007, -43.827868450422031 ], [ 172.712535694548251, -43.827862432643208 ], [ 172.711639615070737, -43.827799523255266 ], [ 172.710741421841249, -43.827786750267094 ], [ 172.709843418026566, -43.827769484892649 ], [ 172.7089465077444, -43.827726304902676 ], [ 172.70805461825978, -43.827564183900257 ], [ 172.707152255257824, -43.827650211400098 ], [ 172.706254248598242, -43.827633027707115 ], [ 172.705354986583728, -43.827618386904483 ], [ 172.704456324981351, -43.827582667431138 ], [ 172.703557779957691, -43.827583522244943 ], [ 172.702658840468359, -43.827599216982101 ], [ 172.701761584071761, -43.827554909709249 ], [ 172.700863141251091, -43.827552892774726 ], [ 172.699964647073529, -43.827552697885352 ], [ 172.699065983049763, -43.827558541234829 ], [ 172.6981709006171, -43.827436914660211 ], [ 172.697268708118571, -43.827568300690146 ], [ 172.696369846512141, -43.827581133297684 ], [ 172.695469613380624, -43.827642703486077 ], [ 172.694570517739237, -43.827663799815483 ], [ 172.693670435643867, -43.827719913831544 ], [ 172.6927800452996, -43.827749488240194 ], [ 172.691904543761098, -43.827857796279659 ], [ 172.691006688861052, -43.827872138422393 ], [ 172.690121963807684, -43.827998254507989 ], [ 172.689214915343598, -43.827974121939725 ], [ 172.688334586327642, -43.828129833849722 ], [ 172.687439907457843, -43.828188957036211 ], [ 172.686541049293083, -43.828219942551605 ], [ 172.685648290680206, -43.828291988988219 ], [ 172.684737672132769, -43.82824378170114 ], [ 172.683863318781931, -43.828439754106071 ], [ 172.682970808176748, -43.82852951467747 ], [ 172.682062759258798, -43.828501302390343 ], [ 172.681169170304088, -43.828596288690946 ], [ 172.680273379712247, -43.828647031470751 ], [ 172.679378291963047, -43.828706869555148 ], [ 172.67848074904191, -43.828734949118356 ], [ 172.677588240713419, -43.828828170542032 ], [ 172.676687744092021, -43.828818029466142 ], [ 172.675789377913759, -43.828835449578285 ], [ 172.67489292221066, -43.828877594380778 ], [ 172.673997175335103, -43.828928916864697 ], [ 172.673101999679488, -43.829000214798029 ], [ 172.672200177700773, -43.828997305282606 ], [ 172.671301879538845, -43.829036860980985 ], [ 172.670404782009967, -43.829073402626221 ], [ 172.66950918217978, -43.829140939163437 ], [ 172.668611707830848, -43.829169698807128 ], [ 172.667710740026706, -43.829126144706549 ], [ 172.666813561295868, -43.829161013525628 ], [ 172.66591671342718, -43.829202738549156 ], [ 172.665019900354054, -43.829245191558066 ], [ 172.664121869003566, -43.829262412278901 ], [ 172.663225889559641, -43.829322149589082 ], [ 172.662327177126997, -43.829296821959005 ], [ 172.661435310000456, -43.829351817876756 ], [ 172.660540755011084, -43.82938737118851 ], [ 172.659640817388265, -43.829389378813474 ], [ 172.658744935923409, -43.829437635096795 ], [ 172.65784514778835, -43.829441334168081 ], [ 172.656947163760009, -43.829465603714112 ], [ 172.656051283032355, -43.829513864196052 ], [ 172.655151690969774, -43.829519780711394 ], [ 172.654252438827285, -43.829529567490887 ], [ 172.653356914359591, -43.829581888109757 ], [ 172.652460219114431, -43.829620848041401 ], [ 172.651561892681855, -43.829641187091951 ], [ 172.650666170903975, -43.829691256425846 ], [ 172.649764442777837, -43.829672749220698 ], [ 172.648868344764679, -43.829718517739714 ], [ 172.647969236315049, -43.82972782258679 ], [ 172.647073218380058, -43.829761834461152 ], [ 172.646176322079214, -43.82978494147418 ], [ 172.645278274461106, -43.829802978545885 ], [ 172.644382006653387, -43.829852133694637 ], [ 172.643484360477174, -43.829877189607075 ], [ 172.642587865051922, -43.82992237342949 ], [ 172.64168990862197, -43.829942002341483 ], [ 172.640792521558495, -43.829971591056768 ], [ 172.639895174722767, -43.830001884136813 ], [ 172.638998776460454, -43.83004878219279 ], [ 172.638101441240821, -43.830079282716639 ], [ 172.637205304823794, -43.830130775878892 ], [ 172.636308071810134, -43.830163071428601 ], [ 172.635412161081774, -43.830218530718717 ], [ 172.634515892494079, -43.83026772975046 ], [ 172.633619334672744, -43.830311867748897 ], [ 172.632722355684223, -43.830348629723431 ], [ 172.631826497246692, -43.830405037123889 ], [ 172.630929296654955, -43.83043792304511 ], [ 172.630033151836955, -43.830489324066775 ], [ 172.629140224097483, -43.830536280754046 ], [ 172.628247242948873, -43.8305708629292 ], [ 172.627353754711692, -43.83063298427642 ], [ 172.62645300829405, -43.830641782745005 ], [ 172.625560672105252, -43.830719147962462 ], [ 172.624661665439106, -43.830742122064244 ], [ 172.623764707901927, -43.830781801024017 ], [ 172.622865296019825, -43.830801459560668 ], [ 172.621971374210574, -43.830865891148669 ], [ 172.621079217549465, -43.830944722086961 ], [ 172.620179501527872, -43.830961888370524 ], [ 172.619284119134505, -43.831014403503119 ], [ 172.618389794948627, -43.831075551556211 ], [ 172.617492362220275, -43.831111334697226 ], [ 172.616596235025071, -43.831157767726062 ], [ 172.615699755687615, -43.83120132469692 ], [ 172.61480910545626, -43.831292455294061 ], [ 172.613912942817763, -43.831338595978437 ], [ 172.613018284332384, -43.83139701313187 ], [ 172.612119020818739, -43.831417835296094 ], [ 172.611220453963341, -43.831444338944863 ], [ 172.610332520652662, -43.831557662255278 ], [ 172.609435720019718, -43.831598584947066 ], [ 172.60854520590118, -43.831690843652993 ], [ 172.607646234150451, -43.831714032459722 ], [ 172.606745530539229, -43.831723069584498 ], [ 172.605858326216008, -43.831842368207482 ], [ 172.604966643833251, -43.831928582346904 ], [ 172.604073388728125, -43.832001882181913 ], [ 172.603177197826056, -43.832050968538425 ], [ 172.602285003440755, -43.832127283888873 ], [ 172.601384552808895, -43.832144788585822 ], [ 172.60049041330322, -43.832207245396482 ], [ 172.599606135298444, -43.832339958013876 ], [ 172.598712874856119, -43.832408681431367 ], [ 172.597808681824006, -43.832399506398488 ], [ 172.596925299092561, -43.832538611633055 ], [ 172.596027769011386, -43.832576907783263 ], [ 172.595143548208625, -43.832710053207272 ], [ 172.594250601619876, -43.832781015932682 ], [ 172.593355529199812, -43.832836826394043 ], [ 172.592467375480538, -43.832941954306222 ], [ 172.591577887840145, -43.833037578098285 ], [ 172.590692074286778, -43.833143879869624 ], [ 172.589790128884317, -43.833161949343769 ], [ 172.588896142389785, -43.833234265204247 ], [ 172.588023635058249, -43.833400637867051 ], [ 172.587138873666078, -43.833513041039019 ], [ 172.586252862016153, -43.8336199373379 ], [ 172.585368279933306, -43.833733130659596 ], [ 172.584476091320681, -43.833812816128699 ], [ 172.583593316250727, -43.833933969246573 ], [ 172.582712276225408, -43.83406276724287 ], [ 172.581822476335049, -43.834152973064413 ], [ 172.580917201436506, -43.834174994936362 ], [ 172.580058105418431, -43.834400480268719 ], [ 172.579173093372589, -43.834511780860851 ], [ 172.578284523112018, -43.834607402268226 ], [ 172.57740392210269, -43.834738140697254 ], [ 172.576519683720647, -43.834852851425616 ], [ 172.575637115146577, -43.8349749216191 ], [ 172.574736666068702, -43.835018188387046 ], [ 172.573867745510626, -43.835200410733499 ], [ 172.572984638151325, -43.835318037725116 ], [ 172.572098289727251, -43.835421042679869 ], [ 172.57119517996037, -43.835455500564862 ], [ 172.570321825290023, -43.835615707914791 ], [ 172.569434546725603, -43.835717271138634 ], [ 172.568548717475664, -43.835824938109603 ], [ 172.567650999632406, -43.835882525161118 ], [ 172.566757909387292, -43.83595960149075 ], [ 172.565883219422034, -43.836114190365734 ], [ 172.565003918897958, -43.836249358647585 ], [ 172.564115815868433, -43.836347442932386 ], [ 172.563229558257063, -43.836453301090415 ], [ 172.562351856303536, -43.836595207257005 ], [ 172.561474235335169, -43.836737456915955 ], [ 172.560585028087445, -43.836830886844041 ], [ 172.559696386232218, -43.836926697561303 ], [ 172.558810160114831, -43.837032686973338 ], [ 172.557933166149212, -43.837177582812409 ], [ 172.557041922775369, -43.837262427312531 ], [ 172.556148890489709, -43.837339729675435 ], [ 172.555267640657377, -43.837466690069093 ], [ 172.554395451390008, -43.837631841834479 ], [ 172.553510030011381, -43.83774122205746 ], [ 172.552614299243203, -43.837807144105035 ], [ 172.551729042141858, -43.837917214203799 ], [ 172.550856936635995, -43.838082727214001 ], [ 172.549970202208613, -43.838186570672725 ], [ 172.549078328048807, -43.838268743850115 ], [ 172.548187937156058, -43.838357013158941 ], [ 172.547315459150013, -43.838519447320657 ], [ 172.546428782053511, -43.838623329464319 ], [ 172.545542640536809, -43.838729802758628 ], [ 172.544649236148302, -43.838806552989567 ], [ 172.54377782127446, -43.838973292091502 ], [ 172.542891466517489, -43.839078891146578 ], [ 172.541995902094925, -43.83914679557369 ], [ 172.541094936831058, -43.839192590209009 ], [ 172.540225387857618, -43.83936697131675 ], [ 172.539341375939415, -43.839482155269749 ], [ 172.538451689605836, -43.839574110793635 ], [ 172.537543497066736, -43.839590305847004 ], [ 172.536676141799546, -43.83977367388465 ], [ 172.535810316302474, -43.839963309902274 ], [ 172.534912650460086, -43.840022592285884 ], [ 172.534018488603948, -43.840092018940858 ], [ 172.533134310045142, -43.840200871846072 ], [ 172.532259899706105, -43.840361045684325 ], [ 172.531383216973637, -43.840512182563991 ], [ 172.530489182387328, -43.840581682027185 ], [ 172.529590339681988, -43.840628554665678 ], [ 172.528721198795324, -43.840815184810786 ], [ 172.527835541536859, -43.840924100928838 ], [ 172.526949951579667, -43.841033334342463 ], [ 172.526052028319071, -43.841084525642572 ], [ 172.525170026666444, -43.841210645577114 ], [ 172.524287167219626, -43.841332730369601 ], [ 172.523390034701748, -43.841387635958739 ], [ 172.522499845091772, -43.841475217739735 ], [ 172.52162321895068, -43.841626645136984 ], [ 172.520744519179402, -43.841768315409439 ], [ 172.519853675541526, -43.841852819526316 ], [ 172.518954513236565, -43.841898158200969 ], [ 172.518069607699005, -43.842010614570668 ], [ 172.517194862533643, -43.842170910630344 ], [ 172.516309124722937, -43.842279452200223 ], [ 172.515422871584292, -43.842385567737566 ], [ 172.514526673976178, -43.842444854837993 ], [ 172.513637032278439, -43.842535011269575 ], [ 172.512757043415917, -43.842672383128608 ], [ 172.511866307009399, -43.842759377713598 ], [ 172.510977156477196, -43.842852493809062 ], [ 172.510072463617092, -43.842865513173265 ], [ 172.509200132770275, -43.843043628916185 ], [ 172.508317387167068, -43.843168616287379 ], [ 172.507434669258657, -43.84329374798358 ], [ 172.506534463782401, -43.843329651249313 ], [ 172.50565512599556, -43.843472032747385 ], [ 172.504761997468108, -43.843544043725743 ], [ 172.503864109553177, -43.843591763541014 ], [ 172.502986640288242, -43.843743687339227 ], [ 172.502096733234652, -43.843832136122991 ], [ 172.501216962485813, -43.843972321136881 ], [ 172.50032709929485, -43.844060995132082 ], [ 172.499421008845417, -43.84406683419018 ], [ 172.498532730275116, -43.844163592039628 ], [ 172.497647653321025, -43.844276694846172 ], [ 172.496765918186441, -43.844406860861788 ], [ 172.495867728989282, -43.844453021338232 ], [ 172.494965170099533, -43.844476865360207 ], [ 172.494087144207896, -43.844625972697649 ], [ 172.49320444851989, -43.844751239338073 ], [ 172.492311727433702, -43.844825312191041 ], [ 172.491417314643314, -43.844890743414297 ], [ 172.490527705367981, -43.844980704340394 ], [ 172.489639177384589, -43.845076187463427 ], [ 172.488755586297287, -43.845196887113516 ], [ 172.487850020077133, -43.845205339945139 ], [ 172.486946478593467, -43.845219632453777 ], [ 172.486070781623397, -43.845382241285755 ], [ 172.485187182976034, -43.845509033519996 ], [ 172.484290493474305, -43.845557270559716 ], [ 172.483396918270699, -43.845624380816773 ], [ 172.482500377693668, -43.845673513933818 ], [ 172.481601937622571, -43.845711128150725 ], [ 172.480715284251005, -43.845820194682638 ], [ 172.479824065187529, -43.845901583269701 ], [ 172.478925327303386, -43.845937383199626 ], [ 172.478033078065607, -43.846012522658505 ], [ 172.47713803679531, -43.846070730512515 ], [ 172.476250397026917, -43.846167363303614 ], [ 172.475357322992522, -43.846216559563487 ], [ 172.474460916908896, -43.84624471116328 ], [ 172.473573434460718, -43.846364283407695 ], [ 172.472681597017356, -43.84644678176889 ], [ 172.471789312619279, -43.846525478023167 ], [ 172.470892608273317, -43.846566533949918 ], [ 172.469997786285745, -43.846623620065479 ], [ 172.469103309119305, -43.846683643323921 ], [ 172.468206637247846, -43.846724970224066 ], [ 172.467307953866964, -43.846749156706558 ], [ 172.466417824603326, -43.846846222605691 ], [ 172.465520608949248, -43.846882910590985 ], [ 172.464546750494293, -43.846950225574673 ] ] } },
{ "type": "Feature", "properties": { "group_id": "nzd0448" }, "geometry": { "type": "LineString", "coordinates": [ [ 172.463658798450894, -43.84706585958353 ], [ 172.462764790399547, -43.847129885335853 ], [ 172.461869717842717, -43.847184838096503 ], [ 172.460975121134112, -43.84724384691723 ], [ 172.460080254476907, -43.847300554440636 ], [ 172.459187606994675, -43.847376183285128 ], [ 172.458292812851283, -43.847433510356701 ], [ 172.457399217186179, -43.847501057759558 ], [ 172.456503652459247, -43.847551813533869 ], [ 172.455606359481635, -43.847587827296273 ], [ 172.454711952167344, -43.847648452123266 ], [ 172.453816660640911, -43.847701534402184 ], [ 172.452921983900723, -43.847759860907559 ], [ 172.452027647464604, -43.847821091042306 ], [ 172.451130308589597, -43.847863758719889 ], [ 172.450229970813979, -43.847893016807411 ], [ 172.449343639097151, -43.848006229323872 ], [ 172.448437576315712, -43.847994325930024 ], [ 172.447550115287044, -43.84809962813555 ], [ 172.446658258807332, -43.848177234631251 ], [ 172.445756383783134, -43.848191702346284 ], [ 172.44486394631582, -43.848265643151812 ], [ 172.443961887192899, -43.848278938197801 ], [ 172.443072323416374, -43.84837098830144 ], [ 172.442182910301398, -43.84846398997081 ], [ 172.441284383885744, -43.848499541543482 ], [ 172.440390544180019, -43.848564635623887 ], [ 172.439489141124739, -43.848582041148717 ], [ 172.438609366270697, -43.848735813635152 ], [ 172.437718372230393, -43.848818849779803 ], [ 172.436829871691344, -43.848917611106039 ], [ 172.435947213192748, -43.84905321836861 ], [ 172.435047312934358, -43.849080089607945 ], [ 172.434159428463033, -43.84918274251681 ], [ 172.4332702273569, -43.849277093552715 ], [ 172.432374011723823, -43.849327197896429 ], [ 172.431477793182097, -43.849396228774353 ], [ 172.430598310339235, -43.849562004084966 ], [ 172.429715796723968, -43.849692239545512 ], [ 172.428810224919516, -43.849706810488271 ], [ 172.427918649302711, -43.849787713974735 ], [ 172.427039301097125, -43.849926575223584 ], [ 172.426159254549788, -43.850062129449029 ], [ 172.425272557944112, -43.850166161573647 ], [ 172.424380388017653, -43.85024424585859 ], [ 172.423497602960083, -43.850366821847885 ], [ 172.422611065186459, -43.850471607129968 ], [ 172.421723865871684, -43.850573255946436 ], [ 172.420831397403589, -43.850649919925587 ], [ 172.419954643361962, -43.850801098106835 ], [ 172.419069359930972, -43.850911833239756 ], [ 172.418183150193101, -43.851018176263914 ], [ 172.417296583154922, -43.851122825124385 ], [ 172.416414713486461, -43.851249752905353 ], [ 172.415541691148292, -43.851418646029806 ], [ 172.414654370758427, -43.851519726235438 ], [ 172.413765883416175, -43.851614518777232 ], [ 172.412886409770067, -43.851748824425023 ], [ 172.412002980784052, -43.851866402292025 ], [ 172.411112470806557, -43.851953860790779 ], [ 172.410222776816369, -43.852044828901896 ], [ 172.409337532091655, -43.852154944354282 ], [ 172.408461185020826, -43.852303355807273 ], [ 172.407575259985038, -43.852410544196943 ], [ 172.406678031797014, -43.85246907827343 ], [ 172.405803498584248, -43.852625301245567 ], [ 172.404920301899665, -43.852744233261625 ], [ 172.40403910226803, -43.85287176309253 ], [ 172.403144794489748, -43.852942861306182 ], [ 172.402251480051575, -43.853018232621714 ], [ 172.401382792364586, -43.853199632349941 ], [ 172.400501673635944, -43.853327513207752 ], [ 172.399610432594045, -43.853411809637848 ], [ 172.398726533898582, -43.853527720435451 ], [ 172.397827234626476, -43.853577312375272 ], [ 172.396944978060986, -43.853700292668051 ], [ 172.396058204511121, -43.853803794843884 ], [ 172.395164554097931, -43.853879016675165 ], [ 172.394286181695463, -43.854017558623127 ], [ 172.39340124635774, -43.854128909127461 ], [ 172.392515976506274, -43.854238873428187 ], [ 172.391627422124373, -43.854335230384621 ], [ 172.3907507639328, -43.854480869730246 ], [ 172.389865082344585, -43.854589127329611 ], [ 172.38898194949121, -43.854707944072295 ], [ 172.388096232946054, -43.854816055803632 ], [ 172.387212304887129, -43.854931577422704 ], [ 172.386333582580477, -43.855068669919262 ], [ 172.38544849837092, -43.855179370224789 ], [ 172.38456769252241, -43.855305742594936 ], [ 172.383697858650919, -43.855468376194636 ], [ 172.38281744068297, -43.85559739302694 ], [ 172.381946802828168, -43.855758550743474 ], [ 172.381065950747143, -43.855886139482301 ], [ 172.380174691761624, -43.855979522718165 ], [ 172.379294094101539, -43.856107511678815 ], [ 172.378408754583916, -43.856218988103294 ], [ 172.377543014594892, -43.856397221196424 ], [ 172.37666654430069, -43.856539382838527 ], [ 172.375788535115305, -43.856676318746665 ], [ 172.374913601191821, -43.856823697409212 ], [ 172.374038833531216, -43.856971640985435 ], [ 172.373147054873755, -43.857061814161717 ], [ 172.372260998680417, -43.85717141842126 ], [ 172.371395601921677, -43.857351186318766 ], [ 172.370532130707943, -43.857537496533055 ], [ 172.369651605219644, -43.857665884293212 ], [ 172.368773816931025, -43.857803568370286 ], [ 172.367899069909413, -43.857951582524599 ], [ 172.367023847485143, -43.858097982134758 ], [ 172.36614904705462, -43.858245815472046 ], [ 172.365269553787215, -43.858377533797629 ], [ 172.364389659598885, -43.858507959311538 ], [ 172.363505682522373, -43.858625006847241 ], [ 172.362623722975798, -43.858748779141017 ], [ 172.361758356324827, -43.858927726790164 ], [ 172.360881578648275, -43.859068729959745 ], [ 172.359973146877621, -43.859104465732166 ], [ 172.359129970205402, -43.859357210058576 ], [ 172.358256797950588, -43.859510203198262 ], [ 172.357376760574937, -43.859640364371636 ], [ 172.356501766405671, -43.859787298049895 ], [ 172.355650206290136, -43.860006569647702 ], [ 172.354756433263532, -43.860091956707535 ], [ 172.353880398183833, -43.860235505731808 ], [ 172.353021673775146, -43.860430563773463 ], [ 172.352124948717005, -43.860512735649607 ], [ 172.351238724002371, -43.860626096909279 ], [ 172.350376627615503, -43.860811137206433 ], [ 172.349516378265236, -43.861001666128985 ], [ 172.348635145852938, -43.861129855341744 ], [ 172.347764247462266, -43.861288746064076 ], [ 172.346893885720903, -43.86144923100602 ], [ 172.34602098626587, -43.861602175507002 ], [ 172.34514183538181, -43.861736544108076 ], [ 172.344286636352507, -43.861942105946397 ], [ 172.343415574875792, -43.862100718876398 ], [ 172.342525631210577, -43.862201576868173 ], [ 172.341669984177628, -43.862407411694221 ], [ 172.340804653204458, -43.862583598921411 ], [ 172.339901023870681, -43.86264252166265 ], [ 172.339042334766248, -43.862839044852223 ], [ 172.338181364689234, -43.863028585696263 ], [ 172.337291261328147, -43.863128917473638 ], [ 172.336417890125205, -43.863280483926246 ], [ 172.335567329751115, -43.863501904538005 ], [ 172.334670740988827, -43.863582781541972 ], [ 172.333815724168403, -43.863789084235613 ], [ 172.332948637232448, -43.86395842809381 ], [ 172.332078746812073, -43.864120081025071 ], [ 172.331209728453018, -43.864284236592503 ], [ 172.330356762653025, -43.864494468589484 ], [ 172.329479328679554, -43.86463446827505 ], [ 172.328597092378828, -43.864760681120515 ], [ 172.32774022243504, -43.864959708348877 ], [ 172.326868647108171, -43.865116522712434 ], [ 172.325993489469425, -43.865263052418747 ], [ 172.325129729301352, -43.86544230116305 ], [ 172.324250812250312, -43.865578036279288 ], [ 172.323370684359645, -43.865710293200088 ], [ 172.32251536195173, -43.865913766531612 ], [ 172.321634185771899, -43.86604301152795 ], [ 172.320756907450033, -43.866183445958185 ], [ 172.319897451478596, -43.866375052368227 ], [ 172.319026786748879, -43.866534475236897 ], [ 172.318141635965418, -43.86665230124391 ], [ 172.317271980304554, -43.866815275735092 ], [ 172.316403170168002, -43.866981757798925 ], [ 172.315513792314363, -43.867099183871098 ], [ 172.314647850367976, -43.867271883146223 ], [ 172.313779571744817, -43.867438913262291 ], [ 172.312892808940887, -43.86756110546056 ], [ 172.312022618178247, -43.867723493067928 ], [ 172.311167679852304, -43.867922877853367 ], [ 172.310288300385452, -43.868062972502791 ], [ 172.309434978044635, -43.868266275960615 ], [ 172.308576816976881, -43.86845784103167 ], [ 172.307710414501798, -43.868629412037279 ], [ 172.306877999748906, -43.868883437543104 ], [ 172.30600713557746, -43.869059652217892 ], [ 172.305151885229094, -43.869273152205814 ], [ 172.304300817047107, -43.869482055822814 ], [ 172.303433566189796, -43.869655653940242 ], [ 172.302597309154208, -43.869893763747285 ], [ 172.301742951656507, -43.870094196536378 ], [ 172.300902073054743, -43.870322685525764 ], [ 172.30004850431348, -43.870524758017091 ], [ 172.299190085182403, -43.870716732279739 ], [ 172.298351421887332, -43.870949830802303 ], [ 172.297513413746117, -43.871184293045488 ], [ 172.296688492012578, -43.871445998279732 ], [ 172.295840118026177, -43.871658880976874 ], [ 172.294996736046443, -43.871882155449896 ], [ 172.294153304458291, -43.872117509482536 ], [ 172.29332693472864, -43.872387593719758 ], [ 172.29247979657606, -43.872611880434192 ], [ 172.291637869913131, -43.872839548391994 ], [ 172.290813757782047, -43.87309725629256 ], [ 172.289993126371201, -43.873360832929762 ], [ 172.289174290998147, -43.873627437467761 ], [ 172.288338446128847, -43.87386535551466 ], [ 172.287525843688343, -43.874142469524443 ], [ 172.286727525009383, -43.874443672389205 ], [ 172.285928776185358, -43.874744149845668 ], [ 172.285113145540123, -43.875016155526055 ], [ 172.284300632723443, -43.875297335743227 ], [ 172.283502136642795, -43.875598617651178 ], [ 172.282701141549637, -43.875892436906028 ], [ 172.281878522721854, -43.876153151035666 ], [ 172.281065457101477, -43.876428456426517 ], [ 172.280266440630953, -43.876725221529639 ], [ 172.279457110844476, -43.877006231146602 ], [ 172.278640578849405, -43.877276237262727 ], [ 172.277824188890037, -43.877546458777594 ], [ 172.277017621379173, -43.877831684020023 ], [ 172.276199711003898, -43.878099579880725 ], [ 172.27540359772172, -43.878400702390408 ], [ 172.27459592908437, -43.87868374598316 ], [ 172.273782350214333, -43.87895781659229 ], [ 172.272976113356776, -43.879243760089018 ], [ 172.272182194937272, -43.879548879215072 ], [ 172.271375563016136, -43.879834205871582 ], [ 172.270564570053409, -43.880112742288262 ] ] } },
{ "type": "Feature", "properties": { "group_id": "nzd0449" }, "geometry": { "type": "LineString", "coordinates": [ [ 168.959031512828318, -43.881130307605417 ], [ 168.959907544673513, -43.880976573826807 ], [ 168.960750615690984, -43.880727268298862 ], [ 168.96158420635814, -43.880463243858784 ], [ 168.962439156753192, -43.880250350481532 ], [ 168.963277507932048, -43.880012982813327 ], [ 168.964115345058701, -43.879774854055469 ], [ 168.964945631290647, -43.87952559093705 ], [ 168.965788161435, -43.87929437386974 ], [ 168.966599169819858, -43.879016687089447 ], [ 168.967410774272139, -43.87873987676079 ], [ 168.968214014609686, -43.87845073496662 ], [ 168.969001017575806, -43.878137656614868 ], [ 168.969813030100028, -43.877861441749893 ], [ 168.970590081194501, -43.877533691120277 ], [ 168.971369255274055, -43.877209068755903 ], [ 168.97214192882106, -43.876874863664447 ], [ 168.972926134653306, -43.876557655874151 ], [ 168.97369444124007, -43.876217012200549 ], [ 168.974477377067899, -43.875866141361456 ], [ 168.975255268083231, -43.875495155250931 ], [ 168.976026496538708, -43.875144297670452 ], [ 168.976765565215089, -43.874775426500847 ], [ 168.977495981722285, -43.874396503394266 ], [ 168.978226449008929, -43.874017637392846 ], [ 168.97898366180118, -43.87366983521467 ], [ 168.979724053288379, -43.873302492384745 ], [ 168.980461043800204, -43.872931197229946 ], [ 168.981212516510425, -43.872576721177936 ], [ 168.981961709355858, -43.872219594817622 ], [ 168.982692332973983, -43.871840898406006 ], [ 168.983400481524114, -43.871436095888164 ], [ 168.984124980139001, -43.871050281921136 ], [ 168.984844294701475, -43.870658445113989 ], [ 168.985559881682633, -43.870253421968037 ], [ 168.98628426045812, -43.869846046060665 ], [ 168.986968060301535, -43.869410616067171 ], [ 168.987665386833498, -43.869002919547604 ], [ 168.988333288928061, -43.868569434163554 ], [ 168.989025700253791, -43.868157423883467 ], [ 168.98969752845224, -43.86772737288733 ], [ 168.990355916582644, -43.867285541032643 ], [ 168.991009187459241, -43.866839221887261 ], [ 168.991677006024673, -43.866405648152131 ], [ 168.992314049576095, -43.865945102954456 ], [ 168.992981105554179, -43.865510855026351 ], [ 168.993644438698766, -43.865073341750048 ], [ 168.994291475665563, -43.864621545159757 ], [ 168.994982389300418, -43.864208194602831 ], [ 168.995683587001736, -43.86380385264129 ], [ 168.99633441952966, -43.863357238941674 ], [ 168.997018361006866, -43.862944708705271 ], [ 168.997697861925019, -43.862523019103108 ], [ 168.998390909763941, -43.862109424322433 ], [ 168.999090027203493, -43.861701864346223 ], [ 168.999767772422899, -43.861273043569334 ], [ 169.000451030457839, -43.860849703880632 ], [ 169.001174709563315, -43.860466566953363 ], [ 169.001871778414767, -43.860056959281103 ], [ 169.002573504116953, -43.859651981012888 ], [ 169.003288974731731, -43.859260671409757 ], [ 169.003950546456224, -43.858815749422227 ], [ 169.004612142264534, -43.85837207794264 ], [ 169.005289049975147, -43.857948794849086 ], [ 169.00595613277315, -43.857517203070429 ], [ 169.006677049848548, -43.857130701654732 ], [ 169.007318573455308, -43.856672582478126 ], [ 169.007991468260997, -43.856242757968452 ], [ 169.008663221944715, -43.855811901258605 ], [ 169.009365036397327, -43.85540815668579 ], [ 169.009982636934268, -43.854928447767804 ], [ 169.010638332316603, -43.854483097909302 ], [ 169.011293866367822, -43.854037599769505 ], [ 169.011944275969739, -43.853587476649771 ] ] } },
{ "type": "Feature", "properties": { "group_id": "nzd0450" }, "geometry": { "type": "LineString", "coordinates": [ [ 168.849559928646755, -43.945698094110256 ], [ 168.85019487982899, -43.945241104283035 ], [ 168.850798459874568, -43.944761836536777 ], [ 168.851403690303215, -43.944283736786218 ], [ 168.851983171112465, -43.943768586589279 ], [ 168.852599410552386, -43.94326889835898 ], [ 168.853145562216127, -43.942743265820496 ], [ 168.853680267098525, -43.94222234479971 ], [ 168.854269877863629, -43.941734765958863 ], [ 168.854806516604356, -43.941215010765177 ], [ 168.855364835218126, -43.940708418244995 ], [ 168.855895282373012, -43.940184894004801 ], [ 168.856417701600918, -43.939656489787467 ], [ 168.856942830947332, -43.939129727206179 ], [ 168.857486541590049, -43.93861424539589 ], [ 168.858036892993368, -43.93810279241567 ], [ 168.858538635251278, -43.937561813067838 ], [ 168.859083833157882, -43.937047221537455 ], [ 168.859604573854227, -43.936517771971225 ], [ 168.860101753010696, -43.935974008354762 ] ] } },
{ "type": "Feature", "properties": { "group_id": "nzd0451" }, "geometry": { "type": "LineString", "coordinates": [ [ 172.180034494722378, -43.907638677443131 ], [ 172.179174452863236, -43.907827817448904 ], [ 172.178323902150737, -43.90803618853429 ], [ 172.177471170819473, -43.908240899812938 ], [ 172.176625968290182, -43.908464255283441 ], [ 172.175781382589832, -43.908688336164943 ], [ 172.174960510378213, -43.908953521622415 ], [ 172.174108482240285, -43.909160346487184 ], [ 172.173260748014172, -43.909375212790557 ], [ 172.172429732644332, -43.909621395876997 ], [ 172.171592924718738, -43.909856727293182 ], [ 172.170739122367138, -43.910060221985759 ], [ 172.169902523053338, -43.910295941688716 ], [ 172.169060821488586, -43.910522102019989 ], [ 172.168204926548071, -43.910721671176937 ], [ 172.16737621186104, -43.91097215849252 ], [ 172.166531974324528, -43.911193563837529 ], [ 172.16570139487456, -43.911440556066992 ], [ 172.164869650724711, -43.911685365591403 ], [ 172.164035878098105, -43.911926373972001 ], [ 172.163192989642056, -43.912150302260805 ], [ 172.162378513190845, -43.91242746236113 ], [ 172.161532282537536, -43.912645126706821 ], [ 172.160698765027036, -43.912887602889079 ], [ 172.159839490280262, -43.913084722263115 ], [ 172.159027692107429, -43.913367852744486 ], [ 172.158190270523562, -43.913602063643197 ], [ 172.15734244374886, -43.913817406893678 ], [ 172.15651778420019, -43.914074754974237 ], [ 172.15568250448041, -43.914312845736056 ], [ 172.154848857995461, -43.914553896796086 ], [ 172.154016537093497, -43.914797350435983 ], [ 172.153201667807281, -43.915072448262933 ], [ 172.152370797439687, -43.915318530710664 ], [ 172.151527904782995, -43.915542811423961 ], [ 172.150704741497151, -43.915802867680462 ], [ 172.149868437584075, -43.916039093933215 ], [ 172.149045093356335, -43.91629882072769 ], [ 172.148215484988498, -43.916547187137006 ], [ 172.14738074864411, -43.916786253070889 ], [ 172.146568544678729, -43.917066181158781 ], [ 172.145745002909905, -43.917331159215948 ], [ 172.144927785799894, -43.917606125464147 ], [ 172.144113271662292, -43.917880286949476 ], [ 172.143293421533599, -43.918144740245246 ], [ 172.142459695703877, -43.918386654973425 ], [ 172.141630928307279, -43.918636621541047 ], [ 172.140812696215306, -43.918903698660735 ], [ 172.139981315262276, -43.919149416934154 ], [ 172.139125905246061, -43.919356102480805 ], [ 172.138294833081488, -43.919602318181006 ], [ 172.137483764700903, -43.919881025623617 ], [ 172.136663963811401, -43.920145547185179 ], [ 172.135841844930553, -43.920406302107111 ], [ 172.135016814700805, -43.920662326361423 ], [ 172.134201263584202, -43.920933747534278 ], [ 172.133359877554341, -43.921163199315387 ], [ 172.132550444156777, -43.921444556022784 ], [ 172.131727046271521, -43.921702894649009 ], [ 172.130911294731845, -43.921969238648764 ], [ 172.130110848054642, -43.922261945688348 ], [ 172.129292621914203, -43.922529311243437 ], [ 172.128480270537267, -43.922806552038274 ], [ 172.127663495887845, -43.923076356065536 ], [ 172.126851567741227, -43.923354307000999 ], [ 172.126039015109541, -43.92363120744384 ], [ 172.125211922713078, -43.923883662878922 ], [ 172.124414549735263, -43.924186082188577 ], [ 172.12359283830267, -43.924447582442603 ], [ 172.122764932547341, -43.924698667242531 ], [ 172.121947982353021, -43.924968170273139 ], [ 172.121132097679578, -43.925239463939334 ], [ 172.120301013069195, -43.925485200405589 ], [ 172.119483933410635, -43.925754482898512 ], [ 172.118656459387552, -43.926006287478451 ], [ 172.11784104690642, -43.926278371240215 ], [ 172.117013593308599, -43.926531422355382 ], [ 172.116186424276805, -43.926788937782604 ], [ 172.115373450658581, -43.92706801967924 ], [ 172.114569614341235, -43.927357494883012 ], [ 172.113757156024747, -43.927633523903992 ], [ 172.112918119919215, -43.927868105367459 ], [ 172.112104389856114, -43.928142148060005 ], [ 172.111316019261977, -43.928455736834387 ], [ 172.110503585408111, -43.928731798802318 ], [ 172.109702893531306, -43.929026171242015 ], [ 172.108905060897285, -43.929325001936697 ], [ 172.108089767113341, -43.929596600387256 ], [ 172.107295763421234, -43.929901400828555 ], [ 172.106481802091849, -43.930175075001785 ], [ 172.105666406745087, -43.930446511325385 ], [ 172.104846402334317, -43.930710757812982 ], [ 172.104028258659639, -43.930977328521692 ], [ 172.103211958660268, -43.931246606279053 ], [ 172.102404895713931, -43.931531118752829 ], [ 172.101591130599246, -43.93180516587578 ], [ 172.100779859377781, -43.932083165128148 ], [ 172.099970644075057, -43.932364422375464 ], [ 172.099163820815306, -43.932649470583343 ], [ 172.098334116304613, -43.932898244958189 ], [ 172.097511193405381, -43.933157768267456 ], [ 172.096695861567895, -43.933429324182832 ], [ 172.095873384290798, -43.933689550926857 ], [ 172.095047285327666, -43.933944034437332 ], [ 172.094225494076085, -43.934205345561089 ], [ 172.09341395936022, -43.934482915828944 ], [ 172.092607399054714, -43.934768371502663 ], [ 172.091791151875043, -43.935038468326184 ], [ 172.090996815243983, -43.935343302110077 ], [ 172.090181171702682, -43.93561631202742 ], [ 172.089373564343219, -43.935903796569335 ], [ 172.088576670118414, -43.936204927810657 ], [ 172.087768234157068, -43.936487176850484 ], [ 172.08695655606337, -43.936764827110814 ], [ 172.086165654367875, -43.93707193403602 ], [ 172.085363195066265, -43.937362652101335 ], [ 172.084553993556426, -43.937643808596924 ], [ 172.083742682957819, -43.937921972660149 ], [ 172.082926332561783, -43.938192988569199 ], [ 172.082100976277161, -43.938451232249726 ], [ 172.081308660106629, -43.938756324056612 ], [ 172.080492715395565, -43.939026938377324 ], [ 172.079675916869974, -43.939294578480592 ], [ 172.078878907061977, -43.939591598919847 ], [ 172.078054113156242, -43.93984997687879 ], [ 172.077274198942973, -43.940173316059308 ], [ 172.076474680338976, -43.940468276762708 ], [ 172.075685534827727, -43.940778251479216 ], [ 172.07488639034483, -43.94107375111755 ], [ 172.074085422638461, -43.941366610130231 ], [ 172.073266632761317, -43.941633668584515 ], [ 172.072461765612275, -43.94192087955917 ], [ 172.071657960829981, -43.94220962685781 ], [ 172.07084596195449, -43.942486510537854 ], [ 172.070041514921542, -43.942774324853708 ], [ 172.069241538165244, -43.943068609097253 ], [ 172.068437358328765, -43.943356807176528 ], [ 172.067622507434436, -43.94362955514562 ], [ 172.066821030895255, -43.943921663557703 ], [ 172.066001293340207, -43.944187333287893 ], [ 172.065196509729503, -43.944474650623008 ], [ 172.064387912363003, -43.944747275053963 ], [ 172.063577641075483, -43.945015688357707 ], [ 172.062775123851083, -43.945305579548219 ], [ 172.061973829384755, -43.945598569016497 ], [ 172.061186501990989, -43.945912954248143 ], [ 172.060392742787229, -43.946217485699734 ], [ 172.059587543286426, -43.946504490126514 ], [ 172.058786711592802, -43.946798184878105 ], [ 172.057973087689334, -43.947072280757901 ], [ 172.05716803731849, -43.947359510134469 ], [ 172.05638153666888, -43.947675157557377 ], [ 172.055560240500682, -43.947937495241213 ], [ 172.054779163519925, -43.948261450674529 ], [ 172.053981925083548, -43.948560644715293 ], [ 172.053187433548146, -43.948866426687196 ], [ 172.052388440335648, -43.949167263266354 ], [ 172.051591871135571, -43.94946895444388 ], [ 172.050785295319514, -43.94975365746766 ], [ 172.049975663358907, -43.950033939760701 ], [ 172.049161694864978, -43.950307949741237 ], [ 172.04835239008537, -43.950588701553016 ], [ 172.04754742265709, -43.950875723512873 ], [ 172.046725874324125, -43.951138767287787 ], [ 172.045915498171325, -43.951417964467133 ], [ 172.045102641023448, -43.951693572167848 ], [ 172.044293050598867, -43.951973901975173 ], [ 172.043498552045207, -43.952276054481963 ], [ 172.042704889520053, -43.952579414743312 ], [ 172.041894874587229, -43.952859125933003 ], [ 172.041114405397252, -43.953181563106106 ], [ 172.040325035622431, -43.953491127714045 ], [ 172.03953687879843, -43.953802445395254 ], [ 172.038718946263117, -43.954070700300463 ], [ 172.037932531741092, -43.954384535181511 ], [ 172.037140730272398, -43.954690578279497 ], [ 172.036360239368634, -43.955012978145888 ], [ 172.035558996284294, -43.955312347986229 ], [ 172.034768462744751, -43.955626210420462 ], [ 172.033984062724528, -43.955941711034008 ], [ 172.033207021800138, -43.956266816593029 ], [ 172.032403800887721, -43.956556945593519 ], [ 172.031599818216222, -43.956846054809333 ], [ 172.030816486452409, -43.957162751128173 ], [ 172.030027267913709, -43.957471581213134 ], [ 172.029228076788655, -43.957767086138794 ], [ 172.028455910701012, -43.958098695144749 ], [ 172.027642569251924, -43.958375291148045 ], [ 172.026849661371216, -43.958679185055686 ], [ 172.026029156348585, -43.95894620554661 ], [ 172.025243199375865, -43.959259382440067 ], [ 172.024461772439366, -43.959578610282378 ], [ 172.023660216250505, -43.95987094177493 ], [ 172.02290360669943, -43.96022471773734 ], [ 172.022124336531732, -43.960550197038678 ], [ 172.021355319761369, -43.960887411885814 ], [ 172.020569143946744, -43.961200208568023 ], [ 172.019782296228499, -43.961512131189608 ], [ 172.018991149368389, -43.961818470958676 ], [ 172.018211460809681, -43.962139683724601 ], [ 172.017437133187144, -43.962467854363837 ], [ 172.016660873365566, -43.962793515086098 ], [ 172.01589092922913, -43.963127373370938 ], [ 172.015092997555911, -43.963424895959811 ], [ 172.014312044368808, -43.963744458638374 ], [ 172.013506019348284, -43.964031469923704 ], [ 172.012726183483892, -43.964352479489584 ], [ 172.011951704238669, -43.964680441804099 ], [ 172.011164778458294, -43.964992243300181 ], [ 172.010394472614763, -43.965325620767722 ], [ 172.009619374339565, -43.965652774693936 ], [ 172.008824261725636, -43.965953941779951 ], [ 172.008048645919217, -43.966280420435595 ], [ 172.007267976856014, -43.966601496641843 ], [ 172.006485442313107, -43.966922010375697 ], [ 172.005704177724084, -43.967242976155525 ], [ 172.004931579844481, -43.967573022300215 ], [ 172.004136075550207, -43.967874060332534 ], [ 172.003339611380738, -43.96817388061848 ], [ 172.002578603273861, -43.968518597643232 ], [ 172.001800751112, -43.968841982984266 ], [ 172.001024204296783, -43.969167019554916 ], [ 172.000254002914318, -43.969500089978354 ], [ 171.999466252666821, -43.969810935349209 ], [ 171.998691825246226, -43.970138650537379 ], [ 171.997909247632577, -43.970456042613868 ], [ 171.997123397562717, -43.97076928850128 ], [ 171.996358599063115, -43.971109192600473 ], [ 171.995581136131818, -43.971433056531843 ], [ 171.994792083299473, -43.971742240675994 ], [ 171.994009754860031, -43.972059938921518 ], [ 171.993235510923256, -43.972387874057375 ], [ 171.992443082858387, -43.972692777571673 ], [ 171.991675240239942, -43.973028816316251 ], [ 171.990863614427695, -43.973309401693321 ], [ 171.990091043857802, -43.97363944875918 ], [ 171.989294801473989, -43.973939512986213 ], [ 171.98851487379298, -43.974260238303437 ], [ 171.987744433995005, -43.974592978738293 ], [ 171.98697250380431, -43.974918409547392 ], [ 171.986192282373622, -43.975232795906386 ], [ 171.985414911419184, -43.975556494862559 ], [ 171.984656147582371, -43.975905103037618 ], [ 171.983886630328129, -43.976239630072314 ], [ 171.983080930512301, -43.976526779417703 ], [ 171.982312564863889, -43.976862811217984 ], [ 171.981514176737534, -43.977159530392349 ], [ 171.9807698959726, -43.977527096142026 ], [ 171.979993827852354, -43.977853038154556 ], [ 171.979207926057541, -43.978166102124163 ], [ 171.978402671026885, -43.978458395675212 ], [ 171.977652261554397, -43.978826492003137 ], [ 171.976891466867812, -43.979176010909711 ], [ 171.976110885819594, -43.979496029988532 ], [ 171.975377509568972, -43.979873622965421 ], [ 171.974612687130474, -43.980212859374582 ], [ 171.973827558377081, -43.980527325836746 ], [ 171.97305702668055, -43.980859594671863 ], [ 171.972302319524914, -43.981211163580028 ], [ 171.971521307167762, -43.981530644894448 ], [ 171.970742210368513, -43.981852460616665 ], [ 171.969972373881603, -43.982185569818498 ], [ 171.969213527684559, -43.982532083016466 ], [ 171.968440339384728, -43.982861100011981 ], [ 171.967676790749152, -43.98320186347555 ], [ 171.966897287458522, -43.983521806690916 ], [ 171.96610183847568, -43.983822005367458 ], [ 171.965336419582201, -43.984160625084385 ], [ 171.964569932859092, -43.984497925419582 ], [ 171.963791963994169, -43.984821055216067 ], [ 171.963038584523389, -43.985174526283338 ], [ 171.962282069809476, -43.985524126983385 ], [ 171.961526610246068, -43.985875028239434 ], [ 171.960739151777688, -43.986186440430494 ], [ 171.959996823424262, -43.986553542798106 ], [ 171.959227310437655, -43.986887096747573 ], [ 171.958464444903541, -43.987228852263527 ], [ 171.957711476464482, -43.98758281984842 ], [ 171.95693055751147, -43.987902292765412 ], [ 171.956169893988857, -43.988246760727939 ], [ 171.955404742395956, -43.988585688340869 ], [ 171.954642128560209, -43.988927746137051 ], [ 171.953884149328047, -43.989275521968231 ], [ 171.953109670502528, -43.989602933510284 ], [ 171.952338506883024, -43.989934434599007 ], [ 171.951578247189218, -43.990279391026895 ], [ 171.950798101765031, -43.990599803503045 ], [ 171.950031420843914, -43.990936831576313 ], [ 171.949267275566712, -43.991276987386293 ], [ 171.948472158085139, -43.991578915527164 ], [ 171.947710430295331, -43.991921835208757 ], [ 171.946920335587407, -43.992229228983341 ], [ 171.946147382220232, -43.992558115953756 ], [ 171.945368177662516, -43.992879648223919 ], [ 171.94460039160964, -43.993215422617212 ], [ 171.943820259686561, -43.993535794282295 ], [ 171.943050135428365, -43.993868648321431 ], [ 171.942289956766643, -43.994213907644344 ], [ 171.941512170200355, -43.994537199606746 ], [ 171.940741099691337, -43.994868868018322 ], [ 171.939973561867134, -43.995204941780237 ], [ 171.93919785661268, -43.995530824724256 ], [ 171.938430766319271, -43.995867453362699 ], [ 171.93765367649911, -43.99619160536345 ], [ 171.936869226432663, -43.996506573059484 ], [ 171.936100948687965, -43.996841714962272 ], [ 171.935304556098231, -43.997141779315541 ], [ 171.934533366143057, -43.997473284237287 ], [ 171.933765816529615, -43.997809329150343 ], [ 171.93297283655528, -43.998113644774428 ], [ 171.932202257396227, -43.998445906275848 ], [ 171.931435121156198, -43.998782461595702 ], [ 171.930681928365516, -43.999135599372202 ], [ 171.929895258956208, -43.999446681009552 ], [ 171.929119956238537, -43.999772979137859 ], [ 171.928351088251446, -44.000107585605811 ], [ 171.927567152819648, -44.000423088187119 ], [ 171.926793246157416, -44.00075130328873 ], [ 171.926013120250701, -44.00107163186356 ], [ 171.92523829726278, -44.001398681750267 ], [ 171.924471722750468, -44.001736187616281 ], [ 171.923695617924636, -44.002061608981649 ], [ 171.922919954722573, -44.002387588509734 ], [ 171.922138772181682, -44.002706568488911 ], [ 171.921352652046494, -44.003019286299775 ], [ 171.920572764951572, -44.003339904954601 ], [ 171.919762106464418, -44.003621506455701 ], [ 171.919009565903934, -44.003976794283844 ], [ 171.918230413792884, -44.004298339271166 ], [ 171.91743835027043, -44.004603511476255 ], [ 171.916663453332319, -44.004930676567781 ], [ 171.915881582115077, -44.005249782609027 ], [ 171.915087987300524, -44.005553991831093 ], [ 171.914342017935184, -44.005917083644576 ], [ 171.913581174974468, -44.006261540237631 ], [ 171.912791857423883, -44.00657032127188 ], [ 171.912033679799293, -44.006918113830473 ], [ 171.911232063791005, -44.007211482649495 ], [ 171.910461346500171, -44.007543561240297 ], [ 171.909660167062583, -44.007837472484226 ], [ 171.908888306924183, -44.008168115421668 ], [ 171.908104212009704, -44.0084834275265 ], [ 171.907314279155372, -44.008791423102693 ], [ 171.906516636843577, -44.009089757035255 ], [ 171.905747714624425, -44.009423086740469 ], [ 171.904963880151286, -44.009737380957077 ], [ 171.904143664232095, -44.010006605486105 ], [ 171.903376771082606, -44.010343627719152 ], [ 171.902587968880709, -44.010652914505073 ], [ 171.901797702425938, -44.010960345644882 ], [ 171.901032086862728, -44.011298979989192 ], [ 171.900264505660374, -44.011635124506206 ], [ 171.899476848317988, -44.011945852810257 ], [ 171.898708908862659, -44.012281540440931 ], [ 171.897936770097942, -44.012611910436256 ], [ 171.89718073540871, -44.012962665679154 ], [ 171.896440861672374, -44.01333387869127 ], [ 171.895668788156058, -44.01366432683588 ], [ 171.894886699062596, -44.013982093780065 ], [ 171.894115451290361, -44.014313583850239 ], [ 171.893323098954028, -44.014618353782048 ], [ 171.892542727576398, -44.014938289655561 ], [ 171.89176249043507, -44.015258393606075 ], [ 171.891014747650473, -44.015619634890982 ], [ 171.890249451816032, -44.015959469454131 ], [ 171.88949319175677, -44.016311653225316 ], [ 171.888714522597951, -44.016634876983851 ], [ 171.887912629046838, -44.01692813497467 ], [ 171.887154631358698, -44.017275845970943 ], [ 171.886402186457758, -44.017630444082243 ], [ 171.885660274085723, -44.0179981072502 ], [ 171.884877621902177, -44.018315227762578 ], [ 171.884074250883685, -44.01860664231063 ], [ 171.883276178386268, -44.018904627714974 ], [ 171.882510456736014, -44.019242746123979 ], [ 171.881756477422357, -44.019595430870325 ], [ 171.880967350459258, -44.019904508207844 ], [ 171.880168047002314, -44.020200957699601 ], [ 171.879388939656337, -44.020522461573314 ], [ 171.878607004721346, -44.020840455304871 ], [ 171.877850942045882, -44.021190546703806 ], [ 171.877099349126922, -44.021546182299389 ], [ 171.876318663586119, -44.0218657206998 ], [ 171.875550472423811, -44.022200759265615 ], [ 171.874777376409611, -44.022529710433055 ], [ 171.874015411275678, -44.022872470451283 ], [ 171.873215668516991, -44.023168355658903 ], [ 171.872490936717128, -44.023557310350981 ], [ 171.871728410352631, -44.02390092698792 ], [ 171.870963785626031, -44.024241901830138 ], [ 171.870178703710508, -44.024556439528503 ], [ 171.869425082453205, -44.024909005301559 ], [ 171.868656756745622, -44.02524368966872 ], [ 171.867905972082866, -44.025599701313411 ], [ 171.867135860691462, -44.025932210768055 ], [ 171.866372052681271, -44.026272383075366 ], [ 171.865602055250633, -44.026605027328628 ], [ 171.864829511279879, -44.026934573069042 ], [ 171.86407528076117, -44.027286386184727 ], [ 171.863304923033439, -44.027618586692739 ], [ 171.862522998865444, -44.027936720109821 ], [ 171.861747514640086, -44.028262682591958 ], [ 171.86097365726809, -44.02859062137577 ], [ 171.860178652910406, -44.028892842014422 ], [ 171.859422725221208, -44.029242580440638 ], [ 171.858658945711312, -44.029582768740866 ], [ 171.857890913744313, -44.029917783848163 ], [ 171.857128608491251, -44.030259761386375 ], [ 171.856363196952344, -44.030597959554079 ], [ 171.855584551206448, -44.030920061378012 ], [ 171.854814477226171, -44.031252585573306 ], [ 171.854056939462311, -44.031600353794474 ], [ 171.853254736362743, -44.031894079093135 ], [ 171.852476058133306, -44.032217788720594 ], [ 171.851734040125137, -44.03258523983245 ], [ 171.850957455397435, -44.032909922951049 ], [ 171.850695605953746, -44.033000872753682 ] ] } },
{ "type": "Feature", "properties": { "group_id": "nzd0452" }, "geometry": { "type": "LineString", "coordinates": [ [ 168.705927721139659, -43.994739448767987 ], [ 168.706794991825177, -43.994572369904446 ], [ 168.707654528908421, -43.994383235424841 ], [ 168.708520519896808, -43.994212505330417 ], [ 168.709392505800281, -43.994058869240241 ], [ 168.71025029324926, -43.993864743972168 ], [ 168.711108186859349, -43.993670921615085 ], [ 168.71196927142941, -43.993486198033168 ], [ 168.71283211823885, -43.993306498791654 ], [ 168.713683045379668, -43.993092813479741 ], [ 168.714539477477643, -43.992911002667931 ], [ 168.715372440083627, -43.992687069740093 ], [ 168.716202900818161, -43.992446765075655 ], [ 168.717061348765498, -43.992257774177922 ], [ 168.717905882752746, -43.992035525650152 ], [ 168.718756059767202, -43.991826764227319 ], [ 168.719617009767433, -43.991643749671887 ], [ 168.720478663285547, -43.991462414614666 ], [ 168.721337132707134, -43.991273467923385 ], [ 168.722185958751652, -43.991061473421659 ], [ 168.723053905325969, -43.990895172481643 ], [ 168.72389970958784, -43.990675954561375 ], [ 168.724747649940923, -43.990461840984104 ], [ 168.725603338721129, -43.990266242834387 ], [ 168.726453800512189, -43.990058153080433 ], [ 168.727335916874125, -43.989925701910956 ], [ 168.728205142880597, -43.989762445426152 ], [ 168.729046017996353, -43.98953144425856 ], [ 168.729957418796886, -43.989468954164074 ], [ 168.73082762311526, -43.989308025950933 ], [ 168.731705269513043, -43.98916487568156 ], [ 168.732596066763278, -43.98905314129523 ], [ 168.733472923119535, -43.988908095215223 ], [ 168.734352660453709, -43.988769928268631 ], [ 168.735246956841934, -43.988666538807124 ], [ 168.736155715158475, -43.988597692126504 ], [ 168.737016215756256, -43.988459405643646 ], [ 168.737858713867411, -43.988375721517336 ], [ 168.738699606913542, -43.988226036749687 ], [ 168.739583532234064, -43.988112961772828 ], [ 168.74044065945256, -43.987896427745802 ], [ 168.741323810937018, -43.987780364504971 ], [ 168.742208205971309, -43.987669099503464 ], [ 168.743076050355313, -43.987493943860812 ], [ 168.74394580589987, -43.98732616757232 ], [ 168.744814934196285, -43.987155971889642 ], [ 168.745667485767797, -43.986921796435674 ], [ 168.746536084987866, -43.986749564880924 ], [ 168.747411423640898, -43.986603345819006 ] ] } },
{ "type": "Feature", "properties": { "group_id": "nzd0454" }, "geometry": { "type": "LineString", "coordinates": [ [ 171.849920492261418, -44.03332731541898 ], [ 171.849157604642699, -44.033668404896481 ], [ 171.848433028325616, -44.034055396389363 ], [ 171.847658537136283, -44.034382579212128 ], [ 171.846886794455202, -44.034713053181655 ], [ 171.846133066704596, -44.035065110798982 ], [ 171.845365439773445, -44.035400512420928 ], [ 171.84461198195865, -44.035752889961067 ], [ 171.843825497865055, -44.036065692320271 ], [ 171.843046783824718, -44.036387802792362 ], [ 171.842282749899141, -44.036727501722133 ], [ 171.841496084464382, -44.037040079961237 ], [ 171.840739421770252, -44.037388607705324 ], [ 171.839987455893521, -44.037742761875982 ], [ 171.839199493788669, -44.038053779869067 ], [ 171.838417572114651, -44.038372033800428 ], [ 171.837657185026501, -44.038716090977438 ], [ 171.776504563673825, -44.064568519557753 ], [ 171.775740437531624, -44.064909706306153 ], [ 171.774947424247159, -44.065212961968065 ], [ 171.774162096735665, -44.065526307491318 ], [ 171.773357120098012, -44.065813850690169 ], [ 171.772627712690621, -44.066200619876859 ], [ 171.77185708178007, -44.066533300815784 ], [ 171.771032950225646, -44.066795807625347 ], [ 171.770274151785657, -44.067143953811964 ], [ 171.769518311214227, -44.067495947373573 ], [ 171.768735032151284, -44.067811962558601 ], [ 171.767949063044654, -44.068124448819873 ], [ 171.767150842184435, -44.06842086846666 ], [ 171.766343275183544, -44.068705030943576 ], [ 171.765564825375463, -44.069027371165419 ], [ 171.764807383310881, -44.069377256600269 ], [ 171.764006919290154, -44.069670727120801 ], [ 171.763250087092672, -44.070021409650721 ], [ 171.762450505163741, -44.070316033143698 ], [ 171.761647233137268, -44.070605815582731 ], [ 171.760859159929424, -44.070915526527692 ], [ 171.760079782517266, -44.071236638866019 ], [ 171.759290592255297, -44.071544881409345 ], [ 171.75849226043016, -44.071841134067341 ], [ 171.757714862194661, -44.072164836709263 ], [ 171.756945117393627, -44.072498574530641 ], [ 171.756160512351158, -44.072812823064766 ], [ 171.755350987434753, -44.073094389222653 ], [ 171.754567731690912, -44.073410403483081 ], [ 171.753761883304605, -44.073696786769752 ], [ 171.753005992354133, -44.074048685432885 ], [ 171.752233050613057, -44.074378416866764 ], [ 171.751432722119119, -44.074672302589683 ], [ 171.750644979849369, -44.074982454360743 ], [ 171.749857209266821, -44.075292537911217 ], [ 171.748871464525109, -44.075343746991642 ], [ 171.748293964959117, -44.075928779038037 ], [ 171.747488157242088, -44.076215271359949 ], [ 171.746732927087578, -44.076567898672685 ], [ 171.745952695326423, -44.076887831538926 ], [ 171.745189982787224, -44.077230672044372 ], [ 171.744410704172822, -44.077551848259901 ], [ 171.743655524861026, -44.077904537271614 ], [ 171.742839880016163, -44.078178154325116 ], [ 171.742044696599521, -44.078478526534653 ], [ 171.741275965756927, -44.0788134895596 ], [ 171.740481777974622, -44.079115160083084 ], [ 171.739663959397006, -44.079385925205116 ], [ 171.738886752432364, -44.079709798422449 ], [ 171.738099736237388, -44.080020841704666 ], [ 171.737312900681133, -44.080332119404297 ], [ 171.736533649717103, -44.080653314510563 ], [ 171.735755742086042, -44.0809762648434 ], [ 171.734976587288884, -44.08129758250201 ], [ 171.73421867477046, -44.081646680258807 ], [ 171.733410426126397, -44.081931806165173 ], [ 171.732641128063989, -44.082268184351541 ], [ 171.731854333813232, -44.082580300829335 ], [ 171.731065112522032, -44.082888587299543 ], [ 171.730304152082567, -44.083232887926584 ], [ 171.729513573747511, -44.083539441177074 ], [ 171.728754834411831, -44.083886569386628 ], [ 171.72796961114426, -44.084199943660586 ], [ 171.727189216381731, -44.0845194697567 ], [ 171.72641468765795, -44.084846470172316 ], [ 171.725622358785103, -44.085150782711139 ], [ 171.724841550534933, -44.085469776223931 ], [ 171.724076313415594, -44.085808613588689 ], [ 171.723288891625288, -44.086119174435602 ], [ 171.722533101074561, -44.086470048646582 ], [ 171.721745985024342, -44.086780995550797 ], [ 171.720968647330977, -44.087104403623201 ], [ 171.720187666370407, -44.087423166298485 ], [ 171.719419922067061, -44.087758798455496 ], [ 171.718654953340604, -44.088097966836791 ], [ 171.717865882374525, -44.08840641267102 ], [ 171.717091182577946, -44.088733174346217 ], [ 171.716332884844775, -44.08908084103939 ], [ 171.715538585805717, -44.089382617308999 ], [ 171.714758771898403, -44.089702855073817 ], [ 171.713969594051747, -44.09001028394308 ], [ 171.713188635058799, -44.090327347044692 ], [ 171.712417317416879, -44.090657827746604 ], [ 171.711668079267611, -44.091017785123782 ], [ 171.710894880152551, -44.091346682250133 ], [ 171.710091885249199, -44.091636954797814 ], [ 171.709313670957499, -44.091959347453781 ], [ 171.708523808318688, -44.092266638870363 ], [ 171.707714162059744, -44.092548282826336 ], [ 171.706958119770235, -44.092899411789936 ], [ 171.706203402383863, -44.093252257123638 ], [ 171.70541727883267, -44.093564388456635 ], [ 171.704613172263947, -44.093853205651946 ], [ 171.703835760610929, -44.094176626800149 ], [ 171.703038845400414, -44.094474762369053 ], [ 171.702266959687137, -44.094805343757436 ], [ 171.701489263717008, -44.095128391219625 ], [ 171.700713005114949, -44.095453300458182 ], [ 171.699925099280307, -44.095763108302918 ], [ 171.699125678956619, -44.096057986384068 ], [ 171.698358147885898, -44.096394205189419 ], [ 171.697584453982614, -44.096722432699515 ], [ 171.696788784619145, -44.097021271399349 ], [ 171.696050026859211, -44.097393819382994 ], [ 171.695247657358067, -44.097683982717946 ], [ 171.694463267310141, -44.097998392084584 ], [ 171.693688163334173, -44.09832502539517 ], [ 171.692897700957701, -44.0986314368199 ], [ 171.692132429877347, -44.09897101283714 ], [ 171.691361799116265, -44.09930353110218 ], [ 171.690571557607711, -44.099610228328928 ], [ 171.68978498110269, -44.099921749119062 ], [ 171.688986203490373, -44.100217203712496 ], [ 171.688215123002919, -44.100549123646317 ], [ 171.687422834731592, -44.100853118708258 ], [ 171.686638809644535, -44.101167991797247 ], [ 171.685849467010172, -44.101475861623193 ], [ 171.685064130971824, -44.101789005111527 ], [ 171.684288819357278, -44.102115346202837 ], [ 171.683476524779138, -44.102392989199991 ], [ 171.682698717742937, -44.102716041045042 ], [ 171.681914329256301, -44.1030304251749 ], [ 171.681137663311546, -44.103354976424697 ], [ 171.680350997944004, -44.103666359081252 ], [ 171.679567818535361, -44.103982330275706 ], [ 171.678795510289831, -44.10431255552065 ], [ 171.678001143868045, -44.104613395314921 ], [ 171.677222046491636, -44.104934455573542 ], [ 171.676454207292636, -44.105270731646428 ], [ 171.675681051989244, -44.105599978058841 ], [ 171.674894342754243, -44.105911303281019 ], [ 171.674113327341217, -44.106230154709053 ], [ 171.673324399550268, -44.106538543289481 ], [ 171.672559567377306, -44.106878788135027 ], [ 171.67178598885107, -44.107207467695865 ], [ 171.670979124185209, -44.10749213567177 ], [ 171.67018288188558, -44.107790846153357 ], [ 171.669389906621944, -44.108093874327224 ], [ 171.668612944255244, -44.108418073170512 ], [ 171.667832963676204, -44.108738279752487 ], [ 171.667056337130333, -44.109062919633097 ], [ 171.666272851388896, -44.109378488405206 ], [ 171.665476434075089, -44.109676956447892 ], [ 171.664683653751894, -44.109980231628768 ], [ 171.663929033019173, -44.110333963359722 ], [ 171.663126148207681, -44.110623873954069 ], [ 171.662356186753328, -44.110957317823313 ], [ 171.661558957426024, -44.111254702984667 ], [ 171.617564613690291, -44.130056021513766 ], [ 171.616789029178022, -44.130379057937603 ], [ 171.616045713451854, -44.13074297920042 ], [ 171.615280103103203, -44.131080224714303 ], [ 171.614527369922655, -44.131432875188878 ], [ 171.613766313163353, -44.131775565111703 ], [ 171.613009768545794, -44.132123651820073 ], [ 171.612250845051449, -44.132468890465908 ], [ 171.611512103736175, -44.132838275104049 ], [ 171.610759638788267, -44.133191237962158 ], [ 171.610007845742757, -44.133545003061101 ], [ 171.609249805454027, -44.133891291518999 ], [ 171.608515585054874, -44.134266079388574 ], [ 171.607763251879788, -44.13462108797637 ], [ 171.607032276383876, -44.134997371651068 ], [ 171.606290096677895, -44.135361011025694 ], [ 171.605556618376738, -44.135733196292669 ], [ 171.604804210442268, -44.136086543577875 ], [ 171.604075185446021, -44.136463154589016 ], [ 171.603338842281119, -44.136832481203371 ], [ 171.602608178711421, -44.13720745655683 ], [ 171.601872253764242, -44.137577193995661 ], [ 171.601152913588493, -44.137963431471306 ], [ 171.600405731586847, -44.138321962243509 ], [ 171.599686653622314, -44.138708455543998 ], [ 171.598944854231831, -44.139072336942213 ], [ 171.598218280095438, -44.139451365910787 ], [ 171.597506868021782, -44.139845479859687 ], [ 171.596760699385896, -44.140205005514346 ], [ 171.596053399860068, -44.140602399629941 ], [ 171.595318972255171, -44.140969225164966 ], [ 171.594577866308185, -44.1413298922715 ], [ 171.593838629904639, -44.141696072502704 ], [ 171.593115521282726, -44.142079058272998 ], [ 171.592378730617838, -44.14244778266297 ], [ 171.591619528499223, -44.142793147672066 ], [ 171.590885652463442, -44.143164904725424 ], [ 171.590152773443663, -44.143537698518259 ], [ 171.589443888144615, -44.143935496484687 ], [ 171.588686548317014, -44.14428279227517 ], [ 171.58794470035221, -44.144646231378211 ], [ 171.587231518063447, -44.145039544313818 ], [ 171.586514490955835, -44.145428847951621 ], [ 171.585788260211103, -44.145808557017325 ], [ 171.585071296471313, -44.146197922385149 ], [ 171.584312991846446, -44.146544197728367 ], [ 171.583579479660358, -44.146916310690543 ], [ 171.582842834396615, -44.147285155778064 ], [ 171.582125726077095, -44.147675526868753 ], [ 171.581388362019197, -44.148045638998497 ], [ 171.580647137543849, -44.148410680862369 ], [ 171.579904897065859, -44.148773796671556 ], [ 171.579176688591275, -44.1491512189397 ], [ 171.578419102629624, -44.149498681022912 ], [ 171.577688568806423, -44.149873726960998 ], [ 171.576949812352836, -44.150240385283546 ], [ 171.576200090565806, -44.150595858876564 ], [ 171.575493996341237, -44.150995820313156 ], [ 171.574769262801283, -44.151376771484124 ], [ 171.574034361455318, -44.151747351219711 ], [ 171.573322008258515, -44.152140923051434 ], [ 171.57258112633275, -44.152505398888501 ], [ 171.571845713471077, -44.152875449558955 ], [ 171.571120389382742, -44.153255786451076 ], [ 171.570405609741243, -44.153646874470105 ], [ 171.56966298725655, -44.154009565188623 ], [ 171.568945442812492, -44.154397828886857 ], [ 171.568216505593568, -44.154774471423806 ], [ 171.567495503337398, -44.15515920402828 ], [ 171.566762948919234, -44.155532152725719 ], [ 171.566030273253261, -44.155912677523254 ], [ 171.56531784060482, -44.156314959420932 ], [ 171.564589546371934, -44.156694914702214 ], [ 171.563883059392793, -44.157093004254619 ], [ 171.56317430652777, -44.15748895686967 ], [ 171.562448066509063, -44.15786843525963 ], [ 171.561737231934529, -44.158262421591374 ], [ 171.561045141875894, -44.158674061292714 ], [ 171.560329173248078, -44.159063206349643 ], [ 171.55963149741018, -44.159469579414328 ], [ 171.558897072322111, -44.159841334004128 ], [ 171.558198821623137, -44.160247160251295 ], [ 171.557486475654457, -44.160639706750153 ], [ 171.556784353184725, -44.161041880700338 ], [ 171.556070958683762, -44.161433434121079 ], [ 171.555368255713262, -44.161835055962989 ], [ 171.554675278063598, -44.162245836237759 ], [ 171.553974108541581, -44.162648897367276 ], [ 171.553272102394601, -44.163051167796993 ], [ 171.552567968592399, -44.16345143137066 ], [ 171.551867470067037, -44.163855116736649 ], [ 171.551159690413499, -44.164251940644213 ], [ 171.55044981690537, -44.164646669125652 ], [ 171.549745964030649, -44.165045655814829 ], [ 171.549051231516813, -44.165453586809363 ], [ 171.548364164888568, -44.165870256548303 ], [ 171.547667691683557, -44.166277951744846 ], [ 171.546977834937508, -44.166691955376649 ], [ 171.546257446355014, -44.167076834517665 ], [ 171.545564491425921, -44.167487878021362 ], [ 171.544864242181433, -44.167891961490533 ], [ 171.544170568858476, -44.168302314825709 ], [ 171.543434013001928, -44.168671762326476 ], [ 171.54273367551437, -44.169075753911898 ], [ 171.542069495278469, -44.169514231830235 ], [ 171.541347006129286, -44.169897088925772 ], [ 171.540633841724855, -44.170288837834093 ], [ 171.539930125430715, -44.170689596384733 ], [ 171.539234706282627, -44.171098266844425 ], [ 171.538514311480895, -44.171483110973924 ], [ 171.537788909505622, -44.17186317607338 ], [ 171.537072291032644, -44.172251616918118 ], [ 171.536381743730175, -44.172664924369521 ], [ 171.535672346318677, -44.173064287908083 ], [ 171.534977821116343, -44.173477995763392 ], [ 171.534254985659913, -44.173863618481349 ], [ 171.533540223561431, -44.174254721492382 ], [ 171.5328254527995, -44.174645813778099 ] ] } },
{ "type": "Feature", "properties": { "group_id": "nzd0457" }, "geometry": { "type": "LineString", "coordinates": [ [ 171.485225295022275, -44.199421903860731 ], [ 171.484448301778912, -44.199746776068508 ], [ 171.483701704146711, -44.200104861255518 ], [ 171.482964330188395, -44.200473023728996 ], [ 171.482215066300171, -44.200828190829831 ], [ 171.481493197679953, -44.201213293324557 ], [ 171.480748483727268, -44.201573428306617 ], [ 171.479976766543757, -44.201904051376346 ], [ 171.47926540824372, -44.202300633742283 ], [ 171.478503464911569, -44.202641933239704 ], [ 171.477766289934067, -44.2030102982187 ], [ 171.477015809551006, -44.203364120251493 ], [ 171.476297322497572, -44.203752904243053 ], [ 171.475558291053545, -44.204119234115367 ], [ 171.474825363348316, -44.204492232496222 ], [ 171.474081646460149, -44.204853437528953 ], [ 171.47334463117275, -44.20522196449086 ], [ 171.472624318220284, -44.205608743329392 ], [ 171.471887148592373, -44.205977139763327 ], [ 171.471117286423407, -44.206311014946792 ], [ 171.470372296993787, -44.206671892425526 ], [ 171.469659660551144, -44.207065894391036 ], [ 171.468912964833095, -44.207423798254375 ], [ 171.468192101723304, -44.207809077369546 ], [ 171.467455770167419, -44.208177960676956 ], [ 171.466721943864968, -44.208549496829043 ], [ 171.465985213947448, -44.2089179533831 ], [ 171.465256966000226, -44.209295397178479 ], [ 171.464523494597501, -44.209667302737721 ], [ 171.463795019238773, -44.210044501132039 ], [ 171.463054717227322, -44.21040916273418 ], [ 171.46232511306664, -44.210785160314941 ], [ 171.461607539814281, -44.211173924192209 ], [ 171.460881617978345, -44.211553239638256 ], [ 171.460132491307206, -44.211909493827221 ], [ 171.459393848234697, -44.212276176073985 ], [ 171.458683262084605, -44.212670421740519 ], [ 171.457956785324626, -44.213049052184708 ], [ 171.457235978008981, -44.213433250346434 ], [ 171.45651160723807, -44.213813944745013 ], [ 171.455816445370772, -44.214223335271981 ], [ 171.455093423930208, -44.214605350399687 ], [ 171.454374111502972, -44.214991007207495 ], [ 171.453669309099126, -44.21539091830703 ], [ 171.45296493593483, -44.215791248774629 ], [ 171.452237156840084, -44.216168579080588 ], [ 171.451534968172183, -44.216571051079782 ], [ 171.450827636240206, -44.216968467088599 ], [ 171.450085580660129, -44.217331761933494 ], [ 171.449363058898768, -44.217714247610154 ], [ 171.448620093761832, -44.218076643178037 ], [ 171.447892307624159, -44.218453950777175 ], [ 171.447173814230041, -44.218840431202651 ], [ 171.446477549579896, -44.219248734494606 ], [ 171.44574795037525, -44.219624299263302 ], [ 171.445030126368806, -44.220011359256645 ], [ 171.444340174014428, -44.220425705960658 ], [ 171.443604431951229, -44.220795217254505 ], [ 171.442902614589457, -44.221197942011294 ], [ 171.442207621613164, -44.221607346293133 ], [ 171.441497608443086, -44.222002041602622 ], [ 171.440806541845774, -44.222415285640615 ], [ 171.440090621342023, -44.222804192037579 ], [ 171.439390232016791, -44.223208303144723 ], [ 171.438675894582587, -44.223598754628476 ], [ 171.437970641657159, -44.223998098730767 ], [ 171.437231795089872, -44.224364546877567 ], [ 171.436486683257868, -44.224724857460203 ] ] } },
{ "type": "Feature", "properties": { "group_id": "nzd0459" }, "geometry": { "type": "LineString", "coordinates": [ [ 171.325802389798611, -44.298926011159693 ], [ 171.325227288478715, -44.299420035947222 ], [ 171.324641278027258, -44.299907245171688 ], [ 171.324051391037244, -44.30039202983437 ], [ 171.32347251569567, -44.300883685881672 ], [ 171.32284250844927, -44.301343411766403 ], [ 171.322250054287963, -44.301826581113815 ], [ 171.321697625830836, -44.302334737941706 ], [ 171.321120520084293, -44.302827482472821 ], [ 171.32056558604819, -44.303334066707059 ], [ 171.31997041459536, -44.303815523001894 ], [ 171.319388883995771, -44.304305492406293 ], [ 171.318834343543415, -44.304812310166554 ], [ 171.318253638562027, -44.30530278690108 ], [ 171.317661492512798, -44.305786115788763 ], [ 171.317075118215371, -44.306273044407881 ], [ 171.316502024596758, -44.306768261330163 ], [ 171.315919255788771, -44.307257432995669 ], [ 171.315319966658478, -44.307736285276839 ], [ 171.314717699637526, -44.308213274012822 ], [ 171.314134786007912, -44.308701879710277 ], [ 171.313540115834172, -44.309182196550665 ], [ 171.312985492187892, -44.309688267474975 ], [ 171.312394023730747, -44.310171990260322 ], [ 171.311827886800899, -44.31067171338843 ], [ 171.311240570455112, -44.311158051350922 ], [ 171.310662565831564, -44.31165026839512 ], [ 171.31007702953417, -44.312137722869473 ], [ 171.309516897774216, -44.312641223922327 ], [ 171.308876011308172, -44.313093699859749 ], [ 171.308274395421222, -44.313570982936142 ], [ 171.30771125062725, -44.314072568202519 ], [ 171.307144891606214, -44.314572118672196 ], [ 171.306554390928, -44.315056412221985 ], [ 171.305984806784807, -44.315553916954812 ], [ 171.305382062131599, -44.31603046650995 ], [ 171.304808640467257, -44.316525538560256 ], [ 171.304204082911923, -44.317000934527528 ], [ 171.303651346401551, -44.317509067627526 ], [ 171.3030282062102, -44.317972714660392 ], [ 171.302455723297612, -44.318468363616809 ], [ 171.30185606447148, -44.318946838330248 ], [ 171.301265332054015, -44.319430948815331 ], [ 171.300701562772787, -44.319932091057737 ], [ 171.300116587355291, -44.320419830812995 ], [ 171.299528743006107, -44.32090575385331 ], [ 171.298964109550752, -44.321406337983944 ], [ 171.298362941913553, -44.321883834948743 ], [ 171.297806435302988, -44.322389545736534 ], [ 171.297234065902302, -44.322885230005433 ], [ 171.296639109201067, -44.323365156050158 ], [ 171.296051777541351, -44.323849802434445 ], [ 171.295433554481008, -44.324316129927993 ], [ 171.294890701365631, -44.324830979996499 ], [ 171.294305895500941, -44.325318907676255 ], [ 171.293715416034672, -44.325803190956108 ], [ 171.293150470564683, -44.32630385385071 ], [ 171.292573393835454, -44.326796728878328 ], [ 171.292019077928245, -44.327304204198057 ], [ 171.291458782627217, -44.3278078389394 ], [ 171.290906969499218, -44.328316912236737 ], [ 171.290337912812305, -44.328814917390567 ], [ 171.28978518781426, -44.329323397684071 ], [ 171.289224653027333, -44.329826862929046 ], [ 171.288652442008839, -44.330322832234451 ], [ 171.288056763748386, -44.330803739929927 ], [ 171.28750846076025, -44.331316256342696 ], [ 171.28692609797173, -44.331807053963487 ], [ 171.286349559005146, -44.33230042376082 ], [ 171.285766678429667, -44.332789842696471 ], [ 171.28521503359039, -44.333296898535956 ], [ 171.284666936752984, -44.333805953779681 ], [ 171.284082155978098, -44.334294286078624 ], [ 171.28353912687237, -44.334806194593824 ], [ 171.283003614949507, -44.335322344264313 ], [ 171.282442810807567, -44.335824204819275 ], [ 171.281866936243631, -44.336317549337672 ], [ 171.281307050893219, -44.336819919882174 ], [ 171.280712649410816, -44.337302791640056 ], [ 171.280165856389033, -44.337812547654515 ], [ 171.279618748916334, -44.33832212162816 ], [ 171.279000396088605, -44.338791452389394 ], [ 171.278419632793543, -44.339282008866817 ], [ 171.277871871518954, -44.339791200194945 ], [ 171.277318876934203, -44.340297431335266 ], [ 171.276801342710542, -44.340823685855462 ], [ 171.276238767200454, -44.341324496859237 ], [ 171.27570614218439, -44.341842219314827 ], [ 171.275139361963738, -44.342340646611198 ], [ 171.274654308851041, -44.342885228629726 ], [ 171.274085940948368, -44.343383351187548 ], [ 171.273539817568718, -44.343899408717235 ], [ 171.273009842504337, -44.344423390248892 ], [ 171.272461487350341, -44.344932274372404 ], [ 171.271917509991653, -44.345443478520401 ], [ 171.271423594203355, -44.345981261619833 ], [ 171.27085049572068, -44.346476992619273 ], [ 171.27029273122659, -44.346980861563353 ], [ 171.26974867624719, -44.347492005862989 ], [ 171.269225267999019, -44.348014109349933 ], [ 171.268710679639838, -44.348540891741244 ], [ 171.268242861363603, -44.349092505365647 ], [ 171.26770897169115, -44.349609029095568 ], [ 171.267178593840811, -44.350127413028325 ], [ 171.266672324980902, -44.350658594696007 ], [ 171.266172206214492, -44.351193037552456 ], [ 171.265643621037981, -44.351712359517023 ], [ 171.265125154463476, -44.352237050029672 ], [ 171.264590077975754, -44.352752915684007 ], [ 171.264104339883318, -44.353294976440736 ], [ 171.263557391229511, -44.353804528441778 ], [ 171.263032452160672, -44.354325763359739 ], [ 171.26247344027766, -44.354828900200339 ], [ 171.261941647079652, -44.355346486123359 ], [ 171.261488061436069, -44.355905597412558 ], [ 171.26100538175902, -44.356449254447327 ], [ 171.260474238099476, -44.356970724174069 ], [ 171.259977458052475, -44.357513812916025 ], [ 171.259460998885345, -44.358043706661817 ], [ 171.25898011980081, -44.358586376703357 ], [ 171.258448955622072, -44.359104931753777 ], [ 171.257963766702687, -44.35964552546379 ], [ 171.257451229605152, -44.360173001661686 ], [ 171.256988092346091, -44.360724158507331 ], [ 171.256496099350528, -44.361261475017145 ], [ 171.256041389669207, -44.361816662677597 ], [ 171.255537992355045, -44.362348501286377 ], [ 171.25504398427384, -44.362884836760905 ], [ 171.254566913847128, -44.363429288317086 ], [ 171.254144051403216, -44.363999725781298 ], [ 171.253668080709218, -44.364544694688163 ], [ 171.253194767863192, -44.365092329980925 ], [ 171.252747343764611, -44.365652220508025 ], [ 171.252287472441964, -44.366204783230863 ], [ 171.251799659854612, -44.36674394774731 ], [ 171.251283006496863, -44.367269736762864 ], [ 171.250873318254747, -44.367858924944478 ], [ 171.250507139231956, -44.368459426790082 ], [ 171.250360904510529, -44.369115449627913 ], [ 171.250449721466907, -44.369730567517657 ], [ 171.250635300743141, -44.370354624050414 ] ] } },
{ "type": "Feature", "properties": { "group_id": "nzd0460" }, "geometry": { "type": "LineString", "coordinates": [ [ 167.974721979425425, -44.385770903844133 ], [ 167.975467717759699, -44.385410507323208 ], [ 167.976203002893953, -44.385040732593453 ], [ 167.976952082786767, -44.384683325195276 ], [ 167.977693080035806, -44.384318665560237 ], [ 167.978372329439281, -44.383898628106756 ] ] } },
{ "type": "Feature", "properties": { "group_id": "nzd0462" }, "geometry": { "type": "LineString", "coordinates": [ [ 171.269467531328957, -44.387832528663296 ], [ 171.26893400989502, -44.388351159080472 ], [ 171.268435058051381, -44.388885224928551 ], [ 171.267913325814305, -44.389414534028745 ], [ 171.267458864327068, -44.389976770510472 ], [ 171.26695443841669, -44.39050438545388 ], [ 171.266486426202647, -44.39104056010369 ], [ 171.2660938082511, -44.391609532047482 ], [ 171.265649466880831, -44.392157820020216 ], [ 171.265237458320343, -44.392720966652533 ], [ 171.264866318162944, -44.393305325821792 ], [ 171.264508462927665, -44.393882556590263 ], [ 171.264211617066906, -44.394471805886944 ], [ 171.263971482993981, -44.395084724580144 ], [ 171.2636692144726, -44.395687558420825 ], [ 171.263429796610097, -44.396297188296955 ], [ 171.263247457615591, -44.396908621196992 ], [ 171.262982464664702, -44.397522573589889 ], [ 171.262891588407683, -44.398164247358785 ], [ 171.262770851459749, -44.398806039695536 ], [ 171.262495233631569, -44.399424313156921 ], [ 171.262389617366352, -44.400071868632764 ], [ 171.262203902636514, -44.400695939892934 ], [ 171.261991463714992, -44.401305201019831 ], [ 171.261853376110054, -44.401932463154537 ], [ 171.261657390001119, -44.402559548776274 ], [ 171.261476268651307, -44.403189182425272 ], [ 171.261439249684969, -44.403836288595059 ], [ 171.261322523026848, -44.404454593252694 ], [ 171.261115158704484, -44.443228780916236 ] ] } },
{ "type": "Feature", "properties": { "group_id": "nzd0463" }, "geometry": { "type": "LineString", "coordinates": [ [ 171.260595485472663, -44.44332223786968 ], [ 171.259897216800312, -44.443734069863424 ], [ 171.259316813954399, -44.444245491376734 ], [ 171.22856637137204, -44.481707195859656 ], [ 171.228120966719388, -44.482263722839356 ], [ 171.22765895104348, -44.482813349288783 ], [ 171.227210536997802, -44.48336861637965 ], [ 171.226685281884443, -44.483891981637569 ], [ 171.226243058317777, -44.484449807691604 ], [ 171.225819720990756, -44.485015468006623 ], [ 171.225345706778029, -44.485560087162519 ], [ 171.224888614839045, -44.486111725348778 ], [ 171.224452713357522, -44.486672470632946 ] ] } },
{ "type": "Feature", "properties": { "group_id": "nzd0464" }, "geometry": { "type": "LineString", "coordinates": [ [ 171.199755621774642, -44.520537828358279 ], [ 171.199297065221771, -44.521089474319353 ], [ 171.198891767560156, -44.521666880536166 ], [ 171.198453345507687, -44.522231645812759 ], [ 171.198076342863715, -44.522813125697326 ], [ 171.197640344091667, -44.523373851558262 ], [ 171.197239283015165, -44.523946858885076 ], [ 171.19681034903931, -44.52451005789365 ], [ 171.196486177080942, -44.525110094730906 ], [ 171.196097006415272, -44.525688676988018 ], [ 171.195716898658532, -44.526272329383502 ], [ 171.19535396666177, -44.526860260331716 ], [ 171.195037933588424, -44.527461770508936 ], [ 171.194693164494225, -44.528053708591983 ], [ 171.194332671884098, -44.52864040647291 ], [ 171.193967915343507, -44.52922701436902 ], [ 171.193636688116555, -44.52982877000639 ], [ 171.193288605495979, -44.530423618833439 ], [ 171.192952221610199, -44.531017326582791 ], [ 171.192657944251977, -44.531623142500294 ], [ 171.192295015891915, -44.532209201014524 ], [ 171.191952298956437, -44.532801068354111 ], [ 171.191647088812232, -44.533402979113568 ], [ 171.19129314250236, -44.533990297324422 ], [ 171.190947417342471, -44.53458075447557 ], [ 171.190655391306137, -44.535187553429544 ], [ 171.190343046520354, -44.535788343015199 ], [ 171.18997143247708, -44.536371615270951 ], [ 171.189631554795142, -44.536964258039269 ], [ 171.18931023458623, -44.537562377559723 ], [ 171.188972944285268, -44.538155772608562 ], [ 171.188628617867948, -44.538747082755215 ], [ 171.188348354932799, -44.539357314353794 ], [ 171.1880198528996, -44.539953287620698 ], [ 171.187710600216064, -44.540555399391614 ], [ 171.18738380935676, -44.541152977635633 ], [ 171.187122496692893, -44.54176883097238 ], [ 171.186797419926393, -44.542365667671667 ], [ 171.18647333320996, -44.542962782338762 ], [ 171.186165865557939, -44.543564659786 ], [ 171.185837893569698, -44.544160647284414 ], [ 171.185538130651508, -44.544765151882345 ], [ 171.185194932088734, -44.545362140796705 ], [ 171.18491060267209, -44.545974285141618 ], [ 171.184597009717891, -44.546574601144755 ], [ 171.184314630560721, -44.547182273738002 ], [ 171.183996032011777, -44.547781396211867 ], [ 171.183729707953859, -44.548392843224946 ], [ 171.183433580268144, -44.548997253528711 ], [ 171.183211415432169, -44.549619104300277 ], [ 171.182915152341479, -44.550223469867092 ], [ 171.182663760509655, -44.550838413529569 ], [ 171.182353655791246, -44.551439501272199 ], [ 171.182113186399903, -44.552055852629735 ], [ 171.181856531690272, -44.552661253612371 ], [ 171.181563650532752, -44.553259959293193 ], [ 171.181241327355053, -44.553857482748363 ], [ 171.180897722937061, -44.554448870724556 ], [ 171.180534546894563, -44.555034615640416 ], [ 171.180211409963988, -44.555632038825358 ], [ 171.179872942654413, -44.556225732843139 ], [ 171.179515478617645, -44.556813904170276 ], [ 171.179143174461103, -44.557397173842354 ], [ 171.178780616755688, -44.557978048928099 ], [ 171.178435110915984, -44.558561183895755 ], [ 171.178116509307642, -44.55915813707405 ], [ 171.177738172067791, -44.559738727498733 ], [ 171.177401042977493, -44.56033222427051 ], [ 171.177018752571513, -44.560911564070018 ], [ 171.176713398927291, -44.561515005471264 ], [ 171.176396757767378, -44.562113621433291 ], [ 171.176106910480485, -44.562720973510032 ], [ 171.175785136546921, -44.563319438542301 ], [ 171.17543538443033, -44.563909032715138 ], [ 171.175149293814258, -44.564518951689656 ], [ 171.174819031937972, -44.565114758247176 ], [ 171.174508887869479, -44.565716983546665 ], [ 171.174236948551339, -44.566332172210117 ], [ 171.173902410346471, -44.566930521235449 ], [ 171.173563060535628, -44.567527630816606 ], [ 171.173278139949161, -44.568134534019883 ], [ 171.172981643948759, -44.568738557203268 ], [ 171.172728579885586, -44.569353356305008 ], [ 171.172379892418007, -44.569944409962723 ], [ 171.172089312030778, -44.570549882734959 ], [ 171.171807939434046, -44.571159327138112 ], [ 171.171560906253177, -44.571777977216158 ], [ 171.171280806863905, -44.572387330919014 ], [ 171.171078084605256, -44.573012564468584 ], [ 171.170834931458813, -44.57362878932409 ], [ 171.170612389179638, -44.574249596788476 ], [ 171.17028710611379, -44.574849429278764 ], [ 171.170112474561392, -44.575483509484577 ], [ 171.169959654623995, -44.576118131581183 ], [ 171.169680055625292, -44.576727866270225 ], [ 171.169491933490548, -44.577353840306159 ], [ 171.169295767560527, -44.577978379100301 ], [ 171.169049075355417, -44.578593937958338 ], [ 171.16887398799588, -44.579222604995678 ], [ 171.168683510435471, -44.579849366846986 ], [ 171.168526754338615, -44.580481054057955 ], [ 171.168284303576002, -44.581097857559989 ], [ 171.168082217712907, -44.581721207701833 ], [ 171.167878807694024, -44.582344336135037 ], [ 171.167640025663871, -44.582961715107693 ], [ 171.167541003918302, -44.583600700252838 ], [ 171.167381032620881, -44.58422994468598 ], [ 171.167139483163282, -44.584846078998495 ], [ 171.166988719113334, -44.585478529347427 ], [ 171.166816154520518, -44.58610712488256 ], [ 171.166645148384333, -44.586735988782678 ], [ 171.166477155712414, -44.587366608573085 ], [ 171.166306612110247, -44.587995883008986 ], [ 171.166130424896437, -44.588623177951291 ], [ 171.165961876953276, -44.589251484369832 ], [ 171.165741505100613, -44.5898728235194 ], [ 171.165588960506227, -44.590503265690764 ], [ 171.165464382956429, -44.591137168647897 ], [ 171.165233896881915, -44.591755854732348 ], [ 171.165035320037077, -44.592379085781346 ], [ 171.164903551943439, -44.593012707167702 ], [ 171.164690357393027, -44.593634554535498 ], [ 171.164509160989724, -44.594261019270803 ], [ 171.164391707871971, -44.594896688918531 ], [ 171.164199950589875, -44.595521613875718 ], [ 171.164002085267356, -44.596145649356998 ], [ 171.163926839639515, -44.596787397995421 ], [ 171.163769741741078, -44.597417880729736 ], [ 171.163619703603075, -44.598049036782378 ] ] } },
{ "type": "Feature", "properties": { "group_id": "nzd0466" }, "geometry": { "type": "LineString", "coordinates": [ [ 171.163537928124697, -44.598647152379137 ], [ 171.163426057815968, -44.599281820608901 ], [ 171.163337528636958, -44.599918286778632 ], [ 171.163203567762366, -44.600551232838832 ], [ 171.163100180481081, -44.601186536110802 ], [ 171.162928495960927, -44.601811721025854 ], [ 171.162902220670901, -44.602447494108787 ], [ 171.162750869990731, -44.603075407779926 ], [ 171.162569933367052, -44.603702318234085 ], [ 171.162565131097836, -44.604349857310595 ], [ 171.162463234285241, -44.604986014071166 ], [ 171.162351616120191, -44.605621182211003 ], [ 171.162256951286793, -44.60625827411193 ], [ 171.162067690089259, -44.606884276461933 ], [ 171.162018761198084, -44.607526439510494 ], [ 171.161888482542253, -44.608159210778716 ], [ 171.161818175132908, -44.608798893620538 ], [ 171.161672951931507, -44.609429687052383 ], [ 171.161485562497347, -44.610054914660815 ], [ 171.16143312991872, -44.610697209395866 ], [ 171.161284588687181, -44.611327857561477 ], [ 171.16110753328158, -44.611954900284907 ], [ 171.160955732035717, -44.612585123315043 ], [ 171.160827451827686, -44.613220189878874 ], [ 171.160746811754763, -44.613860304828279 ], [ 171.160653542659929, -44.614499515401562 ], [ 171.160560566811995, -44.615136443311556 ], [ 171.160519081964821, -44.615775140425654 ], [ 171.160462890945837, -44.61641332319325 ], [ 171.160424659964406, -44.617051091287713 ], [ 171.160389400519733, -44.617687673317462 ], [ 171.160342433291504, -44.618324967308141 ], [ 171.160291238408348, -44.618963365043363 ], [ 171.16021346586038, -44.619600348817301 ], [ 171.160122809115222, -44.620236643518467 ], [ 171.160056945422838, -44.620874243680852 ], [ 171.160014636067984, -44.621513083730974 ], [ 171.159903484603916, -44.622147544120196 ], [ 171.159875242896305, -44.622786328867868 ], [ 171.15982033044358, -44.623424343427651 ], [ 171.159754120261255, -44.624061909008041 ], [ 171.159704433158737, -44.624700427970836 ], [ 171.159620550379771, -44.625336952325171 ], [ 171.159555692500504, -44.625974575478352 ], [ 171.159521205488232, -44.626613956898275 ], [ 171.159448839282106, -44.627251129616845 ], [ 171.159400691330859, -44.627889702982003 ], [ 171.159341755039975, -44.62852764227668 ], [ 171.159323696232406, -44.629167950490753 ], [ 171.159293374547417, -44.629807538918406 ], [ 171.159289568441523, -44.630453778337859 ], [ 171.159252756958722, -44.63109804323522 ], [ 171.159281226716729, -44.631737873732938 ], [ 171.159268090251686, -44.632377004401299 ], [ 171.159266781257315, -44.63301622367495 ], [ 171.159264727808335, -44.633655429885863 ], [ 171.159301251647946, -44.634294941035371 ], [ 171.159310952827923, -44.634934534633452 ], [ 171.159335547553951, -44.635574188117943 ], [ 171.159312330186339, -44.636213284046526 ], [ 171.159386164147804, -44.636852804076661 ], [ 171.15941673082196, -44.637492106856008 ], [ 171.159446084112403, -44.638131396698256 ], [ 171.159470143534378, -44.638771297103105 ], [ 171.159533636507291, -44.639411476950563 ], [ 171.159596330219557, -44.640050205917589 ], [ 171.159675511113448, -44.640687051147772 ], [ 171.15975223388611, -44.641323997245934 ], [ 171.159839828362408, -44.64196045928955 ], [ 171.15995923466545, -44.642595518410843 ], [ 171.160040526389139, -44.643231798840681 ], [ 171.160149182975715, -44.643865269191721 ], [ 171.160253995546185, -44.644499733363396 ], [ 171.16037452641487, -44.645133033981445 ], [ 171.16047515551881, -44.645768124254396 ], [ 171.16058532384875, -44.646402346485431 ], [ 171.160702408065475, -44.647035689422424 ], [ 171.160779989520677, -44.647672009965177 ], [ 171.160851198938303, -44.648308970533158 ], [ 171.160924323115324, -44.648946022184312 ], [ 171.161003803449915, -44.649582596572351 ], [ 171.161089357769612, -44.650218714585925 ], [ 171.161163798554071, -44.650854051669988 ], [ 171.16124144255059, -44.651486967956131 ], [ 171.161306515885997, -44.65212235936 ], [ 171.161376739408581, -44.652759461613847 ], [ 171.161444356488147, -44.653396671846323 ], [ 171.16155821774538, -44.654031835111809 ], [ 171.161601096915916, -44.65467012261248 ], [ 171.161684681857281, -44.655308807907595 ], [ 171.16179797054275, -44.655945501368265 ], [ 171.16184149106968, -44.656584641068655 ], [ 171.161934581125422, -44.657220151987175 ], [ 171.162001468583867, -44.657857424400447 ], [ 171.162127630664003, -44.658490689314512 ], [ 171.162234612748563, -44.659124183712493 ], [ 171.16230230838687, -44.659758764812928 ], [ 171.162376830065995, -44.660394117575962 ], [ 171.162497874198721, -44.661028599504014 ], [ 171.162625271251898, -44.661662764977365 ], [ 171.162711501417618, -44.662298928803054 ], [ 171.162839034023733, -44.66293454119473 ], [ 171.162938638604089, -44.663572891421907 ], [ 171.163024939657021, -44.664213269829929 ], [ 171.163180445265652, -44.664842471052566 ], [ 171.163277302373729, -44.665478806992425 ], [ 171.163429817737637, -44.666108358667586 ], [ 171.163566843130383, -44.666737700745941 ], [ 171.163685573355451, -44.667365126813458 ], [ 171.16381827934029, -44.667993514727186 ], [ 171.163922075111543, -44.668628047737513 ], [ 171.164064169921375, -44.669259227713319 ], [ 171.164209078268584, -44.669890154977637 ], [ 171.164319264488483, -44.670524108932106 ], [ 171.16439840463218, -44.67116076836114 ], [ 171.16454533700653, -44.671791498082563 ], [ 171.164660616777695, -44.672424986273782 ], [ 171.164807912739718, -44.673054545316198 ], [ 171.164897905792884, -44.673676895387921 ], [ 171.164983934339602, -44.67430285381699 ], [ 171.165100908901508, -44.67494011212623 ], [ 171.165210890483593, -44.675577458137447 ], [ 171.165288598177966, -44.676215234513435 ], [ 171.165383094375869, -44.676852861455963 ], [ 171.165470610319318, -44.677489730501719 ], [ 171.16554505243991, -44.678126292308832 ], [ 171.165561658352942, -44.678765265671196 ], [ 171.165631893966889, -44.679402182413789 ], [ 171.165703017435021, -44.680039058219663 ], [ 171.165757919275279, -44.680676546963049 ], [ 171.165807198241907, -44.681314275622938 ], [ 171.165853238051568, -44.681952195878999 ], [ 171.165875422166948, -44.6825912453222 ], [ 171.165941499535279, -44.683228166988506 ] ] } },
{ "type": "Feature", "properties": { "group_id": "nzd0467" }, "geometry": { "type": "LineString", "coordinates": [ [ 171.166001874400621, -44.683676938354104 ], [ 171.166007111003637, -44.684316742518135 ], [ 171.166055731597169, -44.684951101213173 ], [ 171.166065362035937, -44.685583857457253 ], [ 171.166114902933288, -44.686221110358879 ], [ 171.166124773270838, -44.686859888385534 ], [ 171.166123990975734, -44.687498543345285 ], [ 171.16614879819511, -44.68813746997575 ], [ 171.166156539733379, -44.688776351946174 ], [ 171.166155434283922, -44.689415473775703 ], [ 171.166229654163374, -44.690054472231559 ], [ 171.16623792704425, -44.690693031617549 ], [ 171.166231656118271, -44.691331574320031 ], [ 171.166305964960543, -44.691970163395681 ], [ 171.166318373865067, -44.692608721267256 ], [ 171.166335380891837, -44.693247222898329 ], [ 171.16638063407791, -44.693885380107695 ], [ 171.166388255975335, -44.694523879057677 ], [ 171.166427373942184, -44.695162054075944 ], [ 171.166454692387418, -44.695800340778518 ], [ 171.166441387378228, -44.696438933234944 ], [ 171.1664854931538, -44.697077104715461 ] ] } },
{ "type": "Feature", "properties": { "group_id": "nzd0468" }, "geometry": { "type": "LineString", "coordinates": [ [ 171.17298889096412, -44.793144441320656 ], [ 171.17304857951143, -44.793781018154064 ], [ 171.173075210031755, -44.794418153284916 ], [ 171.173120168640054, -44.795054841670421 ], [ 171.173146607324782, -44.795691967342563 ], [ 171.173187815545447, -44.796326876917199 ], [ 171.173174723295233, -44.796962167613614 ], [ 171.17317704846829, -44.797599444914937 ], [ 171.173206396699783, -44.798237065616583 ], [ 171.173255560562268, -44.798874826954076 ], [ 171.173251829368866, -44.799512302495039 ], [ 171.173318358742335, -44.800150721100437 ], [ 171.173376841943025, -44.800787435467463 ], [ 171.17337762919297, -44.801426171865153 ], [ 171.173427737657676, -44.802062546680091 ], [ 171.173450854521946, -44.802700203004193 ], [ 171.173489632892029, -44.80333335435094 ], [ 171.17344892145897, -44.803963331118851 ], [ 171.173460060607795, -44.804597049570077 ], [ 171.173463286764132, -44.80523444857068 ], [ 171.173500393962968, -44.805872208333426 ], [ 171.1735282746358, -44.806509860887864 ], [ 171.173545868008176, -44.807148549862859 ], [ 171.173567963962654, -44.807788333488617 ], [ 171.173587126783019, -44.808426937436671 ], [ 171.173605130960368, -44.809064059484136 ], [ 171.173640742719698, -44.809700891077462 ], [ 171.17364815999403, -44.810338169459456 ], [ 171.173687009290688, -44.810972961270863 ], [ 171.173668422050184, -44.811605615251494 ], [ 171.173627616282374, -44.812239893463463 ], [ 171.173635625125655, -44.812877432296347 ], [ 171.173672390117417, -44.81351546740126 ], [ 171.173668076150193, -44.814152776461853 ], [ 171.173638836374153, -44.814790040033927 ], [ 171.173684192656623, -44.81542878678902 ], [ 171.173707511868145, -44.816066673320051 ], [ 171.173665287302867, -44.816703452227429 ], [ 171.173679903033218, -44.817340841098336 ], [ 171.173671769759835, -44.817977975982281 ], [ 171.173690769621686, -44.818616017238398 ], [ 171.173691963482668, -44.819254210191794 ], [ 171.173695119783133, -44.819891774617041 ], [ 171.173716283915837, -44.820528913542823 ], [ 171.173675427137709, -44.821165993217356 ], [ 171.173660109547313, -44.821803087335873 ], [ 171.173660183316258, -44.822437472052137 ], [ 171.173648486616202, -44.823069861839215 ], [ 171.173632125105172, -44.823705178770986 ], [ 171.173625214822437, -44.824342629517076 ], [ 171.173606631122084, -44.824979718987592 ], [ 171.17357315021809, -44.825616349357929 ], [ 171.173555874277383, -44.826254629465417 ], [ 171.173568974534902, -44.826894798784693 ], [ 171.173545883672801, -44.827533082436616 ], [ 171.173549210122474, -44.828170229069642 ], [ 171.17356120066475, -44.828807462724491 ], [ 171.173518228773304, -44.829444092617443 ], [ 171.173491600373239, -44.830078969218306 ], [ 171.173453538215512, -44.830711224790178 ], [ 171.173385074233181, -44.831344404161449 ], [ 171.173339843694805, -44.831980589443091 ], [ 171.173308100052822, -44.832617238741356 ], [ 171.173253765964205, -44.833253091998621 ], [ 171.173240555276493, -44.833890374522412 ], [ 171.173189015134568, -44.834526311296024 ], [ 171.173173272641378, -44.83515955637786 ], [ 171.173110626742499, -44.835790973657751 ], [ 171.173091818066752, -44.836428688344043 ], [ 171.173040564983296, -44.837064698306271 ], [ 171.17299747326436, -44.837701140667896 ], [ 171.172945515550168, -44.838337098656751 ], [ 171.172896295689611, -44.838973197036687 ], [ 171.172836792360471, -44.839608734730483 ], [ 171.172814548695754, -44.840245399064891 ], [ 171.172730844704461, -44.840877997732001 ], [ 171.172688536627248, -44.841514035312898 ], [ 171.172615643620702, -44.84214882864967 ], [ 171.172527561336665, -44.842782665433326 ], [ 171.172476677496377, -44.84341882065344 ], [ 171.172438164756187, -44.844055742228939 ], [ 171.172356284217386, -44.844689895024601 ], [ 171.172305120753293, -44.845325933360243 ], [ 171.17220583112902, -44.845958988930995 ], [ 171.172126308083165, -44.846593318601123 ], [ 171.172062865941854, -44.847228654509976 ], [ 171.171986569944437, -44.847863173508053 ], [ 171.171914411054388, -44.84849787585253 ], [ 171.171834725909065, -44.849129357298381 ], [ 171.171726166621937, -44.849758802544777 ], [ 171.171635263119128, -44.850392333005395 ], [ 171.171579225137663, -44.85102852427525 ], [ 171.171458784971776, -44.851659780732255 ], [ 171.171364941556675, -44.852291368531723 ], [ 171.171279453815572, -44.852916824362133 ], [ 171.171176673246464, -44.853543208244943 ], [ 171.171134436584111, -44.853925493409335 ] ] } },
{ "type": "Feature", "properties": { "group_id": "nzd0470" }, "geometry": { "type": "LineString", "coordinates": [ [ 171.171082374977033, -44.854564356394413 ], [ 171.171008081254172, -44.855200708547549 ], [ 171.170905500725468, -44.855833868030203 ], [ 171.170783841948975, -44.856468944903007 ], [ 171.170711610590246, -44.85710986801918 ], [ 171.170628395943652, -44.857746108801351 ], [ 171.170550070920939, -44.858380383957766 ], [ 171.170454648703441, -44.859013605544604 ], [ 171.170340093816037, -44.859645648956743 ], [ 171.170241982154295, -44.860273260736001 ], [ 171.170124436266207, -44.860895527690722 ], [ 171.170010286320888, -44.861523928954028 ], [ 171.169924067720558, -44.862158477009046 ], [ 171.169832437669072, -44.862792450329714 ], [ 171.169710210398136, -44.863423206362413 ], [ 171.169616192967567, -44.864057290529246 ], [ 171.169489287638072, -44.864688147257553 ], [ 171.169393528593758, -44.865321775615136 ], [ 171.169271665807855, -44.865952514967113 ], [ 171.169153859237611, -44.866583658010697 ], [ 171.169052837021411, -44.867216404100589 ], [ 171.168917084502425, -44.867842049664723 ], [ 171.168833092638437, -44.868474198282627 ], [ 171.16869954343781, -44.869103855222662 ], [ 171.168576217338341, -44.869734756565641 ], [ 171.168439270060389, -44.870363983832739 ], [ 171.168321054209173, -44.870995739179826 ], [ 171.16820931382216, -44.871628550946348 ], [ 171.168057439695332, -44.872256293928302 ], [ 171.167928770373038, -44.872886399076314 ], [ 171.167809731704608, -44.873517626799156 ], [ 171.167692415389325, -44.874149049616925 ], [ 171.167560639198143, -44.874778769719008 ], [ 171.167411563180195, -44.875406454057909 ], [ 171.167286892215287, -44.876036993666354 ], [ 171.167152708682437, -44.876666410780246 ], [ 171.16698292279429, -44.877291645690903 ], [ 171.166837267962308, -44.877919703729056 ], [ 171.166708413414568, -44.878548413060884 ], [ 171.166559881783286, -44.879173769063996 ], [ 171.166431545301919, -44.879803317627285 ], [ 171.166263356094021, -44.880428513895112 ], [ 171.166117713262395, -44.881056745999409 ], [ 171.16596137467215, -44.881683527860851 ], [ 171.165809532466113, -44.882310909678296 ], [ 171.165637003603138, -44.882935492991159 ], [ 171.165468754701863, -44.883560647060591 ], [ 171.165291216290115, -44.884184540685531 ], [ 171.165103944032381, -44.884803399062257 ], [ 171.164913304047673, -44.885414960437849 ], [ 171.16470639292487, -44.886028394349225 ], [ 171.164537303596433, -44.88665532006469 ], [ 171.164321919797032, -44.887273312391059 ], [ 171.164157485492865, -44.887901122367893 ], [ 171.163944259855043, -44.888522889456873 ], [ 171.163777510790368, -44.889153017219272 ], [ 171.16358731266277, -44.889776328737277 ], [ 171.163397309156778, -44.890398306951241 ], [ 171.163193450699964, -44.891018261558209 ], [ 171.163047936874761, -44.891646702408686 ], [ 171.162867637829095, -44.892270072899024 ], [ 171.162686141501695, -44.892893262315788 ], [ 171.162521365083705, -44.893518878783567 ], [ 171.162357206322554, -44.894143701641369 ], [ 171.162141292288766, -44.894758233714676 ], [ 171.161970869352729, -44.895381033159751 ], [ 171.161778660610963, -44.896002668121881 ], [ 171.161603813734075, -44.896627210249974 ], [ 171.161411882913541, -44.897248878413627 ] ] } },
{ "type": "Feature", "properties": { "group_id": "nzd0471" }, "geometry": { "type": "LineString", "coordinates": [ [ 171.130666657928288, -44.962552059877133 ], [ 171.130285116050345, -44.963130277403138 ], [ 171.129906638860518, -44.96370677726653 ], [ 171.129454991813418, -44.964258002601021 ], [ 171.129049772535552, -44.964825237126263 ], [ 171.128669919262137, -44.965401215714515 ], [ 171.128273102365114, -44.965971337047243 ], [ 171.127870865770319, -44.966539583129091 ], [ 171.127499047611479, -44.967118316041287 ], [ 171.127099298056095, -44.967687408469963 ], [ 171.126660616345191, -44.968243065815223 ], [ 171.126285105790686, -44.968820507755723 ], [ 171.125901464450322, -44.969395139271576 ], [ 171.125516983354828, -44.969969475344634 ], [ 171.125139009108182, -44.970546050112532 ], [ 171.124743668314437, -44.971116628691398 ], [ 171.124352177699137, -44.971688529579119 ], [ 171.123965102320909, -44.972255379797694 ], [ 171.123581584830589, -44.972823810717188 ], [ 171.123170597797554, -44.973388602707438 ], [ 171.122747470876334, -44.973949088165647 ], [ 171.122299340517344, -44.974500097478803 ], [ 171.121930732912574, -44.975081222145405 ], [ 171.121542168426998, -44.975654782123307 ], [ 171.121128515675963, -44.976218833844804 ], [ 171.120743171806083, -44.976793602518441 ], [ 171.120328379882551, -44.977357211611761 ], [ 171.119948490941425, -44.977934035257043 ], [ 171.119534917535873, -44.978495966399187 ], [ 171.119130937093814, -44.97906112595431 ], [ 171.118725262772671, -44.979627928894971 ], [ 171.118314887947633, -44.980193560818016 ], [ 171.117914112349126, -44.980762993636787 ], [ 171.117500361798875, -44.981327276038577 ], [ 171.117092313486268, -44.981893814065266 ], [ 171.116658186203011, -44.982450005599844 ], [ 171.11619888342986, -44.982996208916944 ], [ 171.115769297632482, -44.983554190373916 ], [ 171.115320491090984, -44.984104544835269 ], [ 171.11487925938755, -44.984657897474669 ], [ 171.114437336412976, -44.985210970556622 ], [ 171.114005870661515, -44.985768184754058 ], [ 171.113579628918643, -44.986327464952403 ], [ 171.113145143204122, -44.986883470746598 ], [ 171.112688919317435, -44.987429020990049 ], [ 171.112256289988068, -44.98797793738013 ], [ 171.111833619158375, -44.988534079997187 ], [ 171.11139121718432, -44.98908758752637 ], [ 171.110948032628727, -44.989640744948879 ], [ 171.110525274482683, -44.990202899896673 ], [ 171.110067632631569, -44.990749675039979 ], [ 171.10965171664273, -44.991314835177818 ], [ 171.10919064116618, -44.991860086622232 ], [ 171.108782111596298, -44.992428491807267 ], [ 171.108312063194205, -44.992970942695145 ], [ 171.107828249851167, -44.993508097905583 ], [ 171.1073916125697, -44.99406399111092 ], [ 171.10695436608853, -44.994619051135345 ], [ 171.106531522456208, -44.99518011773575 ], [ 171.106054062481803, -44.995718381552564 ], [ 171.105603149903118, -44.996267721221727 ], [ 171.105140990971535, -44.996812361220634 ], [ 171.104675718923744, -44.997355696451429 ], [ 171.104211292037604, -44.99789937914197 ], [ 171.103715392847676, -44.99842991962462 ], [ 171.103218056038344, -44.998959854692707 ], [ 171.102752774497503, -44.999496385676714 ], [ 171.102256233813392, -44.999997144061133 ], [ 171.101801140012782, -45.000530870319096 ], [ 171.101314122344093, -45.001068320728194 ], [ 171.100820562776619, -45.001602100877868 ], [ 171.100315778237189, -45.002129586575556 ], [ 171.099796089417765, -45.002648716096701 ], [ 171.099272232660013, -45.003165505648568 ], [ 171.098724551003102, -45.003668940264618 ], [ 171.09818856137619, -45.004178922184714 ], [ 171.097692954420182, -45.004711528505233 ], [ 171.097153038429184, -45.005220053145706 ], [ 171.096665965024471, -45.005755788440062 ], [ 171.096141706600207, -45.006271472661361 ], [ 171.095631064908162, -45.006794025160886 ], [ 171.095107797816524, -45.007310164998806 ], [ 171.094615245990951, -45.00784188931727 ], [ 171.094090415100453, -45.008357225941182 ], [ 171.093576726962652, -45.008878213202252 ], [ 171.093066296614808, -45.009400849164621 ], [ 171.092533248167598, -45.009912000742275 ], [ 171.092014334451534, -45.010430321515763 ], [ 171.091474173270285, -45.010937853533711 ], [ 171.090917753669345, -45.0114371289121 ], [ 171.090391706423333, -45.011951814796006 ], [ 171.089864955660289, -45.012466138844701 ], [ 171.089366166189478, -45.012994649728867 ], [ 171.088836823394303, -45.013502967999784 ], [ 171.08829222521311, -45.014000427473114 ], [ 171.087738570665294, -45.014498574919145 ], [ 171.087212408405463, -45.015015417865953 ], [ 171.086657453537072, -45.015515130057629 ], [ 171.086095371682774, -45.01601059871178 ], [ 171.085541068112747, -45.016510689857284 ], [ 171.084977170210124, -45.017005069813052 ], [ 171.084404899819674, -45.017494465344043 ], [ 171.083845110165299, -45.017991280520832 ], [ 171.083275683663828, -45.018482359187971 ], [ 171.08269078845359, -45.018964186020355 ], [ 171.082129970105655, -45.019459743304786 ], [ 171.081571937704211, -45.019957330012048 ], [ 171.080983061426508, -45.020436728864993 ], [ 171.080413373413904, -45.020927812681812 ], [ 171.079818485807124, -45.021403541171253 ], [ 171.079256756050199, -45.021899464709257 ], [ 171.078688730367702, -45.022391548723483 ], [ 171.078092242815472, -45.022866290006775 ], [ 171.077513329031461, -45.023351732803995 ], [ 171.07695785215796, -45.0238514489279 ], [ 171.076366259364704, -45.024329080730844 ], [ 171.07578201143383, -45.024810694174512 ], [ 171.075191823318306, -45.025288749751041 ], [ 171.074583910497296, -45.02575631954543 ], [ 171.073984112036129, -45.026228908750277 ], [ 171.07336957285483, -45.026692367814469 ], [ 171.07278228057578, -45.02717269128874 ], [ 171.07215490960246, -45.027628197785504 ], [ 171.071566197976892, -45.028107634244051 ], [ 171.071002964357717, -45.028602840165384 ], [ 171.070400495579094, -45.029073751253961 ], [ 171.069810369298182, -45.029552299527246 ], [ 171.069217615452146, -45.030029216920667 ], [ 171.068612848492961, -45.030498692724194 ], [ 171.068031109910578, -45.030982421520676 ], [ 171.067483462610596, -45.031487252573982 ], [ 171.066886973409851, -45.031961840873549 ], [ 171.066317523842088, -45.032449974651513 ], [ 171.065764334982788, -45.032944628120703 ], [ 171.065145783242428, -45.033400497376832 ], [ 171.064537912260022, -45.033867926801754 ], [ 171.063933843661601, -45.034337914658359 ], [ 171.063323604637247, -45.034803740760914 ], [ 171.062762199262693, -45.035302469781925 ], [ 171.062168145962659, -45.035779195156586 ], [ 171.061569328016105, -45.036252706078024 ], [ 171.060960562467869, -45.036719509954487 ], [ 171.060334464731142, -45.037174630565282 ], [ 171.059746919343382, -45.037652805257935 ], [ 171.059142021253763, -45.038118963059041 ], [ 171.058519852758138, -45.038576140392465 ], [ 171.057915484798428, -45.039046908761549 ], [ 171.057285236647346, -45.039499179397609 ], [ 171.056649860891582, -45.039947782173947 ], [ 171.056044715908996, -45.040417984623986 ], [ 171.055414521173873, -45.040870282628674 ], [ 171.054777037166502, -45.04131736797833 ], [ 171.054132981091186, -45.041759753150167 ], [ 171.053496668322168, -45.042207668181497 ], [ 171.052871347794735, -45.042663434894045 ], [ 171.05222798218341, -45.043106302516911 ], [ 171.051600984725354, -45.04355981201477 ], [ 171.050959551985756, -45.044000249845787 ], [ 171.050331259233758, -45.044451904270574 ], [ 171.049677230065811, -45.044886867363445 ], [ 171.04903953426782, -45.045334147198375 ], [ 171.048400306531875, -45.045780268114974 ], [ 171.047749119862345, -45.046217365003621 ], [ 171.047090840223035, -45.04664910818417 ], [ 171.046460909486512, -45.047102231656609 ], [ 171.045802618909988, -45.047533959692252 ], [ 171.04515909162879, -45.047976820376924 ], [ 171.04449727888877, -45.048405000821496 ], [ 171.043860545342426, -45.048852025411982 ], [ 171.043206484722987, -45.049286733880422 ], [ 171.042558440484981, -45.049726280935161 ], [ 171.041888368867717, -45.050148966055573 ], [ 171.041237022212869, -45.050585978833858 ], [ 171.040606235934376, -45.051038724164556 ], [ 171.03995167215956, -45.051473268012622 ], [ 171.039307922301674, -45.051916084979133 ], [ 171.038631846360943, -45.052334157510259 ], [ 171.038004640424816, -45.05278962983288 ], [ 171.037351916257734, -45.053225568128688 ], [ 171.03668218523174, -45.053648486522398 ], [ 171.036038894006339, -45.054091637711636 ], [ 171.035353067996937, -45.054502230517251 ], [ 171.034701341788917, -45.054938918982728 ], [ 171.03404336843758, -45.055370822625562 ], [ 171.033378569054975, -45.055797498317894 ], [ 171.032722628521583, -45.056230951006796 ], [ 171.032056116974189, -45.056656309341527 ], [ 171.031401671946554, -45.057090899847097 ], [ 171.030740245617125, -45.057515960653909 ], [ 171.030099603756042, -45.057951794447064 ], [ 171.029441614222151, -45.058378858983545 ], [ 171.028757639138604, -45.058790081048514 ], [ 171.028097499916584, -45.059221008635831 ], [ 171.027437763293364, -45.059652266104138 ], [ 171.026789722011927, -45.060093190937863 ], [ 171.026103018739633, -45.06050214478131 ], [ 171.025431699669241, -45.060923816071373 ], [ 171.024748301716244, -45.061335496634754 ], [ 171.024088777259465, -45.06176691434144 ], [ 171.023422302334097, -45.062192581876154 ], [ 171.022730926543801, -45.062597656366407 ], [ 171.022056905755392, -45.063017078170255 ], [ 171.021370600419459, -45.063426338941859 ], [ 171.020691685447161, -45.063841707536525 ], [ 171.020016154756405, -45.064259871432867 ], [ 171.019318633099516, -45.064659847918982 ], [ 171.018606545251117, -45.065047776277062 ], [ 171.017912016134972, -45.065445142650695 ], [ 171.017282380653171, -45.065890330249673 ], [ 171.016575106530325, -45.066274064037543 ], [ 171.015894232946096, -45.066688710386615 ], [ 171.015188709017849, -45.067081285657622 ], [ 171.014506579354901, -45.067494801993554 ], [ 171.013823588328847, -45.067907544474515 ], [ 171.013123589904183, -45.068305058026233 ], [ 171.012452020420113, -45.068728020422718 ], [ 171.011743153433088, -45.069117588534105 ], [ 171.011059754311162, -45.069529954665036 ], [ 171.010323805155707, -45.069895270610623 ], [ 171.009636641696119, -45.070304260891938 ], [ 171.008959919378526, -45.070722453257588 ], [ 171.008262387501105, -45.07112191665825 ], [ 171.007587580794649, -45.071541906412335 ], [ 171.00687954832577, -45.071932197493297 ], [ 171.006210472884135, -45.072357424224357 ], [ 171.005515711085991, -45.072759611477721 ], [ 171.004842968440784, -45.073181543971586 ], [ 171.004139167487153, -45.073575618833182 ], [ 171.003441445461078, -45.073975142789571 ], [ 171.002775890952023, -45.074403880558563 ], [ 171.002082326992422, -45.074813270150287 ], [ 171.001370364145174, -45.075206378298688 ], [ 171.000677064442584, -45.075609629800049 ], [ 171.000042296074412, -45.07606240821935 ], [ 170.99932629739024, -45.076446445425439 ], [ 170.998649954742888, -45.076864037130321 ], [ 170.997930536793888, -45.077245174367789 ], [ 170.997236363628787, -45.077646337322101 ], [ 170.99658991300015, -45.07808553043035 ], [ 170.995927630883187, -45.078513127219743 ], [ 170.99526942972588, -45.078946993972941 ], [ 170.994620004313731, -45.079388514785698 ], [ 170.993958483299252, -45.079819479651249 ], [ 170.993349955747163, -45.08029936579063 ], [ 170.992683460352055, -45.080730833798476 ], [ 170.992035502423505, -45.081174169197361 ], [ 170.991322909094151, -45.081566353883858 ], [ 170.990712194972559, -45.082032637466305 ], [ 170.99006967340128, -45.082475782070652 ], [ 170.989452596487638, -45.082938477727417 ], [ 170.988836375648816, -45.083407976359538 ], [ 170.988182670302649, -45.083852691336809 ], [ 170.98755670061766, -45.084308368153074 ], [ 170.986974476214925, -45.084791415085121 ], [ 170.986369948826194, -45.085260501475538 ], [ 170.985795220273445, -45.085748231561297 ], [ 170.985248994567655, -45.086253860678283 ], [ 170.984674610818558, -45.086741852688967 ], [ 170.98414048688511, -45.087254943735203 ], [ 170.983590562968658, -45.087758152716411 ], [ 170.983029033301307, -45.088254101825314 ] ] } },
{ "type": "Feature", "properties": { "group_id": "nzd0472" }, "geometry": { "type": "LineString", "coordinates": [ [ 170.972567963741511, -45.101904195515132 ], [ 170.972465145145009, -45.10253662904185 ], [ 170.972420907061235, -45.103170037128173 ], [ 170.972413276307321, -45.103804051619086 ], [ 170.972527911839762, -45.104440107911003 ] ] } },
{ "type": "Feature", "properties": { "group_id": "nzd0474" }, "geometry": { "type": "LineString", "coordinates": [ [ 170.919999286747043, -45.155954623218911 ], [ 170.919440412556099, -45.156449741029505 ], [ 170.918875483953741, -45.156941996394572 ] ] } },
{ "type": "Feature", "properties": { "group_id": "nzd0482" }, "geometry": { "type": "LineString", "coordinates": [ [ 170.85548205369895, -45.275947798890634 ], [ 170.85478897690345, -45.276360385507893 ], [ 170.854032800413705, -45.276651159673854 ], [ 170.853151321409911, -45.276891444166907 ], [ 170.852147543386451, -45.277122084397917 ], [ 170.851420489125985, -45.277562429905757 ], [ 170.850760320976462, -45.278053225353908 ], [ 170.850125822114194, -45.278533954516845 ], [ 170.84960972737224, -45.279032466480693 ], [ 170.84899255390971, -45.279514874673346 ], [ 170.848347141951194, -45.280039822866605 ], [ 170.84785953216209, -45.280570941227495 ], [ 170.847416551626935, -45.281065992312449 ], [ 170.846911577313392, -45.281634733566385 ], [ 170.846376704875041, -45.282194626067664 ], [ 170.845940117692521, -45.28274244996075 ], [ 170.827090448177302, -45.317311203305202 ], [ 170.827081074452309, -45.317962578222208 ], [ 170.82691496473214, -45.318580473267083 ], [ 170.826695977331354, -45.319199084645014 ], [ 170.82631360856854, -45.319776006431319 ], [ 170.832976395715662, -45.356305147767344 ], [ 170.833393160552902, -45.356860179242076 ], [ 170.833951129113984, -45.357357449128884 ], [ 170.834403268681911, -45.357902269821054 ], [ 170.835022151522139, -45.358366307429364 ], [ 170.835562988247915, -45.358864941635872 ], [ 170.836138015437001, -45.359343115618344 ], [ 170.83676462186645, -45.359790452341258 ], [ 170.837355496187314, -45.360255407706532 ], [ 170.83802724371148, -45.360678867175302 ], [ 170.838896982488052, -45.360843675148217 ], [ 170.839737334414224, -45.360966228125015 ], [ 170.840615944054889, -45.36110196200228 ] ] } },
{ "type": "Feature", "properties": { "group_id": "nzd0483" }, "geometry": { "type": "LineString", "coordinates": [ [ 170.858775415547598, -45.355924098192055 ], [ 170.859514406093098, -45.356277615564373 ], [ 170.860312385963653, -45.356596906257465 ] ] } },
{ "type": "Feature", "properties": { "group_id": "nzd0484" }, "geometry": { "type": "LineString", "coordinates": [ [ 170.862711491782392, -45.35982820949009 ], [ 170.862392707663588, -45.360428511081729 ], [ 170.862126298001186, -45.361039610040194 ] ] } },
{ "type": "Feature", "properties": { "group_id": "nzd0485" }, "geometry": { "type": "LineString", "coordinates": [ [ 170.86213690311132, -45.362298684661297 ], [ 170.862132050415028, -45.362913942913238 ], [ 170.862193114510347, -45.363532986574917 ], [ 170.862406350544603, -45.364146164774766 ], [ 170.862767035859832, -45.364725847470609 ], [ 170.862904571259577, -45.365351332790326 ], [ 170.863157497792287, -45.365952452055495 ], [ 170.863645123240701, -45.366520769468536 ], [ 170.864352745496603, -45.366907123093156 ] ] } },
{ "type": "Feature", "properties": { "group_id": "nzd0486" }, "geometry": { "type": "LineString", "coordinates": [ [ 170.864326346862242, -45.369098726482378 ], [ 170.864382960151687, -45.369741298890716 ], [ 170.86482191241015, -45.370322477091285 ] ] } },
{ "type": "Feature", "properties": { "group_id": "nzd0487" }, "geometry": { "type": "LineString", "coordinates": [ [ 170.865977600619345, -45.372143341659999 ], [ 170.865224887611106, -45.372539890438432 ], [ 170.864694383284501, -45.373090678619988 ] ] } },
{ "type": "Feature", "properties": { "group_id": "nzd0489" }, "geometry": { "type": "LineString", "coordinates": [ [ 170.815828404342227, -45.429674802145712 ], [ 170.815630590149027, -45.430297495606354 ], [ 170.815250924531142, -45.43088716327798 ], [ 170.814935707157531, -45.431482876880089 ], [ 170.81462022753621, -45.432066058466447 ], [ 170.8143048976128, -45.432676632412864 ], [ 170.814076556770033, -45.433293860372466 ] ] } },
{ "type": "Feature", "properties": { "group_id": "nzd0493" }, "geometry": { "type": "LineString", "coordinates": [ [ 170.759973694260225, -45.529586168710118 ], [ 170.759525133213259, -45.530636058429508 ], [ 170.758894613959455, -45.531162303691005 ], [ 170.758369005179247, -45.531612872365649 ], [ 170.757776102553379, -45.532086026829596 ], [ 170.757142451035435, -45.532546634304737 ], [ 170.756521282909148, -45.533012804863169 ], [ 170.755969637300097, -45.533534307859405 ], [ 170.75546363259906, -45.534070364028821 ], [ 170.755023988482094, -45.534626753157411 ] ] } },
{ "type": "Feature", "properties": { "group_id": "nzd0495" }, "geometry": { "type": "LineString", "coordinates": [ [ 170.659826874916945, -45.635098908580368 ], [ 170.659995465073564, -45.63571923620556 ], [ 170.660191191660175, -45.636338220776622 ], [ 170.660472170981166, -45.636935304314385 ], [ 170.660691089502734, -45.637539084449308 ] ] } },
{ "type": "Feature", "properties": { "group_id": "nzd0496" }, "geometry": { "type": "LineString", "coordinates": [ [ 170.662725850164236, -45.642112918757569 ], [ 170.661976528779775, -45.642461913227351 ], [ 170.661253013802366, -45.642842640498692 ], [ 170.660526869804613, -45.643249744417311 ], [ 170.659849483146303, -45.643721777016154 ], [ 170.659168323685179, -45.64418670879413 ], [ 170.658585358434408, -45.644665705443842 ], [ 170.657984263389125, -45.645124977467724 ], [ 170.65739418491296, -45.645588815013767 ], [ 170.656835521730557, -45.646080425842726 ], [ 170.656356197678832, -45.646615946625701 ], [ 170.655858009507568, -45.647154346588721 ], [ 170.655438444557603, -45.647732510470142 ], [ 170.655099044488139, -45.648334447246626 ], [ 170.65468523658771, -45.648909363826036 ], [ 170.654334679342043, -45.649499073027478 ], [ 170.653938590903124, -45.650056750543449 ], [ 170.653552328979004, -45.650611815139747 ] ] } },
{ "type": "Feature", "properties": { "group_id": "nzd0497" }, "geometry": { "type": "LineString", "coordinates": [ [ 170.601099754787413, -45.710860175239439 ], [ 170.601225980652003, -45.711493281648124 ], [ 170.601240461587366, -45.712107464655631 ], [ 170.60120458328123, -45.712711150928961 ], [ 170.601363497064142, -45.713323704114913 ], [ 170.601393979326957, -45.71395085946547 ], [ 170.601557955575714, -45.714571498601721 ], [ 170.601661333497248, -45.715195085567387 ], [ 170.601823004772911, -45.715815781072607 ], [ 170.601793769506827, -45.71644578498811 ], [ 170.601854434953225, -45.717071429405735 ], [ 170.602055290973681, -45.717690216433901 ], [ 170.601792124229803, -45.718329755042419 ], [ 170.602122858015548, -45.718933472428979 ], [ 170.602156920505962, -45.719557800026479 ], [ 170.602036753793527, -45.72019710676981 ], [ 170.60237396409812, -45.720802866311573 ], [ 170.602204358307119, -45.72144695590552 ], [ 170.602465361320384, -45.722061759163346 ], [ 170.602589897897417, -45.722685612200827 ], [ 170.602378933219455, -45.723326927755622 ], [ 170.602833969790652, -45.723932261647747 ], [ 170.602829189682069, -45.724558811304171 ], [ 170.603136024490681, -45.725164545038879 ], [ 170.603301815711802, -45.725781896849966 ], [ 170.603207517762655, -45.726424030065871 ], [ 170.603388073565071, -45.727109529173454 ], [ 170.602874084896456, -45.727727698642198 ], [ 170.602848770802467, -45.72846341260135 ], [ 170.602491754761502, -45.729103783585799 ], [ 170.602223289693995, -45.729582364693222 ], [ 170.602034171166565, -45.730111388062703 ] ] } },
{ "type": "Feature", "properties": { "group_id": "nzd0498" }, "geometry": { "type": "LineString", "coordinates": [ [ 170.616736113052724, -45.736458751565863 ], [ 170.617202985101954, -45.736994323710178 ], [ 170.617802158961666, -45.737471525270223 ], [ 170.618430048159524, -45.737912905631319 ], [ 170.619036015909103, -45.738374815292751 ], [ 170.619640975510379, -45.73884035337241 ], [ 170.620359093561007, -45.739223358163251 ], [ 170.621000670135288, -45.739662354597947 ], [ 170.621638437509517, -45.740104690938409 ], [ 170.622380055863601, -45.740467954669413 ], [ 170.623030789162755, -45.740902090466975 ], [ 170.623720761135843, -45.74130459397476 ], [ 170.624445403457884, -45.741677271636533 ], [ 170.625201406613343, -45.742019283094479 ], [ 170.627367100424465, -45.741136254017412 ] ] } },
{ "type": "Feature", "properties": { "group_id": "nzd0499" }, "geometry": { "type": "LineString", "coordinates": [ [ 170.641369832239974, -45.744582543395303 ], [ 170.641888755683908, -45.745099617925909 ], [ 170.642313017010309, -45.745652054337192 ], [ 170.642785968586566, -45.746186293987094 ], [ 170.643247714145588, -45.746724715032322 ], [ 170.643615026392212, -45.74729841232493 ], [ 170.644105090041137, -45.747826242658498 ], [ 170.644528520974688, -45.748378282438388 ], [ 170.644969810329286, -45.748923048127928 ], [ 170.645469528221241, -45.749447024087985 ], [ 170.645856810901165, -45.75001305199298 ], [ 170.646355386185007, -45.75053808168758 ], [ 170.646867833912864, -45.751057996306962 ], [ 170.647358403432776, -45.751585964036451 ], [ 170.647906582719457, -45.752094000724789 ], [ 170.648448141702687, -45.752605079005939 ], [ 170.64891092803262, -45.753145867176954 ], [ 170.649486528783456, -45.753633943635364 ], [ 170.650001353886523, -45.754153067102905 ], [ 170.650622543161859, -45.754610565910362 ], [ 170.651216284649621, -45.755080791226412 ], [ 170.651767822223349, -45.755577335506956 ], [ 170.652380261033699, -45.756035891772477 ], [ 170.652977219092634, -45.756504099673485 ], [ 170.653661737089095, -45.756917692127999 ], [ 170.654326512616819, -45.757346498612669 ], [ 170.65497945846468, -45.757781330386152 ], [ 170.655680616837884, -45.758177411219791 ], [ 170.65634456062179, -45.758600714380137 ], [ 170.65704560309274, -45.758995059100762 ], [ 170.657708908114046, -45.759423781930145 ], [ 170.658395480749277, -45.759829215501142 ], [ 170.659138342726806, -45.760183352610994 ], [ 170.659998915350002, -45.760431354978934 ] ] } },
{ "type": "Feature", "properties": { "group_id": "nzd0500" }, "geometry": { "type": "LineString", "coordinates": [ [ 170.67806768269844, -45.760199884303077 ], [ 170.678875879042579, -45.760474151742073 ], [ 170.679683646671975, -45.760744735484842 ], [ 170.680481685179529, -45.761031319259168 ], [ 170.681357436599654, -45.761180791084271 ], [ 170.682241865640378, -45.761304599542555 ], [ 170.683101991224049, -45.761487081896227 ], [ 170.683999919257843, -45.761546823781984 ], [ 170.684879501837997, -45.761670762830775 ], [ 170.685778363466596, -45.761687381023194 ], [ 170.686671319495645, -45.761776999677927 ] ] } },
{ "type": "Feature", "properties": { "group_id": "nzd0501" }, "geometry": { "type": "LineString", "coordinates": [ [ 170.665981436009673, -45.761940958244324 ], [ 170.666801908647642, -45.762181847975377 ], [ 170.667646401499724, -45.762371064371045 ], [ 170.668511014831893, -45.7625396053404 ], [ 170.669401930489556, -45.762617671138464 ], [ 170.670309462405442, -45.762640071028621 ], [ 170.671187471126814, -45.762729285904598 ], [ 170.672076638635701, -45.762760076766355 ] ] } },
{ "type": "Feature", "properties": { "group_id": "nzd0502" }, "geometry": { "type": "LineString", "coordinates": [ [ 170.695500169129872, -45.764450542226491 ], [ 170.695777445185598, -45.765053745226865 ], [ 170.696064193396552, -45.765647588976357 ], [ 170.696475496021208, -45.766212282432257 ], [ 170.69689347961463, -45.766777350073319 ], [ 170.697333662665329, -45.767331753632476 ], [ 170.697572992804396, -45.767897756080764 ], [ 170.697932058758198, -45.768460693772838 ], [ 170.698517676311127, -45.768937760044871 ], [ 170.698924708055898, -45.769498441232315 ], [ 170.699610344346297, -45.769938119907209 ], [ 170.700175946422178, -45.770416356238123 ], [ 170.700631539069803, -45.77093680269877 ], [ 170.7011498052089, -45.771441634782825 ], [ 170.701912194819243, -45.771791157117519 ], [ 170.702489154114829, -45.772273935713791 ], [ 170.703188661840187, -45.772652807590681 ], [ 170.703869403591426, -45.773043335913925 ], [ 170.704550179309905, -45.773451712133266 ], [ 170.705221274941323, -45.773870905240521 ], [ 170.705952481913414, -45.774234068060572 ], [ 170.706702241762116, -45.77457846111453 ], [ 170.707464065086043, -45.774911558097919 ], [ 170.708261729327177, -45.775201136426936 ], [ 170.70901185251526, -45.77554981527291 ], [ 170.709812047943387, -45.775839120704667 ], [ 170.710653656356072, -45.776060143235483 ] ] } },
{ "type": "Feature", "properties": { "group_id": "nzd0503" }, "geometry": { "type": "LineString", "coordinates": [ [ 170.740188472852566, -45.787951521947917 ], [ 170.740255817395393, -45.788628565811671 ], [ 170.740147572160907, -45.789265626866062 ], [ 170.739943690910678, -45.789874927187618 ], [ 170.739661282611451, -45.790488455524439 ], [ 170.740651764902083, -45.791283176474877 ] ] } },
{ "type": "Feature", "properties": { "group_id": "nzd0504" }, "geometry": { "type": "LineString", "coordinates": [ [ 170.741228711742224, -45.800070966203798 ], [ 170.741581103166226, -45.800648611516479 ], [ 170.741938599563071, -45.801223565894354 ], [ 170.742397212899959, -45.801760790033377 ], [ 170.742838331742234, -45.80230277339691 ], [ 170.743340489682765, -45.802822301106303 ], [ 170.743739791080657, -45.803387304560133 ], [ 170.74441948872169, -45.803818838292131 ] ] } },
{ "type": "Feature", "properties": { "group_id": "nzd0505" }, "geometry": { "type": "LineString", "coordinates": [ [ 170.743813259717342, -45.809609895059729 ], [ 170.743443925087718, -45.810181606643852 ], [ 170.743030088903367, -45.810747181453245 ], [ 170.742676837808489, -45.811321982579216 ], [ 170.742545940250665, -45.811951670710762 ], [ 170.742350191204423, -45.812567291074792 ], [ 170.742189413321967, -45.813183543588131 ] ] } },
{ "type": "Feature", "properties": { "group_id": "nzd0506" }, "geometry": { "type": "LineString", "coordinates": [ [ 170.735552087546012, -45.815908872578369 ], [ 170.735284720049606, -45.8165159361468 ], [ 170.734965927348952, -45.81711271096686 ], [ 170.734443408540727, -45.817645260715523 ], [ 170.734182578324067, -45.818249339874441 ], [ 170.733757813705409, -45.818808292661089 ], [ 170.733281049711053, -45.819351096833877 ], [ 170.732946747207365, -45.819932054292003 ], [ 170.732741310629279, -45.820549580376067 ], [ 170.732445078582543, -45.821159139888117 ], [ 170.732244207789648, -45.821820471390346 ], [ 170.731917891340316, -45.822434502537142 ], [ 170.731655653074341, -45.823033150117801 ], [ 170.731424729989527, -45.823638227573852 ], [ 170.73121823510391, -45.824248319334814 ], [ 170.730947778475439, -45.824845258138751 ], [ 170.730890982551017, -45.825497869334747 ], [ 170.73063812797426, -45.826120367300128 ], [ 170.730503238969902, -45.826751534199261 ], [ 170.730432649244364, -45.82738316406131 ], [ 170.73034139482769, -45.82801135825936 ], [ 170.730284829514602, -45.82864530114265 ], [ 170.730068465298842, -45.829258503648013 ], [ 170.730089129132523, -45.82992280396644 ], [ 170.730149682505612, -45.830575527883688 ], [ 170.729958652255988, -45.831189024863143 ], [ 170.729934027569016, -45.83181820540694 ], [ 170.72991837424982, -45.83244822481462 ], [ 170.729804931136869, -45.833072807829097 ], [ 170.72977211248687, -45.833705959838227 ], [ 170.729749958430062, -45.834335218686029 ], [ 170.72980936005635, -45.834965580474822 ], [ 170.729819853812245, -45.835596371826732 ], [ 170.729936635745162, -45.836223004379832 ], [ 170.729997272552453, -45.836847524290505 ], [ 170.730001642080481, -45.837474112816281 ], [ 170.730121930613166, -45.838096292475804 ], [ 170.73030179030539, -45.838713080508938 ], [ 170.730473934955882, -45.839323986010292 ], [ 170.730590258216296, -45.839943787978356 ], [ 170.730876695452622, -45.84054088341864 ], [ 170.731099239939141, -45.841146440051503 ], [ 170.731400264517902, -45.841740244575128 ], [ 170.731420420976463, -45.842378863539231 ], [ 170.731742332396777, -45.842982064187645 ], [ 170.731892794695227, -45.843640048104938 ], [ 170.731807974987049, -45.844313545747603 ] ] } },
{ "type": "Feature", "properties": { "group_id": "nzd0507" }, "geometry": { "type": "LineString", "coordinates": [ [ 170.740796077408504, -45.862192764825309 ], [ 170.740807709445619, -45.862823230272035 ], [ 170.74093254379008, -45.863449744872383 ], [ 170.74122449311318, -45.864085800518517 ], [ 170.741647308626426, -45.864679960408189 ], [ 170.742067408734073, -45.865249465470164 ], [ 170.742683834854688, -45.865734462610632 ] ] } },
{ "type": "Feature", "properties": { "group_id": "nzd0508" }, "geometry": { "type": "LineString", "coordinates": [ [ 170.704246453008153, -45.874815595277155 ], [ 170.703343859392817, -45.874824558034327 ], [ 170.702466252251781, -45.874984526425706 ], [ 170.701556146134863, -45.874948071322649 ], [ 170.700706602371838, -45.875277680585015 ], [ 170.699828656879077, -45.875529303045248 ], [ 170.698911568480639, -45.875627444836084 ], [ 170.698048381110056, -45.875838802602388 ], [ 170.697158950216419, -45.875952665797122 ], [ 170.696324638070109, -45.876190973212971 ], [ 170.695421773050953, -45.876274497511567 ], [ 170.694568417967218, -45.876469806180729 ], [ 170.693725948478175, -45.876689693660346 ], [ 170.692895660189492, -45.87696666954038 ], [ 170.69201626367925, -45.877144616005033 ], [ 170.691213394899933, -45.877439189546266 ], [ 170.690367837285578, -45.877650414206421 ], [ 170.689548823749647, -45.87790980111339 ], [ 170.688723866021888, -45.878207127547995 ], [ 170.687940617084479, -45.878551436961047 ], [ 170.687133720779968, -45.878832021862145 ], [ 170.686357932742794, -45.879135447171755 ], [ 170.68558942611466, -45.879414846266123 ], [ 170.684848552906857, -45.879768123102082 ], [ 170.684112583364509, -45.880168909547557 ], [ 170.683420904079213, -45.880645942406048 ] ] } },
{ "type": "Feature", "properties": { "group_id": "nzd0509" }, "geometry": { "type": "LineString", "coordinates": [ [ 170.652380603172048, -45.898993679546216 ], [ 170.652118904760215, -45.898213612438219 ], [ 170.65141293132271, -45.897827204933733 ], [ 170.650642013013879, -45.897477522159484 ], [ 170.64982622067194, -45.897177531557389 ], [ 170.649046749421046, -45.896810164939723 ], [ 170.648193834040171, -45.896613094897504 ], [ 170.647319262286118, -45.89638447574994 ], [ 170.646362963344501, -45.896378311871537 ], [ 170.645488804426464, -45.896198092358539 ], [ 170.644603661668071, -45.896092043342549 ], [ 170.643716895292727, -45.89599635899544 ], [ 170.642902047601922, -45.895693918563914 ], [ 170.641980460502737, -45.895765097546928 ], [ 170.641151992991269, -45.895480239437489 ] ] } },
{ "type": "Feature", "properties": { "group_id": "nzd0510" }, "geometry": { "type": "LineString", "coordinates": [ [ 170.551608291252592, -45.906653408344198 ], [ 170.550642782977121, -45.906853581189324 ], [ 170.549727165256655, -45.906804906830764 ], [ 170.548817561305157, -45.906863366304933 ], [ 170.547906079500962, -45.906774460158111 ], [ 170.546991622115172, -45.906670797393382 ], [ 170.546093794740273, -45.906604835920682 ], [ 170.54522526585933, -45.906652458952479 ], [ 170.54433030052266, -45.906645465402164 ], [ 170.543398319373097, -45.906551424637399 ], [ 170.54251243084596, -45.906641479780127 ], [ 170.541630222092522, -45.906667587705101 ], [ 170.540706875838509, -45.906573766957088 ], [ 170.539775870620076, -45.906664189833798 ], [ 170.538819746687551, -45.906559874007556 ], [ 170.53792377068342, -45.906789354284037 ] ] } },
{ "type": "Feature", "properties": { "group_id": "nzd0511" }, "geometry": { "type": "LineString", "coordinates": [ [ 170.563580128137744, -45.906880429307826 ], [ 170.562642475081844, -45.906785395328413 ], [ 170.561790782254008, -45.907019414343949 ], [ 170.560890565883966, -45.907067677363926 ], [ 170.560070643952599, -45.907286114183549 ], [ 170.559272246186623, -45.90754504963315 ], [ 170.558409370298648, -45.90775781999838 ], [ 170.557517680391157, -45.907729434922786 ], [ 170.556744884452172, -45.907525400453785 ], [ 170.556080080338347, -45.90714963916728 ] ] } },
{ "type": "Feature", "properties": { "group_id": "nzd0512" }, "geometry": { "type": "LineString", "coordinates": [ [ 170.531355400072982, -45.907862219895193 ], [ 170.530410584733801, -45.90774659312396 ], [ 170.52943810333818, -45.907783542899338 ], [ 170.528525269174423, -45.907827330244395 ], [ 170.527636966950041, -45.907969673257668 ], [ 170.526731173091747, -45.907888491124034 ], [ 170.525841323162865, -45.90801107297321 ], [ 170.524942354276078, -45.907921536282181 ], [ 170.524056208685579, -45.907987546276672 ], [ 170.523159200425482, -45.907987744732957 ], [ 170.522259126854834, -45.907956506607249 ], [ 170.521360837703668, -45.907962974007404 ], [ 170.520465013787458, -45.908021574247336 ], [ 170.519567564305191, -45.90804579337243 ], [ 170.518670793999945, -45.908084380905201 ], [ 170.517772890983423, -45.908098994297539 ], [ 170.516875200939353, -45.908118107769418 ], [ 170.515978718709505, -45.908162792334188 ], [ 170.515083757185124, -45.908239693552758 ], [ 170.514188374747448, -45.908307696952349 ], [ 170.51329259285697, -45.90836725110421 ], [ 170.512396756901865, -45.908425671234262 ], [ 170.511503203491003, -45.908532496770661 ], [ 170.510608640919855, -45.908719213453814 ], [ 170.509679926771696, -45.908719194107221 ], [ 170.508778177986869, -45.908869822209418 ], [ 170.507879165831497, -45.908910485841709 ], [ 170.506994544879802, -45.909020283122224 ], [ 170.506103826324079, -45.909100784379923 ], [ 170.505210676818052, -45.909169602736959 ], [ 170.50434174083577, -45.909354765746102 ], [ 170.503447807262319, -45.909419815008725 ], [ 170.502553607551505, -45.909483581148358 ], [ 170.501671662389896, -45.909606236545535 ], [ 170.500775669493976, -45.9096613789618 ], [ 170.49990131853906, -45.909820534987304 ], [ 170.499007602876219, -45.909886618259044 ], [ 170.498111567714432, -45.909995400824002 ], [ 170.497195757714991, -45.910072618887973 ], [ 170.496308412524172, -45.91021461662708 ], [ 170.495414244523062, -45.910293770062701 ], [ 170.494508591382612, -45.910335760510712 ], [ 170.493668589302331, -45.910590152126268 ], [ 170.492772713625811, -45.910771143423077 ], [ 170.491876266661592, -45.911032036673632 ], [ 170.49104632327635, -45.911341235048354 ], [ 170.490232103267033, -45.911618048628654 ], [ 170.489440796738904, -45.91192793274579 ] ] } },
{ "type": "Feature", "properties": { "group_id": "nzd0513" }, "geometry": { "type": "LineString", "coordinates": [ [ 170.427469624967159, -45.928320954494573 ], [ 170.42656624549852, -45.92805989485889 ], [ 170.425588482472904, -45.927970441621667 ], [ 170.424672971602917, -45.928292706216858 ], [ 170.423766762284714, -45.928388533072386 ], [ 170.422824799786383, -45.928098616300773 ], [ 170.421957672777779, -45.928311300671247 ], [ 170.4210699454745, -45.928410937065877 ], [ 170.42017195954196, -45.92846705722463 ], [ 170.419263008302778, -45.928447096315338 ], [ 170.418397913915953, -45.928747230894892 ], [ 170.417501781420242, -45.928768225078528 ], [ 170.397158605544149, -45.931233398214935 ], [ 170.396308062761506, -45.931437391520781 ], [ 170.395440236183049, -45.931598907892443 ], [ 170.394623999232607, -45.931879239967252 ], [ 170.393773488523124, -45.932080394482014 ], [ 170.392948452482585, -45.932324494280664 ], [ 170.392103466360197, -45.932519343636855 ], [ 170.391215611150102, -45.932659220594687 ], [ 170.390322611439927, -45.932790635493504 ], [ 170.389611490966502, -45.933231389711665 ], [ 170.388814789557983, -45.933528736261508 ], [ 170.387992579023148, -45.933785525516441 ], [ 170.38715392978645, -45.934019713092717 ], [ 170.386303342348725, -45.934230621291675 ], [ 170.385448940138502, -45.934426057529265 ], [ 170.384578230415258, -45.934600602740161 ], [ 170.383681673459336, -45.934697433202821 ], [ 170.382823620385267, -45.934911450701527 ], [ 170.381925100604235, -45.934967370057123 ], [ 170.381030623900841, -45.935057185358382 ], [ 170.380140673563716, -45.935146709193887 ], [ 170.379237565660134, -45.935151903742664 ], [ 170.378350603181218, -45.935271152024129 ], [ 170.37745840408769, -45.93535097515241 ], [ 170.376559824816496, -45.935345807292677 ], [ 170.375679905312154, -45.935469338966968 ], [ 170.374783084275293, -45.935518748306386 ], [ 170.373899420967973, -45.935635523832268 ], [ 170.372989522295029, -45.935642652545418 ], [ 170.372094235458263, -45.935696377563779 ], [ 170.371214314836323, -45.935770174531996 ], [ 170.370335795665056, -45.9359027700242 ], [ 170.369480201536589, -45.936190278478641 ], [ 170.368568303154376, -45.936208151267245 ], [ 170.367691283581763, -45.936360611660376 ], [ 170.366811492757165, -45.936498960880037 ], [ 170.365943956473046, -45.936649613046434 ], [ 170.365083144116255, -45.936797961965198 ], [ 170.364238166579838, -45.937005321843912 ], [ 170.36336560020581, -45.937151338566537 ], [ 170.362489589166074, -45.937309331309059 ], [ 170.361631492375295, -45.937502170991579 ], [ 170.360730817124193, -45.937605931334225 ], [ 170.359881305417275, -45.93780132801519 ], [ 170.358988505088746, -45.937911333979862 ], [ 170.358163851001279, -45.93811287862318 ], [ 170.357330351155611, -45.938184635400944 ], [ 170.356489307240849, -45.938458826166602 ], [ 170.355641733184115, -45.938718420197539 ] ] } },
{ "type": "Feature", "properties": { "group_id": "nzd0514" }, "geometry": { "type": "LineString", "coordinates": [ [ 170.303998931010739, -45.958493461881687 ], [ 170.303196563370676, -45.958798078939999 ], [ 170.30243590194533, -45.959151528815603 ], [ 170.301681083943464, -45.959506956171005 ], [ 170.300998058849217, -45.959865741638403 ], [ 170.300252398289672, -45.9601680876413 ], [ 170.299405245986179, -45.960410114370859 ], [ 170.29871216093585, -45.960821171269679 ], [ 170.297973619969895, -45.961171322141794 ], [ 170.297266912344384, -45.961582170672813 ], [ 170.29652209556383, -45.961956098821439 ], [ 170.295775587335072, -45.962318409731694 ], [ 170.29506372815888, -45.962713228361579 ], [ 170.294375774642134, -45.963125191893226 ], [ 170.293715968560463, -45.963559626084702 ], [ 170.293050862972194, -45.963980735254552 ] ] } },
{ "type": "Feature", "properties": { "group_id": "nzd0515" }, "geometry": { "type": "LineString", "coordinates": [ [ 170.228924665382323, -46.026603697464544 ], [ 170.228351220514554, -46.027084916456936 ], [ 170.227792075767439, -46.027575368619082 ], [ 170.227195053578981, -46.028041350205918 ], [ 170.226699209326114, -46.028572683194561 ], [ 170.22616725530952, -46.029097651150963 ], [ 170.225558181754394, -46.029578719857795 ], [ 170.225050805599551, -46.030099210257958 ], [ 170.224508381115442, -46.030596123417574 ], [ 170.22409954872623, -46.031167971441654 ], [ 170.22362558213041, -46.031709142910863 ], [ 170.223020886384717, -46.032186222509239 ], [ 170.222532969544176, -46.032709646015263 ], [ 170.222107066657003, -46.033260652370821 ], [ 170.221598104285619, -46.03376753550971 ], [ 170.221181123492528, -46.034286367574602 ], [ 170.220641902756313, -46.034756551361234 ], [ 170.220014331028494, -46.035202722397479 ], [ 170.219460706663966, -46.035696740147408 ], [ 170.218994224508435, -46.036257909260648 ], [ 170.218525530019576, -46.036810345395878 ] ] } },
{ "type": "Feature", "properties": { "group_id": "nzd0517" }, "geometry": { "type": "LineString", "coordinates": [ [ 167.415467564299888, -46.149698821712192 ], [ 167.414578755587229, -46.149811288192545 ], [ 167.413671703661578, -46.149871869120467 ], [ 167.412780358310187, -46.15002700649066 ], [ 167.411907610371685, -46.150194798230444 ], [ 167.411036746843905, -46.150349706976392 ], [ 167.410046024868876, -46.150066035800521 ], [ 167.40926688814514, -46.150556584123059 ], [ 167.408405537863786, -46.150746302948242 ], [ 167.407525870007106, -46.150868990487915 ], [ 167.40668755210811, -46.15114300452916 ], [ 167.405783759937435, -46.151222339450975 ], [ 167.404920672054402, -46.151424244053445 ], [ 167.404091858987613, -46.1516740329321 ], [ 167.403275868692106, -46.151947901673289 ] ] } },
{ "type": "Feature", "properties": { "group_id": "nzd0518" }, "geometry": { "type": "LineString", "coordinates": [ [ 167.577443219996724, -46.179453332340493 ], [ 167.576646589324326, -46.17915991081486 ], [ 167.575808313345931, -46.178921448101157 ], [ 167.575022883296469, -46.178620532484793 ], [ 167.574257841061922, -46.178295522593331 ], [ 167.573418975881197, -46.17805775003368 ], [ 167.572771052185402, -46.177594337026335 ], [ 167.571898204790159, -46.177396718750138 ], [ 167.571047347322406, -46.177173111593703 ], [ 167.570128106895766, -46.177030307457194 ], [ 167.569318350202508, -46.176758126397964 ], [ 167.568506146423346, -46.176488835041262 ], [ 167.567771932472823, -46.176127386490698 ], [ 167.567185940087427, -46.175590794348828 ], [ 167.566181565834427, -46.175548572957936 ], [ 167.565342796541387, -46.175310665011168 ], [ 167.564699072150262, -46.174842291544344 ], [ 167.563966674399296, -46.174478694160783 ], [ 167.563146992355314, -46.174218604075755 ], [ 167.562411966535279, -46.173859301340904 ], [ 167.561527454025253, -46.173675165848842 ], [ 167.560728169476647, -46.173390375010378 ], [ 167.559726562506768, -46.17334290912676 ], [ 167.558906840756606, -46.173082085294965 ], [ 167.558118828843391, -46.172784064260938 ], [ 167.557328298238417, -46.172488996162855 ], [ 167.556532250588759, -46.172200397863158 ], [ 167.555770604467995, -46.171871446731458 ], [ 167.554973715159718, -46.171582663933009 ], [ 167.554207920386972, -46.171257318206976 ], [ 167.553401201740286, -46.1709760265786 ], [ 167.552620110926142, -46.170667712784606 ], [ 167.551864185672372, -46.170332764139729 ], [ 167.551124040470057, -46.169981113917011 ], [ 167.550312164321525, -46.169705374715022 ], [ 167.549532152202346, -46.169395911863994 ], [ 167.548778373486698, -46.169058684960135 ], [ 167.548020320459841, -46.168725972297786 ], [ 167.547254684869415, -46.168401239709148 ], [ 167.54645710896213, -46.168109771936038 ], [ 167.545702900053357, -46.167772940135841 ], [ 167.544964246755313, -46.167419826425842 ], [ 167.544151696751896, -46.167144050196512 ], [ 167.543398954546063, -46.166805678314418 ], [ 167.542583750857574, -46.166532674701948 ], [ 167.541871129766633, -46.166152310304938 ], [ 167.541112954465973, -46.165819619562107 ], [ 167.540337631483993, -46.165504872905217 ], [ 167.488597537602431, -46.151467689949925 ], [ 167.487715911519814, -46.151351578442842 ], [ 167.486841109018542, -46.151208391066973 ], [ 167.485935430695889, -46.151187732791875 ], [ 167.485035876615797, -46.151142767774672 ], [ 167.484157841995966, -46.151012412326736 ], [ 167.483242468379956, -46.151030212884947 ], [ 167.482343218467093, -46.150984033000455 ], [ 167.481452529198492, -46.150962210042245 ], [ 167.480566004903665, -46.150938610056954 ], [ 167.479732493322643, -46.150700095282836 ], [ 167.478751454669322, -46.150881163231482 ], [ 167.477888310607369, -46.150707716215685 ], [ 167.476988944351888, -46.15064318516847 ], [ 167.476106038001291, -46.150529161175797 ], [ 167.475223588541752, -46.150413763470667 ], [ 167.474337960709221, -46.150307921562707 ], [ 167.473504439227526, -46.150045426576867 ], [ 167.472646305190779, -46.149848190881592 ], [ 167.471712853731844, -46.149875823578078 ] ] } },
{ "type": "Feature", "properties": { "group_id": "nzd0519" }, "geometry": { "type": "LineString", "coordinates": [ [ 170.079308834278521, -46.202682839542504 ], [ 170.078589054842325, -46.203018442864696 ], [ 170.077850521628875, -46.203374015634118 ], [ 170.077042951008991, -46.203664089297305 ], [ 170.076281309648664, -46.203972510864347 ], [ 170.075545895806442, -46.204329424477613 ] ] } },
{ "type": "Feature", "properties": { "group_id": "nzd0520" }, "geometry": { "type": "LineString", "coordinates": [ [ 166.778514454201826, -46.220418745275502 ], [ 166.778123442720982, -46.219805353993991 ], [ 166.777440511087917, -46.219401167889259 ], [ 166.776681909219377, -46.219051208422577 ], [ 166.775807681263046, -46.218784108870018 ], [ 166.774920520644457, -46.218526272321988 ], [ 166.77422782033068, -46.218129073446001 ], [ 166.773499499899344, -46.217757398072386 ], [ 166.772738466792049, -46.217409162235292 ], [ 166.772040306012087, -46.217015866880935 ], [ 166.771525810722238, -46.216490948945562 ] ] } },
{ "type": "Feature", "properties": { "group_id": "nzd0521" }, "geometry": { "type": "LineString", "coordinates": [ [ 170.024480616019702, -46.231316024940938 ], [ 170.023689261776013, -46.231636835756674 ], [ 170.022922250379224, -46.231954705173656 ], [ 170.022099245684871, -46.232227052214547 ], [ 170.021289214337571, -46.232562193886302 ], [ 170.020520537894072, -46.232887793895607 ], [ 170.019744505472147, -46.233174084650017 ], [ 170.019051634998135, -46.233455576380429 ], [ 170.018275759885398, -46.233768914228953 ], [ 170.017449878682839, -46.234112599322224 ], [ 170.016669752136636, -46.234430520212932 ], [ 170.015912692127586, -46.234782003997694 ], [ 170.015189515588446, -46.235206664819529 ], [ 170.014480616064731, -46.235625459946718 ], [ 170.01381371998977, -46.23601393339586 ], [ 170.013152266886095, -46.23638862261469 ], [ 170.012496087534998, -46.236792301865563 ], [ 170.011764156785034, -46.237159276059806 ], [ 170.010987491011804, -46.237515410053319 ], [ 170.010312421804372, -46.237967698079494 ], [ 170.009612854742699, -46.238396471544327 ], [ 170.008902715098571, -46.238815980388232 ], [ 170.008231715190647, -46.239270126531004 ], [ 170.007630540017004, -46.239667965306175 ], [ 170.007046645776825, -46.240052772556446 ], [ 170.006349252679144, -46.24046771485709 ], [ 170.005646615133685, -46.240885186197332 ], [ 170.004962049603449, -46.241319954688365 ], [ 170.004341356430245, -46.241832247467123 ], [ 170.00371254299597, -46.242333412857747 ], [ 170.003105950560524, -46.242812722127731 ], [ 170.002642870128966, -46.243348946870995 ], [ 170.002211080876037, -46.243901444396556 ], [ 170.001784003411331, -46.244559554837238 ], [ 170.001361523494296, -46.245222695546488 ], [ 170.001235186929478, -46.24585679550222 ], [ 170.00103736102821, -46.246465272647818 ], [ 170.000831019868286, -46.247160415793246 ], [ 170.000776168092557, -46.247876094421066 ], [ 170.00108379521717, -46.248478423866118 ], [ 170.001335694259041, -46.249084730461327 ], [ 170.001506957930616, -46.249663236553531 ], [ 170.001498383722236, -46.250067052395508 ], [ 170.001329187174264, -46.250579533877904 ], [ 170.000859349148044, -46.251113959592743 ], [ 170.000333353802915, -46.251617875080669 ], [ 169.999782403691569, -46.252095215210467 ], [ 169.999154610858938, -46.252466855372745 ], [ 169.99849852398566, -46.252847294562294 ], [ 169.997819796638197, -46.253266663644794 ], [ 169.997070282411414, -46.253608848091268 ], [ 169.996301280409085, -46.253929781286729 ], [ 169.995614214342453, -46.254340053447692 ], [ 169.994819494799941, -46.254632939974066 ], [ 169.994046177877436, -46.254968912081218 ], [ 169.993242661744318, -46.255299671113576 ], [ 169.992503778914767, -46.255678744116011 ], [ 169.991888305513811, -46.256132351982565 ], [ 169.991236740898813, -46.256559612540435 ], [ 169.990624483810279, -46.257015561152677 ], [ 169.990089457203283, -46.257492725689509 ], [ 169.989437202460408, -46.257872165977638 ], [ 169.988704084374689, -46.258221227601958 ], [ 169.987939919872957, -46.258547950564008 ], [ 169.987141475125753, -46.258833387931553 ], [ 169.986325600417388, -46.259097831386377 ], [ 169.985482600340362, -46.259329603654855 ] ] } },
{ "type": "Feature", "properties": { "group_id": "nzd0522" }, "geometry": { "type": "LineString", "coordinates": [ [ 167.726608276179149, -46.300314861909229 ], [ 167.727325493800663, -46.299886727870202 ], [ 167.728484009266452, -46.299637335713122 ], [ 167.728841306088583, -46.299063401545077 ], [ 167.729133454788581, -46.29846307344868 ], [ 167.729451773653153, -46.297873339884774 ], [ 167.729889051768311, -46.2973254127225 ], [ 167.72988094640408, -46.296589170762303 ], [ 167.730134314406854, -46.295976812732789 ], [ 167.730321034803467, -46.295367984434598 ], [ 167.730431257158756, -46.294743066311369 ], [ 167.730618365155635, -46.294134306150802 ], [ 167.730728404029264, -46.293509335922998 ], [ 167.730836578416557, -46.292883966868075 ], [ 167.731088319753695, -46.292288775658328 ], [ 167.731351034601403, -46.291700273420204 ], [ 167.731435851809579, -46.291085847016781 ], [ 167.731625662435221, -46.290478982916369 ], [ 167.731809137038653, -46.289871346340085 ], [ 167.731930154625758, -46.289256717941669 ], [ 167.732069791964619, -46.288644164938574 ], [ 167.732192214805877, -46.288026428498682 ], [ 167.732260050124438, -46.287402976406106 ], [ 167.732411698938847, -46.286784240313438 ], [ 167.732447967299748, -46.286164601974306 ], [ 167.732605355655494, -46.285548780472325 ], [ 167.732532010511761, -46.284925667412189 ], [ 167.732546940006301, -46.284289984806634 ], [ 167.732613968352098, -46.283644326934393 ], [ 167.703218287892014, -46.251461165253389 ], [ 167.702569911923803, -46.251031060001033 ], [ 167.70199078222393, -46.250555658921506 ], [ 167.701354909094761, -46.250117369150814 ], [ 167.700313734989578, -46.249944171421944 ], [ 167.699669648365756, -46.249511246525692 ], [ 167.699224982536521, -46.248947884107892 ], [ 167.698620685145983, -46.248488927930978 ], [ 167.698031486161312, -46.248020093079973 ], [ 167.697343925450184, -46.247615589920869 ], [ 167.696741046890537, -46.24715569576594 ], [ 167.696133212501564, -46.246697935220716 ], [ 167.695489011343057, -46.246262828581088 ], [ 167.694869678379035, -46.245812439110821 ], [ 167.694215681519353, -46.245386292026268 ], [ 167.693582124069309, -46.244946583009984 ], [ 167.692983434687733, -46.244483740830709 ], [ 167.692368173091381, -46.2440318886445 ], [ 167.691708232374793, -46.24360967117898 ], [ 167.691150987795993, -46.243119326760329 ], [ 167.690467424463435, -46.242712772783982 ], [ 167.68969390597141, -46.242365886703567 ], [ 167.689071672459903, -46.241918642809985 ], [ 167.688427261197234, -46.241486107086374 ], [ 167.687898588189029, -46.24097679396148 ], [ 167.687168094697768, -46.240601353630375 ], [ 167.686574348844005, -46.240135199613242 ], [ 167.685834323280005, -46.239766075188719 ], [ 167.684979782626073, -46.239472908226226 ], [ 167.684345366151092, -46.239033722354677 ], [ 167.683544212826803, -46.23870513374402 ], [ 167.682930453353094, -46.238254739744193 ], [ 167.682157505797079, -46.237908971940733 ], [ 167.681504818223118, -46.237482048591716 ], [ 167.6809237069196, -46.237008562991186 ], [ 167.680267254772161, -46.236582477495567 ], [ 167.679622973963035, -46.236148730362835 ], [ 167.678939682336704, -46.235739524637246 ], [ 167.678246343611676, -46.235336636629718 ], [ 167.67762090160079, -46.234891025685329 ], [ 167.676959836773307, -46.234467824315885 ] ] } },
{ "type": "Feature", "properties": { "group_id": "nzd0523" }, "geometry": { "type": "LineString", "coordinates": [ [ 167.31453132011174, -46.25114262748167 ], [ 167.313745697056305, -46.250842752725369 ], [ 167.312928918596612, -46.250583237682626 ], [ 167.312124210659476, -46.25030808463508 ], [ 167.311286882396246, -46.250075187523088 ], [ 167.310438470233521, -46.249855245269089 ], [ 167.309555706923078, -46.249696369214902 ], [ 167.308710026932999, -46.249485804327485 ], [ 167.307900788722463, -46.249217157494684 ], [ 167.307092133188689, -46.248947604404364 ], [ 167.306261722666079, -46.248711898417426 ], [ 167.305449182874156, -46.24844838864135 ], [ 167.304585512535425, -46.248262721781337 ], [ 167.303739484330663, -46.248050369428647 ], [ 167.30288638237738, -46.247851716543835 ], [ 167.302035634692913, -46.24765408201354 ], [ 167.301175967107582, -46.247476208906072 ], [ 167.30030531409713, -46.247322671514723 ], [ 167.299437237512961, -46.247163426332449 ], [ 167.298548601433794, -46.247049722600501 ], [ 167.297659147981733, -46.246937826935358 ], [ 167.296762348016699, -46.246842123934535 ] ] } },
{ "type": "Feature", "properties": { "group_id": "nzd0524" }, "geometry": { "type": "LineString", "coordinates": [ [ 169.972155639283812, -46.272204114222596 ], [ 169.971349742817125, -46.27251274184038 ], [ 169.970507191678223, -46.272733415428341 ], [ 169.969677628847052, -46.27298525828288 ], [ 169.968815835356196, -46.273159757111394 ], [ 169.967960842473104, -46.273350575007562 ], [ 169.967108655891394, -46.273548127249782 ], [ 169.966253449542762, -46.273738432018654 ], [ 169.965409543664663, -46.273949624250292 ], [ 169.964554693242434, -46.27412743440587 ], [ 169.963709885748528, -46.27433340285598 ], [ 169.962887247906508, -46.274584993009526 ], [ 169.962016698379045, -46.274747908806482 ], [ 169.961179723976869, -46.274972962421643 ], [ 169.960368902050533, -46.275246419080055 ], [ 169.959535402076966, -46.275477901797309 ], [ 169.958740830280362, -46.275781436150993 ], [ 169.957925812973116, -46.276047128460227 ], [ 169.957122203863918, -46.276333937186351 ], [ 169.956359581864348, -46.276665420263328 ], [ 169.955617822997539, -46.276988158809708 ], [ 169.954856444194917, -46.277304127569536 ], [ 169.954111427587492, -46.277660002361387 ], [ 169.953324050724291, -46.277958914695958 ], [ 169.952521031857998, -46.278236791253647 ], [ 169.951753493325839, -46.278562377450008 ], [ 169.950949259051754, -46.278838615913315 ], [ 169.950134538956462, -46.279102364752909 ], [ 169.949293264972823, -46.279347759768086 ], [ 169.948500846499854, -46.279663202587152 ], [ 169.947663048761115, -46.27988877349447 ], [ 169.94688245245959, -46.280202467589625 ], [ 169.946111881184606, -46.28053160648566 ], [ 169.945329776795859, -46.280842977039121 ], [ 169.944549015708446, -46.281156416983762 ], [ 169.94376859929821, -46.281470387820917 ], [ 169.942974114335328, -46.281762682876284 ], [ 169.942161480998124, -46.28202701534552 ], [ 169.941397746853653, -46.282366688205407 ], [ 169.940642085346553, -46.282692382614897 ], [ 169.93998775814228, -46.282975690317748 ], [ 169.939309345229077, -46.283256302633944 ], [ 169.93857508049993, -46.283614098555347 ], [ 169.937811965563384, -46.283945430879619 ], [ 169.937094170975968, -46.284318326346899 ], [ 169.936335532680999, -46.284653757827371 ], [ 169.93558564206964, -46.284997209111985 ], [ 169.934856457335258, -46.285359648398966 ], [ 169.93410482493087, -46.285701495565263 ], [ 169.933395638841262, -46.286082271528869 ], [ 169.93269755384253, -46.286473226760251 ], [ 169.932072464948703, -46.286880486767473 ], [ 169.93154440834428, -46.287265594637233 ], [ 169.93094435199518, -46.287682442505144 ], [ 169.930371577775929, -46.288167425854951 ], [ 169.929830863728881, -46.288666057230301 ], [ 169.929348010998268, -46.289190920755772 ], [ 169.928924225778815, -46.289746181520819 ], [ 169.928443735317217, -46.290276304716251 ], [ 169.927922390823539, -46.290781692796536 ], [ 169.927403791588858, -46.291288489785451 ] ] } },
{ "type": "Feature", "properties": { "group_id": "nzd0525" }, "geometry": { "type": "LineString", "coordinates": [ [ 169.925858942255559, -46.2936721854852 ], [ 169.925569153966421, -46.294259660712044 ], [ 169.9252725238712, -46.294845647823415 ], [ 169.924985988344105, -46.295433814476951 ], [ 169.924695789126901, -46.29602118125203 ] ] } },
{ "type": "Feature", "properties": { "group_id": "nzd0526" }, "geometry": { "type": "LineString", "coordinates": [ [ 169.923611701251133, -46.299230959708915 ], [ 169.922786126676073, -46.29947505829999 ], [ 169.921911918734139, -46.299639516667568 ], [ 169.921110698179405, -46.299923491900387 ], [ 169.92032411862067, -46.30023144253105 ], [ 169.919523650382132, -46.300500061940717 ], [ 169.91873585221802, -46.300772510014809 ], [ 169.917929623372572, -46.301034392862391 ], [ 169.917074748492638, -46.301241168185292 ], [ 169.916181430190818, -46.301397416354078 ], [ 169.915362887940233, -46.301654965485689 ], [ 169.91454482890498, -46.301912285310195 ], [ 169.913718093771308, -46.302153689186405 ], [ 169.912937642430393, -46.302451967832091 ], [ 169.912123209468831, -46.302729008322729 ], [ 169.911300318356894, -46.302999732236096 ], [ 169.91057978655499, -46.303369514467853 ] ] } },
{ "type": "Feature", "properties": { "group_id": "nzd0527" }, "geometry": { "type": "LineString", "coordinates": [ [ 169.907913988898372, -46.305918116697669 ], [ 169.907132503074337, -46.306224172161691 ], [ 169.906407442390019, -46.306594627217962 ], [ 169.905744135102339, -46.307035564888629 ], [ 169.904996743178742, -46.307380528901035 ], [ 169.904255805149404, -46.307704916930248 ], [ 169.903444668908719, -46.307915999168976 ], [ 169.902664102795455, -46.308204832311894 ], [ 169.90190401247267, -46.308547977110855 ], [ 169.901149394193595, -46.3089161089095 ], [ 169.900429716697232, -46.309326931311013 ], [ 169.899696138552741, -46.30969721411477 ], [ 169.898957594827749, -46.310053501749891 ], [ 169.898134588096383, -46.310293223974554 ], [ 169.897334095132891, -46.310550920839489 ], [ 169.896542690274202, -46.310844465899628 ], [ 169.895727080584834, -46.311104021379442 ], [ 169.89494913078434, -46.311421326901922 ] ] } },
{ "type": "Feature", "properties": { "group_id": "nzd0528" }, "geometry": { "type": "LineString", "coordinates": [ [ 169.89062870512285, -46.314968044934716 ], [ 169.889717328595367, -46.315048630615046 ], [ 169.888806478477903, -46.315309322755098 ], [ 169.887946842311152, -46.315480444962326 ], [ 169.887096027191035, -46.315689735884355 ], [ 169.886230381019033, -46.315845358938525 ], [ 169.885402880860141, -46.316085277650984 ], [ 169.884546365700203, -46.31626976912861 ], [ 169.883674457583965, -46.316422880383435 ], [ 169.882835560951634, -46.316647188325632 ], [ 169.881987580758249, -46.316849929689965 ], [ 169.881174834886167, -46.317123207893779 ], [ 169.88031935285963, -46.317312169344298 ], [ 169.879477296697189, -46.317528435495134 ], [ 169.878609828253559, -46.317694068761384 ], [ 169.877748629986627, -46.317871283601427 ], [ 169.876944108621416, -46.318168668640794 ], [ 169.876083894808801, -46.318347106919809 ], [ 169.875258093912919, -46.318595070488485 ], [ 169.874410628417905, -46.318795409177149 ], [ 169.87356347514654, -46.319000232038206 ], [ 169.872729592265387, -46.319231741073487 ], [ 169.871910915487518, -46.319484774951249 ], [ 169.871079542047909, -46.319710822096781 ], [ 169.870248912242346, -46.319945604375455 ], [ 169.869423644384881, -46.320182272830962 ], [ 169.868606842834737, -46.320440266461482 ], [ 169.867824754693544, -46.320740980623818 ], [ 169.867060904322557, -46.321035911000315 ] ] } },
{ "type": "Feature", "properties": { "group_id": "nzd0530" }, "geometry": { "type": "LineString", "coordinates": [ [ 168.13942613604442, -46.354186845320285 ], [ 168.138638447056564, -46.353884943964331 ], [ 168.137898489709102, -46.353534284573755 ], [ 168.137154894748505, -46.353187339228356 ], [ 168.136395779120761, -46.352856245701844 ], [ 168.135674788074681, -46.352486208536625 ], [ 168.134957615596164, -46.352112269611467 ], [ 168.134191314621432, -46.35178851037864 ], [ 168.133505088696921, -46.351382959191056 ], [ 168.132737131824115, -46.351060887996283 ], [ 168.131950682176864, -46.350757703362191 ], [ 168.131144742676014, -46.350474423204957 ], [ 168.130430430075535, -46.350097554097424 ], [ 168.129669645223686, -46.349768149535102 ], [ 168.128955037490556, -46.349391579048351 ], [ 168.128268862958009, -46.348985966483269 ], [ 168.127414914038894, -46.348751711208266 ], [ 168.126566216273744, -46.348512088957953 ], [ 168.125889724820155, -46.348096582283006 ], [ 168.125167178753628, -46.347728111955362 ], [ 168.124307802339985, -46.347499388812196 ], [ 168.123330078467944, -46.347324207634465 ], [ 168.122433857778333, -46.347051482349471 ], [ 168.121569318755121, -46.346819008222873 ], [ 168.120728540986732, -46.346601427697607 ], [ 168.119902139180624, -46.34635954253099 ], [ 168.119065928507325, -46.346134240213743 ], [ 168.11818440644933, -46.345985538683045 ], [ 168.117351295654572, -46.345754994089162 ], [ 168.116539377500715, -46.345488623280964 ], [ 168.115736877311434, -46.345206332556501 ], [ 168.114902547710699, -46.344977849159903 ], [ 168.114097282682565, -46.344700234134272 ], [ 168.113285654263763, -46.344433376996491 ], [ 168.112440499566588, -46.344223192734667 ], [ 168.111618596259007, -46.343973704761062 ], [ 168.110756027679372, -46.343792954518861 ], [ 168.109911334452107, -46.343581987947857 ], [ 168.10905970039903, -46.343382752395378 ], [ 168.108164354546716, -46.343257398646209 ], [ 168.107317820645392, -46.343049539205097 ], [ 168.106485595249723, -46.342817495032655 ], [ 168.1055931660986, -46.342687203698638 ], [ 168.104750140288957, -46.342473411622557 ], [ 168.10389519460341, -46.342279764432362 ], [ 168.103013572619574, -46.34213120020339 ], [ 168.102154854681146, -46.341943924678731 ], [ 168.101267706137378, -46.341767519158623 ], [ 168.100361221980904, -46.341580648959798 ], [ 168.099484897753484, -46.341370004524819 ], [ 168.098634955586618, -46.341167193391314 ], [ 168.097729372953324, -46.341102998057771 ], [ 168.096847568566432, -46.340979562937846 ], [ 168.096000042667924, -46.340770735754326 ], [ 168.095144918381806, -46.340580839457296 ], [ 168.094262996913642, -46.340457696277177 ], [ 168.093392875526547, -46.340305158979078 ], [ 168.092512049829196, -46.34017928463814 ], [ 168.091645177707107, -46.340018654009874 ], [ 168.090731745545042, -46.339973991275151 ], [ 168.089859605537384, -46.339826479426208 ], [ 168.088925294957875, -46.339833807055172 ], [ 168.087971359661651, -46.339804220016305 ], [ 168.0870310222559, -46.339620580252529 ], [ 168.086088427170978, -46.339630444639766 ], [ 168.08519322650281, -46.339522759383911 ], [ 168.084294309838469, -46.339581104620414 ], [ 168.083399735360928, -46.33944564176425 ], [ 168.082502718668678, -46.339419258551615 ], [ 168.081605222660983, -46.339414286390557 ], [ 168.080707570155795, -46.339416309167014 ], [ 168.079811501760986, -46.339347797566049 ], [ 168.078915396003708, -46.339281033933624 ], [ 168.078016317761296, -46.339346603518194 ], [ 168.077122102000033, -46.339195893704243 ], [ 168.07622288131148, -46.339267805730756 ], [ 168.075323519020998, -46.339345952787355 ], [ 168.074430216179479, -46.339154982554774 ], [ 168.073529771810627, -46.339281165635683 ], [ 168.072630368986438, -46.339361037266876 ], [ 168.07173101386033, -46.339438730665542 ], [ 168.070831582134218, -46.339519757179474 ], [ 168.069934289685932, -46.339505968438495 ], [ 168.069034150746973, -46.339618221124063 ], [ 168.068134682733614, -46.339700691700187 ], [ 168.067235888474897, -46.339753300211207 ], [ 168.066336212278941, -46.339844855997868 ], [ 168.065387286663736, -46.339914141275877 ], [ 168.064401852299255, -46.340016790338261 ], [ 168.063460260212139, -46.340121916890865 ], [ 168.062619152265995, -46.340360234879142 ], [ 168.061702473992057, -46.340374463183537 ], [ 168.060840240842708, -46.340550136289316 ], [ 168.059999149465796, -46.340788506593491 ], [ 168.059104908206677, -46.340869256889675 ], [ 168.058257024407482, -46.341087485715292 ], [ 168.057427592859796, -46.341360443450576 ], [ 168.056556674806188, -46.341510361491309 ], [ 168.055682560068448, -46.341650796540542 ], [ 168.054810001750269, -46.341889370519922 ], [ 168.05383730337735, -46.342053598911669 ], [ 168.053002467957015, -46.342403165095433 ], [ 168.052220694313263, -46.342708671364612 ], [ 168.051418918394404, -46.34298704258957 ], [ 168.050617735958241, -46.343266216526132 ], [ 168.049837716534114, -46.343574096759966 ], [ 168.049041469684681, -46.34385996181711 ], [ 168.048249459404417, -46.344151571950057 ], [ 168.047471650005974, -46.344462444932581 ], [ 168.046700048921679, -46.344781738623631 ], [ 168.045946410985664, -46.345125400232213 ], [ 168.04516848470854, -46.345436110426604 ] ] } },
{ "type": "Feature", "properties": { "group_id": "nzd0532" }, "geometry": { "type": "LineString", "coordinates": [ [ 167.948663588606081, -46.362019053732737 ], [ 167.947989888793501, -46.361589946689023 ], [ 167.947066829066699, -46.361422942164815 ], [ 167.946183296372254, -46.361277322941476 ], [ 167.945314898985174, -46.361115800241059 ], [ 167.944481876517216, -46.360876743419439 ], [ 167.943611420620812, -46.360723617681323 ], [ 167.942752181675615, -46.360597451690595 ], [ 167.941931110358382, -46.360382973424898 ], [ 167.941020741925115, -46.360252647687041 ], [ 167.940146158041017, -46.360114087470151 ], [ 167.939277833050426, -46.359965101673964 ], [ 167.938419406340216, -46.359795895737946 ], [ 167.937549777386522, -46.359643246944941 ], [ 167.936690879875272, -46.359460362113651 ], [ 167.935819090705706, -46.359296011732127 ], [ 167.934950501302211, -46.359130814416048 ], [ 167.934068314502525, -46.359019074735123 ], [ 167.933230832738673, -46.358814233812183 ], [ 167.932357047771205, -46.358679335079913 ], [ 167.931471803085088, -46.3585851388655 ], [ 167.930592779099555, -46.358474520630594 ], [ 167.929705868249869, -46.358370681768946 ], [ 167.928802791558326, -46.358289995822432 ], [ 167.927906523169582, -46.358191035808026 ], [ 167.927030442394226, -46.358107142917419 ], [ 167.926172009156971, -46.357986689148518 ], [ 167.925295455321759, -46.357899064793159 ], [ 167.924418092837669, -46.357763151237904 ], [ 167.923526050226002, -46.357700117395041 ], [ 167.922632576886116, -46.357645371138553 ], [ 167.921737283083218, -46.357597121795365 ], [ 167.920839102960002, -46.35759269784969 ], [ 167.919948624414047, -46.357519142232213 ], [ 167.919062754283203, -46.357470827357709 ], [ 167.918170488585787, -46.357433756616864 ], [ 167.917270100955079, -46.357406719847809 ], [ 167.916370088216695, -46.357374701779399 ], [ 167.915470148227058, -46.357353188634669 ], [ 167.914570056257787, -46.357341063561115 ], [ 167.913663278679081, -46.357360247191451 ], [ 167.912763586233496, -46.357359726982068 ], [ 167.911866356330478, -46.357405592699202 ], [ 167.910973752946347, -46.357405828559365 ], [ 167.910078400334555, -46.357466771757011 ], [ 167.909178647609508, -46.357447664527413 ], [ 167.908273236035342, -46.357494765567353 ], [ 167.90738137473312, -46.357587942708385 ], [ 167.906488182712991, -46.357655356587479 ], [ 167.905601372629974, -46.357760385931797 ], [ 167.904701598088025, -46.357844625515369 ], [ 167.903799873481773, -46.357923355428952 ], [ 167.902913058527389, -46.358051285710914 ], [ 167.902008614876479, -46.3581471936075 ], [ 167.901099009483403, -46.358319223320294 ], [ 167.900196228646735, -46.358505044311833 ], [ 167.899311916195131, -46.358645762239163 ], [ 167.898472409366263, -46.358864806718714 ], [ 167.897635600934677, -46.359088566411479 ], [ 167.896783977623699, -46.359286422702596 ], [ 167.895974924383552, -46.359525598579665 ], [ 167.895170459627423, -46.35977225203797 ], [ 167.894353965262184, -46.360032214905729 ], [ 167.893493271725447, -46.360216228463401 ], [ 167.892625805562432, -46.360437622396901 ], [ 167.891784076102056, -46.360698495145293 ], [ 167.890941536207549, -46.360966123643166 ], [ 167.890095150323589, -46.361277556560857 ], [ 167.889352767551571, -46.361706017741632 ], [ 167.888587463562743, -46.362063114467553 ], [ 167.887816198304193, -46.362419060598299 ], [ 167.887064661246967, -46.362797956234154 ], [ 167.886317515574859, -46.363190481441251 ], [ 167.88560994599473, -46.363607679159756 ], [ 167.884891308444026, -46.363978595067756 ], [ 167.884200556201449, -46.364410252832286 ], [ 167.883573107295632, -46.364894433522707 ], [ 167.882900383608131, -46.365333943597371 ], [ 167.882194083076001, -46.365781353433938 ], [ 167.88160236665442, -46.366310629475045 ], [ 167.880949986632288, -46.366801771905266 ], [ 167.880375904278395, -46.367278617016282 ], [ 167.879956370681015, -46.367801420799481 ], [ 167.879552022490685, -46.368367543411644 ], [ 167.879082188751056, -46.368934894977322 ], [ 167.878503664238934, -46.369510453259089 ], [ 167.878092905470311, -46.370171984036489 ], [ 167.877887595766225, -46.370850647842325 ], [ 167.877929812003373, -46.371515602774437 ] ] } },
{ "type": "Feature", "properties": { "group_id": "nzd0533" }, "geometry": { "type": "LineString", "coordinates": [ [ 167.857435426050131, -46.378768075226326 ], [ 167.856838646189573, -46.378303824717079 ], [ 167.856166872690011, -46.377891957686089 ], [ 167.855583220149185, -46.377418531135326 ], [ 167.854880163659089, -46.377028510403157 ], [ 167.854225134942169, -46.376604937029661 ], [ 167.853563111747889, -46.376186246438557 ], [ 167.852819572228356, -46.375816405154509 ], [ 167.852158255635061, -46.375385687068736 ], [ 167.85148318881383, -46.374973626614015 ] ] } },
{ "type": "Feature", "properties": { "group_id": "nzd0534" }, "geometry": { "type": "LineString", "coordinates": [ [ 168.009405663193689, -46.383118834759514 ], [ 168.008555376292236, -46.382952309783242 ], [ 168.007888814757081, -46.382903044503564 ], [ 168.007148130528407, -46.382686484208094 ], [ 168.0063510214394, -46.382367376519895 ], [ 168.005587377224373, -46.38203550179567 ], [ 168.004764371788241, -46.381717195769156 ], [ 168.003882155780559, -46.38149050181687 ] ] } },
{ "type": "Feature", "properties": { "group_id": "nzd0535" }, "geometry": { "type": "LineString", "coordinates": [ [ 168.02906305932126, -46.384151339237661 ], [ 168.028222384717964, -46.383928678865331 ], [ 168.027357239729042, -46.3837636573965 ], [ 168.026479765247984, -46.383627675613148 ], [ 168.025610920356172, -46.383471368278521 ], [ 168.024738371133481, -46.383323785180075 ], [ 168.023879098687871, -46.383144933515688 ], [ 168.023010018566623, -46.382989180387 ], [ 168.022075374596511, -46.382883101360932 ], [ 168.02113205124553, -46.382863025156063 ], [ 168.020242371724436, -46.382685088184338 ], [ 168.019342693417116, -46.382697983608708 ] ] } },
{ "type": "Feature", "properties": { "group_id": "nzd0536" }, "geometry": { "type": "LineString", "coordinates": [ [ 168.015538234360719, -46.383828654833444 ], [ 168.014708290670171, -46.383580199461889 ], [ 168.013841921043564, -46.383418154709709 ], [ 168.012960568955378, -46.383291649401869 ], [ 168.01208418407802, -46.383153360471255 ] ] } },
{ "type": "Feature", "properties": { "group_id": "nzd0537" }, "geometry": { "type": "LineString", "coordinates": [ [ 168.221060012919139, -46.422570132517194 ], [ 168.220534495151753, -46.422057532186486 ], [ 168.219981402350612, -46.421554017255062 ], [ 168.219662570454943, -46.420973265883426 ], [ 168.219092378752975, -46.420475377256189 ], [ 168.218484715933357, -46.419989836426609 ], [ 168.218023569087308, -46.419455987008547 ], [ 168.217655372277079, -46.418891488523641 ], [ 168.217237122256876, -46.418343485975171 ], [ 168.216805566857062, -46.417799864448348 ], [ 168.216288225489023, -46.417284519356308 ], [ 168.215924097608564, -46.416718657380308 ], [ 168.215535518610722, -46.416160850888986 ], [ 168.215164611591206, -46.415597212696262 ], [ 168.214858253535965, -46.415012288093386 ], [ 168.214545533888867, -46.41442945501371 ], [ 168.21416021039704, -46.413870552833785 ], [ 168.213638848745177, -46.413356495343734 ], [ 168.213373721337575, -46.412756376615981 ], [ 168.212973087478446, -46.412196615923953 ], [ 168.21254439184375, -46.411648295344186 ], [ 168.212207564500289, -46.411071225595855 ], [ 168.211747083197764, -46.410538962614524 ], [ 168.211321104066371, -46.40999419075257 ], [ 168.210998775265608, -46.409411850407913 ], [ 168.210554976141538, -46.408873525885902 ], [ 168.210239508793791, -46.408288687906229 ], [ 168.209793576058559, -46.407751125982259 ], [ 168.209163106416241, -46.407280436189453 ], [ 168.208595584915599, -46.406786928228982 ], [ 168.208094941725363, -46.40626917799262 ], [ 168.207693683539134, -46.405715404912449 ], [ 168.207208893352174, -46.405191898980682 ], [ 168.206536923764219, -46.404736222422194 ], [ 168.206015999165345, -46.404225801226602 ], [ 168.205480991760538, -46.403720478410413 ], [ 168.20514025881107, -46.403144744732799 ], [ 168.204754667336772, -46.402585262486035 ], [ 168.204595242592859, -46.401943810077213 ], [ 168.204141441533523, -46.401409036610275 ], [ 168.203751125459775, -46.400851250181319 ], [ 168.203551341020756, -46.400224406882103 ], [ 168.203178301724478, -46.399660348002584 ], [ 168.20272973869379, -46.399123654910348 ], [ 168.202342303025432, -46.398564802806824 ], [ 168.20177204154831, -46.398072205031141 ], [ 168.201293740506202, -46.397546273783838 ], [ 168.200639453490396, -46.397084117741521 ], [ 168.200119622926451, -46.396573227012063 ], [ 168.199554159390203, -46.396078869120338 ], [ 168.199079472944391, -46.395551606948558 ], [ 168.198660845839157, -46.395004022724677 ], [ 168.197998283961198, -46.394544838974298 ], [ 168.197540846895407, -46.394011309660172 ], [ 168.197321361362441, -46.393391537499042 ], [ 168.196781207828138, -46.392887975499271 ], [ 168.196350619541079, -46.392344699840308 ], [ 168.195991047043179, -46.391763213107964 ], [ 168.195319404902648, -46.39129309457433 ], [ 168.194834163731059, -46.390754285285105 ], [ 168.194101385558497, -46.390358571802714 ], [ 168.193445454678795, -46.389923459873138 ], [ 168.192970895760482, -46.389395368220697 ], [ 168.19232061723676, -46.388957350217012 ], [ 168.191874433441342, -46.3884147043293 ], [ 168.191318086551945, -46.387928526322632 ], [ 168.190796839156008, -46.387424351215728 ], [ 168.190120480159578, -46.386999685706947 ], [ 168.189572410958533, -46.386509251611557 ], [ 168.189042503189768, -46.386009503305068 ], [ 168.188378717790556, -46.385578379332266 ], [ 168.18791353565291, -46.385045442803182 ], [ 168.187361198429244, -46.384557179582892 ], [ 168.1867550528886, -46.384096495422973 ], [ 168.186245391622037, -46.383586347080517 ], [ 168.18560386475923, -46.383143791603864 ], [ 168.185030548604601, -46.382666265599426 ], [ 168.184438028530195, -46.382198579636615 ], [ 168.184015519199704, -46.381641709002274 ], [ 168.183403889293658, -46.381176272027794 ], [ 168.182927152082925, -46.380637293958124 ], [ 168.182490559428658, -46.380082086301591 ], [ 168.18184397971828, -46.379647857859254 ], [ 168.181321591341003, -46.379142073307058 ] ] } },
{ "type": "Feature", "properties": { "group_id": "nzd0538" }, "geometry": { "type": "LineString", "coordinates": [ [ 169.783321301898184, -46.385690096024739 ], [ 169.782948464571461, -46.386253772596099 ], [ 169.782815553935194, -46.386888255548882 ], [ 169.782536892752375, -46.387479715143193 ], [ 169.7822662080859, -46.388085793303418 ], [ 169.782288399417837, -46.388724606013092 ], [ 169.782047984719782, -46.389330041523046 ], [ 169.782155865700759, -46.389960177370362 ], [ 169.781922067160991, -46.390557354142821 ], [ 169.78175611055201, -46.39116479392424 ], [ 169.781401811496863, -46.391743356580925 ], [ 169.78117860182013, -46.392368747162799 ], [ 169.781292220071492, -46.39301127920023 ], [ 169.781461787190324, -46.393628087880188 ], [ 169.781383863523473, -46.394246888979296 ], [ 169.781234907330543, -46.394862399188618 ], [ 169.781297826102104, -46.395480896981958 ], [ 169.781280453192949, -46.396100091287693 ], [ 169.780837206031663, -46.396789465315088 ], [ 169.781277765859016, -46.397414204806331 ] ] } },
{ "type": "Feature", "properties": { "group_id": "nzd0539" }, "geometry": { "type": "LineString", "coordinates": [ [ 168.271967762358599, -46.500313714264202 ], [ 168.271177470053743, -46.499962488577431 ], [ 168.270448574778243, -46.499576116852573 ], [ 168.269716900521274, -46.499191331273359 ], [ 168.268809648816159, -46.498907033027386 ], [ 168.268376194476446, -46.498351552407783 ], [ 168.267546863737749, -46.498022647290668 ], [ 168.26698216835419, -46.497542274739409 ], [ 168.266334658691619, -46.49710929664294 ], [ 168.265719638126484, -46.49665771966616 ], [ 168.265111061779152, -46.496202450491069 ], [ 168.264616610733867, -46.495681858706959 ], [ 168.264102511549055, -46.495172508465899 ], [ 168.263540989968845, -46.49469029628785 ], [ 168.263008367789638, -46.494191539827845 ], [ 168.262618107887164, -46.493611298783371 ], [ 168.262122078778816, -46.493091590409236 ], [ 168.261584043523499, -46.492595920364487 ], [ 168.26108057383135, -46.492080462770843 ], [ 168.260846354672282, -46.491410893843252 ], [ 168.260434478918228, -46.490753699119345 ], [ 168.260302491170734, -46.490060657385413 ], [ 168.260081217779117, -46.489459872186764 ], [ 168.25960316866707, -46.488915656442138 ], [ 168.259189208271749, -46.488357529992406 ], [ 168.258792144551251, -46.487795731519761 ], [ 168.258678062985041, -46.487172531903468 ], [ 168.258434366198316, -46.486577446793326 ], [ 168.258147051305457, -46.485991818760347 ], [ 168.257695663552369, -46.485441781860132 ], [ 168.25766716472657, -46.484799988153519 ], [ 168.257271835237844, -46.484237776551566 ], [ 168.256983135950634, -46.483652423883854 ], [ 168.256798871222685, -46.48304440624441 ], [ 168.256532142904149, -46.482454274000716 ], [ 168.256209678389126, -46.481876228447739 ], [ 168.255835266407075, -46.481316238515447 ], [ 168.255799894434375, -46.48066156430157 ], [ 168.255409475670206, -46.480102292226945 ], [ 168.254990620831222, -46.479554896948187 ], [ 168.25448808815807, -46.479034564195047 ], [ 168.254137142793439, -46.478465190556165 ], [ 168.253947718378129, -46.477843561983732 ], [ 168.253537602028047, -46.477293317687483 ], [ 168.253239410118908, -46.476706861850381 ], [ 168.252904246948503, -46.476132359934631 ], [ 168.252413135801021, -46.475608299778962 ], [ 168.251796958863991, -46.475124691275909 ], [ 168.25129516950787, -46.474604074310079 ], [ 168.236492699203779, -46.45275273625866 ], [ 168.23592051888707, -46.452246597550371 ], [ 168.235576270084749, -46.451677143985613 ], [ 168.235569044693477, -46.451037280977431 ], [ 168.235338708878032, -46.450439536284783 ], [ 168.234911769496989, -46.449879543692688 ], [ 168.234832894652271, -46.44925269745373 ], [ 168.234464576257324, -46.448681433897356 ], [ 168.23417241088822, -46.44809553837775 ], [ 168.23399535794465, -46.447487528314774 ], [ 168.233499936484918, -46.44694065689437 ], [ 168.2335478942137, -46.44628941876195 ], [ 168.233252950263193, -46.445704031371065 ], [ 168.232903259000238, -46.445130201545084 ], [ 168.232509687869225, -46.444564117045907 ], [ 168.232272490093294, -46.443967746515625 ], [ 168.231969401423243, -46.443383502900069 ], [ 168.231779626631351, -46.442778172693707 ], [ 168.231783419839729, -46.442136825103596 ], [ 168.2315431280133, -46.441540879603998 ], [ 168.231307569661567, -46.440944047039018 ], [ 168.230863392600071, -46.440386019434797 ], [ 168.23085029770948, -46.439747786823162 ], [ 168.23039662595906, -46.439191513150448 ], [ 168.230159775307271, -46.43859489538162 ], [ 168.229924927402863, -46.437997898558613 ], [ 168.229820744865521, -46.437376585660033 ], [ 168.22945251921962, -46.436804390153739 ], [ 168.22933997364828, -46.436184619987877 ], [ 168.229239575546956, -46.435562582918195 ], [ 168.228861492803787, -46.434992202393936 ], [ 168.228444143956096, -46.43442912091286 ], [ 168.228308768375058, -46.433813572091374 ], [ 168.228027855905509, -46.433225093933316 ], [ 168.227711145141086, -46.432643269721872 ], [ 168.227310936563015, -46.432076974027964 ], [ 168.226961567688733, -46.431501213188938 ], [ 168.226675472147519, -46.430913673931485 ], [ 168.226518564461117, -46.430302092576945 ], [ 168.226202955794292, -46.429720031510136 ], [ 168.225897036358361, -46.429136161368405 ], [ 168.22546918506157, -46.428574970694079 ], [ 168.225162881856988, -46.427960532080988 ], [ 168.224673914168108, -46.427400390115494 ], [ 168.224152486366449, -46.426884123322672 ], [ 168.223689606184337, -46.426350915165017 ], [ 168.223325399242583, -46.425785171567853 ], [ 168.223103447030127, -46.425172524290709 ], [ 168.222509191358483, -46.424682611172898 ], [ 168.222131008146562, -46.424121458529157 ], [ 168.221966817358947, -46.423489751327338 ], [ 168.221270754395562, -46.42303338598817 ] ] } },
{ "type": "Feature", "properties": { "group_id": "nzd0540" }, "geometry": { "type": "LineString", "coordinates": [ [ 169.758010358841943, -46.466631068718605 ], [ 169.757501041695377, -46.467223294150791 ], [ 169.756977430946392, -46.467854968066625 ], [ 169.756406178796055, -46.468421215598312 ], [ 169.755896920536088, -46.468978630370295 ], [ 169.755371252269526, -46.469572387596003 ], [ 169.754866516697376, -46.470201456891608 ], [ 169.754838288589724, -46.470859386838875 ], [ 169.754720709100354, -46.471459605699295 ], [ 169.754410985041545, -46.472073621653273 ], [ 169.754114130387563, -46.472741387973876 ], [ 169.75405470134541, -46.473386685526933 ], [ 169.753963546716847, -46.473993810439552 ] ] } },
{ "type": "Feature", "properties": { "group_id": "nzd0541" }, "geometry": { "type": "LineString", "coordinates": [ [ 169.749554180550177, -46.477889423234203 ], [ 169.748863841249658, -46.477487100899779 ], [ 169.748210235229493, -46.47708092176628 ], [ 169.747432586150865, -46.476781346900729 ], [ 169.746601325021686, -46.476562469768545 ], [ 169.745800661288598, -46.476297459592189 ], [ 169.74496927360039, -46.47604550224257 ] ] } },
{ "type": "Feature", "properties": { "group_id": "nzd0543" }, "geometry": { "type": "LineString", "coordinates": [ [ 169.614277374293948, -46.540922897137186 ], [ 169.613812789290307, -46.541484325282511 ], [ 169.6135738858423, -46.542080442059749 ], [ 169.613178042977921, -46.542652424378893 ], [ 169.61299409043508, -46.543256975689133 ], [ 169.612728436791429, -46.543848959540036 ] ] } },
{ "type": "Feature", "properties": { "group_id": "nzd0544" }, "geometry": { "type": "LineString", "coordinates": [ [ 169.524010023550005, -46.555866804699676 ], [ 169.523169962734499, -46.556140739788141 ], [ 169.522316759433465, -46.55646990717927 ], [ 169.521416684735925, -46.556454154493224 ], [ 169.520557020335985, -46.556449316378547 ], [ 169.519723845321039, -46.556483565341992 ], [ 169.51889168604734, -46.55640646327879 ], [ 169.518007369197733, -46.556345825700362 ], [ 169.517059985624513, -46.556352013878062 ], [ 169.516136811651791, -46.556152633390127 ], [ 169.515217316822117, -46.556347851709084 ], [ 169.514324410640427, -46.55624497077833 ], [ 169.51342423984724, -46.556295375999589 ], [ 169.512511757643551, -46.55623539957984 ], [ 169.51159099065552, -46.556221867048372 ], [ 169.51070309765629, -46.556160060958014 ], [ 169.509828817769062, -46.556120061188814 ], [ 169.508937503157654, -46.556196061165124 ], [ 169.508023478078059, -46.556264719198658 ], [ 169.50709501573678, -46.556381743400649 ], [ 169.506180744656632, -46.556382597584992 ], [ 169.505276013433786, -46.556369174440306 ] ] } },
{ "type": "Feature", "properties": { "group_id": "nzd0545" }, "geometry": { "type": "LineString", "coordinates": [ [ 169.56261551613747, -46.56212782381192 ], [ 169.561590368599411, -46.562588828569083 ], [ 169.561238393562292, -46.560333859978073 ], [ 169.56032387034827, -46.560348612425841 ], [ 169.559434340072954, -46.560262525338814 ], [ 169.558537995384768, -46.560203928614932 ], [ 169.557660277941181, -46.56009612476516 ], [ 169.556779920308117, -46.560000520660708 ], [ 169.55592502428641, -46.559786546766617 ], [ 169.555101111713128, -46.559455527846048 ], [ 169.554168333002053, -46.559527893322546 ], [ 169.553274721366421, -46.559455130854865 ], [ 169.55238671275302, -46.559302817833192 ], [ 169.551470794419799, -46.559085299847617 ], [ 169.550527864329581, -46.559075223672522 ], [ 169.549618581314576, -46.559119259584804 ] ] } },
{ "type": "Feature", "properties": { "group_id": "nzd0546" }, "geometry": { "type": "LineString", "coordinates": [ [ 168.794238652740859, -46.582059689264582 ], [ 168.793528379403028, -46.581757784493433 ], [ 168.793117634778213, -46.581341293008101 ], [ 168.792351433544439, -46.581090977087825 ], [ 168.791451507831908, -46.580892045946875 ], [ 168.790463803113511, -46.580724055358743 ], [ 168.789493382835246, -46.580656079112963 ], [ 168.78865712843043, -46.580431540545781 ], [ 168.787842155085713, -46.580168376820424 ], [ 168.787043194210383, -46.579876140365442 ], [ 168.786257692960419, -46.579559467618253 ], [ 168.785444857227816, -46.579366748506018 ], [ 168.78475901038334, -46.579034947038529 ], [ 168.783997159016366, -46.578738865195753 ], [ 168.783154112969214, -46.578502623334835 ], [ 168.782375176493815, -46.578195169704351 ], [ 168.691205872524449, -46.569413427010396 ], [ 168.690309757638431, -46.569459200555215 ], [ 168.689413521660953, -46.569502140636963 ], [ 168.688516234582437, -46.569520459445926 ], [ 168.687620125913753, -46.569566377703929 ], [ 168.686724749228574, -46.569629454296376 ], [ 168.685829034031627, -46.569684606462026 ], [ 168.684932811745398, -46.569727874734575 ], [ 168.684037497096227, -46.569792433800153 ], [ 168.683143015242848, -46.569876544694715 ], [ 168.682247538922752, -46.569937339489371 ], [ 168.681351296689314, -46.569980164847934 ], [ 168.680456179144841, -46.570049400093886 ], [ 168.679557055053039, -46.570106858514421 ], [ 168.678651237613138, -46.570178998606941 ], [ 168.677762323502009, -46.570328249904641 ], [ 168.676876736200057, -46.570439079764192 ], [ 168.675982686623541, -46.570495251845593 ], [ 168.675096510861749, -46.570602282577298 ], [ 168.674207300069696, -46.570689708651699 ], [ 168.67331291253339, -46.570743688691586 ], [ 168.672424983351306, -46.570839392518828 ], [ 168.671530644710856, -46.570893681204325 ], [ 168.670646100197246, -46.571011256146541 ], [ 168.669754079087909, -46.571080516583002 ], [ 168.668865831678573, -46.571174163926223 ], [ 168.667976328807526, -46.571259697089076 ], [ 168.667092364929232, -46.571381033980082 ], [ 168.666201773551734, -46.571459531920226 ], [ 168.665314269426375, -46.571557987289147 ], [ 168.664427799358549, -46.57166312959442 ], [ 168.66353858916986, -46.571750556772784 ], [ 168.66265251058914, -46.57185823382143 ], [ 168.661769426306108, -46.571985277148059 ], [ 168.660878903184511, -46.572094743281689 ], [ 168.660009648845659, -46.572272628846349 ], [ 168.659132805428925, -46.572406632838508 ], [ 168.658260144096062, -46.572552819719981 ], [ 168.657381241238426, -46.572678323490393 ], [ 168.656508982284009, -46.57282584190137 ], [ 168.655640632701648, -46.572986315262852 ], [ 168.654766940551468, -46.573129083502465 ], [ 168.653885071228956, -46.573244750308284 ], [ 168.653009186060302, -46.573380247614821 ], [ 168.652134226220255, -46.573518810509022 ], [ 168.651266478611547, -46.573681277522184 ], [ 168.650401930984543, -46.573854351974454 ], [ 168.649542941198547, -46.574045850748945 ], [ 168.648671628079455, -46.574196501689812 ], [ 168.647793015925515, -46.574322956009233 ], [ 168.646910822932455, -46.574437537364332 ], [ 168.646040565349864, -46.574591684773708 ], [ 168.645168264063614, -46.57474274052516 ], [ 168.644308804541794, -46.574933238183995 ], [ 168.643447220218064, -46.575111663768745 ], [ 168.642590870393349, -46.575303516011111 ], [ 168.641723580042282, -46.575463688091908 ], [ 168.640862328602395, -46.575641347187087 ], [ 168.639980941396487, -46.575760694290025 ], [ 168.639112017663763, -46.575916132769969 ], [ 168.638218791618868, -46.576001187191316 ], [ 168.637370227142696, -46.576215586327166 ], [ 168.636496620520006, -46.576357457884939 ], [ 168.635630936926958, -46.576522275811691 ], [ 168.634765088463638, -46.57668661563968 ], [ 168.63390114189562, -46.576856463899354 ], [ 168.633039498870346, -46.5770329845449 ], [ 168.6321731197649, -46.577195786029733 ], [ 168.631302538324036, -46.577346413257786 ], [ 168.630448615946875, -46.57754529952301 ], [ 168.629597302499974, -46.577753717995691 ], [ 168.628729359293942, -46.577915226897758 ], [ 168.627889808816604, -46.578146587250053 ], [ 168.62699157184386, -46.578227775137343 ], [ 168.626154027008226, -46.578461859600061 ], [ 168.625282730747642, -46.578610913170508 ], [ 168.624422550952971, -46.57878797157327 ], [ 168.62424495892364, -46.578847297811983 ] ] } },
{ "type": "Feature", "properties": { "group_id": "nzd0547" }, "geometry": { "type": "LineString", "coordinates": [ [ 169.456700540423554, -46.57687009406115 ], [ 169.455817109338454, -46.576985534123885 ], [ 169.454951929558234, -46.577151533796119 ], [ 169.454084418669794, -46.57731107459707 ], [ 169.453306239533447, -46.577718111932235 ], [ 169.452477317728579, -46.577984573403555 ], [ 169.451679842884744, -46.578338169071365 ], [ 169.450825467416394, -46.578534117225871 ], [ 169.449975477998663, -46.578742219499844 ], [ 169.449192263817537, -46.579047766293975 ], [ 169.448438029954502, -46.579267832743973 ], [ 169.447708552223446, -46.57956777784382 ], [ 169.446919111359222, -46.579848948294149 ], [ 169.446166603252436, -46.580175875621919 ], [ 169.445413178247151, -46.580500807960824 ], [ 169.444680678803024, -46.580850479099823 ], [ 169.443859292609346, -46.581142284908687 ], [ 169.443216265763937, -46.581566175516727 ] ] } },
{ "type": "Feature", "properties": { "group_id": "nzd0548" }, "geometry": { "type": "LineString", "coordinates": [ [ 168.806343486245737, -46.590813718153569 ], [ 168.806373541701731, -46.590192890197116 ], [ 168.806073742562063, -46.589486564106444 ], [ 168.805697228354688, -46.588836003549069 ], [ 168.805187416277789, -46.588279564804964 ], [ 168.804581583478381, -46.587759255754193 ], [ 168.803910220718137, -46.587325525227143 ], [ 168.803224231887754, -46.586892099607674 ], [ 168.80242361000424, -46.586562703281992 ] ] } },
{ "type": "Feature", "properties": { "group_id": "nzd0549" }, "geometry": { "type": "LineString", "coordinates": [ [ 168.623389573444797, -46.579036434908659 ], [ 168.622530525502668, -46.579216343627593 ], [ 168.621669708868438, -46.579391794904701 ], [ 168.620804311527479, -46.579555702845376 ], [ 168.619938624340534, -46.579718878642417 ], [ 168.619085389218668, -46.579913430232239 ], [ 168.618237032957779, -46.580120276093865 ], [ 168.617368539065211, -46.580276375540237 ], [ 168.616501199085235, -46.580435380716551 ], [ 168.615645097095438, -46.580622705176715 ], [ 168.614774353138614, -46.580773128276675 ], [ 168.613939183657095, -46.581018782367991 ], [ 168.613095423804765, -46.581240880248259 ], [ 168.612259962705423, -46.581475640748245 ], [ 168.611387725494666, -46.581624492509441 ], [ 168.610527759728114, -46.581801367204804 ], [ 168.609657975328219, -46.581955815106518 ], [ 168.608813918554546, -46.582169021105273 ], [ 168.607974430406983, -46.582392661777298 ], [ 168.607128399866411, -46.582601359477273 ], [ 168.606280592753251, -46.582805998894564 ], [ 168.605426949505187, -46.582997306969801 ], [ 168.604567384881193, -46.583175088032796 ], [ 168.603722972337181, -46.583387479012671 ], [ 168.602869204822525, -46.583578499828441 ], [ 168.602042436775236, -46.583831196941702 ], [ 168.601204504208226, -46.584058390940918 ], [ 168.600355018666193, -46.584259192661577 ], [ 168.599504616677535, -46.584457899971348 ], [ 168.598651989830358, -46.584651523511269 ], [ 168.59779858025783, -46.584845902267872 ], [ 168.596948800134982, -46.585049223492817 ], [ 168.596096711859644, -46.585244844725516 ], [ 168.595256293942128, -46.585464200578407 ], [ 168.594412037439753, -46.585675269307956 ], [ 168.593589912480098, -46.585934115756523 ], [ 168.592745523960332, -46.586144898993311 ], [ 168.591898982103885, -46.586351032534601 ], [ 168.591050491662543, -46.586552958125658 ], [ 168.590213837378968, -46.586780437173331 ], [ 168.589376702831373, -46.587006879241009 ], [ 168.588533164597152, -46.587219494859937 ], [ 168.587686600093974, -46.587423921638504 ], [ 168.586837516018392, -46.587622801729943 ], [ 168.585986529335202, -46.587819505881789 ], [ 168.585135842261792, -46.588017644002868 ], [ 168.584276596977929, -46.588196131809333 ], [ 168.583425933335263, -46.588394321610828 ], [ 168.582582280895792, -46.58860860895085 ], [ 168.581732935906956, -46.588809825313469 ], [ 168.580876094394057, -46.588993827479094 ], [ 168.580030078802963, -46.5892026872245 ], [ 168.579189203536259, -46.589423350422919 ], [ 168.578349799124709, -46.589647391469029 ], [ 168.577502762994186, -46.589853907318535 ], [ 168.576664309603842, -46.59008013273003 ], [ 168.575815036503485, -46.590281510942276 ], [ 168.574976755798133, -46.590508133348322 ], [ 168.574132570921165, -46.590721196580049 ], [ 168.573280145422444, -46.590915333602425 ], [ 168.572441270572938, -46.59114059188726 ], [ 168.571611480067361, -46.591386715426168 ], [ 168.570764823962833, -46.59158420281166 ], [ 168.569942481386477, -46.59182447053653 ], [ 168.569109402750229, -46.592053297654751 ], [ 168.568285412156655, -46.592299451699652 ], [ 168.567449564792383, -46.592524373451369 ], [ 168.566629433430563, -46.592777435754229 ], [ 168.565786323425073, -46.592989349195037 ], [ 168.564963651090324, -46.593237859026104 ], [ 168.564132045528595, -46.593470370537531 ], [ 168.563304881916537, -46.593710835232741 ], [ 168.562477553989538, -46.593951004459619 ], [ 168.561646062220291, -46.594183715567745 ], [ 168.560809858251332, -46.59440798610003 ], [ 168.55998041863279, -46.594644568742325 ], [ 168.559153479547177, -46.594885638532496 ], [ 168.55833498181866, -46.595140663747102 ], [ 168.55751483369491, -46.595392489222967 ], [ 168.556680659572777, -46.595620271313585 ], [ 168.555847102548626, -46.595849109200344 ], [ 168.555020520338218, -46.596089901191228 ], [ 168.554188147008034, -46.596320764454788 ], [ 168.553374714849809, -46.596584095457118 ], [ 168.552558017567549, -46.596841861971114 ], [ 168.551740215841733, -46.597099346361951 ], [ 168.550926693645721, -46.597362957995379 ], [ 168.55011074431269, -46.597620983628204 ], [ 168.549309660068872, -46.597903512460562 ], [ 168.548488592756001, -46.59815309896441 ], [ 168.547672369083529, -46.59841066869636 ], [ 168.546865833348647, -46.598684208039877 ], [ 168.546063390615586, -46.598964494131216 ], [ 168.545248789421294, -46.599224735327553 ], [ 168.544440754446072, -46.599495800448523 ], [ 168.543630827387659, -46.599763645312329 ], [ 168.542814172200991, -46.60002027435393 ], [ 168.541989375344315, -46.60026390751338 ], [ 168.541171968738638, -46.600520651181874 ], [ 168.540354865432107, -46.600777918451818 ], [ 168.539537592464455, -46.601034891366083 ], [ 168.538710233874212, -46.601274419996983 ], [ 168.537869811678632, -46.601491352851582 ], [ 168.537044613489741, -46.601734614644677 ], [ 168.536220876209654, -46.601980401852174 ], [ 168.535376141300333, -46.602189869257934 ], [ 168.534523647848175, -46.602382476669071 ], [ 168.533703948803634, -46.602623192249716 ], [ 168.532870678879561, -46.602845223894548 ], [ 168.532022179828886, -46.60304649036874 ], [ 168.531191782157521, -46.603284732708794 ], [ 168.530351952883905, -46.603503707637053 ], [ 168.529503662000963, -46.603705395540537 ], [ 168.528670338067087, -46.603937658211017 ], [ 168.527835365613328, -46.604166552628733 ], [ 168.526991420909127, -46.604377116117618 ], [ 168.526146421310244, -46.604585523124847 ], [ 168.525298531242782, -46.604788023253853 ], [ 168.52445775268697, -46.604982709491949 ], [ 168.523617378342465, -46.605179320730372 ], [ 168.522777269716897, -46.605407039953455 ], [ 168.52192294249727, -46.60560045053569 ], [ 168.521058910774855, -46.605768108683719 ], [ 168.520205435908991, -46.605963781027903 ], [ 168.519338769729615, -46.606124446197938 ], [ 168.518473673205904, -46.606289275515486 ], [ 168.517615127638209, -46.606471489645692 ], [ 168.516763729335025, -46.606671976743051 ], [ 168.515907190773419, -46.606834619413824 ], [ 168.515040494835404, -46.606975112894673 ], [ 168.514169365427676, -46.607133210770634 ], [ 168.513294604629749, -46.607276903922624 ], [ 168.512400831767394, -46.607345167559529 ], [ 168.511531403439278, -46.607510016895461 ], [ 168.510638349655551, -46.607581126645726 ], [ 168.509771436984607, -46.607755959729616 ], [ 168.508895969601269, -46.607891502904714 ], [ 168.508017850535623, -46.608010080935479 ], [ 168.507133561505299, -46.608109508565768 ], [ 168.506257907195646, -46.60826135820826 ], [ 168.505363179825594, -46.608318054353262 ], [ 168.504490609763764, -46.608485296572937 ], [ 168.503601036422964, -46.608567704019947 ], [ 168.502719023816638, -46.608687836204425 ], [ 168.501838305043492, -46.608814562360486 ], [ 168.500946871403016, -46.608890563751721 ], [ 168.500063151436876, -46.609003498821878 ], [ 168.499188570826846, -46.609157176866319 ], [ 168.498302814345521, -46.609257864046448 ], [ 168.497420607620427, -46.609322258431185 ], [ 168.49654162762036, -46.609412406998551 ], [ 168.495644543108938, -46.609487326042874 ], [ 168.494746319766421, -46.609509475683737 ], [ 168.49384801509396, -46.609535298694503 ], [ 168.492950198611339, -46.609539026504208 ], [ 168.492052069077346, -46.609556919678916 ], [ 168.491154874584566, -46.609556047071258 ], [ 168.490263377890813, -46.609477475627891 ], [ 168.489367010032595, -46.609455163006288 ], [ 168.488470210112837, -46.609426863276624 ], [ 168.487572903008896, -46.609404193317395 ], [ 168.486674819009096, -46.60939014253519 ], [ 168.485777942442667, -46.609362701095847 ], [ 168.48487606143749, -46.609390756164373 ], [ 168.48397690407802, -46.60938860250684 ], [ 168.483078532135011, -46.609377738750254 ], [ 168.482181962038538, -46.609370493004732 ], [ 168.481278013706287, -46.609398650153075 ], [ 168.480389061301423, -46.609311363415642 ], [ 168.479487921309612, -46.609298523361872 ], [ 168.478579762747216, -46.609328782823475 ], [ 168.477678621513775, -46.609315938380121 ], [ 168.476773955605609, -46.609324732871492 ], [ 168.475877865552206, -46.60928086313502 ], [ 168.47498872287332, -46.609194338507962 ], [ 168.474109440148055, -46.609047286410771 ], [ 168.473216900919539, -46.608985328979685 ], [ 168.472330678067323, -46.608894715308537 ], [ 168.471429792705493, -46.608856501761174 ], [ 168.470538299265826, -46.608778806994714 ], [ 168.469645285801874, -46.608707071428803 ], [ 168.468767265337448, -46.60857655222982 ], [ 168.467869016537577, -46.608525342197723 ], [ 168.466984612849473, -46.608419851935921 ], [ 168.466091994711945, -46.608346565454916 ], [ 168.465202746342101, -46.608261466553827 ], [ 168.464315055455955, -46.608166755031171 ], [ 168.463420426026971, -46.608085163888092 ], [ 168.462547991849164, -46.607940057492193 ], [ 168.461647250941184, -46.607875902682544 ], [ 168.460782726726535, -46.607708176441754 ], [ 168.459893570139485, -46.60761089103714 ], [ 168.459014450769502, -46.607484902594358 ], [ 168.458138268508634, -46.607350515838078 ], [ 168.457260893238669, -46.60721954084611 ] ] } },
{ "type": "Feature", "properties": { "group_id": "nzd0550" }, "geometry": { "type": "LineString", "coordinates": [ [ 168.821185761921214, -46.600686782418556 ], [ 168.820448453054013, -46.600333530535806 ], [ 168.819630169510191, -46.600069184408255 ], [ 168.818795828296743, -46.599822466070599 ], [ 168.818026457741183, -46.599504411320822 ], [ 168.817285256384054, -46.599155427282959 ], [ 168.816542142953324, -46.598808541419963 ], [ 168.815928699284854, -46.59831928805125 ], [ 168.815206577178799, -46.597949354261829 ], [ 168.814412876183411, -46.597658006317161 ], [ 168.813557841086833, -46.597433994337756 ], [ 168.812806879809557, -46.597095718592378 ], [ 168.811999679341881, -46.596819184862994 ], [ 168.81119093672541, -46.596544341820298 ], [ 168.810338183517842, -46.596317813138214 ], [ 168.809516821573197, -46.596056818674512 ] ] } },
{ "type": "Feature", "properties": { "group_id": "nzd0551" }, "geometry": { "type": "LineString", "coordinates": [ [ 168.456782213938908, -46.607173728737166 ], [ 168.455892391666197, -46.607096059943608 ], [ 168.454999834052813, -46.607030665980922 ], [ 168.454097801128967, -46.607022812181093 ], [ 168.453205195242816, -46.606957565512971 ], [ 168.45229715199693, -46.606986351644132 ], [ 168.451409082842446, -46.606897724947864 ], [ 168.450507634606737, -46.606903055267708 ], [ 168.44961432192207, -46.606834448302273 ], [ 168.448709760015703, -46.606844387433355 ], [ 168.447808590622799, -46.606833419747616 ], [ 168.446918416989348, -46.606805321700499 ], [ 168.446023142231496, -46.606842412018679 ], [ 168.445122066119609, -46.606794717201929 ], [ 168.444213582224137, -46.606816648775627 ], [ 168.443329326973839, -46.60675445316862 ], [ 168.44244503865346, -46.606762885709884 ], [ 168.441546462308565, -46.606785244486524 ], [ 168.440647486038301, -46.606788784839686 ], [ 168.439748601315188, -46.606864115103946 ], [ 168.438851514412136, -46.606827922020479 ], [ 168.437959485363052, -46.606932896136975 ], [ 168.437074869577174, -46.606966277616479 ], [ 168.436177024586726, -46.606979467396485 ], [ 168.435276395712378, -46.606996771204749 ], [ 168.43437828954373, -46.606978192511342 ], [ 168.433480294626065, -46.60699636953386 ], [ 168.432585022986103, -46.606957607945731 ], [ 168.431696308131507, -46.606868433037164 ], [ 168.430823617864633, -46.606734534207433 ], [ 168.429980412837523, -46.606512629599052 ], [ 168.429115059966279, -46.606376883115786 ], [ 168.428344397893142, -46.606116400289352 ], [ 168.42756744022239, -46.605878036057511 ], [ 168.426767378833404, -46.605609489542083 ], [ 168.425962213513259, -46.605353782084364 ], [ 168.425201351428768, -46.605077844616019 ], [ 168.424397986988424, -46.604819335328322 ], [ 168.4235955441074, -46.604568902744298 ], [ 168.42285015595894, -46.604342335793376 ], [ 168.422099072461151, -46.604077963348736 ], [ 168.421357009052912, -46.603757761826635 ], [ 168.420629098279278, -46.603406153402162 ], [ 168.419930591795918, -46.603025171973904 ], [ 168.419267096356919, -46.602625403779037 ], [ 168.418573651750819, -46.602187837731286 ], [ 168.417872960027324, -46.601779479334233 ], [ 168.417162448732626, -46.601410564490045 ], [ 168.416330359489564, -46.601116409608849 ], [ 168.415510856772727, -46.600818158521406 ], [ 168.414645523803131, -46.600567307795338 ], [ 168.413811879555311, -46.600305251815939 ], [ 168.412953078116857, -46.600080171305528 ], [ 168.412133168031289, -46.599816157948915 ], [ 168.411299662926893, -46.599576444939345 ], [ 168.41050906561432, -46.599281854318264 ], [ 168.409695066644815, -46.599012967844963 ], [ 168.408918868586511, -46.598701401712404 ], [ 168.408105908038294, -46.598418740042916 ], [ 168.407284980390443, -46.598137796493589 ], [ 168.406454991488943, -46.597892170364901 ], [ 168.405622154319389, -46.597651811018146 ], [ 168.404752786804153, -46.59745819958102 ], [ 168.403862438507218, -46.597308375717624 ], [ 168.402978284603336, -46.597153495501402 ], [ 168.402088387453716, -46.596987184299834 ], [ 168.401203095867288, -46.596834164754625 ], [ 168.400362169081802, -46.596653490487974 ], [ 168.399499096259518, -46.596482660732612 ], [ 168.398639124319146, -46.596259494972045 ], [ 168.397762727889301, -46.596132146843338 ], [ 168.396892122428824, -46.596010822760284 ], [ 168.396013411312168, -46.595865693880455 ], [ 168.395099690706729, -46.595791156352533 ], [ 168.394225965983736, -46.595635355894508 ], [ 168.393341861098548, -46.595514523948744 ], [ 168.392476115256557, -46.595378692761038 ], [ 168.391589352232984, -46.59528100847767 ], [ 168.390699412394497, -46.595162594554637 ], [ 168.389816314390288, -46.595036334475402 ], [ 168.388956666113074, -46.594894763838198 ], [ 168.388062534706336, -46.594869759339183 ], [ 168.387193177487092, -46.594662006883269 ], [ 168.386252633266764, -46.594693873379171 ], [ 168.385339531694228, -46.594754792490015 ], [ 168.384435510397026, -46.594764406009908 ], [ 168.383537315984341, -46.594826067245329 ], [ 168.382650647661649, -46.594893127809968 ], [ 168.381762944433774, -46.594988188479938 ], [ 168.380867148614897, -46.595028921271044 ], [ 168.379974539811855, -46.595091830119934 ], [ 168.379074105565735, -46.595186435334647 ], [ 168.37817924576558, -46.59530182438219 ], [ 168.377324839178414, -46.595524800450391 ], [ 168.376457281596544, -46.59570080249128 ], [ 168.375618161215101, -46.595934458758229 ], [ 168.374787594129799, -46.596201116789672 ], [ 168.373983372490301, -46.596511906732331 ], [ 168.373227914014734, -46.59687497251516 ], [ 168.372536915525984, -46.597269058575137 ], [ 168.371903446772308, -46.597710540833795 ], [ 168.371265376288022, -46.598155831326125 ], [ 168.370721129774722, -46.598644383857582 ], [ 168.37024817330223, -46.599170232357388 ], [ 168.369853683867063, -46.599721977115976 ] ] } },
{ "type": "Feature", "properties": { "group_id": "nzd0553" }, "geometry": { "type": "LineString", "coordinates": [ [ 168.832047943864978, -46.613491703043763 ], [ 168.832278075126311, -46.612884301388128 ], [ 168.832444306065071, -46.612209272784746 ], [ 168.832587724592258, -46.611551798844673 ], [ 168.832600602380666, -46.610925560902139 ], [ 168.832415654013943, -46.61027330240352 ], [ 168.832126066063978, -46.609647481035609 ], [ 168.831855445662598, -46.609042918003453 ], [ 168.831484273395375, -46.608481154468556 ] ] } },
{ "type": "Feature", "properties": { "group_id": "nzd0554" }, "geometry": { "type": "LineString", "coordinates": [ [ 169.379226538705268, -46.60783403879752 ], [ 169.378371486375443, -46.608022283929898 ], [ 169.377556042576884, -46.608298245170232 ], [ 169.376653836519182, -46.608382059986063 ], [ 169.375823464284252, -46.608624960033403 ], [ 169.375018145797583, -46.608923349179818 ] ] } },
{ "type": "Feature", "properties": { "group_id": "nzd0556" }, "geometry": { "type": "LineString", "coordinates": [ [ 169.268557882266975, -46.624564922391798 ], [ 169.267844710989863, -46.624945734680388 ], [ 169.267067165571405, -46.62528111948815 ], [ 169.266407061678649, -46.625699368154791 ], [ 169.265609448910766, -46.626020583719914 ], [ 169.264925124330716, -46.62642173342897 ], [ 169.264201299692104, -46.626795006598627 ], [ 169.263524813371731, -46.627201679028623 ], [ 169.262951975404519, -46.627681485734932 ], [ 169.262414957316309, -46.628186564797872 ], [ 169.26196139916226, -46.628750532736476 ], [ 169.261499623440557, -46.629308698453173 ], [ 169.260917723570969, -46.629782097055887 ] ] } },
{ "type": "Feature", "properties": { "group_id": "nzd0557" }, "geometry": { "type": "LineString", "coordinates": [ [ 169.130754792332709, -46.641009853979519 ], [ 169.129925952047046, -46.641262355521391 ], [ 169.129038707047869, -46.641373673690538 ], [ 169.128152181565696, -46.641486726457551 ], [ 169.127256488571561, -46.641577611952762 ], [ 169.12640199035684, -46.64176808311759 ], [ 169.125522645277982, -46.641898482982903 ], [ 169.124653450970726, -46.642053420694495 ], [ 169.123795718900936, -46.642236069025202 ], [ 169.122925521036734, -46.642388576217719 ], [ 169.122025793631195, -46.642469681431869 ], [ 169.121146925131029, -46.642601216329219 ], [ 169.120241406610063, -46.642668306820525 ], [ 169.119387416389571, -46.642859990854134 ], [ 169.118585353823761, -46.64317724356448 ], [ 169.117785971562228, -46.643500983060484 ], [ 169.1168739467455, -46.643746865576723 ], [ 169.115841745863321, -46.643976103951623 ], [ 169.114875411373134, -46.644228373299534 ], [ 169.114093356429748, -46.644533257831334 ], [ 169.113264658919462, -46.644788822672972 ], [ 169.112534759516024, -46.645148846367114 ], [ 169.111795621533787, -46.645499099477767 ], [ 169.111114535462889, -46.645910731597851 ], [ 169.11044201295357, -46.646331416940775 ], [ 169.109700928191103, -46.646679605570753 ], [ 169.109036621113432, -46.647108974448841 ], [ 169.108200122906112, -46.647530821846708 ], [ 169.107356966525771, -46.648122515292236 ], [ 169.106610642916849, -46.648677701577178 ], [ 169.106036539323583, -46.649158572383854 ], [ 169.105334526111506, -46.649585112450396 ], [ 169.105075820101604, -46.650199926438127 ], [ 169.104646446973049, -46.650742250161969 ], [ 169.104261119370364, -46.651347742703429 ], [ 169.10378687906325, -46.652119950869647 ], [ 169.103093302877994, -46.652845031843867 ], [ 169.102815686510155, -46.653436258681616 ], [ 169.102627094107362, -46.654038961409903 ], [ 169.102564460814705, -46.654657904164118 ], [ 169.102481968173919, -46.655274278418382 ], [ 169.102383918148604, -46.655949916234576 ], [ 169.10225561923329, -46.656696323408454 ], [ 169.102363070492856, -46.657390359148373 ], [ 169.102529163429722, -46.658007953008841 ], [ 169.102754503374854, -46.658626019081439 ], [ 169.103032145364409, -46.659396172936013 ], [ 169.103560637224348, -46.660335778157616 ], [ 169.104431579992166, -46.660959210402325 ], [ 169.105277743838826, -46.661259595272533 ] ] } },
{ "type": "Feature", "properties": { "group_id": "nzd0558" }, "geometry": { "type": "LineString", "coordinates": [ [ 168.845661190359635, -46.655271799661882 ], [ 168.84597133620764, -46.654692435778315 ], [ 168.845990694487284, -46.654017309768982 ], [ 168.845966302929668, -46.65336300313529 ], [ 168.845808400885915, -46.65273397033959 ], [ 168.845579466520405, -46.652103619028587 ], [ 168.845218589157099, -46.651483685732209 ], [ 168.84468295807153, -46.650959248222215 ], [ 168.844132467648336, -46.650468966497726 ], [ 168.843568341016834, -46.649956851859933 ], [ 168.842939019194688, -46.649466795648301 ], [ 168.842262584120419, -46.649028434536817 ], [ 168.841526680846158, -46.648590914337689 ], [ 168.840722129486153, -46.648205658102356 ], [ 168.839949663509231, -46.647887695082851 ], [ 168.839136132837183, -46.64760951008158 ], [ 168.838317329507902, -46.647338882439655 ], [ 168.837479210314228, -46.647114487153296 ], [ 168.836684303952779, -46.646826436800829 ], [ 168.836059420692322, -46.646615478591038 ], [ 168.835636411699198, -46.646396077680812 ], [ 168.835156560437582, -46.645878051222091 ], [ 168.834474706620711, -46.645354149045076 ], [ 168.833710009333345, -46.644950528460235 ], [ 168.832862584143868, -46.64457989926175 ], [ 168.832000599121159, -46.644275371621561 ], [ 168.831256736882892, -46.643924477720603 ] ] } },
{ "type": "Feature", "properties": { "group_id": "nzd0559" }, "geometry": { "type": "LineString", "coordinates": [ [ 168.946493713951014, -46.658245186900515 ], [ 168.945558067473456, -46.658300805910883 ], [ 168.944710048011387, -46.658076412026034 ], [ 168.94379175928259, -46.658076554734791 ], [ 168.942880359587292, -46.658054677771098 ], [ 168.941969518533369, -46.658031009349195 ], [ 168.941093561225131, -46.657895884684415 ], [ 168.94019972546721, -46.657773592348001 ], [ 168.93928136916216, -46.657737226141165 ], [ 168.938371069746722, -46.657729458977805 ], [ 168.937465723051673, -46.65771417704962 ], [ 168.936575309387422, -46.657633893577731 ], [ 168.935721450776214, -46.657394512847496 ], [ 168.934829125628056, -46.657230787955001 ], [ 168.933909122782296, -46.657205233777375 ], [ 168.932982972543357, -46.6573671323616 ], [ 168.932056564125958, -46.65753445284129 ], [ 168.931139227136555, -46.657639092585036 ], [ 168.93023195264729, -46.657674223835876 ], [ 168.929346783861661, -46.65755670740694 ], [ 168.928468237177952, -46.657393481719026 ], [ 168.927583552981616, -46.657272647009087 ], [ 168.92668280720406, -46.657262702483251 ], [ 168.925776560200489, -46.657290726712098 ], [ 168.924866010159576, -46.657348440374733 ], [ 168.923961433252003, -46.657364684294819 ], [ 168.865758399933014, -46.657978030386062 ], [ 168.864914657437225, -46.658200270227454 ], [ 168.864087353841853, -46.658466545200234 ], [ 168.863230829887726, -46.658591306188683 ], [ 168.862494137817464, -46.65888318718568 ], [ 168.861675314692633, -46.659046523407632 ], [ 168.860790397137464, -46.65918114931074 ], [ 168.859911409045566, -46.65936674971222 ], [ 168.859025769298228, -46.659495197045416 ], [ 168.858132376915052, -46.659557010399034 ], [ 168.857238024203895, -46.659610565614571 ], [ 168.856356057733137, -46.659770615351384 ], [ 168.855487858425647, -46.65999925268143 ], [ 168.854599389494211, -46.659457448967345 ], [ 168.853703902818211, -46.659440582349845 ], [ 168.852805459749504, -46.65952076290116 ], [ 168.851903467096434, -46.660006595252995 ] ] } },
{ "type": "Feature", "properties": { "group_id": "nzd0560" }, "geometry": { "type": "LineString", "coordinates": [ [ 169.056287734951269, -46.665458523035134 ], [ 169.055669809937285, -46.665010187921773 ], [ 169.054934701590469, -46.664629762061423 ], [ 169.054571174778459, -46.66403398340865 ], [ 169.053972566454576, -46.663552510019841 ], [ 169.053318677586589, -46.663047946760933 ], [ 169.052422433791577, -46.662770402806395 ], [ 169.05195292993298, -46.662163479248342 ], [ 169.05117045350903, -46.661854781047182 ], [ 169.050399381261997, -46.661535213416762 ], [ 169.049456352858186, -46.661298876343047 ], [ 169.048589118838663, -46.660967474629409 ], [ 169.04763330154276, -46.66090304303642 ], [ 169.046716209045599, -46.660823922989678 ], [ 169.045848563485606, -46.660656017099996 ], [ 169.044946690538978, -46.66053175937035 ], [ 169.044042537438258, -46.660355665205614 ], [ 169.043097782453913, -46.660304949984251 ], [ 169.042203783548928, -46.660388947624426 ], [ 169.041303962809536, -46.660360477004502 ], [ 169.040408662691419, -46.660419338946639 ], [ 169.039508424479806, -46.660382754673954 ], [ 169.038589772120702, -46.660406270147007 ], [ 169.037670748373415, -46.660482949435988 ], [ 169.036790673460928, -46.660651388999725 ], [ 169.035922399913034, -46.660842895343841 ], [ 169.035051395559066, -46.661020509733305 ], [ 169.034155992909007, -46.661141673281811 ], [ 169.033248050352341, -46.661241214745509 ], [ 169.032365384370934, -46.661382128365808 ], [ 169.031524729733263, -46.661604769970744 ], [ 169.030711391143342, -46.661892003870328 ] ] } },
{ "type": "Feature", "properties": { "group_id": "nzd0561" }, "geometry": { "type": "LineString", "coordinates": [ [ 168.530325282552525, -46.777184154503445 ], [ 168.529295616195952, -46.776369296860913 ], [ 168.528394783654221, -46.776538014726121 ], [ 168.527505214962275, -46.77677881893942 ], [ 168.5266532881773, -46.77708641569609 ], [ 168.525875822106201, -46.777449658538231 ], [ 168.525181536166485, -46.777877548084348 ], [ 168.524505116907903, -46.778327512166598 ], [ 168.523899677461884, -46.778824080385391 ], [ 168.523464142721622, -46.779376915859466 ] ] } },
{ "type": "Feature", "properties": { "group_id": "nzd0562" }, "geometry": { "type": "LineString", "coordinates": [ [ 174.921608458546615, -36.878640242385877 ], [ 174.920746476048549, -36.878440738906278 ], [ 174.920015134458055, -36.878096839095882 ], [ 174.919364560632204, -36.877595144163251 ], [ 174.918642290834782, -36.877102162307494 ], [ 174.917982453422752, -36.876562567633556 ], [ 174.917336324048421, -36.876012740904187 ], [ 174.916719100665574, -36.87544133494449 ], [ 174.916115015732146, -36.87486715766579 ], [ 174.915415148816834, -36.874173172070165 ], [ 174.914729349435248, -36.873464969398107 ], [ 174.914109344011905, -36.872719701028522 ], [ 174.913470252654577, -36.871984516929842 ], [ 174.912960769142813, -36.871347769288704 ], [ 174.912485709985873, -36.870696641525626 ], [ 174.912028717712758, -36.870037638899852 ], [ 174.911671170066086, -36.8693349523842 ], [ 174.91125676612694, -36.868728539222367 ], [ 174.91088787097118, -36.868104264239832 ] ] } },
{ "type": "Feature", "properties": { "group_id": "nzd0563" }, "geometry": { "type": "LineString", "coordinates": [ [ 176.937656275356773, -39.336012094706746 ], [ 176.937042190781625, -39.337939434323829 ], [ 176.935673972386979, -39.336538296701242 ] ] } },
{ "type": "Feature", "properties": { "group_id": "nzd0564" }, "geometry": { "type": "LineString", "coordinates": [ [ 173.324013512827293, -41.202132251590683 ], [ 173.324803667608847, -41.20172830101756 ], [ 173.325620488953405, -41.201353740792371 ], [ 173.326379232715084, -41.200944100245202 ], [ 173.327131395610621, -41.200500716126292 ], [ 173.327900575000513, -41.200073629608056 ], [ 173.328685716563598, -41.199640389216206 ], [ 173.329434200576117, -41.199190423243998 ], [ 173.330156001500455, -41.198710816392797 ], [ 173.330966027592893, -41.198299284603252 ], [ 173.331780436825881, -41.197923884553575 ], [ 173.332620805280357, -41.197631521161767 ], [ 173.333393942439784, -41.197209015164681 ], [ 173.334212418789406, -41.196831560181266 ], [ 173.335116767063568, -41.196453842951492 ], [ 173.336012451251065, -41.196205256709831 ], [ 173.336938993051405, -41.196026070152357 ], [ 173.337840560188226, -41.195802263244772 ], [ 173.338743640112114, -41.195569230301317 ], [ 173.3396089794891, -41.195332552084068 ], [ 173.34047607582653, -41.195030504690166 ], [ 173.341339620267746, -41.194723715548463 ], [ 173.342168984178443, -41.194365440253598 ], [ 173.34295915703018, -41.193995451664421 ], [ 173.343779608190971, -41.193627146526865 ], [ 173.344581721412794, -41.19323694263818 ], [ 173.345324682896745, -41.192817262798393 ], [ 173.346080341673002, -41.192377153629501 ], [ 173.346842289443543, -41.191942634813394 ], [ 173.347612018889834, -41.191501690374139 ], [ 173.34834200918155, -41.191031500751535 ], [ 173.349136502419896, -41.190632216293196 ], [ 173.349938100191054, -41.190240746608566 ], [ 173.350732162151502, -41.189841527847221 ], [ 173.351516253285865, -41.189431039176718 ], [ 173.352347130665237, -41.189044860945629 ], [ 173.35317291907694, -41.188683735184007 ], [ 173.353996629119052, -41.188319397673297 ], [ 173.354815125062942, -41.187967180725899 ], [ 173.355647041795606, -41.187613677169111 ], [ 173.356478321688769, -41.187259794074436 ], [ 173.357308650512181, -41.186904667070486 ], [ 173.358144490258553, -41.186544029818634 ], [ 173.358966130650316, -41.186176883043743 ], [ 173.359772269770133, -41.185788146794387 ], [ 173.360560166728021, -41.185448407004444 ], [ 173.36137768984949, -41.185070113164834 ], [ 173.362136449095146, -41.184633384934209 ], [ 173.362845446533669, -41.18417139977074 ], [ 173.36359054453419, -41.18371964120503 ], [ 173.36433306306742, -41.183265557799601 ] ] } },
{ "type": "Feature", "properties": { "group_id": "nzd0565" }, "geometry": { "type": "LineString", "coordinates": [ [ 173.018301906509805, -41.019442491619806 ], [ 173.018303004966185, -41.018720041162823 ], [ 173.018678664169954, -41.018029769556733 ] ] } },
{ "type": "Feature", "properties": { "group_id": "nzd0566" }, "geometry": { "type": "LineString", "coordinates": [ [ 173.47972482888656, -41.15691396051605 ], [ 173.478795671730865, -41.157081892843848 ], [ 173.477865808385587, -41.157246764873797 ], [ 173.476937576560033, -41.15740617002831 ], [ 173.476001634724611, -41.157547178455275 ], [ 173.475071360277781, -41.157698335813031 ], [ 173.474133402470358, -41.157827903316218 ], [ 173.473201097937078, -41.157981449183886 ], [ 173.472264902739994, -41.158118561540867 ], [ 173.47132651472208, -41.158245043065875 ], [ 173.47039183440387, -41.158387282734907 ], [ 173.469449116991825, -41.15850077428869 ] ] } },
{ "type": "Feature", "properties": { "group_id": "nzd0567" }, "geometry": { "type": "LineString", "coordinates": [ [ 173.022647915275627, -41.033257103797816 ], [ 173.021645935800166, -41.0329572262836 ] ] } },
{ "type": "Feature", "properties": { "group_id": "nzd0568" }, "geometry": { "type": "LineString", "coordinates": [ [ 173.019922646078129, -41.026906065143052 ], [ 173.019510386124011, -41.0262559426534 ], [ 173.019091170044959, -41.025610918959444 ], [ 173.01878587721319, -41.025005120499991 ] ] } },
{ "type": "Feature", "properties": { "group_id": "nzd0569" }, "geometry": { "type": "LineString", "coordinates": [ [ 172.761363145007579, -40.78698487435345 ], [ 172.760438399338767, -40.786805623425749 ], [ 172.75954795215813, -40.786557833430521 ], [ 172.758663651067849, -40.78629776790028 ], [ 172.757795220159352, -40.786005996291266 ], [ 172.75700588350827, -40.78567183347927 ], [ 172.756158696399183, -40.785346730629556 ], [ 172.755347603146106, -40.784972935590481 ], [ 172.754516298104079, -40.784625805536251 ], [ 172.7537591291794, -40.784271014184483 ], [ 172.753010997311719, -40.783827203579264 ], [ 172.752289658022818, -40.783359651895594 ], [ 172.751633205545858, -40.782878588380278 ], [ 172.750948534073785, -40.782378728315187 ], [ 172.750326778023549, -40.781833652342449 ], [ 172.749683402767261, -40.78130419425576 ], [ 172.74907259153386, -40.780751463812557 ], [ 172.748460150089073, -40.780214936074323 ], [ 172.74775856787204, -40.779724223009303 ], [ 172.747081017879879, -40.779217445379608 ], [ 172.746492769516152, -40.778650966722786 ], [ 172.745894714239085, -40.778106507114224 ], [ 172.745255539164276, -40.777572063564001 ], [ 172.744626918971278, -40.777031253357485 ], [ 172.744017365394654, -40.776478940294822 ], [ 172.743402121408849, -40.775930063880047 ] ] } },
{ "type": "Feature", "properties": { "group_id": "nzd0570" }, "geometry": { "type": "LineString", "coordinates": [ [ 173.088545996105893, -41.234922863974731 ], [ 173.088006576997287, -41.23432685223753 ], [ 173.087546154931658, -41.233695247045013 ], [ 173.087054317601911, -41.233077532269803 ], [ 173.086558799429554, -41.232471052139324 ], [ 173.086114251707812, -41.231833334380461 ], [ 173.085734581472877, -41.231182113954226 ], [ 173.085365346696648, -41.230517482442494 ], [ 173.085027934054381, -41.229845891417725 ], [ 173.084651980320444, -41.229183559203172 ], [ 173.084251797659221, -41.228528977064528 ], [ 173.083862082320309, -41.227879692879121 ], [ 173.083503938492015, -41.227210816306794 ], [ 173.083224978804679, -41.226533602252275 ], [ 173.083047696586732, -41.225844750582056 ], [ 173.083173054281019, -41.225153003166916 ], [ 173.083663348872079, -41.224534468838101 ], [ 173.083936492460424, -41.223873995782562 ], [ 173.08369894236796, -41.223169127331175 ], [ 173.083425158007174, -41.222481582433382 ], [ 173.083223463763545, -41.221791450660767 ], [ 173.083178420868563, -41.221085374259424 ], [ 173.083315593108551, -41.220379873792787 ], [ 173.083496845561342, -41.219663171329877 ], [ 173.083394573990603, -41.218944783814905 ], [ 173.083394237389342, -41.218226164943623 ], [ 173.083431971228237, -41.217508366870049 ], [ 173.083595802497115, -41.216800801572937 ], [ 173.083720426911611, -41.216088194409444 ], [ 173.084032553242935, -41.215406450269448 ], [ 173.084367413401651, -41.214731118424247 ], [ 173.084713083803933, -41.214059041981557 ], [ 173.085302343032112, -41.213463402687999 ] ] } },
{ "type": "Feature", "properties": { "group_id": "nzd0571" }, "geometry": { "type": "LineString", "coordinates": [ [ 172.875653487115642, -40.833282883203871 ], [ 172.874705168244134, -40.833257578648173 ], [ 172.873747678453924, -40.833283208852095 ], [ 172.872798831578933, -40.833276164295121 ], [ 172.871849994310793, -40.833286926217312 ], [ 172.870928829298606, -40.833222135804739 ], [ 172.869983118638913, -40.833159965650125 ], [ 172.869062966981659, -40.8330860496634 ], [ 172.868119192146025, -40.833007036913152 ], [ 172.867187356753647, -40.832863338447815 ], [ 172.866260402905453, -40.83280720326627 ], [ 172.865351621428886, -40.832582501955599 ], [ 172.864429060453688, -40.832441968368173 ], [ 172.863507888647575, -40.832267756837382 ], [ 172.862573453991445, -40.832138780215907 ], [ 172.861641830570022, -40.831956328616712 ], [ 172.860719581745883, -40.83178187224577 ] ] } },
{ "type": "Feature", "properties": { "group_id": "nzd0572" }, "geometry": { "type": "LineString", "coordinates": [ [ 173.068707901416957, -41.19061869727495 ], [ 173.068204126493782, -41.190006476278811 ], [ 173.067689314560539, -41.18940641561278 ], [ 173.067391860244811, -41.188755458339458 ], [ 173.067066623417077, -41.188089179257005 ], [ 173.06686553135097, -41.18738298176946 ], [ 173.066855350261761, -41.186678167799542 ], [ 173.06648160323806, -41.185983225595578 ], [ 173.066182180662736, -41.185311745088683 ], [ 173.065994397077787, -41.184612283846711 ], [ 173.065896702872578, -41.183833258971347 ], [ 173.065251212838092, -41.183274003178838 ] ] } },
{ "type": "Feature", "properties": { "group_id": "nzd0573" }, "geometry": { "type": "LineString", "coordinates": [ [ 173.064572113546262, -41.182721436265084 ], [ 173.063914477526623, -41.18219743225962 ], [ 173.063329051718142, -41.181627934588391 ], [ 173.062740313795473, -41.181069184463361 ], [ 173.062165439484659, -41.18049404763574 ], [ 173.061618182917272, -41.179910167796834 ], [ 173.061087694021609, -41.179282872302934 ], [ 173.060476133485906, -41.178743165049141 ], [ 173.059850118629157, -41.178198995400017 ], [ 173.059265751924499, -41.177644162575461 ], [ 173.058648729535435, -41.177075992265209 ], [ 173.058009758782561, -41.176518296272292 ], [ 173.057292317796481, -41.17604096558513 ], [ 173.056698845713186, -41.175464703547775 ], [ 173.055984325314682, -41.174974321774812 ], [ 173.055259942983952, -41.174478198734732 ], [ 173.054576366343667, -41.174039674600138 ], [ 173.053933175716651, -41.173499483450833 ], [ 173.053292025665826, -41.173022935162138 ], [ 173.052782159984133, -41.172405068198877 ], [ 173.052384391476011, -41.171785545280549 ], [ 173.051930064403621, -41.171146357206624 ], [ 173.0515151244891, -41.170436829916369 ], [ 173.051442616958468, -41.169545183896467 ], [ 173.050773159691545, -41.169003842116119 ] ] } },
{ "type": "Feature", "properties": { "group_id": "nzd0575" }, "geometry": { "type": "LineString", "coordinates": [ [ 173.187452241033128, -41.276113142702719 ], [ 173.186819104309308, -41.275551692788333 ], [ 173.186035077830127, -41.275138803592966 ], [ 173.185151588794298, -41.274699182965122 ], [ 173.184275933457798, -41.274395025315627 ], [ 173.183260517050883, -41.274260219940388 ], [ 173.182446737981053, -41.273882908695661 ], [ 173.181586782637567, -41.273503220504438 ], [ 173.180720698692909, -41.273197200219208 ], [ 173.179879597750386, -41.272855729273566 ], [ 173.17901041606126, -41.272554145567739 ], [ 173.178180119003088, -41.272197270675356 ], [ 173.177288665397356, -41.271867175734677 ], [ 173.176398132318525, -41.271604858740439 ], [ 173.175520118422895, -41.271321138300351 ], [ 173.174650686660272, -41.271022973611068 ], [ 173.173778832394703, -41.270727628494477 ], [ 173.17290729281325, -41.270437160615117 ], [ 173.171998803955859, -41.270206564745109 ], [ 173.171141428696387, -41.269886848417542 ], [ 173.17024217387123, -41.269640860534814 ], [ 173.169325150136302, -41.269424628914052 ], [ 173.168433980933202, -41.269150019287522 ], [ 173.167545345704184, -41.268886334370542 ], [ 173.166664198989423, -41.268608016441107 ], [ 173.165793992183524, -41.268308683354839 ], [ 173.164870164251596, -41.268111195346194 ], [ 173.163998607819593, -41.267814469232341 ], [ 173.163101543661753, -41.267566594041078 ], [ 173.16216560586696, -41.267391311527653 ], [ 173.161314732767437, -41.267024994951647 ], [ 173.160413495825054, -41.266786100074079 ], [ 173.159517447253165, -41.266536031753802 ], [ 173.158628307476846, -41.266268969805466 ], [ 173.157743188371086, -41.266032373342554 ], [ 173.15684728471004, -41.265782498211557 ], [ 173.15596104868473, -41.265514267335519 ], [ 173.155066734009552, -41.265261309340339 ], [ 173.154194215737618, -41.264981591924617 ], [ 173.153300679449472, -41.264725949241189 ], [ 173.152444335329562, -41.264402289312947 ], [ 173.15154105751148, -41.26416482247766 ], [ 173.150664321620184, -41.263878497963006 ], [ 173.149787830434917, -41.263592481519893 ], [ 173.148918554882158, -41.263297078516246 ], [ 173.148025032676003, -41.263041824611925 ], [ 173.147139865421821, -41.262771241990698 ], [ 173.146263407152844, -41.262484762769596 ], [ 173.145373289792872, -41.262223275337568 ], [ 173.144510456565598, -41.261911733621048 ], [ 173.14363285012567, -41.261634244102574 ], [ 173.142760626688329, -41.26134029651034 ], [ 173.141876747996321, -41.261066460247626 ], [ 173.140997757012855, -41.260785560509035 ], [ 173.140120200069049, -41.260501227460963 ], [ 173.139248861052266, -41.260205717760883 ], [ 173.138356171710342, -41.259952680479728 ], [ 173.137479204637089, -41.259667365848792 ], [ 173.136576347680432, -41.259428014300816 ], [ 173.135716919931269, -41.259111605517056 ], [ 173.134826878876368, -41.258849557772528 ], [ 173.133959893493824, -41.258575191167211 ], [ 173.133074943416545, -41.25830247533942 ], [ 173.132224107860765, -41.257973199316488 ], [ 173.131333416401503, -41.257709881650449 ], [ 173.130558495005914, -41.257349013056455 ], [ 173.129750846395126, -41.256963824299966 ], [ 173.128906670748279, -41.256625473063679 ], [ 173.128125531575506, -41.256206309443712 ], [ 173.127324380615818, -41.255812809495559 ] ] } },
{ "type": "Feature", "properties": { "group_id": "nzd0577" }, "geometry": { "type": "LineString", "coordinates": [ [ 173.020173136587459, -41.042909814840641 ], [ 173.019373915295063, -41.042446761521241 ], [ 173.018931461288048, -41.041857678527435 ], [ 173.018491431396967, -41.04121467539531 ], [ 173.018141160991746, -41.040544621716933 ] ] } }
]
}
